function,workflow,budget,phase,planned,available,reference_kind,reference_value,reference_mcse,point,low,high,interval_status,mean_seconds,cost_low,cost_high,cost_interval_status,plot_point,error_record,cost_record
standard_q1,cpu-mala-quasi_deer,1024,ordinary_workflow,24,24,analytic,0.0,0.0,0.00047187625915710835,0.00029715766863871334,0.0008520463187070678,available,11.69943323334102,11.370173038264737,12.067815862446345,available,True,"{""bca_acceleration"":0.08243796015363632,""bca_adjusted_quantiles"":[0.06141721013889377,0.9944411140051909],""bca_bias_percentile"":0.532953295329533,""bootstrap_expected_tail_counts"":[614.1106841787988,55.58330106209657],""claim_type"":""analytic_mse"",""conditional_squared_discrepancy"":0.00047187625915710835,""confidence_interval"":{""high"":0.0008520463187070678,""low"":0.00029715766863871334},""confidence_level"":0.95,""failed_or_unavailable"":0,""interval_coverage"":""pointwise_conditional_on_supplied_reference"",""interval_method"":""BCa"",""interval_status"":""available"",""minimum_valid_repetitions"":20,""observed_estimate_mean"":-0.0044124235603115345,""planned"":24,""reference_eligible"":true,""reference_kind"":""analytic"",""reference_mcse"":0.0,""reference_shift_is_confidence_interval"":false,""reference_shift_max"":0.00047187625915710835,""reference_shift_min"":0.00047187625915710835,""resampled_valid_count_range"":[24,24],""resampling_plan_sha256"":""a6d11f0b74ce64eb54e72b3a36ed7ad8976b45274324db021b3d94f0e34534ec"",""squared_discrepancy_standard_error"":0.00012537313372464287,""supplied_reference_value"":0.0,""unconditional_squared_discrepancy"":0.00047187625915710835,""undefined_bootstrap_replicates"":0,""valid"":24}","{""available_functions_missing_cost"":0,""conditioning"":""same finite function estimates as conditional error; all such costs must be complete"",""confidence_interval"":{""high"":12.067815862446345,""low"":11.370173038264737},""function_available"":24,""interval_diagnostics"":{""bca_acceleration"":0.010676515435148876,""bca_adjusted_quantiles"":[0.029638106129255597,0.9791722305766138],""bca_bias_percentile"":0.5068506850685068,""bootstrap_expected_tail_counts"":[296.3514231864267,208.25686646443816],""minimum_valid_repetitions"":20,""resampled_valid_count_range"":[24,24],""resampling_plan_sha256"":""a6d11f0b74ce64eb54e72b3a36ed7ad8976b45274324db021b3d94f0e34534ec"",""undefined_bootstrap_replicates"":0},""interval_status"":""available"",""mean_seconds"":11.69943323334102,""output_outcome_counts"":{""infrastructure_interruption"":0,""measurement_available"":0,""not_run"":0,""numerical_failure"":0,""output_failure_unclassified"":0,""resource_failure"":0,""valid"":24},""planned"":24,""plot_error_cost_point"":true,""reference_kind"":""analytic""}"
standard_q1,cpu-mala-quasi_deer,1024,research_execution,24,24,analytic,0.0,0.0,0.00047187625915710835,0.00029715766863871334,0.0008520463187070678,available,14.053298645834198,13.705783806165664,14.445747383226344,available,True,"{""bca_acceleration"":0.08243796015363632,""bca_adjusted_quantiles"":[0.06141721013889377,0.9944411140051909],""bca_bias_percentile"":0.532953295329533,""bootstrap_expected_tail_counts"":[614.1106841787988,55.58330106209657],""claim_type"":""analytic_mse"",""conditional_squared_discrepancy"":0.00047187625915710835,""confidence_interval"":{""high"":0.0008520463187070678,""low"":0.00029715766863871334},""confidence_level"":0.95,""failed_or_unavailable"":0,""interval_coverage"":""pointwise_conditional_on_supplied_reference"",""interval_method"":""BCa"",""interval_status"":""available"",""minimum_valid_repetitions"":20,""observed_estimate_mean"":-0.0044124235603115345,""planned"":24,""reference_eligible"":true,""reference_kind"":""analytic"",""reference_mcse"":0.0,""reference_shift_is_confidence_interval"":false,""reference_shift_max"":0.00047187625915710835,""reference_shift_min"":0.00047187625915710835,""resampled_valid_count_range"":[24,24],""resampling_plan_sha256"":""a6d11f0b74ce64eb54e72b3a36ed7ad8976b45274324db021b3d94f0e34534ec"",""squared_discrepancy_standard_error"":0.00012537313372464287,""supplied_reference_value"":0.0,""unconditional_squared_discrepancy"":0.00047187625915710835,""undefined_bootstrap_replicates"":0,""valid"":24}","{""available_functions_missing_cost"":0,""conditioning"":""same finite function estimates as conditional error; all such costs must be complete"",""confidence_interval"":{""high"":14.445747383226344,""low"":13.705783806165664},""function_available"":24,""interval_diagnostics"":{""bca_acceleration"":0.01138879322722423,""bca_adjusted_quantiles"":[0.0303475257552629,0.979723219211749],""bca_bias_percentile"":0.5084508450845084,""bootstrap_expected_tail_counts"":[303.44491002687374,202.7475311017219],""minimum_valid_repetitions"":20,""resampled_valid_count_range"":[24,24],""resampling_plan_sha256"":""a6d11f0b74ce64eb54e72b3a36ed7ad8976b45274324db021b3d94f0e34534ec"",""undefined_bootstrap_replicates"":0},""interval_status"":""available"",""mean_seconds"":14.053298645834198,""output_outcome_counts"":{""infrastructure_interruption"":0,""measurement_available"":0,""not_run"":0,""numerical_failure"":0,""output_failure_unclassified"":0,""resource_failure"":0,""valid"":24},""planned"":24,""plot_error_cost_point"":true,""reference_kind"":""analytic""}"
standard_q1,cpu-mala-quasi_deer,4096,ordinary_workflow,24,24,analytic,0.0,0.0,0.00019571925465537417,0.00012687060278801992,0.00033261473465633973,available,29.662595254168725,28.605498546013717,30.78595981635375,available,True,"{""bca_acceleration"":0.0755414316432811,""bca_adjusted_quantiles"":[0.059369955605049485,0.9937880431127938],""bca_bias_percentile"":0.5332533253325332,""bootstrap_expected_tail_counts"":[593.6401860948898,62.113356915174954],""claim_type"":""analytic_mse"",""conditional_squared_discrepancy"":0.00019571925465537417,""confidence_interval"":{""high"":0.00033261473465633973,""low"":0.00012687060278801992},""confidence_level"":0.95,""failed_or_unavailable"":0,""interval_coverage"":""pointwise_conditional_on_supplied_reference"",""interval_method"":""BCa"",""interval_status"":""available"",""minimum_valid_repetitions"":20,""observed_estimate_mean"":-0.0008060481204720175,""planned"":24,""reference_eligible"":true,""reference_kind"":""analytic"",""reference_mcse"":0.0,""reference_shift_is_confidence_interval"":false,""reference_shift_max"":0.00019571925465537417,""reference_shift_min"":0.00019571925465537417,""resampled_valid_count_range"":[24,24],""resampling_plan_sha256"":""a6d11f0b74ce64eb54e72b3a36ed7ad8976b45274324db021b3d94f0e34534ec"",""squared_discrepancy_standard_error"":4.865680286047927e-05,""supplied_reference_value"":0.0,""unconditional_squared_discrepancy"":0.00019571925465537417,""undefined_bootstrap_replicates"":0,""valid"":24}","{""available_functions_missing_cost"":0,""conditioning"":""same finite function estimates as conditional error; all such costs must be complete"",""confidence_interval"":{""high"":30.78595981635375,""low"":28.605498546013717},""function_available"":24,""interval_diagnostics"":{""bca_acceleration"":0.007448921688966337,""bca_adjusted_quantiles"":[0.026315356025661516,0.9762962832489034],""bca_bias_percentile"":0.49874987498749873,""bootstrap_expected_tail_counts"":[263.1272449005895,237.01346379421506],""minimum_valid_repetitions"":20,""resampled_valid_count_range"":[24,24],""resampling_plan_sha256"":""a6d11f0b74ce64eb54e72b3a36ed7ad8976b45274324db021b3d94f0e34534ec"",""undefined_bootstrap_replicates"":0},""interval_status"":""available"",""mean_seconds"":29.662595254168725,""output_outcome_counts"":{""infrastructure_interruption"":0,""measurement_available"":0,""not_run"":0,""numerical_failure"":0,""output_failure_unclassified"":0,""resource_failure"":0,""valid"":24},""planned"":24,""plot_error_cost_point"":true,""reference_kind"":""analytic""}"
standard_q1,cpu-mala-quasi_deer,4096,research_execution,24,24,analytic,0.0,0.0,0.00019571925465537417,0.00012687060278801992,0.00033261473465633973,available,32.34749674583107,31.270513832667966,33.48028962982801,available,True,"{""bca_acceleration"":0.0755414316432811,""bca_adjusted_quantiles"":[0.059369955605049485,0.9937880431127938],""bca_bias_percentile"":0.5332533253325332,""bootstrap_expected_tail_counts"":[593.6401860948898,62.113356915174954],""claim_type"":""analytic_mse"",""conditional_squared_discrepancy"":0.00019571925465537417,""confidence_interval"":{""high"":0.00033261473465633973,""low"":0.00012687060278801992},""confidence_level"":0.95,""failed_or_unavailable"":0,""interval_coverage"":""pointwise_conditional_on_supplied_reference"",""interval_method"":""BCa"",""interval_status"":""available"",""minimum_valid_repetitions"":20,""observed_estimate_mean"":-0.0008060481204720175,""planned"":24,""reference_eligible"":true,""reference_kind"":""analytic"",""reference_mcse"":0.0,""reference_shift_is_confidence_interval"":false,""reference_shift_max"":0.00019571925465537417,""reference_shift_min"":0.00019571925465537417,""resampled_valid_count_range"":[24,24],""resampling_plan_sha256"":""a6d11f0b74ce64eb54e72b3a36ed7ad8976b45274324db021b3d94f0e34534ec"",""squared_discrepancy_standard_error"":4.865680286047927e-05,""supplied_reference_value"":0.0,""unconditional_squared_discrepancy"":0.00019571925465537417,""undefined_bootstrap_replicates"":0,""valid"":24}","{""available_functions_missing_cost"":0,""conditioning"":""same finite function estimates as conditional error; all such costs must be complete"",""confidence_interval"":{""high"":33.48028962982801,""low"":31.270513832667966},""function_available"":24,""interval_diagnostics"":{""bca_acceleration"":0.00736104806065922,""bca_adjusted_quantiles"":[0.025757493575613993,0.9757600751040372],""bca_bias_percentile"":0.4969496949694969,""bootstrap_expected_tail_counts"":[257.54917826256434,242.3750090347323],""minimum_valid_repetitions"":20,""resampled_valid_count_range"":[24,24],""resampling_plan_sha256"":""a6d11f0b74ce64eb54e72b3a36ed7ad8976b45274324db021b3d94f0e34534ec"",""undefined_bootstrap_replicates"":0},""interval_status"":""available"",""mean_seconds"":32.34749674583107,""output_outcome_counts"":{""infrastructure_interruption"":0,""measurement_available"":0,""not_run"":0,""numerical_failure"":0,""output_failure_unclassified"":0,""resource_failure"":0,""valid"":24},""planned"":24,""plot_error_cost_point"":true,""reference_kind"":""analytic""}"
standard_q1,cpu-mala-sequential,1024,ordinary_workflow,24,24,analytic,0.0,0.0,0.0004718762591562382,0.00029715766863908533,0.0008520463187041423,available,4.077028329172208,4.065145507353308,4.089680745606165,available,True,"{""bca_acceleration"":0.08243796015311852,""bca_adjusted_quantiles"":[0.06141721013872769,0.9944411140051412],""bca_bias_percentile"":0.532953295329533,""bootstrap_expected_tail_counts"":[614.1106841771382,55.58330106259278],""claim_type"":""analytic_mse"",""conditional_squared_discrepancy"":0.0004718762591562382,""confidence_interval"":{""high"":0.0008520463187041423,""low"":0.00029715766863908533},""confidence_level"":0.95,""failed_or_unavailable"":0,""interval_coverage"":""pointwise_conditional_on_supplied_reference"",""interval_method"":""BCa"",""interval_status"":""available"",""minimum_valid_repetitions"":20,""observed_estimate_mean"":-0.004412423560281877,""planned"":24,""reference_eligible"":true,""reference_kind"":""analytic"",""reference_mcse"":0.0,""reference_shift_is_confidence_interval"":false,""reference_shift_max"":0.0004718762591562382,""reference_shift_min"":0.0004718762591562382,""resampled_valid_count_range"":[24,24],""resampling_plan_sha256"":""a6d11f0b74ce64eb54e72b3a36ed7ad8976b45274324db021b3d94f0e34534ec"",""squared_discrepancy_standard_error"":0.00012537313372451716,""supplied_reference_value"":0.0,""unconditional_squared_discrepancy"":0.0004718762591562382,""undefined_bootstrap_replicates"":0,""valid"":24}","{""available_functions_missing_cost"":0,""conditioning"":""same finite function estimates as conditional error; all such costs must be complete"",""confidence_interval"":{""high"":4.089680745606165,""low"":4.065145507353308},""function_available"":24,""interval_diagnostics"":{""bca_acceleration"":0.0052897872683413194,""bca_adjusted_quantiles"":[0.02827014116253521,0.9780053663574629],""bca_bias_percentile"":0.5066506650665067,""bootstrap_expected_tail_counts"":[282.67314148418956,219.9243417917281],""minimum_valid_repetitions"":20,""resampled_valid_count_range"":[24,24],""resampling_plan_sha256"":""a6d11f0b74ce64eb54e72b3a36ed7ad8976b45274324db021b3d94f0e34534ec"",""undefined_bootstrap_replicates"":0},""interval_status"":""available"",""mean_seconds"":4.077028329172208,""output_outcome_counts"":{""infrastructure_interruption"":0,""measurement_available"":0,""not_run"":0,""numerical_failure"":0,""output_failure_unclassified"":0,""resource_failure"":0,""valid"":24},""planned"":24,""plot_error_cost_point"":true,""reference_kind"":""analytic""}"
standard_q1,cpu-mala-sequential,1024,research_execution,24,24,analytic,0.0,0.0,0.0004718762591562382,0.00029715766863908533,0.0008520463187041423,available,6.423646124993145,6.380768000196984,6.4636012595755234,available,True,"{""bca_acceleration"":0.08243796015311852,""bca_adjusted_quantiles"":[0.06141721013872769,0.9944411140051412],""bca_bias_percentile"":0.532953295329533,""bootstrap_expected_tail_counts"":[614.1106841771382,55.58330106259278],""claim_type"":""analytic_mse"",""conditional_squared_discrepancy"":0.0004718762591562382,""confidence_interval"":{""high"":0.0008520463187041423,""low"":0.00029715766863908533},""confidence_level"":0.95,""failed_or_unavailable"":0,""interval_coverage"":""pointwise_conditional_on_supplied_reference"",""interval_method"":""BCa"",""interval_status"":""available"",""minimum_valid_repetitions"":20,""observed_estimate_mean"":-0.004412423560281877,""planned"":24,""reference_eligible"":true,""reference_kind"":""analytic"",""reference_mcse"":0.0,""reference_shift_is_confidence_interval"":false,""reference_shift_max"":0.0004718762591562382,""reference_shift_min"":0.0004718762591562382,""resampled_valid_count_range"":[24,24],""resampling_plan_sha256"":""a6d11f0b74ce64eb54e72b3a36ed7ad8976b45274324db021b3d94f0e34534ec"",""squared_discrepancy_standard_error"":0.00012537313372451716,""supplied_reference_value"":0.0,""unconditional_squared_discrepancy"":0.0004718762591562382,""undefined_bootstrap_replicates"":0,""valid"":24}","{""available_functions_missing_cost"":0,""conditioning"":""same finite function estimates as conditional error; all such costs must be complete"",""confidence_interval"":{""high"":6.4636012595755234,""low"":6.380768000196984},""function_available"":24,""interval_diagnostics"":{""bca_acceleration"":-0.009487374032019599,""bca_adjusted_quantiles"":[0.02218169465270987,0.9720065331517654],""bca_bias_percentile"":0.4973497349734973,""bootstrap_expected_tail_counts"":[221.794764832446,279.9066750154974],""minimum_valid_repetitions"":20,""resampled_valid_count_range"":[24,24],""resampling_plan_sha256"":""a6d11f0b74ce64eb54e72b3a36ed7ad8976b45274324db021b3d94f0e34534ec"",""undefined_bootstrap_replicates"":0},""interval_status"":""available"",""mean_seconds"":6.423646124993145,""output_outcome_counts"":{""infrastructure_interruption"":0,""measurement_available"":0,""not_run"":0,""numerical_failure"":0,""output_failure_unclassified"":0,""resource_failure"":0,""valid"":24},""planned"":24,""plot_error_cost_point"":true,""reference_kind"":""analytic""}"
standard_q1,cpu-mala-sequential,4096,ordinary_workflow,24,24,analytic,0.0,0.0,0.00019571925465552886,0.00012687060278816865,0.0003326147346577162,available,6.50050814166472,6.469322078023172,6.536137080677416,available,True,"{""bca_acceleration"":0.07554143164321866,""bca_adjusted_quantiles"":[0.059369955605029584,0.9937880431127875],""bca_bias_percentile"":0.5332533253325332,""bootstrap_expected_tail_counts"":[593.6401860946908,62.11335691523823],""claim_type"":""analytic_mse"",""conditional_squared_discrepancy"":0.00019571925465552886,""confidence_interval"":{""high"":0.0003326147346577162,""low"":0.00012687060278816865},""confidence_level"":0.95,""failed_or_unavailable"":0,""interval_coverage"":""pointwise_conditional_on_supplied_reference"",""interval_method"":""BCa"",""interval_status"":""available"",""minimum_valid_repetitions"":20,""observed_estimate_mean"":-0.0008060481204784759,""planned"":24,""reference_eligible"":true,""reference_kind"":""analytic"",""reference_mcse"":0.0,""reference_shift_is_confidence_interval"":false,""reference_shift_max"":0.00019571925465552886,""reference_shift_min"":0.00019571925465552886,""resampled_valid_count_range"":[24,24],""resampling_plan_sha256"":""a6d11f0b74ce64eb54e72b3a36ed7ad8976b45274324db021b3d94f0e34534ec"",""squared_discrepancy_standard_error"":4.865680286069337e-05,""supplied_reference_value"":0.0,""unconditional_squared_discrepancy"":0.00019571925465552886,""undefined_bootstrap_replicates"":0,""valid"":24}","{""available_functions_missing_cost"":0,""conditioning"":""same finite function estimates as conditional error; all such costs must be complete"",""confidence_interval"":{""high"":6.536137080677416,""low"":6.469322078023172},""function_available"":24,""interval_diagnostics"":{""bca_acceleration"":0.021707855528910556,""bca_adjusted_quantiles"":[0.03233877574513816,0.9813492330356696],""bca_bias_percentile"":0.5067506750675067,""bootstrap_expected_tail_counts"":[323.3554186756365,186.48901887634],""minimum_valid_repetitions"":20,""resampled_valid_count_range"":[24,24],""resampling_plan_sha256"":""a6d11f0b74ce64eb54e72b3a36ed7ad8976b45274324db021b3d94f0e34534ec"",""undefined_bootstrap_replicates"":0},""interval_status"":""available"",""mean_seconds"":6.50050814166472,""output_outcome_counts"":{""infrastructure_interruption"":0,""measurement_available"":0,""not_run"":0,""numerical_failure"":0,""output_failure_unclassified"":0,""resource_failure"":0,""valid"":24},""planned"":24,""plot_error_cost_point"":true,""reference_kind"":""analytic""}"
standard_q1,cpu-mala-sequential,4096,research_execution,24,24,analytic,0.0,0.0,0.00019571925465552886,0.00012687060278816865,0.0003326147346577162,available,9.159748812500842,9.092758135213316,9.234392791432441,available,True,"{""bca_acceleration"":0.07554143164321866,""bca_adjusted_quantiles"":[0.059369955605029584,0.9937880431127875],""bca_bias_percentile"":0.5332533253325332,""bootstrap_expected_tail_counts"":[593.6401860946908,62.11335691523823],""claim_type"":""analytic_mse"",""conditional_squared_discrepancy"":0.00019571925465552886,""confidence_interval"":{""high"":0.0003326147346577162,""low"":0.00012687060278816865},""confidence_level"":0.95,""failed_or_unavailable"":0,""interval_coverage"":""pointwise_conditional_on_supplied_reference"",""interval_method"":""BCa"",""interval_status"":""available"",""minimum_valid_repetitions"":20,""observed_estimate_mean"":-0.0008060481204784759,""planned"":24,""reference_eligible"":true,""reference_kind"":""analytic"",""reference_mcse"":0.0,""reference_shift_is_confidence_interval"":false,""reference_shift_max"":0.00019571925465552886,""reference_shift_min"":0.00019571925465552886,""resampled_valid_count_range"":[24,24],""resampling_plan_sha256"":""a6d11f0b74ce64eb54e72b3a36ed7ad8976b45274324db021b3d94f0e34534ec"",""squared_discrepancy_standard_error"":4.865680286069337e-05,""supplied_reference_value"":0.0,""unconditional_squared_discrepancy"":0.00019571925465552886,""undefined_bootstrap_replicates"":0,""valid"":24}","{""available_functions_missing_cost"":0,""conditioning"":""same finite function estimates as conditional error; all such costs must be complete"",""confidence_interval"":{""high"":9.234392791432441,""low"":9.092758135213316},""function_available"":24,""interval_diagnostics"":{""bca_acceleration"":0.015257397242000098,""bca_adjusted_quantiles"":[0.03019262887527876,0.979671643092346],""bca_bias_percentile"":0.5051505150515051,""bootstrap_expected_tail_counts"":[301.8960961239123,203.26324071963234],""minimum_valid_repetitions"":20,""resampled_valid_count_range"":[24,24],""resampling_plan_sha256"":""a6d11f0b74ce64eb54e72b3a36ed7ad8976b45274324db021b3d94f0e34534ec"",""undefined_bootstrap_replicates"":0},""interval_status"":""available"",""mean_seconds"":9.159748812500842,""output_outcome_counts"":{""infrastructure_interruption"":0,""measurement_available"":0,""not_run"":0,""numerical_failure"":0,""output_failure_unclassified"":0,""resource_failure"":0,""valid"":24},""planned"":24,""plot_error_cost_point"":true,""reference_kind"":""analytic""}"
standard_q1,cpu-nuts-spawn_chains,1024,ordinary_workflow,24,24,analytic,0.0,0.0,0.00012845292777160234,7.568214099898098e-05,0.00020676556720677144,available,7.551761299993207,7.3793120251865965,7.769446756060756,available,True,"{""bca_acceleration"":0.04109239627272306,""bca_adjusted_quantiles"":[0.0434449404176837,0.9878209008481261],""bca_bias_percentile"":0.5218521852185218,""bootstrap_expected_tail_counts"":[434.40595923641933,121.77881241958686],""claim_type"":""analytic_mse"",""conditional_squared_discrepancy"":0.00012845292777160234,""confidence_interval"":{""high"":0.00020676556720677144,""low"":7.568214099898098e-05},""confidence_level"":0.95,""failed_or_unavailable"":0,""interval_coverage"":""pointwise_conditional_on_supplied_reference"",""interval_method"":""BCa"",""interval_status"":""available"",""minimum_valid_repetitions"":20,""observed_estimate_mean"":0.0007469918242355549,""planned"":24,""reference_eligible"":true,""reference_kind"":""analytic"",""reference_mcse"":0.0,""reference_shift_is_confidence_interval"":false,""reference_shift_max"":0.00012845292777160234,""reference_shift_min"":0.00012845292777160234,""resampled_valid_count_range"":[24,24],""resampling_plan_sha256"":""a6d11f0b74ce64eb54e72b3a36ed7ad8976b45274324db021b3d94f0e34534ec"",""squared_discrepancy_standard_error"":3.3577049197243834e-05,""supplied_reference_value"":0.0,""unconditional_squared_discrepancy"":0.00012845292777160234,""undefined_bootstrap_replicates"":0,""valid"":24}","{""available_functions_missing_cost"":0,""conditioning"":""same finite function estimates as conditional error; all such costs must be complete"",""confidence_interval"":{""high"":7.769446756060756,""low"":7.3793120251865965},""function_available"":24,""interval_diagnostics"":{""bca_acceleration"":0.024563934776423903,""bca_adjusted_quantiles"":[0.033845127322971715,0.9824115693366593],""bca_bias_percentile"":0.508950895089509,""bootstrap_expected_tail_counts"":[338.4174281023942,175.8667182027437],""minimum_valid_repetitions"":20,""resampled_valid_count_range"":[24,24],""resampling_plan_sha256"":""a6d11f0b74ce64eb54e72b3a36ed7ad8976b45274324db021b3d94f0e34534ec"",""undefined_bootstrap_replicates"":0},""interval_status"":""available"",""mean_seconds"":7.551761299993207,""output_outcome_counts"":{""infrastructure_interruption"":0,""measurement_available"":0,""not_run"":0,""numerical_failure"":0,""output_failure_unclassified"":0,""resource_failure"":0,""valid"":24},""planned"":24,""plot_error_cost_point"":true,""reference_kind"":""analytic""}"
standard_q1,cpu-nuts-spawn_chains,1024,research_execution,24,24,analytic,0.0,0.0,0.00012845292777160234,7.568214099898098e-05,0.00020676556720677144,available,9.716619041663913,9.535250396944067,9.946342088003625,available,True,"{""bca_acceleration"":0.04109239627272306,""bca_adjusted_quantiles"":[0.0434449404176837,0.9878209008481261],""bca_bias_percentile"":0.5218521852185218,""bootstrap_expected_tail_counts"":[434.40595923641933,121.77881241958686],""claim_type"":""analytic_mse"",""conditional_squared_discrepancy"":0.00012845292777160234,""confidence_interval"":{""high"":0.00020676556720677144,""low"":7.568214099898098e-05},""confidence_level"":0.95,""failed_or_unavailable"":0,""interval_coverage"":""pointwise_conditional_on_supplied_reference"",""interval_method"":""BCa"",""interval_status"":""available"",""minimum_valid_repetitions"":20,""observed_estimate_mean"":0.0007469918242355549,""planned"":24,""reference_eligible"":true,""reference_kind"":""analytic"",""reference_mcse"":0.0,""reference_shift_is_confidence_interval"":false,""reference_shift_max"":0.00012845292777160234,""reference_shift_min"":0.00012845292777160234,""resampled_valid_count_range"":[24,24],""resampling_plan_sha256"":""a6d11f0b74ce64eb54e72b3a36ed7ad8976b45274324db021b3d94f0e34534ec"",""squared_discrepancy_standard_error"":3.3577049197243834e-05,""supplied_reference_value"":0.0,""unconditional_squared_discrepancy"":0.00012845292777160234,""undefined_bootstrap_replicates"":0,""valid"":24}","{""available_functions_missing_cost"":0,""conditioning"":""same finite function estimates as conditional error; all such costs must be complete"",""confidence_interval"":{""high"":9.946342088003625,""low"":9.535250396944067},""function_available"":24,""interval_diagnostics"":{""bca_acceleration"":0.02457441002959801,""bca_adjusted_quantiles"":[0.0349430580909896,0.9830895454126924],""bca_bias_percentile"":0.5119511951195119,""bootstrap_expected_tail_counts"":[349.39563785180496,169.08763541848825],""minimum_valid_repetitions"":20,""resampled_valid_count_range"":[24,24],""resampling_plan_sha256"":""a6d11f0b74ce64eb54e72b3a36ed7ad8976b45274324db021b3d94f0e34534ec"",""undefined_bootstrap_replicates"":0},""interval_status"":""available"",""mean_seconds"":9.716619041663913,""output_outcome_counts"":{""infrastructure_interruption"":0,""measurement_available"":0,""not_run"":0,""numerical_failure"":0,""output_failure_unclassified"":0,""resource_failure"":0,""valid"":24},""planned"":24,""plot_error_cost_point"":true,""reference_kind"":""analytic""}"
standard_q1,cpu-nuts-spawn_chains,4096,ordinary_workflow,24,7,analytic,0.0,0.0,5.397147862723547e-05,,,fewer_than_20_valid_repetitions,15.67315025714145,,,fewer_than_20_valid_repetitions,True,"{""claim_type"":""analytic_mse"",""conditional_squared_discrepancy"":5.397147862723547e-05,""confidence_interval"":null,""confidence_level"":0.95,""failed_or_unavailable"":17,""interval_coverage"":""pointwise_conditional_on_supplied_reference"",""interval_method"":""BCa"",""interval_status"":""fewer_than_20_valid_repetitions"",""minimum_valid_repetitions"":20,""observed_estimate_mean"":-0.002361652974178838,""planned"":24,""reference_eligible"":true,""reference_kind"":""analytic"",""reference_mcse"":0.0,""reference_shift_is_confidence_interval"":false,""reference_shift_max"":5.397147862723547e-05,""reference_shift_min"":5.397147862723547e-05,""resampling_plan_sha256"":""a6d11f0b74ce64eb54e72b3a36ed7ad8976b45274324db021b3d94f0e34534ec"",""squared_discrepancy_standard_error"":3.642553868205906e-05,""supplied_reference_value"":0.0,""unconditional_squared_discrepancy"":null,""valid"":7}","{""available_functions_missing_cost"":0,""conditioning"":""same finite function estimates as conditional error; all such costs must be complete"",""confidence_interval"":null,""function_available"":7,""interval_diagnostics"":{""minimum_valid_repetitions"":20,""resampling_plan_sha256"":""a6d11f0b74ce64eb54e72b3a36ed7ad8976b45274324db021b3d94f0e34534ec""},""interval_status"":""fewer_than_20_valid_repetitions"",""mean_seconds"":15.67315025714145,""output_outcome_counts"":{""infrastructure_interruption"":0,""measurement_available"":0,""not_run"":0,""numerical_failure"":0,""output_failure_unclassified"":17,""resource_failure"":0,""valid"":7},""planned"":24,""plot_error_cost_point"":true,""reference_kind"":""analytic""}"
standard_q1,cpu-nuts-spawn_chains,4096,research_execution,24,7,analytic,0.0,0.0,5.397147862723547e-05,,,fewer_than_20_valid_repetitions,17.916790328576358,,,fewer_than_20_valid_repetitions,True,"{""claim_type"":""analytic_mse"",""conditional_squared_discrepancy"":5.397147862723547e-05,""confidence_interval"":null,""confidence_level"":0.95,""failed_or_unavailable"":17,""interval_coverage"":""pointwise_conditional_on_supplied_reference"",""interval_method"":""BCa"",""interval_status"":""fewer_than_20_valid_repetitions"",""minimum_valid_repetitions"":20,""observed_estimate_mean"":-0.002361652974178838,""planned"":24,""reference_eligible"":true,""reference_kind"":""analytic"",""reference_mcse"":0.0,""reference_shift_is_confidence_interval"":false,""reference_shift_max"":5.397147862723547e-05,""reference_shift_min"":5.397147862723547e-05,""resampling_plan_sha256"":""a6d11f0b74ce64eb54e72b3a36ed7ad8976b45274324db021b3d94f0e34534ec"",""squared_discrepancy_standard_error"":3.642553868205906e-05,""supplied_reference_value"":0.0,""unconditional_squared_discrepancy"":null,""valid"":7}","{""available_functions_missing_cost"":0,""conditioning"":""same finite function estimates as conditional error; all such costs must be complete"",""confidence_interval"":null,""function_available"":7,""interval_diagnostics"":{""minimum_valid_repetitions"":20,""resampling_plan_sha256"":""a6d11f0b74ce64eb54e72b3a36ed7ad8976b45274324db021b3d94f0e34534ec""},""interval_status"":""fewer_than_20_valid_repetitions"",""mean_seconds"":17.916790328576358,""output_outcome_counts"":{""infrastructure_interruption"":0,""measurement_available"":0,""not_run"":0,""numerical_failure"":0,""output_failure_unclassified"":17,""resource_failure"":0,""valid"":7},""planned"":24,""plot_error_cost_point"":true,""reference_kind"":""analytic""}"
standard_q1,cpu-rwm-online_picard,1024,ordinary_workflow,24,24,analytic,0.0,0.0,0.006234381213775108,0.0035252962441264754,0.010432083127462211,available,2.5014361083325034,2.4915561007943787,2.512943373451418,available,True,"{""bca_acceleration"":0.049890263647032584,""bca_adjusted_quantiles"":[0.042678461715160154,0.9878243029942111],""bca_bias_percentile"":0.5141514151415142,""bootstrap_expected_tail_counts"":[426.74193868988635,121.74479436088332],""claim_type"":""analytic_mse"",""conditional_squared_discrepancy"":0.006234381213775108,""confidence_interval"":{""high"":0.010432083127462211,""low"":0.0035252962441264754},""confidence_level"":0.95,""failed_or_unavailable"":0,""interval_coverage"":""pointwise_conditional_on_supplied_reference"",""interval_method"":""BCa"",""interval_status"":""available"",""minimum_valid_repetitions"":20,""observed_estimate_mean"":-0.012007824971543037,""planned"":24,""reference_eligible"":true,""reference_kind"":""analytic"",""reference_mcse"":0.0,""reference_shift_is_confidence_interval"":false,""reference_shift_max"":0.006234381213775108,""reference_shift_min"":0.006234381213775108,""resampled_valid_count_range"":[24,24],""resampling_plan_sha256"":""a6d11f0b74ce64eb54e72b3a36ed7ad8976b45274324db021b3d94f0e34534ec"",""squared_discrepancy_standard_error"":0.001713511960676418,""supplied_reference_value"":0.0,""unconditional_squared_discrepancy"":0.006234381213775108,""undefined_bootstrap_replicates"":0,""valid"":24}","{""available_functions_missing_cost"":0,""conditioning"":""same finite function estimates as conditional error; all such costs must be complete"",""confidence_interval"":{""high"":2.512943373451418,""low"":2.4915561007943787},""function_available"":24,""interval_diagnostics"":{""bca_acceleration"":0.015617360012064305,""bca_adjusted_quantiles"":[0.03177960142690531,0.9808338446484023],""bca_bias_percentile"":0.5095509550955095,""bootstrap_expected_tail_counts"":[317.76423466762617,191.64238736062555],""minimum_valid_repetitions"":20,""resampled_valid_count_range"":[24,24],""resampling_plan_sha256"":""a6d11f0b74ce64eb54e72b3a36ed7ad8976b45274324db021b3d94f0e34534ec"",""undefined_bootstrap_replicates"":0},""interval_status"":""available"",""mean_seconds"":2.5014361083325034,""output_outcome_counts"":{""infrastructure_interruption"":0,""measurement_available"":0,""not_run"":0,""numerical_failure"":0,""output_failure_unclassified"":0,""resource_failure"":0,""valid"":24},""planned"":24,""plot_error_cost_point"":true,""reference_kind"":""analytic""}"
standard_q1,cpu-rwm-online_picard,1024,research_execution,24,24,analytic,0.0,0.0,0.006234381213775108,0.0035252962441264754,0.010432083127462211,available,4.777114041669544,4.745413346590751,4.818215856469388,available,True,"{""bca_acceleration"":0.049890263647032584,""bca_adjusted_quantiles"":[0.042678461715160154,0.9878243029942111],""bca_bias_percentile"":0.5141514151415142,""bootstrap_expected_tail_counts"":[426.74193868988635,121.74479436088332],""claim_type"":""analytic_mse"",""conditional_squared_discrepancy"":0.006234381213775108,""confidence_interval"":{""high"":0.010432083127462211,""low"":0.0035252962441264754},""confidence_level"":0.95,""failed_or_unavailable"":0,""interval_coverage"":""pointwise_conditional_on_supplied_reference"",""interval_method"":""BCa"",""interval_status"":""available"",""minimum_valid_repetitions"":20,""observed_estimate_mean"":-0.012007824971543037,""planned"":24,""reference_eligible"":true,""reference_kind"":""analytic"",""reference_mcse"":0.0,""reference_shift_is_confidence_interval"":false,""reference_shift_max"":0.006234381213775108,""reference_shift_min"":0.006234381213775108,""resampled_valid_count_range"":[24,24],""resampling_plan_sha256"":""a6d11f0b74ce64eb54e72b3a36ed7ad8976b45274324db021b3d94f0e34534ec"",""squared_discrepancy_standard_error"":0.001713511960676418,""supplied_reference_value"":0.0,""unconditional_squared_discrepancy"":0.006234381213775108,""undefined_bootstrap_replicates"":0,""valid"":24}","{""available_functions_missing_cost"":0,""conditioning"":""same finite function estimates as conditional error; all such costs must be complete"",""confidence_interval"":{""high"":4.818215856469388,""low"":4.745413346590751},""function_available"":24,""interval_diagnostics"":{""bca_acceleration"":0.028081597209663647,""bca_adjusted_quantiles"":[0.0355291323899633,0.9835326047846985],""bca_bias_percentile"":0.5110511051105111,""bootstrap_expected_tail_counts"":[355.25579476724306,164.65748475779964],""minimum_valid_repetitions"":20,""resampled_valid_count_range"":[24,24],""resampling_plan_sha256"":""a6d11f0b74ce64eb54e72b3a36ed7ad8976b45274324db021b3d94f0e34534ec"",""undefined_bootstrap_replicates"":0},""interval_status"":""available"",""mean_seconds"":4.777114041669544,""output_outcome_counts"":{""infrastructure_interruption"":0,""measurement_available"":0,""not_run"":0,""numerical_failure"":0,""output_failure_unclassified"":0,""resource_failure"":0,""valid"":24},""planned"":24,""plot_error_cost_point"":true,""reference_kind"":""analytic""}"
standard_q1,cpu-rwm-online_picard,4096,ordinary_workflow,24,24,analytic,0.0,0.0,0.0014491440489441377,0.0008024046048220802,0.002486084580264629,available,3.2128863541664336,3.2022668835560046,3.224078338215833,available,True,"{""bca_acceleration"":0.054872508115303836,""bca_adjusted_quantiles"":[0.04563239454576207,0.9891822841986591],""bca_bias_percentile"":0.5177517751775178,""bootstrap_expected_tail_counts"":[456.2783130630749,108.1663402976081],""claim_type"":""analytic_mse"",""conditional_squared_discrepancy"":0.0014491440489441377,""confidence_interval"":{""high"":0.002486084580264629,""low"":0.0008024046048220802},""confidence_level"":0.95,""failed_or_unavailable"":0,""interval_coverage"":""pointwise_conditional_on_supplied_reference"",""interval_method"":""BCa"",""interval_status"":""available"",""minimum_valid_repetitions"":20,""observed_estimate_mean"":0.000939835117394883,""planned"":24,""reference_eligible"":true,""reference_kind"":""analytic"",""reference_mcse"":0.0,""reference_shift_is_confidence_interval"":false,""reference_shift_max"":0.0014491440489441377,""reference_shift_min"":0.0014491440489441377,""resampled_valid_count_range"":[24,24],""resampling_plan_sha256"":""a6d11f0b74ce64eb54e72b3a36ed7ad8976b45274324db021b3d94f0e34534ec"",""squared_discrepancy_standard_error"":0.0004163376642131206,""supplied_reference_value"":0.0,""unconditional_squared_discrepancy"":0.0014491440489441377,""undefined_bootstrap_replicates"":0,""valid"":24}","{""available_functions_missing_cost"":0,""conditioning"":""same finite function estimates as conditional error; all such costs must be complete"",""confidence_interval"":{""high"":3.224078338215833,""low"":3.2022668835560046},""function_available"":24,""interval_diagnostics"":{""bca_acceleration"":0.008196080916563014,""bca_adjusted_quantiles"":[0.027751911183706304,0.9775978902745922],""bca_bias_percentile"":0.5028502850285028,""bootstrap_expected_tail_counts"":[277.49135992587935,223.99869514435252],""minimum_valid_repetitions"":20,""resampled_valid_count_range"":[24,24],""resampling_plan_sha256"":""a6d11f0b74ce64eb54e72b3a36ed7ad8976b45274324db021b3d94f0e34534ec"",""undefined_bootstrap_replicates"":0},""interval_status"":""available"",""mean_seconds"":3.2128863541664336,""output_outcome_counts"":{""infrastructure_interruption"":0,""measurement_available"":0,""not_run"":0,""numerical_failure"":0,""output_failure_unclassified"":0,""resource_failure"":0,""valid"":24},""planned"":24,""plot_error_cost_point"":true,""reference_kind"":""analytic""}"
standard_q1,cpu-rwm-online_picard,4096,research_execution,24,24,analytic,0.0,0.0,0.0014491440489441377,0.0008024046048220802,0.002486084580264629,available,5.614051908333219,5.584613660133589,5.653261010060519,available,True,"{""bca_acceleration"":0.054872508115303836,""bca_adjusted_quantiles"":[0.04563239454576207,0.9891822841986591],""bca_bias_percentile"":0.5177517751775178,""bootstrap_expected_tail_counts"":[456.2783130630749,108.1663402976081],""claim_type"":""analytic_mse"",""conditional_squared_discrepancy"":0.0014491440489441377,""confidence_interval"":{""high"":0.002486084580264629,""low"":0.0008024046048220802},""confidence_level"":0.95,""failed_or_unavailable"":0,""interval_coverage"":""pointwise_conditional_on_supplied_reference"",""interval_method"":""BCa"",""interval_status"":""available"",""minimum_valid_repetitions"":20,""observed_estimate_mean"":0.000939835117394883,""planned"":24,""reference_eligible"":true,""reference_kind"":""analytic"",""reference_mcse"":0.0,""reference_shift_is_confidence_interval"":false,""reference_shift_max"":0.0014491440489441377,""reference_shift_min"":0.0014491440489441377,""resampled_valid_count_range"":[24,24],""resampling_plan_sha256"":""a6d11f0b74ce64eb54e72b3a36ed7ad8976b45274324db021b3d94f0e34534ec"",""squared_discrepancy_standard_error"":0.0004163376642131206,""supplied_reference_value"":0.0,""unconditional_squared_discrepancy"":0.0014491440489441377,""undefined_bootstrap_replicates"":0,""valid"":24}","{""available_functions_missing_cost"":0,""conditioning"":""same finite function estimates as conditional error; all such costs must be complete"",""confidence_interval"":{""high"":5.653261010060519,""low"":5.584613660133589},""function_available"":24,""interval_diagnostics"":{""bca_acceleration"":0.028679830413943896,""bca_adjusted_quantiles"":[0.03862192558015279,0.985224265481791],""bca_bias_percentile"":0.5186518651865186,""bootstrap_expected_tail_counts"":[386.1806338759477,147.74256944757195],""minimum_valid_repetitions"":20,""resampled_valid_count_range"":[24,24],""resampling_plan_sha256"":""a6d11f0b74ce64eb54e72b3a36ed7ad8976b45274324db021b3d94f0e34534ec"",""undefined_bootstrap_replicates"":0},""interval_status"":""available"",""mean_seconds"":5.614051908333219,""output_outcome_counts"":{""infrastructure_interruption"":0,""measurement_available"":0,""not_run"":0,""numerical_failure"":0,""output_failure_unclassified"":0,""resource_failure"":0,""valid"":24},""planned"":24,""plot_error_cost_point"":true,""reference_kind"":""analytic""}"
standard_q1,cpu-rwm-sequential,1024,ordinary_workflow,24,24,analytic,0.0,0.0,0.006234381213775105,0.0035252962441264784,0.010432083127462199,available,2.477711583329968,2.4696016285744804,2.48820773280189,available,True,"{""bca_acceleration"":0.04989026364703279,""bca_adjusted_quantiles"":[0.0426784617151602,0.9878243029942111],""bca_bias_percentile"":0.5141514151415142,""bootstrap_expected_tail_counts"":[426.74193868988687,121.74479436088332],""claim_type"":""analytic_mse"",""conditional_squared_discrepancy"":0.006234381213775105,""confidence_interval"":{""high"":0.010432083127462199,""low"":0.0035252962441264784},""confidence_level"":0.95,""failed_or_unavailable"":0,""interval_coverage"":""pointwise_conditional_on_supplied_reference"",""interval_method"":""BCa"",""interval_status"":""available"",""minimum_valid_repetitions"":20,""observed_estimate_mean"":-0.01200782497154302,""planned"":24,""reference_eligible"":true,""reference_kind"":""analytic"",""reference_mcse"":0.0,""reference_shift_is_confidence_interval"":false,""reference_shift_max"":0.006234381213775105,""reference_shift_min"":0.006234381213775105,""resampled_valid_count_range"":[24,24],""resampling_plan_sha256"":""a6d11f0b74ce64eb54e72b3a36ed7ad8976b45274324db021b3d94f0e34534ec"",""squared_discrepancy_standard_error"":0.0017135119606764152,""supplied_reference_value"":0.0,""unconditional_squared_discrepancy"":0.006234381213775105,""undefined_bootstrap_replicates"":0,""valid"":24}","{""available_functions_missing_cost"":0,""conditioning"":""same finite function estimates as conditional error; all such costs must be complete"",""confidence_interval"":{""high"":2.48820773280189,""low"":2.4696016285744804},""function_available"":24,""interval_diagnostics"":{""bca_acceleration"":0.029461455372254662,""bca_adjusted_quantiles"":[0.037964957182359885,0.9849147558633493],""bca_bias_percentile"":0.5164516451645165,""bootstrap_expected_tail_counts"":[379.6116068664165,150.83735612237024],""minimum_valid_repetitions"":20,""resampled_valid_count_range"":[24,24],""resampling_plan_sha256"":""a6d11f0b74ce64eb54e72b3a36ed7ad8976b45274324db021b3d94f0e34534ec"",""undefined_bootstrap_replicates"":0},""interval_status"":""available"",""mean_seconds"":2.477711583329968,""output_outcome_counts"":{""infrastructure_interruption"":0,""measurement_available"":0,""not_run"":0,""numerical_failure"":0,""output_failure_unclassified"":0,""resource_failure"":0,""valid"":24},""planned"":24,""plot_error_cost_point"":true,""reference_kind"":""analytic""}"
standard_q1,cpu-rwm-sequential,1024,research_execution,24,24,analytic,0.0,0.0,0.006234381213775105,0.0035252962441264784,0.010432083127462199,available,4.724616437498223,4.700734858116919,4.756213046435271,available,True,"{""bca_acceleration"":0.04989026364703279,""bca_adjusted_quantiles"":[0.0426784617151602,0.9878243029942111],""bca_bias_percentile"":0.5141514151415142,""bootstrap_expected_tail_counts"":[426.74193868988687,121.74479436088332],""claim_type"":""analytic_mse"",""conditional_squared_discrepancy"":0.006234381213775105,""confidence_interval"":{""high"":0.010432083127462199,""low"":0.0035252962441264784},""confidence_level"":0.95,""failed_or_unavailable"":0,""interval_coverage"":""pointwise_conditional_on_supplied_reference"",""interval_method"":""BCa"",""interval_status"":""available"",""minimum_valid_repetitions"":20,""observed_estimate_mean"":-0.01200782497154302,""planned"":24,""reference_eligible"":true,""reference_kind"":""analytic"",""reference_mcse"":0.0,""reference_shift_is_confidence_interval"":false,""reference_shift_max"":0.006234381213775105,""reference_shift_min"":0.006234381213775105,""resampled_valid_count_range"":[24,24],""resampling_plan_sha256"":""a6d11f0b74ce64eb54e72b3a36ed7ad8976b45274324db021b3d94f0e34534ec"",""squared_discrepancy_standard_error"":0.0017135119606764152,""supplied_reference_value"":0.0,""unconditional_squared_discrepancy"":0.006234381213775105,""undefined_bootstrap_replicates"":0,""valid"":24}","{""available_functions_missing_cost"":0,""conditioning"":""same finite function estimates as conditional error; all such costs must be complete"",""confidence_interval"":{""high"":4.756213046435271,""low"":4.700734858116919},""function_available"":24,""interval_diagnostics"":{""bca_acceleration"":0.030192795517129892,""bca_adjusted_quantiles"":[0.03642510807102942,0.9841068325102151],""bca_bias_percentile"":0.5119511951195119,""bootstrap_expected_tail_counts"":[364.2146556022232,158.91578173035887],""minimum_valid_repetitions"":20,""resampled_valid_count_range"":[24,24],""resampling_plan_sha256"":""a6d11f0b74ce64eb54e72b3a36ed7ad8976b45274324db021b3d94f0e34534ec"",""undefined_bootstrap_replicates"":0},""interval_status"":""available"",""mean_seconds"":4.724616437498223,""output_outcome_counts"":{""infrastructure_interruption"":0,""measurement_available"":0,""not_run"":0,""numerical_failure"":0,""output_failure_unclassified"":0,""resource_failure"":0,""valid"":24},""planned"":24,""plot_error_cost_point"":true,""reference_kind"":""analytic""}"
standard_q1,cpu-rwm-sequential,4096,ordinary_workflow,24,24,analytic,0.0,0.0,0.001449144048944142,0.0008024046048220716,0.0024860845802646414,available,3.1195761708367704,3.1095415378863738,3.1355529571292693,available,True,"{""bca_acceleration"":0.05487250811530256,""bca_adjusted_quantiles"":[0.04563239454576169,0.9891822841986588],""bca_bias_percentile"":0.5177517751775178,""bootstrap_expected_tail_counts"":[456.27831306307115,108.16634029761032],""claim_type"":""analytic_mse"",""conditional_squared_discrepancy"":0.001449144048944142,""confidence_interval"":{""high"":0.0024860845802646414,""low"":0.0008024046048220716},""confidence_level"":0.95,""failed_or_unavailable"":0,""interval_coverage"":""pointwise_conditional_on_supplied_reference"",""interval_method"":""BCa"",""interval_status"":""available"",""minimum_valid_repetitions"":20,""observed_estimate_mean"":0.0009398351173949098,""planned"":24,""reference_eligible"":true,""reference_kind"":""analytic"",""reference_mcse"":0.0,""reference_shift_is_confidence_interval"":false,""reference_shift_max"":0.001449144048944142,""reference_shift_min"":0.001449144048944142,""resampled_valid_count_range"":[24,24],""resampling_plan_sha256"":""a6d11f0b74ce64eb54e72b3a36ed7ad8976b45274324db021b3d94f0e34534ec"",""squared_discrepancy_standard_error"":0.000416337664213119,""supplied_reference_value"":0.0,""unconditional_squared_discrepancy"":0.001449144048944142,""undefined_bootstrap_replicates"":0,""valid"":24}","{""available_functions_missing_cost"":0,""conditioning"":""same finite function estimates as conditional error; all such costs must be complete"",""confidence_interval"":{""high"":3.1355529571292693,""low"":3.1095415378863738},""function_available"":24,""interval_diagnostics"":{""bca_acceleration"":0.05045513277664014,""bca_adjusted_quantiles"":[0.04633831252646384,0.9892703981284525],""bca_bias_percentile"":0.5222522252225222,""bootstrap_expected_tail_counts"":[463.33678695211194,107.28528911360324],""minimum_valid_repetitions"":20,""resampled_valid_count_range"":[24,24],""resampling_plan_sha256"":""a6d11f0b74ce64eb54e72b3a36ed7ad8976b45274324db021b3d94f0e34534ec"",""undefined_bootstrap_replicates"":0},""interval_status"":""available"",""mean_seconds"":3.1195761708367704,""output_outcome_counts"":{""infrastructure_interruption"":0,""measurement_available"":0,""not_run"":0,""numerical_failure"":0,""output_failure_unclassified"":0,""resource_failure"":0,""valid"":24},""planned"":24,""plot_error_cost_point"":true,""reference_kind"":""analytic""}"
standard_q1,cpu-rwm-sequential,4096,research_execution,24,24,analytic,0.0,0.0,0.001449144048944142,0.0008024046048220716,0.0024860845802646414,available,5.471097145837878,5.4326742188480734,5.518568369512547,available,True,"{""bca_acceleration"":0.05487250811530256,""bca_adjusted_quantiles"":[0.04563239454576169,0.9891822841986588],""bca_bias_percentile"":0.5177517751775178,""bootstrap_expected_tail_counts"":[456.27831306307115,108.16634029761032],""claim_type"":""analytic_mse"",""conditional_squared_discrepancy"":0.001449144048944142,""confidence_interval"":{""high"":0.0024860845802646414,""low"":0.0008024046048220716},""confidence_level"":0.95,""failed_or_unavailable"":0,""interval_coverage"":""pointwise_conditional_on_supplied_reference"",""interval_method"":""BCa"",""interval_status"":""available"",""minimum_valid_repetitions"":20,""observed_estimate_mean"":0.0009398351173949098,""planned"":24,""reference_eligible"":true,""reference_kind"":""analytic"",""reference_mcse"":0.0,""reference_shift_is_confidence_interval"":false,""reference_shift_max"":0.001449144048944142,""reference_shift_min"":0.001449144048944142,""resampled_valid_count_range"":[24,24],""resampling_plan_sha256"":""a6d11f0b74ce64eb54e72b3a36ed7ad8976b45274324db021b3d94f0e34534ec"",""squared_discrepancy_standard_error"":0.000416337664213119,""supplied_reference_value"":0.0,""unconditional_squared_discrepancy"":0.001449144048944142,""undefined_bootstrap_replicates"":0,""valid"":24}","{""available_functions_missing_cost"":0,""conditioning"":""same finite function estimates as conditional error; all such costs must be complete"",""confidence_interval"":{""high"":5.518568369512547,""low"":5.4326742188480734},""function_available"":24,""interval_diagnostics"":{""bca_acceleration"":0.021165765693720792,""bca_adjusted_quantiles"":[0.03427300836117722,0.9825936292394953],""bca_bias_percentile"":0.5125512551255126,""bootstrap_expected_tail_counts"":[342.695810603411,174.04630123428612],""minimum_valid_repetitions"":20,""resampled_valid_count_range"":[24,24],""resampling_plan_sha256"":""a6d11f0b74ce64eb54e72b3a36ed7ad8976b45274324db021b3d94f0e34534ec"",""undefined_bootstrap_replicates"":0},""interval_status"":""available"",""mean_seconds"":5.471097145837878,""output_outcome_counts"":{""infrastructure_interruption"":0,""measurement_available"":0,""not_run"":0,""numerical_failure"":0,""output_failure_unclassified"":0,""resource_failure"":0,""valid"":24},""planned"":24,""plot_error_cost_point"":true,""reference_kind"":""analytic""}"
standard_q1,cuda-mala-quasi_deer,1024,ordinary_workflow,24,24,analytic,0.0,0.0,0.0004718762591571084,0.0002971576686387135,0.0008520463187070679,available,20.046106116665936,19.64354455886489,20.33619938157121,available,True,"{""bca_acceleration"":0.08243796015363629,""bca_adjusted_quantiles"":[0.06141721013889377,0.9944411140051909],""bca_bias_percentile"":0.532953295329533,""bootstrap_expected_tail_counts"":[614.1106841787988,55.58330106209657],""claim_type"":""analytic_mse"",""conditional_squared_discrepancy"":0.0004718762591571084,""confidence_interval"":{""high"":0.0008520463187070679,""low"":0.0002971576686387135},""confidence_level"":0.95,""failed_or_unavailable"":0,""interval_coverage"":""pointwise_conditional_on_supplied_reference"",""interval_method"":""BCa"",""interval_status"":""available"",""minimum_valid_repetitions"":20,""observed_estimate_mean"":-0.004412423560311532,""planned"":24,""reference_eligible"":true,""reference_kind"":""analytic"",""reference_mcse"":0.0,""reference_shift_is_confidence_interval"":false,""reference_shift_max"":0.0004718762591571084,""reference_shift_min"":0.0004718762591571084,""resampled_valid_count_range"":[24,24],""resampling_plan_sha256"":""a6d11f0b74ce64eb54e72b3a36ed7ad8976b45274324db021b3d94f0e34534ec"",""squared_discrepancy_standard_error"":0.00012537313372464282,""supplied_reference_value"":0.0,""unconditional_squared_discrepancy"":0.0004718762591571084,""undefined_bootstrap_replicates"":0,""valid"":24}","{""available_functions_missing_cost"":0,""conditioning"":""same finite function estimates as conditional error; all such costs must be complete"",""confidence_interval"":{""high"":20.33619938157121,""low"":19.64354455886489},""function_available"":24,""interval_diagnostics"":{""bca_acceleration"":-0.03893061474045046,""bca_adjusted_quantiles"":[0.013669787789238164,0.9597954299633858],""bca_bias_percentile"":0.48444844484448446,""bootstrap_expected_tail_counts"":[136.6842081045924,402.0054957961049],""minimum_valid_repetitions"":20,""resampled_valid_count_range"":[24,24],""resampling_plan_sha256"":""a6d11f0b74ce64eb54e72b3a36ed7ad8976b45274324db021b3d94f0e34534ec"",""undefined_bootstrap_replicates"":0},""interval_status"":""available"",""mean_seconds"":20.046106116665936,""output_outcome_counts"":{""infrastructure_interruption"":0,""measurement_available"":0,""not_run"":0,""numerical_failure"":0,""output_failure_unclassified"":0,""resource_failure"":0,""valid"":24},""planned"":24,""plot_error_cost_point"":true,""reference_kind"":""analytic""}"
standard_q1,cuda-mala-quasi_deer,1024,research_execution,24,24,analytic,0.0,0.0,0.0004718762591571084,0.0002971576686387135,0.0008520463187070679,available,22.38765335833163,21.99620944565186,22.665229276454642,available,True,"{""bca_acceleration"":0.08243796015363629,""bca_adjusted_quantiles"":[0.06141721013889377,0.9944411140051909],""bca_bias_percentile"":0.532953295329533,""bootstrap_expected_tail_counts"":[614.1106841787988,55.58330106209657],""claim_type"":""analytic_mse"",""conditional_squared_discrepancy"":0.0004718762591571084,""confidence_interval"":{""high"":0.0008520463187070679,""low"":0.0002971576686387135},""confidence_level"":0.95,""failed_or_unavailable"":0,""interval_coverage"":""pointwise_conditional_on_supplied_reference"",""interval_method"":""BCa"",""interval_status"":""available"",""minimum_valid_repetitions"":20,""observed_estimate_mean"":-0.004412423560311532,""planned"":24,""reference_eligible"":true,""reference_kind"":""analytic"",""reference_mcse"":0.0,""reference_shift_is_confidence_interval"":false,""reference_shift_max"":0.0004718762591571084,""reference_shift_min"":0.0004718762591571084,""resampled_valid_count_range"":[24,24],""resampling_plan_sha256"":""a6d11f0b74ce64eb54e72b3a36ed7ad8976b45274324db021b3d94f0e34534ec"",""squared_discrepancy_standard_error"":0.00012537313372464282,""supplied_reference_value"":0.0,""unconditional_squared_discrepancy"":0.0004718762591571084,""undefined_bootstrap_replicates"":0,""valid"":24}","{""available_functions_missing_cost"":0,""conditioning"":""same finite function estimates as conditional error; all such costs must be complete"",""confidence_interval"":{""high"":22.665229276454642,""low"":21.99620944565186},""function_available"":24,""interval_diagnostics"":{""bca_acceleration"":-0.043769271794129,""bca_adjusted_quantiles"":[0.012722426183665614,0.9580787257949661],""bca_bias_percentile"":0.48354835483548353,""bootstrap_expected_tail_counts"":[127.21153941047248,419.17082077613384],""minimum_valid_repetitions"":20,""resampled_valid_count_range"":[24,24],""resampling_plan_sha256"":""a6d11f0b74ce64eb54e72b3a36ed7ad8976b45274324db021b3d94f0e34534ec"",""undefined_bootstrap_replicates"":0},""interval_status"":""available"",""mean_seconds"":22.38765335833163,""output_outcome_counts"":{""infrastructure_interruption"":0,""measurement_available"":0,""not_run"":0,""numerical_failure"":0,""output_failure_unclassified"":0,""resource_failure"":0,""valid"":24},""planned"":24,""plot_error_cost_point"":true,""reference_kind"":""analytic""}"
standard_q1,cuda-mala-quasi_deer,4096,ordinary_workflow,24,24,analytic,0.0,0.0,0.0001957192546553742,0.0001268706027880199,0.0003326147346563398,available,54.645233925001016,53.69208748225325,55.46873517536571,available,True,"{""bca_acceleration"":0.07554143164328112,""bca_adjusted_quantiles"":[0.059369955605049485,0.9937880431127938],""bca_bias_percentile"":0.5332533253325332,""bootstrap_expected_tail_counts"":[593.6401860948898,62.113356915174954],""claim_type"":""analytic_mse"",""conditional_squared_discrepancy"":0.0001957192546553742,""confidence_interval"":{""high"":0.0003326147346563398,""low"":0.0001268706027880199},""confidence_level"":0.95,""failed_or_unavailable"":0,""interval_coverage"":""pointwise_conditional_on_supplied_reference"",""interval_method"":""BCa"",""interval_status"":""available"",""minimum_valid_repetitions"":20,""observed_estimate_mean"":-0.0008060481204720169,""planned"":24,""reference_eligible"":true,""reference_kind"":""analytic"",""reference_mcse"":0.0,""reference_shift_is_confidence_interval"":false,""reference_shift_max"":0.0001957192546553742,""reference_shift_min"":0.0001957192546553742,""resampled_valid_count_range"":[24,24],""resampling_plan_sha256"":""a6d11f0b74ce64eb54e72b3a36ed7ad8976b45274324db021b3d94f0e34534ec"",""squared_discrepancy_standard_error"":4.865680286047928e-05,""supplied_reference_value"":0.0,""unconditional_squared_discrepancy"":0.0001957192546553742,""undefined_bootstrap_replicates"":0,""valid"":24}","{""available_functions_missing_cost"":0,""conditioning"":""same finite function estimates as conditional error; all such costs must be complete"",""confidence_interval"":{""high"":55.46873517536571,""low"":53.69208748225325},""function_available"":24,""interval_diagnostics"":{""bca_acceleration"":-0.014248283797783385,""bca_adjusted_quantiles"":[0.019240614979243634,0.9682875084196293],""bca_bias_percentile"":0.4896489648964896,""bootstrap_expected_tail_counts"":[192.38690917745708,317.09320331212666],""minimum_valid_repetitions"":20,""resampled_valid_count_range"":[24,24],""resampling_plan_sha256"":""a6d11f0b74ce64eb54e72b3a36ed7ad8976b45274324db021b3d94f0e34534ec"",""undefined_bootstrap_replicates"":0},""interval_status"":""available"",""mean_seconds"":54.645233925001016,""output_outcome_counts"":{""infrastructure_interruption"":0,""measurement_available"":0,""not_run"":0,""numerical_failure"":0,""output_failure_unclassified"":0,""resource_failure"":0,""valid"":24},""planned"":24,""plot_error_cost_point"":true,""reference_kind"":""analytic""}"
standard_q1,cuda-mala-quasi_deer,4096,research_execution,24,24,analytic,0.0,0.0,0.0001957192546553742,0.0001268706027880199,0.0003326147346563398,available,57.35243210833338,56.41531675174281,58.15566443945127,available,True,"{""bca_acceleration"":0.07554143164328112,""bca_adjusted_quantiles"":[0.059369955605049485,0.9937880431127938],""bca_bias_percentile"":0.5332533253325332,""bootstrap_expected_tail_counts"":[593.6401860948898,62.113356915174954],""claim_type"":""analytic_mse"",""conditional_squared_discrepancy"":0.0001957192546553742,""confidence_interval"":{""high"":0.0003326147346563398,""low"":0.0001268706027880199},""confidence_level"":0.95,""failed_or_unavailable"":0,""interval_coverage"":""pointwise_conditional_on_supplied_reference"",""interval_method"":""BCa"",""interval_status"":""available"",""minimum_valid_repetitions"":20,""observed_estimate_mean"":-0.0008060481204720169,""planned"":24,""reference_eligible"":true,""reference_kind"":""analytic"",""reference_mcse"":0.0,""reference_shift_is_confidence_interval"":false,""reference_shift_max"":0.0001957192546553742,""reference_shift_min"":0.0001957192546553742,""resampled_valid_count_range"":[24,24],""resampling_plan_sha256"":""a6d11f0b74ce64eb54e72b3a36ed7ad8976b45274324db021b3d94f0e34534ec"",""squared_discrepancy_standard_error"":4.865680286047928e-05,""supplied_reference_value"":0.0,""unconditional_squared_discrepancy"":0.0001957192546553742,""undefined_bootstrap_replicates"":0,""valid"":24}","{""available_functions_missing_cost"":0,""conditioning"":""same finite function estimates as conditional error; all such costs must be complete"",""confidence_interval"":{""high"":58.15566443945127,""low"":56.41531675174281},""function_available"":24,""interval_diagnostics"":{""bca_acceleration"":-0.014277288079270959,""bca_adjusted_quantiles"":[0.018922647168973895,0.9678252130927444],""bca_bias_percentile"":0.48834883488348835,""bootstrap_expected_tail_counts"":[189.20754904256998,321.7156942856489],""minimum_valid_repetitions"":20,""resampled_valid_count_range"":[24,24],""resampling_plan_sha256"":""a6d11f0b74ce64eb54e72b3a36ed7ad8976b45274324db021b3d94f0e34534ec"",""undefined_bootstrap_replicates"":0},""interval_status"":""available"",""mean_seconds"":57.35243210833338,""output_outcome_counts"":{""infrastructure_interruption"":0,""measurement_available"":0,""not_run"":0,""numerical_failure"":0,""output_failure_unclassified"":0,""resource_failure"":0,""valid"":24},""planned"":24,""plot_error_cost_point"":true,""reference_kind"":""analytic""}"
standard_q1,cuda-mala-sequential,1024,ordinary_workflow,24,24,analytic,0.0,0.0,0.0004718762591562382,0.00029715766863908533,0.0008520463187041423,available,7.055619070837565,6.976150381206765,7.118311195510858,available,True,"{""bca_acceleration"":0.08243796015311852,""bca_adjusted_quantiles"":[0.06141721013872769,0.9944411140051412],""bca_bias_percentile"":0.532953295329533,""bootstrap_expected_tail_counts"":[614.1106841771382,55.58330106259278],""claim_type"":""analytic_mse"",""conditional_squared_discrepancy"":0.0004718762591562382,""confidence_interval"":{""high"":0.0008520463187041423,""low"":0.00029715766863908533},""confidence_level"":0.95,""failed_or_unavailable"":0,""interval_coverage"":""pointwise_conditional_on_supplied_reference"",""interval_method"":""BCa"",""interval_status"":""available"",""minimum_valid_repetitions"":20,""observed_estimate_mean"":-0.004412423560281877,""planned"":24,""reference_eligible"":true,""reference_kind"":""analytic"",""reference_mcse"":0.0,""reference_shift_is_confidence_interval"":false,""reference_shift_max"":0.0004718762591562382,""reference_shift_min"":0.0004718762591562382,""resampled_valid_count_range"":[24,24],""resampling_plan_sha256"":""a6d11f0b74ce64eb54e72b3a36ed7ad8976b45274324db021b3d94f0e34534ec"",""squared_discrepancy_standard_error"":0.00012537313372451716,""supplied_reference_value"":0.0,""unconditional_squared_discrepancy"":0.0004718762591562382,""undefined_bootstrap_replicates"":0,""valid"":24}","{""available_functions_missing_cost"":0,""conditioning"":""same finite function estimates as conditional error; all such costs must be complete"",""confidence_interval"":{""high"":7.118311195510858,""low"":6.976150381206765},""function_available"":24,""interval_diagnostics"":{""bca_acceleration"":-0.03125313972148067,""bca_adjusted_quantiles"":[0.016612766836757997,0.9648633666305675],""bca_bias_percentile"":0.49224922492249223,""bootstrap_expected_tail_counts"":[166.1110556007432,351.3311970609557],""minimum_valid_repetitions"":20,""resampled_valid_count_range"":[24,24],""resampling_plan_sha256"":""a6d11f0b74ce64eb54e72b3a36ed7ad8976b45274324db021b3d94f0e34534ec"",""undefined_bootstrap_replicates"":0},""interval_status"":""available"",""mean_seconds"":7.055619070837565,""output_outcome_counts"":{""infrastructure_interruption"":0,""measurement_available"":0,""not_run"":0,""numerical_failure"":0,""output_failure_unclassified"":0,""resource_failure"":0,""valid"":24},""planned"":24,""plot_error_cost_point"":true,""reference_kind"":""analytic""}"
standard_q1,cuda-mala-sequential,1024,research_execution,24,24,analytic,0.0,0.0,0.0004718762591562382,0.00029715766863908533,0.0008520463187041423,available,9.390202549998321,9.307087840606833,9.453513422130582,available,True,"{""bca_acceleration"":0.08243796015311852,""bca_adjusted_quantiles"":[0.06141721013872769,0.9944411140051412],""bca_bias_percentile"":0.532953295329533,""bootstrap_expected_tail_counts"":[614.1106841771382,55.58330106259278],""claim_type"":""analytic_mse"",""conditional_squared_discrepancy"":0.0004718762591562382,""confidence_interval"":{""high"":0.0008520463187041423,""low"":0.00029715766863908533},""confidence_level"":0.95,""failed_or_unavailable"":0,""interval_coverage"":""pointwise_conditional_on_supplied_reference"",""interval_method"":""BCa"",""interval_status"":""available"",""minimum_valid_repetitions"":20,""observed_estimate_mean"":-0.004412423560281877,""planned"":24,""reference_eligible"":true,""reference_kind"":""analytic"",""reference_mcse"":0.0,""reference_shift_is_confidence_interval"":false,""reference_shift_max"":0.0004718762591562382,""reference_shift_min"":0.0004718762591562382,""resampled_valid_count_range"":[24,24],""resampling_plan_sha256"":""a6d11f0b74ce64eb54e72b3a36ed7ad8976b45274324db021b3d94f0e34534ec"",""squared_discrepancy_standard_error"":0.00012537313372451716,""supplied_reference_value"":0.0,""unconditional_squared_discrepancy"":0.0004718762591562382,""undefined_bootstrap_replicates"":0,""valid"":24}","{""available_functions_missing_cost"":0,""conditioning"":""same finite function estimates as conditional error; all such costs must be complete"",""confidence_interval"":{""high"":9.453513422130582,""low"":9.307087840606833},""function_available"":24,""interval_diagnostics"":{""bca_acceleration"":-0.033022298360204955,""bca_adjusted_quantiles"":[0.01572873470170674,0.9634306053513255],""bca_bias_percentile"":0.4896489648964896,""bootstrap_expected_tail_counts"":[157.2716182823657,365.6573770920961],""minimum_valid_repetitions"":20,""resampled_valid_count_range"":[24,24],""resampling_plan_sha256"":""a6d11f0b74ce64eb54e72b3a36ed7ad8976b45274324db021b3d94f0e34534ec"",""undefined_bootstrap_replicates"":0},""interval_status"":""available"",""mean_seconds"":9.390202549998321,""output_outcome_counts"":{""infrastructure_interruption"":0,""measurement_available"":0,""not_run"":0,""numerical_failure"":0,""output_failure_unclassified"":0,""resource_failure"":0,""valid"":24},""planned"":24,""plot_error_cost_point"":true,""reference_kind"":""analytic""}"
standard_q1,cuda-mala-sequential,4096,ordinary_workflow,24,24,analytic,0.0,0.0,0.00019571925465552886,0.00012687060278816865,0.0003326147346577162,available,15.462969470828284,15.124795997403256,15.752708036573246,available,True,"{""bca_acceleration"":0.07554143164321866,""bca_adjusted_quantiles"":[0.059369955605029584,0.9937880431127875],""bca_bias_percentile"":0.5332533253325332,""bootstrap_expected_tail_counts"":[593.6401860946908,62.11335691523823],""claim_type"":""analytic_mse"",""conditional_squared_discrepancy"":0.00019571925465552886,""confidence_interval"":{""high"":0.0003326147346577162,""low"":0.00012687060278816865},""confidence_level"":0.95,""failed_or_unavailable"":0,""interval_coverage"":""pointwise_conditional_on_supplied_reference"",""interval_method"":""BCa"",""interval_status"":""available"",""minimum_valid_repetitions"":20,""observed_estimate_mean"":-0.0008060481204784759,""planned"":24,""reference_eligible"":true,""reference_kind"":""analytic"",""reference_mcse"":0.0,""reference_shift_is_confidence_interval"":false,""reference_shift_max"":0.00019571925465552886,""reference_shift_min"":0.00019571925465552886,""resampled_valid_count_range"":[24,24],""resampling_plan_sha256"":""a6d11f0b74ce64eb54e72b3a36ed7ad8976b45274324db021b3d94f0e34534ec"",""squared_discrepancy_standard_error"":4.865680286069337e-05,""supplied_reference_value"":0.0,""unconditional_squared_discrepancy"":0.00019571925465552886,""undefined_bootstrap_replicates"":0,""valid"":24}","{""available_functions_missing_cost"":0,""conditioning"":""same finite function estimates as conditional error; all such costs must be complete"",""confidence_interval"":{""high"":15.752708036573246,""low"":15.124795997403256},""function_available"":24,""interval_diagnostics"":{""bca_acceleration"":-0.018318107867185924,""bca_adjusted_quantiles"":[0.018879594555521684,0.9678876055895707],""bca_bias_percentile"":0.49144914491449143,""bootstrap_expected_tail_counts"":[188.7770659606613,321.091831709883],""minimum_valid_repetitions"":20,""resampled_valid_count_range"":[24,24],""resampling_plan_sha256"":""a6d11f0b74ce64eb54e72b3a36ed7ad8976b45274324db021b3d94f0e34534ec"",""undefined_bootstrap_replicates"":0},""interval_status"":""available"",""mean_seconds"":15.462969470828284,""output_outcome_counts"":{""infrastructure_interruption"":0,""measurement_available"":0,""not_run"":0,""numerical_failure"":0,""output_failure_unclassified"":0,""resource_failure"":0,""valid"":24},""planned"":24,""plot_error_cost_point"":true,""reference_kind"":""analytic""}"
standard_q1,cuda-mala-sequential,4096,research_execution,24,24,analytic,0.0,0.0,0.00019571925465552886,0.00012687060278816865,0.0003326147346577162,available,18.13696438333909,17.814101960863805,18.401306399346602,available,True,"{""bca_acceleration"":0.07554143164321866,""bca_adjusted_quantiles"":[0.059369955605029584,0.9937880431127875],""bca_bias_percentile"":0.5332533253325332,""bootstrap_expected_tail_counts"":[593.6401860946908,62.11335691523823],""claim_type"":""analytic_mse"",""conditional_squared_discrepancy"":0.00019571925465552886,""confidence_interval"":{""high"":0.0003326147346577162,""low"":0.00012687060278816865},""confidence_level"":0.95,""failed_or_unavailable"":0,""interval_coverage"":""pointwise_conditional_on_supplied_reference"",""interval_method"":""BCa"",""interval_status"":""available"",""minimum_valid_repetitions"":20,""observed_estimate_mean"":-0.0008060481204784759,""planned"":24,""reference_eligible"":true,""reference_kind"":""analytic"",""reference_mcse"":0.0,""reference_shift_is_confidence_interval"":false,""reference_shift_max"":0.00019571925465552886,""reference_shift_min"":0.00019571925465552886,""resampled_valid_count_range"":[24,24],""resampling_plan_sha256"":""a6d11f0b74ce64eb54e72b3a36ed7ad8976b45274324db021b3d94f0e34534ec"",""squared_discrepancy_standard_error"":4.865680286069337e-05,""supplied_reference_value"":0.0,""unconditional_squared_discrepancy"":0.00019571925465552886,""undefined_bootstrap_replicates"":0,""valid"":24}","{""available_functions_missing_cost"":0,""conditioning"":""same finite function estimates as conditional error; all such costs must be complete"",""confidence_interval"":{""high"":18.401306399346602,""low"":17.814101960863805},""function_available"":24,""interval_diagnostics"":{""bca_acceleration"":-0.023298938660408795,""bca_adjusted_quantiles"":[0.017235195434476686,0.9655374689463674],""bca_bias_percentile"":0.4884488448844885,""bootstrap_expected_tail_counts"":[172.3347191493324,344.59084800527256],""minimum_valid_repetitions"":20,""resampled_valid_count_range"":[24,24],""resampling_plan_sha256"":""a6d11f0b74ce64eb54e72b3a36ed7ad8976b45274324db021b3d94f0e34534ec"",""undefined_bootstrap_replicates"":0},""interval_status"":""available"",""mean_seconds"":18.13696438333909,""output_outcome_counts"":{""infrastructure_interruption"":0,""measurement_available"":0,""not_run"":0,""numerical_failure"":0,""output_failure_unclassified"":0,""resource_failure"":0,""valid"":24},""planned"":24,""plot_error_cost_point"":true,""reference_kind"":""analytic""}"
standard_q1,cuda-rwm-online_picard,1024,ordinary_workflow,24,24,analytic,0.0,0.0,0.006234381213775108,0.0035252962441264754,0.010432083127462211,available,3.2288671125077144,3.2138187616921394,3.244367398959589,available,True,"{""bca_acceleration"":0.049890263647032584,""bca_adjusted_quantiles"":[0.042678461715160154,0.9878243029942111],""bca_bias_percentile"":0.5141514151415142,""bootstrap_expected_tail_counts"":[426.74193868988635,121.74479436088332],""claim_type"":""analytic_mse"",""conditional_squared_discrepancy"":0.006234381213775108,""confidence_interval"":{""high"":0.010432083127462211,""low"":0.0035252962441264754},""confidence_level"":0.95,""failed_or_unavailable"":0,""interval_coverage"":""pointwise_conditional_on_supplied_reference"",""interval_method"":""BCa"",""interval_status"":""available"",""minimum_valid_repetitions"":20,""observed_estimate_mean"":-0.012007824971543037,""planned"":24,""reference_eligible"":true,""reference_kind"":""analytic"",""reference_mcse"":0.0,""reference_shift_is_confidence_interval"":false,""reference_shift_max"":0.006234381213775108,""reference_shift_min"":0.006234381213775108,""resampled_valid_count_range"":[24,24],""resampling_plan_sha256"":""a6d11f0b74ce64eb54e72b3a36ed7ad8976b45274324db021b3d94f0e34534ec"",""squared_discrepancy_standard_error"":0.001713511960676418,""supplied_reference_value"":0.0,""unconditional_squared_discrepancy"":0.006234381213775108,""undefined_bootstrap_replicates"":0,""valid"":24}","{""available_functions_missing_cost"":0,""conditioning"":""same finite function estimates as conditional error; all such costs must be complete"",""confidence_interval"":{""high"":3.244367398959589,""low"":3.2138187616921394},""function_available"":24,""interval_diagnostics"":{""bca_acceleration"":0.00574918036081473,""bca_adjusted_quantiles"":[0.02484239871954884,0.974837940490808],""bca_bias_percentile"":0.49504950495049505,""bootstrap_expected_tail_counts"":[248.39914479676884,251.59543303241117],""minimum_valid_repetitions"":20,""resampled_valid_count_range"":[24,24],""resampling_plan_sha256"":""a6d11f0b74ce64eb54e72b3a36ed7ad8976b45274324db021b3d94f0e34534ec"",""undefined_bootstrap_replicates"":0},""interval_status"":""available"",""mean_seconds"":3.2288671125077144,""output_outcome_counts"":{""infrastructure_interruption"":0,""measurement_available"":0,""not_run"":0,""numerical_failure"":0,""output_failure_unclassified"":0,""resource_failure"":0,""valid"":24},""planned"":24,""plot_error_cost_point"":true,""reference_kind"":""analytic""}"
standard_q1,cuda-rwm-online_picard,1024,research_execution,24,24,analytic,0.0,0.0,0.006234381213775108,0.0035252962441264754,0.010432083127462211,available,5.45826783332988,5.419743313573861,5.495257167334969,available,True,"{""bca_acceleration"":0.049890263647032584,""bca_adjusted_quantiles"":[0.042678461715160154,0.9878243029942111],""bca_bias_percentile"":0.5141514151415142,""bootstrap_expected_tail_counts"":[426.74193868988635,121.74479436088332],""claim_type"":""analytic_mse"",""conditional_squared_discrepancy"":0.006234381213775108,""confidence_interval"":{""high"":0.010432083127462211,""low"":0.0035252962441264754},""confidence_level"":0.95,""failed_or_unavailable"":0,""interval_coverage"":""pointwise_conditional_on_supplied_reference"",""interval_method"":""BCa"",""interval_status"":""available"",""minimum_valid_repetitions"":20,""observed_estimate_mean"":-0.012007824971543037,""planned"":24,""reference_eligible"":true,""reference_kind"":""analytic"",""reference_mcse"":0.0,""reference_shift_is_confidence_interval"":false,""reference_shift_max"":0.006234381213775108,""reference_shift_min"":0.006234381213775108,""resampled_valid_count_range"":[24,24],""resampling_plan_sha256"":""a6d11f0b74ce64eb54e72b3a36ed7ad8976b45274324db021b3d94f0e34534ec"",""squared_discrepancy_standard_error"":0.001713511960676418,""supplied_reference_value"":0.0,""unconditional_squared_discrepancy"":0.006234381213775108,""undefined_bootstrap_replicates"":0,""valid"":24}","{""available_functions_missing_cost"":0,""conditioning"":""same finite function estimates as conditional error; all such costs must be complete"",""confidence_interval"":{""high"":5.495257167334969,""low"":5.419743313573861},""function_available"":24,""interval_diagnostics"":{""bca_acceleration"":-0.004015471702845966,""bca_adjusted_quantiles"":[0.02324452512947812,0.9731647076812899],""bca_bias_percentile"":0.4969496949694969,""bootstrap_expected_tail_counts"":[232.42200676965174,268.326087894782],""minimum_valid_repetitions"":20,""resampled_valid_count_range"":[24,24],""resampling_plan_sha256"":""a6d11f0b74ce64eb54e72b3a36ed7ad8976b45274324db021b3d94f0e34534ec"",""undefined_bootstrap_replicates"":0},""interval_status"":""available"",""mean_seconds"":5.45826783332988,""output_outcome_counts"":{""infrastructure_interruption"":0,""measurement_available"":0,""not_run"":0,""numerical_failure"":0,""output_failure_unclassified"":0,""resource_failure"":0,""valid"":24},""planned"":24,""plot_error_cost_point"":true,""reference_kind"":""analytic""}"
standard_q1,cuda-rwm-online_picard,4096,ordinary_workflow,24,24,analytic,0.0,0.0,0.0014491440489441377,0.0008024046048220802,0.002486084580264629,available,4.8754272666713705,4.829938875261464,4.935911767096556,available,True,"{""bca_acceleration"":0.054872508115303836,""bca_adjusted_quantiles"":[0.04563239454576207,0.9891822841986591],""bca_bias_percentile"":0.5177517751775178,""bootstrap_expected_tail_counts"":[456.2783130630749,108.1663402976081],""claim_type"":""analytic_mse"",""conditional_squared_discrepancy"":0.0014491440489441377,""confidence_interval"":{""high"":0.002486084580264629,""low"":0.0008024046048220802},""confidence_level"":0.95,""failed_or_unavailable"":0,""interval_coverage"":""pointwise_conditional_on_supplied_reference"",""interval_method"":""BCa"",""interval_status"":""available"",""minimum_valid_repetitions"":20,""observed_estimate_mean"":0.000939835117394883,""planned"":24,""reference_eligible"":true,""reference_kind"":""analytic"",""reference_mcse"":0.0,""reference_shift_is_confidence_interval"":false,""reference_shift_max"":0.0014491440489441377,""reference_shift_min"":0.0014491440489441377,""resampled_valid_count_range"":[24,24],""resampling_plan_sha256"":""a6d11f0b74ce64eb54e72b3a36ed7ad8976b45274324db021b3d94f0e34534ec"",""squared_discrepancy_standard_error"":0.0004163376642131206,""supplied_reference_value"":0.0,""unconditional_squared_discrepancy"":0.0014491440489441377,""undefined_bootstrap_replicates"":0,""valid"":24}","{""available_functions_missing_cost"":0,""conditioning"":""same finite function estimates as conditional error; all such costs must be complete"",""confidence_interval"":{""high"":4.935911767096556,""low"":4.829938875261464},""function_available"":24,""interval_diagnostics"":{""bca_acceleration"":0.031457058986614606,""bca_adjusted_quantiles"":[0.03544756411140227,0.9835788891587136],""bca_bias_percentile"":0.5084508450845084,""bootstrap_expected_tail_counts"":[354.4401935499113,164.19468730202263],""minimum_valid_repetitions"":20,""resampled_valid_count_range"":[24,24],""resampling_plan_sha256"":""a6d11f0b74ce64eb54e72b3a36ed7ad8976b45274324db021b3d94f0e34534ec"",""undefined_bootstrap_replicates"":0},""interval_status"":""available"",""mean_seconds"":4.8754272666713705,""output_outcome_counts"":{""infrastructure_interruption"":0,""measurement_available"":0,""not_run"":0,""numerical_failure"":0,""output_failure_unclassified"":0,""resource_failure"":0,""valid"":24},""planned"":24,""plot_error_cost_point"":true,""reference_kind"":""analytic""}"
standard_q1,cuda-rwm-online_picard,4096,research_execution,24,24,analytic,0.0,0.0,0.0014491440489441377,0.0008024046048220802,0.002486084580264629,available,7.2233891374952846,7.173216752053495,7.289208890945715,available,True,"{""bca_acceleration"":0.054872508115303836,""bca_adjusted_quantiles"":[0.04563239454576207,0.9891822841986591],""bca_bias_percentile"":0.5177517751775178,""bootstrap_expected_tail_counts"":[456.2783130630749,108.1663402976081],""claim_type"":""analytic_mse"",""conditional_squared_discrepancy"":0.0014491440489441377,""confidence_interval"":{""high"":0.002486084580264629,""low"":0.0008024046048220802},""confidence_level"":0.95,""failed_or_unavailable"":0,""interval_coverage"":""pointwise_conditional_on_supplied_reference"",""interval_method"":""BCa"",""interval_status"":""available"",""minimum_valid_repetitions"":20,""observed_estimate_mean"":0.000939835117394883,""planned"":24,""reference_eligible"":true,""reference_kind"":""analytic"",""reference_mcse"":0.0,""reference_shift_is_confidence_interval"":false,""reference_shift_max"":0.0014491440489441377,""reference_shift_min"":0.0014491440489441377,""resampled_valid_count_range"":[24,24],""resampling_plan_sha256"":""a6d11f0b74ce64eb54e72b3a36ed7ad8976b45274324db021b3d94f0e34534ec"",""squared_discrepancy_standard_error"":0.0004163376642131206,""supplied_reference_value"":0.0,""unconditional_squared_discrepancy"":0.0014491440489441377,""undefined_bootstrap_replicates"":0,""valid"":24}","{""available_functions_missing_cost"":0,""conditioning"":""same finite function estimates as conditional error; all such costs must be complete"",""confidence_interval"":{""high"":7.289208890945715,""low"":7.173216752053495},""function_available"":24,""interval_diagnostics"":{""bca_acceleration"":0.027766293425127445,""bca_adjusted_quantiles"":[0.0352976969941626,0.9833875117394283],""bca_bias_percentile"":0.5106510651065107,""bootstrap_expected_tail_counts"":[352.9416722446319,166.10827011745656],""minimum_valid_repetitions"":20,""resampled_valid_count_range"":[24,24],""resampling_plan_sha256"":""a6d11f0b74ce64eb54e72b3a36ed7ad8976b45274324db021b3d94f0e34534ec"",""undefined_bootstrap_replicates"":0},""interval_status"":""available"",""mean_seconds"":7.2233891374952846,""output_outcome_counts"":{""infrastructure_interruption"":0,""measurement_available"":0,""not_run"":0,""numerical_failure"":0,""output_failure_unclassified"":0,""resource_failure"":0,""valid"":24},""planned"":24,""plot_error_cost_point"":true,""reference_kind"":""analytic""}"
standard_q1,cuda-rwm-sequential,1024,ordinary_workflow,24,24,analytic,0.0,0.0,0.006234381213775105,0.0035252962441264784,0.010432083127462199,available,3.4309678833389703,3.4133635411115044,3.452022902254785,available,True,"{""bca_acceleration"":0.04989026364703279,""bca_adjusted_quantiles"":[0.0426784617151602,0.9878243029942111],""bca_bias_percentile"":0.5141514151415142,""bootstrap_expected_tail_counts"":[426.74193868988687,121.74479436088332],""claim_type"":""analytic_mse"",""conditional_squared_discrepancy"":0.006234381213775105,""confidence_interval"":{""high"":0.010432083127462199,""low"":0.0035252962441264784},""confidence_level"":0.95,""failed_or_unavailable"":0,""interval_coverage"":""pointwise_conditional_on_supplied_reference"",""interval_method"":""BCa"",""interval_status"":""available"",""minimum_valid_repetitions"":20,""observed_estimate_mean"":-0.01200782497154302,""planned"":24,""reference_eligible"":true,""reference_kind"":""analytic"",""reference_mcse"":0.0,""reference_shift_is_confidence_interval"":false,""reference_shift_max"":0.006234381213775105,""reference_shift_min"":0.006234381213775105,""resampled_valid_count_range"":[24,24],""resampling_plan_sha256"":""a6d11f0b74ce64eb54e72b3a36ed7ad8976b45274324db021b3d94f0e34534ec"",""squared_discrepancy_standard_error"":0.0017135119606764152,""supplied_reference_value"":0.0,""unconditional_squared_discrepancy"":0.006234381213775105,""undefined_bootstrap_replicates"":0,""valid"":24}","{""available_functions_missing_cost"":0,""conditioning"":""same finite function estimates as conditional error; all such costs must be complete"",""confidence_interval"":{""high"":3.452022902254785,""low"":3.4133635411115044},""function_available"":24,""interval_diagnostics"":{""bca_acceleration"":0.021924407294548774,""bca_adjusted_quantiles"":[0.031701513850419624,0.980908280265035],""bca_bias_percentile"":0.5047504750475047,""bootstrap_expected_tail_counts"":[316.9834369903458,190.89810562991545],""minimum_valid_repetitions"":20,""resampled_valid_count_range"":[24,24],""resampling_plan_sha256"":""a6d11f0b74ce64eb54e72b3a36ed7ad8976b45274324db021b3d94f0e34534ec"",""undefined_bootstrap_replicates"":0},""interval_status"":""available"",""mean_seconds"":3.4309678833389703,""output_outcome_counts"":{""infrastructure_interruption"":0,""measurement_available"":0,""not_run"":0,""numerical_failure"":0,""output_failure_unclassified"":0,""resource_failure"":0,""valid"":24},""planned"":24,""plot_error_cost_point"":true,""reference_kind"":""analytic""}"
standard_q1,cuda-rwm-sequential,1024,research_execution,24,24,analytic,0.0,0.0,0.006234381213775105,0.0035252962441264784,0.010432083127462199,available,5.667159566670004,5.626315651880082,5.711885504562439,available,True,"{""bca_acceleration"":0.04989026364703279,""bca_adjusted_quantiles"":[0.0426784617151602,0.9878243029942111],""bca_bias_percentile"":0.5141514151415142,""bootstrap_expected_tail_counts"":[426.74193868988687,121.74479436088332],""claim_type"":""analytic_mse"",""conditional_squared_discrepancy"":0.006234381213775105,""confidence_interval"":{""high"":0.010432083127462199,""low"":0.0035252962441264784},""confidence_level"":0.95,""failed_or_unavailable"":0,""interval_coverage"":""pointwise_conditional_on_supplied_reference"",""interval_method"":""BCa"",""interval_status"":""available"",""minimum_valid_repetitions"":20,""observed_estimate_mean"":-0.01200782497154302,""planned"":24,""reference_eligible"":true,""reference_kind"":""analytic"",""reference_mcse"":0.0,""reference_shift_is_confidence_interval"":false,""reference_shift_max"":0.006234381213775105,""reference_shift_min"":0.006234381213775105,""resampled_valid_count_range"":[24,24],""resampling_plan_sha256"":""a6d11f0b74ce64eb54e72b3a36ed7ad8976b45274324db021b3d94f0e34534ec"",""squared_discrepancy_standard_error"":0.0017135119606764152,""supplied_reference_value"":0.0,""unconditional_squared_discrepancy"":0.006234381213775105,""undefined_bootstrap_replicates"":0,""valid"":24}","{""available_functions_missing_cost"":0,""conditioning"":""same finite function estimates as conditional error; all such costs must be complete"",""confidence_interval"":{""high"":5.711885504562439,""low"":5.626315651880082},""function_available"":24,""interval_diagnostics"":{""bca_acceleration"":0.00746554442455818,""bca_adjusted_quantiles"":[0.02853424684098511,0.9782480965033223],""bca_bias_percentile"":0.5058505850585059,""bootstrap_expected_tail_counts"":[285.3139341630101,217.49728306327992],""minimum_valid_repetitions"":20,""resampled_valid_count_range"":[24,24],""resampling_plan_sha256"":""a6d11f0b74ce64eb54e72b3a36ed7ad8976b45274324db021b3d94f0e34534ec"",""undefined_bootstrap_replicates"":0},""interval_status"":""available"",""mean_seconds"":5.667159566670004,""output_outcome_counts"":{""infrastructure_interruption"":0,""measurement_available"":0,""not_run"":0,""numerical_failure"":0,""output_failure_unclassified"":0,""resource_failure"":0,""valid"":24},""planned"":24,""plot_error_cost_point"":true,""reference_kind"":""analytic""}"
standard_q1,cuda-rwm-sequential,4096,ordinary_workflow,24,24,analytic,0.0,0.0,0.001449144048944142,0.0008024046048220716,0.0024860845802646414,available,5.916267170831134,5.854273617664213,5.98111441642951,available,True,"{""bca_acceleration"":0.05487250811530256,""bca_adjusted_quantiles"":[0.04563239454576169,0.9891822841986588],""bca_bias_percentile"":0.5177517751775178,""bootstrap_expected_tail_counts"":[456.27831306307115,108.16634029761032],""claim_type"":""analytic_mse"",""conditional_squared_discrepancy"":0.001449144048944142,""confidence_interval"":{""high"":0.0024860845802646414,""low"":0.0008024046048220716},""confidence_level"":0.95,""failed_or_unavailable"":0,""interval_coverage"":""pointwise_conditional_on_supplied_reference"",""interval_method"":""BCa"",""interval_status"":""available"",""minimum_valid_repetitions"":20,""observed_estimate_mean"":0.0009398351173949098,""planned"":24,""reference_eligible"":true,""reference_kind"":""analytic"",""reference_mcse"":0.0,""reference_shift_is_confidence_interval"":false,""reference_shift_max"":0.001449144048944142,""reference_shift_min"":0.001449144048944142,""resampled_valid_count_range"":[24,24],""resampling_plan_sha256"":""a6d11f0b74ce64eb54e72b3a36ed7ad8976b45274324db021b3d94f0e34534ec"",""squared_discrepancy_standard_error"":0.000416337664213119,""supplied_reference_value"":0.0,""unconditional_squared_discrepancy"":0.001449144048944142,""undefined_bootstrap_replicates"":0,""valid"":24}","{""available_functions_missing_cost"":0,""conditioning"":""same finite function estimates as conditional error; all such costs must be complete"",""confidence_interval"":{""high"":5.98111441642951,""low"":5.854273617664213},""function_available"":24,""interval_diagnostics"":{""bca_acceleration"":0.004028554257656475,""bca_adjusted_quantiles"":[0.026531274047108172,0.9764790716031286],""bca_bias_percentile"":0.502050205020502,""bootstrap_expected_tail_counts"":[265.2862091970346,235.18576304031677],""minimum_valid_repetitions"":20,""resampled_valid_count_range"":[24,24],""resampling_plan_sha256"":""a6d11f0b74ce64eb54e72b3a36ed7ad8976b45274324db021b3d94f0e34534ec"",""undefined_bootstrap_replicates"":0},""interval_status"":""available"",""mean_seconds"":5.916267170831134,""output_outcome_counts"":{""infrastructure_interruption"":0,""measurement_available"":0,""not_run"":0,""numerical_failure"":0,""output_failure_unclassified"":0,""resource_failure"":0,""valid"":24},""planned"":24,""plot_error_cost_point"":true,""reference_kind"":""analytic""}"
standard_q1,cuda-rwm-sequential,4096,research_execution,24,24,analytic,0.0,0.0,0.001449144048944142,0.0008024046048220716,0.0024860845802646414,available,8.305183537497518,8.24223673556025,8.384771425672765,available,True,"{""bca_acceleration"":0.05487250811530256,""bca_adjusted_quantiles"":[0.04563239454576169,0.9891822841986588],""bca_bias_percentile"":0.5177517751775178,""bootstrap_expected_tail_counts"":[456.27831306307115,108.16634029761032],""claim_type"":""analytic_mse"",""conditional_squared_discrepancy"":0.001449144048944142,""confidence_interval"":{""high"":0.0024860845802646414,""low"":0.0008024046048220716},""confidence_level"":0.95,""failed_or_unavailable"":0,""interval_coverage"":""pointwise_conditional_on_supplied_reference"",""interval_method"":""BCa"",""interval_status"":""available"",""minimum_valid_repetitions"":20,""observed_estimate_mean"":0.0009398351173949098,""planned"":24,""reference_eligible"":true,""reference_kind"":""analytic"",""reference_mcse"":0.0,""reference_shift_is_confidence_interval"":false,""reference_shift_max"":0.001449144048944142,""reference_shift_min"":0.001449144048944142,""resampled_valid_count_range"":[24,24],""resampling_plan_sha256"":""a6d11f0b74ce64eb54e72b3a36ed7ad8976b45274324db021b3d94f0e34534ec"",""squared_discrepancy_standard_error"":0.000416337664213119,""supplied_reference_value"":0.0,""unconditional_squared_discrepancy"":0.001449144048944142,""undefined_bootstrap_replicates"":0,""valid"":24}","{""available_functions_missing_cost"":0,""conditioning"":""same finite function estimates as conditional error; all such costs must be complete"",""confidence_interval"":{""high"":8.384771425672765,""low"":8.24223673556025},""function_available"":24,""interval_diagnostics"":{""bca_acceleration"":0.02327104610143631,""bca_adjusted_quantiles"":[0.034823408709464966,0.9829830557850537],""bca_bias_percentile"":0.5125512551255126,""bootstrap_expected_tail_counts"":[348.1992636859402,170.15242520524765],""minimum_valid_repetitions"":20,""resampled_valid_count_range"":[24,24],""resampling_plan_sha256"":""a6d11f0b74ce64eb54e72b3a36ed7ad8976b45274324db021b3d94f0e34534ec"",""undefined_bootstrap_replicates"":0},""interval_status"":""available"",""mean_seconds"":8.305183537497518,""output_outcome_counts"":{""infrastructure_interruption"":0,""measurement_available"":0,""not_run"":0,""numerical_failure"":0,""output_failure_unclassified"":0,""resource_failure"":0,""valid"":24},""planned"":24,""plot_error_cost_point"":true,""reference_kind"":""analytic""}"
standard_q1_squared,cpu-mala-quasi_deer,1024,ordinary_workflow,24,24,analytic,1.0,0.0,0.0017191525007269862,0.0010042968291739316,0.0031139371733812627,available,11.69943323334102,11.370173038264737,12.067815862446345,available,True,"{""bca_acceleration"":0.07543080830839435,""bca_adjusted_quantiles"":[0.05590183256476918,0.9930313170920477],""bca_bias_percentile"":0.5265526552655265,""bootstrap_expected_tail_counts"":[558.9624238151271,69.67986039661477],""claim_type"":""analytic_mse"",""conditional_squared_discrepancy"":0.0017191525007269862,""confidence_interval"":{""high"":0.0031139371733812627,""low"":0.0010042968291739316},""confidence_level"":0.95,""failed_or_unavailable"":0,""interval_coverage"":""pointwise_conditional_on_supplied_reference"",""interval_method"":""BCa"",""interval_status"":""available"",""minimum_valid_repetitions"":20,""observed_estimate_mean"":1.0095910422074366,""planned"":24,""reference_eligible"":true,""reference_kind"":""analytic"",""reference_mcse"":0.0,""reference_shift_is_confidence_interval"":false,""reference_shift_max"":0.0017191525007269862,""reference_shift_min"":0.0017191525007269862,""resampled_valid_count_range"":[24,24],""resampling_plan_sha256"":""a6d11f0b74ce64eb54e72b3a36ed7ad8976b45274324db021b3d94f0e34534ec"",""squared_discrepancy_standard_error"":0.0005024900839940374,""supplied_reference_value"":1.0,""unconditional_squared_discrepancy"":0.0017191525007269862,""undefined_bootstrap_replicates"":0,""valid"":24}","{""available_functions_missing_cost"":0,""conditioning"":""same finite function estimates as conditional error; all such costs must be complete"",""confidence_interval"":{""high"":12.067815862446345,""low"":11.370173038264737},""function_available"":24,""interval_diagnostics"":{""bca_acceleration"":0.010676515435148876,""bca_adjusted_quantiles"":[0.029638106129255597,0.9791722305766138],""bca_bias_percentile"":0.5068506850685068,""bootstrap_expected_tail_counts"":[296.3514231864267,208.25686646443816],""minimum_valid_repetitions"":20,""resampled_valid_count_range"":[24,24],""resampling_plan_sha256"":""a6d11f0b74ce64eb54e72b3a36ed7ad8976b45274324db021b3d94f0e34534ec"",""undefined_bootstrap_replicates"":0},""interval_status"":""available"",""mean_seconds"":11.69943323334102,""output_outcome_counts"":{""infrastructure_interruption"":0,""measurement_available"":0,""not_run"":0,""numerical_failure"":0,""output_failure_unclassified"":0,""resource_failure"":0,""valid"":24},""planned"":24,""plot_error_cost_point"":true,""reference_kind"":""analytic""}"
standard_q1_squared,cpu-mala-quasi_deer,1024,research_execution,24,24,analytic,1.0,0.0,0.0017191525007269862,0.0010042968291739316,0.0031139371733812627,available,14.053298645834198,13.705783806165664,14.445747383226344,available,True,"{""bca_acceleration"":0.07543080830839435,""bca_adjusted_quantiles"":[0.05590183256476918,0.9930313170920477],""bca_bias_percentile"":0.5265526552655265,""bootstrap_expected_tail_counts"":[558.9624238151271,69.67986039661477],""claim_type"":""analytic_mse"",""conditional_squared_discrepancy"":0.0017191525007269862,""confidence_interval"":{""high"":0.0031139371733812627,""low"":0.0010042968291739316},""confidence_level"":0.95,""failed_or_unavailable"":0,""interval_coverage"":""pointwise_conditional_on_supplied_reference"",""interval_method"":""BCa"",""interval_status"":""available"",""minimum_valid_repetitions"":20,""observed_estimate_mean"":1.0095910422074366,""planned"":24,""reference_eligible"":true,""reference_kind"":""analytic"",""reference_mcse"":0.0,""reference_shift_is_confidence_interval"":false,""reference_shift_max"":0.0017191525007269862,""reference_shift_min"":0.0017191525007269862,""resampled_valid_count_range"":[24,24],""resampling_plan_sha256"":""a6d11f0b74ce64eb54e72b3a36ed7ad8976b45274324db021b3d94f0e34534ec"",""squared_discrepancy_standard_error"":0.0005024900839940374,""supplied_reference_value"":1.0,""unconditional_squared_discrepancy"":0.0017191525007269862,""undefined_bootstrap_replicates"":0,""valid"":24}","{""available_functions_missing_cost"":0,""conditioning"":""same finite function estimates as conditional error; all such costs must be complete"",""confidence_interval"":{""high"":14.445747383226344,""low"":13.705783806165664},""function_available"":24,""interval_diagnostics"":{""bca_acceleration"":0.01138879322722423,""bca_adjusted_quantiles"":[0.0303475257552629,0.979723219211749],""bca_bias_percentile"":0.5084508450845084,""bootstrap_expected_tail_counts"":[303.44491002687374,202.7475311017219],""minimum_valid_repetitions"":20,""resampled_valid_count_range"":[24,24],""resampling_plan_sha256"":""a6d11f0b74ce64eb54e72b3a36ed7ad8976b45274324db021b3d94f0e34534ec"",""undefined_bootstrap_replicates"":0},""interval_status"":""available"",""mean_seconds"":14.053298645834198,""output_outcome_counts"":{""infrastructure_interruption"":0,""measurement_available"":0,""not_run"":0,""numerical_failure"":0,""output_failure_unclassified"":0,""resource_failure"":0,""valid"":24},""planned"":24,""plot_error_cost_point"":true,""reference_kind"":""analytic""}"
standard_q1_squared,cpu-mala-quasi_deer,4096,ordinary_workflow,24,24,analytic,1.0,0.0,0.00035120414373002396,0.00021205351971618442,0.0005990914274708782,available,29.662595254168725,28.605498546013717,30.78595981635375,available,True,"{""bca_acceleration"":0.06119891692756462,""bca_adjusted_quantiles"":[0.0501627755814426,0.9909443413261535],""bca_bias_percentile"":0.5236523652365237,""bootstrap_expected_tail_counts"":[501.57759303884455,90.54753107979116],""claim_type"":""analytic_mse"",""conditional_squared_discrepancy"":0.00035120414373002396,""confidence_interval"":{""high"":0.0005990914274708782,""low"":0.00021205351971618442},""confidence_level"":0.95,""failed_or_unavailable"":0,""interval_coverage"":""pointwise_conditional_on_supplied_reference"",""interval_method"":""BCa"",""interval_status"":""available"",""minimum_valid_repetitions"":20,""observed_estimate_mean"":1.0088076733000038,""planned"":24,""reference_eligible"":true,""reference_kind"":""analytic"",""reference_mcse"":0.0,""reference_shift_is_confidence_interval"":false,""reference_shift_max"":0.00035120414373002396,""reference_shift_min"":0.00035120414373002396,""resampled_valid_count_range"":[24,24],""resampling_plan_sha256"":""a6d11f0b74ce64eb54e72b3a36ed7ad8976b45274324db021b3d94f0e34534ec"",""squared_discrepancy_standard_error"":9.514146590670906e-05,""supplied_reference_value"":1.0,""unconditional_squared_discrepancy"":0.00035120414373002396,""undefined_bootstrap_replicates"":0,""valid"":24}","{""available_functions_missing_cost"":0,""conditioning"":""same finite function estimates as conditional error; all such costs must be complete"",""confidence_interval"":{""high"":30.78595981635375,""low"":28.605498546013717},""function_available"":24,""interval_diagnostics"":{""bca_acceleration"":0.007448921688966337,""bca_adjusted_quantiles"":[0.026315356025661516,0.9762962832489034],""bca_bias_percentile"":0.49874987498749873,""bootstrap_expected_tail_counts"":[263.1272449005895,237.01346379421506],""minimum_valid_repetitions"":20,""resampled_valid_count_range"":[24,24],""resampling_plan_sha256"":""a6d11f0b74ce64eb54e72b3a36ed7ad8976b45274324db021b3d94f0e34534ec"",""undefined_bootstrap_replicates"":0},""interval_status"":""available"",""mean_seconds"":29.662595254168725,""output_outcome_counts"":{""infrastructure_interruption"":0,""measurement_available"":0,""not_run"":0,""numerical_failure"":0,""output_failure_unclassified"":0,""resource_failure"":0,""valid"":24},""planned"":24,""plot_error_cost_point"":true,""reference_kind"":""analytic""}"
standard_q1_squared,cpu-mala-quasi_deer,4096,research_execution,24,24,analytic,1.0,0.0,0.00035120414373002396,0.00021205351971618442,0.0005990914274708782,available,32.34749674583107,31.270513832667966,33.48028962982801,available,True,"{""bca_acceleration"":0.06119891692756462,""bca_adjusted_quantiles"":[0.0501627755814426,0.9909443413261535],""bca_bias_percentile"":0.5236523652365237,""bootstrap_expected_tail_counts"":[501.57759303884455,90.54753107979116],""claim_type"":""analytic_mse"",""conditional_squared_discrepancy"":0.00035120414373002396,""confidence_interval"":{""high"":0.0005990914274708782,""low"":0.00021205351971618442},""confidence_level"":0.95,""failed_or_unavailable"":0,""interval_coverage"":""pointwise_conditional_on_supplied_reference"",""interval_method"":""BCa"",""interval_status"":""available"",""minimum_valid_repetitions"":20,""observed_estimate_mean"":1.0088076733000038,""planned"":24,""reference_eligible"":true,""reference_kind"":""analytic"",""reference_mcse"":0.0,""reference_shift_is_confidence_interval"":false,""reference_shift_max"":0.00035120414373002396,""reference_shift_min"":0.00035120414373002396,""resampled_valid_count_range"":[24,24],""resampling_plan_sha256"":""a6d11f0b74ce64eb54e72b3a36ed7ad8976b45274324db021b3d94f0e34534ec"",""squared_discrepancy_standard_error"":9.514146590670906e-05,""supplied_reference_value"":1.0,""unconditional_squared_discrepancy"":0.00035120414373002396,""undefined_bootstrap_replicates"":0,""valid"":24}","{""available_functions_missing_cost"":0,""conditioning"":""same finite function estimates as conditional error; all such costs must be complete"",""confidence_interval"":{""high"":33.48028962982801,""low"":31.270513832667966},""function_available"":24,""interval_diagnostics"":{""bca_acceleration"":0.00736104806065922,""bca_adjusted_quantiles"":[0.025757493575613993,0.9757600751040372],""bca_bias_percentile"":0.4969496949694969,""bootstrap_expected_tail_counts"":[257.54917826256434,242.3750090347323],""minimum_valid_repetitions"":20,""resampled_valid_count_range"":[24,24],""resampling_plan_sha256"":""a6d11f0b74ce64eb54e72b3a36ed7ad8976b45274324db021b3d94f0e34534ec"",""undefined_bootstrap_replicates"":0},""interval_status"":""available"",""mean_seconds"":32.34749674583107,""output_outcome_counts"":{""infrastructure_interruption"":0,""measurement_available"":0,""not_run"":0,""numerical_failure"":0,""output_failure_unclassified"":0,""resource_failure"":0,""valid"":24},""planned"":24,""plot_error_cost_point"":true,""reference_kind"":""analytic""}"
standard_q1_squared,cpu-mala-sequential,1024,ordinary_workflow,24,24,analytic,1.0,0.0,0.0017191525007186838,0.0010042968291704454,0.0031139371733725245,available,4.077028329172208,4.065145507353308,4.089680745606165,available,True,"{""bca_acceleration"":0.07543080830832148,""bca_adjusted_quantiles"":[0.055901832564746644,0.9930313170920396],""bca_bias_percentile"":0.5265526552655265,""bootstrap_expected_tail_counts"":[558.9624238149017,69.67986039669582],""claim_type"":""analytic_mse"",""conditional_squared_discrepancy"":0.0017191525007186838,""confidence_interval"":{""high"":0.0031139371733725245,""low"":0.0010042968291704454},""confidence_level"":0.95,""failed_or_unavailable"":0,""interval_coverage"":""pointwise_conditional_on_supplied_reference"",""interval_method"":""BCa"",""interval_status"":""available"",""minimum_valid_repetitions"":20,""observed_estimate_mean"":1.009591042207286,""planned"":24,""reference_eligible"":true,""reference_kind"":""analytic"",""reference_mcse"":0.0,""reference_shift_is_confidence_interval"":false,""reference_shift_max"":0.0017191525007186838,""reference_shift_min"":0.0017191525007186838,""resampled_valid_count_range"":[24,24],""resampling_plan_sha256"":""a6d11f0b74ce64eb54e72b3a36ed7ad8976b45274324db021b3d94f0e34534ec"",""squared_discrepancy_standard_error"":0.000502490083991863,""supplied_reference_value"":1.0,""unconditional_squared_discrepancy"":0.0017191525007186838,""undefined_bootstrap_replicates"":0,""valid"":24}","{""available_functions_missing_cost"":0,""conditioning"":""same finite function estimates as conditional error; all such costs must be complete"",""confidence_interval"":{""high"":4.089680745606165,""low"":4.065145507353308},""function_available"":24,""interval_diagnostics"":{""bca_acceleration"":0.0052897872683413194,""bca_adjusted_quantiles"":[0.02827014116253521,0.9780053663574629],""bca_bias_percentile"":0.5066506650665067,""bootstrap_expected_tail_counts"":[282.67314148418956,219.9243417917281],""minimum_valid_repetitions"":20,""resampled_valid_count_range"":[24,24],""resampling_plan_sha256"":""a6d11f0b74ce64eb54e72b3a36ed7ad8976b45274324db021b3d94f0e34534ec"",""undefined_bootstrap_replicates"":0},""interval_status"":""available"",""mean_seconds"":4.077028329172208,""output_outcome_counts"":{""infrastructure_interruption"":0,""measurement_available"":0,""not_run"":0,""numerical_failure"":0,""output_failure_unclassified"":0,""resource_failure"":0,""valid"":24},""planned"":24,""plot_error_cost_point"":true,""reference_kind"":""analytic""}"
standard_q1_squared,cpu-mala-sequential,1024,research_execution,24,24,analytic,1.0,0.0,0.0017191525007186838,0.0010042968291704454,0.0031139371733725245,available,6.423646124993145,6.380768000196984,6.4636012595755234,available,True,"{""bca_acceleration"":0.07543080830832148,""bca_adjusted_quantiles"":[0.055901832564746644,0.9930313170920396],""bca_bias_percentile"":0.5265526552655265,""bootstrap_expected_tail_counts"":[558.9624238149017,69.67986039669582],""claim_type"":""analytic_mse"",""conditional_squared_discrepancy"":0.0017191525007186838,""confidence_interval"":{""high"":0.0031139371733725245,""low"":0.0010042968291704454},""confidence_level"":0.95,""failed_or_unavailable"":0,""interval_coverage"":""pointwise_conditional_on_supplied_reference"",""interval_method"":""BCa"",""interval_status"":""available"",""minimum_valid_repetitions"":20,""observed_estimate_mean"":1.009591042207286,""planned"":24,""reference_eligible"":true,""reference_kind"":""analytic"",""reference_mcse"":0.0,""reference_shift_is_confidence_interval"":false,""reference_shift_max"":0.0017191525007186838,""reference_shift_min"":0.0017191525007186838,""resampled_valid_count_range"":[24,24],""resampling_plan_sha256"":""a6d11f0b74ce64eb54e72b3a36ed7ad8976b45274324db021b3d94f0e34534ec"",""squared_discrepancy_standard_error"":0.000502490083991863,""supplied_reference_value"":1.0,""unconditional_squared_discrepancy"":0.0017191525007186838,""undefined_bootstrap_replicates"":0,""valid"":24}","{""available_functions_missing_cost"":0,""conditioning"":""same finite function estimates as conditional error; all such costs must be complete"",""confidence_interval"":{""high"":6.4636012595755234,""low"":6.380768000196984},""function_available"":24,""interval_diagnostics"":{""bca_acceleration"":-0.009487374032019599,""bca_adjusted_quantiles"":[0.02218169465270987,0.9720065331517654],""bca_bias_percentile"":0.4973497349734973,""bootstrap_expected_tail_counts"":[221.794764832446,279.9066750154974],""minimum_valid_repetitions"":20,""resampled_valid_count_range"":[24,24],""resampling_plan_sha256"":""a6d11f0b74ce64eb54e72b3a36ed7ad8976b45274324db021b3d94f0e34534ec"",""undefined_bootstrap_replicates"":0},""interval_status"":""available"",""mean_seconds"":6.423646124993145,""output_outcome_counts"":{""infrastructure_interruption"":0,""measurement_available"":0,""not_run"":0,""numerical_failure"":0,""output_failure_unclassified"":0,""resource_failure"":0,""valid"":24},""planned"":24,""plot_error_cost_point"":true,""reference_kind"":""analytic""}"
standard_q1_squared,cpu-mala-sequential,4096,ordinary_workflow,24,24,analytic,1.0,0.0,0.0003512041437281788,0.00021205351971442302,0.0005990914274699322,available,6.50050814166472,6.469322078023172,6.536137080677416,available,True,"{""bca_acceleration"":0.06119891692791463,""bca_adjusted_quantiles"":[0.05016277558154756,0.9909443413261989],""bca_bias_percentile"":0.5236523652365237,""bootstrap_expected_tail_counts"":[501.57759303989405,90.54753107933712],""claim_type"":""analytic_mse"",""conditional_squared_discrepancy"":0.0003512041437281788,""confidence_interval"":{""high"":0.0005990914274699322,""low"":0.00021205351971442302},""confidence_level"":0.95,""failed_or_unavailable"":0,""interval_coverage"":""pointwise_conditional_on_supplied_reference"",""interval_method"":""BCa"",""interval_status"":""available"",""minimum_valid_repetitions"":20,""observed_estimate_mean"":1.0088076732999203,""planned"":24,""reference_eligible"":true,""reference_kind"":""analytic"",""reference_mcse"":0.0,""reference_shift_is_confidence_interval"":false,""reference_shift_max"":0.0003512041437281788,""reference_shift_min"":0.0003512041437281788,""resampled_valid_count_range"":[24,24],""resampling_plan_sha256"":""a6d11f0b74ce64eb54e72b3a36ed7ad8976b45274324db021b3d94f0e34534ec"",""squared_discrepancy_standard_error"":9.514146590661166e-05,""supplied_reference_value"":1.0,""unconditional_squared_discrepancy"":0.0003512041437281788,""undefined_bootstrap_replicates"":0,""valid"":24}","{""available_functions_missing_cost"":0,""conditioning"":""same finite function estimates as conditional error; all such costs must be complete"",""confidence_interval"":{""high"":6.536137080677416,""low"":6.469322078023172},""function_available"":24,""interval_diagnostics"":{""bca_acceleration"":0.021707855528910556,""bca_adjusted_quantiles"":[0.03233877574513816,0.9813492330356696],""bca_bias_percentile"":0.5067506750675067,""bootstrap_expected_tail_counts"":[323.3554186756365,186.48901887634],""minimum_valid_repetitions"":20,""resampled_valid_count_range"":[24,24],""resampling_plan_sha256"":""a6d11f0b74ce64eb54e72b3a36ed7ad8976b45274324db021b3d94f0e34534ec"",""undefined_bootstrap_replicates"":0},""interval_status"":""available"",""mean_seconds"":6.50050814166472,""output_outcome_counts"":{""infrastructure_interruption"":0,""measurement_available"":0,""not_run"":0,""numerical_failure"":0,""output_failure_unclassified"":0,""resource_failure"":0,""valid"":24},""planned"":24,""plot_error_cost_point"":true,""reference_kind"":""analytic""}"
standard_q1_squared,cpu-mala-sequential,4096,research_execution,24,24,analytic,1.0,0.0,0.0003512041437281788,0.00021205351971442302,0.0005990914274699322,available,9.159748812500842,9.092758135213316,9.234392791432441,available,True,"{""bca_acceleration"":0.06119891692791463,""bca_adjusted_quantiles"":[0.05016277558154756,0.9909443413261989],""bca_bias_percentile"":0.5236523652365237,""bootstrap_expected_tail_counts"":[501.57759303989405,90.54753107933712],""claim_type"":""analytic_mse"",""conditional_squared_discrepancy"":0.0003512041437281788,""confidence_interval"":{""high"":0.0005990914274699322,""low"":0.00021205351971442302},""confidence_level"":0.95,""failed_or_unavailable"":0,""interval_coverage"":""pointwise_conditional_on_supplied_reference"",""interval_method"":""BCa"",""interval_status"":""available"",""minimum_valid_repetitions"":20,""observed_estimate_mean"":1.0088076732999203,""planned"":24,""reference_eligible"":true,""reference_kind"":""analytic"",""reference_mcse"":0.0,""reference_shift_is_confidence_interval"":false,""reference_shift_max"":0.0003512041437281788,""reference_shift_min"":0.0003512041437281788,""resampled_valid_count_range"":[24,24],""resampling_plan_sha256"":""a6d11f0b74ce64eb54e72b3a36ed7ad8976b45274324db021b3d94f0e34534ec"",""squared_discrepancy_standard_error"":9.514146590661166e-05,""supplied_reference_value"":1.0,""unconditional_squared_discrepancy"":0.0003512041437281788,""undefined_bootstrap_replicates"":0,""valid"":24}","{""available_functions_missing_cost"":0,""conditioning"":""same finite function estimates as conditional error; all such costs must be complete"",""confidence_interval"":{""high"":9.234392791432441,""low"":9.092758135213316},""function_available"":24,""interval_diagnostics"":{""bca_acceleration"":0.015257397242000098,""bca_adjusted_quantiles"":[0.03019262887527876,0.979671643092346],""bca_bias_percentile"":0.5051505150515051,""bootstrap_expected_tail_counts"":[301.8960961239123,203.26324071963234],""minimum_valid_repetitions"":20,""resampled_valid_count_range"":[24,24],""resampling_plan_sha256"":""a6d11f0b74ce64eb54e72b3a36ed7ad8976b45274324db021b3d94f0e34534ec"",""undefined_bootstrap_replicates"":0},""interval_status"":""available"",""mean_seconds"":9.159748812500842,""output_outcome_counts"":{""infrastructure_interruption"":0,""measurement_available"":0,""not_run"":0,""numerical_failure"":0,""output_failure_unclassified"":0,""resource_failure"":0,""valid"":24},""planned"":24,""plot_error_cost_point"":true,""reference_kind"":""analytic""}"
standard_q1_squared,cpu-nuts-spawn_chains,1024,ordinary_workflow,24,24,analytic,1.0,0.0,0.0009610032942838261,0.0006188659143894414,0.001503597847431683,available,7.551761299993207,7.3793120251865965,7.769446756060756,available,True,"{""bca_acceleration"":0.049231312326595986,""bca_adjusted_quantiles"":[0.045273453818363917,0.988834613711817],""bca_bias_percentile"":0.5206520652065206,""bootstrap_expected_tail_counts"":[452.6892647298208,111.64269749554158],""claim_type"":""analytic_mse"",""conditional_squared_discrepancy"":0.0009610032942838261,""confidence_interval"":{""high"":0.001503597847431683,""low"":0.0006188659143894414},""confidence_level"":0.95,""failed_or_unavailable"":0,""interval_coverage"":""pointwise_conditional_on_supplied_reference"",""interval_method"":""BCa"",""interval_status"":""available"",""minimum_valid_repetitions"":20,""observed_estimate_mean"":1.0040158864479962,""planned"":24,""reference_eligible"":true,""reference_kind"":""analytic"",""reference_mcse"":0.0,""reference_shift_is_confidence_interval"":false,""reference_shift_max"":0.0009610032942838261,""reference_shift_min"":0.0009610032942838261,""resampled_valid_count_range"":[24,24],""resampling_plan_sha256"":""a6d11f0b74ce64eb54e72b3a36ed7ad8976b45274324db021b3d94f0e34534ec"",""squared_discrepancy_standard_error"":0.000222812541105355,""supplied_reference_value"":1.0,""unconditional_squared_discrepancy"":0.0009610032942838261,""undefined_bootstrap_replicates"":0,""valid"":24}","{""available_functions_missing_cost"":0,""conditioning"":""same finite function estimates as conditional error; all such costs must be complete"",""confidence_interval"":{""high"":7.769446756060756,""low"":7.3793120251865965},""function_available"":24,""interval_diagnostics"":{""bca_acceleration"":0.024563934776423903,""bca_adjusted_quantiles"":[0.033845127322971715,0.9824115693366593],""bca_bias_percentile"":0.508950895089509,""bootstrap_expected_tail_counts"":[338.4174281023942,175.8667182027437],""minimum_valid_repetitions"":20,""resampled_valid_count_range"":[24,24],""resampling_plan_sha256"":""a6d11f0b74ce64eb54e72b3a36ed7ad8976b45274324db021b3d94f0e34534ec"",""undefined_bootstrap_replicates"":0},""interval_status"":""available"",""mean_seconds"":7.551761299993207,""output_outcome_counts"":{""infrastructure_interruption"":0,""measurement_available"":0,""not_run"":0,""numerical_failure"":0,""output_failure_unclassified"":0,""resource_failure"":0,""valid"":24},""planned"":24,""plot_error_cost_point"":true,""reference_kind"":""analytic""}"
standard_q1_squared,cpu-nuts-spawn_chains,1024,research_execution,24,24,analytic,1.0,0.0,0.0009610032942838261,0.0006188659143894414,0.001503597847431683,available,9.716619041663913,9.535250396944067,9.946342088003625,available,True,"{""bca_acceleration"":0.049231312326595986,""bca_adjusted_quantiles"":[0.045273453818363917,0.988834613711817],""bca_bias_percentile"":0.5206520652065206,""bootstrap_expected_tail_counts"":[452.6892647298208,111.64269749554158],""claim_type"":""analytic_mse"",""conditional_squared_discrepancy"":0.0009610032942838261,""confidence_interval"":{""high"":0.001503597847431683,""low"":0.0006188659143894414},""confidence_level"":0.95,""failed_or_unavailable"":0,""interval_coverage"":""pointwise_conditional_on_supplied_reference"",""interval_method"":""BCa"",""interval_status"":""available"",""minimum_valid_repetitions"":20,""observed_estimate_mean"":1.0040158864479962,""planned"":24,""reference_eligible"":true,""reference_kind"":""analytic"",""reference_mcse"":0.0,""reference_shift_is_confidence_interval"":false,""reference_shift_max"":0.0009610032942838261,""reference_shift_min"":0.0009610032942838261,""resampled_valid_count_range"":[24,24],""resampling_plan_sha256"":""a6d11f0b74ce64eb54e72b3a36ed7ad8976b45274324db021b3d94f0e34534ec"",""squared_discrepancy_standard_error"":0.000222812541105355,""supplied_reference_value"":1.0,""unconditional_squared_discrepancy"":0.0009610032942838261,""undefined_bootstrap_replicates"":0,""valid"":24}","{""available_functions_missing_cost"":0,""conditioning"":""same finite function estimates as conditional error; all such costs must be complete"",""confidence_interval"":{""high"":9.946342088003625,""low"":9.535250396944067},""function_available"":24,""interval_diagnostics"":{""bca_acceleration"":0.02457441002959801,""bca_adjusted_quantiles"":[0.0349430580909896,0.9830895454126924],""bca_bias_percentile"":0.5119511951195119,""bootstrap_expected_tail_counts"":[349.39563785180496,169.08763541848825],""minimum_valid_repetitions"":20,""resampled_valid_count_range"":[24,24],""resampling_plan_sha256"":""a6d11f0b74ce64eb54e72b3a36ed7ad8976b45274324db021b3d94f0e34534ec"",""undefined_bootstrap_replicates"":0},""interval_status"":""available"",""mean_seconds"":9.716619041663913,""output_outcome_counts"":{""infrastructure_interruption"":0,""measurement_available"":0,""not_run"":0,""numerical_failure"":0,""output_failure_unclassified"":0,""resource_failure"":0,""valid"":24},""planned"":24,""plot_error_cost_point"":true,""reference_kind"":""analytic""}"
standard_q1_squared,cpu-nuts-spawn_chains,4096,ordinary_workflow,24,7,analytic,1.0,0.0,0.00024752683241068007,,,fewer_than_20_valid_repetitions,15.67315025714145,,,fewer_than_20_valid_repetitions,True,"{""claim_type"":""analytic_mse"",""conditional_squared_discrepancy"":0.00024752683241068007,""confidence_interval"":null,""confidence_level"":0.95,""failed_or_unavailable"":17,""interval_coverage"":""pointwise_conditional_on_supplied_reference"",""interval_method"":""BCa"",""interval_status"":""fewer_than_20_valid_repetitions"",""minimum_valid_repetitions"":20,""observed_estimate_mean"":1.006018199958727,""planned"":24,""reference_eligible"":true,""reference_kind"":""analytic"",""reference_mcse"":0.0,""reference_shift_is_confidence_interval"":false,""reference_shift_max"":0.00024752683241068007,""reference_shift_min"":0.00024752683241068007,""resampling_plan_sha256"":""a6d11f0b74ce64eb54e72b3a36ed7ad8976b45274324db021b3d94f0e34534ec"",""squared_discrepancy_standard_error"":0.00020184732534785543,""supplied_reference_value"":1.0,""unconditional_squared_discrepancy"":null,""valid"":7}","{""available_functions_missing_cost"":0,""conditioning"":""same finite function estimates as conditional error; all such costs must be complete"",""confidence_interval"":null,""function_available"":7,""interval_diagnostics"":{""minimum_valid_repetitions"":20,""resampling_plan_sha256"":""a6d11f0b74ce64eb54e72b3a36ed7ad8976b45274324db021b3d94f0e34534ec""},""interval_status"":""fewer_than_20_valid_repetitions"",""mean_seconds"":15.67315025714145,""output_outcome_counts"":{""infrastructure_interruption"":0,""measurement_available"":0,""not_run"":0,""numerical_failure"":0,""output_failure_unclassified"":17,""resource_failure"":0,""valid"":7},""planned"":24,""plot_error_cost_point"":true,""reference_kind"":""analytic""}"
standard_q1_squared,cpu-nuts-spawn_chains,4096,research_execution,24,7,analytic,1.0,0.0,0.00024752683241068007,,,fewer_than_20_valid_repetitions,17.916790328576358,,,fewer_than_20_valid_repetitions,True,"{""claim_type"":""analytic_mse"",""conditional_squared_discrepancy"":0.00024752683241068007,""confidence_interval"":null,""confidence_level"":0.95,""failed_or_unavailable"":17,""interval_coverage"":""pointwise_conditional_on_supplied_reference"",""interval_method"":""BCa"",""interval_status"":""fewer_than_20_valid_repetitions"",""minimum_valid_repetitions"":20,""observed_estimate_mean"":1.006018199958727,""planned"":24,""reference_eligible"":true,""reference_kind"":""analytic"",""reference_mcse"":0.0,""reference_shift_is_confidence_interval"":false,""reference_shift_max"":0.00024752683241068007,""reference_shift_min"":0.00024752683241068007,""resampling_plan_sha256"":""a6d11f0b74ce64eb54e72b3a36ed7ad8976b45274324db021b3d94f0e34534ec"",""squared_discrepancy_standard_error"":0.00020184732534785543,""supplied_reference_value"":1.0,""unconditional_squared_discrepancy"":null,""valid"":7}","{""available_functions_missing_cost"":0,""conditioning"":""same finite function estimates as conditional error; all such costs must be complete"",""confidence_interval"":null,""function_available"":7,""interval_diagnostics"":{""minimum_valid_repetitions"":20,""resampling_plan_sha256"":""a6d11f0b74ce64eb54e72b3a36ed7ad8976b45274324db021b3d94f0e34534ec""},""interval_status"":""fewer_than_20_valid_repetitions"",""mean_seconds"":17.916790328576358,""output_outcome_counts"":{""infrastructure_interruption"":0,""measurement_available"":0,""not_run"":0,""numerical_failure"":0,""output_failure_unclassified"":17,""resource_failure"":0,""valid"":7},""planned"":24,""plot_error_cost_point"":true,""reference_kind"":""analytic""}"
standard_q1_squared,cpu-rwm-online_picard,1024,ordinary_workflow,24,24,analytic,1.0,0.0,0.006627019730199929,0.0036053494175965744,0.012885672448481988,available,2.5014361083325034,2.4915561007943787,2.512943373451418,available,True,"{""bca_acceleration"":0.08273732180901196,""bca_adjusted_quantiles"":[0.061513204493890666,0.9944697668658964],""bca_bias_percentile"":0.532953295329533,""bootstrap_expected_tail_counts"":[615.0705317344127,55.29680110790202],""claim_type"":""analytic_mse"",""conditional_squared_discrepancy"":0.006627019730199929,""confidence_interval"":{""high"":0.012885672448481988,""low"":0.0036053494175965744},""confidence_level"":0.95,""failed_or_unavailable"":0,""interval_coverage"":""pointwise_conditional_on_supplied_reference"",""interval_method"":""BCa"",""interval_status"":""available"",""minimum_valid_repetitions"":20,""observed_estimate_mean"":1.0166206359789505,""planned"":24,""reference_eligible"":true,""reference_kind"":""analytic"",""reference_mcse"":0.0,""reference_shift_is_confidence_interval"":false,""reference_shift_max"":0.006627019730199929,""reference_shift_min"":0.006627019730199929,""resampled_valid_count_range"":[24,24],""resampling_plan_sha256"":""a6d11f0b74ce64eb54e72b3a36ed7ad8976b45274324db021b3d94f0e34534ec"",""squared_discrepancy_standard_error"":0.0021687549216985575,""supplied_reference_value"":1.0,""unconditional_squared_discrepancy"":0.006627019730199929,""undefined_bootstrap_replicates"":0,""valid"":24}","{""available_functions_missing_cost"":0,""conditioning"":""same finite function estimates as conditional error; all such costs must be complete"",""confidence_interval"":{""high"":2.512943373451418,""low"":2.4915561007943787},""function_available"":24,""interval_diagnostics"":{""bca_acceleration"":0.015617360012064305,""bca_adjusted_quantiles"":[0.03177960142690531,0.9808338446484023],""bca_bias_percentile"":0.5095509550955095,""bootstrap_expected_tail_counts"":[317.76423466762617,191.64238736062555],""minimum_valid_repetitions"":20,""resampled_valid_count_range"":[24,24],""resampling_plan_sha256"":""a6d11f0b74ce64eb54e72b3a36ed7ad8976b45274324db021b3d94f0e34534ec"",""undefined_bootstrap_replicates"":0},""interval_status"":""available"",""mean_seconds"":2.5014361083325034,""output_outcome_counts"":{""infrastructure_interruption"":0,""measurement_available"":0,""not_run"":0,""numerical_failure"":0,""output_failure_unclassified"":0,""resource_failure"":0,""valid"":24},""planned"":24,""plot_error_cost_point"":true,""reference_kind"":""analytic""}"
standard_q1_squared,cpu-rwm-online_picard,1024,research_execution,24,24,analytic,1.0,0.0,0.006627019730199929,0.0036053494175965744,0.012885672448481988,available,4.777114041669544,4.745413346590751,4.818215856469388,available,True,"{""bca_acceleration"":0.08273732180901196,""bca_adjusted_quantiles"":[0.061513204493890666,0.9944697668658964],""bca_bias_percentile"":0.532953295329533,""bootstrap_expected_tail_counts"":[615.0705317344127,55.29680110790202],""claim_type"":""analytic_mse"",""conditional_squared_discrepancy"":0.006627019730199929,""confidence_interval"":{""high"":0.012885672448481988,""low"":0.0036053494175965744},""confidence_level"":0.95,""failed_or_unavailable"":0,""interval_coverage"":""pointwise_conditional_on_supplied_reference"",""interval_method"":""BCa"",""interval_status"":""available"",""minimum_valid_repetitions"":20,""observed_estimate_mean"":1.0166206359789505,""planned"":24,""reference_eligible"":true,""reference_kind"":""analytic"",""reference_mcse"":0.0,""reference_shift_is_confidence_interval"":false,""reference_shift_max"":0.006627019730199929,""reference_shift_min"":0.006627019730199929,""resampled_valid_count_range"":[24,24],""resampling_plan_sha256"":""a6d11f0b74ce64eb54e72b3a36ed7ad8976b45274324db021b3d94f0e34534ec"",""squared_discrepancy_standard_error"":0.0021687549216985575,""supplied_reference_value"":1.0,""unconditional_squared_discrepancy"":0.006627019730199929,""undefined_bootstrap_replicates"":0,""valid"":24}","{""available_functions_missing_cost"":0,""conditioning"":""same finite function estimates as conditional error; all such costs must be complete"",""confidence_interval"":{""high"":4.818215856469388,""low"":4.745413346590751},""function_available"":24,""interval_diagnostics"":{""bca_acceleration"":0.028081597209663647,""bca_adjusted_quantiles"":[0.0355291323899633,0.9835326047846985],""bca_bias_percentile"":0.5110511051105111,""bootstrap_expected_tail_counts"":[355.25579476724306,164.65748475779964],""minimum_valid_repetitions"":20,""resampled_valid_count_range"":[24,24],""resampling_plan_sha256"":""a6d11f0b74ce64eb54e72b3a36ed7ad8976b45274324db021b3d94f0e34534ec"",""undefined_bootstrap_replicates"":0},""interval_status"":""available"",""mean_seconds"":4.777114041669544,""output_outcome_counts"":{""infrastructure_interruption"":0,""measurement_available"":0,""not_run"":0,""numerical_failure"":0,""output_failure_unclassified"":0,""resource_failure"":0,""valid"":24},""planned"":24,""plot_error_cost_point"":true,""reference_kind"":""analytic""}"
standard_q1_squared,cpu-rwm-online_picard,4096,ordinary_workflow,24,24,analytic,1.0,0.0,0.0018422127988961033,0.0010139897346041246,0.0031210846729623574,available,3.2128863541664336,3.2022668835560046,3.224078338215833,available,True,"{""bca_acceleration"":0.04645946228506111,""bca_adjusted_quantiles"":[0.045836152045581086,0.9889375651959206],""bca_bias_percentile"":0.5237523752375237,""bootstrap_expected_tail_counts"":[458.3156843037653,110.61328560599016],""claim_type"":""analytic_mse"",""conditional_squared_discrepancy"":0.0018422127988961033,""confidence_interval"":{""high"":0.0031210846729623574,""low"":0.0010139897346041246},""confidence_level"":0.95,""failed_or_unavailable"":0,""interval_coverage"":""pointwise_conditional_on_supplied_reference"",""interval_method"":""BCa"",""interval_status"":""available"",""minimum_valid_repetitions"":20,""observed_estimate_mean"":1.0012563650076665,""planned"":24,""reference_eligible"":true,""reference_kind"":""analytic"",""reference_mcse"":0.0,""reference_shift_is_confidence_interval"":false,""reference_shift_max"":0.0018422127988961033,""reference_shift_min"":0.0018422127988961033,""resampled_valid_count_range"":[24,24],""resampling_plan_sha256"":""a6d11f0b74ce64eb54e72b3a36ed7ad8976b45274324db021b3d94f0e34534ec"",""squared_discrepancy_standard_error"":0.0005347436413833652,""supplied_reference_value"":1.0,""unconditional_squared_discrepancy"":0.0018422127988961033,""undefined_bootstrap_replicates"":0,""valid"":24}","{""available_functions_missing_cost"":0,""conditioning"":""same finite function estimates as conditional error; all such costs must be complete"",""confidence_interval"":{""high"":3.224078338215833,""low"":3.2022668835560046},""function_available"":24,""interval_diagnostics"":{""bca_acceleration"":0.008196080916563014,""bca_adjusted_quantiles"":[0.027751911183706304,0.9775978902745922],""bca_bias_percentile"":0.5028502850285028,""bootstrap_expected_tail_counts"":[277.49135992587935,223.99869514435252],""minimum_valid_repetitions"":20,""resampled_valid_count_range"":[24,24],""resampling_plan_sha256"":""a6d11f0b74ce64eb54e72b3a36ed7ad8976b45274324db021b3d94f0e34534ec"",""undefined_bootstrap_replicates"":0},""interval_status"":""available"",""mean_seconds"":3.2128863541664336,""output_outcome_counts"":{""infrastructure_interruption"":0,""measurement_available"":0,""not_run"":0,""numerical_failure"":0,""output_failure_unclassified"":0,""resource_failure"":0,""valid"":24},""planned"":24,""plot_error_cost_point"":true,""reference_kind"":""analytic""}"
standard_q1_squared,cpu-rwm-online_picard,4096,research_execution,24,24,analytic,1.0,0.0,0.0018422127988961033,0.0010139897346041246,0.0031210846729623574,available,5.614051908333219,5.584613660133589,5.653261010060519,available,True,"{""bca_acceleration"":0.04645946228506111,""bca_adjusted_quantiles"":[0.045836152045581086,0.9889375651959206],""bca_bias_percentile"":0.5237523752375237,""bootstrap_expected_tail_counts"":[458.3156843037653,110.61328560599016],""claim_type"":""analytic_mse"",""conditional_squared_discrepancy"":0.0018422127988961033,""confidence_interval"":{""high"":0.0031210846729623574,""low"":0.0010139897346041246},""confidence_level"":0.95,""failed_or_unavailable"":0,""interval_coverage"":""pointwise_conditional_on_supplied_reference"",""interval_method"":""BCa"",""interval_status"":""available"",""minimum_valid_repetitions"":20,""observed_estimate_mean"":1.0012563650076665,""planned"":24,""reference_eligible"":true,""reference_kind"":""analytic"",""reference_mcse"":0.0,""reference_shift_is_confidence_interval"":false,""reference_shift_max"":0.0018422127988961033,""reference_shift_min"":0.0018422127988961033,""resampled_valid_count_range"":[24,24],""resampling_plan_sha256"":""a6d11f0b74ce64eb54e72b3a36ed7ad8976b45274324db021b3d94f0e34534ec"",""squared_discrepancy_standard_error"":0.0005347436413833652,""supplied_reference_value"":1.0,""unconditional_squared_discrepancy"":0.0018422127988961033,""undefined_bootstrap_replicates"":0,""valid"":24}","{""available_functions_missing_cost"":0,""conditioning"":""same finite function estimates as conditional error; all such costs must be complete"",""confidence_interval"":{""high"":5.653261010060519,""low"":5.584613660133589},""function_available"":24,""interval_diagnostics"":{""bca_acceleration"":0.028679830413943896,""bca_adjusted_quantiles"":[0.03862192558015279,0.985224265481791],""bca_bias_percentile"":0.5186518651865186,""bootstrap_expected_tail_counts"":[386.1806338759477,147.74256944757195],""minimum_valid_repetitions"":20,""resampled_valid_count_range"":[24,24],""resampling_plan_sha256"":""a6d11f0b74ce64eb54e72b3a36ed7ad8976b45274324db021b3d94f0e34534ec"",""undefined_bootstrap_replicates"":0},""interval_status"":""available"",""mean_seconds"":5.614051908333219,""output_outcome_counts"":{""infrastructure_interruption"":0,""measurement_available"":0,""not_run"":0,""numerical_failure"":0,""output_failure_unclassified"":0,""resource_failure"":0,""valid"":24},""planned"":24,""plot_error_cost_point"":true,""reference_kind"":""analytic""}"
standard_q1_squared,cpu-rwm-sequential,1024,ordinary_workflow,24,24,analytic,1.0,0.0,0.0066270197301999114,0.003605349417596574,0.012885672448481914,available,2.477711583329968,2.4696016285744804,2.48820773280189,available,True,"{""bca_acceleration"":0.0827373218090119,""bca_adjusted_quantiles"":[0.061513204493890666,0.9944697668658964],""bca_bias_percentile"":0.532953295329533,""bootstrap_expected_tail_counts"":[615.0705317344127,55.29680110790202],""claim_type"":""analytic_mse"",""conditional_squared_discrepancy"":0.0066270197301999114,""confidence_interval"":{""high"":0.012885672448481914,""low"":0.003605349417596574},""confidence_level"":0.95,""failed_or_unavailable"":0,""interval_coverage"":""pointwise_conditional_on_supplied_reference"",""interval_method"":""BCa"",""interval_status"":""available"",""minimum_valid_repetitions"":20,""observed_estimate_mean"":1.0166206359789507,""planned"":24,""reference_eligible"":true,""reference_kind"":""analytic"",""reference_mcse"":0.0,""reference_shift_is_confidence_interval"":false,""reference_shift_max"":0.0066270197301999114,""reference_shift_min"":0.0066270197301999114,""resampled_valid_count_range"":[24,24],""resampling_plan_sha256"":""a6d11f0b74ce64eb54e72b3a36ed7ad8976b45274324db021b3d94f0e34534ec"",""squared_discrepancy_standard_error"":0.0021687549216985423,""supplied_reference_value"":1.0,""unconditional_squared_discrepancy"":0.0066270197301999114,""undefined_bootstrap_replicates"":0,""valid"":24}","{""available_functions_missing_cost"":0,""conditioning"":""same finite function estimates as conditional error; all such costs must be complete"",""confidence_interval"":{""high"":2.48820773280189,""low"":2.4696016285744804},""function_available"":24,""interval_diagnostics"":{""bca_acceleration"":0.029461455372254662,""bca_adjusted_quantiles"":[0.037964957182359885,0.9849147558633493],""bca_bias_percentile"":0.5164516451645165,""bootstrap_expected_tail_counts"":[379.6116068664165,150.83735612237024],""minimum_valid_repetitions"":20,""resampled_valid_count_range"":[24,24],""resampling_plan_sha256"":""a6d11f0b74ce64eb54e72b3a36ed7ad8976b45274324db021b3d94f0e34534ec"",""undefined_bootstrap_replicates"":0},""interval_status"":""available"",""mean_seconds"":2.477711583329968,""output_outcome_counts"":{""infrastructure_interruption"":0,""measurement_available"":0,""not_run"":0,""numerical_failure"":0,""output_failure_unclassified"":0,""resource_failure"":0,""valid"":24},""planned"":24,""plot_error_cost_point"":true,""reference_kind"":""analytic""}"
standard_q1_squared,cpu-rwm-sequential,1024,research_execution,24,24,analytic,1.0,0.0,0.0066270197301999114,0.003605349417596574,0.012885672448481914,available,4.724616437498223,4.700734858116919,4.756213046435271,available,True,"{""bca_acceleration"":0.0827373218090119,""bca_adjusted_quantiles"":[0.061513204493890666,0.9944697668658964],""bca_bias_percentile"":0.532953295329533,""bootstrap_expected_tail_counts"":[615.0705317344127,55.29680110790202],""claim_type"":""analytic_mse"",""conditional_squared_discrepancy"":0.0066270197301999114,""confidence_interval"":{""high"":0.012885672448481914,""low"":0.003605349417596574},""confidence_level"":0.95,""failed_or_unavailable"":0,""interval_coverage"":""pointwise_conditional_on_supplied_reference"",""interval_method"":""BCa"",""interval_status"":""available"",""minimum_valid_repetitions"":20,""observed_estimate_mean"":1.0166206359789507,""planned"":24,""reference_eligible"":true,""reference_kind"":""analytic"",""reference_mcse"":0.0,""reference_shift_is_confidence_interval"":false,""reference_shift_max"":0.0066270197301999114,""reference_shift_min"":0.0066270197301999114,""resampled_valid_count_range"":[24,24],""resampling_plan_sha256"":""a6d11f0b74ce64eb54e72b3a36ed7ad8976b45274324db021b3d94f0e34534ec"",""squared_discrepancy_standard_error"":0.0021687549216985423,""supplied_reference_value"":1.0,""unconditional_squared_discrepancy"":0.0066270197301999114,""undefined_bootstrap_replicates"":0,""valid"":24}","{""available_functions_missing_cost"":0,""conditioning"":""same finite function estimates as conditional error; all such costs must be complete"",""confidence_interval"":{""high"":4.756213046435271,""low"":4.700734858116919},""function_available"":24,""interval_diagnostics"":{""bca_acceleration"":0.030192795517129892,""bca_adjusted_quantiles"":[0.03642510807102942,0.9841068325102151],""bca_bias_percentile"":0.5119511951195119,""bootstrap_expected_tail_counts"":[364.2146556022232,158.91578173035887],""minimum_valid_repetitions"":20,""resampled_valid_count_range"":[24,24],""resampling_plan_sha256"":""a6d11f0b74ce64eb54e72b3a36ed7ad8976b45274324db021b3d94f0e34534ec"",""undefined_bootstrap_replicates"":0},""interval_status"":""available"",""mean_seconds"":4.724616437498223,""output_outcome_counts"":{""infrastructure_interruption"":0,""measurement_available"":0,""not_run"":0,""numerical_failure"":0,""output_failure_unclassified"":0,""resource_failure"":0,""valid"":24},""planned"":24,""plot_error_cost_point"":true,""reference_kind"":""analytic""}"
standard_q1_squared,cpu-rwm-sequential,4096,ordinary_workflow,24,24,analytic,1.0,0.0,0.001842212798896088,0.001013989734604111,0.003121084672962315,available,3.1195761708367704,3.1095415378863738,3.1355529571292693,available,True,"{""bca_acceleration"":0.04645946228506074,""bca_adjusted_quantiles"":[0.045836152045580995,0.9889375651959206],""bca_bias_percentile"":0.5237523752375237,""bootstrap_expected_tail_counts"":[458.3156843037644,110.61328560599016],""claim_type"":""analytic_mse"",""conditional_squared_discrepancy"":0.001842212798896088,""confidence_interval"":{""high"":0.003121084672962315,""low"":0.001013989734604111},""confidence_level"":0.95,""failed_or_unavailable"":0,""interval_coverage"":""pointwise_conditional_on_supplied_reference"",""interval_method"":""BCa"",""interval_status"":""available"",""minimum_valid_repetitions"":20,""observed_estimate_mean"":1.001256365007666,""planned"":24,""reference_eligible"":true,""reference_kind"":""analytic"",""reference_mcse"":0.0,""reference_shift_is_confidence_interval"":false,""reference_shift_max"":0.001842212798896088,""reference_shift_min"":0.001842212798896088,""resampled_valid_count_range"":[24,24],""resampling_plan_sha256"":""a6d11f0b74ce64eb54e72b3a36ed7ad8976b45274324db021b3d94f0e34534ec"",""squared_discrepancy_standard_error"":0.0005347436413833603,""supplied_reference_value"":1.0,""unconditional_squared_discrepancy"":0.001842212798896088,""undefined_bootstrap_replicates"":0,""valid"":24}","{""available_functions_missing_cost"":0,""conditioning"":""same finite function estimates as conditional error; all such costs must be complete"",""confidence_interval"":{""high"":3.1355529571292693,""low"":3.1095415378863738},""function_available"":24,""interval_diagnostics"":{""bca_acceleration"":0.05045513277664014,""bca_adjusted_quantiles"":[0.04633831252646384,0.9892703981284525],""bca_bias_percentile"":0.5222522252225222,""bootstrap_expected_tail_counts"":[463.33678695211194,107.28528911360324],""minimum_valid_repetitions"":20,""resampled_valid_count_range"":[24,24],""resampling_plan_sha256"":""a6d11f0b74ce64eb54e72b3a36ed7ad8976b45274324db021b3d94f0e34534ec"",""undefined_bootstrap_replicates"":0},""interval_status"":""available"",""mean_seconds"":3.1195761708367704,""output_outcome_counts"":{""infrastructure_interruption"":0,""measurement_available"":0,""not_run"":0,""numerical_failure"":0,""output_failure_unclassified"":0,""resource_failure"":0,""valid"":24},""planned"":24,""plot_error_cost_point"":true,""reference_kind"":""analytic""}"
standard_q1_squared,cpu-rwm-sequential,4096,research_execution,24,24,analytic,1.0,0.0,0.001842212798896088,0.001013989734604111,0.003121084672962315,available,5.471097145837878,5.4326742188480734,5.518568369512547,available,True,"{""bca_acceleration"":0.04645946228506074,""bca_adjusted_quantiles"":[0.045836152045580995,0.9889375651959206],""bca_bias_percentile"":0.5237523752375237,""bootstrap_expected_tail_counts"":[458.3156843037644,110.61328560599016],""claim_type"":""analytic_mse"",""conditional_squared_discrepancy"":0.001842212798896088,""confidence_interval"":{""high"":0.003121084672962315,""low"":0.001013989734604111},""confidence_level"":0.95,""failed_or_unavailable"":0,""interval_coverage"":""pointwise_conditional_on_supplied_reference"",""interval_method"":""BCa"",""interval_status"":""available"",""minimum_valid_repetitions"":20,""observed_estimate_mean"":1.001256365007666,""planned"":24,""reference_eligible"":true,""reference_kind"":""analytic"",""reference_mcse"":0.0,""reference_shift_is_confidence_interval"":false,""reference_shift_max"":0.001842212798896088,""reference_shift_min"":0.001842212798896088,""resampled_valid_count_range"":[24,24],""resampling_plan_sha256"":""a6d11f0b74ce64eb54e72b3a36ed7ad8976b45274324db021b3d94f0e34534ec"",""squared_discrepancy_standard_error"":0.0005347436413833603,""supplied_reference_value"":1.0,""unconditional_squared_discrepancy"":0.001842212798896088,""undefined_bootstrap_replicates"":0,""valid"":24}","{""available_functions_missing_cost"":0,""conditioning"":""same finite function estimates as conditional error; all such costs must be complete"",""confidence_interval"":{""high"":5.518568369512547,""low"":5.4326742188480734},""function_available"":24,""interval_diagnostics"":{""bca_acceleration"":0.021165765693720792,""bca_adjusted_quantiles"":[0.03427300836117722,0.9825936292394953],""bca_bias_percentile"":0.5125512551255126,""bootstrap_expected_tail_counts"":[342.695810603411,174.04630123428612],""minimum_valid_repetitions"":20,""resampled_valid_count_range"":[24,24],""resampling_plan_sha256"":""a6d11f0b74ce64eb54e72b3a36ed7ad8976b45274324db021b3d94f0e34534ec"",""undefined_bootstrap_replicates"":0},""interval_status"":""available"",""mean_seconds"":5.471097145837878,""output_outcome_counts"":{""infrastructure_interruption"":0,""measurement_available"":0,""not_run"":0,""numerical_failure"":0,""output_failure_unclassified"":0,""resource_failure"":0,""valid"":24},""planned"":24,""plot_error_cost_point"":true,""reference_kind"":""analytic""}"
standard_q1_squared,cuda-mala-quasi_deer,1024,ordinary_workflow,24,24,analytic,1.0,0.0,0.0017191525007269875,0.0010042968291739333,0.0031139371733812688,available,20.046106116665936,19.64354455886489,20.33619938157121,available,True,"{""bca_acceleration"":0.07543080830839473,""bca_adjusted_quantiles"":[0.05590183256476926,0.9930313170920477],""bca_bias_percentile"":0.5265526552655265,""bootstrap_expected_tail_counts"":[558.9624238151279,69.67986039661477],""claim_type"":""analytic_mse"",""conditional_squared_discrepancy"":0.0017191525007269875,""confidence_interval"":{""high"":0.0031139371733812688,""low"":0.0010042968291739333},""confidence_level"":0.95,""failed_or_unavailable"":0,""interval_coverage"":""pointwise_conditional_on_supplied_reference"",""interval_method"":""BCa"",""interval_status"":""available"",""minimum_valid_repetitions"":20,""observed_estimate_mean"":1.0095910422074366,""planned"":24,""reference_eligible"":true,""reference_kind"":""analytic"",""reference_mcse"":0.0,""reference_shift_is_confidence_interval"":false,""reference_shift_max"":0.0017191525007269875,""reference_shift_min"":0.0017191525007269875,""resampled_valid_count_range"":[24,24],""resampling_plan_sha256"":""a6d11f0b74ce64eb54e72b3a36ed7ad8976b45274324db021b3d94f0e34534ec"",""squared_discrepancy_standard_error"":0.0005024900839940387,""supplied_reference_value"":1.0,""unconditional_squared_discrepancy"":0.0017191525007269875,""undefined_bootstrap_replicates"":0,""valid"":24}","{""available_functions_missing_cost"":0,""conditioning"":""same finite function estimates as conditional error; all such costs must be complete"",""confidence_interval"":{""high"":20.33619938157121,""low"":19.64354455886489},""function_available"":24,""interval_diagnostics"":{""bca_acceleration"":-0.03893061474045046,""bca_adjusted_quantiles"":[0.013669787789238164,0.9597954299633858],""bca_bias_percentile"":0.48444844484448446,""bootstrap_expected_tail_counts"":[136.6842081045924,402.0054957961049],""minimum_valid_repetitions"":20,""resampled_valid_count_range"":[24,24],""resampling_plan_sha256"":""a6d11f0b74ce64eb54e72b3a36ed7ad8976b45274324db021b3d94f0e34534ec"",""undefined_bootstrap_replicates"":0},""interval_status"":""available"",""mean_seconds"":20.046106116665936,""output_outcome_counts"":{""infrastructure_interruption"":0,""measurement_available"":0,""not_run"":0,""numerical_failure"":0,""output_failure_unclassified"":0,""resource_failure"":0,""valid"":24},""planned"":24,""plot_error_cost_point"":true,""reference_kind"":""analytic""}"
standard_q1_squared,cuda-mala-quasi_deer,1024,research_execution,24,24,analytic,1.0,0.0,0.0017191525007269875,0.0010042968291739333,0.0031139371733812688,available,22.38765335833163,21.99620944565186,22.665229276454642,available,True,"{""bca_acceleration"":0.07543080830839473,""bca_adjusted_quantiles"":[0.05590183256476926,0.9930313170920477],""bca_bias_percentile"":0.5265526552655265,""bootstrap_expected_tail_counts"":[558.9624238151279,69.67986039661477],""claim_type"":""analytic_mse"",""conditional_squared_discrepancy"":0.0017191525007269875,""confidence_interval"":{""high"":0.0031139371733812688,""low"":0.0010042968291739333},""confidence_level"":0.95,""failed_or_unavailable"":0,""interval_coverage"":""pointwise_conditional_on_supplied_reference"",""interval_method"":""BCa"",""interval_status"":""available"",""minimum_valid_repetitions"":20,""observed_estimate_mean"":1.0095910422074366,""planned"":24,""reference_eligible"":true,""reference_kind"":""analytic"",""reference_mcse"":0.0,""reference_shift_is_confidence_interval"":false,""reference_shift_max"":0.0017191525007269875,""reference_shift_min"":0.0017191525007269875,""resampled_valid_count_range"":[24,24],""resampling_plan_sha256"":""a6d11f0b74ce64eb54e72b3a36ed7ad8976b45274324db021b3d94f0e34534ec"",""squared_discrepancy_standard_error"":0.0005024900839940387,""supplied_reference_value"":1.0,""unconditional_squared_discrepancy"":0.0017191525007269875,""undefined_bootstrap_replicates"":0,""valid"":24}","{""available_functions_missing_cost"":0,""conditioning"":""same finite function estimates as conditional error; all such costs must be complete"",""confidence_interval"":{""high"":22.665229276454642,""low"":21.99620944565186},""function_available"":24,""interval_diagnostics"":{""bca_acceleration"":-0.043769271794129,""bca_adjusted_quantiles"":[0.012722426183665614,0.9580787257949661],""bca_bias_percentile"":0.48354835483548353,""bootstrap_expected_tail_counts"":[127.21153941047248,419.17082077613384],""minimum_valid_repetitions"":20,""resampled_valid_count_range"":[24,24],""resampling_plan_sha256"":""a6d11f0b74ce64eb54e72b3a36ed7ad8976b45274324db021b3d94f0e34534ec"",""undefined_bootstrap_replicates"":0},""interval_status"":""available"",""mean_seconds"":22.38765335833163,""output_outcome_counts"":{""infrastructure_interruption"":0,""measurement_available"":0,""not_run"":0,""numerical_failure"":0,""output_failure_unclassified"":0,""resource_failure"":0,""valid"":24},""planned"":24,""plot_error_cost_point"":true,""reference_kind"":""analytic""}"
standard_q1_squared,cuda-mala-quasi_deer,4096,ordinary_workflow,24,24,analytic,1.0,0.0,0.00035120414373002244,0.00021205351971618287,0.0005990914274708796,available,54.645233925001016,53.69208748225325,55.46873517536571,available,True,"{""bca_acceleration"":0.06119891692756527,""bca_adjusted_quantiles"":[0.0501627755814428,0.9909443413261536],""bca_bias_percentile"":0.5236523652365237,""bootstrap_expected_tail_counts"":[501.5775930388466,90.54753107979005],""claim_type"":""analytic_mse"",""conditional_squared_discrepancy"":0.00035120414373002244,""confidence_interval"":{""high"":0.0005990914274708796,""low"":0.00021205351971618287},""confidence_level"":0.95,""failed_or_unavailable"":0,""interval_coverage"":""pointwise_conditional_on_supplied_reference"",""interval_method"":""BCa"",""interval_status"":""available"",""minimum_valid_repetitions"":20,""observed_estimate_mean"":1.0088076733000038,""planned"":24,""reference_eligible"":true,""reference_kind"":""analytic"",""reference_mcse"":0.0,""reference_shift_is_confidence_interval"":false,""reference_shift_max"":0.00035120414373002244,""reference_shift_min"":0.00035120414373002244,""resampled_valid_count_range"":[24,24],""resampling_plan_sha256"":""a6d11f0b74ce64eb54e72b3a36ed7ad8976b45274324db021b3d94f0e34534ec"",""squared_discrepancy_standard_error"":9.514146590670928e-05,""supplied_reference_value"":1.0,""unconditional_squared_discrepancy"":0.00035120414373002244,""undefined_bootstrap_replicates"":0,""valid"":24}","{""available_functions_missing_cost"":0,""conditioning"":""same finite function estimates as conditional error; all such costs must be complete"",""confidence_interval"":{""high"":55.46873517536571,""low"":53.69208748225325},""function_available"":24,""interval_diagnostics"":{""bca_acceleration"":-0.014248283797783385,""bca_adjusted_quantiles"":[0.019240614979243634,0.9682875084196293],""bca_bias_percentile"":0.4896489648964896,""bootstrap_expected_tail_counts"":[192.38690917745708,317.09320331212666],""minimum_valid_repetitions"":20,""resampled_valid_count_range"":[24,24],""resampling_plan_sha256"":""a6d11f0b74ce64eb54e72b3a36ed7ad8976b45274324db021b3d94f0e34534ec"",""undefined_bootstrap_replicates"":0},""interval_status"":""available"",""mean_seconds"":54.645233925001016,""output_outcome_counts"":{""infrastructure_interruption"":0,""measurement_available"":0,""not_run"":0,""numerical_failure"":0,""output_failure_unclassified"":0,""resource_failure"":0,""valid"":24},""planned"":24,""plot_error_cost_point"":true,""reference_kind"":""analytic""}"
standard_q1_squared,cuda-mala-quasi_deer,4096,research_execution,24,24,analytic,1.0,0.0,0.00035120414373002244,0.00021205351971618287,0.0005990914274708796,available,57.35243210833338,56.41531675174281,58.15566443945127,available,True,"{""bca_acceleration"":0.06119891692756527,""bca_adjusted_quantiles"":[0.0501627755814428,0.9909443413261536],""bca_bias_percentile"":0.5236523652365237,""bootstrap_expected_tail_counts"":[501.5775930388466,90.54753107979005],""claim_type"":""analytic_mse"",""conditional_squared_discrepancy"":0.00035120414373002244,""confidence_interval"":{""high"":0.0005990914274708796,""low"":0.00021205351971618287},""confidence_level"":0.95,""failed_or_unavailable"":0,""interval_coverage"":""pointwise_conditional_on_supplied_reference"",""interval_method"":""BCa"",""interval_status"":""available"",""minimum_valid_repetitions"":20,""observed_estimate_mean"":1.0088076733000038,""planned"":24,""reference_eligible"":true,""reference_kind"":""analytic"",""reference_mcse"":0.0,""reference_shift_is_confidence_interval"":false,""reference_shift_max"":0.00035120414373002244,""reference_shift_min"":0.00035120414373002244,""resampled_valid_count_range"":[24,24],""resampling_plan_sha256"":""a6d11f0b74ce64eb54e72b3a36ed7ad8976b45274324db021b3d94f0e34534ec"",""squared_discrepancy_standard_error"":9.514146590670928e-05,""supplied_reference_value"":1.0,""unconditional_squared_discrepancy"":0.00035120414373002244,""undefined_bootstrap_replicates"":0,""valid"":24}","{""available_functions_missing_cost"":0,""conditioning"":""same finite function estimates as conditional error; all such costs must be complete"",""confidence_interval"":{""high"":58.15566443945127,""low"":56.41531675174281},""function_available"":24,""interval_diagnostics"":{""bca_acceleration"":-0.014277288079270959,""bca_adjusted_quantiles"":[0.018922647168973895,0.9678252130927444],""bca_bias_percentile"":0.48834883488348835,""bootstrap_expected_tail_counts"":[189.20754904256998,321.7156942856489],""minimum_valid_repetitions"":20,""resampled_valid_count_range"":[24,24],""resampling_plan_sha256"":""a6d11f0b74ce64eb54e72b3a36ed7ad8976b45274324db021b3d94f0e34534ec"",""undefined_bootstrap_replicates"":0},""interval_status"":""available"",""mean_seconds"":57.35243210833338,""output_outcome_counts"":{""infrastructure_interruption"":0,""measurement_available"":0,""not_run"":0,""numerical_failure"":0,""output_failure_unclassified"":0,""resource_failure"":0,""valid"":24},""planned"":24,""plot_error_cost_point"":true,""reference_kind"":""analytic""}"
standard_q1_squared,cuda-mala-sequential,1024,ordinary_workflow,24,24,analytic,1.0,0.0,0.0017191525007186838,0.0010042968291704454,0.0031139371733725245,available,7.055619070837565,6.976150381206765,7.118311195510858,available,True,"{""bca_acceleration"":0.07543080830832148,""bca_adjusted_quantiles"":[0.055901832564746644,0.9930313170920396],""bca_bias_percentile"":0.5265526552655265,""bootstrap_expected_tail_counts"":[558.9624238149017,69.67986039669582],""claim_type"":""analytic_mse"",""conditional_squared_discrepancy"":0.0017191525007186838,""confidence_interval"":{""high"":0.0031139371733725245,""low"":0.0010042968291704454},""confidence_level"":0.95,""failed_or_unavailable"":0,""interval_coverage"":""pointwise_conditional_on_supplied_reference"",""interval_method"":""BCa"",""interval_status"":""available"",""minimum_valid_repetitions"":20,""observed_estimate_mean"":1.009591042207286,""planned"":24,""reference_eligible"":true,""reference_kind"":""analytic"",""reference_mcse"":0.0,""reference_shift_is_confidence_interval"":false,""reference_shift_max"":0.0017191525007186838,""reference_shift_min"":0.0017191525007186838,""resampled_valid_count_range"":[24,24],""resampling_plan_sha256"":""a6d11f0b74ce64eb54e72b3a36ed7ad8976b45274324db021b3d94f0e34534ec"",""squared_discrepancy_standard_error"":0.000502490083991863,""supplied_reference_value"":1.0,""unconditional_squared_discrepancy"":0.0017191525007186838,""undefined_bootstrap_replicates"":0,""valid"":24}","{""available_functions_missing_cost"":0,""conditioning"":""same finite function estimates as conditional error; all such costs must be complete"",""confidence_interval"":{""high"":7.118311195510858,""low"":6.976150381206765},""function_available"":24,""interval_diagnostics"":{""bca_acceleration"":-0.03125313972148067,""bca_adjusted_quantiles"":[0.016612766836757997,0.9648633666305675],""bca_bias_percentile"":0.49224922492249223,""bootstrap_expected_tail_counts"":[166.1110556007432,351.3311970609557],""minimum_valid_repetitions"":20,""resampled_valid_count_range"":[24,24],""resampling_plan_sha256"":""a6d11f0b74ce64eb54e72b3a36ed7ad8976b45274324db021b3d94f0e34534ec"",""undefined_bootstrap_replicates"":0},""interval_status"":""available"",""mean_seconds"":7.055619070837565,""output_outcome_counts"":{""infrastructure_interruption"":0,""measurement_available"":0,""not_run"":0,""numerical_failure"":0,""output_failure_unclassified"":0,""resource_failure"":0,""valid"":24},""planned"":24,""plot_error_cost_point"":true,""reference_kind"":""analytic""}"
standard_q1_squared,cuda-mala-sequential,1024,research_execution,24,24,analytic,1.0,0.0,0.0017191525007186838,0.0010042968291704454,0.0031139371733725245,available,9.390202549998321,9.307087840606833,9.453513422130582,available,True,"{""bca_acceleration"":0.07543080830832148,""bca_adjusted_quantiles"":[0.055901832564746644,0.9930313170920396],""bca_bias_percentile"":0.5265526552655265,""bootstrap_expected_tail_counts"":[558.9624238149017,69.67986039669582],""claim_type"":""analytic_mse"",""conditional_squared_discrepancy"":0.0017191525007186838,""confidence_interval"":{""high"":0.0031139371733725245,""low"":0.0010042968291704454},""confidence_level"":0.95,""failed_or_unavailable"":0,""interval_coverage"":""pointwise_conditional_on_supplied_reference"",""interval_method"":""BCa"",""interval_status"":""available"",""minimum_valid_repetitions"":20,""observed_estimate_mean"":1.009591042207286,""planned"":24,""reference_eligible"":true,""reference_kind"":""analytic"",""reference_mcse"":0.0,""reference_shift_is_confidence_interval"":false,""reference_shift_max"":0.0017191525007186838,""reference_shift_min"":0.0017191525007186838,""resampled_valid_count_range"":[24,24],""resampling_plan_sha256"":""a6d11f0b74ce64eb54e72b3a36ed7ad8976b45274324db021b3d94f0e34534ec"",""squared_discrepancy_standard_error"":0.000502490083991863,""supplied_reference_value"":1.0,""unconditional_squared_discrepancy"":0.0017191525007186838,""undefined_bootstrap_replicates"":0,""valid"":24}","{""available_functions_missing_cost"":0,""conditioning"":""same finite function estimates as conditional error; all such costs must be complete"",""confidence_interval"":{""high"":9.453513422130582,""low"":9.307087840606833},""function_available"":24,""interval_diagnostics"":{""bca_acceleration"":-0.033022298360204955,""bca_adjusted_quantiles"":[0.01572873470170674,0.9634306053513255],""bca_bias_percentile"":0.4896489648964896,""bootstrap_expected_tail_counts"":[157.2716182823657,365.6573770920961],""minimum_valid_repetitions"":20,""resampled_valid_count_range"":[24,24],""resampling_plan_sha256"":""a6d11f0b74ce64eb54e72b3a36ed7ad8976b45274324db021b3d94f0e34534ec"",""undefined_bootstrap_replicates"":0},""interval_status"":""available"",""mean_seconds"":9.390202549998321,""output_outcome_counts"":{""infrastructure_interruption"":0,""measurement_available"":0,""not_run"":0,""numerical_failure"":0,""output_failure_unclassified"":0,""resource_failure"":0,""valid"":24},""planned"":24,""plot_error_cost_point"":true,""reference_kind"":""analytic""}"
standard_q1_squared,cuda-mala-sequential,4096,ordinary_workflow,24,24,analytic,1.0,0.0,0.0003512041437281788,0.00021205351971442302,0.0005990914274699322,available,15.462969470828284,15.124795997403256,15.752708036573246,available,True,"{""bca_acceleration"":0.06119891692791463,""bca_adjusted_quantiles"":[0.05016277558154756,0.9909443413261989],""bca_bias_percentile"":0.5236523652365237,""bootstrap_expected_tail_counts"":[501.57759303989405,90.54753107933712],""claim_type"":""analytic_mse"",""conditional_squared_discrepancy"":0.0003512041437281788,""confidence_interval"":{""high"":0.0005990914274699322,""low"":0.00021205351971442302},""confidence_level"":0.95,""failed_or_unavailable"":0,""interval_coverage"":""pointwise_conditional_on_supplied_reference"",""interval_method"":""BCa"",""interval_status"":""available"",""minimum_valid_repetitions"":20,""observed_estimate_mean"":1.0088076732999203,""planned"":24,""reference_eligible"":true,""reference_kind"":""analytic"",""reference_mcse"":0.0,""reference_shift_is_confidence_interval"":false,""reference_shift_max"":0.0003512041437281788,""reference_shift_min"":0.0003512041437281788,""resampled_valid_count_range"":[24,24],""resampling_plan_sha256"":""a6d11f0b74ce64eb54e72b3a36ed7ad8976b45274324db021b3d94f0e34534ec"",""squared_discrepancy_standard_error"":9.514146590661166e-05,""supplied_reference_value"":1.0,""unconditional_squared_discrepancy"":0.0003512041437281788,""undefined_bootstrap_replicates"":0,""valid"":24}","{""available_functions_missing_cost"":0,""conditioning"":""same finite function estimates as conditional error; all such costs must be complete"",""confidence_interval"":{""high"":15.752708036573246,""low"":15.124795997403256},""function_available"":24,""interval_diagnostics"":{""bca_acceleration"":-0.018318107867185924,""bca_adjusted_quantiles"":[0.018879594555521684,0.9678876055895707],""bca_bias_percentile"":0.49144914491449143,""bootstrap_expected_tail_counts"":[188.7770659606613,321.091831709883],""minimum_valid_repetitions"":20,""resampled_valid_count_range"":[24,24],""resampling_plan_sha256"":""a6d11f0b74ce64eb54e72b3a36ed7ad8976b45274324db021b3d94f0e34534ec"",""undefined_bootstrap_replicates"":0},""interval_status"":""available"",""mean_seconds"":15.462969470828284,""output_outcome_counts"":{""infrastructure_interruption"":0,""measurement_available"":0,""not_run"":0,""numerical_failure"":0,""output_failure_unclassified"":0,""resource_failure"":0,""valid"":24},""planned"":24,""plot_error_cost_point"":true,""reference_kind"":""analytic""}"
standard_q1_squared,cuda-mala-sequential,4096,research_execution,24,24,analytic,1.0,0.0,0.0003512041437281788,0.00021205351971442302,0.0005990914274699322,available,18.13696438333909,17.814101960863805,18.401306399346602,available,True,"{""bca_acceleration"":0.06119891692791463,""bca_adjusted_quantiles"":[0.05016277558154756,0.9909443413261989],""bca_bias_percentile"":0.5236523652365237,""bootstrap_expected_tail_counts"":[501.57759303989405,90.54753107933712],""claim_type"":""analytic_mse"",""conditional_squared_discrepancy"":0.0003512041437281788,""confidence_interval"":{""high"":0.0005990914274699322,""low"":0.00021205351971442302},""confidence_level"":0.95,""failed_or_unavailable"":0,""interval_coverage"":""pointwise_conditional_on_supplied_reference"",""interval_method"":""BCa"",""interval_status"":""available"",""minimum_valid_repetitions"":20,""observed_estimate_mean"":1.0088076732999203,""planned"":24,""reference_eligible"":true,""reference_kind"":""analytic"",""reference_mcse"":0.0,""reference_shift_is_confidence_interval"":false,""reference_shift_max"":0.0003512041437281788,""reference_shift_min"":0.0003512041437281788,""resampled_valid_count_range"":[24,24],""resampling_plan_sha256"":""a6d11f0b74ce64eb54e72b3a36ed7ad8976b45274324db021b3d94f0e34534ec"",""squared_discrepancy_standard_error"":9.514146590661166e-05,""supplied_reference_value"":1.0,""unconditional_squared_discrepancy"":0.0003512041437281788,""undefined_bootstrap_replicates"":0,""valid"":24}","{""available_functions_missing_cost"":0,""conditioning"":""same finite function estimates as conditional error; all such costs must be complete"",""confidence_interval"":{""high"":18.401306399346602,""low"":17.814101960863805},""function_available"":24,""interval_diagnostics"":{""bca_acceleration"":-0.023298938660408795,""bca_adjusted_quantiles"":[0.017235195434476686,0.9655374689463674],""bca_bias_percentile"":0.4884488448844885,""bootstrap_expected_tail_counts"":[172.3347191493324,344.59084800527256],""minimum_valid_repetitions"":20,""resampled_valid_count_range"":[24,24],""resampling_plan_sha256"":""a6d11f0b74ce64eb54e72b3a36ed7ad8976b45274324db021b3d94f0e34534ec"",""undefined_bootstrap_replicates"":0},""interval_status"":""available"",""mean_seconds"":18.13696438333909,""output_outcome_counts"":{""infrastructure_interruption"":0,""measurement_available"":0,""not_run"":0,""numerical_failure"":0,""output_failure_unclassified"":0,""resource_failure"":0,""valid"":24},""planned"":24,""plot_error_cost_point"":true,""reference_kind"":""analytic""}"
standard_q1_squared,cuda-rwm-online_picard,1024,ordinary_workflow,24,24,analytic,1.0,0.0,0.006627019730199929,0.0036053494175965744,0.012885672448481988,available,3.2288671125077144,3.2138187616921394,3.244367398959589,available,True,"{""bca_acceleration"":0.08273732180901196,""bca_adjusted_quantiles"":[0.061513204493890666,0.9944697668658964],""bca_bias_percentile"":0.532953295329533,""bootstrap_expected_tail_counts"":[615.0705317344127,55.29680110790202],""claim_type"":""analytic_mse"",""conditional_squared_discrepancy"":0.006627019730199929,""confidence_interval"":{""high"":0.012885672448481988,""low"":0.0036053494175965744},""confidence_level"":0.95,""failed_or_unavailable"":0,""interval_coverage"":""pointwise_conditional_on_supplied_reference"",""interval_method"":""BCa"",""interval_status"":""available"",""minimum_valid_repetitions"":20,""observed_estimate_mean"":1.0166206359789505,""planned"":24,""reference_eligible"":true,""reference_kind"":""analytic"",""reference_mcse"":0.0,""reference_shift_is_confidence_interval"":false,""reference_shift_max"":0.006627019730199929,""reference_shift_min"":0.006627019730199929,""resampled_valid_count_range"":[24,24],""resampling_plan_sha256"":""a6d11f0b74ce64eb54e72b3a36ed7ad8976b45274324db021b3d94f0e34534ec"",""squared_discrepancy_standard_error"":0.0021687549216985575,""supplied_reference_value"":1.0,""unconditional_squared_discrepancy"":0.006627019730199929,""undefined_bootstrap_replicates"":0,""valid"":24}","{""available_functions_missing_cost"":0,""conditioning"":""same finite function estimates as conditional error; all such costs must be complete"",""confidence_interval"":{""high"":3.244367398959589,""low"":3.2138187616921394},""function_available"":24,""interval_diagnostics"":{""bca_acceleration"":0.00574918036081473,""bca_adjusted_quantiles"":[0.02484239871954884,0.974837940490808],""bca_bias_percentile"":0.49504950495049505,""bootstrap_expected_tail_counts"":[248.39914479676884,251.59543303241117],""minimum_valid_repetitions"":20,""resampled_valid_count_range"":[24,24],""resampling_plan_sha256"":""a6d11f0b74ce64eb54e72b3a36ed7ad8976b45274324db021b3d94f0e34534ec"",""undefined_bootstrap_replicates"":0},""interval_status"":""available"",""mean_seconds"":3.2288671125077144,""output_outcome_counts"":{""infrastructure_interruption"":0,""measurement_available"":0,""not_run"":0,""numerical_failure"":0,""output_failure_unclassified"":0,""resource_failure"":0,""valid"":24},""planned"":24,""plot_error_cost_point"":true,""reference_kind"":""analytic""}"
standard_q1_squared,cuda-rwm-online_picard,1024,research_execution,24,24,analytic,1.0,0.0,0.006627019730199929,0.0036053494175965744,0.012885672448481988,available,5.45826783332988,5.419743313573861,5.495257167334969,available,True,"{""bca_acceleration"":0.08273732180901196,""bca_adjusted_quantiles"":[0.061513204493890666,0.9944697668658964],""bca_bias_percentile"":0.532953295329533,""bootstrap_expected_tail_counts"":[615.0705317344127,55.29680110790202],""claim_type"":""analytic_mse"",""conditional_squared_discrepancy"":0.006627019730199929,""confidence_interval"":{""high"":0.012885672448481988,""low"":0.0036053494175965744},""confidence_level"":0.95,""failed_or_unavailable"":0,""interval_coverage"":""pointwise_conditional_on_supplied_reference"",""interval_method"":""BCa"",""interval_status"":""available"",""minimum_valid_repetitions"":20,""observed_estimate_mean"":1.0166206359789505,""planned"":24,""reference_eligible"":true,""reference_kind"":""analytic"",""reference_mcse"":0.0,""reference_shift_is_confidence_interval"":false,""reference_shift_max"":0.006627019730199929,""reference_shift_min"":0.006627019730199929,""resampled_valid_count_range"":[24,24],""resampling_plan_sha256"":""a6d11f0b74ce64eb54e72b3a36ed7ad8976b45274324db021b3d94f0e34534ec"",""squared_discrepancy_standard_error"":0.0021687549216985575,""supplied_reference_value"":1.0,""unconditional_squared_discrepancy"":0.006627019730199929,""undefined_bootstrap_replicates"":0,""valid"":24}","{""available_functions_missing_cost"":0,""conditioning"":""same finite function estimates as conditional error; all such costs must be complete"",""confidence_interval"":{""high"":5.495257167334969,""low"":5.419743313573861},""function_available"":24,""interval_diagnostics"":{""bca_acceleration"":-0.004015471702845966,""bca_adjusted_quantiles"":[0.02324452512947812,0.9731647076812899],""bca_bias_percentile"":0.4969496949694969,""bootstrap_expected_tail_counts"":[232.42200676965174,268.326087894782],""minimum_valid_repetitions"":20,""resampled_valid_count_range"":[24,24],""resampling_plan_sha256"":""a6d11f0b74ce64eb54e72b3a36ed7ad8976b45274324db021b3d94f0e34534ec"",""undefined_bootstrap_replicates"":0},""interval_status"":""available"",""mean_seconds"":5.45826783332988,""output_outcome_counts"":{""infrastructure_interruption"":0,""measurement_available"":0,""not_run"":0,""numerical_failure"":0,""output_failure_unclassified"":0,""resource_failure"":0,""valid"":24},""planned"":24,""plot_error_cost_point"":true,""reference_kind"":""analytic""}"
standard_q1_squared,cuda-rwm-online_picard,4096,ordinary_workflow,24,24,analytic,1.0,0.0,0.0018422127988961033,0.0010139897346041246,0.0031210846729623574,available,4.8754272666713705,4.829938875261464,4.935911767096556,available,True,"{""bca_acceleration"":0.04645946228506111,""bca_adjusted_quantiles"":[0.045836152045581086,0.9889375651959206],""bca_bias_percentile"":0.5237523752375237,""bootstrap_expected_tail_counts"":[458.3156843037653,110.61328560599016],""claim_type"":""analytic_mse"",""conditional_squared_discrepancy"":0.0018422127988961033,""confidence_interval"":{""high"":0.0031210846729623574,""low"":0.0010139897346041246},""confidence_level"":0.95,""failed_or_unavailable"":0,""interval_coverage"":""pointwise_conditional_on_supplied_reference"",""interval_method"":""BCa"",""interval_status"":""available"",""minimum_valid_repetitions"":20,""observed_estimate_mean"":1.0012563650076665,""planned"":24,""reference_eligible"":true,""reference_kind"":""analytic"",""reference_mcse"":0.0,""reference_shift_is_confidence_interval"":false,""reference_shift_max"":0.0018422127988961033,""reference_shift_min"":0.0018422127988961033,""resampled_valid_count_range"":[24,24],""resampling_plan_sha256"":""a6d11f0b74ce64eb54e72b3a36ed7ad8976b45274324db021b3d94f0e34534ec"",""squared_discrepancy_standard_error"":0.0005347436413833652,""supplied_reference_value"":1.0,""unconditional_squared_discrepancy"":0.0018422127988961033,""undefined_bootstrap_replicates"":0,""valid"":24}","{""available_functions_missing_cost"":0,""conditioning"":""same finite function estimates as conditional error; all such costs must be complete"",""confidence_interval"":{""high"":4.935911767096556,""low"":4.829938875261464},""function_available"":24,""interval_diagnostics"":{""bca_acceleration"":0.031457058986614606,""bca_adjusted_quantiles"":[0.03544756411140227,0.9835788891587136],""bca_bias_percentile"":0.5084508450845084,""bootstrap_expected_tail_counts"":[354.4401935499113,164.19468730202263],""minimum_valid_repetitions"":20,""resampled_valid_count_range"":[24,24],""resampling_plan_sha256"":""a6d11f0b74ce64eb54e72b3a36ed7ad8976b45274324db021b3d94f0e34534ec"",""undefined_bootstrap_replicates"":0},""interval_status"":""available"",""mean_seconds"":4.8754272666713705,""output_outcome_counts"":{""infrastructure_interruption"":0,""measurement_available"":0,""not_run"":0,""numerical_failure"":0,""output_failure_unclassified"":0,""resource_failure"":0,""valid"":24},""planned"":24,""plot_error_cost_point"":true,""reference_kind"":""analytic""}"
standard_q1_squared,cuda-rwm-online_picard,4096,research_execution,24,24,analytic,1.0,0.0,0.0018422127988961033,0.0010139897346041246,0.0031210846729623574,available,7.2233891374952846,7.173216752053495,7.289208890945715,available,True,"{""bca_acceleration"":0.04645946228506111,""bca_adjusted_quantiles"":[0.045836152045581086,0.9889375651959206],""bca_bias_percentile"":0.5237523752375237,""bootstrap_expected_tail_counts"":[458.3156843037653,110.61328560599016],""claim_type"":""analytic_mse"",""conditional_squared_discrepancy"":0.0018422127988961033,""confidence_interval"":{""high"":0.0031210846729623574,""low"":0.0010139897346041246},""confidence_level"":0.95,""failed_or_unavailable"":0,""interval_coverage"":""pointwise_conditional_on_supplied_reference"",""interval_method"":""BCa"",""interval_status"":""available"",""minimum_valid_repetitions"":20,""observed_estimate_mean"":1.0012563650076665,""planned"":24,""reference_eligible"":true,""reference_kind"":""analytic"",""reference_mcse"":0.0,""reference_shift_is_confidence_interval"":false,""reference_shift_max"":0.0018422127988961033,""reference_shift_min"":0.0018422127988961033,""resampled_valid_count_range"":[24,24],""resampling_plan_sha256"":""a6d11f0b74ce64eb54e72b3a36ed7ad8976b45274324db021b3d94f0e34534ec"",""squared_discrepancy_standard_error"":0.0005347436413833652,""supplied_reference_value"":1.0,""unconditional_squared_discrepancy"":0.0018422127988961033,""undefined_bootstrap_replicates"":0,""valid"":24}","{""available_functions_missing_cost"":0,""conditioning"":""same finite function estimates as conditional error; all such costs must be complete"",""confidence_interval"":{""high"":7.289208890945715,""low"":7.173216752053495},""function_available"":24,""interval_diagnostics"":{""bca_acceleration"":0.027766293425127445,""bca_adjusted_quantiles"":[0.0352976969941626,0.9833875117394283],""bca_bias_percentile"":0.5106510651065107,""bootstrap_expected_tail_counts"":[352.9416722446319,166.10827011745656],""minimum_valid_repetitions"":20,""resampled_valid_count_range"":[24,24],""resampling_plan_sha256"":""a6d11f0b74ce64eb54e72b3a36ed7ad8976b45274324db021b3d94f0e34534ec"",""undefined_bootstrap_replicates"":0},""interval_status"":""available"",""mean_seconds"":7.2233891374952846,""output_outcome_counts"":{""infrastructure_interruption"":0,""measurement_available"":0,""not_run"":0,""numerical_failure"":0,""output_failure_unclassified"":0,""resource_failure"":0,""valid"":24},""planned"":24,""plot_error_cost_point"":true,""reference_kind"":""analytic""}"
standard_q1_squared,cuda-rwm-sequential,1024,ordinary_workflow,24,24,analytic,1.0,0.0,0.0066270197301999114,0.003605349417596574,0.012885672448481914,available,3.4309678833389703,3.4133635411115044,3.452022902254785,available,True,"{""bca_acceleration"":0.0827373218090119,""bca_adjusted_quantiles"":[0.061513204493890666,0.9944697668658964],""bca_bias_percentile"":0.532953295329533,""bootstrap_expected_tail_counts"":[615.0705317344127,55.29680110790202],""claim_type"":""analytic_mse"",""conditional_squared_discrepancy"":0.0066270197301999114,""confidence_interval"":{""high"":0.012885672448481914,""low"":0.003605349417596574},""confidence_level"":0.95,""failed_or_unavailable"":0,""interval_coverage"":""pointwise_conditional_on_supplied_reference"",""interval_method"":""BCa"",""interval_status"":""available"",""minimum_valid_repetitions"":20,""observed_estimate_mean"":1.0166206359789507,""planned"":24,""reference_eligible"":true,""reference_kind"":""analytic"",""reference_mcse"":0.0,""reference_shift_is_confidence_interval"":false,""reference_shift_max"":0.0066270197301999114,""reference_shift_min"":0.0066270197301999114,""resampled_valid_count_range"":[24,24],""resampling_plan_sha256"":""a6d11f0b74ce64eb54e72b3a36ed7ad8976b45274324db021b3d94f0e34534ec"",""squared_discrepancy_standard_error"":0.0021687549216985423,""supplied_reference_value"":1.0,""unconditional_squared_discrepancy"":0.0066270197301999114,""undefined_bootstrap_replicates"":0,""valid"":24}","{""available_functions_missing_cost"":0,""conditioning"":""same finite function estimates as conditional error; all such costs must be complete"",""confidence_interval"":{""high"":3.452022902254785,""low"":3.4133635411115044},""function_available"":24,""interval_diagnostics"":{""bca_acceleration"":0.021924407294548774,""bca_adjusted_quantiles"":[0.031701513850419624,0.980908280265035],""bca_bias_percentile"":0.5047504750475047,""bootstrap_expected_tail_counts"":[316.9834369903458,190.89810562991545],""minimum_valid_repetitions"":20,""resampled_valid_count_range"":[24,24],""resampling_plan_sha256"":""a6d11f0b74ce64eb54e72b3a36ed7ad8976b45274324db021b3d94f0e34534ec"",""undefined_bootstrap_replicates"":0},""interval_status"":""available"",""mean_seconds"":3.4309678833389703,""output_outcome_counts"":{""infrastructure_interruption"":0,""measurement_available"":0,""not_run"":0,""numerical_failure"":0,""output_failure_unclassified"":0,""resource_failure"":0,""valid"":24},""planned"":24,""plot_error_cost_point"":true,""reference_kind"":""analytic""}"
standard_q1_squared,cuda-rwm-sequential,1024,research_execution,24,24,analytic,1.0,0.0,0.0066270197301999114,0.003605349417596574,0.012885672448481914,available,5.667159566670004,5.626315651880082,5.711885504562439,available,True,"{""bca_acceleration"":0.0827373218090119,""bca_adjusted_quantiles"":[0.061513204493890666,0.9944697668658964],""bca_bias_percentile"":0.532953295329533,""bootstrap_expected_tail_counts"":[615.0705317344127,55.29680110790202],""claim_type"":""analytic_mse"",""conditional_squared_discrepancy"":0.0066270197301999114,""confidence_interval"":{""high"":0.012885672448481914,""low"":0.003605349417596574},""confidence_level"":0.95,""failed_or_unavailable"":0,""interval_coverage"":""pointwise_conditional_on_supplied_reference"",""interval_method"":""BCa"",""interval_status"":""available"",""minimum_valid_repetitions"":20,""observed_estimate_mean"":1.0166206359789507,""planned"":24,""reference_eligible"":true,""reference_kind"":""analytic"",""reference_mcse"":0.0,""reference_shift_is_confidence_interval"":false,""reference_shift_max"":0.0066270197301999114,""reference_shift_min"":0.0066270197301999114,""resampled_valid_count_range"":[24,24],""resampling_plan_sha256"":""a6d11f0b74ce64eb54e72b3a36ed7ad8976b45274324db021b3d94f0e34534ec"",""squared_discrepancy_standard_error"":0.0021687549216985423,""supplied_reference_value"":1.0,""unconditional_squared_discrepancy"":0.0066270197301999114,""undefined_bootstrap_replicates"":0,""valid"":24}","{""available_functions_missing_cost"":0,""conditioning"":""same finite function estimates as conditional error; all such costs must be complete"",""confidence_interval"":{""high"":5.711885504562439,""low"":5.626315651880082},""function_available"":24,""interval_diagnostics"":{""bca_acceleration"":0.00746554442455818,""bca_adjusted_quantiles"":[0.02853424684098511,0.9782480965033223],""bca_bias_percentile"":0.5058505850585059,""bootstrap_expected_tail_counts"":[285.3139341630101,217.49728306327992],""minimum_valid_repetitions"":20,""resampled_valid_count_range"":[24,24],""resampling_plan_sha256"":""a6d11f0b74ce64eb54e72b3a36ed7ad8976b45274324db021b3d94f0e34534ec"",""undefined_bootstrap_replicates"":0},""interval_status"":""available"",""mean_seconds"":5.667159566670004,""output_outcome_counts"":{""infrastructure_interruption"":0,""measurement_available"":0,""not_run"":0,""numerical_failure"":0,""output_failure_unclassified"":0,""resource_failure"":0,""valid"":24},""planned"":24,""plot_error_cost_point"":true,""reference_kind"":""analytic""}"
standard_q1_squared,cuda-rwm-sequential,4096,ordinary_workflow,24,24,analytic,1.0,0.0,0.001842212798896088,0.001013989734604111,0.003121084672962315,available,5.916267170831134,5.854273617664213,5.98111441642951,available,True,"{""bca_acceleration"":0.04645946228506074,""bca_adjusted_quantiles"":[0.045836152045580995,0.9889375651959206],""bca_bias_percentile"":0.5237523752375237,""bootstrap_expected_tail_counts"":[458.3156843037644,110.61328560599016],""claim_type"":""analytic_mse"",""conditional_squared_discrepancy"":0.001842212798896088,""confidence_interval"":{""high"":0.003121084672962315,""low"":0.001013989734604111},""confidence_level"":0.95,""failed_or_unavailable"":0,""interval_coverage"":""pointwise_conditional_on_supplied_reference"",""interval_method"":""BCa"",""interval_status"":""available"",""minimum_valid_repetitions"":20,""observed_estimate_mean"":1.001256365007666,""planned"":24,""reference_eligible"":true,""reference_kind"":""analytic"",""reference_mcse"":0.0,""reference_shift_is_confidence_interval"":false,""reference_shift_max"":0.001842212798896088,""reference_shift_min"":0.001842212798896088,""resampled_valid_count_range"":[24,24],""resampling_plan_sha256"":""a6d11f0b74ce64eb54e72b3a36ed7ad8976b45274324db021b3d94f0e34534ec"",""squared_discrepancy_standard_error"":0.0005347436413833603,""supplied_reference_value"":1.0,""unconditional_squared_discrepancy"":0.001842212798896088,""undefined_bootstrap_replicates"":0,""valid"":24}","{""available_functions_missing_cost"":0,""conditioning"":""same finite function estimates as conditional error; all such costs must be complete"",""confidence_interval"":{""high"":5.98111441642951,""low"":5.854273617664213},""function_available"":24,""interval_diagnostics"":{""bca_acceleration"":0.004028554257656475,""bca_adjusted_quantiles"":[0.026531274047108172,0.9764790716031286],""bca_bias_percentile"":0.502050205020502,""bootstrap_expected_tail_counts"":[265.2862091970346,235.18576304031677],""minimum_valid_repetitions"":20,""resampled_valid_count_range"":[24,24],""resampling_plan_sha256"":""a6d11f0b74ce64eb54e72b3a36ed7ad8976b45274324db021b3d94f0e34534ec"",""undefined_bootstrap_replicates"":0},""interval_status"":""available"",""mean_seconds"":5.916267170831134,""output_outcome_counts"":{""infrastructure_interruption"":0,""measurement_available"":0,""not_run"":0,""numerical_failure"":0,""output_failure_unclassified"":0,""resource_failure"":0,""valid"":24},""planned"":24,""plot_error_cost_point"":true,""reference_kind"":""analytic""}"
standard_q1_squared,cuda-rwm-sequential,4096,research_execution,24,24,analytic,1.0,0.0,0.001842212798896088,0.001013989734604111,0.003121084672962315,available,8.305183537497518,8.24223673556025,8.384771425672765,available,True,"{""bca_acceleration"":0.04645946228506074,""bca_adjusted_quantiles"":[0.045836152045580995,0.9889375651959206],""bca_bias_percentile"":0.5237523752375237,""bootstrap_expected_tail_counts"":[458.3156843037644,110.61328560599016],""claim_type"":""analytic_mse"",""conditional_squared_discrepancy"":0.001842212798896088,""confidence_interval"":{""high"":0.003121084672962315,""low"":0.001013989734604111},""confidence_level"":0.95,""failed_or_unavailable"":0,""interval_coverage"":""pointwise_conditional_on_supplied_reference"",""interval_method"":""BCa"",""interval_status"":""available"",""minimum_valid_repetitions"":20,""observed_estimate_mean"":1.001256365007666,""planned"":24,""reference_eligible"":true,""reference_kind"":""analytic"",""reference_mcse"":0.0,""reference_shift_is_confidence_interval"":false,""reference_shift_max"":0.001842212798896088,""reference_shift_min"":0.001842212798896088,""resampled_valid_count_range"":[24,24],""resampling_plan_sha256"":""a6d11f0b74ce64eb54e72b3a36ed7ad8976b45274324db021b3d94f0e34534ec"",""squared_discrepancy_standard_error"":0.0005347436413833603,""supplied_reference_value"":1.0,""unconditional_squared_discrepancy"":0.001842212798896088,""undefined_bootstrap_replicates"":0,""valid"":24}","{""available_functions_missing_cost"":0,""conditioning"":""same finite function estimates as conditional error; all such costs must be complete"",""confidence_interval"":{""high"":8.384771425672765,""low"":8.24223673556025},""function_available"":24,""interval_diagnostics"":{""bca_acceleration"":0.02327104610143631,""bca_adjusted_quantiles"":[0.034823408709464966,0.9829830557850537],""bca_bias_percentile"":0.5125512551255126,""bootstrap_expected_tail_counts"":[348.1992636859402,170.15242520524765],""minimum_valid_repetitions"":20,""resampled_valid_count_range"":[24,24],""resampling_plan_sha256"":""a6d11f0b74ce64eb54e72b3a36ed7ad8976b45274324db021b3d94f0e34534ec"",""undefined_bootstrap_replicates"":0},""interval_status"":""available"",""mean_seconds"":8.305183537497518,""output_outcome_counts"":{""infrastructure_interruption"":0,""measurement_available"":0,""not_run"":0,""numerical_failure"":0,""output_failure_unclassified"":0,""resource_failure"":0,""valid"":24},""planned"":24,""plot_error_cost_point"":true,""reference_kind"":""analytic""}"
standard_q1_gt1,cpu-mala-quasi_deer,1024,ordinary_workflow,24,24,analytic,0.15865525393145707,0.0,0.00011508441463184749,6.840708511902828e-05,0.0001939184026898002,available,11.69943323334102,11.370173038264737,12.067815862446345,available,True,"{""bca_acceleration"":0.05559592761239678,""bca_adjusted_quantiles"":[0.046281193930232056,0.9894466932506074],""bca_bias_percentile"":0.5187518751875188,""bootstrap_expected_tail_counts"":[462.7656581083903,105.52251418717648],""claim_type"":""analytic_mse"",""conditional_squared_discrepancy"":0.00011508441463184749,""confidence_interval"":{""high"":0.0001939184026898002,""low"":6.840708511902828e-05},""confidence_level"":0.95,""failed_or_unavailable"":0,""interval_coverage"":""pointwise_conditional_on_supplied_reference"",""interval_method"":""BCa"",""interval_status"":""available"",""minimum_valid_repetitions"":20,""observed_estimate_mean"":0.156890869140625,""planned"":24,""reference_eligible"":true,""reference_kind"":""analytic"",""reference_mcse"":0.0,""reference_shift_is_confidence_interval"":false,""reference_shift_max"":0.00011508441463184749,""reference_shift_min"":0.00011508441463184749,""resampled_valid_count_range"":[24,24],""resampling_plan_sha256"":""a6d11f0b74ce64eb54e72b3a36ed7ad8976b45274324db021b3d94f0e34534ec"",""squared_discrepancy_standard_error"":3.0417050355958075e-05,""supplied_reference_value"":0.15865525393145707,""unconditional_squared_discrepancy"":0.00011508441463184749,""undefined_bootstrap_replicates"":0,""valid"":24}","{""available_functions_missing_cost"":0,""conditioning"":""same finite function estimates as conditional error; all such costs must be complete"",""confidence_interval"":{""high"":12.067815862446345,""low"":11.370173038264737},""function_available"":24,""interval_diagnostics"":{""bca_acceleration"":0.010676515435148876,""bca_adjusted_quantiles"":[0.029638106129255597,0.9791722305766138],""bca_bias_percentile"":0.5068506850685068,""bootstrap_expected_tail_counts"":[296.3514231864267,208.25686646443816],""minimum_valid_repetitions"":20,""resampled_valid_count_range"":[24,24],""resampling_plan_sha256"":""a6d11f0b74ce64eb54e72b3a36ed7ad8976b45274324db021b3d94f0e34534ec"",""undefined_bootstrap_replicates"":0},""interval_status"":""available"",""mean_seconds"":11.69943323334102,""output_outcome_counts"":{""infrastructure_interruption"":0,""measurement_available"":0,""not_run"":0,""numerical_failure"":0,""output_failure_unclassified"":0,""resource_failure"":0,""valid"":24},""planned"":24,""plot_error_cost_point"":true,""reference_kind"":""analytic""}"
standard_q1_gt1,cpu-mala-quasi_deer,1024,research_execution,24,24,analytic,0.15865525393145707,0.0,0.00011508441463184749,6.840708511902828e-05,0.0001939184026898002,available,14.053298645834198,13.705783806165664,14.445747383226344,available,True,"{""bca_acceleration"":0.05559592761239678,""bca_adjusted_quantiles"":[0.046281193930232056,0.9894466932506074],""bca_bias_percentile"":0.5187518751875188,""bootstrap_expected_tail_counts"":[462.7656581083903,105.52251418717648],""claim_type"":""analytic_mse"",""conditional_squared_discrepancy"":0.00011508441463184749,""confidence_interval"":{""high"":0.0001939184026898002,""low"":6.840708511902828e-05},""confidence_level"":0.95,""failed_or_unavailable"":0,""interval_coverage"":""pointwise_conditional_on_supplied_reference"",""interval_method"":""BCa"",""interval_status"":""available"",""minimum_valid_repetitions"":20,""observed_estimate_mean"":0.156890869140625,""planned"":24,""reference_eligible"":true,""reference_kind"":""analytic"",""reference_mcse"":0.0,""reference_shift_is_confidence_interval"":false,""reference_shift_max"":0.00011508441463184749,""reference_shift_min"":0.00011508441463184749,""resampled_valid_count_range"":[24,24],""resampling_plan_sha256"":""a6d11f0b74ce64eb54e72b3a36ed7ad8976b45274324db021b3d94f0e34534ec"",""squared_discrepancy_standard_error"":3.0417050355958075e-05,""supplied_reference_value"":0.15865525393145707,""unconditional_squared_discrepancy"":0.00011508441463184749,""undefined_bootstrap_replicates"":0,""valid"":24}","{""available_functions_missing_cost"":0,""conditioning"":""same finite function estimates as conditional error; all such costs must be complete"",""confidence_interval"":{""high"":14.445747383226344,""low"":13.705783806165664},""function_available"":24,""interval_diagnostics"":{""bca_acceleration"":0.01138879322722423,""bca_adjusted_quantiles"":[0.0303475257552629,0.979723219211749],""bca_bias_percentile"":0.5084508450845084,""bootstrap_expected_tail_counts"":[303.44491002687374,202.7475311017219],""minimum_valid_repetitions"":20,""resampled_valid_count_range"":[24,24],""resampling_plan_sha256"":""a6d11f0b74ce64eb54e72b3a36ed7ad8976b45274324db021b3d94f0e34534ec"",""undefined_bootstrap_replicates"":0},""interval_status"":""available"",""mean_seconds"":14.053298645834198,""output_outcome_counts"":{""infrastructure_interruption"":0,""measurement_available"":0,""not_run"":0,""numerical_failure"":0,""output_failure_unclassified"":0,""resource_failure"":0,""valid"":24},""planned"":24,""plot_error_cost_point"":true,""reference_kind"":""analytic""}"
standard_q1_gt1,cpu-mala-quasi_deer,4096,ordinary_workflow,24,24,analytic,0.15865525393145707,0.0,2.5704072396782054e-05,1.464807638832718e-05,4.649080825793192e-05,available,29.662595254168725,28.605498546013717,30.78595981635375,available,True,"{""bca_acceleration"":0.06827834749476833,""bca_adjusted_quantiles"":[0.053894317610870296,0.9922608058498622],""bca_bias_percentile"":0.5269526952695269,""bootstrap_expected_tail_counts"":[538.8892817910921,77.38420230722782],""claim_type"":""analytic_mse"",""conditional_squared_discrepancy"":2.5704072396782054e-05,""confidence_interval"":{""high"":4.649080825793192e-05,""low"":1.464807638832718e-05},""confidence_level"":0.95,""failed_or_unavailable"":0,""interval_coverage"":""pointwise_conditional_on_supplied_reference"",""interval_method"":""BCa"",""interval_status"":""available"",""minimum_valid_repetitions"":20,""observed_estimate_mean"":0.1592534383138021,""planned"":24,""reference_eligible"":true,""reference_kind"":""analytic"",""reference_mcse"":0.0,""reference_shift_is_confidence_interval"":false,""reference_shift_max"":2.5704072396782054e-05,""reference_shift_min"":2.5704072396782054e-05,""resampled_valid_count_range"":[24,24],""resampling_plan_sha256"":""a6d11f0b74ce64eb54e72b3a36ed7ad8976b45274324db021b3d94f0e34534ec"",""squared_discrepancy_standard_error"":7.61192720441582e-06,""supplied_reference_value"":0.15865525393145707,""unconditional_squared_discrepancy"":2.5704072396782054e-05,""undefined_bootstrap_replicates"":0,""valid"":24}","{""available_functions_missing_cost"":0,""conditioning"":""same finite function estimates as conditional error; all such costs must be complete"",""confidence_interval"":{""high"":30.78595981635375,""low"":28.605498546013717},""function_available"":24,""interval_diagnostics"":{""bca_acceleration"":0.007448921688966337,""bca_adjusted_quantiles"":[0.026315356025661516,0.9762962832489034],""bca_bias_percentile"":0.49874987498749873,""bootstrap_expected_tail_counts"":[263.1272449005895,237.01346379421506],""minimum_valid_repetitions"":20,""resampled_valid_count_range"":[24,24],""resampling_plan_sha256"":""a6d11f0b74ce64eb54e72b3a36ed7ad8976b45274324db021b3d94f0e34534ec"",""undefined_bootstrap_replicates"":0},""interval_status"":""available"",""mean_seconds"":29.662595254168725,""output_outcome_counts"":{""infrastructure_interruption"":0,""measurement_available"":0,""not_run"":0,""numerical_failure"":0,""output_failure_unclassified"":0,""resource_failure"":0,""valid"":24},""planned"":24,""plot_error_cost_point"":true,""reference_kind"":""analytic""}"
standard_q1_gt1,cpu-mala-quasi_deer,4096,research_execution,24,24,analytic,0.15865525393145707,0.0,2.5704072396782054e-05,1.464807638832718e-05,4.649080825793192e-05,available,32.34749674583107,31.270513832667966,33.48028962982801,available,True,"{""bca_acceleration"":0.06827834749476833,""bca_adjusted_quantiles"":[0.053894317610870296,0.9922608058498622],""bca_bias_percentile"":0.5269526952695269,""bootstrap_expected_tail_counts"":[538.8892817910921,77.38420230722782],""claim_type"":""analytic_mse"",""conditional_squared_discrepancy"":2.5704072396782054e-05,""confidence_interval"":{""high"":4.649080825793192e-05,""low"":1.464807638832718e-05},""confidence_level"":0.95,""failed_or_unavailable"":0,""interval_coverage"":""pointwise_conditional_on_supplied_reference"",""interval_method"":""BCa"",""interval_status"":""available"",""minimum_valid_repetitions"":20,""observed_estimate_mean"":0.1592534383138021,""planned"":24,""reference_eligible"":true,""reference_kind"":""analytic"",""reference_mcse"":0.0,""reference_shift_is_confidence_interval"":false,""reference_shift_max"":2.5704072396782054e-05,""reference_shift_min"":2.5704072396782054e-05,""resampled_valid_count_range"":[24,24],""resampling_plan_sha256"":""a6d11f0b74ce64eb54e72b3a36ed7ad8976b45274324db021b3d94f0e34534ec"",""squared_discrepancy_standard_error"":7.61192720441582e-06,""supplied_reference_value"":0.15865525393145707,""unconditional_squared_discrepancy"":2.5704072396782054e-05,""undefined_bootstrap_replicates"":0,""valid"":24}","{""available_functions_missing_cost"":0,""conditioning"":""same finite function estimates as conditional error; all such costs must be complete"",""confidence_interval"":{""high"":33.48028962982801,""low"":31.270513832667966},""function_available"":24,""interval_diagnostics"":{""bca_acceleration"":0.00736104806065922,""bca_adjusted_quantiles"":[0.025757493575613993,0.9757600751040372],""bca_bias_percentile"":0.4969496949694969,""bootstrap_expected_tail_counts"":[257.54917826256434,242.3750090347323],""minimum_valid_repetitions"":20,""resampled_valid_count_range"":[24,24],""resampling_plan_sha256"":""a6d11f0b74ce64eb54e72b3a36ed7ad8976b45274324db021b3d94f0e34534ec"",""undefined_bootstrap_replicates"":0},""interval_status"":""available"",""mean_seconds"":32.34749674583107,""output_outcome_counts"":{""infrastructure_interruption"":0,""measurement_available"":0,""not_run"":0,""numerical_failure"":0,""output_failure_unclassified"":0,""resource_failure"":0,""valid"":24},""planned"":24,""plot_error_cost_point"":true,""reference_kind"":""analytic""}"
standard_q1_gt1,cpu-mala-sequential,1024,ordinary_workflow,24,24,analytic,0.15865525393145707,0.0,0.00011508441463184749,6.840708511902828e-05,0.0001939184026898002,available,4.077028329172208,4.065145507353308,4.089680745606165,available,True,"{""bca_acceleration"":0.05559592761239678,""bca_adjusted_quantiles"":[0.046281193930232056,0.9894466932506074],""bca_bias_percentile"":0.5187518751875188,""bootstrap_expected_tail_counts"":[462.7656581083903,105.52251418717648],""claim_type"":""analytic_mse"",""conditional_squared_discrepancy"":0.00011508441463184749,""confidence_interval"":{""high"":0.0001939184026898002,""low"":6.840708511902828e-05},""confidence_level"":0.95,""failed_or_unavailable"":0,""interval_coverage"":""pointwise_conditional_on_supplied_reference"",""interval_method"":""BCa"",""interval_status"":""available"",""minimum_valid_repetitions"":20,""observed_estimate_mean"":0.156890869140625,""planned"":24,""reference_eligible"":true,""reference_kind"":""analytic"",""reference_mcse"":0.0,""reference_shift_is_confidence_interval"":false,""reference_shift_max"":0.00011508441463184749,""reference_shift_min"":0.00011508441463184749,""resampled_valid_count_range"":[24,24],""resampling_plan_sha256"":""a6d11f0b74ce64eb54e72b3a36ed7ad8976b45274324db021b3d94f0e34534ec"",""squared_discrepancy_standard_error"":3.0417050355958075e-05,""supplied_reference_value"":0.15865525393145707,""unconditional_squared_discrepancy"":0.00011508441463184749,""undefined_bootstrap_replicates"":0,""valid"":24}","{""available_functions_missing_cost"":0,""conditioning"":""same finite function estimates as conditional error; all such costs must be complete"",""confidence_interval"":{""high"":4.089680745606165,""low"":4.065145507353308},""function_available"":24,""interval_diagnostics"":{""bca_acceleration"":0.0052897872683413194,""bca_adjusted_quantiles"":[0.02827014116253521,0.9780053663574629],""bca_bias_percentile"":0.5066506650665067,""bootstrap_expected_tail_counts"":[282.67314148418956,219.9243417917281],""minimum_valid_repetitions"":20,""resampled_valid_count_range"":[24,24],""resampling_plan_sha256"":""a6d11f0b74ce64eb54e72b3a36ed7ad8976b45274324db021b3d94f0e34534ec"",""undefined_bootstrap_replicates"":0},""interval_status"":""available"",""mean_seconds"":4.077028329172208,""output_outcome_counts"":{""infrastructure_interruption"":0,""measurement_available"":0,""not_run"":0,""numerical_failure"":0,""output_failure_unclassified"":0,""resource_failure"":0,""valid"":24},""planned"":24,""plot_error_cost_point"":true,""reference_kind"":""analytic""}"
standard_q1_gt1,cpu-mala-sequential,1024,research_execution,24,24,analytic,0.15865525393145707,0.0,0.00011508441463184749,6.840708511902828e-05,0.0001939184026898002,available,6.423646124993145,6.380768000196984,6.4636012595755234,available,True,"{""bca_acceleration"":0.05559592761239678,""bca_adjusted_quantiles"":[0.046281193930232056,0.9894466932506074],""bca_bias_percentile"":0.5187518751875188,""bootstrap_expected_tail_counts"":[462.7656581083903,105.52251418717648],""claim_type"":""analytic_mse"",""conditional_squared_discrepancy"":0.00011508441463184749,""confidence_interval"":{""high"":0.0001939184026898002,""low"":6.840708511902828e-05},""confidence_level"":0.95,""failed_or_unavailable"":0,""interval_coverage"":""pointwise_conditional_on_supplied_reference"",""interval_method"":""BCa"",""interval_status"":""available"",""minimum_valid_repetitions"":20,""observed_estimate_mean"":0.156890869140625,""planned"":24,""reference_eligible"":true,""reference_kind"":""analytic"",""reference_mcse"":0.0,""reference_shift_is_confidence_interval"":false,""reference_shift_max"":0.00011508441463184749,""reference_shift_min"":0.00011508441463184749,""resampled_valid_count_range"":[24,24],""resampling_plan_sha256"":""a6d11f0b74ce64eb54e72b3a36ed7ad8976b45274324db021b3d94f0e34534ec"",""squared_discrepancy_standard_error"":3.0417050355958075e-05,""supplied_reference_value"":0.15865525393145707,""unconditional_squared_discrepancy"":0.00011508441463184749,""undefined_bootstrap_replicates"":0,""valid"":24}","{""available_functions_missing_cost"":0,""conditioning"":""same finite function estimates as conditional error; all such costs must be complete"",""confidence_interval"":{""high"":6.4636012595755234,""low"":6.380768000196984},""function_available"":24,""interval_diagnostics"":{""bca_acceleration"":-0.009487374032019599,""bca_adjusted_quantiles"":[0.02218169465270987,0.9720065331517654],""bca_bias_percentile"":0.4973497349734973,""bootstrap_expected_tail_counts"":[221.794764832446,279.9066750154974],""minimum_valid_repetitions"":20,""resampled_valid_count_range"":[24,24],""resampling_plan_sha256"":""a6d11f0b74ce64eb54e72b3a36ed7ad8976b45274324db021b3d94f0e34534ec"",""undefined_bootstrap_replicates"":0},""interval_status"":""available"",""mean_seconds"":6.423646124993145,""output_outcome_counts"":{""infrastructure_interruption"":0,""measurement_available"":0,""not_run"":0,""numerical_failure"":0,""output_failure_unclassified"":0,""resource_failure"":0,""valid"":24},""planned"":24,""plot_error_cost_point"":true,""reference_kind"":""analytic""}"
standard_q1_gt1,cpu-mala-sequential,4096,ordinary_workflow,24,24,analytic,0.15865525393145707,0.0,2.5704072396782054e-05,1.464807638832718e-05,4.649080825793192e-05,available,6.50050814166472,6.469322078023172,6.536137080677416,available,True,"{""bca_acceleration"":0.06827834749476833,""bca_adjusted_quantiles"":[0.053894317610870296,0.9922608058498622],""bca_bias_percentile"":0.5269526952695269,""bootstrap_expected_tail_counts"":[538.8892817910921,77.38420230722782],""claim_type"":""analytic_mse"",""conditional_squared_discrepancy"":2.5704072396782054e-05,""confidence_interval"":{""high"":4.649080825793192e-05,""low"":1.464807638832718e-05},""confidence_level"":0.95,""failed_or_unavailable"":0,""interval_coverage"":""pointwise_conditional_on_supplied_reference"",""interval_method"":""BCa"",""interval_status"":""available"",""minimum_valid_repetitions"":20,""observed_estimate_mean"":0.1592534383138021,""planned"":24,""reference_eligible"":true,""reference_kind"":""analytic"",""reference_mcse"":0.0,""reference_shift_is_confidence_interval"":false,""reference_shift_max"":2.5704072396782054e-05,""reference_shift_min"":2.5704072396782054e-05,""resampled_valid_count_range"":[24,24],""resampling_plan_sha256"":""a6d11f0b74ce64eb54e72b3a36ed7ad8976b45274324db021b3d94f0e34534ec"",""squared_discrepancy_standard_error"":7.61192720441582e-06,""supplied_reference_value"":0.15865525393145707,""unconditional_squared_discrepancy"":2.5704072396782054e-05,""undefined_bootstrap_replicates"":0,""valid"":24}","{""available_functions_missing_cost"":0,""conditioning"":""same finite function estimates as conditional error; all such costs must be complete"",""confidence_interval"":{""high"":6.536137080677416,""low"":6.469322078023172},""function_available"":24,""interval_diagnostics"":{""bca_acceleration"":0.021707855528910556,""bca_adjusted_quantiles"":[0.03233877574513816,0.9813492330356696],""bca_bias_percentile"":0.5067506750675067,""bootstrap_expected_tail_counts"":[323.3554186756365,186.48901887634],""minimum_valid_repetitions"":20,""resampled_valid_count_range"":[24,24],""resampling_plan_sha256"":""a6d11f0b74ce64eb54e72b3a36ed7ad8976b45274324db021b3d94f0e34534ec"",""undefined_bootstrap_replicates"":0},""interval_status"":""available"",""mean_seconds"":6.50050814166472,""output_outcome_counts"":{""infrastructure_interruption"":0,""measurement_available"":0,""not_run"":0,""numerical_failure"":0,""output_failure_unclassified"":0,""resource_failure"":0,""valid"":24},""planned"":24,""plot_error_cost_point"":true,""reference_kind"":""analytic""}"
standard_q1_gt1,cpu-mala-sequential,4096,research_execution,24,24,analytic,0.15865525393145707,0.0,2.5704072396782054e-05,1.464807638832718e-05,4.649080825793192e-05,available,9.159748812500842,9.092758135213316,9.234392791432441,available,True,"{""bca_acceleration"":0.06827834749476833,""bca_adjusted_quantiles"":[0.053894317610870296,0.9922608058498622],""bca_bias_percentile"":0.5269526952695269,""bootstrap_expected_tail_counts"":[538.8892817910921,77.38420230722782],""claim_type"":""analytic_mse"",""conditional_squared_discrepancy"":2.5704072396782054e-05,""confidence_interval"":{""high"":4.649080825793192e-05,""low"":1.464807638832718e-05},""confidence_level"":0.95,""failed_or_unavailable"":0,""interval_coverage"":""pointwise_conditional_on_supplied_reference"",""interval_method"":""BCa"",""interval_status"":""available"",""minimum_valid_repetitions"":20,""observed_estimate_mean"":0.1592534383138021,""planned"":24,""reference_eligible"":true,""reference_kind"":""analytic"",""reference_mcse"":0.0,""reference_shift_is_confidence_interval"":false,""reference_shift_max"":2.5704072396782054e-05,""reference_shift_min"":2.5704072396782054e-05,""resampled_valid_count_range"":[24,24],""resampling_plan_sha256"":""a6d11f0b74ce64eb54e72b3a36ed7ad8976b45274324db021b3d94f0e34534ec"",""squared_discrepancy_standard_error"":7.61192720441582e-06,""supplied_reference_value"":0.15865525393145707,""unconditional_squared_discrepancy"":2.5704072396782054e-05,""undefined_bootstrap_replicates"":0,""valid"":24}","{""available_functions_missing_cost"":0,""conditioning"":""same finite function estimates as conditional error; all such costs must be complete"",""confidence_interval"":{""high"":9.234392791432441,""low"":9.092758135213316},""function_available"":24,""interval_diagnostics"":{""bca_acceleration"":0.015257397242000098,""bca_adjusted_quantiles"":[0.03019262887527876,0.979671643092346],""bca_bias_percentile"":0.5051505150515051,""bootstrap_expected_tail_counts"":[301.8960961239123,203.26324071963234],""minimum_valid_repetitions"":20,""resampled_valid_count_range"":[24,24],""resampling_plan_sha256"":""a6d11f0b74ce64eb54e72b3a36ed7ad8976b45274324db021b3d94f0e34534ec"",""undefined_bootstrap_replicates"":0},""interval_status"":""available"",""mean_seconds"":9.159748812500842,""output_outcome_counts"":{""infrastructure_interruption"":0,""measurement_available"":0,""not_run"":0,""numerical_failure"":0,""output_failure_unclassified"":0,""resource_failure"":0,""valid"":24},""planned"":24,""plot_error_cost_point"":true,""reference_kind"":""analytic""}"
standard_q1_gt1,cpu-nuts-spawn_chains,1024,ordinary_workflow,24,24,analytic,0.15865525393145707,0.0,4.438470172369137e-05,2.208762290855642e-05,9.78752241705176e-05,available,7.551761299993207,7.3793120251865965,7.769446756060756,available,True,"{""bca_acceleration"":0.10200232204168594,""bca_adjusted_quantiles"":[0.068185385340019,0.996187016721058],""bca_bias_percentile"":0.5337533753375338,""bootstrap_expected_tail_counts"":[681.78566801485,38.12601980614078],""claim_type"":""analytic_mse"",""conditional_squared_discrepancy"":4.438470172369137e-05,""confidence_interval"":{""high"":9.78752241705176e-05,""low"":2.208762290855642e-05},""confidence_level"":0.95,""failed_or_unavailable"":0,""interval_coverage"":""pointwise_conditional_on_supplied_reference"",""interval_method"":""BCa"",""interval_status"":""available"",""minimum_valid_repetitions"":20,""observed_estimate_mean"":0.15838623046875,""planned"":24,""reference_eligible"":true,""reference_kind"":""analytic"",""reference_mcse"":0.0,""reference_shift_is_confidence_interval"":false,""reference_shift_max"":4.438470172369137e-05,""reference_shift_min"":4.438470172369137e-05,""resampled_valid_count_range"":[24,24],""resampling_plan_sha256"":""a6d11f0b74ce64eb54e72b3a36ed7ad8976b45274324db021b3d94f0e34534ec"",""squared_discrepancy_standard_error"":1.676929439908576e-05,""supplied_reference_value"":0.15865525393145707,""unconditional_squared_discrepancy"":4.438470172369137e-05,""undefined_bootstrap_replicates"":0,""valid"":24}","{""available_functions_missing_cost"":0,""conditioning"":""same finite function estimates as conditional error; all such costs must be complete"",""confidence_interval"":{""high"":7.769446756060756,""low"":7.3793120251865965},""function_available"":24,""interval_diagnostics"":{""bca_acceleration"":0.024563934776423903,""bca_adjusted_quantiles"":[0.033845127322971715,0.9824115693366593],""bca_bias_percentile"":0.508950895089509,""bootstrap_expected_tail_counts"":[338.4174281023942,175.8667182027437],""minimum_valid_repetitions"":20,""resampled_valid_count_range"":[24,24],""resampling_plan_sha256"":""a6d11f0b74ce64eb54e72b3a36ed7ad8976b45274324db021b3d94f0e34534ec"",""undefined_bootstrap_replicates"":0},""interval_status"":""available"",""mean_seconds"":7.551761299993207,""output_outcome_counts"":{""infrastructure_interruption"":0,""measurement_available"":0,""not_run"":0,""numerical_failure"":0,""output_failure_unclassified"":0,""resource_failure"":0,""valid"":24},""planned"":24,""plot_error_cost_point"":true,""reference_kind"":""analytic""}"
standard_q1_gt1,cpu-nuts-spawn_chains,1024,research_execution,24,24,analytic,0.15865525393145707,0.0,4.438470172369137e-05,2.208762290855642e-05,9.78752241705176e-05,available,9.716619041663913,9.535250396944067,9.946342088003625,available,True,"{""bca_acceleration"":0.10200232204168594,""bca_adjusted_quantiles"":[0.068185385340019,0.996187016721058],""bca_bias_percentile"":0.5337533753375338,""bootstrap_expected_tail_counts"":[681.78566801485,38.12601980614078],""claim_type"":""analytic_mse"",""conditional_squared_discrepancy"":4.438470172369137e-05,""confidence_interval"":{""high"":9.78752241705176e-05,""low"":2.208762290855642e-05},""confidence_level"":0.95,""failed_or_unavailable"":0,""interval_coverage"":""pointwise_conditional_on_supplied_reference"",""interval_method"":""BCa"",""interval_status"":""available"",""minimum_valid_repetitions"":20,""observed_estimate_mean"":0.15838623046875,""planned"":24,""reference_eligible"":true,""reference_kind"":""analytic"",""reference_mcse"":0.0,""reference_shift_is_confidence_interval"":false,""reference_shift_max"":4.438470172369137e-05,""reference_shift_min"":4.438470172369137e-05,""resampled_valid_count_range"":[24,24],""resampling_plan_sha256"":""a6d11f0b74ce64eb54e72b3a36ed7ad8976b45274324db021b3d94f0e34534ec"",""squared_discrepancy_standard_error"":1.676929439908576e-05,""supplied_reference_value"":0.15865525393145707,""unconditional_squared_discrepancy"":4.438470172369137e-05,""undefined_bootstrap_replicates"":0,""valid"":24}","{""available_functions_missing_cost"":0,""conditioning"":""same finite function estimates as conditional error; all such costs must be complete"",""confidence_interval"":{""high"":9.946342088003625,""low"":9.535250396944067},""function_available"":24,""interval_diagnostics"":{""bca_acceleration"":0.02457441002959801,""bca_adjusted_quantiles"":[0.0349430580909896,0.9830895454126924],""bca_bias_percentile"":0.5119511951195119,""bootstrap_expected_tail_counts"":[349.39563785180496,169.08763541848825],""minimum_valid_repetitions"":20,""resampled_valid_count_range"":[24,24],""resampling_plan_sha256"":""a6d11f0b74ce64eb54e72b3a36ed7ad8976b45274324db021b3d94f0e34534ec"",""undefined_bootstrap_replicates"":0},""interval_status"":""available"",""mean_seconds"":9.716619041663913,""output_outcome_counts"":{""infrastructure_interruption"":0,""measurement_available"":0,""not_run"":0,""numerical_failure"":0,""output_failure_unclassified"":0,""resource_failure"":0,""valid"":24},""planned"":24,""plot_error_cost_point"":true,""reference_kind"":""analytic""}"
standard_q1_gt1,cpu-nuts-spawn_chains,4096,ordinary_workflow,24,7,analytic,0.15865525393145707,0.0,4.655791125900015e-06,,,fewer_than_20_valid_repetitions,15.67315025714145,,,fewer_than_20_valid_repetitions,True,"{""claim_type"":""analytic_mse"",""conditional_squared_discrepancy"":4.655791125900015e-06,""confidence_interval"":null,""confidence_level"":0.95,""failed_or_unavailable"":17,""interval_coverage"":""pointwise_conditional_on_supplied_reference"",""interval_method"":""BCa"",""interval_status"":""fewer_than_20_valid_repetitions"",""minimum_valid_repetitions"":20,""observed_estimate_mean"":0.15869140625,""planned"":24,""reference_eligible"":true,""reference_kind"":""analytic"",""reference_mcse"":0.0,""reference_shift_is_confidence_interval"":false,""reference_shift_max"":4.655791125900015e-06,""reference_shift_min"":4.655791125900015e-06,""resampling_plan_sha256"":""a6d11f0b74ce64eb54e72b3a36ed7ad8976b45274324db021b3d94f0e34534ec"",""squared_discrepancy_standard_error"":1.3864852610489384e-06,""supplied_reference_value"":0.15865525393145707,""unconditional_squared_discrepancy"":null,""valid"":7}","{""available_functions_missing_cost"":0,""conditioning"":""same finite function estimates as conditional error; all such costs must be complete"",""confidence_interval"":null,""function_available"":7,""interval_diagnostics"":{""minimum_valid_repetitions"":20,""resampling_plan_sha256"":""a6d11f0b74ce64eb54e72b3a36ed7ad8976b45274324db021b3d94f0e34534ec""},""interval_status"":""fewer_than_20_valid_repetitions"",""mean_seconds"":15.67315025714145,""output_outcome_counts"":{""infrastructure_interruption"":0,""measurement_available"":0,""not_run"":0,""numerical_failure"":0,""output_failure_unclassified"":17,""resource_failure"":0,""valid"":7},""planned"":24,""plot_error_cost_point"":true,""reference_kind"":""analytic""}"
standard_q1_gt1,cpu-nuts-spawn_chains,4096,research_execution,24,7,analytic,0.15865525393145707,0.0,4.655791125900015e-06,,,fewer_than_20_valid_repetitions,17.916790328576358,,,fewer_than_20_valid_repetitions,True,"{""claim_type"":""analytic_mse"",""conditional_squared_discrepancy"":4.655791125900015e-06,""confidence_interval"":null,""confidence_level"":0.95,""failed_or_unavailable"":17,""interval_coverage"":""pointwise_conditional_on_supplied_reference"",""interval_method"":""BCa"",""interval_status"":""fewer_than_20_valid_repetitions"",""minimum_valid_repetitions"":20,""observed_estimate_mean"":0.15869140625,""planned"":24,""reference_eligible"":true,""reference_kind"":""analytic"",""reference_mcse"":0.0,""reference_shift_is_confidence_interval"":false,""reference_shift_max"":4.655791125900015e-06,""reference_shift_min"":4.655791125900015e-06,""resampling_plan_sha256"":""a6d11f0b74ce64eb54e72b3a36ed7ad8976b45274324db021b3d94f0e34534ec"",""squared_discrepancy_standard_error"":1.3864852610489384e-06,""supplied_reference_value"":0.15865525393145707,""unconditional_squared_discrepancy"":null,""valid"":7}","{""available_functions_missing_cost"":0,""conditioning"":""same finite function estimates as conditional error; all such costs must be complete"",""confidence_interval"":null,""function_available"":7,""interval_diagnostics"":{""minimum_valid_repetitions"":20,""resampling_plan_sha256"":""a6d11f0b74ce64eb54e72b3a36ed7ad8976b45274324db021b3d94f0e34534ec""},""interval_status"":""fewer_than_20_valid_repetitions"",""mean_seconds"":17.916790328576358,""output_outcome_counts"":{""infrastructure_interruption"":0,""measurement_available"":0,""not_run"":0,""numerical_failure"":0,""output_failure_unclassified"":17,""resource_failure"":0,""valid"":7},""planned"":24,""plot_error_cost_point"":true,""reference_kind"":""analytic""}"
standard_q1_gt1,cpu-rwm-online_picard,1024,ordinary_workflow,24,24,analytic,0.15865525393145707,0.0,0.0006798206355536182,0.00043013024815794144,0.0010525649031921265,available,2.5014361083325034,2.4915561007943787,2.512943373451418,available,True,"{""bca_acceleration"":0.047697551641057816,""bca_adjusted_quantiles"":[0.042107099688728986,0.9874992803918652],""bca_bias_percentile"":0.5142514251425142,""bootstrap_expected_tail_counts"":[421.02888978760114,124.99469536174],""claim_type"":""analytic_mse"",""conditional_squared_discrepancy"":0.0006798206355536182,""confidence_interval"":{""high"":0.0010525649031921265,""low"":0.00043013024815794144},""confidence_level"":0.95,""failed_or_unavailable"":0,""interval_coverage"":""pointwise_conditional_on_supplied_reference"",""interval_method"":""BCa"",""interval_status"":""available"",""minimum_valid_repetitions"":20,""observed_estimate_mean"":0.15520222981770834,""planned"":24,""reference_eligible"":true,""reference_kind"":""analytic"",""reference_mcse"":0.0,""reference_shift_is_confidence_interval"":false,""reference_shift_max"":0.0006798206355536182,""reference_shift_min"":0.0006798206355536182,""resampled_valid_count_range"":[24,24],""resampling_plan_sha256"":""a6d11f0b74ce64eb54e72b3a36ed7ad8976b45274324db021b3d94f0e34534ec"",""squared_discrepancy_standard_error"":0.00015630070532894998,""supplied_reference_value"":0.15865525393145707,""unconditional_squared_discrepancy"":0.0006798206355536182,""undefined_bootstrap_replicates"":0,""valid"":24}","{""available_functions_missing_cost"":0,""conditioning"":""same finite function estimates as conditional error; all such costs must be complete"",""confidence_interval"":{""high"":2.512943373451418,""low"":2.4915561007943787},""function_available"":24,""interval_diagnostics"":{""bca_acceleration"":0.015617360012064305,""bca_adjusted_quantiles"":[0.03177960142690531,0.9808338446484023],""bca_bias_percentile"":0.5095509550955095,""bootstrap_expected_tail_counts"":[317.76423466762617,191.64238736062555],""minimum_valid_repetitions"":20,""resampled_valid_count_range"":[24,24],""resampling_plan_sha256"":""a6d11f0b74ce64eb54e72b3a36ed7ad8976b45274324db021b3d94f0e34534ec"",""undefined_bootstrap_replicates"":0},""interval_status"":""available"",""mean_seconds"":2.5014361083325034,""output_outcome_counts"":{""infrastructure_interruption"":0,""measurement_available"":0,""not_run"":0,""numerical_failure"":0,""output_failure_unclassified"":0,""resource_failure"":0,""valid"":24},""planned"":24,""plot_error_cost_point"":true,""reference_kind"":""analytic""}"
standard_q1_gt1,cpu-rwm-online_picard,1024,research_execution,24,24,analytic,0.15865525393145707,0.0,0.0006798206355536182,0.00043013024815794144,0.0010525649031921265,available,4.777114041669544,4.745413346590751,4.818215856469388,available,True,"{""bca_acceleration"":0.047697551641057816,""bca_adjusted_quantiles"":[0.042107099688728986,0.9874992803918652],""bca_bias_percentile"":0.5142514251425142,""bootstrap_expected_tail_counts"":[421.02888978760114,124.99469536174],""claim_type"":""analytic_mse"",""conditional_squared_discrepancy"":0.0006798206355536182,""confidence_interval"":{""high"":0.0010525649031921265,""low"":0.00043013024815794144},""confidence_level"":0.95,""failed_or_unavailable"":0,""interval_coverage"":""pointwise_conditional_on_supplied_reference"",""interval_method"":""BCa"",""interval_status"":""available"",""minimum_valid_repetitions"":20,""observed_estimate_mean"":0.15520222981770834,""planned"":24,""reference_eligible"":true,""reference_kind"":""analytic"",""reference_mcse"":0.0,""reference_shift_is_confidence_interval"":false,""reference_shift_max"":0.0006798206355536182,""reference_shift_min"":0.0006798206355536182,""resampled_valid_count_range"":[24,24],""resampling_plan_sha256"":""a6d11f0b74ce64eb54e72b3a36ed7ad8976b45274324db021b3d94f0e34534ec"",""squared_discrepancy_standard_error"":0.00015630070532894998,""supplied_reference_value"":0.15865525393145707,""unconditional_squared_discrepancy"":0.0006798206355536182,""undefined_bootstrap_replicates"":0,""valid"":24}","{""available_functions_missing_cost"":0,""conditioning"":""same finite function estimates as conditional error; all such costs must be complete"",""confidence_interval"":{""high"":4.818215856469388,""low"":4.745413346590751},""function_available"":24,""interval_diagnostics"":{""bca_acceleration"":0.028081597209663647,""bca_adjusted_quantiles"":[0.0355291323899633,0.9835326047846985],""bca_bias_percentile"":0.5110511051105111,""bootstrap_expected_tail_counts"":[355.25579476724306,164.65748475779964],""minimum_valid_repetitions"":20,""resampled_valid_count_range"":[24,24],""resampling_plan_sha256"":""a6d11f0b74ce64eb54e72b3a36ed7ad8976b45274324db021b3d94f0e34534ec"",""undefined_bootstrap_replicates"":0},""interval_status"":""available"",""mean_seconds"":4.777114041669544,""output_outcome_counts"":{""infrastructure_interruption"":0,""measurement_available"":0,""not_run"":0,""numerical_failure"":0,""output_failure_unclassified"":0,""resource_failure"":0,""valid"":24},""planned"":24,""plot_error_cost_point"":true,""reference_kind"":""analytic""}"
standard_q1_gt1,cpu-rwm-online_picard,4096,ordinary_workflow,24,24,analytic,0.15865525393145707,0.0,0.00011166345776371373,6.637081469509665e-05,0.0001912418712889107,available,3.2128863541664336,3.2022668835560046,3.224078338215833,available,True,"{""bca_acceleration"":0.06056370107850698,""bca_adjusted_quantiles"":[0.04973935754020267,0.9907904104733748],""bca_bias_percentile"":0.5231523152315232,""bootstrap_expected_tail_counts"":[497.3438360444865,92.08668567672544],""claim_type"":""analytic_mse"",""conditional_squared_discrepancy"":0.00011166345776371373,""confidence_interval"":{""high"":0.0001912418712889107,""low"":6.637081469509665e-05},""confidence_level"":0.95,""failed_or_unavailable"":0,""interval_coverage"":""pointwise_conditional_on_supplied_reference"",""interval_method"":""BCa"",""interval_status"":""available"",""minimum_valid_repetitions"":20,""observed_estimate_mean"":0.15764363606770834,""planned"":24,""reference_eligible"":true,""reference_kind"":""analytic"",""reference_mcse"":0.0,""reference_shift_is_confidence_interval"":false,""reference_shift_max"":0.00011166345776371373,""reference_shift_min"":0.00011166345776371373,""resampled_valid_count_range"":[24,24],""resampling_plan_sha256"":""a6d11f0b74ce64eb54e72b3a36ed7ad8976b45274324db021b3d94f0e34534ec"",""squared_discrepancy_standard_error"":3.0296253048991933e-05,""supplied_reference_value"":0.15865525393145707,""unconditional_squared_discrepancy"":0.00011166345776371373,""undefined_bootstrap_replicates"":0,""valid"":24}","{""available_functions_missing_cost"":0,""conditioning"":""same finite function estimates as conditional error; all such costs must be complete"",""confidence_interval"":{""high"":3.224078338215833,""low"":3.2022668835560046},""function_available"":24,""interval_diagnostics"":{""bca_acceleration"":0.008196080916563014,""bca_adjusted_quantiles"":[0.027751911183706304,0.9775978902745922],""bca_bias_percentile"":0.5028502850285028,""bootstrap_expected_tail_counts"":[277.49135992587935,223.99869514435252],""minimum_valid_repetitions"":20,""resampled_valid_count_range"":[24,24],""resampling_plan_sha256"":""a6d11f0b74ce64eb54e72b3a36ed7ad8976b45274324db021b3d94f0e34534ec"",""undefined_bootstrap_replicates"":0},""interval_status"":""available"",""mean_seconds"":3.2128863541664336,""output_outcome_counts"":{""infrastructure_interruption"":0,""measurement_available"":0,""not_run"":0,""numerical_failure"":0,""output_failure_unclassified"":0,""resource_failure"":0,""valid"":24},""planned"":24,""plot_error_cost_point"":true,""reference_kind"":""analytic""}"
standard_q1_gt1,cpu-rwm-online_picard,4096,research_execution,24,24,analytic,0.15865525393145707,0.0,0.00011166345776371373,6.637081469509665e-05,0.0001912418712889107,available,5.614051908333219,5.584613660133589,5.653261010060519,available,True,"{""bca_acceleration"":0.06056370107850698,""bca_adjusted_quantiles"":[0.04973935754020267,0.9907904104733748],""bca_bias_percentile"":0.5231523152315232,""bootstrap_expected_tail_counts"":[497.3438360444865,92.08668567672544],""claim_type"":""analytic_mse"",""conditional_squared_discrepancy"":0.00011166345776371373,""confidence_interval"":{""high"":0.0001912418712889107,""low"":6.637081469509665e-05},""confidence_level"":0.95,""failed_or_unavailable"":0,""interval_coverage"":""pointwise_conditional_on_supplied_reference"",""interval_method"":""BCa"",""interval_status"":""available"",""minimum_valid_repetitions"":20,""observed_estimate_mean"":0.15764363606770834,""planned"":24,""reference_eligible"":true,""reference_kind"":""analytic"",""reference_mcse"":0.0,""reference_shift_is_confidence_interval"":false,""reference_shift_max"":0.00011166345776371373,""reference_shift_min"":0.00011166345776371373,""resampled_valid_count_range"":[24,24],""resampling_plan_sha256"":""a6d11f0b74ce64eb54e72b3a36ed7ad8976b45274324db021b3d94f0e34534ec"",""squared_discrepancy_standard_error"":3.0296253048991933e-05,""supplied_reference_value"":0.15865525393145707,""unconditional_squared_discrepancy"":0.00011166345776371373,""undefined_bootstrap_replicates"":0,""valid"":24}","{""available_functions_missing_cost"":0,""conditioning"":""same finite function estimates as conditional error; all such costs must be complete"",""confidence_interval"":{""high"":5.653261010060519,""low"":5.584613660133589},""function_available"":24,""interval_diagnostics"":{""bca_acceleration"":0.028679830413943896,""bca_adjusted_quantiles"":[0.03862192558015279,0.985224265481791],""bca_bias_percentile"":0.5186518651865186,""bootstrap_expected_tail_counts"":[386.1806338759477,147.74256944757195],""minimum_valid_repetitions"":20,""resampled_valid_count_range"":[24,24],""resampling_plan_sha256"":""a6d11f0b74ce64eb54e72b3a36ed7ad8976b45274324db021b3d94f0e34534ec"",""undefined_bootstrap_replicates"":0},""interval_status"":""available"",""mean_seconds"":5.614051908333219,""output_outcome_counts"":{""infrastructure_interruption"":0,""measurement_available"":0,""not_run"":0,""numerical_failure"":0,""output_failure_unclassified"":0,""resource_failure"":0,""valid"":24},""planned"":24,""plot_error_cost_point"":true,""reference_kind"":""analytic""}"
standard_q1_gt1,cpu-rwm-sequential,1024,ordinary_workflow,24,24,analytic,0.15865525393145707,0.0,0.0006798206355536182,0.00043013024815794144,0.0010525649031921265,available,2.477711583329968,2.4696016285744804,2.48820773280189,available,True,"{""bca_acceleration"":0.047697551641057816,""bca_adjusted_quantiles"":[0.042107099688728986,0.9874992803918652],""bca_bias_percentile"":0.5142514251425142,""bootstrap_expected_tail_counts"":[421.02888978760114,124.99469536174],""claim_type"":""analytic_mse"",""conditional_squared_discrepancy"":0.0006798206355536182,""confidence_interval"":{""high"":0.0010525649031921265,""low"":0.00043013024815794144},""confidence_level"":0.95,""failed_or_unavailable"":0,""interval_coverage"":""pointwise_conditional_on_supplied_reference"",""interval_method"":""BCa"",""interval_status"":""available"",""minimum_valid_repetitions"":20,""observed_estimate_mean"":0.15520222981770834,""planned"":24,""reference_eligible"":true,""reference_kind"":""analytic"",""reference_mcse"":0.0,""reference_shift_is_confidence_interval"":false,""reference_shift_max"":0.0006798206355536182,""reference_shift_min"":0.0006798206355536182,""resampled_valid_count_range"":[24,24],""resampling_plan_sha256"":""a6d11f0b74ce64eb54e72b3a36ed7ad8976b45274324db021b3d94f0e34534ec"",""squared_discrepancy_standard_error"":0.00015630070532894998,""supplied_reference_value"":0.15865525393145707,""unconditional_squared_discrepancy"":0.0006798206355536182,""undefined_bootstrap_replicates"":0,""valid"":24}","{""available_functions_missing_cost"":0,""conditioning"":""same finite function estimates as conditional error; all such costs must be complete"",""confidence_interval"":{""high"":2.48820773280189,""low"":2.4696016285744804},""function_available"":24,""interval_diagnostics"":{""bca_acceleration"":0.029461455372254662,""bca_adjusted_quantiles"":[0.037964957182359885,0.9849147558633493],""bca_bias_percentile"":0.5164516451645165,""bootstrap_expected_tail_counts"":[379.6116068664165,150.83735612237024],""minimum_valid_repetitions"":20,""resampled_valid_count_range"":[24,24],""resampling_plan_sha256"":""a6d11f0b74ce64eb54e72b3a36ed7ad8976b45274324db021b3d94f0e34534ec"",""undefined_bootstrap_replicates"":0},""interval_status"":""available"",""mean_seconds"":2.477711583329968,""output_outcome_counts"":{""infrastructure_interruption"":0,""measurement_available"":0,""not_run"":0,""numerical_failure"":0,""output_failure_unclassified"":0,""resource_failure"":0,""valid"":24},""planned"":24,""plot_error_cost_point"":true,""reference_kind"":""analytic""}"
standard_q1_gt1,cpu-rwm-sequential,1024,research_execution,24,24,analytic,0.15865525393145707,0.0,0.0006798206355536182,0.00043013024815794144,0.0010525649031921265,available,4.724616437498223,4.700734858116919,4.756213046435271,available,True,"{""bca_acceleration"":0.047697551641057816,""bca_adjusted_quantiles"":[0.042107099688728986,0.9874992803918652],""bca_bias_percentile"":0.5142514251425142,""bootstrap_expected_tail_counts"":[421.02888978760114,124.99469536174],""claim_type"":""analytic_mse"",""conditional_squared_discrepancy"":0.0006798206355536182,""confidence_interval"":{""high"":0.0010525649031921265,""low"":0.00043013024815794144},""confidence_level"":0.95,""failed_or_unavailable"":0,""interval_coverage"":""pointwise_conditional_on_supplied_reference"",""interval_method"":""BCa"",""interval_status"":""available"",""minimum_valid_repetitions"":20,""observed_estimate_mean"":0.15520222981770834,""planned"":24,""reference_eligible"":true,""reference_kind"":""analytic"",""reference_mcse"":0.0,""reference_shift_is_confidence_interval"":false,""reference_shift_max"":0.0006798206355536182,""reference_shift_min"":0.0006798206355536182,""resampled_valid_count_range"":[24,24],""resampling_plan_sha256"":""a6d11f0b74ce64eb54e72b3a36ed7ad8976b45274324db021b3d94f0e34534ec"",""squared_discrepancy_standard_error"":0.00015630070532894998,""supplied_reference_value"":0.15865525393145707,""unconditional_squared_discrepancy"":0.0006798206355536182,""undefined_bootstrap_replicates"":0,""valid"":24}","{""available_functions_missing_cost"":0,""conditioning"":""same finite function estimates as conditional error; all such costs must be complete"",""confidence_interval"":{""high"":4.756213046435271,""low"":4.700734858116919},""function_available"":24,""interval_diagnostics"":{""bca_acceleration"":0.030192795517129892,""bca_adjusted_quantiles"":[0.03642510807102942,0.9841068325102151],""bca_bias_percentile"":0.5119511951195119,""bootstrap_expected_tail_counts"":[364.2146556022232,158.91578173035887],""minimum_valid_repetitions"":20,""resampled_valid_count_range"":[24,24],""resampling_plan_sha256"":""a6d11f0b74ce64eb54e72b3a36ed7ad8976b45274324db021b3d94f0e34534ec"",""undefined_bootstrap_replicates"":0},""interval_status"":""available"",""mean_seconds"":4.724616437498223,""output_outcome_counts"":{""infrastructure_interruption"":0,""measurement_available"":0,""not_run"":0,""numerical_failure"":0,""output_failure_unclassified"":0,""resource_failure"":0,""valid"":24},""planned"":24,""plot_error_cost_point"":true,""reference_kind"":""analytic""}"
standard_q1_gt1,cpu-rwm-sequential,4096,ordinary_workflow,24,24,analytic,0.15865525393145707,0.0,0.00011166345776371373,6.637081469509665e-05,0.0001912418712889107,available,3.1195761708367704,3.1095415378863738,3.1355529571292693,available,True,"{""bca_acceleration"":0.06056370107850698,""bca_adjusted_quantiles"":[0.04973935754020267,0.9907904104733748],""bca_bias_percentile"":0.5231523152315232,""bootstrap_expected_tail_counts"":[497.3438360444865,92.08668567672544],""claim_type"":""analytic_mse"",""conditional_squared_discrepancy"":0.00011166345776371373,""confidence_interval"":{""high"":0.0001912418712889107,""low"":6.637081469509665e-05},""confidence_level"":0.95,""failed_or_unavailable"":0,""interval_coverage"":""pointwise_conditional_on_supplied_reference"",""interval_method"":""BCa"",""interval_status"":""available"",""minimum_valid_repetitions"":20,""observed_estimate_mean"":0.15764363606770834,""planned"":24,""reference_eligible"":true,""reference_kind"":""analytic"",""reference_mcse"":0.0,""reference_shift_is_confidence_interval"":false,""reference_shift_max"":0.00011166345776371373,""reference_shift_min"":0.00011166345776371373,""resampled_valid_count_range"":[24,24],""resampling_plan_sha256"":""a6d11f0b74ce64eb54e72b3a36ed7ad8976b45274324db021b3d94f0e34534ec"",""squared_discrepancy_standard_error"":3.0296253048991933e-05,""supplied_reference_value"":0.15865525393145707,""unconditional_squared_discrepancy"":0.00011166345776371373,""undefined_bootstrap_replicates"":0,""valid"":24}","{""available_functions_missing_cost"":0,""conditioning"":""same finite function estimates as conditional error; all such costs must be complete"",""confidence_interval"":{""high"":3.1355529571292693,""low"":3.1095415378863738},""function_available"":24,""interval_diagnostics"":{""bca_acceleration"":0.05045513277664014,""bca_adjusted_quantiles"":[0.04633831252646384,0.9892703981284525],""bca_bias_percentile"":0.5222522252225222,""bootstrap_expected_tail_counts"":[463.33678695211194,107.28528911360324],""minimum_valid_repetitions"":20,""resampled_valid_count_range"":[24,24],""resampling_plan_sha256"":""a6d11f0b74ce64eb54e72b3a36ed7ad8976b45274324db021b3d94f0e34534ec"",""undefined_bootstrap_replicates"":0},""interval_status"":""available"",""mean_seconds"":3.1195761708367704,""output_outcome_counts"":{""infrastructure_interruption"":0,""measurement_available"":0,""not_run"":0,""numerical_failure"":0,""output_failure_unclassified"":0,""resource_failure"":0,""valid"":24},""planned"":24,""plot_error_cost_point"":true,""reference_kind"":""analytic""}"
standard_q1_gt1,cpu-rwm-sequential,4096,research_execution,24,24,analytic,0.15865525393145707,0.0,0.00011166345776371373,6.637081469509665e-05,0.0001912418712889107,available,5.471097145837878,5.4326742188480734,5.518568369512547,available,True,"{""bca_acceleration"":0.06056370107850698,""bca_adjusted_quantiles"":[0.04973935754020267,0.9907904104733748],""bca_bias_percentile"":0.5231523152315232,""bootstrap_expected_tail_counts"":[497.3438360444865,92.08668567672544],""claim_type"":""analytic_mse"",""conditional_squared_discrepancy"":0.00011166345776371373,""confidence_interval"":{""high"":0.0001912418712889107,""low"":6.637081469509665e-05},""confidence_level"":0.95,""failed_or_unavailable"":0,""interval_coverage"":""pointwise_conditional_on_supplied_reference"",""interval_method"":""BCa"",""interval_status"":""available"",""minimum_valid_repetitions"":20,""observed_estimate_mean"":0.15764363606770834,""planned"":24,""reference_eligible"":true,""reference_kind"":""analytic"",""reference_mcse"":0.0,""reference_shift_is_confidence_interval"":false,""reference_shift_max"":0.00011166345776371373,""reference_shift_min"":0.00011166345776371373,""resampled_valid_count_range"":[24,24],""resampling_plan_sha256"":""a6d11f0b74ce64eb54e72b3a36ed7ad8976b45274324db021b3d94f0e34534ec"",""squared_discrepancy_standard_error"":3.0296253048991933e-05,""supplied_reference_value"":0.15865525393145707,""unconditional_squared_discrepancy"":0.00011166345776371373,""undefined_bootstrap_replicates"":0,""valid"":24}","{""available_functions_missing_cost"":0,""conditioning"":""same finite function estimates as conditional error; all such costs must be complete"",""confidence_interval"":{""high"":5.518568369512547,""low"":5.4326742188480734},""function_available"":24,""interval_diagnostics"":{""bca_acceleration"":0.021165765693720792,""bca_adjusted_quantiles"":[0.03427300836117722,0.9825936292394953],""bca_bias_percentile"":0.5125512551255126,""bootstrap_expected_tail_counts"":[342.695810603411,174.04630123428612],""minimum_valid_repetitions"":20,""resampled_valid_count_range"":[24,24],""resampling_plan_sha256"":""a6d11f0b74ce64eb54e72b3a36ed7ad8976b45274324db021b3d94f0e34534ec"",""undefined_bootstrap_replicates"":0},""interval_status"":""available"",""mean_seconds"":5.471097145837878,""output_outcome_counts"":{""infrastructure_interruption"":0,""measurement_available"":0,""not_run"":0,""numerical_failure"":0,""output_failure_unclassified"":0,""resource_failure"":0,""valid"":24},""planned"":24,""plot_error_cost_point"":true,""reference_kind"":""analytic""}"
standard_q1_gt1,cuda-mala-quasi_deer,1024,ordinary_workflow,24,24,analytic,0.15865525393145707,0.0,0.00011508441463184749,6.840708511902828e-05,0.0001939184026898002,available,20.046106116665936,19.64354455886489,20.33619938157121,available,True,"{""bca_acceleration"":0.05559592761239678,""bca_adjusted_quantiles"":[0.046281193930232056,0.9894466932506074],""bca_bias_percentile"":0.5187518751875188,""bootstrap_expected_tail_counts"":[462.7656581083903,105.52251418717648],""claim_type"":""analytic_mse"",""conditional_squared_discrepancy"":0.00011508441463184749,""confidence_interval"":{""high"":0.0001939184026898002,""low"":6.840708511902828e-05},""confidence_level"":0.95,""failed_or_unavailable"":0,""interval_coverage"":""pointwise_conditional_on_supplied_reference"",""interval_method"":""BCa"",""interval_status"":""available"",""minimum_valid_repetitions"":20,""observed_estimate_mean"":0.156890869140625,""planned"":24,""reference_eligible"":true,""reference_kind"":""analytic"",""reference_mcse"":0.0,""reference_shift_is_confidence_interval"":false,""reference_shift_max"":0.00011508441463184749,""reference_shift_min"":0.00011508441463184749,""resampled_valid_count_range"":[24,24],""resampling_plan_sha256"":""a6d11f0b74ce64eb54e72b3a36ed7ad8976b45274324db021b3d94f0e34534ec"",""squared_discrepancy_standard_error"":3.0417050355958075e-05,""supplied_reference_value"":0.15865525393145707,""unconditional_squared_discrepancy"":0.00011508441463184749,""undefined_bootstrap_replicates"":0,""valid"":24}","{""available_functions_missing_cost"":0,""conditioning"":""same finite function estimates as conditional error; all such costs must be complete"",""confidence_interval"":{""high"":20.33619938157121,""low"":19.64354455886489},""function_available"":24,""interval_diagnostics"":{""bca_acceleration"":-0.03893061474045046,""bca_adjusted_quantiles"":[0.013669787789238164,0.9597954299633858],""bca_bias_percentile"":0.48444844484448446,""bootstrap_expected_tail_counts"":[136.6842081045924,402.0054957961049],""minimum_valid_repetitions"":20,""resampled_valid_count_range"":[24,24],""resampling_plan_sha256"":""a6d11f0b74ce64eb54e72b3a36ed7ad8976b45274324db021b3d94f0e34534ec"",""undefined_bootstrap_replicates"":0},""interval_status"":""available"",""mean_seconds"":20.046106116665936,""output_outcome_counts"":{""infrastructure_interruption"":0,""measurement_available"":0,""not_run"":0,""numerical_failure"":0,""output_failure_unclassified"":0,""resource_failure"":0,""valid"":24},""planned"":24,""plot_error_cost_point"":true,""reference_kind"":""analytic""}"
standard_q1_gt1,cuda-mala-quasi_deer,1024,research_execution,24,24,analytic,0.15865525393145707,0.0,0.00011508441463184749,6.840708511902828e-05,0.0001939184026898002,available,22.38765335833163,21.99620944565186,22.665229276454642,available,True,"{""bca_acceleration"":0.05559592761239678,""bca_adjusted_quantiles"":[0.046281193930232056,0.9894466932506074],""bca_bias_percentile"":0.5187518751875188,""bootstrap_expected_tail_counts"":[462.7656581083903,105.52251418717648],""claim_type"":""analytic_mse"",""conditional_squared_discrepancy"":0.00011508441463184749,""confidence_interval"":{""high"":0.0001939184026898002,""low"":6.840708511902828e-05},""confidence_level"":0.95,""failed_or_unavailable"":0,""interval_coverage"":""pointwise_conditional_on_supplied_reference"",""interval_method"":""BCa"",""interval_status"":""available"",""minimum_valid_repetitions"":20,""observed_estimate_mean"":0.156890869140625,""planned"":24,""reference_eligible"":true,""reference_kind"":""analytic"",""reference_mcse"":0.0,""reference_shift_is_confidence_interval"":false,""reference_shift_max"":0.00011508441463184749,""reference_shift_min"":0.00011508441463184749,""resampled_valid_count_range"":[24,24],""resampling_plan_sha256"":""a6d11f0b74ce64eb54e72b3a36ed7ad8976b45274324db021b3d94f0e34534ec"",""squared_discrepancy_standard_error"":3.0417050355958075e-05,""supplied_reference_value"":0.15865525393145707,""unconditional_squared_discrepancy"":0.00011508441463184749,""undefined_bootstrap_replicates"":0,""valid"":24}","{""available_functions_missing_cost"":0,""conditioning"":""same finite function estimates as conditional error; all such costs must be complete"",""confidence_interval"":{""high"":22.665229276454642,""low"":21.99620944565186},""function_available"":24,""interval_diagnostics"":{""bca_acceleration"":-0.043769271794129,""bca_adjusted_quantiles"":[0.012722426183665614,0.9580787257949661],""bca_bias_percentile"":0.48354835483548353,""bootstrap_expected_tail_counts"":[127.21153941047248,419.17082077613384],""minimum_valid_repetitions"":20,""resampled_valid_count_range"":[24,24],""resampling_plan_sha256"":""a6d11f0b74ce64eb54e72b3a36ed7ad8976b45274324db021b3d94f0e34534ec"",""undefined_bootstrap_replicates"":0},""interval_status"":""available"",""mean_seconds"":22.38765335833163,""output_outcome_counts"":{""infrastructure_interruption"":0,""measurement_available"":0,""not_run"":0,""numerical_failure"":0,""output_failure_unclassified"":0,""resource_failure"":0,""valid"":24},""planned"":24,""plot_error_cost_point"":true,""reference_kind"":""analytic""}"
standard_q1_gt1,cuda-mala-quasi_deer,4096,ordinary_workflow,24,24,analytic,0.15865525393145707,0.0,2.5704072396782054e-05,1.464807638832718e-05,4.649080825793192e-05,available,54.645233925001016,53.69208748225325,55.46873517536571,available,True,"{""bca_acceleration"":0.06827834749476833,""bca_adjusted_quantiles"":[0.053894317610870296,0.9922608058498622],""bca_bias_percentile"":0.5269526952695269,""bootstrap_expected_tail_counts"":[538.8892817910921,77.38420230722782],""claim_type"":""analytic_mse"",""conditional_squared_discrepancy"":2.5704072396782054e-05,""confidence_interval"":{""high"":4.649080825793192e-05,""low"":1.464807638832718e-05},""confidence_level"":0.95,""failed_or_unavailable"":0,""interval_coverage"":""pointwise_conditional_on_supplied_reference"",""interval_method"":""BCa"",""interval_status"":""available"",""minimum_valid_repetitions"":20,""observed_estimate_mean"":0.1592534383138021,""planned"":24,""reference_eligible"":true,""reference_kind"":""analytic"",""reference_mcse"":0.0,""reference_shift_is_confidence_interval"":false,""reference_shift_max"":2.5704072396782054e-05,""reference_shift_min"":2.5704072396782054e-05,""resampled_valid_count_range"":[24,24],""resampling_plan_sha256"":""a6d11f0b74ce64eb54e72b3a36ed7ad8976b45274324db021b3d94f0e34534ec"",""squared_discrepancy_standard_error"":7.61192720441582e-06,""supplied_reference_value"":0.15865525393145707,""unconditional_squared_discrepancy"":2.5704072396782054e-05,""undefined_bootstrap_replicates"":0,""valid"":24}","{""available_functions_missing_cost"":0,""conditioning"":""same finite function estimates as conditional error; all such costs must be complete"",""confidence_interval"":{""high"":55.46873517536571,""low"":53.69208748225325},""function_available"":24,""interval_diagnostics"":{""bca_acceleration"":-0.014248283797783385,""bca_adjusted_quantiles"":[0.019240614979243634,0.9682875084196293],""bca_bias_percentile"":0.4896489648964896,""bootstrap_expected_tail_counts"":[192.38690917745708,317.09320331212666],""minimum_valid_repetitions"":20,""resampled_valid_count_range"":[24,24],""resampling_plan_sha256"":""a6d11f0b74ce64eb54e72b3a36ed7ad8976b45274324db021b3d94f0e34534ec"",""undefined_bootstrap_replicates"":0},""interval_status"":""available"",""mean_seconds"":54.645233925001016,""output_outcome_counts"":{""infrastructure_interruption"":0,""measurement_available"":0,""not_run"":0,""numerical_failure"":0,""output_failure_unclassified"":0,""resource_failure"":0,""valid"":24},""planned"":24,""plot_error_cost_point"":true,""reference_kind"":""analytic""}"
standard_q1_gt1,cuda-mala-quasi_deer,4096,research_execution,24,24,analytic,0.15865525393145707,0.0,2.5704072396782054e-05,1.464807638832718e-05,4.649080825793192e-05,available,57.35243210833338,56.41531675174281,58.15566443945127,available,True,"{""bca_acceleration"":0.06827834749476833,""bca_adjusted_quantiles"":[0.053894317610870296,0.9922608058498622],""bca_bias_percentile"":0.5269526952695269,""bootstrap_expected_tail_counts"":[538.8892817910921,77.38420230722782],""claim_type"":""analytic_mse"",""conditional_squared_discrepancy"":2.5704072396782054e-05,""confidence_interval"":{""high"":4.649080825793192e-05,""low"":1.464807638832718e-05},""confidence_level"":0.95,""failed_or_unavailable"":0,""interval_coverage"":""pointwise_conditional_on_supplied_reference"",""interval_method"":""BCa"",""interval_status"":""available"",""minimum_valid_repetitions"":20,""observed_estimate_mean"":0.1592534383138021,""planned"":24,""reference_eligible"":true,""reference_kind"":""analytic"",""reference_mcse"":0.0,""reference_shift_is_confidence_interval"":false,""reference_shift_max"":2.5704072396782054e-05,""reference_shift_min"":2.5704072396782054e-05,""resampled_valid_count_range"":[24,24],""resampling_plan_sha256"":""a6d11f0b74ce64eb54e72b3a36ed7ad8976b45274324db021b3d94f0e34534ec"",""squared_discrepancy_standard_error"":7.61192720441582e-06,""supplied_reference_value"":0.15865525393145707,""unconditional_squared_discrepancy"":2.5704072396782054e-05,""undefined_bootstrap_replicates"":0,""valid"":24}","{""available_functions_missing_cost"":0,""conditioning"":""same finite function estimates as conditional error; all such costs must be complete"",""confidence_interval"":{""high"":58.15566443945127,""low"":56.41531675174281},""function_available"":24,""interval_diagnostics"":{""bca_acceleration"":-0.014277288079270959,""bca_adjusted_quantiles"":[0.018922647168973895,0.9678252130927444],""bca_bias_percentile"":0.48834883488348835,""bootstrap_expected_tail_counts"":[189.20754904256998,321.7156942856489],""minimum_valid_repetitions"":20,""resampled_valid_count_range"":[24,24],""resampling_plan_sha256"":""a6d11f0b74ce64eb54e72b3a36ed7ad8976b45274324db021b3d94f0e34534ec"",""undefined_bootstrap_replicates"":0},""interval_status"":""available"",""mean_seconds"":57.35243210833338,""output_outcome_counts"":{""infrastructure_interruption"":0,""measurement_available"":0,""not_run"":0,""numerical_failure"":0,""output_failure_unclassified"":0,""resource_failure"":0,""valid"":24},""planned"":24,""plot_error_cost_point"":true,""reference_kind"":""analytic""}"
standard_q1_gt1,cuda-mala-sequential,1024,ordinary_workflow,24,24,analytic,0.15865525393145707,0.0,0.00011508441463184749,6.840708511902828e-05,0.0001939184026898002,available,7.055619070837565,6.976150381206765,7.118311195510858,available,True,"{""bca_acceleration"":0.05559592761239678,""bca_adjusted_quantiles"":[0.046281193930232056,0.9894466932506074],""bca_bias_percentile"":0.5187518751875188,""bootstrap_expected_tail_counts"":[462.7656581083903,105.52251418717648],""claim_type"":""analytic_mse"",""conditional_squared_discrepancy"":0.00011508441463184749,""confidence_interval"":{""high"":0.0001939184026898002,""low"":6.840708511902828e-05},""confidence_level"":0.95,""failed_or_unavailable"":0,""interval_coverage"":""pointwise_conditional_on_supplied_reference"",""interval_method"":""BCa"",""interval_status"":""available"",""minimum_valid_repetitions"":20,""observed_estimate_mean"":0.156890869140625,""planned"":24,""reference_eligible"":true,""reference_kind"":""analytic"",""reference_mcse"":0.0,""reference_shift_is_confidence_interval"":false,""reference_shift_max"":0.00011508441463184749,""reference_shift_min"":0.00011508441463184749,""resampled_valid_count_range"":[24,24],""resampling_plan_sha256"":""a6d11f0b74ce64eb54e72b3a36ed7ad8976b45274324db021b3d94f0e34534ec"",""squared_discrepancy_standard_error"":3.0417050355958075e-05,""supplied_reference_value"":0.15865525393145707,""unconditional_squared_discrepancy"":0.00011508441463184749,""undefined_bootstrap_replicates"":0,""valid"":24}","{""available_functions_missing_cost"":0,""conditioning"":""same finite function estimates as conditional error; all such costs must be complete"",""confidence_interval"":{""high"":7.118311195510858,""low"":6.976150381206765},""function_available"":24,""interval_diagnostics"":{""bca_acceleration"":-0.03125313972148067,""bca_adjusted_quantiles"":[0.016612766836757997,0.9648633666305675],""bca_bias_percentile"":0.49224922492249223,""bootstrap_expected_tail_counts"":[166.1110556007432,351.3311970609557],""minimum_valid_repetitions"":20,""resampled_valid_count_range"":[24,24],""resampling_plan_sha256"":""a6d11f0b74ce64eb54e72b3a36ed7ad8976b45274324db021b3d94f0e34534ec"",""undefined_bootstrap_replicates"":0},""interval_status"":""available"",""mean_seconds"":7.055619070837565,""output_outcome_counts"":{""infrastructure_interruption"":0,""measurement_available"":0,""not_run"":0,""numerical_failure"":0,""output_failure_unclassified"":0,""resource_failure"":0,""valid"":24},""planned"":24,""plot_error_cost_point"":true,""reference_kind"":""analytic""}"
standard_q1_gt1,cuda-mala-sequential,1024,research_execution,24,24,analytic,0.15865525393145707,0.0,0.00011508441463184749,6.840708511902828e-05,0.0001939184026898002,available,9.390202549998321,9.307087840606833,9.453513422130582,available,True,"{""bca_acceleration"":0.05559592761239678,""bca_adjusted_quantiles"":[0.046281193930232056,0.9894466932506074],""bca_bias_percentile"":0.5187518751875188,""bootstrap_expected_tail_counts"":[462.7656581083903,105.52251418717648],""claim_type"":""analytic_mse"",""conditional_squared_discrepancy"":0.00011508441463184749,""confidence_interval"":{""high"":0.0001939184026898002,""low"":6.840708511902828e-05},""confidence_level"":0.95,""failed_or_unavailable"":0,""interval_coverage"":""pointwise_conditional_on_supplied_reference"",""interval_method"":""BCa"",""interval_status"":""available"",""minimum_valid_repetitions"":20,""observed_estimate_mean"":0.156890869140625,""planned"":24,""reference_eligible"":true,""reference_kind"":""analytic"",""reference_mcse"":0.0,""reference_shift_is_confidence_interval"":false,""reference_shift_max"":0.00011508441463184749,""reference_shift_min"":0.00011508441463184749,""resampled_valid_count_range"":[24,24],""resampling_plan_sha256"":""a6d11f0b74ce64eb54e72b3a36ed7ad8976b45274324db021b3d94f0e34534ec"",""squared_discrepancy_standard_error"":3.0417050355958075e-05,""supplied_reference_value"":0.15865525393145707,""unconditional_squared_discrepancy"":0.00011508441463184749,""undefined_bootstrap_replicates"":0,""valid"":24}","{""available_functions_missing_cost"":0,""conditioning"":""same finite function estimates as conditional error; all such costs must be complete"",""confidence_interval"":{""high"":9.453513422130582,""low"":9.307087840606833},""function_available"":24,""interval_diagnostics"":{""bca_acceleration"":-0.033022298360204955,""bca_adjusted_quantiles"":[0.01572873470170674,0.9634306053513255],""bca_bias_percentile"":0.4896489648964896,""bootstrap_expected_tail_counts"":[157.2716182823657,365.6573770920961],""minimum_valid_repetitions"":20,""resampled_valid_count_range"":[24,24],""resampling_plan_sha256"":""a6d11f0b74ce64eb54e72b3a36ed7ad8976b45274324db021b3d94f0e34534ec"",""undefined_bootstrap_replicates"":0},""interval_status"":""available"",""mean_seconds"":9.390202549998321,""output_outcome_counts"":{""infrastructure_interruption"":0,""measurement_available"":0,""not_run"":0,""numerical_failure"":0,""output_failure_unclassified"":0,""resource_failure"":0,""valid"":24},""planned"":24,""plot_error_cost_point"":true,""reference_kind"":""analytic""}"
standard_q1_gt1,cuda-mala-sequential,4096,ordinary_workflow,24,24,analytic,0.15865525393145707,0.0,2.5704072396782054e-05,1.464807638832718e-05,4.649080825793192e-05,available,15.462969470828284,15.124795997403256,15.752708036573246,available,True,"{""bca_acceleration"":0.06827834749476833,""bca_adjusted_quantiles"":[0.053894317610870296,0.9922608058498622],""bca_bias_percentile"":0.5269526952695269,""bootstrap_expected_tail_counts"":[538.8892817910921,77.38420230722782],""claim_type"":""analytic_mse"",""conditional_squared_discrepancy"":2.5704072396782054e-05,""confidence_interval"":{""high"":4.649080825793192e-05,""low"":1.464807638832718e-05},""confidence_level"":0.95,""failed_or_unavailable"":0,""interval_coverage"":""pointwise_conditional_on_supplied_reference"",""interval_method"":""BCa"",""interval_status"":""available"",""minimum_valid_repetitions"":20,""observed_estimate_mean"":0.1592534383138021,""planned"":24,""reference_eligible"":true,""reference_kind"":""analytic"",""reference_mcse"":0.0,""reference_shift_is_confidence_interval"":false,""reference_shift_max"":2.5704072396782054e-05,""reference_shift_min"":2.5704072396782054e-05,""resampled_valid_count_range"":[24,24],""resampling_plan_sha256"":""a6d11f0b74ce64eb54e72b3a36ed7ad8976b45274324db021b3d94f0e34534ec"",""squared_discrepancy_standard_error"":7.61192720441582e-06,""supplied_reference_value"":0.15865525393145707,""unconditional_squared_discrepancy"":2.5704072396782054e-05,""undefined_bootstrap_replicates"":0,""valid"":24}","{""available_functions_missing_cost"":0,""conditioning"":""same finite function estimates as conditional error; all such costs must be complete"",""confidence_interval"":{""high"":15.752708036573246,""low"":15.124795997403256},""function_available"":24,""interval_diagnostics"":{""bca_acceleration"":-0.018318107867185924,""bca_adjusted_quantiles"":[0.018879594555521684,0.9678876055895707],""bca_bias_percentile"":0.49144914491449143,""bootstrap_expected_tail_counts"":[188.7770659606613,321.091831709883],""minimum_valid_repetitions"":20,""resampled_valid_count_range"":[24,24],""resampling_plan_sha256"":""a6d11f0b74ce64eb54e72b3a36ed7ad8976b45274324db021b3d94f0e34534ec"",""undefined_bootstrap_replicates"":0},""interval_status"":""available"",""mean_seconds"":15.462969470828284,""output_outcome_counts"":{""infrastructure_interruption"":0,""measurement_available"":0,""not_run"":0,""numerical_failure"":0,""output_failure_unclassified"":0,""resource_failure"":0,""valid"":24},""planned"":24,""plot_error_cost_point"":true,""reference_kind"":""analytic""}"
standard_q1_gt1,cuda-mala-sequential,4096,research_execution,24,24,analytic,0.15865525393145707,0.0,2.5704072396782054e-05,1.464807638832718e-05,4.649080825793192e-05,available,18.13696438333909,17.814101960863805,18.401306399346602,available,True,"{""bca_acceleration"":0.06827834749476833,""bca_adjusted_quantiles"":[0.053894317610870296,0.9922608058498622],""bca_bias_percentile"":0.5269526952695269,""bootstrap_expected_tail_counts"":[538.8892817910921,77.38420230722782],""claim_type"":""analytic_mse"",""conditional_squared_discrepancy"":2.5704072396782054e-05,""confidence_interval"":{""high"":4.649080825793192e-05,""low"":1.464807638832718e-05},""confidence_level"":0.95,""failed_or_unavailable"":0,""interval_coverage"":""pointwise_conditional_on_supplied_reference"",""interval_method"":""BCa"",""interval_status"":""available"",""minimum_valid_repetitions"":20,""observed_estimate_mean"":0.1592534383138021,""planned"":24,""reference_eligible"":true,""reference_kind"":""analytic"",""reference_mcse"":0.0,""reference_shift_is_confidence_interval"":false,""reference_shift_max"":2.5704072396782054e-05,""reference_shift_min"":2.5704072396782054e-05,""resampled_valid_count_range"":[24,24],""resampling_plan_sha256"":""a6d11f0b74ce64eb54e72b3a36ed7ad8976b45274324db021b3d94f0e34534ec"",""squared_discrepancy_standard_error"":7.61192720441582e-06,""supplied_reference_value"":0.15865525393145707,""unconditional_squared_discrepancy"":2.5704072396782054e-05,""undefined_bootstrap_replicates"":0,""valid"":24}","{""available_functions_missing_cost"":0,""conditioning"":""same finite function estimates as conditional error; all such costs must be complete"",""confidence_interval"":{""high"":18.401306399346602,""low"":17.814101960863805},""function_available"":24,""interval_diagnostics"":{""bca_acceleration"":-0.023298938660408795,""bca_adjusted_quantiles"":[0.017235195434476686,0.9655374689463674],""bca_bias_percentile"":0.4884488448844885,""bootstrap_expected_tail_counts"":[172.3347191493324,344.59084800527256],""minimum_valid_repetitions"":20,""resampled_valid_count_range"":[24,24],""resampling_plan_sha256"":""a6d11f0b74ce64eb54e72b3a36ed7ad8976b45274324db021b3d94f0e34534ec"",""undefined_bootstrap_replicates"":0},""interval_status"":""available"",""mean_seconds"":18.13696438333909,""output_outcome_counts"":{""infrastructure_interruption"":0,""measurement_available"":0,""not_run"":0,""numerical_failure"":0,""output_failure_unclassified"":0,""resource_failure"":0,""valid"":24},""planned"":24,""plot_error_cost_point"":true,""reference_kind"":""analytic""}"
standard_q1_gt1,cuda-rwm-online_picard,1024,ordinary_workflow,24,24,analytic,0.15865525393145707,0.0,0.0006798206355536182,0.00043013024815794144,0.0010525649031921265,available,3.2288671125077144,3.2138187616921394,3.244367398959589,available,True,"{""bca_acceleration"":0.047697551641057816,""bca_adjusted_quantiles"":[0.042107099688728986,0.9874992803918652],""bca_bias_percentile"":0.5142514251425142,""bootstrap_expected_tail_counts"":[421.02888978760114,124.99469536174],""claim_type"":""analytic_mse"",""conditional_squared_discrepancy"":0.0006798206355536182,""confidence_interval"":{""high"":0.0010525649031921265,""low"":0.00043013024815794144},""confidence_level"":0.95,""failed_or_unavailable"":0,""interval_coverage"":""pointwise_conditional_on_supplied_reference"",""interval_method"":""BCa"",""interval_status"":""available"",""minimum_valid_repetitions"":20,""observed_estimate_mean"":0.15520222981770834,""planned"":24,""reference_eligible"":true,""reference_kind"":""analytic"",""reference_mcse"":0.0,""reference_shift_is_confidence_interval"":false,""reference_shift_max"":0.0006798206355536182,""reference_shift_min"":0.0006798206355536182,""resampled_valid_count_range"":[24,24],""resampling_plan_sha256"":""a6d11f0b74ce64eb54e72b3a36ed7ad8976b45274324db021b3d94f0e34534ec"",""squared_discrepancy_standard_error"":0.00015630070532894998,""supplied_reference_value"":0.15865525393145707,""unconditional_squared_discrepancy"":0.0006798206355536182,""undefined_bootstrap_replicates"":0,""valid"":24}","{""available_functions_missing_cost"":0,""conditioning"":""same finite function estimates as conditional error; all such costs must be complete"",""confidence_interval"":{""high"":3.244367398959589,""low"":3.2138187616921394},""function_available"":24,""interval_diagnostics"":{""bca_acceleration"":0.00574918036081473,""bca_adjusted_quantiles"":[0.02484239871954884,0.974837940490808],""bca_bias_percentile"":0.49504950495049505,""bootstrap_expected_tail_counts"":[248.39914479676884,251.59543303241117],""minimum_valid_repetitions"":20,""resampled_valid_count_range"":[24,24],""resampling_plan_sha256"":""a6d11f0b74ce64eb54e72b3a36ed7ad8976b45274324db021b3d94f0e34534ec"",""undefined_bootstrap_replicates"":0},""interval_status"":""available"",""mean_seconds"":3.2288671125077144,""output_outcome_counts"":{""infrastructure_interruption"":0,""measurement_available"":0,""not_run"":0,""numerical_failure"":0,""output_failure_unclassified"":0,""resource_failure"":0,""valid"":24},""planned"":24,""plot_error_cost_point"":true,""reference_kind"":""analytic""}"
standard_q1_gt1,cuda-rwm-online_picard,1024,research_execution,24,24,analytic,0.15865525393145707,0.0,0.0006798206355536182,0.00043013024815794144,0.0010525649031921265,available,5.45826783332988,5.419743313573861,5.495257167334969,available,True,"{""bca_acceleration"":0.047697551641057816,""bca_adjusted_quantiles"":[0.042107099688728986,0.9874992803918652],""bca_bias_percentile"":0.5142514251425142,""bootstrap_expected_tail_counts"":[421.02888978760114,124.99469536174],""claim_type"":""analytic_mse"",""conditional_squared_discrepancy"":0.0006798206355536182,""confidence_interval"":{""high"":0.0010525649031921265,""low"":0.00043013024815794144},""confidence_level"":0.95,""failed_or_unavailable"":0,""interval_coverage"":""pointwise_conditional_on_supplied_reference"",""interval_method"":""BCa"",""interval_status"":""available"",""minimum_valid_repetitions"":20,""observed_estimate_mean"":0.15520222981770834,""planned"":24,""reference_eligible"":true,""reference_kind"":""analytic"",""reference_mcse"":0.0,""reference_shift_is_confidence_interval"":false,""reference_shift_max"":0.0006798206355536182,""reference_shift_min"":0.0006798206355536182,""resampled_valid_count_range"":[24,24],""resampling_plan_sha256"":""a6d11f0b74ce64eb54e72b3a36ed7ad8976b45274324db021b3d94f0e34534ec"",""squared_discrepancy_standard_error"":0.00015630070532894998,""supplied_reference_value"":0.15865525393145707,""unconditional_squared_discrepancy"":0.0006798206355536182,""undefined_bootstrap_replicates"":0,""valid"":24}","{""available_functions_missing_cost"":0,""conditioning"":""same finite function estimates as conditional error; all such costs must be complete"",""confidence_interval"":{""high"":5.495257167334969,""low"":5.419743313573861},""function_available"":24,""interval_diagnostics"":{""bca_acceleration"":-0.004015471702845966,""bca_adjusted_quantiles"":[0.02324452512947812,0.9731647076812899],""bca_bias_percentile"":0.4969496949694969,""bootstrap_expected_tail_counts"":[232.42200676965174,268.326087894782],""minimum_valid_repetitions"":20,""resampled_valid_count_range"":[24,24],""resampling_plan_sha256"":""a6d11f0b74ce64eb54e72b3a36ed7ad8976b45274324db021b3d94f0e34534ec"",""undefined_bootstrap_replicates"":0},""interval_status"":""available"",""mean_seconds"":5.45826783332988,""output_outcome_counts"":{""infrastructure_interruption"":0,""measurement_available"":0,""not_run"":0,""numerical_failure"":0,""output_failure_unclassified"":0,""resource_failure"":0,""valid"":24},""planned"":24,""plot_error_cost_point"":true,""reference_kind"":""analytic""}"
standard_q1_gt1,cuda-rwm-online_picard,4096,ordinary_workflow,24,24,analytic,0.15865525393145707,0.0,0.00011166345776371373,6.637081469509665e-05,0.0001912418712889107,available,4.8754272666713705,4.829938875261464,4.935911767096556,available,True,"{""bca_acceleration"":0.06056370107850698,""bca_adjusted_quantiles"":[0.04973935754020267,0.9907904104733748],""bca_bias_percentile"":0.5231523152315232,""bootstrap_expected_tail_counts"":[497.3438360444865,92.08668567672544],""claim_type"":""analytic_mse"",""conditional_squared_discrepancy"":0.00011166345776371373,""confidence_interval"":{""high"":0.0001912418712889107,""low"":6.637081469509665e-05},""confidence_level"":0.95,""failed_or_unavailable"":0,""interval_coverage"":""pointwise_conditional_on_supplied_reference"",""interval_method"":""BCa"",""interval_status"":""available"",""minimum_valid_repetitions"":20,""observed_estimate_mean"":0.15764363606770834,""planned"":24,""reference_eligible"":true,""reference_kind"":""analytic"",""reference_mcse"":0.0,""reference_shift_is_confidence_interval"":false,""reference_shift_max"":0.00011166345776371373,""reference_shift_min"":0.00011166345776371373,""resampled_valid_count_range"":[24,24],""resampling_plan_sha256"":""a6d11f0b74ce64eb54e72b3a36ed7ad8976b45274324db021b3d94f0e34534ec"",""squared_discrepancy_standard_error"":3.0296253048991933e-05,""supplied_reference_value"":0.15865525393145707,""unconditional_squared_discrepancy"":0.00011166345776371373,""undefined_bootstrap_replicates"":0,""valid"":24}","{""available_functions_missing_cost"":0,""conditioning"":""same finite function estimates as conditional error; all such costs must be complete"",""confidence_interval"":{""high"":4.935911767096556,""low"":4.829938875261464},""function_available"":24,""interval_diagnostics"":{""bca_acceleration"":0.031457058986614606,""bca_adjusted_quantiles"":[0.03544756411140227,0.9835788891587136],""bca_bias_percentile"":0.5084508450845084,""bootstrap_expected_tail_counts"":[354.4401935499113,164.19468730202263],""minimum_valid_repetitions"":20,""resampled_valid_count_range"":[24,24],""resampling_plan_sha256"":""a6d11f0b74ce64eb54e72b3a36ed7ad8976b45274324db021b3d94f0e34534ec"",""undefined_bootstrap_replicates"":0},""interval_status"":""available"",""mean_seconds"":4.8754272666713705,""output_outcome_counts"":{""infrastructure_interruption"":0,""measurement_available"":0,""not_run"":0,""numerical_failure"":0,""output_failure_unclassified"":0,""resource_failure"":0,""valid"":24},""planned"":24,""plot_error_cost_point"":true,""reference_kind"":""analytic""}"
standard_q1_gt1,cuda-rwm-online_picard,4096,research_execution,24,24,analytic,0.15865525393145707,0.0,0.00011166345776371373,6.637081469509665e-05,0.0001912418712889107,available,7.2233891374952846,7.173216752053495,7.289208890945715,available,True,"{""bca_acceleration"":0.06056370107850698,""bca_adjusted_quantiles"":[0.04973935754020267,0.9907904104733748],""bca_bias_percentile"":0.5231523152315232,""bootstrap_expected_tail_counts"":[497.3438360444865,92.08668567672544],""claim_type"":""analytic_mse"",""conditional_squared_discrepancy"":0.00011166345776371373,""confidence_interval"":{""high"":0.0001912418712889107,""low"":6.637081469509665e-05},""confidence_level"":0.95,""failed_or_unavailable"":0,""interval_coverage"":""pointwise_conditional_on_supplied_reference"",""interval_method"":""BCa"",""interval_status"":""available"",""minimum_valid_repetitions"":20,""observed_estimate_mean"":0.15764363606770834,""planned"":24,""reference_eligible"":true,""reference_kind"":""analytic"",""reference_mcse"":0.0,""reference_shift_is_confidence_interval"":false,""reference_shift_max"":0.00011166345776371373,""reference_shift_min"":0.00011166345776371373,""resampled_valid_count_range"":[24,24],""resampling_plan_sha256"":""a6d11f0b74ce64eb54e72b3a36ed7ad8976b45274324db021b3d94f0e34534ec"",""squared_discrepancy_standard_error"":3.0296253048991933e-05,""supplied_reference_value"":0.15865525393145707,""unconditional_squared_discrepancy"":0.00011166345776371373,""undefined_bootstrap_replicates"":0,""valid"":24}","{""available_functions_missing_cost"":0,""conditioning"":""same finite function estimates as conditional error; all such costs must be complete"",""confidence_interval"":{""high"":7.289208890945715,""low"":7.173216752053495},""function_available"":24,""interval_diagnostics"":{""bca_acceleration"":0.027766293425127445,""bca_adjusted_quantiles"":[0.0352976969941626,0.9833875117394283],""bca_bias_percentile"":0.5106510651065107,""bootstrap_expected_tail_counts"":[352.9416722446319,166.10827011745656],""minimum_valid_repetitions"":20,""resampled_valid_count_range"":[24,24],""resampling_plan_sha256"":""a6d11f0b74ce64eb54e72b3a36ed7ad8976b45274324db021b3d94f0e34534ec"",""undefined_bootstrap_replicates"":0},""interval_status"":""available"",""mean_seconds"":7.2233891374952846,""output_outcome_counts"":{""infrastructure_interruption"":0,""measurement_available"":0,""not_run"":0,""numerical_failure"":0,""output_failure_unclassified"":0,""resource_failure"":0,""valid"":24},""planned"":24,""plot_error_cost_point"":true,""reference_kind"":""analytic""}"
standard_q1_gt1,cuda-rwm-sequential,1024,ordinary_workflow,24,24,analytic,0.15865525393145707,0.0,0.0006798206355536182,0.00043013024815794144,0.0010525649031921265,available,3.4309678833389703,3.4133635411115044,3.452022902254785,available,True,"{""bca_acceleration"":0.047697551641057816,""bca_adjusted_quantiles"":[0.042107099688728986,0.9874992803918652],""bca_bias_percentile"":0.5142514251425142,""bootstrap_expected_tail_counts"":[421.02888978760114,124.99469536174],""claim_type"":""analytic_mse"",""conditional_squared_discrepancy"":0.0006798206355536182,""confidence_interval"":{""high"":0.0010525649031921265,""low"":0.00043013024815794144},""confidence_level"":0.95,""failed_or_unavailable"":0,""interval_coverage"":""pointwise_conditional_on_supplied_reference"",""interval_method"":""BCa"",""interval_status"":""available"",""minimum_valid_repetitions"":20,""observed_estimate_mean"":0.15520222981770834,""planned"":24,""reference_eligible"":true,""reference_kind"":""analytic"",""reference_mcse"":0.0,""reference_shift_is_confidence_interval"":false,""reference_shift_max"":0.0006798206355536182,""reference_shift_min"":0.0006798206355536182,""resampled_valid_count_range"":[24,24],""resampling_plan_sha256"":""a6d11f0b74ce64eb54e72b3a36ed7ad8976b45274324db021b3d94f0e34534ec"",""squared_discrepancy_standard_error"":0.00015630070532894998,""supplied_reference_value"":0.15865525393145707,""unconditional_squared_discrepancy"":0.0006798206355536182,""undefined_bootstrap_replicates"":0,""valid"":24}","{""available_functions_missing_cost"":0,""conditioning"":""same finite function estimates as conditional error; all such costs must be complete"",""confidence_interval"":{""high"":3.452022902254785,""low"":3.4133635411115044},""function_available"":24,""interval_diagnostics"":{""bca_acceleration"":0.021924407294548774,""bca_adjusted_quantiles"":[0.031701513850419624,0.980908280265035],""bca_bias_percentile"":0.5047504750475047,""bootstrap_expected_tail_counts"":[316.9834369903458,190.89810562991545],""minimum_valid_repetitions"":20,""resampled_valid_count_range"":[24,24],""resampling_plan_sha256"":""a6d11f0b74ce64eb54e72b3a36ed7ad8976b45274324db021b3d94f0e34534ec"",""undefined_bootstrap_replicates"":0},""interval_status"":""available"",""mean_seconds"":3.4309678833389703,""output_outcome_counts"":{""infrastructure_interruption"":0,""measurement_available"":0,""not_run"":0,""numerical_failure"":0,""output_failure_unclassified"":0,""resource_failure"":0,""valid"":24},""planned"":24,""plot_error_cost_point"":true,""reference_kind"":""analytic""}"
standard_q1_gt1,cuda-rwm-sequential,1024,research_execution,24,24,analytic,0.15865525393145707,0.0,0.0006798206355536182,0.00043013024815794144,0.0010525649031921265,available,5.667159566670004,5.626315651880082,5.711885504562439,available,True,"{""bca_acceleration"":0.047697551641057816,""bca_adjusted_quantiles"":[0.042107099688728986,0.9874992803918652],""bca_bias_percentile"":0.5142514251425142,""bootstrap_expected_tail_counts"":[421.02888978760114,124.99469536174],""claim_type"":""analytic_mse"",""conditional_squared_discrepancy"":0.0006798206355536182,""confidence_interval"":{""high"":0.0010525649031921265,""low"":0.00043013024815794144},""confidence_level"":0.95,""failed_or_unavailable"":0,""interval_coverage"":""pointwise_conditional_on_supplied_reference"",""interval_method"":""BCa"",""interval_status"":""available"",""minimum_valid_repetitions"":20,""observed_estimate_mean"":0.15520222981770834,""planned"":24,""reference_eligible"":true,""reference_kind"":""analytic"",""reference_mcse"":0.0,""reference_shift_is_confidence_interval"":false,""reference_shift_max"":0.0006798206355536182,""reference_shift_min"":0.0006798206355536182,""resampled_valid_count_range"":[24,24],""resampling_plan_sha256"":""a6d11f0b74ce64eb54e72b3a36ed7ad8976b45274324db021b3d94f0e34534ec"",""squared_discrepancy_standard_error"":0.00015630070532894998,""supplied_reference_value"":0.15865525393145707,""unconditional_squared_discrepancy"":0.0006798206355536182,""undefined_bootstrap_replicates"":0,""valid"":24}","{""available_functions_missing_cost"":0,""conditioning"":""same finite function estimates as conditional error; all such costs must be complete"",""confidence_interval"":{""high"":5.711885504562439,""low"":5.626315651880082},""function_available"":24,""interval_diagnostics"":{""bca_acceleration"":0.00746554442455818,""bca_adjusted_quantiles"":[0.02853424684098511,0.9782480965033223],""bca_bias_percentile"":0.5058505850585059,""bootstrap_expected_tail_counts"":[285.3139341630101,217.49728306327992],""minimum_valid_repetitions"":20,""resampled_valid_count_range"":[24,24],""resampling_plan_sha256"":""a6d11f0b74ce64eb54e72b3a36ed7ad8976b45274324db021b3d94f0e34534ec"",""undefined_bootstrap_replicates"":0},""interval_status"":""available"",""mean_seconds"":5.667159566670004,""output_outcome_counts"":{""infrastructure_interruption"":0,""measurement_available"":0,""not_run"":0,""numerical_failure"":0,""output_failure_unclassified"":0,""resource_failure"":0,""valid"":24},""planned"":24,""plot_error_cost_point"":true,""reference_kind"":""analytic""}"
standard_q1_gt1,cuda-rwm-sequential,4096,ordinary_workflow,24,24,analytic,0.15865525393145707,0.0,0.00011166345776371373,6.637081469509665e-05,0.0001912418712889107,available,5.916267170831134,5.854273617664213,5.98111441642951,available,True,"{""bca_acceleration"":0.06056370107850698,""bca_adjusted_quantiles"":[0.04973935754020267,0.9907904104733748],""bca_bias_percentile"":0.5231523152315232,""bootstrap_expected_tail_counts"":[497.3438360444865,92.08668567672544],""claim_type"":""analytic_mse"",""conditional_squared_discrepancy"":0.00011166345776371373,""confidence_interval"":{""high"":0.0001912418712889107,""low"":6.637081469509665e-05},""confidence_level"":0.95,""failed_or_unavailable"":0,""interval_coverage"":""pointwise_conditional_on_supplied_reference"",""interval_method"":""BCa"",""interval_status"":""available"",""minimum_valid_repetitions"":20,""observed_estimate_mean"":0.15764363606770834,""planned"":24,""reference_eligible"":true,""reference_kind"":""analytic"",""reference_mcse"":0.0,""reference_shift_is_confidence_interval"":false,""reference_shift_max"":0.00011166345776371373,""reference_shift_min"":0.00011166345776371373,""resampled_valid_count_range"":[24,24],""resampling_plan_sha256"":""a6d11f0b74ce64eb54e72b3a36ed7ad8976b45274324db021b3d94f0e34534ec"",""squared_discrepancy_standard_error"":3.0296253048991933e-05,""supplied_reference_value"":0.15865525393145707,""unconditional_squared_discrepancy"":0.00011166345776371373,""undefined_bootstrap_replicates"":0,""valid"":24}","{""available_functions_missing_cost"":0,""conditioning"":""same finite function estimates as conditional error; all such costs must be complete"",""confidence_interval"":{""high"":5.98111441642951,""low"":5.854273617664213},""function_available"":24,""interval_diagnostics"":{""bca_acceleration"":0.004028554257656475,""bca_adjusted_quantiles"":[0.026531274047108172,0.9764790716031286],""bca_bias_percentile"":0.502050205020502,""bootstrap_expected_tail_counts"":[265.2862091970346,235.18576304031677],""minimum_valid_repetitions"":20,""resampled_valid_count_range"":[24,24],""resampling_plan_sha256"":""a6d11f0b74ce64eb54e72b3a36ed7ad8976b45274324db021b3d94f0e34534ec"",""undefined_bootstrap_replicates"":0},""interval_status"":""available"",""mean_seconds"":5.916267170831134,""output_outcome_counts"":{""infrastructure_interruption"":0,""measurement_available"":0,""not_run"":0,""numerical_failure"":0,""output_failure_unclassified"":0,""resource_failure"":0,""valid"":24},""planned"":24,""plot_error_cost_point"":true,""reference_kind"":""analytic""}"
standard_q1_gt1,cuda-rwm-sequential,4096,research_execution,24,24,analytic,0.15865525393145707,0.0,0.00011166345776371373,6.637081469509665e-05,0.0001912418712889107,available,8.305183537497518,8.24223673556025,8.384771425672765,available,True,"{""bca_acceleration"":0.06056370107850698,""bca_adjusted_quantiles"":[0.04973935754020267,0.9907904104733748],""bca_bias_percentile"":0.5231523152315232,""bootstrap_expected_tail_counts"":[497.3438360444865,92.08668567672544],""claim_type"":""analytic_mse"",""conditional_squared_discrepancy"":0.00011166345776371373,""confidence_interval"":{""high"":0.0001912418712889107,""low"":6.637081469509665e-05},""confidence_level"":0.95,""failed_or_unavailable"":0,""interval_coverage"":""pointwise_conditional_on_supplied_reference"",""interval_method"":""BCa"",""interval_status"":""available"",""minimum_valid_repetitions"":20,""observed_estimate_mean"":0.15764363606770834,""planned"":24,""reference_eligible"":true,""reference_kind"":""analytic"",""reference_mcse"":0.0,""reference_shift_is_confidence_interval"":false,""reference_shift_max"":0.00011166345776371373,""reference_shift_min"":0.00011166345776371373,""resampled_valid_count_range"":[24,24],""resampling_plan_sha256"":""a6d11f0b74ce64eb54e72b3a36ed7ad8976b45274324db021b3d94f0e34534ec"",""squared_discrepancy_standard_error"":3.0296253048991933e-05,""supplied_reference_value"":0.15865525393145707,""unconditional_squared_discrepancy"":0.00011166345776371373,""undefined_bootstrap_replicates"":0,""valid"":24}","{""available_functions_missing_cost"":0,""conditioning"":""same finite function estimates as conditional error; all such costs must be complete"",""confidence_interval"":{""high"":8.384771425672765,""low"":8.24223673556025},""function_available"":24,""interval_diagnostics"":{""bca_acceleration"":0.02327104610143631,""bca_adjusted_quantiles"":[0.034823408709464966,0.9829830557850537],""bca_bias_percentile"":0.5125512551255126,""bootstrap_expected_tail_counts"":[348.1992636859402,170.15242520524765],""minimum_valid_repetitions"":20,""resampled_valid_count_range"":[24,24],""resampling_plan_sha256"":""a6d11f0b74ce64eb54e72b3a36ed7ad8976b45274324db021b3d94f0e34534ec"",""undefined_bootstrap_replicates"":0},""interval_status"":""available"",""mean_seconds"":8.305183537497518,""output_outcome_counts"":{""infrastructure_interruption"":0,""measurement_available"":0,""not_run"":0,""numerical_failure"":0,""output_failure_unclassified"":0,""resource_failure"":0,""valid"":24},""planned"":24,""plot_error_cost_point"":true,""reference_kind"":""analytic""}"
