function,workflow,budget,phase,planned,available,reference_kind,reference_value,reference_mcse,point,low,high,interval_status,mean_seconds,cost_low,cost_high,cost_interval_status,plot_point,error_record,cost_record
q1,cpu-mala-quasi_deer,1024,ordinary_workflow,24,24,finite_mcmc,-0.3111767722693598,8.892829255519044e-05,2.6549460033975e-06,1.7672796219782814e-06,3.7357788086869692e-06,available,39.90575873750068,38.02074263768497,41.78060465989391,available,True,"{""bca_acceleration"":0.02763884241985138,""bca_adjusted_quantiles"":[0.03260863445861775,0.9816675279343163],""bca_bias_percentile"":0.5032503250325032,""bootstrap_expected_tail_counts"":[326.0537359517189,183.306388184771],""claim_type"":""finite_reference_discrepancy"",""conditional_squared_discrepancy"":2.6549460033975e-06,""confidence_interval"":{""high"":3.7357788086869692e-06,""low"":1.7672796219782814e-06},""confidence_level"":0.95,""failed_or_unavailable"":0,""interval_coverage"":""pointwise_conditional_on_supplied_reference"",""interval_method"":""BCa"",""interval_status"":""available"",""minimum_valid_repetitions"":20,""observed_estimate_mean"":-0.3108562654817715,""planned"":24,""reference_eligible"":true,""reference_kind"":""finite_mcmc"",""reference_mcse"":8.892829255519044e-05,""reference_shift_is_confidence_interval"":false,""reference_shift_max"":2.800587453754948e-06,""reference_shift_min"":2.5725704827743046e-06,""resampled_valid_count_range"":[24,24],""resampling_plan_sha256"":""22e338ef5a1c028306ca7a03b188d650d83f0028ecc282ee953e70e4258651ef"",""squared_discrepancy_standard_error"":5.161624467298653e-07,""supplied_reference_value"":-0.3111767722693598,""unconditional_squared_discrepancy"":2.6549460033975e-06,""undefined_bootstrap_replicates"":0,""valid"":24}","{""available_functions_missing_cost"":0,""conditioning"":""same finite function estimates as conditional error; all such costs must be complete"",""confidence_interval"":{""high"":41.78060465989391,""low"":38.02074263768497},""function_available"":24,""interval_diagnostics"":{""bca_acceleration"":0.004728787430933213,""bca_adjusted_quantiles"":[0.024133941988187,0.9740910981041409],""bca_bias_percentile"":0.49334933493349337,""bootstrap_expected_tail_counts"":[241.31528593988182,259.0631100566956],""minimum_valid_repetitions"":20,""resampled_valid_count_range"":[24,24],""resampling_plan_sha256"":""22e338ef5a1c028306ca7a03b188d650d83f0028ecc282ee953e70e4258651ef"",""undefined_bootstrap_replicates"":0},""interval_status"":""available"",""mean_seconds"":39.90575873750068,""output_outcome_counts"":{""infrastructure_interruption"":0,""measurement_available"":0,""not_run"":0,""numerical_failure"":0,""output_failure_unclassified"":0,""resource_failure"":0,""valid"":24},""planned"":24,""plot_error_cost_point"":true,""reference_kind"":""finite_mcmc""}"
q1,cpu-mala-quasi_deer,1024,research_execution,24,24,finite_mcmc,-0.3111767722693598,8.892829255519044e-05,2.6549460033975e-06,1.7672796219782814e-06,3.7357788086869692e-06,available,44.02276302083055,42.112582365275806,45.92321932270912,available,True,"{""bca_acceleration"":0.02763884241985138,""bca_adjusted_quantiles"":[0.03260863445861775,0.9816675279343163],""bca_bias_percentile"":0.5032503250325032,""bootstrap_expected_tail_counts"":[326.0537359517189,183.306388184771],""claim_type"":""finite_reference_discrepancy"",""conditional_squared_discrepancy"":2.6549460033975e-06,""confidence_interval"":{""high"":3.7357788086869692e-06,""low"":1.7672796219782814e-06},""confidence_level"":0.95,""failed_or_unavailable"":0,""interval_coverage"":""pointwise_conditional_on_supplied_reference"",""interval_method"":""BCa"",""interval_status"":""available"",""minimum_valid_repetitions"":20,""observed_estimate_mean"":-0.3108562654817715,""planned"":24,""reference_eligible"":true,""reference_kind"":""finite_mcmc"",""reference_mcse"":8.892829255519044e-05,""reference_shift_is_confidence_interval"":false,""reference_shift_max"":2.800587453754948e-06,""reference_shift_min"":2.5725704827743046e-06,""resampled_valid_count_range"":[24,24],""resampling_plan_sha256"":""22e338ef5a1c028306ca7a03b188d650d83f0028ecc282ee953e70e4258651ef"",""squared_discrepancy_standard_error"":5.161624467298653e-07,""supplied_reference_value"":-0.3111767722693598,""unconditional_squared_discrepancy"":2.6549460033975e-06,""undefined_bootstrap_replicates"":0,""valid"":24}","{""available_functions_missing_cost"":0,""conditioning"":""same finite function estimates as conditional error; all such costs must be complete"",""confidence_interval"":{""high"":45.92321932270912,""low"":42.112582365275806},""function_available"":24,""interval_diagnostics"":{""bca_acceleration"":0.0046607653816994,""bca_adjusted_quantiles"":[0.024119141845546376,0.9740753388966382],""bca_bias_percentile"":0.49334933493349337,""bootstrap_expected_tail_counts"":[241.1672993136182,259.2206863725144],""minimum_valid_repetitions"":20,""resampled_valid_count_range"":[24,24],""resampling_plan_sha256"":""22e338ef5a1c028306ca7a03b188d650d83f0028ecc282ee953e70e4258651ef"",""undefined_bootstrap_replicates"":0},""interval_status"":""available"",""mean_seconds"":44.02276302083055,""output_outcome_counts"":{""infrastructure_interruption"":0,""measurement_available"":0,""not_run"":0,""numerical_failure"":0,""output_failure_unclassified"":0,""resource_failure"":0,""valid"":24},""planned"":24,""plot_error_cost_point"":true,""reference_kind"":""finite_mcmc""}"
q1,cpu-mala-quasi_deer,4096,ordinary_workflow,24,24,finite_mcmc,-0.3111767722693598,8.892829255519044e-05,8.346844317610862e-07,4.989012825298116e-07,1.3536346851652807e-06,available,113.45758466666909,108.21418278859367,118.71340437189164,available,True,"{""bca_acceleration"":0.04527737340555821,""bca_adjusted_quantiles"":[0.049966090032968584,0.9902624986330854],""bca_bias_percentile"":0.5334533453345335,""bootstrap_expected_tail_counts"":[499.61093423965286,97.36527616777956],""claim_type"":""finite_reference_discrepancy"",""conditional_squared_discrepancy"":8.346844317610862e-07,""confidence_interval"":{""high"":1.3536346851652807e-06,""low"":4.989012825298116e-07},""confidence_level"":0.95,""failed_or_unavailable"":0,""interval_coverage"":""pointwise_conditional_on_supplied_reference"",""interval_method"":""BCa"",""interval_status"":""available"",""minimum_valid_repetitions"":20,""observed_estimate_mean"":-0.31099671350299196,""planned"":24,""reference_eligible"":true,""reference_kind"":""finite_mcmc"",""reference_mcse"":8.892829255519044e-05,""reference_shift_is_confidence_interval"":false,""reference_shift_max"":9.303666712389573e-07,""reference_shift_min"":8.022681220174673e-07,""resampled_valid_count_range"":[24,24],""resampling_plan_sha256"":""22e338ef5a1c028306ca7a03b188d650d83f0028ecc282ee953e70e4258651ef"",""squared_discrepancy_standard_error"":2.1539040387505182e-07,""supplied_reference_value"":-0.3111767722693598,""unconditional_squared_discrepancy"":8.346844317610862e-07,""undefined_bootstrap_replicates"":0,""valid"":24}","{""available_functions_missing_cost"":0,""conditioning"":""same finite function estimates as conditional error; all such costs must be complete"",""confidence_interval"":{""high"":118.71340437189164,""low"":108.21418278859367},""function_available"":24,""interval_diagnostics"":{""bca_acceleration"":0.0019860644987967583,""bca_adjusted_quantiles"":[0.02337408869011936,0.9732664966847929],""bca_bias_percentile"":0.49274927492749276,""bootstrap_expected_tail_counts"":[233.71751281250346,267.30829964875556],""minimum_valid_repetitions"":20,""resampled_valid_count_range"":[24,24],""resampling_plan_sha256"":""22e338ef5a1c028306ca7a03b188d650d83f0028ecc282ee953e70e4258651ef"",""undefined_bootstrap_replicates"":0},""interval_status"":""available"",""mean_seconds"":113.45758466666909,""output_outcome_counts"":{""infrastructure_interruption"":0,""measurement_available"":0,""not_run"":0,""numerical_failure"":0,""output_failure_unclassified"":0,""resource_failure"":0,""valid"":24},""planned"":24,""plot_error_cost_point"":true,""reference_kind"":""finite_mcmc""}"
q1,cpu-mala-quasi_deer,4096,research_execution,24,24,finite_mcmc,-0.3111767722693598,8.892829255519044e-05,8.346844317610862e-07,4.989012825298116e-07,1.3536346851652807e-06,available,121.406506733331,116.07387654134882,126.71604704299395,available,True,"{""bca_acceleration"":0.04527737340555821,""bca_adjusted_quantiles"":[0.049966090032968584,0.9902624986330854],""bca_bias_percentile"":0.5334533453345335,""bootstrap_expected_tail_counts"":[499.61093423965286,97.36527616777956],""claim_type"":""finite_reference_discrepancy"",""conditional_squared_discrepancy"":8.346844317610862e-07,""confidence_interval"":{""high"":1.3536346851652807e-06,""low"":4.989012825298116e-07},""confidence_level"":0.95,""failed_or_unavailable"":0,""interval_coverage"":""pointwise_conditional_on_supplied_reference"",""interval_method"":""BCa"",""interval_status"":""available"",""minimum_valid_repetitions"":20,""observed_estimate_mean"":-0.31099671350299196,""planned"":24,""reference_eligible"":true,""reference_kind"":""finite_mcmc"",""reference_mcse"":8.892829255519044e-05,""reference_shift_is_confidence_interval"":false,""reference_shift_max"":9.303666712389573e-07,""reference_shift_min"":8.022681220174673e-07,""resampled_valid_count_range"":[24,24],""resampling_plan_sha256"":""22e338ef5a1c028306ca7a03b188d650d83f0028ecc282ee953e70e4258651ef"",""squared_discrepancy_standard_error"":2.1539040387505182e-07,""supplied_reference_value"":-0.3111767722693598,""unconditional_squared_discrepancy"":8.346844317610862e-07,""undefined_bootstrap_replicates"":0,""valid"":24}","{""available_functions_missing_cost"":0,""conditioning"":""same finite function estimates as conditional error; all such costs must be complete"",""confidence_interval"":{""high"":126.71604704299395,""low"":116.07387654134882},""function_available"":24,""interval_diagnostics"":{""bca_acceleration"":0.002003834136102003,""bca_adjusted_quantiles"":[0.023377899507315857,0.9732706705290893],""bca_bias_percentile"":0.49274927492749276,""bootstrap_expected_tail_counts"":[233.75561717365125,267.2665653796358],""minimum_valid_repetitions"":20,""resampled_valid_count_range"":[24,24],""resampling_plan_sha256"":""22e338ef5a1c028306ca7a03b188d650d83f0028ecc282ee953e70e4258651ef"",""undefined_bootstrap_replicates"":0},""interval_status"":""available"",""mean_seconds"":121.406506733331,""output_outcome_counts"":{""infrastructure_interruption"":0,""measurement_available"":0,""not_run"":0,""numerical_failure"":0,""output_failure_unclassified"":0,""resource_failure"":0,""valid"":24},""planned"":24,""plot_error_cost_point"":true,""reference_kind"":""finite_mcmc""}"
q1,cpu-mala-sequential,1024,ordinary_workflow,24,24,finite_mcmc,-0.3111767722693598,8.892829255519044e-05,2.6549460033932387e-06,1.7672796219708218e-06,3.7357788086869175e-06,available,6.348336891671011,6.263117187961609,6.442990210142835,available,True,"{""bca_acceleration"":0.027638842419720352,""bca_adjusted_quantiles"":[0.03260863445858501,0.9816675279342908],""bca_bias_percentile"":0.5032503250325032,""bootstrap_expected_tail_counts"":[326.0537359513915,183.30638818502632],""claim_type"":""finite_reference_discrepancy"",""conditional_squared_discrepancy"":2.6549460033932387e-06,""confidence_interval"":{""high"":3.7357788086869175e-06,""low"":1.7672796219708218e-06},""confidence_level"":0.95,""failed_or_unavailable"":0,""interval_coverage"":""pointwise_conditional_on_supplied_reference"",""interval_method"":""BCa"",""interval_status"":""available"",""minimum_valid_repetitions"":20,""observed_estimate_mean"":-0.31085626548177275,""planned"":24,""reference_eligible"":true,""reference_kind"":""finite_mcmc"",""reference_mcse"":8.892829255519044e-05,""reference_shift_is_confidence_interval"":false,""reference_shift_max"":2.8005874537502264e-06,""reference_shift_min"":2.5725704827705035e-06,""resampled_valid_count_range"":[24,24],""resampling_plan_sha256"":""22e338ef5a1c028306ca7a03b188d650d83f0028ecc282ee953e70e4258651ef"",""squared_discrepancy_standard_error"":5.161624467293867e-07,""supplied_reference_value"":-0.3111767722693598,""unconditional_squared_discrepancy"":2.6549460033932387e-06,""undefined_bootstrap_replicates"":0,""valid"":24}","{""available_functions_missing_cost"":0,""conditioning"":""same finite function estimates as conditional error; all such costs must be complete"",""confidence_interval"":{""high"":6.442990210142835,""low"":6.263117187961609},""function_available"":24,""interval_diagnostics"":{""bca_acceleration"":0.007013691324348814,""bca_adjusted_quantiles"":[0.02756785069861308,0.9774273412516582],""bca_bias_percentile"":0.5031503150315032,""bootstrap_expected_tail_counts"":[275.65093913543217,225.70401482466966],""minimum_valid_repetitions"":20,""resampled_valid_count_range"":[24,24],""resampling_plan_sha256"":""22e338ef5a1c028306ca7a03b188d650d83f0028ecc282ee953e70e4258651ef"",""undefined_bootstrap_replicates"":0},""interval_status"":""available"",""mean_seconds"":6.348336891671011,""output_outcome_counts"":{""infrastructure_interruption"":0,""measurement_available"":0,""not_run"":0,""numerical_failure"":0,""output_failure_unclassified"":0,""resource_failure"":0,""valid"":24},""planned"":24,""plot_error_cost_point"":true,""reference_kind"":""finite_mcmc""}"
q1,cpu-mala-sequential,1024,research_execution,24,24,finite_mcmc,-0.3111767722693598,8.892829255519044e-05,2.6549460033932387e-06,1.7672796219708218e-06,3.7357788086869175e-06,available,10.5000395833315,10.380446323861216,10.628852495533602,available,True,"{""bca_acceleration"":0.027638842419720352,""bca_adjusted_quantiles"":[0.03260863445858501,0.9816675279342908],""bca_bias_percentile"":0.5032503250325032,""bootstrap_expected_tail_counts"":[326.0537359513915,183.30638818502632],""claim_type"":""finite_reference_discrepancy"",""conditional_squared_discrepancy"":2.6549460033932387e-06,""confidence_interval"":{""high"":3.7357788086869175e-06,""low"":1.7672796219708218e-06},""confidence_level"":0.95,""failed_or_unavailable"":0,""interval_coverage"":""pointwise_conditional_on_supplied_reference"",""interval_method"":""BCa"",""interval_status"":""available"",""minimum_valid_repetitions"":20,""observed_estimate_mean"":-0.31085626548177275,""planned"":24,""reference_eligible"":true,""reference_kind"":""finite_mcmc"",""reference_mcse"":8.892829255519044e-05,""reference_shift_is_confidence_interval"":false,""reference_shift_max"":2.8005874537502264e-06,""reference_shift_min"":2.5725704827705035e-06,""resampled_valid_count_range"":[24,24],""resampling_plan_sha256"":""22e338ef5a1c028306ca7a03b188d650d83f0028ecc282ee953e70e4258651ef"",""squared_discrepancy_standard_error"":5.161624467293867e-07,""supplied_reference_value"":-0.3111767722693598,""unconditional_squared_discrepancy"":2.6549460033932387e-06,""undefined_bootstrap_replicates"":0,""valid"":24}","{""available_functions_missing_cost"":0,""conditioning"":""same finite function estimates as conditional error; all such costs must be complete"",""confidence_interval"":{""high"":10.628852495533602,""low"":10.380446323861216},""function_available"":24,""interval_diagnostics"":{""bca_acceleration"":0.006121227241370907,""bca_adjusted_quantiles"":[0.025685254770429,0.9756859395653381],""bca_bias_percentile"":0.49764976497649765,""bootstrap_expected_tail_counts"":[256.8268624495196,243.1162902861842],""minimum_valid_repetitions"":20,""resampled_valid_count_range"":[24,24],""resampling_plan_sha256"":""22e338ef5a1c028306ca7a03b188d650d83f0028ecc282ee953e70e4258651ef"",""undefined_bootstrap_replicates"":0},""interval_status"":""available"",""mean_seconds"":10.5000395833315,""output_outcome_counts"":{""infrastructure_interruption"":0,""measurement_available"":0,""not_run"":0,""numerical_failure"":0,""output_failure_unclassified"":0,""resource_failure"":0,""valid"":24},""planned"":24,""plot_error_cost_point"":true,""reference_kind"":""finite_mcmc""}"
q1,cpu-mala-sequential,4096,ordinary_workflow,24,24,finite_mcmc,-0.3111767722693598,8.892829255519044e-05,8.346844317605993e-07,4.989012825298803e-07,1.353634685165836e-06,available,13.037642533326334,12.792627460437327,13.333498264214088,available,True,"{""bca_acceleration"":0.04527737340563568,""bca_adjusted_quantiles"":[0.049966090032992454,0.9902624986330956],""bca_bias_percentile"":0.5334533453345335,""bootstrap_expected_tail_counts"":[499.61093423989155,97.36527616767742],""claim_type"":""finite_reference_discrepancy"",""conditional_squared_discrepancy"":8.346844317605993e-07,""confidence_interval"":{""high"":1.353634685165836e-06,""low"":4.989012825298803e-07},""confidence_level"":0.95,""failed_or_unavailable"":0,""interval_coverage"":""pointwise_conditional_on_supplied_reference"",""interval_method"":""BCa"",""interval_status"":""available"",""minimum_valid_repetitions"":20,""observed_estimate_mean"":-0.310996713502992,""planned"":24,""reference_eligible"":true,""reference_kind"":""finite_mcmc"",""reference_mcse"":8.892829255519044e-05,""reference_shift_is_confidence_interval"":false,""reference_shift_max"":9.303666712384564e-07,""reference_shift_min"":8.022681220169944e-07,""resampled_valid_count_range"":[24,24],""resampling_plan_sha256"":""22e338ef5a1c028306ca7a03b188d650d83f0028ecc282ee953e70e4258651ef"",""squared_discrepancy_standard_error"":2.1539040387541038e-07,""supplied_reference_value"":-0.3111767722693598,""unconditional_squared_discrepancy"":8.346844317605993e-07,""undefined_bootstrap_replicates"":0,""valid"":24}","{""available_functions_missing_cost"":0,""conditioning"":""same finite function estimates as conditional error; all such costs must be complete"",""confidence_interval"":{""high"":13.333498264214088,""low"":12.792627460437327},""function_available"":24,""interval_diagnostics"":{""bca_acceleration"":0.017370788184833542,""bca_adjusted_quantiles"":[0.031185465829545254,0.9804470025646829],""bca_bias_percentile"":0.5065506550655066,""bootstrap_expected_tail_counts"":[311.823472829623,195.510421355736],""minimum_valid_repetitions"":20,""resampled_valid_count_range"":[24,24],""resampling_plan_sha256"":""22e338ef5a1c028306ca7a03b188d650d83f0028ecc282ee953e70e4258651ef"",""undefined_bootstrap_replicates"":0},""interval_status"":""available"",""mean_seconds"":13.037642533326334,""output_outcome_counts"":{""infrastructure_interruption"":0,""measurement_available"":0,""not_run"":0,""numerical_failure"":0,""output_failure_unclassified"":0,""resource_failure"":0,""valid"":24},""planned"":24,""plot_error_cost_point"":true,""reference_kind"":""finite_mcmc""}"
q1,cpu-mala-sequential,4096,research_execution,24,24,finite_mcmc,-0.3111767722693598,8.892829255519044e-05,8.346844317605993e-07,4.989012825298803e-07,1.353634685165836e-06,available,20.85919225000248,20.559395816129626,21.222926130607025,available,True,"{""bca_acceleration"":0.04527737340563568,""bca_adjusted_quantiles"":[0.049966090032992454,0.9902624986330956],""bca_bias_percentile"":0.5334533453345335,""bootstrap_expected_tail_counts"":[499.61093423989155,97.36527616767742],""claim_type"":""finite_reference_discrepancy"",""conditional_squared_discrepancy"":8.346844317605993e-07,""confidence_interval"":{""high"":1.353634685165836e-06,""low"":4.989012825298803e-07},""confidence_level"":0.95,""failed_or_unavailable"":0,""interval_coverage"":""pointwise_conditional_on_supplied_reference"",""interval_method"":""BCa"",""interval_status"":""available"",""minimum_valid_repetitions"":20,""observed_estimate_mean"":-0.310996713502992,""planned"":24,""reference_eligible"":true,""reference_kind"":""finite_mcmc"",""reference_mcse"":8.892829255519044e-05,""reference_shift_is_confidence_interval"":false,""reference_shift_max"":9.303666712384564e-07,""reference_shift_min"":8.022681220169944e-07,""resampled_valid_count_range"":[24,24],""resampling_plan_sha256"":""22e338ef5a1c028306ca7a03b188d650d83f0028ecc282ee953e70e4258651ef"",""squared_discrepancy_standard_error"":2.1539040387541038e-07,""supplied_reference_value"":-0.3111767722693598,""unconditional_squared_discrepancy"":8.346844317605993e-07,""undefined_bootstrap_replicates"":0,""valid"":24}","{""available_functions_missing_cost"":0,""conditioning"":""same finite function estimates as conditional error; all such costs must be complete"",""confidence_interval"":{""high"":21.222926130607025,""low"":20.559395816129626},""function_available"":24,""interval_diagnostics"":{""bca_acceleration"":0.01781547429722526,""bca_adjusted_quantiles"":[0.029887912671530424,0.9794784643611605],""bca_bias_percentile"":0.5023502350235024,""bootstrap_expected_tail_counts"":[298.8492388026327,205.19483485275632],""minimum_valid_repetitions"":20,""resampled_valid_count_range"":[24,24],""resampling_plan_sha256"":""22e338ef5a1c028306ca7a03b188d650d83f0028ecc282ee953e70e4258651ef"",""undefined_bootstrap_replicates"":0},""interval_status"":""available"",""mean_seconds"":20.85919225000248,""output_outcome_counts"":{""infrastructure_interruption"":0,""measurement_available"":0,""not_run"":0,""numerical_failure"":0,""output_failure_unclassified"":0,""resource_failure"":0,""valid"":24},""planned"":24,""plot_error_cost_point"":true,""reference_kind"":""finite_mcmc""}"
q1,cpu-nuts-spawn_chains,1024,ordinary_workflow,24,24,finite_mcmc,-0.3111767722693598,8.892829255519044e-05,6.243704883146204e-07,4.0141551035175676e-07,9.986620607855414e-07,available,9.256103474991733,8.987378737207639,9.579309004025824,available,True,"{""bca_acceleration"":0.06536352436700141,""bca_adjusted_quantiles"":[0.04742206639151782,0.9902253304475102],""bca_bias_percentile"":0.514951495149515,""bootstrap_expected_tail_counts"":[474.17324184878663,97.73692085534596],""claim_type"":""finite_reference_discrepancy"",""conditional_squared_discrepancy"":6.243704883146204e-07,""confidence_interval"":{""high"":9.986620607855414e-07,""low"":4.0141551035175676e-07},""confidence_level"":0.95,""failed_or_unavailable"":0,""interval_coverage"":""pointwise_conditional_on_supplied_reference"",""interval_method"":""BCa"",""interval_status"":""available"",""minimum_valid_repetitions"":20,""observed_estimate_mean"":-0.310853366471703,""planned"":24,""reference_eligible"":true,""reference_kind"":""finite_mcmc"",""reference_mcse"":8.892829255519044e-05,""reference_shift_is_confidence_interval"":false,""reference_shift_max"":7.710431547340262e-07,""reference_shift_min"":5.409637516294669e-07,""resampled_valid_count_range"":[24,24],""resampling_plan_sha256"":""22e338ef5a1c028306ca7a03b188d650d83f0028ecc282ee953e70e4258651ef"",""squared_discrepancy_standard_error"":1.4653180767803245e-07,""supplied_reference_value"":-0.3111767722693598,""unconditional_squared_discrepancy"":6.243704883146204e-07,""undefined_bootstrap_replicates"":0,""valid"":24}","{""available_functions_missing_cost"":0,""conditioning"":""same finite function estimates as conditional error; all such costs must be complete"",""confidence_interval"":{""high"":9.579309004025824,""low"":8.987378737207639},""function_available"":24,""interval_diagnostics"":{""bca_acceleration"":0.017498893139518402,""bca_adjusted_quantiles"":[0.03138828153399911,0.9805954490968664],""bca_bias_percentile"":0.5070507050705071,""bootstrap_expected_tail_counts"":[313.85142705845715,194.0261044804333],""minimum_valid_repetitions"":20,""resampled_valid_count_range"":[24,24],""resampling_plan_sha256"":""22e338ef5a1c028306ca7a03b188d650d83f0028ecc282ee953e70e4258651ef"",""undefined_bootstrap_replicates"":0},""interval_status"":""available"",""mean_seconds"":9.256103474991733,""output_outcome_counts"":{""infrastructure_interruption"":0,""measurement_available"":0,""not_run"":0,""numerical_failure"":0,""output_failure_unclassified"":0,""resource_failure"":0,""valid"":24},""planned"":24,""plot_error_cost_point"":true,""reference_kind"":""finite_mcmc""}"
q1,cpu-nuts-spawn_chains,1024,research_execution,24,24,finite_mcmc,-0.3111767722693598,8.892829255519044e-05,6.243704883146204e-07,4.0141551035175676e-07,9.986620607855414e-07,available,11.516672883335787,11.232786861603229,11.853664170251822,available,True,"{""bca_acceleration"":0.06536352436700141,""bca_adjusted_quantiles"":[0.04742206639151782,0.9902253304475102],""bca_bias_percentile"":0.514951495149515,""bootstrap_expected_tail_counts"":[474.17324184878663,97.73692085534596],""claim_type"":""finite_reference_discrepancy"",""conditional_squared_discrepancy"":6.243704883146204e-07,""confidence_interval"":{""high"":9.986620607855414e-07,""low"":4.0141551035175676e-07},""confidence_level"":0.95,""failed_or_unavailable"":0,""interval_coverage"":""pointwise_conditional_on_supplied_reference"",""interval_method"":""BCa"",""interval_status"":""available"",""minimum_valid_repetitions"":20,""observed_estimate_mean"":-0.310853366471703,""planned"":24,""reference_eligible"":true,""reference_kind"":""finite_mcmc"",""reference_mcse"":8.892829255519044e-05,""reference_shift_is_confidence_interval"":false,""reference_shift_max"":7.710431547340262e-07,""reference_shift_min"":5.409637516294669e-07,""resampled_valid_count_range"":[24,24],""resampling_plan_sha256"":""22e338ef5a1c028306ca7a03b188d650d83f0028ecc282ee953e70e4258651ef"",""squared_discrepancy_standard_error"":1.4653180767803245e-07,""supplied_reference_value"":-0.3111767722693598,""unconditional_squared_discrepancy"":6.243704883146204e-07,""undefined_bootstrap_replicates"":0,""valid"":24}","{""available_functions_missing_cost"":0,""conditioning"":""same finite function estimates as conditional error; all such costs must be complete"",""confidence_interval"":{""high"":11.853664170251822,""low"":11.232786861603229},""function_available"":24,""interval_diagnostics"":{""bca_acceleration"":0.016742908371208943,""bca_adjusted_quantiles"":[0.03175052220693676,0.9808365318219163],""bca_bias_percentile"":0.5086508650865087,""bootstrap_expected_tail_counts"":[317.47347154716067,191.61551831265868],""minimum_valid_repetitions"":20,""resampled_valid_count_range"":[24,24],""resampling_plan_sha256"":""22e338ef5a1c028306ca7a03b188d650d83f0028ecc282ee953e70e4258651ef"",""undefined_bootstrap_replicates"":0},""interval_status"":""available"",""mean_seconds"":11.516672883335787,""output_outcome_counts"":{""infrastructure_interruption"":0,""measurement_available"":0,""not_run"":0,""numerical_failure"":0,""output_failure_unclassified"":0,""resource_failure"":0,""valid"":24},""planned"":24,""plot_error_cost_point"":true,""reference_kind"":""finite_mcmc""}"
q1,cpu-nuts-spawn_chains,4096,ordinary_workflow,24,6,finite_mcmc,-0.3111767722693598,8.892829255519044e-05,1.6482558710583963e-07,,,fewer_than_20_valid_repetitions,20.49196591666805,,,fewer_than_20_valid_repetitions,True,"{""claim_type"":""finite_reference_discrepancy"",""conditional_squared_discrepancy"":1.6482558710583963e-07,""confidence_interval"":null,""confidence_level"":0.95,""failed_or_unavailable"":18,""interval_coverage"":""pointwise_conditional_on_supplied_reference"",""interval_method"":""BCa"",""interval_status"":""fewer_than_20_valid_repetitions"",""minimum_valid_repetitions"":20,""observed_estimate_mean"":-0.31121102444846027,""planned"":24,""reference_eligible"":true,""reference_kind"":""finite_mcmc"",""reference_mcse"":8.892829255519044e-05,""reference_shift_is_confidence_interval"":false,""reference_shift_max"":2.0864250318775636e-07,""reference_shift_min"":1.6365237533271028e-07,""resampling_plan_sha256"":""22e338ef5a1c028306ca7a03b188d650d83f0028ecc282ee953e70e4258651ef"",""squared_discrepancy_standard_error"":8.327286272171589e-08,""supplied_reference_value"":-0.3111767722693598,""unconditional_squared_discrepancy"":null,""valid"":6}","{""available_functions_missing_cost"":0,""conditioning"":""same finite function estimates as conditional error; all such costs must be complete"",""confidence_interval"":null,""function_available"":6,""interval_diagnostics"":{""minimum_valid_repetitions"":20,""resampling_plan_sha256"":""22e338ef5a1c028306ca7a03b188d650d83f0028ecc282ee953e70e4258651ef""},""interval_status"":""fewer_than_20_valid_repetitions"",""mean_seconds"":20.49196591666805,""output_outcome_counts"":{""infrastructure_interruption"":0,""measurement_available"":0,""not_run"":0,""numerical_failure"":0,""output_failure_unclassified"":18,""resource_failure"":0,""valid"":6},""planned"":24,""plot_error_cost_point"":true,""reference_kind"":""finite_mcmc""}"
q1,cpu-nuts-spawn_chains,4096,research_execution,24,6,finite_mcmc,-0.3111767722693598,8.892829255519044e-05,1.6482558710583963e-07,,,fewer_than_20_valid_repetitions,22.868082866665645,,,fewer_than_20_valid_repetitions,True,"{""claim_type"":""finite_reference_discrepancy"",""conditional_squared_discrepancy"":1.6482558710583963e-07,""confidence_interval"":null,""confidence_level"":0.95,""failed_or_unavailable"":18,""interval_coverage"":""pointwise_conditional_on_supplied_reference"",""interval_method"":""BCa"",""interval_status"":""fewer_than_20_valid_repetitions"",""minimum_valid_repetitions"":20,""observed_estimate_mean"":-0.31121102444846027,""planned"":24,""reference_eligible"":true,""reference_kind"":""finite_mcmc"",""reference_mcse"":8.892829255519044e-05,""reference_shift_is_confidence_interval"":false,""reference_shift_max"":2.0864250318775636e-07,""reference_shift_min"":1.6365237533271028e-07,""resampling_plan_sha256"":""22e338ef5a1c028306ca7a03b188d650d83f0028ecc282ee953e70e4258651ef"",""squared_discrepancy_standard_error"":8.327286272171589e-08,""supplied_reference_value"":-0.3111767722693598,""unconditional_squared_discrepancy"":null,""valid"":6}","{""available_functions_missing_cost"":0,""conditioning"":""same finite function estimates as conditional error; all such costs must be complete"",""confidence_interval"":null,""function_available"":6,""interval_diagnostics"":{""minimum_valid_repetitions"":20,""resampling_plan_sha256"":""22e338ef5a1c028306ca7a03b188d650d83f0028ecc282ee953e70e4258651ef""},""interval_status"":""fewer_than_20_valid_repetitions"",""mean_seconds"":22.868082866665645,""output_outcome_counts"":{""infrastructure_interruption"":0,""measurement_available"":0,""not_run"":0,""numerical_failure"":0,""output_failure_unclassified"":18,""resource_failure"":0,""valid"":6},""planned"":24,""plot_error_cost_point"":true,""reference_kind"":""finite_mcmc""}"
q1,cpu-rwm-online_picard,1024,ordinary_workflow,24,24,finite_mcmc,-0.3111767722693598,8.892829255519044e-05,1.6075925054565125e-05,1.0057726928321849e-05,2.4379925648437493e-05,available,5.025548720834043,4.974487704732732,5.084022034211534,available,True,"{""bca_acceleration"":0.0408934868234793,""bca_adjusted_quantiles"":[0.038788653834496166,0.9857029885294397],""bca_bias_percentile"":0.5106510651065107,""bootstrap_expected_tail_counts"":[387.84774969112715,142.95581769413226],""claim_type"":""finite_reference_discrepancy"",""conditional_squared_discrepancy"":1.6075925054565125e-05,""confidence_interval"":{""high"":2.4379925648437493e-05,""low"":1.0057726928321849e-05},""confidence_level"":0.95,""failed_or_unavailable"":0,""interval_coverage"":""pointwise_conditional_on_supplied_reference"",""interval_method"":""BCa"",""interval_status"":""available"",""minimum_valid_repetitions"":20,""observed_estimate_mean"":-0.31042474124030395,""planned"":24,""reference_eligible"":true,""reference_kind"":""finite_mcmc"",""reference_mcse"":8.892829255519044e-05,""reference_shift_is_confidence_interval"":false,""reference_shift_max"":1.6375065360882086e-05,""reference_shift_min"":1.5840050677982417e-05,""resampled_valid_count_range"":[24,24],""resampling_plan_sha256"":""22e338ef5a1c028306ca7a03b188d650d83f0028ecc282ee953e70e4258651ef"",""squared_discrepancy_standard_error"":3.665820676897715e-06,""supplied_reference_value"":-0.3111767722693598,""unconditional_squared_discrepancy"":1.6075925054565125e-05,""undefined_bootstrap_replicates"":0,""valid"":24}","{""available_functions_missing_cost"":0,""conditioning"":""same finite function estimates as conditional error; all such costs must be complete"",""confidence_interval"":{""high"":5.084022034211534,""low"":4.974487704732732},""function_available"":24,""interval_diagnostics"":{""bca_acceleration"":0.015632588026159955,""bca_adjusted_quantiles"":[0.028241254169082703,0.978098089157705],""bca_bias_percentile"":0.49884988498849886,""bootstrap_expected_tail_counts"":[282.38430043665795,218.9972065121075],""minimum_valid_repetitions"":20,""resampled_valid_count_range"":[24,24],""resampling_plan_sha256"":""22e338ef5a1c028306ca7a03b188d650d83f0028ecc282ee953e70e4258651ef"",""undefined_bootstrap_replicates"":0},""interval_status"":""available"",""mean_seconds"":5.025548720834043,""output_outcome_counts"":{""infrastructure_interruption"":0,""measurement_available"":0,""not_run"":0,""numerical_failure"":0,""output_failure_unclassified"":0,""resource_failure"":0,""valid"":24},""planned"":24,""plot_error_cost_point"":true,""reference_kind"":""finite_mcmc""}"
q1,cpu-rwm-online_picard,1024,research_execution,24,24,finite_mcmc,-0.3111767722693598,8.892829255519044e-05,1.6075925054565125e-05,1.0057726928321849e-05,2.4379925648437493e-05,available,8.165349070835342,8.078967330763241,8.255902973938369,available,True,"{""bca_acceleration"":0.0408934868234793,""bca_adjusted_quantiles"":[0.038788653834496166,0.9857029885294397],""bca_bias_percentile"":0.5106510651065107,""bootstrap_expected_tail_counts"":[387.84774969112715,142.95581769413226],""claim_type"":""finite_reference_discrepancy"",""conditional_squared_discrepancy"":1.6075925054565125e-05,""confidence_interval"":{""high"":2.4379925648437493e-05,""low"":1.0057726928321849e-05},""confidence_level"":0.95,""failed_or_unavailable"":0,""interval_coverage"":""pointwise_conditional_on_supplied_reference"",""interval_method"":""BCa"",""interval_status"":""available"",""minimum_valid_repetitions"":20,""observed_estimate_mean"":-0.31042474124030395,""planned"":24,""reference_eligible"":true,""reference_kind"":""finite_mcmc"",""reference_mcse"":8.892829255519044e-05,""reference_shift_is_confidence_interval"":false,""reference_shift_max"":1.6375065360882086e-05,""reference_shift_min"":1.5840050677982417e-05,""resampled_valid_count_range"":[24,24],""resampling_plan_sha256"":""22e338ef5a1c028306ca7a03b188d650d83f0028ecc282ee953e70e4258651ef"",""squared_discrepancy_standard_error"":3.665820676897715e-06,""supplied_reference_value"":-0.3111767722693598,""unconditional_squared_discrepancy"":1.6075925054565125e-05,""undefined_bootstrap_replicates"":0,""valid"":24}","{""available_functions_missing_cost"":0,""conditioning"":""same finite function estimates as conditional error; all such costs must be complete"",""confidence_interval"":{""high"":8.255902973938369,""low"":8.078967330763241},""function_available"":24,""interval_diagnostics"":{""bca_acceleration"":0.003757246116068012,""bca_adjusted_quantiles"":[0.025389016468483603,0.9753896669077576],""bca_bias_percentile"":0.49844984498449846,""bootstrap_expected_tail_counts"":[253.86477566836754,246.0787205893314],""minimum_valid_repetitions"":20,""resampled_valid_count_range"":[24,24],""resampling_plan_sha256"":""22e338ef5a1c028306ca7a03b188d650d83f0028ecc282ee953e70e4258651ef"",""undefined_bootstrap_replicates"":0},""interval_status"":""available"",""mean_seconds"":8.165349070835342,""output_outcome_counts"":{""infrastructure_interruption"":0,""measurement_available"":0,""not_run"":0,""numerical_failure"":0,""output_failure_unclassified"":0,""resource_failure"":0,""valid"":24},""planned"":24,""plot_error_cost_point"":true,""reference_kind"":""finite_mcmc""}"
q1,cpu-rwm-online_picard,4096,ordinary_workflow,24,24,finite_mcmc,-0.3111767722693598,8.892829255519044e-05,4.046348662487257e-06,2.299009606473095e-06,7.281238966122749e-06,available,10.946438191669813,10.746506678604309,11.152406282113693,available,True,"{""bca_acceleration"":0.07007372460175185,""bca_adjusted_quantiles"":[0.05006047148087712,0.9912622537150875],""bca_bias_percentile"":0.5177517751775178,""bootstrap_expected_tail_counts"":[500.5546543372903,87.36872510284037],""claim_type"":""finite_reference_discrepancy"",""conditional_squared_discrepancy"":4.046348662487257e-06,""confidence_interval"":{""high"":7.281238966122749e-06,""low"":2.299009606473095e-06},""confidence_level"":0.95,""failed_or_unavailable"":0,""interval_coverage"":""pointwise_conditional_on_supplied_reference"",""interval_method"":""BCa"",""interval_status"":""available"",""minimum_valid_repetitions"":20,""observed_estimate_mean"":-0.3106855870889491,""planned"":24,""reference_eligible"":true,""reference_kind"":""finite_mcmc"",""reference_mcse"":8.892829255519044e-05,""reference_shift_is_confidence_interval"":false,""reference_shift_max"":4.252702665043731e-06,""reference_shift_min"":3.903260589665035e-06,""resampled_valid_count_range"":[24,24],""resampling_plan_sha256"":""22e338ef5a1c028306ca7a03b188d650d83f0028ecc282ee953e70e4258651ef"",""squared_discrepancy_standard_error"":1.2002352372576886e-06,""supplied_reference_value"":-0.3111767722693598,""unconditional_squared_discrepancy"":4.046348662487257e-06,""undefined_bootstrap_replicates"":0,""valid"":24}","{""available_functions_missing_cost"":0,""conditioning"":""same finite function estimates as conditional error; all such costs must be complete"",""confidence_interval"":{""high"":11.152406282113693,""low"":10.746506678604309},""function_available"":24,""interval_diagnostics"":{""bca_acceleration"":0.002280557147408434,""bca_adjusted_quantiles"":[0.025204120122087153,0.9752045465885121],""bca_bias_percentile"":0.49894989498949893,""bootstrap_expected_tail_counts"":[252.01599710074944,247.92973866146772],""minimum_valid_repetitions"":20,""resampled_valid_count_range"":[24,24],""resampling_plan_sha256"":""22e338ef5a1c028306ca7a03b188d650d83f0028ecc282ee953e70e4258651ef"",""undefined_bootstrap_replicates"":0},""interval_status"":""available"",""mean_seconds"":10.946438191669813,""output_outcome_counts"":{""infrastructure_interruption"":0,""measurement_available"":0,""not_run"":0,""numerical_failure"":0,""output_failure_unclassified"":0,""resource_failure"":0,""valid"":24},""planned"":24,""plot_error_cost_point"":true,""reference_kind"":""finite_mcmc""}"
q1,cpu-rwm-online_picard,4096,research_execution,24,24,finite_mcmc,-0.3111767722693598,8.892829255519044e-05,4.046348662487257e-06,2.299009606473095e-06,7.281238966122749e-06,available,15.912712170829687,15.671332665747167,16.155775356117463,available,True,"{""bca_acceleration"":0.07007372460175185,""bca_adjusted_quantiles"":[0.05006047148087712,0.9912622537150875],""bca_bias_percentile"":0.5177517751775178,""bootstrap_expected_tail_counts"":[500.5546543372903,87.36872510284037],""claim_type"":""finite_reference_discrepancy"",""conditional_squared_discrepancy"":4.046348662487257e-06,""confidence_interval"":{""high"":7.281238966122749e-06,""low"":2.299009606473095e-06},""confidence_level"":0.95,""failed_or_unavailable"":0,""interval_coverage"":""pointwise_conditional_on_supplied_reference"",""interval_method"":""BCa"",""interval_status"":""available"",""minimum_valid_repetitions"":20,""observed_estimate_mean"":-0.3106855870889491,""planned"":24,""reference_eligible"":true,""reference_kind"":""finite_mcmc"",""reference_mcse"":8.892829255519044e-05,""reference_shift_is_confidence_interval"":false,""reference_shift_max"":4.252702665043731e-06,""reference_shift_min"":3.903260589665035e-06,""resampled_valid_count_range"":[24,24],""resampling_plan_sha256"":""22e338ef5a1c028306ca7a03b188d650d83f0028ecc282ee953e70e4258651ef"",""squared_discrepancy_standard_error"":1.2002352372576886e-06,""supplied_reference_value"":-0.3111767722693598,""unconditional_squared_discrepancy"":4.046348662487257e-06,""undefined_bootstrap_replicates"":0,""valid"":24}","{""available_functions_missing_cost"":0,""conditioning"":""same finite function estimates as conditional error; all such costs must be complete"",""confidence_interval"":{""high"":16.155775356117463,""low"":15.671332665747167},""function_available"":24,""interval_diagnostics"":{""bca_acceleration"":-0.0008447697967071724,""bca_adjusted_quantiles"":[0.02470872507846795,0.9747068290490699],""bca_bias_percentile"":0.49964996499649966,""bootstrap_expected_tail_counts"":[247.06254205960104,252.90641633834994],""minimum_valid_repetitions"":20,""resampled_valid_count_range"":[24,24],""resampling_plan_sha256"":""22e338ef5a1c028306ca7a03b188d650d83f0028ecc282ee953e70e4258651ef"",""undefined_bootstrap_replicates"":0},""interval_status"":""available"",""mean_seconds"":15.912712170829687,""output_outcome_counts"":{""infrastructure_interruption"":0,""measurement_available"":0,""not_run"":0,""numerical_failure"":0,""output_failure_unclassified"":0,""resource_failure"":0,""valid"":24},""planned"":24,""plot_error_cost_point"":true,""reference_kind"":""finite_mcmc""}"
q1,cpu-rwm-sequential,1024,ordinary_workflow,24,24,finite_mcmc,-0.3111767722693598,8.892829255519044e-05,1.6075925054565074e-05,1.005772692832183e-05,2.4379925648437408e-05,available,3.3117422833374803,3.3012515067574246,3.321665904815506,available,True,"{""bca_acceleration"":0.0408934868234795,""bca_adjusted_quantiles"":[0.03878865383449622,0.9857029885294397],""bca_bias_percentile"":0.5106510651065107,""bootstrap_expected_tail_counts"":[387.8477496911277,142.95581769413226],""claim_type"":""finite_reference_discrepancy"",""conditional_squared_discrepancy"":1.6075925054565074e-05,""confidence_interval"":{""high"":2.4379925648437408e-05,""low"":1.005772692832183e-05},""confidence_level"":0.95,""failed_or_unavailable"":0,""interval_coverage"":""pointwise_conditional_on_supplied_reference"",""interval_method"":""BCa"",""interval_status"":""available"",""minimum_valid_repetitions"":20,""observed_estimate_mean"":-0.31042474124030395,""planned"":24,""reference_eligible"":true,""reference_kind"":""finite_mcmc"",""reference_mcse"":8.892829255519044e-05,""reference_shift_is_confidence_interval"":false,""reference_shift_max"":1.6375065360882036e-05,""reference_shift_min"":1.584005067798236e-05,""resampled_valid_count_range"":[24,24],""resampling_plan_sha256"":""22e338ef5a1c028306ca7a03b188d650d83f0028ecc282ee953e70e4258651ef"",""squared_discrepancy_standard_error"":3.6658206768977174e-06,""supplied_reference_value"":-0.3111767722693598,""unconditional_squared_discrepancy"":1.6075925054565074e-05,""undefined_bootstrap_replicates"":0,""valid"":24}","{""available_functions_missing_cost"":0,""conditioning"":""same finite function estimates as conditional error; all such costs must be complete"",""confidence_interval"":{""high"":3.321665904815506,""low"":3.3012515067574246},""function_available"":24,""interval_diagnostics"":{""bca_acceleration"":-0.007359641527567808,""bca_adjusted_quantiles"":[0.022308998496561466,0.9721299960696193],""bca_bias_percentile"":0.4961496149614962,""bootstrap_expected_tail_counts"":[223.0676759671181,278.6721692998771],""minimum_valid_repetitions"":20,""resampled_valid_count_range"":[24,24],""resampling_plan_sha256"":""22e338ef5a1c028306ca7a03b188d650d83f0028ecc282ee953e70e4258651ef"",""undefined_bootstrap_replicates"":0},""interval_status"":""available"",""mean_seconds"":3.3117422833374803,""output_outcome_counts"":{""infrastructure_interruption"":0,""measurement_available"":0,""not_run"":0,""numerical_failure"":0,""output_failure_unclassified"":0,""resource_failure"":0,""valid"":24},""planned"":24,""plot_error_cost_point"":true,""reference_kind"":""finite_mcmc""}"
q1,cpu-rwm-sequential,1024,research_execution,24,24,finite_mcmc,-0.3111767722693598,8.892829255519044e-05,1.6075925054565074e-05,1.005772692832183e-05,2.4379925648437408e-05,available,6.467327408331964,6.4425658701692745,6.495527640577645,available,True,"{""bca_acceleration"":0.0408934868234795,""bca_adjusted_quantiles"":[0.03878865383449622,0.9857029885294397],""bca_bias_percentile"":0.5106510651065107,""bootstrap_expected_tail_counts"":[387.8477496911277,142.95581769413226],""claim_type"":""finite_reference_discrepancy"",""conditional_squared_discrepancy"":1.6075925054565074e-05,""confidence_interval"":{""high"":2.4379925648437408e-05,""low"":1.005772692832183e-05},""confidence_level"":0.95,""failed_or_unavailable"":0,""interval_coverage"":""pointwise_conditional_on_supplied_reference"",""interval_method"":""BCa"",""interval_status"":""available"",""minimum_valid_repetitions"":20,""observed_estimate_mean"":-0.31042474124030395,""planned"":24,""reference_eligible"":true,""reference_kind"":""finite_mcmc"",""reference_mcse"":8.892829255519044e-05,""reference_shift_is_confidence_interval"":false,""reference_shift_max"":1.6375065360882036e-05,""reference_shift_min"":1.584005067798236e-05,""resampled_valid_count_range"":[24,24],""resampling_plan_sha256"":""22e338ef5a1c028306ca7a03b188d650d83f0028ecc282ee953e70e4258651ef"",""squared_discrepancy_standard_error"":3.6658206768977174e-06,""supplied_reference_value"":-0.3111767722693598,""unconditional_squared_discrepancy"":1.6075925054565074e-05,""undefined_bootstrap_replicates"":0,""valid"":24}","{""available_functions_missing_cost"":0,""conditioning"":""same finite function estimates as conditional error; all such costs must be complete"",""confidence_interval"":{""high"":6.495527640577645,""low"":6.4425658701692745},""function_available"":24,""interval_diagnostics"":{""bca_acceleration"":0.013314514918405282,""bca_adjusted_quantiles"":[0.030083750711513712,0.9795564657242039],""bca_bias_percentile"":0.5062506250625063,""bootstrap_expected_tail_counts"":[300.80742336442563,204.4148992236857],""minimum_valid_repetitions"":20,""resampled_valid_count_range"":[24,24],""resampling_plan_sha256"":""22e338ef5a1c028306ca7a03b188d650d83f0028ecc282ee953e70e4258651ef"",""undefined_bootstrap_replicates"":0},""interval_status"":""available"",""mean_seconds"":6.467327408331964,""output_outcome_counts"":{""infrastructure_interruption"":0,""measurement_available"":0,""not_run"":0,""numerical_failure"":0,""output_failure_unclassified"":0,""resource_failure"":0,""valid"":24},""planned"":24,""plot_error_cost_point"":true,""reference_kind"":""finite_mcmc""}"
q1,cpu-rwm-sequential,4096,ordinary_workflow,24,24,finite_mcmc,-0.3111767722693598,8.892829255519044e-05,4.046348662487139e-06,2.2990096064731215e-06,7.2812389661224996e-06,available,5.640719370836147,5.585629776883597,5.703465009096276,available,True,"{""bca_acceleration"":0.07007372460174713,""bca_adjusted_quantiles"":[0.05006047148087571,0.9912622537150869],""bca_bias_percentile"":0.5177517751775178,""bootstrap_expected_tail_counts"":[500.55465433727625,87.36872510284593],""claim_type"":""finite_reference_discrepancy"",""conditional_squared_discrepancy"":4.046348662487139e-06,""confidence_interval"":{""high"":7.2812389661224996e-06,""low"":2.2990096064731215e-06},""confidence_level"":0.95,""failed_or_unavailable"":0,""interval_coverage"":""pointwise_conditional_on_supplied_reference"",""interval_method"":""BCa"",""interval_status"":""available"",""minimum_valid_repetitions"":20,""observed_estimate_mean"":-0.3106855870889491,""planned"":24,""reference_eligible"":true,""reference_kind"":""finite_mcmc"",""reference_mcse"":8.892829255519044e-05,""reference_shift_is_confidence_interval"":false,""reference_shift_max"":4.25270266504361e-06,""reference_shift_min"":3.9032605896649205e-06,""resampled_valid_count_range"":[24,24],""resampling_plan_sha256"":""22e338ef5a1c028306ca7a03b188d650d83f0028ecc282ee953e70e4258651ef"",""squared_discrepancy_standard_error"":1.2002352372575935e-06,""supplied_reference_value"":-0.3111767722693598,""unconditional_squared_discrepancy"":4.046348662487139e-06,""undefined_bootstrap_replicates"":0,""valid"":24}","{""available_functions_missing_cost"":0,""conditioning"":""same finite function estimates as conditional error; all such costs must be complete"",""confidence_interval"":{""high"":5.703465009096276,""low"":5.585629776883597},""function_available"":24,""interval_diagnostics"":{""bca_acceleration"":0.015587433976724366,""bca_adjusted_quantiles"":[0.029710393028388314,0.9793040176385499],""bca_bias_percentile"":0.5034503450345035,""bootstrap_expected_tail_counts"":[297.07421989085475,206.93912763213947],""minimum_valid_repetitions"":20,""resampled_valid_count_range"":[24,24],""resampling_plan_sha256"":""22e338ef5a1c028306ca7a03b188d650d83f0028ecc282ee953e70e4258651ef"",""undefined_bootstrap_replicates"":0},""interval_status"":""available"",""mean_seconds"":5.640719370836147,""output_outcome_counts"":{""infrastructure_interruption"":0,""measurement_available"":0,""not_run"":0,""numerical_failure"":0,""output_failure_unclassified"":0,""resource_failure"":0,""valid"":24},""planned"":24,""plot_error_cost_point"":true,""reference_kind"":""finite_mcmc""}"
q1,cpu-rwm-sequential,4096,research_execution,24,24,finite_mcmc,-0.3111767722693598,8.892829255519044e-05,4.046348662487139e-06,2.2990096064731215e-06,7.2812389661224996e-06,available,10.582119074997422,10.512989349540932,10.665384011514798,available,True,"{""bca_acceleration"":0.07007372460174713,""bca_adjusted_quantiles"":[0.05006047148087571,0.9912622537150869],""bca_bias_percentile"":0.5177517751775178,""bootstrap_expected_tail_counts"":[500.55465433727625,87.36872510284593],""claim_type"":""finite_reference_discrepancy"",""conditional_squared_discrepancy"":4.046348662487139e-06,""confidence_interval"":{""high"":7.2812389661224996e-06,""low"":2.2990096064731215e-06},""confidence_level"":0.95,""failed_or_unavailable"":0,""interval_coverage"":""pointwise_conditional_on_supplied_reference"",""interval_method"":""BCa"",""interval_status"":""available"",""minimum_valid_repetitions"":20,""observed_estimate_mean"":-0.3106855870889491,""planned"":24,""reference_eligible"":true,""reference_kind"":""finite_mcmc"",""reference_mcse"":8.892829255519044e-05,""reference_shift_is_confidence_interval"":false,""reference_shift_max"":4.25270266504361e-06,""reference_shift_min"":3.9032605896649205e-06,""resampled_valid_count_range"":[24,24],""resampling_plan_sha256"":""22e338ef5a1c028306ca7a03b188d650d83f0028ecc282ee953e70e4258651ef"",""squared_discrepancy_standard_error"":1.2002352372575935e-06,""supplied_reference_value"":-0.3111767722693598,""unconditional_squared_discrepancy"":4.046348662487139e-06,""undefined_bootstrap_replicates"":0,""valid"":24}","{""available_functions_missing_cost"":0,""conditioning"":""same finite function estimates as conditional error; all such costs must be complete"",""confidence_interval"":{""high"":10.665384011514798,""low"":10.512989349540932},""function_available"":24,""interval_diagnostics"":{""bca_acceleration"":0.020740724243351993,""bca_adjusted_quantiles"":[0.03272556212666805,0.9815898725467109],""bca_bias_percentile"":0.5085508550855086,""bootstrap_expected_tail_counts"":[327.2228957045538,184.08286440543742],""minimum_valid_repetitions"":20,""resampled_valid_count_range"":[24,24],""resampling_plan_sha256"":""22e338ef5a1c028306ca7a03b188d650d83f0028ecc282ee953e70e4258651ef"",""undefined_bootstrap_replicates"":0},""interval_status"":""available"",""mean_seconds"":10.582119074997422,""output_outcome_counts"":{""infrastructure_interruption"":0,""measurement_available"":0,""not_run"":0,""numerical_failure"":0,""output_failure_unclassified"":0,""resource_failure"":0,""valid"":24},""planned"":24,""plot_error_cost_point"":true,""reference_kind"":""finite_mcmc""}"
q1,cuda-mala-quasi_deer,1024,ordinary_workflow,24,24,finite_mcmc,-0.3111767722693598,8.892829255519044e-05,2.654946003397514e-06,1.7672796219783452e-06,3.7357788086869828e-06,available,24.57101335416674,24.29193645294084,24.737848500979506,available,True,"{""bca_acceleration"":0.027638842419850276,""bca_adjusted_quantiles"":[0.03260863445861749,0.9816675279343161],""bca_bias_percentile"":0.5032503250325032,""bootstrap_expected_tail_counts"":[326.05373595171625,183.30638818477323],""claim_type"":""finite_reference_discrepancy"",""conditional_squared_discrepancy"":2.654946003397514e-06,""confidence_interval"":{""high"":3.7357788086869828e-06,""low"":1.7672796219783452e-06},""confidence_level"":0.95,""failed_or_unavailable"":0,""interval_coverage"":""pointwise_conditional_on_supplied_reference"",""interval_method"":""BCa"",""interval_status"":""available"",""minimum_valid_repetitions"":20,""observed_estimate_mean"":-0.3108562654817715,""planned"":24,""reference_eligible"":true,""reference_kind"":""finite_mcmc"",""reference_mcse"":8.892829255519044e-05,""reference_shift_is_confidence_interval"":false,""reference_shift_max"":2.800587453754961e-06,""reference_shift_min"":2.5725704827743194e-06,""resampled_valid_count_range"":[24,24],""resampling_plan_sha256"":""22e338ef5a1c028306ca7a03b188d650d83f0028ecc282ee953e70e4258651ef"",""squared_discrepancy_standard_error"":5.161624467298664e-07,""supplied_reference_value"":-0.3111767722693598,""unconditional_squared_discrepancy"":2.654946003397514e-06,""undefined_bootstrap_replicates"":0,""valid"":24}","{""available_functions_missing_cost"":0,""conditioning"":""same finite function estimates as conditional error; all such costs must be complete"",""confidence_interval"":{""high"":24.737848500979506,""low"":24.29193645294084},""function_available"":24,""interval_diagnostics"":{""bca_acceleration"":-0.05443043150078718,""bca_adjusted_quantiles"":[0.008838229465447458,0.9481752823951903],""bca_bias_percentile"":0.46854685468546853,""bootstrap_expected_tail_counts"":[88.37345642500914,518.1953513304918],""minimum_valid_repetitions"":20,""resampled_valid_count_range"":[24,24],""resampling_plan_sha256"":""22e338ef5a1c028306ca7a03b188d650d83f0028ecc282ee953e70e4258651ef"",""undefined_bootstrap_replicates"":0},""interval_status"":""available"",""mean_seconds"":24.57101335416674,""output_outcome_counts"":{""infrastructure_interruption"":0,""measurement_available"":0,""not_run"":0,""numerical_failure"":0,""output_failure_unclassified"":0,""resource_failure"":0,""valid"":24},""planned"":24,""plot_error_cost_point"":true,""reference_kind"":""finite_mcmc""}"
q1,cuda-mala-quasi_deer,1024,research_execution,24,24,finite_mcmc,-0.3111767722693598,8.892829255519044e-05,2.654946003397514e-06,1.7672796219783452e-06,3.7357788086869828e-06,available,28.712666933336283,28.452855646531976,28.87961754206757,available,True,"{""bca_acceleration"":0.027638842419850276,""bca_adjusted_quantiles"":[0.03260863445861749,0.9816675279343161],""bca_bias_percentile"":0.5032503250325032,""bootstrap_expected_tail_counts"":[326.05373595171625,183.30638818477323],""claim_type"":""finite_reference_discrepancy"",""conditional_squared_discrepancy"":2.654946003397514e-06,""confidence_interval"":{""high"":3.7357788086869828e-06,""low"":1.7672796219783452e-06},""confidence_level"":0.95,""failed_or_unavailable"":0,""interval_coverage"":""pointwise_conditional_on_supplied_reference"",""interval_method"":""BCa"",""interval_status"":""available"",""minimum_valid_repetitions"":20,""observed_estimate_mean"":-0.3108562654817715,""planned"":24,""reference_eligible"":true,""reference_kind"":""finite_mcmc"",""reference_mcse"":8.892829255519044e-05,""reference_shift_is_confidence_interval"":false,""reference_shift_max"":2.800587453754961e-06,""reference_shift_min"":2.5725704827743194e-06,""resampled_valid_count_range"":[24,24],""resampling_plan_sha256"":""22e338ef5a1c028306ca7a03b188d650d83f0028ecc282ee953e70e4258651ef"",""squared_discrepancy_standard_error"":5.161624467298664e-07,""supplied_reference_value"":-0.3111767722693598,""unconditional_squared_discrepancy"":2.654946003397514e-06,""undefined_bootstrap_replicates"":0,""valid"":24}","{""available_functions_missing_cost"":0,""conditioning"":""same finite function estimates as conditional error; all such costs must be complete"",""confidence_interval"":{""high"":28.87961754206757,""low"":28.452855646531976},""function_available"":24,""interval_diagnostics"":{""bca_acceleration"":-0.0457386828587446,""bca_adjusted_quantiles"":[0.010376090286409092,0.9521076222921147],""bca_bias_percentile"":0.47124712471247127,""bootstrap_expected_tail_counts"":[103.75052677380451,478.8758847011456],""minimum_valid_repetitions"":20,""resampled_valid_count_range"":[24,24],""resampling_plan_sha256"":""22e338ef5a1c028306ca7a03b188d650d83f0028ecc282ee953e70e4258651ef"",""undefined_bootstrap_replicates"":0},""interval_status"":""available"",""mean_seconds"":28.712666933336283,""output_outcome_counts"":{""infrastructure_interruption"":0,""measurement_available"":0,""not_run"":0,""numerical_failure"":0,""output_failure_unclassified"":0,""resource_failure"":0,""valid"":24},""planned"":24,""plot_error_cost_point"":true,""reference_kind"":""finite_mcmc""}"
q1,cuda-mala-quasi_deer,4096,ordinary_workflow,24,24,finite_mcmc,-0.3111767722693598,8.892829255519044e-05,8.34684431761109e-07,4.989012825298357e-07,1.3536346851653084e-06,available,66.325458870834,65.68306965605305,66.77295669412858,available,True,"{""bca_acceleration"":0.045277373405557805,""bca_adjusted_quantiles"":[0.049966090032968424,0.9902624986330852],""bca_bias_percentile"":0.5334533453345335,""bootstrap_expected_tail_counts"":[499.6109342396513,97.36527616778066],""claim_type"":""finite_reference_discrepancy"",""conditional_squared_discrepancy"":8.34684431761109e-07,""confidence_interval"":{""high"":1.3536346851653084e-06,""low"":4.989012825298357e-07},""confidence_level"":0.95,""failed_or_unavailable"":0,""interval_coverage"":""pointwise_conditional_on_supplied_reference"",""interval_method"":""BCa"",""interval_status"":""available"",""minimum_valid_repetitions"":20,""observed_estimate_mean"":-0.31099671350299196,""planned"":24,""reference_eligible"":true,""reference_kind"":""finite_mcmc"",""reference_mcse"":8.892829255519044e-05,""reference_shift_is_confidence_interval"":false,""reference_shift_max"":9.303666712389818e-07,""reference_shift_min"":8.022681220174885e-07,""resampled_valid_count_range"":[24,24],""resampling_plan_sha256"":""22e338ef5a1c028306ca7a03b188d650d83f0028ecc282ee953e70e4258651ef"",""squared_discrepancy_standard_error"":2.1539040387505775e-07,""supplied_reference_value"":-0.3111767722693598,""unconditional_squared_discrepancy"":8.34684431761109e-07,""undefined_bootstrap_replicates"":0,""valid"":24}","{""available_functions_missing_cost"":0,""conditioning"":""same finite function estimates as conditional error; all such costs must be complete"",""confidence_interval"":{""high"":66.77295669412858,""low"":65.68306965605305},""function_available"":24,""interval_diagnostics"":{""bca_acceleration"":-0.04612391583557127,""bca_adjusted_quantiles"":[0.012713214796819198,0.9582489439300618],""bca_bias_percentile"":0.48554855485548554,""bootstrap_expected_tail_counts"":[127.11943475339515,417.46880964331234],""minimum_valid_repetitions"":20,""resampled_valid_count_range"":[24,24],""resampling_plan_sha256"":""22e338ef5a1c028306ca7a03b188d650d83f0028ecc282ee953e70e4258651ef"",""undefined_bootstrap_replicates"":0},""interval_status"":""available"",""mean_seconds"":66.325458870834,""output_outcome_counts"":{""infrastructure_interruption"":0,""measurement_available"":0,""not_run"":0,""numerical_failure"":0,""output_failure_unclassified"":0,""resource_failure"":0,""valid"":24},""planned"":24,""plot_error_cost_point"":true,""reference_kind"":""finite_mcmc""}"
q1,cuda-mala-quasi_deer,4096,research_execution,24,24,finite_mcmc,-0.3111767722693598,8.892829255519044e-05,8.34684431761109e-07,4.989012825298357e-07,1.3536346851653084e-06,available,74.17758755833142,73.56922610110263,74.58431071107958,available,True,"{""bca_acceleration"":0.045277373405557805,""bca_adjusted_quantiles"":[0.049966090032968424,0.9902624986330852],""bca_bias_percentile"":0.5334533453345335,""bootstrap_expected_tail_counts"":[499.6109342396513,97.36527616778066],""claim_type"":""finite_reference_discrepancy"",""conditional_squared_discrepancy"":8.34684431761109e-07,""confidence_interval"":{""high"":1.3536346851653084e-06,""low"":4.989012825298357e-07},""confidence_level"":0.95,""failed_or_unavailable"":0,""interval_coverage"":""pointwise_conditional_on_supplied_reference"",""interval_method"":""BCa"",""interval_status"":""available"",""minimum_valid_repetitions"":20,""observed_estimate_mean"":-0.31099671350299196,""planned"":24,""reference_eligible"":true,""reference_kind"":""finite_mcmc"",""reference_mcse"":8.892829255519044e-05,""reference_shift_is_confidence_interval"":false,""reference_shift_max"":9.303666712389818e-07,""reference_shift_min"":8.022681220174885e-07,""resampled_valid_count_range"":[24,24],""resampling_plan_sha256"":""22e338ef5a1c028306ca7a03b188d650d83f0028ecc282ee953e70e4258651ef"",""squared_discrepancy_standard_error"":2.1539040387505775e-07,""supplied_reference_value"":-0.3111767722693598,""unconditional_squared_discrepancy"":8.34684431761109e-07,""undefined_bootstrap_replicates"":0,""valid"":24}","{""available_functions_missing_cost"":0,""conditioning"":""same finite function estimates as conditional error; all such costs must be complete"",""confidence_interval"":{""high"":74.58431071107958,""low"":73.56922610110263},""function_available"":24,""interval_diagnostics"":{""bca_acceleration"":-0.050539761139075615,""bca_adjusted_quantiles"":[0.011830467955246764,0.9565503572918163],""bca_bias_percentile"":0.48444844484448446,""bootstrap_expected_tail_counts"":[118.2928490845124,434.45297743912926],""minimum_valid_repetitions"":20,""resampled_valid_count_range"":[24,24],""resampling_plan_sha256"":""22e338ef5a1c028306ca7a03b188d650d83f0028ecc282ee953e70e4258651ef"",""undefined_bootstrap_replicates"":0},""interval_status"":""available"",""mean_seconds"":74.17758755833142,""output_outcome_counts"":{""infrastructure_interruption"":0,""measurement_available"":0,""not_run"":0,""numerical_failure"":0,""output_failure_unclassified"":0,""resource_failure"":0,""valid"":24},""planned"":24,""plot_error_cost_point"":true,""reference_kind"":""finite_mcmc""}"
q1,cuda-mala-sequential,1024,ordinary_workflow,24,24,finite_mcmc,-0.3111767722693598,8.892829255519044e-05,2.654946003393285e-06,1.7672796219708726e-06,3.7357788086869828e-06,available,7.902306066668189,7.85796974180756,7.947000704485668,available,True,"{""bca_acceleration"":0.027638842419720158,""bca_adjusted_quantiles"":[0.032608634458584924,0.9816675279342908],""bca_bias_percentile"":0.5032503250325032,""bootstrap_expected_tail_counts"":[326.05373595139065,183.30638818502632],""claim_type"":""finite_reference_discrepancy"",""conditional_squared_discrepancy"":2.654946003393285e-06,""confidence_interval"":{""high"":3.7357788086869828e-06,""low"":1.7672796219708726e-06},""confidence_level"":0.95,""failed_or_unavailable"":0,""interval_coverage"":""pointwise_conditional_on_supplied_reference"",""interval_method"":""BCa"",""interval_status"":""available"",""minimum_valid_repetitions"":20,""observed_estimate_mean"":-0.31085626548177275,""planned"":24,""reference_eligible"":true,""reference_kind"":""finite_mcmc"",""reference_mcse"":8.892829255519044e-05,""reference_shift_is_confidence_interval"":false,""reference_shift_max"":2.8005874537502794e-06,""reference_shift_min"":2.572570482770543e-06,""resampled_valid_count_range"":[24,24],""resampling_plan_sha256"":""22e338ef5a1c028306ca7a03b188d650d83f0028ecc282ee953e70e4258651ef"",""squared_discrepancy_standard_error"":5.161624467293958e-07,""supplied_reference_value"":-0.3111767722693598,""unconditional_squared_discrepancy"":2.654946003393285e-06,""undefined_bootstrap_replicates"":0,""valid"":24}","{""available_functions_missing_cost"":0,""conditioning"":""same finite function estimates as conditional error; all such costs must be complete"",""confidence_interval"":{""high"":7.947000704485668,""low"":7.85796974180756},""function_available"":24,""interval_diagnostics"":{""bca_acceleration"":0.0017448964292301377,""bca_adjusted_quantiles"":[0.02591520755381355,0.9758939558769454],""bca_bias_percentile"":0.5017501750175017,""bootstrap_expected_tail_counts"":[259.1261603305817,241.0363351864231],""minimum_valid_repetitions"":20,""resampled_valid_count_range"":[24,24],""resampling_plan_sha256"":""22e338ef5a1c028306ca7a03b188d650d83f0028ecc282ee953e70e4258651ef"",""undefined_bootstrap_replicates"":0},""interval_status"":""available"",""mean_seconds"":7.902306066668189,""output_outcome_counts"":{""infrastructure_interruption"":0,""measurement_available"":0,""not_run"":0,""numerical_failure"":0,""output_failure_unclassified"":0,""resource_failure"":0,""valid"":24},""planned"":24,""plot_error_cost_point"":true,""reference_kind"":""finite_mcmc""}"
q1,cuda-mala-sequential,1024,research_execution,24,24,finite_mcmc,-0.3111767722693598,8.892829255519044e-05,2.654946003393285e-06,1.7672796219708726e-06,3.7357788086869828e-06,available,12.076994266664087,12.013061952189778,12.205906574186104,available,True,"{""bca_acceleration"":0.027638842419720158,""bca_adjusted_quantiles"":[0.032608634458584924,0.9816675279342908],""bca_bias_percentile"":0.5032503250325032,""bootstrap_expected_tail_counts"":[326.05373595139065,183.30638818502632],""claim_type"":""finite_reference_discrepancy"",""conditional_squared_discrepancy"":2.654946003393285e-06,""confidence_interval"":{""high"":3.7357788086869828e-06,""low"":1.7672796219708726e-06},""confidence_level"":0.95,""failed_or_unavailable"":0,""interval_coverage"":""pointwise_conditional_on_supplied_reference"",""interval_method"":""BCa"",""interval_status"":""available"",""minimum_valid_repetitions"":20,""observed_estimate_mean"":-0.31085626548177275,""planned"":24,""reference_eligible"":true,""reference_kind"":""finite_mcmc"",""reference_mcse"":8.892829255519044e-05,""reference_shift_is_confidence_interval"":false,""reference_shift_max"":2.8005874537502794e-06,""reference_shift_min"":2.572570482770543e-06,""resampled_valid_count_range"":[24,24],""resampling_plan_sha256"":""22e338ef5a1c028306ca7a03b188d650d83f0028ecc282ee953e70e4258651ef"",""squared_discrepancy_standard_error"":5.161624467293958e-07,""supplied_reference_value"":-0.3111767722693598,""unconditional_squared_discrepancy"":2.654946003393285e-06,""undefined_bootstrap_replicates"":0,""valid"":24}","{""available_functions_missing_cost"":0,""conditioning"":""same finite function estimates as conditional error; all such costs must be complete"",""confidence_interval"":{""high"":12.205906574186104,""low"":12.013061952189778},""function_available"":24,""interval_diagnostics"":{""bca_acceleration"":0.07758770864551418,""bca_adjusted_quantiles"":[0.057074530346287664,0.9933815771328292],""bca_bias_percentile"":0.5275527552755276,""bootstrap_expected_tail_counts"":[570.6882289325304,66.1776102488413],""minimum_valid_repetitions"":20,""resampled_valid_count_range"":[24,24],""resampling_plan_sha256"":""22e338ef5a1c028306ca7a03b188d650d83f0028ecc282ee953e70e4258651ef"",""undefined_bootstrap_replicates"":0},""interval_status"":""available"",""mean_seconds"":12.076994266664087,""output_outcome_counts"":{""infrastructure_interruption"":0,""measurement_available"":0,""not_run"":0,""numerical_failure"":0,""output_failure_unclassified"":0,""resource_failure"":0,""valid"":24},""planned"":24,""plot_error_cost_point"":true,""reference_kind"":""finite_mcmc""}"
q1,cuda-mala-sequential,4096,ordinary_workflow,24,24,finite_mcmc,-0.3111767722693598,8.892829255519044e-05,8.346844317605803e-07,4.989012825298378e-07,1.3536346851658065e-06,available,16.58595472916731,16.499938008782284,16.657691191552598,available,True,"{""bca_acceleration"":0.04527737340563599,""bca_adjusted_quantiles"":[0.04996609003299254,0.9902624986330956],""bca_bias_percentile"":0.5334533453345335,""bootstrap_expected_tail_counts"":[499.6109342398924,97.36527616767742],""claim_type"":""finite_reference_discrepancy"",""conditional_squared_discrepancy"":8.346844317605803e-07,""confidence_interval"":{""high"":1.3536346851658065e-06,""low"":4.989012825298378e-07},""confidence_level"":0.95,""failed_or_unavailable"":0,""interval_coverage"":""pointwise_conditional_on_supplied_reference"",""interval_method"":""BCa"",""interval_status"":""available"",""minimum_valid_repetitions"":20,""observed_estimate_mean"":-0.310996713502992,""planned"":24,""reference_eligible"":true,""reference_kind"":""finite_mcmc"",""reference_mcse"":8.892829255519044e-05,""reference_shift_is_confidence_interval"":false,""reference_shift_max"":9.30366671238435e-07,""reference_shift_min"":8.022681220169779e-07,""resampled_valid_count_range"":[24,24],""resampling_plan_sha256"":""22e338ef5a1c028306ca7a03b188d650d83f0028ecc282ee953e70e4258651ef"",""squared_discrepancy_standard_error"":2.1539040387541324e-07,""supplied_reference_value"":-0.3111767722693598,""unconditional_squared_discrepancy"":8.346844317605803e-07,""undefined_bootstrap_replicates"":0,""valid"":24}","{""available_functions_missing_cost"":0,""conditioning"":""same finite function estimates as conditional error; all such costs must be complete"",""confidence_interval"":{""high"":16.657691191552598,""low"":16.499938008782284},""function_available"":24,""interval_diagnostics"":{""bca_acceleration"":-0.019193571319690676,""bca_adjusted_quantiles"":[0.017122304951257283,0.965173160966388],""bca_bias_percentile"":0.48454845484548453,""bootstrap_expected_tail_counts"":[171.20592720762156,348.2335634970858],""minimum_valid_repetitions"":20,""resampled_valid_count_range"":[24,24],""resampling_plan_sha256"":""22e338ef5a1c028306ca7a03b188d650d83f0028ecc282ee953e70e4258651ef"",""undefined_bootstrap_replicates"":0},""interval_status"":""available"",""mean_seconds"":16.58595472916731,""output_outcome_counts"":{""infrastructure_interruption"":0,""measurement_available"":0,""not_run"":0,""numerical_failure"":0,""output_failure_unclassified"":0,""resource_failure"":0,""valid"":24},""planned"":24,""plot_error_cost_point"":true,""reference_kind"":""finite_mcmc""}"
q1,cuda-mala-sequential,4096,research_execution,24,24,finite_mcmc,-0.3111767722693598,8.892829255519044e-05,8.346844317605803e-07,4.989012825298378e-07,1.3536346851658065e-06,available,24.406619683327033,24.30852089818354,24.501135660668293,available,True,"{""bca_acceleration"":0.04527737340563599,""bca_adjusted_quantiles"":[0.04996609003299254,0.9902624986330956],""bca_bias_percentile"":0.5334533453345335,""bootstrap_expected_tail_counts"":[499.6109342398924,97.36527616767742],""claim_type"":""finite_reference_discrepancy"",""conditional_squared_discrepancy"":8.346844317605803e-07,""confidence_interval"":{""high"":1.3536346851658065e-06,""low"":4.989012825298378e-07},""confidence_level"":0.95,""failed_or_unavailable"":0,""interval_coverage"":""pointwise_conditional_on_supplied_reference"",""interval_method"":""BCa"",""interval_status"":""available"",""minimum_valid_repetitions"":20,""observed_estimate_mean"":-0.310996713502992,""planned"":24,""reference_eligible"":true,""reference_kind"":""finite_mcmc"",""reference_mcse"":8.892829255519044e-05,""reference_shift_is_confidence_interval"":false,""reference_shift_max"":9.30366671238435e-07,""reference_shift_min"":8.022681220169779e-07,""resampled_valid_count_range"":[24,24],""resampling_plan_sha256"":""22e338ef5a1c028306ca7a03b188d650d83f0028ecc282ee953e70e4258651ef"",""squared_discrepancy_standard_error"":2.1539040387541324e-07,""supplied_reference_value"":-0.3111767722693598,""unconditional_squared_discrepancy"":8.346844317605803e-07,""undefined_bootstrap_replicates"":0,""valid"":24}","{""available_functions_missing_cost"":0,""conditioning"":""same finite function estimates as conditional error; all such costs must be complete"",""confidence_interval"":{""high"":24.501135660668293,""low"":24.30852089818354},""function_available"":24,""interval_diagnostics"":{""bca_acceleration"":-0.008532681034838086,""bca_adjusted_quantiles"":[0.021477041054922624,0.9711443036164034],""bca_bias_percentile"":0.49394939493949397,""bootstrap_expected_tail_counts"":[214.74893350817132,288.5281081395828],""minimum_valid_repetitions"":20,""resampled_valid_count_range"":[24,24],""resampling_plan_sha256"":""22e338ef5a1c028306ca7a03b188d650d83f0028ecc282ee953e70e4258651ef"",""undefined_bootstrap_replicates"":0},""interval_status"":""available"",""mean_seconds"":24.406619683327033,""output_outcome_counts"":{""infrastructure_interruption"":0,""measurement_available"":0,""not_run"":0,""numerical_failure"":0,""output_failure_unclassified"":0,""resource_failure"":0,""valid"":24},""planned"":24,""plot_error_cost_point"":true,""reference_kind"":""finite_mcmc""}"
q1,cuda-rwm-online_picard,1024,ordinary_workflow,24,24,finite_mcmc,-0.3111767722693598,8.892829255519044e-05,1.6075925054565125e-05,1.0057726928321849e-05,2.4379925648437493e-05,available,3.3811281750001094,3.362679911097745,3.4146797567980918,available,True,"{""bca_acceleration"":0.0408934868234793,""bca_adjusted_quantiles"":[0.038788653834496166,0.9857029885294397],""bca_bias_percentile"":0.5106510651065107,""bootstrap_expected_tail_counts"":[387.84774969112715,142.95581769413226],""claim_type"":""finite_reference_discrepancy"",""conditional_squared_discrepancy"":1.6075925054565125e-05,""confidence_interval"":{""high"":2.4379925648437493e-05,""low"":1.0057726928321849e-05},""confidence_level"":0.95,""failed_or_unavailable"":0,""interval_coverage"":""pointwise_conditional_on_supplied_reference"",""interval_method"":""BCa"",""interval_status"":""available"",""minimum_valid_repetitions"":20,""observed_estimate_mean"":-0.31042474124030395,""planned"":24,""reference_eligible"":true,""reference_kind"":""finite_mcmc"",""reference_mcse"":8.892829255519044e-05,""reference_shift_is_confidence_interval"":false,""reference_shift_max"":1.6375065360882086e-05,""reference_shift_min"":1.5840050677982417e-05,""resampled_valid_count_range"":[24,24],""resampling_plan_sha256"":""22e338ef5a1c028306ca7a03b188d650d83f0028ecc282ee953e70e4258651ef"",""squared_discrepancy_standard_error"":3.665820676897715e-06,""supplied_reference_value"":-0.3111767722693598,""unconditional_squared_discrepancy"":1.6075925054565125e-05,""undefined_bootstrap_replicates"":0,""valid"":24}","{""available_functions_missing_cost"":0,""conditioning"":""same finite function estimates as conditional error; all such costs must be complete"",""confidence_interval"":{""high"":3.4146797567980918,""low"":3.362679911097745},""function_available"":24,""interval_diagnostics"":{""bca_acceleration"":0.06093326742548681,""bca_adjusted_quantiles"":[0.050930802710205156,0.9911617679702233],""bca_bias_percentile"":0.5254525452545254,""bootstrap_expected_tail_counts"":[509.25709629934136,88.3734820657376],""minimum_valid_repetitions"":20,""resampled_valid_count_range"":[24,24],""resampling_plan_sha256"":""22e338ef5a1c028306ca7a03b188d650d83f0028ecc282ee953e70e4258651ef"",""undefined_bootstrap_replicates"":0},""interval_status"":""available"",""mean_seconds"":3.3811281750001094,""output_outcome_counts"":{""infrastructure_interruption"":0,""measurement_available"":0,""not_run"":0,""numerical_failure"":0,""output_failure_unclassified"":0,""resource_failure"":0,""valid"":24},""planned"":24,""plot_error_cost_point"":true,""reference_kind"":""finite_mcmc""}"
q1,cuda-rwm-online_picard,1024,research_execution,24,24,finite_mcmc,-0.3111767722693598,8.892829255519044e-05,1.6075925054565125e-05,1.0057726928321849e-05,2.4379925648437493e-05,available,6.548944670839698,6.515908490200067,6.59401681277296,available,True,"{""bca_acceleration"":0.0408934868234793,""bca_adjusted_quantiles"":[0.038788653834496166,0.9857029885294397],""bca_bias_percentile"":0.5106510651065107,""bootstrap_expected_tail_counts"":[387.84774969112715,142.95581769413226],""claim_type"":""finite_reference_discrepancy"",""conditional_squared_discrepancy"":1.6075925054565125e-05,""confidence_interval"":{""high"":2.4379925648437493e-05,""low"":1.0057726928321849e-05},""confidence_level"":0.95,""failed_or_unavailable"":0,""interval_coverage"":""pointwise_conditional_on_supplied_reference"",""interval_method"":""BCa"",""interval_status"":""available"",""minimum_valid_repetitions"":20,""observed_estimate_mean"":-0.31042474124030395,""planned"":24,""reference_eligible"":true,""reference_kind"":""finite_mcmc"",""reference_mcse"":8.892829255519044e-05,""reference_shift_is_confidence_interval"":false,""reference_shift_max"":1.6375065360882086e-05,""reference_shift_min"":1.5840050677982417e-05,""resampled_valid_count_range"":[24,24],""resampling_plan_sha256"":""22e338ef5a1c028306ca7a03b188d650d83f0028ecc282ee953e70e4258651ef"",""squared_discrepancy_standard_error"":3.665820676897715e-06,""supplied_reference_value"":-0.3111767722693598,""unconditional_squared_discrepancy"":1.6075925054565125e-05,""undefined_bootstrap_replicates"":0,""valid"":24}","{""available_functions_missing_cost"":0,""conditioning"":""same finite function estimates as conditional error; all such costs must be complete"",""confidence_interval"":{""high"":6.59401681277296,""low"":6.515908490200067},""function_available"":24,""interval_diagnostics"":{""bca_acceleration"":0.030181821579131282,""bca_adjusted_quantiles"":[0.03612003246861671,0.98393385055335],""bca_bias_percentile"":0.5111511151115111,""bootstrap_expected_tail_counts"":[361.1642046536985,160.64542831705305],""minimum_valid_repetitions"":20,""resampled_valid_count_range"":[24,24],""resampling_plan_sha256"":""22e338ef5a1c028306ca7a03b188d650d83f0028ecc282ee953e70e4258651ef"",""undefined_bootstrap_replicates"":0},""interval_status"":""available"",""mean_seconds"":6.548944670839698,""output_outcome_counts"":{""infrastructure_interruption"":0,""measurement_available"":0,""not_run"":0,""numerical_failure"":0,""output_failure_unclassified"":0,""resource_failure"":0,""valid"":24},""planned"":24,""plot_error_cost_point"":true,""reference_kind"":""finite_mcmc""}"
q1,cuda-rwm-online_picard,4096,ordinary_workflow,24,24,finite_mcmc,-0.3111767722693598,8.892829255519044e-05,4.046348662487257e-06,2.299009606473095e-06,7.281238966122749e-06,available,5.223975837498453,5.182355928115185,5.266123128482246,available,True,"{""bca_acceleration"":0.07007372460175185,""bca_adjusted_quantiles"":[0.05006047148087712,0.9912622537150875],""bca_bias_percentile"":0.5177517751775178,""bootstrap_expected_tail_counts"":[500.5546543372903,87.36872510284037],""claim_type"":""finite_reference_discrepancy"",""conditional_squared_discrepancy"":4.046348662487257e-06,""confidence_interval"":{""high"":7.281238966122749e-06,""low"":2.299009606473095e-06},""confidence_level"":0.95,""failed_or_unavailable"":0,""interval_coverage"":""pointwise_conditional_on_supplied_reference"",""interval_method"":""BCa"",""interval_status"":""available"",""minimum_valid_repetitions"":20,""observed_estimate_mean"":-0.3106855870889491,""planned"":24,""reference_eligible"":true,""reference_kind"":""finite_mcmc"",""reference_mcse"":8.892829255519044e-05,""reference_shift_is_confidence_interval"":false,""reference_shift_max"":4.252702665043731e-06,""reference_shift_min"":3.903260589665035e-06,""resampled_valid_count_range"":[24,24],""resampling_plan_sha256"":""22e338ef5a1c028306ca7a03b188d650d83f0028ecc282ee953e70e4258651ef"",""squared_discrepancy_standard_error"":1.2002352372576886e-06,""supplied_reference_value"":-0.3111767722693598,""unconditional_squared_discrepancy"":4.046348662487257e-06,""undefined_bootstrap_replicates"":0,""valid"":24}","{""available_functions_missing_cost"":0,""conditioning"":""same finite function estimates as conditional error; all such costs must be complete"",""confidence_interval"":{""high"":5.266123128482246,""low"":5.182355928115185},""function_available"":24,""interval_diagnostics"":{""bca_acceleration"":0.001940247453068625,""bca_adjusted_quantiles"":[0.025186410110588305,0.9751866619357192],""bca_bias_percentile"":0.49914991499149913,""bootstrap_expected_tail_counts"":[251.83891469577247,248.10856730474336],""minimum_valid_repetitions"":20,""resampled_valid_count_range"":[24,24],""resampling_plan_sha256"":""22e338ef5a1c028306ca7a03b188d650d83f0028ecc282ee953e70e4258651ef"",""undefined_bootstrap_replicates"":0},""interval_status"":""available"",""mean_seconds"":5.223975837498453,""output_outcome_counts"":{""infrastructure_interruption"":0,""measurement_available"":0,""not_run"":0,""numerical_failure"":0,""output_failure_unclassified"":0,""resource_failure"":0,""valid"":24},""planned"":24,""plot_error_cost_point"":true,""reference_kind"":""finite_mcmc""}"
q1,cuda-rwm-online_picard,4096,research_execution,24,24,finite_mcmc,-0.3111767722693598,8.892829255519044e-05,4.046348662487257e-06,2.299009606473095e-06,7.281238966122749e-06,available,10.156065533341613,10.097404260489009,10.221939198565812,available,True,"{""bca_acceleration"":0.07007372460175185,""bca_adjusted_quantiles"":[0.05006047148087712,0.9912622537150875],""bca_bias_percentile"":0.5177517751775178,""bootstrap_expected_tail_counts"":[500.5546543372903,87.36872510284037],""claim_type"":""finite_reference_discrepancy"",""conditional_squared_discrepancy"":4.046348662487257e-06,""confidence_interval"":{""high"":7.281238966122749e-06,""low"":2.299009606473095e-06},""confidence_level"":0.95,""failed_or_unavailable"":0,""interval_coverage"":""pointwise_conditional_on_supplied_reference"",""interval_method"":""BCa"",""interval_status"":""available"",""minimum_valid_repetitions"":20,""observed_estimate_mean"":-0.3106855870889491,""planned"":24,""reference_eligible"":true,""reference_kind"":""finite_mcmc"",""reference_mcse"":8.892829255519044e-05,""reference_shift_is_confidence_interval"":false,""reference_shift_max"":4.252702665043731e-06,""reference_shift_min"":3.903260589665035e-06,""resampled_valid_count_range"":[24,24],""resampling_plan_sha256"":""22e338ef5a1c028306ca7a03b188d650d83f0028ecc282ee953e70e4258651ef"",""squared_discrepancy_standard_error"":1.2002352372576886e-06,""supplied_reference_value"":-0.3111767722693598,""unconditional_squared_discrepancy"":4.046348662487257e-06,""undefined_bootstrap_replicates"":0,""valid"":24}","{""available_functions_missing_cost"":0,""conditioning"":""same finite function estimates as conditional error; all such costs must be complete"",""confidence_interval"":{""high"":10.221939198565812,""low"":10.097404260489009},""function_available"":24,""interval_diagnostics"":{""bca_acceleration"":0.01139982567359949,""bca_adjusted_quantiles"":[0.028961539591788113,0.9786462629130375],""bca_bias_percentile"":0.5042504250425043,""bootstrap_expected_tail_counts"":[289.58643437828937,213.51601713253837],""minimum_valid_repetitions"":20,""resampled_valid_count_range"":[24,24],""resampling_plan_sha256"":""22e338ef5a1c028306ca7a03b188d650d83f0028ecc282ee953e70e4258651ef"",""undefined_bootstrap_replicates"":0},""interval_status"":""available"",""mean_seconds"":10.156065533341613,""output_outcome_counts"":{""infrastructure_interruption"":0,""measurement_available"":0,""not_run"":0,""numerical_failure"":0,""output_failure_unclassified"":0,""resource_failure"":0,""valid"":24},""planned"":24,""plot_error_cost_point"":true,""reference_kind"":""finite_mcmc""}"
q1,cuda-rwm-sequential,1024,ordinary_workflow,24,24,finite_mcmc,-0.3111767722693598,8.892829255519044e-05,1.6075925054565074e-05,1.005772692832183e-05,2.4379925648437408e-05,available,3.6746048500043194,3.660645740630839,3.6929354332709194,available,True,"{""bca_acceleration"":0.0408934868234795,""bca_adjusted_quantiles"":[0.03878865383449622,0.9857029885294397],""bca_bias_percentile"":0.5106510651065107,""bootstrap_expected_tail_counts"":[387.8477496911277,142.95581769413226],""claim_type"":""finite_reference_discrepancy"",""conditional_squared_discrepancy"":1.6075925054565074e-05,""confidence_interval"":{""high"":2.4379925648437408e-05,""low"":1.005772692832183e-05},""confidence_level"":0.95,""failed_or_unavailable"":0,""interval_coverage"":""pointwise_conditional_on_supplied_reference"",""interval_method"":""BCa"",""interval_status"":""available"",""minimum_valid_repetitions"":20,""observed_estimate_mean"":-0.31042474124030395,""planned"":24,""reference_eligible"":true,""reference_kind"":""finite_mcmc"",""reference_mcse"":8.892829255519044e-05,""reference_shift_is_confidence_interval"":false,""reference_shift_max"":1.6375065360882036e-05,""reference_shift_min"":1.584005067798236e-05,""resampled_valid_count_range"":[24,24],""resampling_plan_sha256"":""22e338ef5a1c028306ca7a03b188d650d83f0028ecc282ee953e70e4258651ef"",""squared_discrepancy_standard_error"":3.6658206768977174e-06,""supplied_reference_value"":-0.3111767722693598,""unconditional_squared_discrepancy"":1.6075925054565074e-05,""undefined_bootstrap_replicates"":0,""valid"":24}","{""available_functions_missing_cost"":0,""conditioning"":""same finite function estimates as conditional error; all such costs must be complete"",""confidence_interval"":{""high"":3.6929354332709194,""low"":3.660645740630839},""function_available"":24,""interval_diagnostics"":{""bca_acceleration"":0.027532667491290932,""bca_adjusted_quantiles"":[0.03842560252184647,0.985089462635675],""bca_bias_percentile"":0.5189518951895189,""bootstrap_expected_tail_counts"":[384.21759961594285,149.09046310588585],""minimum_valid_repetitions"":20,""resampled_valid_count_range"":[24,24],""resampling_plan_sha256"":""22e338ef5a1c028306ca7a03b188d650d83f0028ecc282ee953e70e4258651ef"",""undefined_bootstrap_replicates"":0},""interval_status"":""available"",""mean_seconds"":3.6746048500043194,""output_outcome_counts"":{""infrastructure_interruption"":0,""measurement_available"":0,""not_run"":0,""numerical_failure"":0,""output_failure_unclassified"":0,""resource_failure"":0,""valid"":24},""planned"":24,""plot_error_cost_point"":true,""reference_kind"":""finite_mcmc""}"
q1,cuda-rwm-sequential,1024,research_execution,24,24,finite_mcmc,-0.3111767722693598,8.892829255519044e-05,1.6075925054565074e-05,1.005772692832183e-05,2.4379925648437408e-05,available,6.795831566665735,6.754254954882016,6.842208418968694,available,True,"{""bca_acceleration"":0.0408934868234795,""bca_adjusted_quantiles"":[0.03878865383449622,0.9857029885294397],""bca_bias_percentile"":0.5106510651065107,""bootstrap_expected_tail_counts"":[387.8477496911277,142.95581769413226],""claim_type"":""finite_reference_discrepancy"",""conditional_squared_discrepancy"":1.6075925054565074e-05,""confidence_interval"":{""high"":2.4379925648437408e-05,""low"":1.005772692832183e-05},""confidence_level"":0.95,""failed_or_unavailable"":0,""interval_coverage"":""pointwise_conditional_on_supplied_reference"",""interval_method"":""BCa"",""interval_status"":""available"",""minimum_valid_repetitions"":20,""observed_estimate_mean"":-0.31042474124030395,""planned"":24,""reference_eligible"":true,""reference_kind"":""finite_mcmc"",""reference_mcse"":8.892829255519044e-05,""reference_shift_is_confidence_interval"":false,""reference_shift_max"":1.6375065360882036e-05,""reference_shift_min"":1.584005067798236e-05,""resampled_valid_count_range"":[24,24],""resampling_plan_sha256"":""22e338ef5a1c028306ca7a03b188d650d83f0028ecc282ee953e70e4258651ef"",""squared_discrepancy_standard_error"":3.6658206768977174e-06,""supplied_reference_value"":-0.3111767722693598,""unconditional_squared_discrepancy"":1.6075925054565074e-05,""undefined_bootstrap_replicates"":0,""valid"":24}","{""available_functions_missing_cost"":0,""conditioning"":""same finite function estimates as conditional error; all such costs must be complete"",""confidence_interval"":{""high"":6.842208418968694,""low"":6.754254954882016},""function_available"":24,""interval_diagnostics"":{""bca_acceleration"":0.016745495948075343,""bca_adjusted_quantiles"":[0.02953152029344637,0.9791803625399323],""bca_bias_percentile"":0.502050205020502,""bootstrap_expected_tail_counts"":[295.2856714141703,208.17555496321646],""minimum_valid_repetitions"":20,""resampled_valid_count_range"":[24,24],""resampling_plan_sha256"":""22e338ef5a1c028306ca7a03b188d650d83f0028ecc282ee953e70e4258651ef"",""undefined_bootstrap_replicates"":0},""interval_status"":""available"",""mean_seconds"":6.795831566665735,""output_outcome_counts"":{""infrastructure_interruption"":0,""measurement_available"":0,""not_run"":0,""numerical_failure"":0,""output_failure_unclassified"":0,""resource_failure"":0,""valid"":24},""planned"":24,""plot_error_cost_point"":true,""reference_kind"":""finite_mcmc""}"
q1,cuda-rwm-sequential,4096,ordinary_workflow,24,24,finite_mcmc,-0.3111767722693598,8.892829255519044e-05,4.046348662487139e-06,2.2990096064731215e-06,7.2812389661224996e-06,available,6.676549924999752,6.591013246789728,6.744040947424508,available,True,"{""bca_acceleration"":0.07007372460174713,""bca_adjusted_quantiles"":[0.05006047148087571,0.9912622537150869],""bca_bias_percentile"":0.5177517751775178,""bootstrap_expected_tail_counts"":[500.55465433727625,87.36872510284593],""claim_type"":""finite_reference_discrepancy"",""conditional_squared_discrepancy"":4.046348662487139e-06,""confidence_interval"":{""high"":7.2812389661224996e-06,""low"":2.2990096064731215e-06},""confidence_level"":0.95,""failed_or_unavailable"":0,""interval_coverage"":""pointwise_conditional_on_supplied_reference"",""interval_method"":""BCa"",""interval_status"":""available"",""minimum_valid_repetitions"":20,""observed_estimate_mean"":-0.3106855870889491,""planned"":24,""reference_eligible"":true,""reference_kind"":""finite_mcmc"",""reference_mcse"":8.892829255519044e-05,""reference_shift_is_confidence_interval"":false,""reference_shift_max"":4.25270266504361e-06,""reference_shift_min"":3.9032605896649205e-06,""resampled_valid_count_range"":[24,24],""resampling_plan_sha256"":""22e338ef5a1c028306ca7a03b188d650d83f0028ecc282ee953e70e4258651ef"",""squared_discrepancy_standard_error"":1.2002352372575935e-06,""supplied_reference_value"":-0.3111767722693598,""unconditional_squared_discrepancy"":4.046348662487139e-06,""undefined_bootstrap_replicates"":0,""valid"":24}","{""available_functions_missing_cost"":0,""conditioning"":""same finite function estimates as conditional error; all such costs must be complete"",""confidence_interval"":{""high"":6.744040947424508,""low"":6.591013246789728},""function_available"":24,""interval_diagnostics"":{""bca_acceleration"":-0.029753653471955497,""bca_adjusted_quantiles"":[0.01599295715755889,0.9637292601236221],""bca_bias_percentile"":0.48814881488148815,""bootstrap_expected_tail_counts"":[159.91357861843136,362.67112802390216],""minimum_valid_repetitions"":20,""resampled_valid_count_range"":[24,24],""resampling_plan_sha256"":""22e338ef5a1c028306ca7a03b188d650d83f0028ecc282ee953e70e4258651ef"",""undefined_bootstrap_replicates"":0},""interval_status"":""available"",""mean_seconds"":6.676549924999752,""output_outcome_counts"":{""infrastructure_interruption"":0,""measurement_available"":0,""not_run"":0,""numerical_failure"":0,""output_failure_unclassified"":0,""resource_failure"":0,""valid"":24},""planned"":24,""plot_error_cost_point"":true,""reference_kind"":""finite_mcmc""}"
q1,cuda-rwm-sequential,4096,research_execution,24,24,finite_mcmc,-0.3111767722693598,8.892829255519044e-05,4.046348662487139e-06,2.2990096064731215e-06,7.2812389661224996e-06,available,11.646025512496939,11.549179943828314,11.728489982406554,available,True,"{""bca_acceleration"":0.07007372460174713,""bca_adjusted_quantiles"":[0.05006047148087571,0.9912622537150869],""bca_bias_percentile"":0.5177517751775178,""bootstrap_expected_tail_counts"":[500.55465433727625,87.36872510284593],""claim_type"":""finite_reference_discrepancy"",""conditional_squared_discrepancy"":4.046348662487139e-06,""confidence_interval"":{""high"":7.2812389661224996e-06,""low"":2.2990096064731215e-06},""confidence_level"":0.95,""failed_or_unavailable"":0,""interval_coverage"":""pointwise_conditional_on_supplied_reference"",""interval_method"":""BCa"",""interval_status"":""available"",""minimum_valid_repetitions"":20,""observed_estimate_mean"":-0.3106855870889491,""planned"":24,""reference_eligible"":true,""reference_kind"":""finite_mcmc"",""reference_mcse"":8.892829255519044e-05,""reference_shift_is_confidence_interval"":false,""reference_shift_max"":4.25270266504361e-06,""reference_shift_min"":3.9032605896649205e-06,""resampled_valid_count_range"":[24,24],""resampling_plan_sha256"":""22e338ef5a1c028306ca7a03b188d650d83f0028ecc282ee953e70e4258651ef"",""squared_discrepancy_standard_error"":1.2002352372575935e-06,""supplied_reference_value"":-0.3111767722693598,""unconditional_squared_discrepancy"":4.046348662487139e-06,""undefined_bootstrap_replicates"":0,""valid"":24}","{""available_functions_missing_cost"":0,""conditioning"":""same finite function estimates as conditional error; all such costs must be complete"",""confidence_interval"":{""high"":11.728489982406554,""low"":11.549179943828314},""function_available"":24,""interval_diagnostics"":{""bca_acceleration"":-0.024423375498539287,""bca_adjusted_quantiles"":[0.017614932580306216,0.9661910077461126],""bca_bias_percentile"":0.49104910491049103,""bootstrap_expected_tail_counts"":[176.13171087048187,338.0561135466206],""minimum_valid_repetitions"":20,""resampled_valid_count_range"":[24,24],""resampling_plan_sha256"":""22e338ef5a1c028306ca7a03b188d650d83f0028ecc282ee953e70e4258651ef"",""undefined_bootstrap_replicates"":0},""interval_status"":""available"",""mean_seconds"":11.646025512496939,""output_outcome_counts"":{""infrastructure_interruption"":0,""measurement_available"":0,""not_run"":0,""numerical_failure"":0,""output_failure_unclassified"":0,""resource_failure"":0,""valid"":24},""planned"":24,""plot_error_cost_point"":true,""reference_kind"":""finite_mcmc""}"
q2,cpu-mala-quasi_deer,1024,ordinary_workflow,24,24,finite_mcmc,-0.6005257632922614,0.00010191246932380079,2.9917025068665868e-06,1.9114960120158194e-06,4.526018340490145e-06,available,39.90575873750068,38.02074263768497,41.78060465989391,available,True,"{""bca_acceleration"":0.04120019821156498,""bca_adjusted_quantiles"":[0.0406294699766428,0.9866065011312084],""bca_bias_percentile"":0.515051505150515,""bootstrap_expected_tail_counts"":[406.2540702964514,133.9215951890472],""claim_type"":""finite_reference_discrepancy"",""conditional_squared_discrepancy"":2.9917025068665868e-06,""confidence_interval"":{""high"":4.526018340490145e-06,""low"":1.9114960120158194e-06},""confidence_level"":0.95,""failed_or_unavailable"":0,""interval_coverage"":""pointwise_conditional_on_supplied_reference"",""interval_method"":""BCa"",""interval_status"":""available"",""minimum_valid_repetitions"":20,""observed_estimate_mean"":-0.6007408742420719,""planned"":24,""reference_eligible"":true,""reference_kind"":""finite_mcmc"",""reference_mcse"":0.00010191246932380079,""reference_shift_is_confidence_interval"":false,""reference_shift_max"":3.1209370647763724e-06,""reference_shift_min"":2.94555716018617e-06,""resampled_valid_count_range"":[24,24],""resampling_plan_sha256"":""22e338ef5a1c028306ca7a03b188d650d83f0028ecc282ee953e70e4258651ef"",""squared_discrepancy_standard_error"":6.64705252966243e-07,""supplied_reference_value"":-0.6005257632922614,""unconditional_squared_discrepancy"":2.9917025068665868e-06,""undefined_bootstrap_replicates"":0,""valid"":24}","{""available_functions_missing_cost"":0,""conditioning"":""same finite function estimates as conditional error; all such costs must be complete"",""confidence_interval"":{""high"":41.78060465989391,""low"":38.02074263768497},""function_available"":24,""interval_diagnostics"":{""bca_acceleration"":0.004728787430933213,""bca_adjusted_quantiles"":[0.024133941988187,0.9740910981041409],""bca_bias_percentile"":0.49334933493349337,""bootstrap_expected_tail_counts"":[241.31528593988182,259.0631100566956],""minimum_valid_repetitions"":20,""resampled_valid_count_range"":[24,24],""resampling_plan_sha256"":""22e338ef5a1c028306ca7a03b188d650d83f0028ecc282ee953e70e4258651ef"",""undefined_bootstrap_replicates"":0},""interval_status"":""available"",""mean_seconds"":39.90575873750068,""output_outcome_counts"":{""infrastructure_interruption"":0,""measurement_available"":0,""not_run"":0,""numerical_failure"":0,""output_failure_unclassified"":0,""resource_failure"":0,""valid"":24},""planned"":24,""plot_error_cost_point"":true,""reference_kind"":""finite_mcmc""}"
q2,cpu-mala-quasi_deer,1024,research_execution,24,24,finite_mcmc,-0.6005257632922614,0.00010191246932380079,2.9917025068665868e-06,1.9114960120158194e-06,4.526018340490145e-06,available,44.02276302083055,42.112582365275806,45.92321932270912,available,True,"{""bca_acceleration"":0.04120019821156498,""bca_adjusted_quantiles"":[0.0406294699766428,0.9866065011312084],""bca_bias_percentile"":0.515051505150515,""bootstrap_expected_tail_counts"":[406.2540702964514,133.9215951890472],""claim_type"":""finite_reference_discrepancy"",""conditional_squared_discrepancy"":2.9917025068665868e-06,""confidence_interval"":{""high"":4.526018340490145e-06,""low"":1.9114960120158194e-06},""confidence_level"":0.95,""failed_or_unavailable"":0,""interval_coverage"":""pointwise_conditional_on_supplied_reference"",""interval_method"":""BCa"",""interval_status"":""available"",""minimum_valid_repetitions"":20,""observed_estimate_mean"":-0.6007408742420719,""planned"":24,""reference_eligible"":true,""reference_kind"":""finite_mcmc"",""reference_mcse"":0.00010191246932380079,""reference_shift_is_confidence_interval"":false,""reference_shift_max"":3.1209370647763724e-06,""reference_shift_min"":2.94555716018617e-06,""resampled_valid_count_range"":[24,24],""resampling_plan_sha256"":""22e338ef5a1c028306ca7a03b188d650d83f0028ecc282ee953e70e4258651ef"",""squared_discrepancy_standard_error"":6.64705252966243e-07,""supplied_reference_value"":-0.6005257632922614,""unconditional_squared_discrepancy"":2.9917025068665868e-06,""undefined_bootstrap_replicates"":0,""valid"":24}","{""available_functions_missing_cost"":0,""conditioning"":""same finite function estimates as conditional error; all such costs must be complete"",""confidence_interval"":{""high"":45.92321932270912,""low"":42.112582365275806},""function_available"":24,""interval_diagnostics"":{""bca_acceleration"":0.0046607653816994,""bca_adjusted_quantiles"":[0.024119141845546376,0.9740753388966382],""bca_bias_percentile"":0.49334933493349337,""bootstrap_expected_tail_counts"":[241.1672993136182,259.2206863725144],""minimum_valid_repetitions"":20,""resampled_valid_count_range"":[24,24],""resampling_plan_sha256"":""22e338ef5a1c028306ca7a03b188d650d83f0028ecc282ee953e70e4258651ef"",""undefined_bootstrap_replicates"":0},""interval_status"":""available"",""mean_seconds"":44.02276302083055,""output_outcome_counts"":{""infrastructure_interruption"":0,""measurement_available"":0,""not_run"":0,""numerical_failure"":0,""output_failure_unclassified"":0,""resource_failure"":0,""valid"":24},""planned"":24,""plot_error_cost_point"":true,""reference_kind"":""finite_mcmc""}"
q2,cpu-mala-quasi_deer,4096,ordinary_workflow,24,24,finite_mcmc,-0.6005257632922614,0.00010191246932380079,6.208546674788803e-07,3.7312418626482473e-07,1.0474289975732553e-06,available,113.45758466666909,108.21418278859367,118.71340437189164,available,True,"{""bca_acceleration"":0.06687280299997772,""bca_adjusted_quantiles"":[0.05040967201584939,0.991241506479464],""bca_bias_percentile"":0.5205520552055205,""bootstrap_expected_tail_counts"":[504.04631048647803,87.57617671183984],""claim_type"":""finite_reference_discrepancy"",""conditional_squared_discrepancy"":6.208546674788803e-07,""confidence_interval"":{""high"":1.0474289975732553e-06,""low"":3.7312418626482473e-07},""confidence_level"":0.95,""failed_or_unavailable"":0,""interval_coverage"":""pointwise_conditional_on_supplied_reference"",""interval_method"":""BCa"",""interval_status"":""available"",""minimum_valid_repetitions"":20,""observed_estimate_mean"":-0.6004982914817244,""planned"":24,""reference_eligible"":true,""reference_kind"":""finite_mcmc"",""reference_mcse"":0.00010191246932380079,""reference_shift_is_confidence_interval"":false,""reference_shift_max"":6.735981532880443e-07,""reference_shift_min"":6.200999671046999e-07,""resampled_valid_count_range"":[24,24],""resampling_plan_sha256"":""22e338ef5a1c028306ca7a03b188d650d83f0028ecc282ee953e70e4258651ef"",""squared_discrepancy_standard_error"":1.653300344307696e-07,""supplied_reference_value"":-0.6005257632922614,""unconditional_squared_discrepancy"":6.208546674788803e-07,""undefined_bootstrap_replicates"":0,""valid"":24}","{""available_functions_missing_cost"":0,""conditioning"":""same finite function estimates as conditional error; all such costs must be complete"",""confidence_interval"":{""high"":118.71340437189164,""low"":108.21418278859367},""function_available"":24,""interval_diagnostics"":{""bca_acceleration"":0.0019860644987967583,""bca_adjusted_quantiles"":[0.02337408869011936,0.9732664966847929],""bca_bias_percentile"":0.49274927492749276,""bootstrap_expected_tail_counts"":[233.71751281250346,267.30829964875556],""minimum_valid_repetitions"":20,""resampled_valid_count_range"":[24,24],""resampling_plan_sha256"":""22e338ef5a1c028306ca7a03b188d650d83f0028ecc282ee953e70e4258651ef"",""undefined_bootstrap_replicates"":0},""interval_status"":""available"",""mean_seconds"":113.45758466666909,""output_outcome_counts"":{""infrastructure_interruption"":0,""measurement_available"":0,""not_run"":0,""numerical_failure"":0,""output_failure_unclassified"":0,""resource_failure"":0,""valid"":24},""planned"":24,""plot_error_cost_point"":true,""reference_kind"":""finite_mcmc""}"
q2,cpu-mala-quasi_deer,4096,research_execution,24,24,finite_mcmc,-0.6005257632922614,0.00010191246932380079,6.208546674788803e-07,3.7312418626482473e-07,1.0474289975732553e-06,available,121.406506733331,116.07387654134882,126.71604704299395,available,True,"{""bca_acceleration"":0.06687280299997772,""bca_adjusted_quantiles"":[0.05040967201584939,0.991241506479464],""bca_bias_percentile"":0.5205520552055205,""bootstrap_expected_tail_counts"":[504.04631048647803,87.57617671183984],""claim_type"":""finite_reference_discrepancy"",""conditional_squared_discrepancy"":6.208546674788803e-07,""confidence_interval"":{""high"":1.0474289975732553e-06,""low"":3.7312418626482473e-07},""confidence_level"":0.95,""failed_or_unavailable"":0,""interval_coverage"":""pointwise_conditional_on_supplied_reference"",""interval_method"":""BCa"",""interval_status"":""available"",""minimum_valid_repetitions"":20,""observed_estimate_mean"":-0.6004982914817244,""planned"":24,""reference_eligible"":true,""reference_kind"":""finite_mcmc"",""reference_mcse"":0.00010191246932380079,""reference_shift_is_confidence_interval"":false,""reference_shift_max"":6.735981532880443e-07,""reference_shift_min"":6.200999671046999e-07,""resampled_valid_count_range"":[24,24],""resampling_plan_sha256"":""22e338ef5a1c028306ca7a03b188d650d83f0028ecc282ee953e70e4258651ef"",""squared_discrepancy_standard_error"":1.653300344307696e-07,""supplied_reference_value"":-0.6005257632922614,""unconditional_squared_discrepancy"":6.208546674788803e-07,""undefined_bootstrap_replicates"":0,""valid"":24}","{""available_functions_missing_cost"":0,""conditioning"":""same finite function estimates as conditional error; all such costs must be complete"",""confidence_interval"":{""high"":126.71604704299395,""low"":116.07387654134882},""function_available"":24,""interval_diagnostics"":{""bca_acceleration"":0.002003834136102003,""bca_adjusted_quantiles"":[0.023377899507315857,0.9732706705290893],""bca_bias_percentile"":0.49274927492749276,""bootstrap_expected_tail_counts"":[233.75561717365125,267.2665653796358],""minimum_valid_repetitions"":20,""resampled_valid_count_range"":[24,24],""resampling_plan_sha256"":""22e338ef5a1c028306ca7a03b188d650d83f0028ecc282ee953e70e4258651ef"",""undefined_bootstrap_replicates"":0},""interval_status"":""available"",""mean_seconds"":121.406506733331,""output_outcome_counts"":{""infrastructure_interruption"":0,""measurement_available"":0,""not_run"":0,""numerical_failure"":0,""output_failure_unclassified"":0,""resource_failure"":0,""valid"":24},""planned"":24,""plot_error_cost_point"":true,""reference_kind"":""finite_mcmc""}"
q2,cpu-mala-sequential,1024,ordinary_workflow,24,24,finite_mcmc,-0.6005257632922614,0.00010191246932380079,2.9917025068717346e-06,1.9114960120220667e-06,4.526018340500847e-06,available,6.348336891671011,6.263117187961609,6.442990210142835,available,True,"{""bca_acceleration"":0.041200198211562705,""bca_adjusted_quantiles"":[0.04062946997664213,0.986606501131208],""bca_bias_percentile"":0.515051505150515,""bootstrap_expected_tail_counts"":[406.25407029644464,133.92159518905163],""claim_type"":""finite_reference_discrepancy"",""conditional_squared_discrepancy"":2.9917025068717346e-06,""confidence_interval"":{""high"":4.526018340500847e-06,""low"":1.9114960120220667e-06},""confidence_level"":0.95,""failed_or_unavailable"":0,""interval_coverage"":""pointwise_conditional_on_supplied_reference"",""interval_method"":""BCa"",""interval_status"":""available"",""minimum_valid_repetitions"":20,""observed_estimate_mean"":-0.6007408742420748,""planned"":24,""reference_eligible"":true,""reference_kind"":""finite_mcmc"",""reference_mcse"":0.00010191246932380079,""reference_shift_is_confidence_interval"":false,""reference_shift_max"":3.1209370647826972e-06,""reference_shift_min"":2.9455571601901418e-06,""resampled_valid_count_range"":[24,24],""resampling_plan_sha256"":""22e338ef5a1c028306ca7a03b188d650d83f0028ecc282ee953e70e4258651ef"",""squared_discrepancy_standard_error"":6.647052529649979e-07,""supplied_reference_value"":-0.6005257632922614,""unconditional_squared_discrepancy"":2.9917025068717346e-06,""undefined_bootstrap_replicates"":0,""valid"":24}","{""available_functions_missing_cost"":0,""conditioning"":""same finite function estimates as conditional error; all such costs must be complete"",""confidence_interval"":{""high"":6.442990210142835,""low"":6.263117187961609},""function_available"":24,""interval_diagnostics"":{""bca_acceleration"":0.007013691324348814,""bca_adjusted_quantiles"":[0.02756785069861308,0.9774273412516582],""bca_bias_percentile"":0.5031503150315032,""bootstrap_expected_tail_counts"":[275.65093913543217,225.70401482466966],""minimum_valid_repetitions"":20,""resampled_valid_count_range"":[24,24],""resampling_plan_sha256"":""22e338ef5a1c028306ca7a03b188d650d83f0028ecc282ee953e70e4258651ef"",""undefined_bootstrap_replicates"":0},""interval_status"":""available"",""mean_seconds"":6.348336891671011,""output_outcome_counts"":{""infrastructure_interruption"":0,""measurement_available"":0,""not_run"":0,""numerical_failure"":0,""output_failure_unclassified"":0,""resource_failure"":0,""valid"":24},""planned"":24,""plot_error_cost_point"":true,""reference_kind"":""finite_mcmc""}"
q2,cpu-mala-sequential,1024,research_execution,24,24,finite_mcmc,-0.6005257632922614,0.00010191246932380079,2.9917025068717346e-06,1.9114960120220667e-06,4.526018340500847e-06,available,10.5000395833315,10.380446323861216,10.628852495533602,available,True,"{""bca_acceleration"":0.041200198211562705,""bca_adjusted_quantiles"":[0.04062946997664213,0.986606501131208],""bca_bias_percentile"":0.515051505150515,""bootstrap_expected_tail_counts"":[406.25407029644464,133.92159518905163],""claim_type"":""finite_reference_discrepancy"",""conditional_squared_discrepancy"":2.9917025068717346e-06,""confidence_interval"":{""high"":4.526018340500847e-06,""low"":1.9114960120220667e-06},""confidence_level"":0.95,""failed_or_unavailable"":0,""interval_coverage"":""pointwise_conditional_on_supplied_reference"",""interval_method"":""BCa"",""interval_status"":""available"",""minimum_valid_repetitions"":20,""observed_estimate_mean"":-0.6007408742420748,""planned"":24,""reference_eligible"":true,""reference_kind"":""finite_mcmc"",""reference_mcse"":0.00010191246932380079,""reference_shift_is_confidence_interval"":false,""reference_shift_max"":3.1209370647826972e-06,""reference_shift_min"":2.9455571601901418e-06,""resampled_valid_count_range"":[24,24],""resampling_plan_sha256"":""22e338ef5a1c028306ca7a03b188d650d83f0028ecc282ee953e70e4258651ef"",""squared_discrepancy_standard_error"":6.647052529649979e-07,""supplied_reference_value"":-0.6005257632922614,""unconditional_squared_discrepancy"":2.9917025068717346e-06,""undefined_bootstrap_replicates"":0,""valid"":24}","{""available_functions_missing_cost"":0,""conditioning"":""same finite function estimates as conditional error; all such costs must be complete"",""confidence_interval"":{""high"":10.628852495533602,""low"":10.380446323861216},""function_available"":24,""interval_diagnostics"":{""bca_acceleration"":0.006121227241370907,""bca_adjusted_quantiles"":[0.025685254770429,0.9756859395653381],""bca_bias_percentile"":0.49764976497649765,""bootstrap_expected_tail_counts"":[256.8268624495196,243.1162902861842],""minimum_valid_repetitions"":20,""resampled_valid_count_range"":[24,24],""resampling_plan_sha256"":""22e338ef5a1c028306ca7a03b188d650d83f0028ecc282ee953e70e4258651ef"",""undefined_bootstrap_replicates"":0},""interval_status"":""available"",""mean_seconds"":10.5000395833315,""output_outcome_counts"":{""infrastructure_interruption"":0,""measurement_available"":0,""not_run"":0,""numerical_failure"":0,""output_failure_unclassified"":0,""resource_failure"":0,""valid"":24},""planned"":24,""plot_error_cost_point"":true,""reference_kind"":""finite_mcmc""}"
q2,cpu-mala-sequential,4096,ordinary_workflow,24,24,finite_mcmc,-0.6005257632922614,0.00010191246932380079,6.208546674791177e-07,3.7312418626434547e-07,1.0474289975755118e-06,available,13.037642533326334,12.792627460437327,13.333498264214088,available,True,"{""bca_acceleration"":0.06687280300035406,""bca_adjusted_quantiles"":[0.05040967201596132,0.9912415064795123],""bca_bias_percentile"":0.5205520552055205,""bootstrap_expected_tail_counts"":[504.0463104875972,87.57617671135694],""claim_type"":""finite_reference_discrepancy"",""conditional_squared_discrepancy"":6.208546674791177e-07,""confidence_interval"":{""high"":1.0474289975755118e-06,""low"":3.7312418626434547e-07},""confidence_level"":0.95,""failed_or_unavailable"":0,""interval_coverage"":""pointwise_conditional_on_supplied_reference"",""interval_method"":""BCa"",""interval_status"":""available"",""minimum_valid_repetitions"":20,""observed_estimate_mean"":-0.6004982914817271,""planned"":24,""reference_eligible"":true,""reference_kind"":""finite_mcmc"",""reference_mcse"":0.00010191246932380079,""reference_shift_is_confidence_interval"":false,""reference_shift_max"":6.735981532871729e-07,""reference_shift_min"":6.200999671050868e-07,""resampled_valid_count_range"":[24,24],""resampling_plan_sha256"":""22e338ef5a1c028306ca7a03b188d650d83f0028ecc282ee953e70e4258651ef"",""squared_discrepancy_standard_error"":1.6533003443105163e-07,""supplied_reference_value"":-0.6005257632922614,""unconditional_squared_discrepancy"":6.208546674791177e-07,""undefined_bootstrap_replicates"":0,""valid"":24}","{""available_functions_missing_cost"":0,""conditioning"":""same finite function estimates as conditional error; all such costs must be complete"",""confidence_interval"":{""high"":13.333498264214088,""low"":12.792627460437327},""function_available"":24,""interval_diagnostics"":{""bca_acceleration"":0.017370788184833542,""bca_adjusted_quantiles"":[0.031185465829545254,0.9804470025646829],""bca_bias_percentile"":0.5065506550655066,""bootstrap_expected_tail_counts"":[311.823472829623,195.510421355736],""minimum_valid_repetitions"":20,""resampled_valid_count_range"":[24,24],""resampling_plan_sha256"":""22e338ef5a1c028306ca7a03b188d650d83f0028ecc282ee953e70e4258651ef"",""undefined_bootstrap_replicates"":0},""interval_status"":""available"",""mean_seconds"":13.037642533326334,""output_outcome_counts"":{""infrastructure_interruption"":0,""measurement_available"":0,""not_run"":0,""numerical_failure"":0,""output_failure_unclassified"":0,""resource_failure"":0,""valid"":24},""planned"":24,""plot_error_cost_point"":true,""reference_kind"":""finite_mcmc""}"
q2,cpu-mala-sequential,4096,research_execution,24,24,finite_mcmc,-0.6005257632922614,0.00010191246932380079,6.208546674791177e-07,3.7312418626434547e-07,1.0474289975755118e-06,available,20.85919225000248,20.559395816129626,21.222926130607025,available,True,"{""bca_acceleration"":0.06687280300035406,""bca_adjusted_quantiles"":[0.05040967201596132,0.9912415064795123],""bca_bias_percentile"":0.5205520552055205,""bootstrap_expected_tail_counts"":[504.0463104875972,87.57617671135694],""claim_type"":""finite_reference_discrepancy"",""conditional_squared_discrepancy"":6.208546674791177e-07,""confidence_interval"":{""high"":1.0474289975755118e-06,""low"":3.7312418626434547e-07},""confidence_level"":0.95,""failed_or_unavailable"":0,""interval_coverage"":""pointwise_conditional_on_supplied_reference"",""interval_method"":""BCa"",""interval_status"":""available"",""minimum_valid_repetitions"":20,""observed_estimate_mean"":-0.6004982914817271,""planned"":24,""reference_eligible"":true,""reference_kind"":""finite_mcmc"",""reference_mcse"":0.00010191246932380079,""reference_shift_is_confidence_interval"":false,""reference_shift_max"":6.735981532871729e-07,""reference_shift_min"":6.200999671050868e-07,""resampled_valid_count_range"":[24,24],""resampling_plan_sha256"":""22e338ef5a1c028306ca7a03b188d650d83f0028ecc282ee953e70e4258651ef"",""squared_discrepancy_standard_error"":1.6533003443105163e-07,""supplied_reference_value"":-0.6005257632922614,""unconditional_squared_discrepancy"":6.208546674791177e-07,""undefined_bootstrap_replicates"":0,""valid"":24}","{""available_functions_missing_cost"":0,""conditioning"":""same finite function estimates as conditional error; all such costs must be complete"",""confidence_interval"":{""high"":21.222926130607025,""low"":20.559395816129626},""function_available"":24,""interval_diagnostics"":{""bca_acceleration"":0.01781547429722526,""bca_adjusted_quantiles"":[0.029887912671530424,0.9794784643611605],""bca_bias_percentile"":0.5023502350235024,""bootstrap_expected_tail_counts"":[298.8492388026327,205.19483485275632],""minimum_valid_repetitions"":20,""resampled_valid_count_range"":[24,24],""resampling_plan_sha256"":""22e338ef5a1c028306ca7a03b188d650d83f0028ecc282ee953e70e4258651ef"",""undefined_bootstrap_replicates"":0},""interval_status"":""available"",""mean_seconds"":20.85919225000248,""output_outcome_counts"":{""infrastructure_interruption"":0,""measurement_available"":0,""not_run"":0,""numerical_failure"":0,""output_failure_unclassified"":0,""resource_failure"":0,""valid"":24},""planned"":24,""plot_error_cost_point"":true,""reference_kind"":""finite_mcmc""}"
q2,cpu-nuts-spawn_chains,1024,ordinary_workflow,24,24,finite_mcmc,-0.6005257632922614,0.00010191246932380079,5.943406726077076e-07,3.4656463125721777e-07,9.879654485451211e-07,available,9.256103474991733,8.987378737207639,9.579309004025824,available,True,"{""bca_acceleration"":0.05239766445470689,""bca_adjusted_quantiles"":[0.047586423642034165,0.9897782478782005],""bca_bias_percentile"":0.5237523752375237,""bootstrap_expected_tail_counts"":[475.8166499966996,102.20729946587363],""claim_type"":""finite_reference_discrepancy"",""conditional_squared_discrepancy"":5.943406726077076e-07,""confidence_interval"":{""high"":9.879654485451211e-07,""low"":3.4656463125721777e-07},""confidence_level"":0.95,""failed_or_unavailable"":0,""interval_coverage"":""pointwise_conditional_on_supplied_reference"",""interval_method"":""BCa"",""interval_status"":""available"",""minimum_valid_repetitions"":20,""observed_estimate_mean"":-0.6001616092867916,""planned"":24,""reference_eligible"":true,""reference_kind"":""finite_mcmc"",""reference_mcse"":0.00010191246932380079,""reference_shift_is_confidence_interval"":false,""reference_shift_max"":7.843326138686568e-07,""reference_shift_min"":4.874379425761278e-07,""resampled_valid_count_range"":[24,24],""resampling_plan_sha256"":""22e338ef5a1c028306ca7a03b188d650d83f0028ecc282ee953e70e4258651ef"",""squared_discrepancy_standard_error"":1.6055887895330907e-07,""supplied_reference_value"":-0.6005257632922614,""unconditional_squared_discrepancy"":5.943406726077076e-07,""undefined_bootstrap_replicates"":0,""valid"":24}","{""available_functions_missing_cost"":0,""conditioning"":""same finite function estimates as conditional error; all such costs must be complete"",""confidence_interval"":{""high"":9.579309004025824,""low"":8.987378737207639},""function_available"":24,""interval_diagnostics"":{""bca_acceleration"":0.017498893139518402,""bca_adjusted_quantiles"":[0.03138828153399911,0.9805954490968664],""bca_bias_percentile"":0.5070507050705071,""bootstrap_expected_tail_counts"":[313.85142705845715,194.0261044804333],""minimum_valid_repetitions"":20,""resampled_valid_count_range"":[24,24],""resampling_plan_sha256"":""22e338ef5a1c028306ca7a03b188d650d83f0028ecc282ee953e70e4258651ef"",""undefined_bootstrap_replicates"":0},""interval_status"":""available"",""mean_seconds"":9.256103474991733,""output_outcome_counts"":{""infrastructure_interruption"":0,""measurement_available"":0,""not_run"":0,""numerical_failure"":0,""output_failure_unclassified"":0,""resource_failure"":0,""valid"":24},""planned"":24,""plot_error_cost_point"":true,""reference_kind"":""finite_mcmc""}"
q2,cpu-nuts-spawn_chains,1024,research_execution,24,24,finite_mcmc,-0.6005257632922614,0.00010191246932380079,5.943406726077076e-07,3.4656463125721777e-07,9.879654485451211e-07,available,11.516672883335787,11.232786861603229,11.853664170251822,available,True,"{""bca_acceleration"":0.05239766445470689,""bca_adjusted_quantiles"":[0.047586423642034165,0.9897782478782005],""bca_bias_percentile"":0.5237523752375237,""bootstrap_expected_tail_counts"":[475.8166499966996,102.20729946587363],""claim_type"":""finite_reference_discrepancy"",""conditional_squared_discrepancy"":5.943406726077076e-07,""confidence_interval"":{""high"":9.879654485451211e-07,""low"":3.4656463125721777e-07},""confidence_level"":0.95,""failed_or_unavailable"":0,""interval_coverage"":""pointwise_conditional_on_supplied_reference"",""interval_method"":""BCa"",""interval_status"":""available"",""minimum_valid_repetitions"":20,""observed_estimate_mean"":-0.6001616092867916,""planned"":24,""reference_eligible"":true,""reference_kind"":""finite_mcmc"",""reference_mcse"":0.00010191246932380079,""reference_shift_is_confidence_interval"":false,""reference_shift_max"":7.843326138686568e-07,""reference_shift_min"":4.874379425761278e-07,""resampled_valid_count_range"":[24,24],""resampling_plan_sha256"":""22e338ef5a1c028306ca7a03b188d650d83f0028ecc282ee953e70e4258651ef"",""squared_discrepancy_standard_error"":1.6055887895330907e-07,""supplied_reference_value"":-0.6005257632922614,""unconditional_squared_discrepancy"":5.943406726077076e-07,""undefined_bootstrap_replicates"":0,""valid"":24}","{""available_functions_missing_cost"":0,""conditioning"":""same finite function estimates as conditional error; all such costs must be complete"",""confidence_interval"":{""high"":11.853664170251822,""low"":11.232786861603229},""function_available"":24,""interval_diagnostics"":{""bca_acceleration"":0.016742908371208943,""bca_adjusted_quantiles"":[0.03175052220693676,0.9808365318219163],""bca_bias_percentile"":0.5086508650865087,""bootstrap_expected_tail_counts"":[317.47347154716067,191.61551831265868],""minimum_valid_repetitions"":20,""resampled_valid_count_range"":[24,24],""resampling_plan_sha256"":""22e338ef5a1c028306ca7a03b188d650d83f0028ecc282ee953e70e4258651ef"",""undefined_bootstrap_replicates"":0},""interval_status"":""available"",""mean_seconds"":11.516672883335787,""output_outcome_counts"":{""infrastructure_interruption"":0,""measurement_available"":0,""not_run"":0,""numerical_failure"":0,""output_failure_unclassified"":0,""resource_failure"":0,""valid"":24},""planned"":24,""plot_error_cost_point"":true,""reference_kind"":""finite_mcmc""}"
q2,cpu-nuts-spawn_chains,4096,ordinary_workflow,24,6,finite_mcmc,-0.6005257632922614,0.00010191246932380079,2.4735964759615693e-07,,,fewer_than_20_valid_repetitions,20.49196591666805,,,fewer_than_20_valid_repetitions,True,"{""claim_type"":""finite_reference_discrepancy"",""conditional_squared_discrepancy"":2.4735964759615693e-07,""confidence_interval"":null,""confidence_level"":0.95,""failed_or_unavailable"":18,""interval_coverage"":""pointwise_conditional_on_supplied_reference"",""interval_method"":""BCa"",""interval_status"":""fewer_than_20_valid_repetitions"",""minimum_valid_repetitions"":20,""observed_estimate_mean"":-0.6002073437450195,""planned"":24,""reference_eligible"":true,""reference_kind"":""finite_mcmc"",""reference_mcse"":0.00010191246932380079,""reference_shift_is_confidence_interval"":false,""reference_shift_max"":4.1870794257237295e-07,""reference_shift_min"":1.5910056384931032e-07,""resampling_plan_sha256"":""22e338ef5a1c028306ca7a03b188d650d83f0028ecc282ee953e70e4258651ef"",""squared_discrepancy_standard_error"":1.6161671820788782e-07,""supplied_reference_value"":-0.6005257632922614,""unconditional_squared_discrepancy"":null,""valid"":6}","{""available_functions_missing_cost"":0,""conditioning"":""same finite function estimates as conditional error; all such costs must be complete"",""confidence_interval"":null,""function_available"":6,""interval_diagnostics"":{""minimum_valid_repetitions"":20,""resampling_plan_sha256"":""22e338ef5a1c028306ca7a03b188d650d83f0028ecc282ee953e70e4258651ef""},""interval_status"":""fewer_than_20_valid_repetitions"",""mean_seconds"":20.49196591666805,""output_outcome_counts"":{""infrastructure_interruption"":0,""measurement_available"":0,""not_run"":0,""numerical_failure"":0,""output_failure_unclassified"":18,""resource_failure"":0,""valid"":6},""planned"":24,""plot_error_cost_point"":true,""reference_kind"":""finite_mcmc""}"
q2,cpu-nuts-spawn_chains,4096,research_execution,24,6,finite_mcmc,-0.6005257632922614,0.00010191246932380079,2.4735964759615693e-07,,,fewer_than_20_valid_repetitions,22.868082866665645,,,fewer_than_20_valid_repetitions,True,"{""claim_type"":""finite_reference_discrepancy"",""conditional_squared_discrepancy"":2.4735964759615693e-07,""confidence_interval"":null,""confidence_level"":0.95,""failed_or_unavailable"":18,""interval_coverage"":""pointwise_conditional_on_supplied_reference"",""interval_method"":""BCa"",""interval_status"":""fewer_than_20_valid_repetitions"",""minimum_valid_repetitions"":20,""observed_estimate_mean"":-0.6002073437450195,""planned"":24,""reference_eligible"":true,""reference_kind"":""finite_mcmc"",""reference_mcse"":0.00010191246932380079,""reference_shift_is_confidence_interval"":false,""reference_shift_max"":4.1870794257237295e-07,""reference_shift_min"":1.5910056384931032e-07,""resampling_plan_sha256"":""22e338ef5a1c028306ca7a03b188d650d83f0028ecc282ee953e70e4258651ef"",""squared_discrepancy_standard_error"":1.6161671820788782e-07,""supplied_reference_value"":-0.6005257632922614,""unconditional_squared_discrepancy"":null,""valid"":6}","{""available_functions_missing_cost"":0,""conditioning"":""same finite function estimates as conditional error; all such costs must be complete"",""confidence_interval"":null,""function_available"":6,""interval_diagnostics"":{""minimum_valid_repetitions"":20,""resampling_plan_sha256"":""22e338ef5a1c028306ca7a03b188d650d83f0028ecc282ee953e70e4258651ef""},""interval_status"":""fewer_than_20_valid_repetitions"",""mean_seconds"":22.868082866665645,""output_outcome_counts"":{""infrastructure_interruption"":0,""measurement_available"":0,""not_run"":0,""numerical_failure"":0,""output_failure_unclassified"":18,""resource_failure"":0,""valid"":6},""planned"":24,""plot_error_cost_point"":true,""reference_kind"":""finite_mcmc""}"
q2,cpu-rwm-online_picard,1024,ordinary_workflow,24,24,finite_mcmc,-0.6005257632922614,0.00010191246932380079,2.571116642277937e-05,1.402421266216974e-05,4.765070370826613e-05,available,5.025548720834043,4.974487704732732,5.084022034211534,available,True,"{""bca_acceleration"":0.0783459041647602,""bca_adjusted_quantiles"":[0.05437841683915993,0.9927773973892209],""bca_bias_percentile"":0.5216521652165217,""bootstrap_expected_tail_counts"":[543.7297899747601,72.21880350518039],""claim_type"":""finite_reference_discrepancy"",""conditional_squared_discrepancy"":2.571116642277937e-05,""confidence_interval"":{""high"":4.765070370826613e-05,""low"":1.402421266216974e-05},""confidence_level"":0.95,""failed_or_unavailable"":0,""interval_coverage"":""pointwise_conditional_on_supplied_reference"",""interval_method"":""BCa"",""interval_status"":""available"",""minimum_valid_repetitions"":20,""observed_estimate_mean"":-0.600283915872037,""planned"":24,""reference_eligible"":true,""reference_kind"":""finite_mcmc"",""reference_mcse"":0.00010191246932380079,""reference_shift_is_confidence_interval"":false,""reference_shift_max"":2.5851300099572658e-05,""reference_shift_min"":2.565412195721545e-05,""resampled_valid_count_range"":[24,24],""resampling_plan_sha256"":""22e338ef5a1c028306ca7a03b188d650d83f0028ecc282ee953e70e4258651ef"",""squared_discrepancy_standard_error"":8.0784061317043e-06,""supplied_reference_value"":-0.6005257632922614,""unconditional_squared_discrepancy"":2.571116642277937e-05,""undefined_bootstrap_replicates"":0,""valid"":24}","{""available_functions_missing_cost"":0,""conditioning"":""same finite function estimates as conditional error; all such costs must be complete"",""confidence_interval"":{""high"":5.084022034211534,""low"":4.974487704732732},""function_available"":24,""interval_diagnostics"":{""bca_acceleration"":0.015632588026159955,""bca_adjusted_quantiles"":[0.028241254169082703,0.978098089157705],""bca_bias_percentile"":0.49884988498849886,""bootstrap_expected_tail_counts"":[282.38430043665795,218.9972065121075],""minimum_valid_repetitions"":20,""resampled_valid_count_range"":[24,24],""resampling_plan_sha256"":""22e338ef5a1c028306ca7a03b188d650d83f0028ecc282ee953e70e4258651ef"",""undefined_bootstrap_replicates"":0},""interval_status"":""available"",""mean_seconds"":5.025548720834043,""output_outcome_counts"":{""infrastructure_interruption"":0,""measurement_available"":0,""not_run"":0,""numerical_failure"":0,""output_failure_unclassified"":0,""resource_failure"":0,""valid"":24},""planned"":24,""plot_error_cost_point"":true,""reference_kind"":""finite_mcmc""}"
q2,cpu-rwm-online_picard,1024,research_execution,24,24,finite_mcmc,-0.6005257632922614,0.00010191246932380079,2.571116642277937e-05,1.402421266216974e-05,4.765070370826613e-05,available,8.165349070835342,8.078967330763241,8.255902973938369,available,True,"{""bca_acceleration"":0.0783459041647602,""bca_adjusted_quantiles"":[0.05437841683915993,0.9927773973892209],""bca_bias_percentile"":0.5216521652165217,""bootstrap_expected_tail_counts"":[543.7297899747601,72.21880350518039],""claim_type"":""finite_reference_discrepancy"",""conditional_squared_discrepancy"":2.571116642277937e-05,""confidence_interval"":{""high"":4.765070370826613e-05,""low"":1.402421266216974e-05},""confidence_level"":0.95,""failed_or_unavailable"":0,""interval_coverage"":""pointwise_conditional_on_supplied_reference"",""interval_method"":""BCa"",""interval_status"":""available"",""minimum_valid_repetitions"":20,""observed_estimate_mean"":-0.600283915872037,""planned"":24,""reference_eligible"":true,""reference_kind"":""finite_mcmc"",""reference_mcse"":0.00010191246932380079,""reference_shift_is_confidence_interval"":false,""reference_shift_max"":2.5851300099572658e-05,""reference_shift_min"":2.565412195721545e-05,""resampled_valid_count_range"":[24,24],""resampling_plan_sha256"":""22e338ef5a1c028306ca7a03b188d650d83f0028ecc282ee953e70e4258651ef"",""squared_discrepancy_standard_error"":8.0784061317043e-06,""supplied_reference_value"":-0.6005257632922614,""unconditional_squared_discrepancy"":2.571116642277937e-05,""undefined_bootstrap_replicates"":0,""valid"":24}","{""available_functions_missing_cost"":0,""conditioning"":""same finite function estimates as conditional error; all such costs must be complete"",""confidence_interval"":{""high"":8.255902973938369,""low"":8.078967330763241},""function_available"":24,""interval_diagnostics"":{""bca_acceleration"":0.003757246116068012,""bca_adjusted_quantiles"":[0.025389016468483603,0.9753896669077576],""bca_bias_percentile"":0.49844984498449846,""bootstrap_expected_tail_counts"":[253.86477566836754,246.0787205893314],""minimum_valid_repetitions"":20,""resampled_valid_count_range"":[24,24],""resampling_plan_sha256"":""22e338ef5a1c028306ca7a03b188d650d83f0028ecc282ee953e70e4258651ef"",""undefined_bootstrap_replicates"":0},""interval_status"":""available"",""mean_seconds"":8.165349070835342,""output_outcome_counts"":{""infrastructure_interruption"":0,""measurement_available"":0,""not_run"":0,""numerical_failure"":0,""output_failure_unclassified"":0,""resource_failure"":0,""valid"":24},""planned"":24,""plot_error_cost_point"":true,""reference_kind"":""finite_mcmc""}"
q2,cpu-rwm-online_picard,4096,ordinary_workflow,24,24,finite_mcmc,-0.6005257632922614,0.00010191246932380079,4.9725858714496954e-06,2.986027308537084e-06,9.214958289211056e-06,available,10.946438191669813,10.746506678604309,11.152406282113693,available,True,"{""bca_acceleration"":0.08432210031710283,""bca_adjusted_quantiles"":[0.06202177578096218,0.9946199627474801],""bca_bias_percentile"":0.532953295329533,""bootstrap_expected_tail_counts"":[620.1557360338409,53.79499248794646],""claim_type"":""finite_reference_discrepancy"",""conditional_squared_discrepancy"":4.9725858714496954e-06,""confidence_interval"":{""high"":9.214958289211056e-06,""low"":2.986027308537084e-06},""confidence_level"":0.95,""failed_or_unavailable"":0,""interval_coverage"":""pointwise_conditional_on_supplied_reference"",""interval_method"":""BCa"",""interval_status"":""available"",""minimum_valid_repetitions"":20,""observed_estimate_mean"":-0.6003017711031877,""planned"":24,""reference_eligible"":true,""reference_kind"":""finite_mcmc"",""reference_mcse"":0.00010191246932380079,""reference_shift_is_confidence_interval"":false,""reference_shift_max"":5.105440865455338e-06,""reference_shift_min"":4.922820088673422e-06,""resampled_valid_count_range"":[24,24],""resampling_plan_sha256"":""22e338ef5a1c028306ca7a03b188d650d83f0028ecc282ee953e70e4258651ef"",""squared_discrepancy_standard_error"":1.417834902458675e-06,""supplied_reference_value"":-0.6005257632922614,""unconditional_squared_discrepancy"":4.9725858714496954e-06,""undefined_bootstrap_replicates"":0,""valid"":24}","{""available_functions_missing_cost"":0,""conditioning"":""same finite function estimates as conditional error; all such costs must be complete"",""confidence_interval"":{""high"":11.152406282113693,""low"":10.746506678604309},""function_available"":24,""interval_diagnostics"":{""bca_acceleration"":0.002280557147408434,""bca_adjusted_quantiles"":[0.025204120122087153,0.9752045465885121],""bca_bias_percentile"":0.49894989498949893,""bootstrap_expected_tail_counts"":[252.01599710074944,247.92973866146772],""minimum_valid_repetitions"":20,""resampled_valid_count_range"":[24,24],""resampling_plan_sha256"":""22e338ef5a1c028306ca7a03b188d650d83f0028ecc282ee953e70e4258651ef"",""undefined_bootstrap_replicates"":0},""interval_status"":""available"",""mean_seconds"":10.946438191669813,""output_outcome_counts"":{""infrastructure_interruption"":0,""measurement_available"":0,""not_run"":0,""numerical_failure"":0,""output_failure_unclassified"":0,""resource_failure"":0,""valid"":24},""planned"":24,""plot_error_cost_point"":true,""reference_kind"":""finite_mcmc""}"
q2,cpu-rwm-online_picard,4096,research_execution,24,24,finite_mcmc,-0.6005257632922614,0.00010191246932380079,4.9725858714496954e-06,2.986027308537084e-06,9.214958289211056e-06,available,15.912712170829687,15.671332665747167,16.155775356117463,available,True,"{""bca_acceleration"":0.08432210031710283,""bca_adjusted_quantiles"":[0.06202177578096218,0.9946199627474801],""bca_bias_percentile"":0.532953295329533,""bootstrap_expected_tail_counts"":[620.1557360338409,53.79499248794646],""claim_type"":""finite_reference_discrepancy"",""conditional_squared_discrepancy"":4.9725858714496954e-06,""confidence_interval"":{""high"":9.214958289211056e-06,""low"":2.986027308537084e-06},""confidence_level"":0.95,""failed_or_unavailable"":0,""interval_coverage"":""pointwise_conditional_on_supplied_reference"",""interval_method"":""BCa"",""interval_status"":""available"",""minimum_valid_repetitions"":20,""observed_estimate_mean"":-0.6003017711031877,""planned"":24,""reference_eligible"":true,""reference_kind"":""finite_mcmc"",""reference_mcse"":0.00010191246932380079,""reference_shift_is_confidence_interval"":false,""reference_shift_max"":5.105440865455338e-06,""reference_shift_min"":4.922820088673422e-06,""resampled_valid_count_range"":[24,24],""resampling_plan_sha256"":""22e338ef5a1c028306ca7a03b188d650d83f0028ecc282ee953e70e4258651ef"",""squared_discrepancy_standard_error"":1.417834902458675e-06,""supplied_reference_value"":-0.6005257632922614,""unconditional_squared_discrepancy"":4.9725858714496954e-06,""undefined_bootstrap_replicates"":0,""valid"":24}","{""available_functions_missing_cost"":0,""conditioning"":""same finite function estimates as conditional error; all such costs must be complete"",""confidence_interval"":{""high"":16.155775356117463,""low"":15.671332665747167},""function_available"":24,""interval_diagnostics"":{""bca_acceleration"":-0.0008447697967071724,""bca_adjusted_quantiles"":[0.02470872507846795,0.9747068290490699],""bca_bias_percentile"":0.49964996499649966,""bootstrap_expected_tail_counts"":[247.06254205960104,252.90641633834994],""minimum_valid_repetitions"":20,""resampled_valid_count_range"":[24,24],""resampling_plan_sha256"":""22e338ef5a1c028306ca7a03b188d650d83f0028ecc282ee953e70e4258651ef"",""undefined_bootstrap_replicates"":0},""interval_status"":""available"",""mean_seconds"":15.912712170829687,""output_outcome_counts"":{""infrastructure_interruption"":0,""measurement_available"":0,""not_run"":0,""numerical_failure"":0,""output_failure_unclassified"":0,""resource_failure"":0,""valid"":24},""planned"":24,""plot_error_cost_point"":true,""reference_kind"":""finite_mcmc""}"
q2,cpu-rwm-sequential,1024,ordinary_workflow,24,24,finite_mcmc,-0.6005257632922614,0.00010191246932380079,2.5711166422779564e-05,1.4024212662169858e-05,4.765070370826632e-05,available,3.3117422833374803,3.3012515067574246,3.321665904815506,available,True,"{""bca_acceleration"":0.07834590416475977,""bca_adjusted_quantiles"":[0.05437841683915979,0.9927773973892208],""bca_bias_percentile"":0.5216521652165217,""bootstrap_expected_tail_counts"":[543.7297899747588,72.2188035051815],""claim_type"":""finite_reference_discrepancy"",""conditional_squared_discrepancy"":2.5711166422779564e-05,""confidence_interval"":{""high"":4.765070370826632e-05,""low"":1.4024212662169858e-05},""confidence_level"":0.95,""failed_or_unavailable"":0,""interval_coverage"":""pointwise_conditional_on_supplied_reference"",""interval_method"":""BCa"",""interval_status"":""available"",""minimum_valid_repetitions"":20,""observed_estimate_mean"":-0.600283915872037,""planned"":24,""reference_eligible"":true,""reference_kind"":""finite_mcmc"",""reference_mcse"":0.00010191246932380079,""reference_shift_is_confidence_interval"":false,""reference_shift_max"":2.5851300099572857e-05,""reference_shift_min"":2.5654121957215643e-05,""resampled_valid_count_range"":[24,24],""resampling_plan_sha256"":""22e338ef5a1c028306ca7a03b188d650d83f0028ecc282ee953e70e4258651ef"",""squared_discrepancy_standard_error"":8.078406131704325e-06,""supplied_reference_value"":-0.6005257632922614,""unconditional_squared_discrepancy"":2.5711166422779564e-05,""undefined_bootstrap_replicates"":0,""valid"":24}","{""available_functions_missing_cost"":0,""conditioning"":""same finite function estimates as conditional error; all such costs must be complete"",""confidence_interval"":{""high"":3.321665904815506,""low"":3.3012515067574246},""function_available"":24,""interval_diagnostics"":{""bca_acceleration"":-0.007359641527567808,""bca_adjusted_quantiles"":[0.022308998496561466,0.9721299960696193],""bca_bias_percentile"":0.4961496149614962,""bootstrap_expected_tail_counts"":[223.0676759671181,278.6721692998771],""minimum_valid_repetitions"":20,""resampled_valid_count_range"":[24,24],""resampling_plan_sha256"":""22e338ef5a1c028306ca7a03b188d650d83f0028ecc282ee953e70e4258651ef"",""undefined_bootstrap_replicates"":0},""interval_status"":""available"",""mean_seconds"":3.3117422833374803,""output_outcome_counts"":{""infrastructure_interruption"":0,""measurement_available"":0,""not_run"":0,""numerical_failure"":0,""output_failure_unclassified"":0,""resource_failure"":0,""valid"":24},""planned"":24,""plot_error_cost_point"":true,""reference_kind"":""finite_mcmc""}"
q2,cpu-rwm-sequential,1024,research_execution,24,24,finite_mcmc,-0.6005257632922614,0.00010191246932380079,2.5711166422779564e-05,1.4024212662169858e-05,4.765070370826632e-05,available,6.467327408331964,6.4425658701692745,6.495527640577645,available,True,"{""bca_acceleration"":0.07834590416475977,""bca_adjusted_quantiles"":[0.05437841683915979,0.9927773973892208],""bca_bias_percentile"":0.5216521652165217,""bootstrap_expected_tail_counts"":[543.7297899747588,72.2188035051815],""claim_type"":""finite_reference_discrepancy"",""conditional_squared_discrepancy"":2.5711166422779564e-05,""confidence_interval"":{""high"":4.765070370826632e-05,""low"":1.4024212662169858e-05},""confidence_level"":0.95,""failed_or_unavailable"":0,""interval_coverage"":""pointwise_conditional_on_supplied_reference"",""interval_method"":""BCa"",""interval_status"":""available"",""minimum_valid_repetitions"":20,""observed_estimate_mean"":-0.600283915872037,""planned"":24,""reference_eligible"":true,""reference_kind"":""finite_mcmc"",""reference_mcse"":0.00010191246932380079,""reference_shift_is_confidence_interval"":false,""reference_shift_max"":2.5851300099572857e-05,""reference_shift_min"":2.5654121957215643e-05,""resampled_valid_count_range"":[24,24],""resampling_plan_sha256"":""22e338ef5a1c028306ca7a03b188d650d83f0028ecc282ee953e70e4258651ef"",""squared_discrepancy_standard_error"":8.078406131704325e-06,""supplied_reference_value"":-0.6005257632922614,""unconditional_squared_discrepancy"":2.5711166422779564e-05,""undefined_bootstrap_replicates"":0,""valid"":24}","{""available_functions_missing_cost"":0,""conditioning"":""same finite function estimates as conditional error; all such costs must be complete"",""confidence_interval"":{""high"":6.495527640577645,""low"":6.4425658701692745},""function_available"":24,""interval_diagnostics"":{""bca_acceleration"":0.013314514918405282,""bca_adjusted_quantiles"":[0.030083750711513712,0.9795564657242039],""bca_bias_percentile"":0.5062506250625063,""bootstrap_expected_tail_counts"":[300.80742336442563,204.4148992236857],""minimum_valid_repetitions"":20,""resampled_valid_count_range"":[24,24],""resampling_plan_sha256"":""22e338ef5a1c028306ca7a03b188d650d83f0028ecc282ee953e70e4258651ef"",""undefined_bootstrap_replicates"":0},""interval_status"":""available"",""mean_seconds"":6.467327408331964,""output_outcome_counts"":{""infrastructure_interruption"":0,""measurement_available"":0,""not_run"":0,""numerical_failure"":0,""output_failure_unclassified"":0,""resource_failure"":0,""valid"":24},""planned"":24,""plot_error_cost_point"":true,""reference_kind"":""finite_mcmc""}"
q2,cpu-rwm-sequential,4096,ordinary_workflow,24,24,finite_mcmc,-0.6005257632922614,0.00010191246932380079,4.972585871449448e-06,2.9860273085370242e-06,9.214958289209956e-06,available,5.640719370836147,5.585629776883597,5.703465009096276,available,True,"{""bca_acceleration"":0.08432210031708923,""bca_adjusted_quantiles"":[0.06202177578095781,0.9946199627474788],""bca_bias_percentile"":0.532953295329533,""bootstrap_expected_tail_counts"":[620.1557360337971,53.79499248795978],""claim_type"":""finite_reference_discrepancy"",""conditional_squared_discrepancy"":4.972585871449448e-06,""confidence_interval"":{""high"":9.214958289209956e-06,""low"":2.9860273085370242e-06},""confidence_level"":0.95,""failed_or_unavailable"":0,""interval_coverage"":""pointwise_conditional_on_supplied_reference"",""interval_method"":""BCa"",""interval_status"":""available"",""minimum_valid_repetitions"":20,""observed_estimate_mean"":-0.6003017711031876,""planned"":24,""reference_eligible"":true,""reference_kind"":""finite_mcmc"",""reference_mcse"":0.00010191246932380079,""reference_shift_is_confidence_interval"":false,""reference_shift_max"":5.105440865455119e-06,""reference_shift_min"":4.922820088673147e-06,""resampled_valid_count_range"":[24,24],""resampling_plan_sha256"":""22e338ef5a1c028306ca7a03b188d650d83f0028ecc282ee953e70e4258651ef"",""squared_discrepancy_standard_error"":1.4178349024585042e-06,""supplied_reference_value"":-0.6005257632922614,""unconditional_squared_discrepancy"":4.972585871449448e-06,""undefined_bootstrap_replicates"":0,""valid"":24}","{""available_functions_missing_cost"":0,""conditioning"":""same finite function estimates as conditional error; all such costs must be complete"",""confidence_interval"":{""high"":5.703465009096276,""low"":5.585629776883597},""function_available"":24,""interval_diagnostics"":{""bca_acceleration"":0.015587433976724366,""bca_adjusted_quantiles"":[0.029710393028388314,0.9793040176385499],""bca_bias_percentile"":0.5034503450345035,""bootstrap_expected_tail_counts"":[297.07421989085475,206.93912763213947],""minimum_valid_repetitions"":20,""resampled_valid_count_range"":[24,24],""resampling_plan_sha256"":""22e338ef5a1c028306ca7a03b188d650d83f0028ecc282ee953e70e4258651ef"",""undefined_bootstrap_replicates"":0},""interval_status"":""available"",""mean_seconds"":5.640719370836147,""output_outcome_counts"":{""infrastructure_interruption"":0,""measurement_available"":0,""not_run"":0,""numerical_failure"":0,""output_failure_unclassified"":0,""resource_failure"":0,""valid"":24},""planned"":24,""plot_error_cost_point"":true,""reference_kind"":""finite_mcmc""}"
q2,cpu-rwm-sequential,4096,research_execution,24,24,finite_mcmc,-0.6005257632922614,0.00010191246932380079,4.972585871449448e-06,2.9860273085370242e-06,9.214958289209956e-06,available,10.582119074997422,10.512989349540932,10.665384011514798,available,True,"{""bca_acceleration"":0.08432210031708923,""bca_adjusted_quantiles"":[0.06202177578095781,0.9946199627474788],""bca_bias_percentile"":0.532953295329533,""bootstrap_expected_tail_counts"":[620.1557360337971,53.79499248795978],""claim_type"":""finite_reference_discrepancy"",""conditional_squared_discrepancy"":4.972585871449448e-06,""confidence_interval"":{""high"":9.214958289209956e-06,""low"":2.9860273085370242e-06},""confidence_level"":0.95,""failed_or_unavailable"":0,""interval_coverage"":""pointwise_conditional_on_supplied_reference"",""interval_method"":""BCa"",""interval_status"":""available"",""minimum_valid_repetitions"":20,""observed_estimate_mean"":-0.6003017711031876,""planned"":24,""reference_eligible"":true,""reference_kind"":""finite_mcmc"",""reference_mcse"":0.00010191246932380079,""reference_shift_is_confidence_interval"":false,""reference_shift_max"":5.105440865455119e-06,""reference_shift_min"":4.922820088673147e-06,""resampled_valid_count_range"":[24,24],""resampling_plan_sha256"":""22e338ef5a1c028306ca7a03b188d650d83f0028ecc282ee953e70e4258651ef"",""squared_discrepancy_standard_error"":1.4178349024585042e-06,""supplied_reference_value"":-0.6005257632922614,""unconditional_squared_discrepancy"":4.972585871449448e-06,""undefined_bootstrap_replicates"":0,""valid"":24}","{""available_functions_missing_cost"":0,""conditioning"":""same finite function estimates as conditional error; all such costs must be complete"",""confidence_interval"":{""high"":10.665384011514798,""low"":10.512989349540932},""function_available"":24,""interval_diagnostics"":{""bca_acceleration"":0.020740724243351993,""bca_adjusted_quantiles"":[0.03272556212666805,0.9815898725467109],""bca_bias_percentile"":0.5085508550855086,""bootstrap_expected_tail_counts"":[327.2228957045538,184.08286440543742],""minimum_valid_repetitions"":20,""resampled_valid_count_range"":[24,24],""resampling_plan_sha256"":""22e338ef5a1c028306ca7a03b188d650d83f0028ecc282ee953e70e4258651ef"",""undefined_bootstrap_replicates"":0},""interval_status"":""available"",""mean_seconds"":10.582119074997422,""output_outcome_counts"":{""infrastructure_interruption"":0,""measurement_available"":0,""not_run"":0,""numerical_failure"":0,""output_failure_unclassified"":0,""resource_failure"":0,""valid"":24},""planned"":24,""plot_error_cost_point"":true,""reference_kind"":""finite_mcmc""}"
q2,cuda-mala-quasi_deer,1024,ordinary_workflow,24,24,finite_mcmc,-0.6005257632922614,0.00010191246932380079,2.9917025068665127e-06,1.9114960120157813e-06,4.526018340490114e-06,available,24.57101335416674,24.29193645294084,24.737848500979506,available,True,"{""bca_acceleration"":0.041200198211565627,""bca_adjusted_quantiles"":[0.040629469976642935,0.9866065011312084],""bca_bias_percentile"":0.515051505150515,""bootstrap_expected_tail_counts"":[406.2540702964527,133.9215951890472],""claim_type"":""finite_reference_discrepancy"",""conditional_squared_discrepancy"":2.9917025068665127e-06,""confidence_interval"":{""high"":4.526018340490114e-06,""low"":1.9114960120157813e-06},""confidence_level"":0.95,""failed_or_unavailable"":0,""interval_coverage"":""pointwise_conditional_on_supplied_reference"",""interval_method"":""BCa"",""interval_status"":""available"",""minimum_valid_repetitions"":20,""observed_estimate_mean"":-0.6007408742420719,""planned"":24,""reference_eligible"":true,""reference_kind"":""finite_mcmc"",""reference_mcse"":0.00010191246932380079,""reference_shift_is_confidence_interval"":false,""reference_shift_max"":3.120937064776295e-06,""reference_shift_min"":2.9455571601861e-06,""resampled_valid_count_range"":[24,24],""resampling_plan_sha256"":""22e338ef5a1c028306ca7a03b188d650d83f0028ecc282ee953e70e4258651ef"",""squared_discrepancy_standard_error"":6.647052529662254e-07,""supplied_reference_value"":-0.6005257632922614,""unconditional_squared_discrepancy"":2.9917025068665127e-06,""undefined_bootstrap_replicates"":0,""valid"":24}","{""available_functions_missing_cost"":0,""conditioning"":""same finite function estimates as conditional error; all such costs must be complete"",""confidence_interval"":{""high"":24.737848500979506,""low"":24.29193645294084},""function_available"":24,""interval_diagnostics"":{""bca_acceleration"":-0.05443043150078718,""bca_adjusted_quantiles"":[0.008838229465447458,0.9481752823951903],""bca_bias_percentile"":0.46854685468546853,""bootstrap_expected_tail_counts"":[88.37345642500914,518.1953513304918],""minimum_valid_repetitions"":20,""resampled_valid_count_range"":[24,24],""resampling_plan_sha256"":""22e338ef5a1c028306ca7a03b188d650d83f0028ecc282ee953e70e4258651ef"",""undefined_bootstrap_replicates"":0},""interval_status"":""available"",""mean_seconds"":24.57101335416674,""output_outcome_counts"":{""infrastructure_interruption"":0,""measurement_available"":0,""not_run"":0,""numerical_failure"":0,""output_failure_unclassified"":0,""resource_failure"":0,""valid"":24},""planned"":24,""plot_error_cost_point"":true,""reference_kind"":""finite_mcmc""}"
q2,cuda-mala-quasi_deer,1024,research_execution,24,24,finite_mcmc,-0.6005257632922614,0.00010191246932380079,2.9917025068665127e-06,1.9114960120157813e-06,4.526018340490114e-06,available,28.712666933336283,28.452855646531976,28.87961754206757,available,True,"{""bca_acceleration"":0.041200198211565627,""bca_adjusted_quantiles"":[0.040629469976642935,0.9866065011312084],""bca_bias_percentile"":0.515051505150515,""bootstrap_expected_tail_counts"":[406.2540702964527,133.9215951890472],""claim_type"":""finite_reference_discrepancy"",""conditional_squared_discrepancy"":2.9917025068665127e-06,""confidence_interval"":{""high"":4.526018340490114e-06,""low"":1.9114960120157813e-06},""confidence_level"":0.95,""failed_or_unavailable"":0,""interval_coverage"":""pointwise_conditional_on_supplied_reference"",""interval_method"":""BCa"",""interval_status"":""available"",""minimum_valid_repetitions"":20,""observed_estimate_mean"":-0.6007408742420719,""planned"":24,""reference_eligible"":true,""reference_kind"":""finite_mcmc"",""reference_mcse"":0.00010191246932380079,""reference_shift_is_confidence_interval"":false,""reference_shift_max"":3.120937064776295e-06,""reference_shift_min"":2.9455571601861e-06,""resampled_valid_count_range"":[24,24],""resampling_plan_sha256"":""22e338ef5a1c028306ca7a03b188d650d83f0028ecc282ee953e70e4258651ef"",""squared_discrepancy_standard_error"":6.647052529662254e-07,""supplied_reference_value"":-0.6005257632922614,""unconditional_squared_discrepancy"":2.9917025068665127e-06,""undefined_bootstrap_replicates"":0,""valid"":24}","{""available_functions_missing_cost"":0,""conditioning"":""same finite function estimates as conditional error; all such costs must be complete"",""confidence_interval"":{""high"":28.87961754206757,""low"":28.452855646531976},""function_available"":24,""interval_diagnostics"":{""bca_acceleration"":-0.0457386828587446,""bca_adjusted_quantiles"":[0.010376090286409092,0.9521076222921147],""bca_bias_percentile"":0.47124712471247127,""bootstrap_expected_tail_counts"":[103.75052677380451,478.8758847011456],""minimum_valid_repetitions"":20,""resampled_valid_count_range"":[24,24],""resampling_plan_sha256"":""22e338ef5a1c028306ca7a03b188d650d83f0028ecc282ee953e70e4258651ef"",""undefined_bootstrap_replicates"":0},""interval_status"":""available"",""mean_seconds"":28.712666933336283,""output_outcome_counts"":{""infrastructure_interruption"":0,""measurement_available"":0,""not_run"":0,""numerical_failure"":0,""output_failure_unclassified"":0,""resource_failure"":0,""valid"":24},""planned"":24,""plot_error_cost_point"":true,""reference_kind"":""finite_mcmc""}"
q2,cuda-mala-quasi_deer,4096,ordinary_workflow,24,24,finite_mcmc,-0.6005257632922614,0.00010191246932380079,6.208546674788965e-07,3.731241862648242e-07,1.047428997573236e-06,available,66.325458870834,65.68306965605305,66.77295669412858,available,True,"{""bca_acceleration"":0.06687280299997493,""bca_adjusted_quantiles"":[0.05040967201584858,0.9912415064794636],""bca_bias_percentile"":0.5205520552055205,""bootstrap_expected_tail_counts"":[504.04631048646996,87.57617671184316],""claim_type"":""finite_reference_discrepancy"",""conditional_squared_discrepancy"":6.208546674788965e-07,""confidence_interval"":{""high"":1.047428997573236e-06,""low"":3.731241862648242e-07},""confidence_level"":0.95,""failed_or_unavailable"":0,""interval_coverage"":""pointwise_conditional_on_supplied_reference"",""interval_method"":""BCa"",""interval_status"":""available"",""minimum_valid_repetitions"":20,""observed_estimate_mean"":-0.6004982914817244,""planned"":24,""reference_eligible"":true,""reference_kind"":""finite_mcmc"",""reference_mcse"":0.00010191246932380079,""reference_shift_is_confidence_interval"":false,""reference_shift_max"":6.735981532880493e-07,""reference_shift_min"":6.200999671047177e-07,""resampled_valid_count_range"":[24,24],""resampling_plan_sha256"":""22e338ef5a1c028306ca7a03b188d650d83f0028ecc282ee953e70e4258651ef"",""squared_discrepancy_standard_error"":1.6533003443077227e-07,""supplied_reference_value"":-0.6005257632922614,""unconditional_squared_discrepancy"":6.208546674788965e-07,""undefined_bootstrap_replicates"":0,""valid"":24}","{""available_functions_missing_cost"":0,""conditioning"":""same finite function estimates as conditional error; all such costs must be complete"",""confidence_interval"":{""high"":66.77295669412858,""low"":65.68306965605305},""function_available"":24,""interval_diagnostics"":{""bca_acceleration"":-0.04612391583557127,""bca_adjusted_quantiles"":[0.012713214796819198,0.9582489439300618],""bca_bias_percentile"":0.48554855485548554,""bootstrap_expected_tail_counts"":[127.11943475339515,417.46880964331234],""minimum_valid_repetitions"":20,""resampled_valid_count_range"":[24,24],""resampling_plan_sha256"":""22e338ef5a1c028306ca7a03b188d650d83f0028ecc282ee953e70e4258651ef"",""undefined_bootstrap_replicates"":0},""interval_status"":""available"",""mean_seconds"":66.325458870834,""output_outcome_counts"":{""infrastructure_interruption"":0,""measurement_available"":0,""not_run"":0,""numerical_failure"":0,""output_failure_unclassified"":0,""resource_failure"":0,""valid"":24},""planned"":24,""plot_error_cost_point"":true,""reference_kind"":""finite_mcmc""}"
q2,cuda-mala-quasi_deer,4096,research_execution,24,24,finite_mcmc,-0.6005257632922614,0.00010191246932380079,6.208546674788965e-07,3.731241862648242e-07,1.047428997573236e-06,available,74.17758755833142,73.56922610110263,74.58431071107958,available,True,"{""bca_acceleration"":0.06687280299997493,""bca_adjusted_quantiles"":[0.05040967201584858,0.9912415064794636],""bca_bias_percentile"":0.5205520552055205,""bootstrap_expected_tail_counts"":[504.04631048646996,87.57617671184316],""claim_type"":""finite_reference_discrepancy"",""conditional_squared_discrepancy"":6.208546674788965e-07,""confidence_interval"":{""high"":1.047428997573236e-06,""low"":3.731241862648242e-07},""confidence_level"":0.95,""failed_or_unavailable"":0,""interval_coverage"":""pointwise_conditional_on_supplied_reference"",""interval_method"":""BCa"",""interval_status"":""available"",""minimum_valid_repetitions"":20,""observed_estimate_mean"":-0.6004982914817244,""planned"":24,""reference_eligible"":true,""reference_kind"":""finite_mcmc"",""reference_mcse"":0.00010191246932380079,""reference_shift_is_confidence_interval"":false,""reference_shift_max"":6.735981532880493e-07,""reference_shift_min"":6.200999671047177e-07,""resampled_valid_count_range"":[24,24],""resampling_plan_sha256"":""22e338ef5a1c028306ca7a03b188d650d83f0028ecc282ee953e70e4258651ef"",""squared_discrepancy_standard_error"":1.6533003443077227e-07,""supplied_reference_value"":-0.6005257632922614,""unconditional_squared_discrepancy"":6.208546674788965e-07,""undefined_bootstrap_replicates"":0,""valid"":24}","{""available_functions_missing_cost"":0,""conditioning"":""same finite function estimates as conditional error; all such costs must be complete"",""confidence_interval"":{""high"":74.58431071107958,""low"":73.56922610110263},""function_available"":24,""interval_diagnostics"":{""bca_acceleration"":-0.050539761139075615,""bca_adjusted_quantiles"":[0.011830467955246764,0.9565503572918163],""bca_bias_percentile"":0.48444844484448446,""bootstrap_expected_tail_counts"":[118.2928490845124,434.45297743912926],""minimum_valid_repetitions"":20,""resampled_valid_count_range"":[24,24],""resampling_plan_sha256"":""22e338ef5a1c028306ca7a03b188d650d83f0028ecc282ee953e70e4258651ef"",""undefined_bootstrap_replicates"":0},""interval_status"":""available"",""mean_seconds"":74.17758755833142,""output_outcome_counts"":{""infrastructure_interruption"":0,""measurement_available"":0,""not_run"":0,""numerical_failure"":0,""output_failure_unclassified"":0,""resource_failure"":0,""valid"":24},""planned"":24,""plot_error_cost_point"":true,""reference_kind"":""finite_mcmc""}"
q2,cuda-mala-sequential,1024,ordinary_workflow,24,24,finite_mcmc,-0.6005257632922614,0.00010191246932380079,2.9917025068717283e-06,1.91149601202202e-06,4.526018340500808e-06,available,7.902306066668189,7.85796974180756,7.947000704485668,available,True,"{""bca_acceleration"":0.04120019821156269,""bca_adjusted_quantiles"":[0.04062946997664213,0.986606501131208],""bca_bias_percentile"":0.515051505150515,""bootstrap_expected_tail_counts"":[406.25407029644464,133.92159518905163],""claim_type"":""finite_reference_discrepancy"",""conditional_squared_discrepancy"":2.9917025068717283e-06,""confidence_interval"":{""high"":4.526018340500808e-06,""low"":1.91149601202202e-06},""confidence_level"":0.95,""failed_or_unavailable"":0,""interval_coverage"":""pointwise_conditional_on_supplied_reference"",""interval_method"":""BCa"",""interval_status"":""available"",""minimum_valid_repetitions"":20,""observed_estimate_mean"":-0.6007408742420748,""planned"":24,""reference_eligible"":true,""reference_kind"":""finite_mcmc"",""reference_mcse"":0.00010191246932380079,""reference_shift_is_confidence_interval"":false,""reference_shift_max"":3.1209370647826794e-06,""reference_shift_min"":2.9455571601901464e-06,""resampled_valid_count_range"":[24,24],""resampling_plan_sha256"":""22e338ef5a1c028306ca7a03b188d650d83f0028ecc282ee953e70e4258651ef"",""squared_discrepancy_standard_error"":6.647052529650264e-07,""supplied_reference_value"":-0.6005257632922614,""unconditional_squared_discrepancy"":2.9917025068717283e-06,""undefined_bootstrap_replicates"":0,""valid"":24}","{""available_functions_missing_cost"":0,""conditioning"":""same finite function estimates as conditional error; all such costs must be complete"",""confidence_interval"":{""high"":7.947000704485668,""low"":7.85796974180756},""function_available"":24,""interval_diagnostics"":{""bca_acceleration"":0.0017448964292301377,""bca_adjusted_quantiles"":[0.02591520755381355,0.9758939558769454],""bca_bias_percentile"":0.5017501750175017,""bootstrap_expected_tail_counts"":[259.1261603305817,241.0363351864231],""minimum_valid_repetitions"":20,""resampled_valid_count_range"":[24,24],""resampling_plan_sha256"":""22e338ef5a1c028306ca7a03b188d650d83f0028ecc282ee953e70e4258651ef"",""undefined_bootstrap_replicates"":0},""interval_status"":""available"",""mean_seconds"":7.902306066668189,""output_outcome_counts"":{""infrastructure_interruption"":0,""measurement_available"":0,""not_run"":0,""numerical_failure"":0,""output_failure_unclassified"":0,""resource_failure"":0,""valid"":24},""planned"":24,""plot_error_cost_point"":true,""reference_kind"":""finite_mcmc""}"
q2,cuda-mala-sequential,1024,research_execution,24,24,finite_mcmc,-0.6005257632922614,0.00010191246932380079,2.9917025068717283e-06,1.91149601202202e-06,4.526018340500808e-06,available,12.076994266664087,12.013061952189778,12.205906574186104,available,True,"{""bca_acceleration"":0.04120019821156269,""bca_adjusted_quantiles"":[0.04062946997664213,0.986606501131208],""bca_bias_percentile"":0.515051505150515,""bootstrap_expected_tail_counts"":[406.25407029644464,133.92159518905163],""claim_type"":""finite_reference_discrepancy"",""conditional_squared_discrepancy"":2.9917025068717283e-06,""confidence_interval"":{""high"":4.526018340500808e-06,""low"":1.91149601202202e-06},""confidence_level"":0.95,""failed_or_unavailable"":0,""interval_coverage"":""pointwise_conditional_on_supplied_reference"",""interval_method"":""BCa"",""interval_status"":""available"",""minimum_valid_repetitions"":20,""observed_estimate_mean"":-0.6007408742420748,""planned"":24,""reference_eligible"":true,""reference_kind"":""finite_mcmc"",""reference_mcse"":0.00010191246932380079,""reference_shift_is_confidence_interval"":false,""reference_shift_max"":3.1209370647826794e-06,""reference_shift_min"":2.9455571601901464e-06,""resampled_valid_count_range"":[24,24],""resampling_plan_sha256"":""22e338ef5a1c028306ca7a03b188d650d83f0028ecc282ee953e70e4258651ef"",""squared_discrepancy_standard_error"":6.647052529650264e-07,""supplied_reference_value"":-0.6005257632922614,""unconditional_squared_discrepancy"":2.9917025068717283e-06,""undefined_bootstrap_replicates"":0,""valid"":24}","{""available_functions_missing_cost"":0,""conditioning"":""same finite function estimates as conditional error; all such costs must be complete"",""confidence_interval"":{""high"":12.205906574186104,""low"":12.013061952189778},""function_available"":24,""interval_diagnostics"":{""bca_acceleration"":0.07758770864551418,""bca_adjusted_quantiles"":[0.057074530346287664,0.9933815771328292],""bca_bias_percentile"":0.5275527552755276,""bootstrap_expected_tail_counts"":[570.6882289325304,66.1776102488413],""minimum_valid_repetitions"":20,""resampled_valid_count_range"":[24,24],""resampling_plan_sha256"":""22e338ef5a1c028306ca7a03b188d650d83f0028ecc282ee953e70e4258651ef"",""undefined_bootstrap_replicates"":0},""interval_status"":""available"",""mean_seconds"":12.076994266664087,""output_outcome_counts"":{""infrastructure_interruption"":0,""measurement_available"":0,""not_run"":0,""numerical_failure"":0,""output_failure_unclassified"":0,""resource_failure"":0,""valid"":24},""planned"":24,""plot_error_cost_point"":true,""reference_kind"":""finite_mcmc""}"
q2,cuda-mala-sequential,4096,ordinary_workflow,24,24,finite_mcmc,-0.6005257632922614,0.00010191246932380079,6.208546674791107e-07,3.731241862643308e-07,1.0474289975754754e-06,available,16.58595472916731,16.499938008782284,16.657691191552598,available,True,"{""bca_acceleration"":0.06687280300034934,""bca_adjusted_quantiles"":[0.05040967201595989,0.9912415064795116],""bca_bias_percentile"":0.5205520552055205,""bootstrap_expected_tail_counts"":[504.0463104875829,87.5761767113636],""claim_type"":""finite_reference_discrepancy"",""conditional_squared_discrepancy"":6.208546674791107e-07,""confidence_interval"":{""high"":1.0474289975754754e-06,""low"":3.731241862643308e-07},""confidence_level"":0.95,""failed_or_unavailable"":0,""interval_coverage"":""pointwise_conditional_on_supplied_reference"",""interval_method"":""BCa"",""interval_status"":""available"",""minimum_valid_repetitions"":20,""observed_estimate_mean"":-0.6004982914817271,""planned"":24,""reference_eligible"":true,""reference_kind"":""finite_mcmc"",""reference_mcse"":0.00010191246932380079,""reference_shift_is_confidence_interval"":false,""reference_shift_max"":6.735981532871736e-07,""reference_shift_min"":6.200999671050789e-07,""resampled_valid_count_range"":[24,24],""resampling_plan_sha256"":""22e338ef5a1c028306ca7a03b188d650d83f0028ecc282ee953e70e4258651ef"",""squared_discrepancy_standard_error"":1.6533003443105788e-07,""supplied_reference_value"":-0.6005257632922614,""unconditional_squared_discrepancy"":6.208546674791107e-07,""undefined_bootstrap_replicates"":0,""valid"":24}","{""available_functions_missing_cost"":0,""conditioning"":""same finite function estimates as conditional error; all such costs must be complete"",""confidence_interval"":{""high"":16.657691191552598,""low"":16.499938008782284},""function_available"":24,""interval_diagnostics"":{""bca_acceleration"":-0.019193571319690676,""bca_adjusted_quantiles"":[0.017122304951257283,0.965173160966388],""bca_bias_percentile"":0.48454845484548453,""bootstrap_expected_tail_counts"":[171.20592720762156,348.2335634970858],""minimum_valid_repetitions"":20,""resampled_valid_count_range"":[24,24],""resampling_plan_sha256"":""22e338ef5a1c028306ca7a03b188d650d83f0028ecc282ee953e70e4258651ef"",""undefined_bootstrap_replicates"":0},""interval_status"":""available"",""mean_seconds"":16.58595472916731,""output_outcome_counts"":{""infrastructure_interruption"":0,""measurement_available"":0,""not_run"":0,""numerical_failure"":0,""output_failure_unclassified"":0,""resource_failure"":0,""valid"":24},""planned"":24,""plot_error_cost_point"":true,""reference_kind"":""finite_mcmc""}"
q2,cuda-mala-sequential,4096,research_execution,24,24,finite_mcmc,-0.6005257632922614,0.00010191246932380079,6.208546674791107e-07,3.731241862643308e-07,1.0474289975754754e-06,available,24.406619683327033,24.30852089818354,24.501135660668293,available,True,"{""bca_acceleration"":0.06687280300034934,""bca_adjusted_quantiles"":[0.05040967201595989,0.9912415064795116],""bca_bias_percentile"":0.5205520552055205,""bootstrap_expected_tail_counts"":[504.0463104875829,87.5761767113636],""claim_type"":""finite_reference_discrepancy"",""conditional_squared_discrepancy"":6.208546674791107e-07,""confidence_interval"":{""high"":1.0474289975754754e-06,""low"":3.731241862643308e-07},""confidence_level"":0.95,""failed_or_unavailable"":0,""interval_coverage"":""pointwise_conditional_on_supplied_reference"",""interval_method"":""BCa"",""interval_status"":""available"",""minimum_valid_repetitions"":20,""observed_estimate_mean"":-0.6004982914817271,""planned"":24,""reference_eligible"":true,""reference_kind"":""finite_mcmc"",""reference_mcse"":0.00010191246932380079,""reference_shift_is_confidence_interval"":false,""reference_shift_max"":6.735981532871736e-07,""reference_shift_min"":6.200999671050789e-07,""resampled_valid_count_range"":[24,24],""resampling_plan_sha256"":""22e338ef5a1c028306ca7a03b188d650d83f0028ecc282ee953e70e4258651ef"",""squared_discrepancy_standard_error"":1.6533003443105788e-07,""supplied_reference_value"":-0.6005257632922614,""unconditional_squared_discrepancy"":6.208546674791107e-07,""undefined_bootstrap_replicates"":0,""valid"":24}","{""available_functions_missing_cost"":0,""conditioning"":""same finite function estimates as conditional error; all such costs must be complete"",""confidence_interval"":{""high"":24.501135660668293,""low"":24.30852089818354},""function_available"":24,""interval_diagnostics"":{""bca_acceleration"":-0.008532681034838086,""bca_adjusted_quantiles"":[0.021477041054922624,0.9711443036164034],""bca_bias_percentile"":0.49394939493949397,""bootstrap_expected_tail_counts"":[214.74893350817132,288.5281081395828],""minimum_valid_repetitions"":20,""resampled_valid_count_range"":[24,24],""resampling_plan_sha256"":""22e338ef5a1c028306ca7a03b188d650d83f0028ecc282ee953e70e4258651ef"",""undefined_bootstrap_replicates"":0},""interval_status"":""available"",""mean_seconds"":24.406619683327033,""output_outcome_counts"":{""infrastructure_interruption"":0,""measurement_available"":0,""not_run"":0,""numerical_failure"":0,""output_failure_unclassified"":0,""resource_failure"":0,""valid"":24},""planned"":24,""plot_error_cost_point"":true,""reference_kind"":""finite_mcmc""}"
q2,cuda-rwm-online_picard,1024,ordinary_workflow,24,24,finite_mcmc,-0.6005257632922614,0.00010191246932380079,2.571116642277937e-05,1.402421266216974e-05,4.765070370826613e-05,available,3.3811281750001094,3.362679911097745,3.4146797567980918,available,True,"{""bca_acceleration"":0.0783459041647602,""bca_adjusted_quantiles"":[0.05437841683915993,0.9927773973892209],""bca_bias_percentile"":0.5216521652165217,""bootstrap_expected_tail_counts"":[543.7297899747601,72.21880350518039],""claim_type"":""finite_reference_discrepancy"",""conditional_squared_discrepancy"":2.571116642277937e-05,""confidence_interval"":{""high"":4.765070370826613e-05,""low"":1.402421266216974e-05},""confidence_level"":0.95,""failed_or_unavailable"":0,""interval_coverage"":""pointwise_conditional_on_supplied_reference"",""interval_method"":""BCa"",""interval_status"":""available"",""minimum_valid_repetitions"":20,""observed_estimate_mean"":-0.600283915872037,""planned"":24,""reference_eligible"":true,""reference_kind"":""finite_mcmc"",""reference_mcse"":0.00010191246932380079,""reference_shift_is_confidence_interval"":false,""reference_shift_max"":2.5851300099572658e-05,""reference_shift_min"":2.565412195721545e-05,""resampled_valid_count_range"":[24,24],""resampling_plan_sha256"":""22e338ef5a1c028306ca7a03b188d650d83f0028ecc282ee953e70e4258651ef"",""squared_discrepancy_standard_error"":8.0784061317043e-06,""supplied_reference_value"":-0.6005257632922614,""unconditional_squared_discrepancy"":2.571116642277937e-05,""undefined_bootstrap_replicates"":0,""valid"":24}","{""available_functions_missing_cost"":0,""conditioning"":""same finite function estimates as conditional error; all such costs must be complete"",""confidence_interval"":{""high"":3.4146797567980918,""low"":3.362679911097745},""function_available"":24,""interval_diagnostics"":{""bca_acceleration"":0.06093326742548681,""bca_adjusted_quantiles"":[0.050930802710205156,0.9911617679702233],""bca_bias_percentile"":0.5254525452545254,""bootstrap_expected_tail_counts"":[509.25709629934136,88.3734820657376],""minimum_valid_repetitions"":20,""resampled_valid_count_range"":[24,24],""resampling_plan_sha256"":""22e338ef5a1c028306ca7a03b188d650d83f0028ecc282ee953e70e4258651ef"",""undefined_bootstrap_replicates"":0},""interval_status"":""available"",""mean_seconds"":3.3811281750001094,""output_outcome_counts"":{""infrastructure_interruption"":0,""measurement_available"":0,""not_run"":0,""numerical_failure"":0,""output_failure_unclassified"":0,""resource_failure"":0,""valid"":24},""planned"":24,""plot_error_cost_point"":true,""reference_kind"":""finite_mcmc""}"
q2,cuda-rwm-online_picard,1024,research_execution,24,24,finite_mcmc,-0.6005257632922614,0.00010191246932380079,2.571116642277937e-05,1.402421266216974e-05,4.765070370826613e-05,available,6.548944670839698,6.515908490200067,6.59401681277296,available,True,"{""bca_acceleration"":0.0783459041647602,""bca_adjusted_quantiles"":[0.05437841683915993,0.9927773973892209],""bca_bias_percentile"":0.5216521652165217,""bootstrap_expected_tail_counts"":[543.7297899747601,72.21880350518039],""claim_type"":""finite_reference_discrepancy"",""conditional_squared_discrepancy"":2.571116642277937e-05,""confidence_interval"":{""high"":4.765070370826613e-05,""low"":1.402421266216974e-05},""confidence_level"":0.95,""failed_or_unavailable"":0,""interval_coverage"":""pointwise_conditional_on_supplied_reference"",""interval_method"":""BCa"",""interval_status"":""available"",""minimum_valid_repetitions"":20,""observed_estimate_mean"":-0.600283915872037,""planned"":24,""reference_eligible"":true,""reference_kind"":""finite_mcmc"",""reference_mcse"":0.00010191246932380079,""reference_shift_is_confidence_interval"":false,""reference_shift_max"":2.5851300099572658e-05,""reference_shift_min"":2.565412195721545e-05,""resampled_valid_count_range"":[24,24],""resampling_plan_sha256"":""22e338ef5a1c028306ca7a03b188d650d83f0028ecc282ee953e70e4258651ef"",""squared_discrepancy_standard_error"":8.0784061317043e-06,""supplied_reference_value"":-0.6005257632922614,""unconditional_squared_discrepancy"":2.571116642277937e-05,""undefined_bootstrap_replicates"":0,""valid"":24}","{""available_functions_missing_cost"":0,""conditioning"":""same finite function estimates as conditional error; all such costs must be complete"",""confidence_interval"":{""high"":6.59401681277296,""low"":6.515908490200067},""function_available"":24,""interval_diagnostics"":{""bca_acceleration"":0.030181821579131282,""bca_adjusted_quantiles"":[0.03612003246861671,0.98393385055335],""bca_bias_percentile"":0.5111511151115111,""bootstrap_expected_tail_counts"":[361.1642046536985,160.64542831705305],""minimum_valid_repetitions"":20,""resampled_valid_count_range"":[24,24],""resampling_plan_sha256"":""22e338ef5a1c028306ca7a03b188d650d83f0028ecc282ee953e70e4258651ef"",""undefined_bootstrap_replicates"":0},""interval_status"":""available"",""mean_seconds"":6.548944670839698,""output_outcome_counts"":{""infrastructure_interruption"":0,""measurement_available"":0,""not_run"":0,""numerical_failure"":0,""output_failure_unclassified"":0,""resource_failure"":0,""valid"":24},""planned"":24,""plot_error_cost_point"":true,""reference_kind"":""finite_mcmc""}"
q2,cuda-rwm-online_picard,4096,ordinary_workflow,24,24,finite_mcmc,-0.6005257632922614,0.00010191246932380079,4.9725858714496954e-06,2.986027308537084e-06,9.214958289211056e-06,available,5.223975837498453,5.182355928115185,5.266123128482246,available,True,"{""bca_acceleration"":0.08432210031710283,""bca_adjusted_quantiles"":[0.06202177578096218,0.9946199627474801],""bca_bias_percentile"":0.532953295329533,""bootstrap_expected_tail_counts"":[620.1557360338409,53.79499248794646],""claim_type"":""finite_reference_discrepancy"",""conditional_squared_discrepancy"":4.9725858714496954e-06,""confidence_interval"":{""high"":9.214958289211056e-06,""low"":2.986027308537084e-06},""confidence_level"":0.95,""failed_or_unavailable"":0,""interval_coverage"":""pointwise_conditional_on_supplied_reference"",""interval_method"":""BCa"",""interval_status"":""available"",""minimum_valid_repetitions"":20,""observed_estimate_mean"":-0.6003017711031877,""planned"":24,""reference_eligible"":true,""reference_kind"":""finite_mcmc"",""reference_mcse"":0.00010191246932380079,""reference_shift_is_confidence_interval"":false,""reference_shift_max"":5.105440865455338e-06,""reference_shift_min"":4.922820088673422e-06,""resampled_valid_count_range"":[24,24],""resampling_plan_sha256"":""22e338ef5a1c028306ca7a03b188d650d83f0028ecc282ee953e70e4258651ef"",""squared_discrepancy_standard_error"":1.417834902458675e-06,""supplied_reference_value"":-0.6005257632922614,""unconditional_squared_discrepancy"":4.9725858714496954e-06,""undefined_bootstrap_replicates"":0,""valid"":24}","{""available_functions_missing_cost"":0,""conditioning"":""same finite function estimates as conditional error; all such costs must be complete"",""confidence_interval"":{""high"":5.266123128482246,""low"":5.182355928115185},""function_available"":24,""interval_diagnostics"":{""bca_acceleration"":0.001940247453068625,""bca_adjusted_quantiles"":[0.025186410110588305,0.9751866619357192],""bca_bias_percentile"":0.49914991499149913,""bootstrap_expected_tail_counts"":[251.83891469577247,248.10856730474336],""minimum_valid_repetitions"":20,""resampled_valid_count_range"":[24,24],""resampling_plan_sha256"":""22e338ef5a1c028306ca7a03b188d650d83f0028ecc282ee953e70e4258651ef"",""undefined_bootstrap_replicates"":0},""interval_status"":""available"",""mean_seconds"":5.223975837498453,""output_outcome_counts"":{""infrastructure_interruption"":0,""measurement_available"":0,""not_run"":0,""numerical_failure"":0,""output_failure_unclassified"":0,""resource_failure"":0,""valid"":24},""planned"":24,""plot_error_cost_point"":true,""reference_kind"":""finite_mcmc""}"
q2,cuda-rwm-online_picard,4096,research_execution,24,24,finite_mcmc,-0.6005257632922614,0.00010191246932380079,4.9725858714496954e-06,2.986027308537084e-06,9.214958289211056e-06,available,10.156065533341613,10.097404260489009,10.221939198565812,available,True,"{""bca_acceleration"":0.08432210031710283,""bca_adjusted_quantiles"":[0.06202177578096218,0.9946199627474801],""bca_bias_percentile"":0.532953295329533,""bootstrap_expected_tail_counts"":[620.1557360338409,53.79499248794646],""claim_type"":""finite_reference_discrepancy"",""conditional_squared_discrepancy"":4.9725858714496954e-06,""confidence_interval"":{""high"":9.214958289211056e-06,""low"":2.986027308537084e-06},""confidence_level"":0.95,""failed_or_unavailable"":0,""interval_coverage"":""pointwise_conditional_on_supplied_reference"",""interval_method"":""BCa"",""interval_status"":""available"",""minimum_valid_repetitions"":20,""observed_estimate_mean"":-0.6003017711031877,""planned"":24,""reference_eligible"":true,""reference_kind"":""finite_mcmc"",""reference_mcse"":0.00010191246932380079,""reference_shift_is_confidence_interval"":false,""reference_shift_max"":5.105440865455338e-06,""reference_shift_min"":4.922820088673422e-06,""resampled_valid_count_range"":[24,24],""resampling_plan_sha256"":""22e338ef5a1c028306ca7a03b188d650d83f0028ecc282ee953e70e4258651ef"",""squared_discrepancy_standard_error"":1.417834902458675e-06,""supplied_reference_value"":-0.6005257632922614,""unconditional_squared_discrepancy"":4.9725858714496954e-06,""undefined_bootstrap_replicates"":0,""valid"":24}","{""available_functions_missing_cost"":0,""conditioning"":""same finite function estimates as conditional error; all such costs must be complete"",""confidence_interval"":{""high"":10.221939198565812,""low"":10.097404260489009},""function_available"":24,""interval_diagnostics"":{""bca_acceleration"":0.01139982567359949,""bca_adjusted_quantiles"":[0.028961539591788113,0.9786462629130375],""bca_bias_percentile"":0.5042504250425043,""bootstrap_expected_tail_counts"":[289.58643437828937,213.51601713253837],""minimum_valid_repetitions"":20,""resampled_valid_count_range"":[24,24],""resampling_plan_sha256"":""22e338ef5a1c028306ca7a03b188d650d83f0028ecc282ee953e70e4258651ef"",""undefined_bootstrap_replicates"":0},""interval_status"":""available"",""mean_seconds"":10.156065533341613,""output_outcome_counts"":{""infrastructure_interruption"":0,""measurement_available"":0,""not_run"":0,""numerical_failure"":0,""output_failure_unclassified"":0,""resource_failure"":0,""valid"":24},""planned"":24,""plot_error_cost_point"":true,""reference_kind"":""finite_mcmc""}"
q2,cuda-rwm-sequential,1024,ordinary_workflow,24,24,finite_mcmc,-0.6005257632922614,0.00010191246932380079,2.5711166422779564e-05,1.4024212662169858e-05,4.765070370826632e-05,available,3.6746048500043194,3.660645740630839,3.6929354332709194,available,True,"{""bca_acceleration"":0.07834590416475977,""bca_adjusted_quantiles"":[0.05437841683915979,0.9927773973892208],""bca_bias_percentile"":0.5216521652165217,""bootstrap_expected_tail_counts"":[543.7297899747588,72.2188035051815],""claim_type"":""finite_reference_discrepancy"",""conditional_squared_discrepancy"":2.5711166422779564e-05,""confidence_interval"":{""high"":4.765070370826632e-05,""low"":1.4024212662169858e-05},""confidence_level"":0.95,""failed_or_unavailable"":0,""interval_coverage"":""pointwise_conditional_on_supplied_reference"",""interval_method"":""BCa"",""interval_status"":""available"",""minimum_valid_repetitions"":20,""observed_estimate_mean"":-0.600283915872037,""planned"":24,""reference_eligible"":true,""reference_kind"":""finite_mcmc"",""reference_mcse"":0.00010191246932380079,""reference_shift_is_confidence_interval"":false,""reference_shift_max"":2.5851300099572857e-05,""reference_shift_min"":2.5654121957215643e-05,""resampled_valid_count_range"":[24,24],""resampling_plan_sha256"":""22e338ef5a1c028306ca7a03b188d650d83f0028ecc282ee953e70e4258651ef"",""squared_discrepancy_standard_error"":8.078406131704325e-06,""supplied_reference_value"":-0.6005257632922614,""unconditional_squared_discrepancy"":2.5711166422779564e-05,""undefined_bootstrap_replicates"":0,""valid"":24}","{""available_functions_missing_cost"":0,""conditioning"":""same finite function estimates as conditional error; all such costs must be complete"",""confidence_interval"":{""high"":3.6929354332709194,""low"":3.660645740630839},""function_available"":24,""interval_diagnostics"":{""bca_acceleration"":0.027532667491290932,""bca_adjusted_quantiles"":[0.03842560252184647,0.985089462635675],""bca_bias_percentile"":0.5189518951895189,""bootstrap_expected_tail_counts"":[384.21759961594285,149.09046310588585],""minimum_valid_repetitions"":20,""resampled_valid_count_range"":[24,24],""resampling_plan_sha256"":""22e338ef5a1c028306ca7a03b188d650d83f0028ecc282ee953e70e4258651ef"",""undefined_bootstrap_replicates"":0},""interval_status"":""available"",""mean_seconds"":3.6746048500043194,""output_outcome_counts"":{""infrastructure_interruption"":0,""measurement_available"":0,""not_run"":0,""numerical_failure"":0,""output_failure_unclassified"":0,""resource_failure"":0,""valid"":24},""planned"":24,""plot_error_cost_point"":true,""reference_kind"":""finite_mcmc""}"
q2,cuda-rwm-sequential,1024,research_execution,24,24,finite_mcmc,-0.6005257632922614,0.00010191246932380079,2.5711166422779564e-05,1.4024212662169858e-05,4.765070370826632e-05,available,6.795831566665735,6.754254954882016,6.842208418968694,available,True,"{""bca_acceleration"":0.07834590416475977,""bca_adjusted_quantiles"":[0.05437841683915979,0.9927773973892208],""bca_bias_percentile"":0.5216521652165217,""bootstrap_expected_tail_counts"":[543.7297899747588,72.2188035051815],""claim_type"":""finite_reference_discrepancy"",""conditional_squared_discrepancy"":2.5711166422779564e-05,""confidence_interval"":{""high"":4.765070370826632e-05,""low"":1.4024212662169858e-05},""confidence_level"":0.95,""failed_or_unavailable"":0,""interval_coverage"":""pointwise_conditional_on_supplied_reference"",""interval_method"":""BCa"",""interval_status"":""available"",""minimum_valid_repetitions"":20,""observed_estimate_mean"":-0.600283915872037,""planned"":24,""reference_eligible"":true,""reference_kind"":""finite_mcmc"",""reference_mcse"":0.00010191246932380079,""reference_shift_is_confidence_interval"":false,""reference_shift_max"":2.5851300099572857e-05,""reference_shift_min"":2.5654121957215643e-05,""resampled_valid_count_range"":[24,24],""resampling_plan_sha256"":""22e338ef5a1c028306ca7a03b188d650d83f0028ecc282ee953e70e4258651ef"",""squared_discrepancy_standard_error"":8.078406131704325e-06,""supplied_reference_value"":-0.6005257632922614,""unconditional_squared_discrepancy"":2.5711166422779564e-05,""undefined_bootstrap_replicates"":0,""valid"":24}","{""available_functions_missing_cost"":0,""conditioning"":""same finite function estimates as conditional error; all such costs must be complete"",""confidence_interval"":{""high"":6.842208418968694,""low"":6.754254954882016},""function_available"":24,""interval_diagnostics"":{""bca_acceleration"":0.016745495948075343,""bca_adjusted_quantiles"":[0.02953152029344637,0.9791803625399323],""bca_bias_percentile"":0.502050205020502,""bootstrap_expected_tail_counts"":[295.2856714141703,208.17555496321646],""minimum_valid_repetitions"":20,""resampled_valid_count_range"":[24,24],""resampling_plan_sha256"":""22e338ef5a1c028306ca7a03b188d650d83f0028ecc282ee953e70e4258651ef"",""undefined_bootstrap_replicates"":0},""interval_status"":""available"",""mean_seconds"":6.795831566665735,""output_outcome_counts"":{""infrastructure_interruption"":0,""measurement_available"":0,""not_run"":0,""numerical_failure"":0,""output_failure_unclassified"":0,""resource_failure"":0,""valid"":24},""planned"":24,""plot_error_cost_point"":true,""reference_kind"":""finite_mcmc""}"
q2,cuda-rwm-sequential,4096,ordinary_workflow,24,24,finite_mcmc,-0.6005257632922614,0.00010191246932380079,4.972585871449448e-06,2.9860273085370242e-06,9.214958289209956e-06,available,6.676549924999752,6.591013246789728,6.744040947424508,available,True,"{""bca_acceleration"":0.08432210031708923,""bca_adjusted_quantiles"":[0.06202177578095781,0.9946199627474788],""bca_bias_percentile"":0.532953295329533,""bootstrap_expected_tail_counts"":[620.1557360337971,53.79499248795978],""claim_type"":""finite_reference_discrepancy"",""conditional_squared_discrepancy"":4.972585871449448e-06,""confidence_interval"":{""high"":9.214958289209956e-06,""low"":2.9860273085370242e-06},""confidence_level"":0.95,""failed_or_unavailable"":0,""interval_coverage"":""pointwise_conditional_on_supplied_reference"",""interval_method"":""BCa"",""interval_status"":""available"",""minimum_valid_repetitions"":20,""observed_estimate_mean"":-0.6003017711031876,""planned"":24,""reference_eligible"":true,""reference_kind"":""finite_mcmc"",""reference_mcse"":0.00010191246932380079,""reference_shift_is_confidence_interval"":false,""reference_shift_max"":5.105440865455119e-06,""reference_shift_min"":4.922820088673147e-06,""resampled_valid_count_range"":[24,24],""resampling_plan_sha256"":""22e338ef5a1c028306ca7a03b188d650d83f0028ecc282ee953e70e4258651ef"",""squared_discrepancy_standard_error"":1.4178349024585042e-06,""supplied_reference_value"":-0.6005257632922614,""unconditional_squared_discrepancy"":4.972585871449448e-06,""undefined_bootstrap_replicates"":0,""valid"":24}","{""available_functions_missing_cost"":0,""conditioning"":""same finite function estimates as conditional error; all such costs must be complete"",""confidence_interval"":{""high"":6.744040947424508,""low"":6.591013246789728},""function_available"":24,""interval_diagnostics"":{""bca_acceleration"":-0.029753653471955497,""bca_adjusted_quantiles"":[0.01599295715755889,0.9637292601236221],""bca_bias_percentile"":0.48814881488148815,""bootstrap_expected_tail_counts"":[159.91357861843136,362.67112802390216],""minimum_valid_repetitions"":20,""resampled_valid_count_range"":[24,24],""resampling_plan_sha256"":""22e338ef5a1c028306ca7a03b188d650d83f0028ecc282ee953e70e4258651ef"",""undefined_bootstrap_replicates"":0},""interval_status"":""available"",""mean_seconds"":6.676549924999752,""output_outcome_counts"":{""infrastructure_interruption"":0,""measurement_available"":0,""not_run"":0,""numerical_failure"":0,""output_failure_unclassified"":0,""resource_failure"":0,""valid"":24},""planned"":24,""plot_error_cost_point"":true,""reference_kind"":""finite_mcmc""}"
q2,cuda-rwm-sequential,4096,research_execution,24,24,finite_mcmc,-0.6005257632922614,0.00010191246932380079,4.972585871449448e-06,2.9860273085370242e-06,9.214958289209956e-06,available,11.646025512496939,11.549179943828314,11.728489982406554,available,True,"{""bca_acceleration"":0.08432210031708923,""bca_adjusted_quantiles"":[0.06202177578095781,0.9946199627474788],""bca_bias_percentile"":0.532953295329533,""bootstrap_expected_tail_counts"":[620.1557360337971,53.79499248795978],""claim_type"":""finite_reference_discrepancy"",""conditional_squared_discrepancy"":4.972585871449448e-06,""confidence_interval"":{""high"":9.214958289209956e-06,""low"":2.9860273085370242e-06},""confidence_level"":0.95,""failed_or_unavailable"":0,""interval_coverage"":""pointwise_conditional_on_supplied_reference"",""interval_method"":""BCa"",""interval_status"":""available"",""minimum_valid_repetitions"":20,""observed_estimate_mean"":-0.6003017711031876,""planned"":24,""reference_eligible"":true,""reference_kind"":""finite_mcmc"",""reference_mcse"":0.00010191246932380079,""reference_shift_is_confidence_interval"":false,""reference_shift_max"":5.105440865455119e-06,""reference_shift_min"":4.922820088673147e-06,""resampled_valid_count_range"":[24,24],""resampling_plan_sha256"":""22e338ef5a1c028306ca7a03b188d650d83f0028ecc282ee953e70e4258651ef"",""squared_discrepancy_standard_error"":1.4178349024585042e-06,""supplied_reference_value"":-0.6005257632922614,""unconditional_squared_discrepancy"":4.972585871449448e-06,""undefined_bootstrap_replicates"":0,""valid"":24}","{""available_functions_missing_cost"":0,""conditioning"":""same finite function estimates as conditional error; all such costs must be complete"",""confidence_interval"":{""high"":11.728489982406554,""low"":11.549179943828314},""function_available"":24,""interval_diagnostics"":{""bca_acceleration"":-0.024423375498539287,""bca_adjusted_quantiles"":[0.017614932580306216,0.9661910077461126],""bca_bias_percentile"":0.49104910491049103,""bootstrap_expected_tail_counts"":[176.13171087048187,338.0561135466206],""minimum_valid_repetitions"":20,""resampled_valid_count_range"":[24,24],""resampling_plan_sha256"":""22e338ef5a1c028306ca7a03b188d650d83f0028ecc282ee953e70e4258651ef"",""undefined_bootstrap_replicates"":0},""interval_status"":""available"",""mean_seconds"":11.646025512496939,""output_outcome_counts"":{""infrastructure_interruption"":0,""measurement_available"":0,""not_run"":0,""numerical_failure"":0,""output_failure_unclassified"":0,""resource_failure"":0,""valid"":24},""planned"":24,""plot_error_cost_point"":true,""reference_kind"":""finite_mcmc""}"
sigmoid_q1,cpu-mala-quasi_deer,1024,ordinary_workflow,24,24,finite_mcmc,0.42288078897091724,2.1694164929430826e-05,1.5761620881094523e-07,1.0469513470731605e-07,2.217022389550183e-07,available,39.90575873750068,38.02074263768497,41.78060465989391,available,True,"{""bca_acceleration"":0.027577835669699992,""bca_adjusted_quantiles"":[0.032247733426825916,0.9814154378770907],""bca_bias_percentile"":0.5022502250225023,""bootstrap_expected_tail_counts"":[322.44508653483234,185.82703666696975],""claim_type"":""finite_reference_discrepancy"",""conditional_squared_discrepancy"":1.5761620881094523e-07,""confidence_interval"":{""high"":2.217022389550183e-07,""low"":1.0469513470731605e-07},""confidence_level"":0.95,""failed_or_unavailable"":0,""interval_coverage"":""pointwise_conditional_on_supplied_reference"",""interval_method"":""BCa"",""interval_status"":""available"",""minimum_valid_repetitions"":20,""observed_estimate_mean"":0.42295861313239635,""planned"":24,""reference_eligible"":true,""reference_kind"":""finite_mcmc"",""reference_mcse"":2.1694164929430826e-05,""reference_shift_is_confidence_interval"":false,""reference_shift_max"":1.6625207675737322e-07,""reference_shift_min"":1.5274543520039624e-07,""resampled_valid_count_range"":[24,24],""resampling_plan_sha256"":""22e338ef5a1c028306ca7a03b188d650d83f0028ecc282ee953e70e4258651ef"",""squared_discrepancy_standard_error"":3.068640920257516e-08,""supplied_reference_value"":0.42288078897091724,""unconditional_squared_discrepancy"":1.5761620881094523e-07,""undefined_bootstrap_replicates"":0,""valid"":24}","{""available_functions_missing_cost"":0,""conditioning"":""same finite function estimates as conditional error; all such costs must be complete"",""confidence_interval"":{""high"":41.78060465989391,""low"":38.02074263768497},""function_available"":24,""interval_diagnostics"":{""bca_acceleration"":0.004728787430933213,""bca_adjusted_quantiles"":[0.024133941988187,0.9740910981041409],""bca_bias_percentile"":0.49334933493349337,""bootstrap_expected_tail_counts"":[241.31528593988182,259.0631100566956],""minimum_valid_repetitions"":20,""resampled_valid_count_range"":[24,24],""resampling_plan_sha256"":""22e338ef5a1c028306ca7a03b188d650d83f0028ecc282ee953e70e4258651ef"",""undefined_bootstrap_replicates"":0},""interval_status"":""available"",""mean_seconds"":39.90575873750068,""output_outcome_counts"":{""infrastructure_interruption"":0,""measurement_available"":0,""not_run"":0,""numerical_failure"":0,""output_failure_unclassified"":0,""resource_failure"":0,""valid"":24},""planned"":24,""plot_error_cost_point"":true,""reference_kind"":""finite_mcmc""}"
sigmoid_q1,cpu-mala-quasi_deer,1024,research_execution,24,24,finite_mcmc,0.42288078897091724,2.1694164929430826e-05,1.5761620881094523e-07,1.0469513470731605e-07,2.217022389550183e-07,available,44.02276302083055,42.112582365275806,45.92321932270912,available,True,"{""bca_acceleration"":0.027577835669699992,""bca_adjusted_quantiles"":[0.032247733426825916,0.9814154378770907],""bca_bias_percentile"":0.5022502250225023,""bootstrap_expected_tail_counts"":[322.44508653483234,185.82703666696975],""claim_type"":""finite_reference_discrepancy"",""conditional_squared_discrepancy"":1.5761620881094523e-07,""confidence_interval"":{""high"":2.217022389550183e-07,""low"":1.0469513470731605e-07},""confidence_level"":0.95,""failed_or_unavailable"":0,""interval_coverage"":""pointwise_conditional_on_supplied_reference"",""interval_method"":""BCa"",""interval_status"":""available"",""minimum_valid_repetitions"":20,""observed_estimate_mean"":0.42295861313239635,""planned"":24,""reference_eligible"":true,""reference_kind"":""finite_mcmc"",""reference_mcse"":2.1694164929430826e-05,""reference_shift_is_confidence_interval"":false,""reference_shift_max"":1.6625207675737322e-07,""reference_shift_min"":1.5274543520039624e-07,""resampled_valid_count_range"":[24,24],""resampling_plan_sha256"":""22e338ef5a1c028306ca7a03b188d650d83f0028ecc282ee953e70e4258651ef"",""squared_discrepancy_standard_error"":3.068640920257516e-08,""supplied_reference_value"":0.42288078897091724,""unconditional_squared_discrepancy"":1.5761620881094523e-07,""undefined_bootstrap_replicates"":0,""valid"":24}","{""available_functions_missing_cost"":0,""conditioning"":""same finite function estimates as conditional error; all such costs must be complete"",""confidence_interval"":{""high"":45.92321932270912,""low"":42.112582365275806},""function_available"":24,""interval_diagnostics"":{""bca_acceleration"":0.0046607653816994,""bca_adjusted_quantiles"":[0.024119141845546376,0.9740753388966382],""bca_bias_percentile"":0.49334933493349337,""bootstrap_expected_tail_counts"":[241.1672993136182,259.2206863725144],""minimum_valid_repetitions"":20,""resampled_valid_count_range"":[24,24],""resampling_plan_sha256"":""22e338ef5a1c028306ca7a03b188d650d83f0028ecc282ee953e70e4258651ef"",""undefined_bootstrap_replicates"":0},""interval_status"":""available"",""mean_seconds"":44.02276302083055,""output_outcome_counts"":{""infrastructure_interruption"":0,""measurement_available"":0,""not_run"":0,""numerical_failure"":0,""output_failure_unclassified"":0,""resource_failure"":0,""valid"":24},""planned"":24,""plot_error_cost_point"":true,""reference_kind"":""finite_mcmc""}"
sigmoid_q1,cpu-mala-quasi_deer,4096,ordinary_workflow,24,24,finite_mcmc,0.42288078897091724,2.1694164929430826e-05,4.966677667148711e-08,2.969331102139002e-08,8.050812726384483e-08,available,113.45758466666909,108.21418278859367,118.71340437189164,available,True,"{""bca_acceleration"":0.0450907606445537,""bca_adjusted_quantiles"":[0.050004525983921945,0.9902668559116706],""bca_bias_percentile"":0.5336533653365336,""bootstrap_expected_tail_counts"":[499.99525531323553,97.32170773920538],""claim_type"":""finite_reference_discrepancy"",""conditional_squared_discrepancy"":4.966677667148711e-08,""confidence_interval"":{""high"":8.050812726384483e-08,""low"":2.969331102139002e-08},""confidence_level"":0.95,""failed_or_unavailable"":0,""interval_coverage"":""pointwise_conditional_on_supplied_reference"",""interval_method"":""BCa"",""interval_status"":""available"",""minimum_valid_repetitions"":20,""observed_estimate_mean"":0.42292460021415035,""planned"":24,""reference_eligible"":true,""reference_kind"":""finite_mcmc"",""reference_mcse"":2.1694164929430826e-05,""reference_shift_is_confidence_interval"":false,""reference_shift_max"":5.5351117185276286e-08,""reference_shift_min"":4.774753049357694e-08,""resampled_valid_count_range"":[24,24],""resampling_plan_sha256"":""22e338ef5a1c028306ca7a03b188d650d83f0028ecc282ee953e70e4258651ef"",""squared_discrepancy_standard_error"":1.2817625373397675e-08,""supplied_reference_value"":0.42288078897091724,""unconditional_squared_discrepancy"":4.966677667148711e-08,""undefined_bootstrap_replicates"":0,""valid"":24}","{""available_functions_missing_cost"":0,""conditioning"":""same finite function estimates as conditional error; all such costs must be complete"",""confidence_interval"":{""high"":118.71340437189164,""low"":108.21418278859367},""function_available"":24,""interval_diagnostics"":{""bca_acceleration"":0.0019860644987967583,""bca_adjusted_quantiles"":[0.02337408869011936,0.9732664966847929],""bca_bias_percentile"":0.49274927492749276,""bootstrap_expected_tail_counts"":[233.71751281250346,267.30829964875556],""minimum_valid_repetitions"":20,""resampled_valid_count_range"":[24,24],""resampling_plan_sha256"":""22e338ef5a1c028306ca7a03b188d650d83f0028ecc282ee953e70e4258651ef"",""undefined_bootstrap_replicates"":0},""interval_status"":""available"",""mean_seconds"":113.45758466666909,""output_outcome_counts"":{""infrastructure_interruption"":0,""measurement_available"":0,""not_run"":0,""numerical_failure"":0,""output_failure_unclassified"":0,""resource_failure"":0,""valid"":24},""planned"":24,""plot_error_cost_point"":true,""reference_kind"":""finite_mcmc""}"
sigmoid_q1,cpu-mala-quasi_deer,4096,research_execution,24,24,finite_mcmc,0.42288078897091724,2.1694164929430826e-05,4.966677667148711e-08,2.969331102139002e-08,8.050812726384483e-08,available,121.406506733331,116.07387654134882,126.71604704299395,available,True,"{""bca_acceleration"":0.0450907606445537,""bca_adjusted_quantiles"":[0.050004525983921945,0.9902668559116706],""bca_bias_percentile"":0.5336533653365336,""bootstrap_expected_tail_counts"":[499.99525531323553,97.32170773920538],""claim_type"":""finite_reference_discrepancy"",""conditional_squared_discrepancy"":4.966677667148711e-08,""confidence_interval"":{""high"":8.050812726384483e-08,""low"":2.969331102139002e-08},""confidence_level"":0.95,""failed_or_unavailable"":0,""interval_coverage"":""pointwise_conditional_on_supplied_reference"",""interval_method"":""BCa"",""interval_status"":""available"",""minimum_valid_repetitions"":20,""observed_estimate_mean"":0.42292460021415035,""planned"":24,""reference_eligible"":true,""reference_kind"":""finite_mcmc"",""reference_mcse"":2.1694164929430826e-05,""reference_shift_is_confidence_interval"":false,""reference_shift_max"":5.5351117185276286e-08,""reference_shift_min"":4.774753049357694e-08,""resampled_valid_count_range"":[24,24],""resampling_plan_sha256"":""22e338ef5a1c028306ca7a03b188d650d83f0028ecc282ee953e70e4258651ef"",""squared_discrepancy_standard_error"":1.2817625373397675e-08,""supplied_reference_value"":0.42288078897091724,""unconditional_squared_discrepancy"":4.966677667148711e-08,""undefined_bootstrap_replicates"":0,""valid"":24}","{""available_functions_missing_cost"":0,""conditioning"":""same finite function estimates as conditional error; all such costs must be complete"",""confidence_interval"":{""high"":126.71604704299395,""low"":116.07387654134882},""function_available"":24,""interval_diagnostics"":{""bca_acceleration"":0.002003834136102003,""bca_adjusted_quantiles"":[0.023377899507315857,0.9732706705290893],""bca_bias_percentile"":0.49274927492749276,""bootstrap_expected_tail_counts"":[233.75561717365125,267.2665653796358],""minimum_valid_repetitions"":20,""resampled_valid_count_range"":[24,24],""resampling_plan_sha256"":""22e338ef5a1c028306ca7a03b188d650d83f0028ecc282ee953e70e4258651ef"",""undefined_bootstrap_replicates"":0},""interval_status"":""available"",""mean_seconds"":121.406506733331,""output_outcome_counts"":{""infrastructure_interruption"":0,""measurement_available"":0,""not_run"":0,""numerical_failure"":0,""output_failure_unclassified"":0,""resource_failure"":0,""valid"":24},""planned"":24,""plot_error_cost_point"":true,""reference_kind"":""finite_mcmc""}"
sigmoid_q1,cpu-mala-sequential,1024,ordinary_workflow,24,24,finite_mcmc,0.42288078897091724,2.1694164929430826e-05,1.5761620881074504e-07,1.0469513470703596e-07,2.2170223895497647e-07,available,6.348336891671011,6.263117187961609,6.442990210142835,available,True,"{""bca_acceleration"":0.027577835669582898,""bca_adjusted_quantiles"":[0.032247733426796835,0.9814154378770678],""bca_bias_percentile"":0.5022502250225023,""bootstrap_expected_tail_counts"":[322.44508653454153,185.82703666719954],""claim_type"":""finite_reference_discrepancy"",""conditional_squared_discrepancy"":1.5761620881074504e-07,""confidence_interval"":{""high"":2.2170223895497647e-07,""low"":1.0469513470703596e-07},""confidence_level"":0.95,""failed_or_unavailable"":0,""interval_coverage"":""pointwise_conditional_on_supplied_reference"",""interval_method"":""BCa"",""interval_status"":""available"",""minimum_valid_repetitions"":20,""observed_estimate_mean"":0.42295861313239613,""planned"":24,""reference_eligible"":true,""reference_kind"":""finite_mcmc"",""reference_mcse"":2.1694164929430826e-05,""reference_shift_is_confidence_interval"":false,""reference_shift_max"":1.6625207675715236e-07,""reference_shift_min"":1.5274543520021672e-07,""resampled_valid_count_range"":[24,24],""resampling_plan_sha256"":""22e338ef5a1c028306ca7a03b188d650d83f0028ecc282ee953e70e4258651ef"",""squared_discrepancy_standard_error"":3.06864092025728e-08,""supplied_reference_value"":0.42288078897091724,""unconditional_squared_discrepancy"":1.5761620881074504e-07,""undefined_bootstrap_replicates"":0,""valid"":24}","{""available_functions_missing_cost"":0,""conditioning"":""same finite function estimates as conditional error; all such costs must be complete"",""confidence_interval"":{""high"":6.442990210142835,""low"":6.263117187961609},""function_available"":24,""interval_diagnostics"":{""bca_acceleration"":0.007013691324348814,""bca_adjusted_quantiles"":[0.02756785069861308,0.9774273412516582],""bca_bias_percentile"":0.5031503150315032,""bootstrap_expected_tail_counts"":[275.65093913543217,225.70401482466966],""minimum_valid_repetitions"":20,""resampled_valid_count_range"":[24,24],""resampling_plan_sha256"":""22e338ef5a1c028306ca7a03b188d650d83f0028ecc282ee953e70e4258651ef"",""undefined_bootstrap_replicates"":0},""interval_status"":""available"",""mean_seconds"":6.348336891671011,""output_outcome_counts"":{""infrastructure_interruption"":0,""measurement_available"":0,""not_run"":0,""numerical_failure"":0,""output_failure_unclassified"":0,""resource_failure"":0,""valid"":24},""planned"":24,""plot_error_cost_point"":true,""reference_kind"":""finite_mcmc""}"
sigmoid_q1,cpu-mala-sequential,1024,research_execution,24,24,finite_mcmc,0.42288078897091724,2.1694164929430826e-05,1.5761620881074504e-07,1.0469513470703596e-07,2.2170223895497647e-07,available,10.5000395833315,10.380446323861216,10.628852495533602,available,True,"{""bca_acceleration"":0.027577835669582898,""bca_adjusted_quantiles"":[0.032247733426796835,0.9814154378770678],""bca_bias_percentile"":0.5022502250225023,""bootstrap_expected_tail_counts"":[322.44508653454153,185.82703666719954],""claim_type"":""finite_reference_discrepancy"",""conditional_squared_discrepancy"":1.5761620881074504e-07,""confidence_interval"":{""high"":2.2170223895497647e-07,""low"":1.0469513470703596e-07},""confidence_level"":0.95,""failed_or_unavailable"":0,""interval_coverage"":""pointwise_conditional_on_supplied_reference"",""interval_method"":""BCa"",""interval_status"":""available"",""minimum_valid_repetitions"":20,""observed_estimate_mean"":0.42295861313239613,""planned"":24,""reference_eligible"":true,""reference_kind"":""finite_mcmc"",""reference_mcse"":2.1694164929430826e-05,""reference_shift_is_confidence_interval"":false,""reference_shift_max"":1.6625207675715236e-07,""reference_shift_min"":1.5274543520021672e-07,""resampled_valid_count_range"":[24,24],""resampling_plan_sha256"":""22e338ef5a1c028306ca7a03b188d650d83f0028ecc282ee953e70e4258651ef"",""squared_discrepancy_standard_error"":3.06864092025728e-08,""supplied_reference_value"":0.42288078897091724,""unconditional_squared_discrepancy"":1.5761620881074504e-07,""undefined_bootstrap_replicates"":0,""valid"":24}","{""available_functions_missing_cost"":0,""conditioning"":""same finite function estimates as conditional error; all such costs must be complete"",""confidence_interval"":{""high"":10.628852495533602,""low"":10.380446323861216},""function_available"":24,""interval_diagnostics"":{""bca_acceleration"":0.006121227241370907,""bca_adjusted_quantiles"":[0.025685254770429,0.9756859395653381],""bca_bias_percentile"":0.49764976497649765,""bootstrap_expected_tail_counts"":[256.8268624495196,243.1162902861842],""minimum_valid_repetitions"":20,""resampled_valid_count_range"":[24,24],""resampling_plan_sha256"":""22e338ef5a1c028306ca7a03b188d650d83f0028ecc282ee953e70e4258651ef"",""undefined_bootstrap_replicates"":0},""interval_status"":""available"",""mean_seconds"":10.5000395833315,""output_outcome_counts"":{""infrastructure_interruption"":0,""measurement_available"":0,""not_run"":0,""numerical_failure"":0,""output_failure_unclassified"":0,""resource_failure"":0,""valid"":24},""planned"":24,""plot_error_cost_point"":true,""reference_kind"":""finite_mcmc""}"
sigmoid_q1,cpu-mala-sequential,4096,ordinary_workflow,24,24,finite_mcmc,0.42288078897091724,2.1694164929430826e-05,4.966677667143142e-08,2.969331102142331e-08,8.050812726400129e-08,available,13.037642533326334,12.792627460437327,13.333498264214088,available,True,"{""bca_acceleration"":0.045090760644876625,""bca_adjusted_quantiles"":[0.05000452598402151,0.9902668559117133],""bca_bias_percentile"":0.5336533653365336,""bootstrap_expected_tail_counts"":[499.9952553142311,97.3217077387791],""claim_type"":""finite_reference_discrepancy"",""conditional_squared_discrepancy"":4.966677667143142e-08,""confidence_interval"":{""high"":8.050812726400129e-08,""low"":2.969331102142331e-08},""confidence_level"":0.95,""failed_or_unavailable"":0,""interval_coverage"":""pointwise_conditional_on_supplied_reference"",""interval_method"":""BCa"",""interval_status"":""available"",""minimum_valid_repetitions"":20,""observed_estimate_mean"":0.42292460021415024,""planned"":24,""reference_eligible"":true,""reference_kind"":""finite_mcmc"",""reference_mcse"":2.1694164929430826e-05,""reference_shift_is_confidence_interval"":false,""reference_shift_max"":5.535111718520655e-08,""reference_shift_min"":4.77475304935353e-08,""resampled_valid_count_range"":[24,24],""resampling_plan_sha256"":""22e338ef5a1c028306ca7a03b188d650d83f0028ecc282ee953e70e4258651ef"",""squared_discrepancy_standard_error"":1.2817625373433378e-08,""supplied_reference_value"":0.42288078897091724,""unconditional_squared_discrepancy"":4.966677667143142e-08,""undefined_bootstrap_replicates"":0,""valid"":24}","{""available_functions_missing_cost"":0,""conditioning"":""same finite function estimates as conditional error; all such costs must be complete"",""confidence_interval"":{""high"":13.333498264214088,""low"":12.792627460437327},""function_available"":24,""interval_diagnostics"":{""bca_acceleration"":0.017370788184833542,""bca_adjusted_quantiles"":[0.031185465829545254,0.9804470025646829],""bca_bias_percentile"":0.5065506550655066,""bootstrap_expected_tail_counts"":[311.823472829623,195.510421355736],""minimum_valid_repetitions"":20,""resampled_valid_count_range"":[24,24],""resampling_plan_sha256"":""22e338ef5a1c028306ca7a03b188d650d83f0028ecc282ee953e70e4258651ef"",""undefined_bootstrap_replicates"":0},""interval_status"":""available"",""mean_seconds"":13.037642533326334,""output_outcome_counts"":{""infrastructure_interruption"":0,""measurement_available"":0,""not_run"":0,""numerical_failure"":0,""output_failure_unclassified"":0,""resource_failure"":0,""valid"":24},""planned"":24,""plot_error_cost_point"":true,""reference_kind"":""finite_mcmc""}"
sigmoid_q1,cpu-mala-sequential,4096,research_execution,24,24,finite_mcmc,0.42288078897091724,2.1694164929430826e-05,4.966677667143142e-08,2.969331102142331e-08,8.050812726400129e-08,available,20.85919225000248,20.559395816129626,21.222926130607025,available,True,"{""bca_acceleration"":0.045090760644876625,""bca_adjusted_quantiles"":[0.05000452598402151,0.9902668559117133],""bca_bias_percentile"":0.5336533653365336,""bootstrap_expected_tail_counts"":[499.9952553142311,97.3217077387791],""claim_type"":""finite_reference_discrepancy"",""conditional_squared_discrepancy"":4.966677667143142e-08,""confidence_interval"":{""high"":8.050812726400129e-08,""low"":2.969331102142331e-08},""confidence_level"":0.95,""failed_or_unavailable"":0,""interval_coverage"":""pointwise_conditional_on_supplied_reference"",""interval_method"":""BCa"",""interval_status"":""available"",""minimum_valid_repetitions"":20,""observed_estimate_mean"":0.42292460021415024,""planned"":24,""reference_eligible"":true,""reference_kind"":""finite_mcmc"",""reference_mcse"":2.1694164929430826e-05,""reference_shift_is_confidence_interval"":false,""reference_shift_max"":5.535111718520655e-08,""reference_shift_min"":4.77475304935353e-08,""resampled_valid_count_range"":[24,24],""resampling_plan_sha256"":""22e338ef5a1c028306ca7a03b188d650d83f0028ecc282ee953e70e4258651ef"",""squared_discrepancy_standard_error"":1.2817625373433378e-08,""supplied_reference_value"":0.42288078897091724,""unconditional_squared_discrepancy"":4.966677667143142e-08,""undefined_bootstrap_replicates"":0,""valid"":24}","{""available_functions_missing_cost"":0,""conditioning"":""same finite function estimates as conditional error; all such costs must be complete"",""confidence_interval"":{""high"":21.222926130607025,""low"":20.559395816129626},""function_available"":24,""interval_diagnostics"":{""bca_acceleration"":0.01781547429722526,""bca_adjusted_quantiles"":[0.029887912671530424,0.9794784643611605],""bca_bias_percentile"":0.5023502350235024,""bootstrap_expected_tail_counts"":[298.8492388026327,205.19483485275632],""minimum_valid_repetitions"":20,""resampled_valid_count_range"":[24,24],""resampling_plan_sha256"":""22e338ef5a1c028306ca7a03b188d650d83f0028ecc282ee953e70e4258651ef"",""undefined_bootstrap_replicates"":0},""interval_status"":""available"",""mean_seconds"":20.85919225000248,""output_outcome_counts"":{""infrastructure_interruption"":0,""measurement_available"":0,""not_run"":0,""numerical_failure"":0,""output_failure_unclassified"":0,""resource_failure"":0,""valid"":24},""planned"":24,""plot_error_cost_point"":true,""reference_kind"":""finite_mcmc""}"
sigmoid_q1,cpu-nuts-spawn_chains,1024,ordinary_workflow,24,24,finite_mcmc,0.42288078897091724,2.1694164929430826e-05,3.7181715800807276e-08,2.3989235431688647e-08,5.9327543889766736e-08,available,9.256103474991733,8.987378737207639,9.579309004025824,available,True,"{""bca_acceleration"":0.06455451652363893,""bca_adjusted_quantiles"":[0.04754403838353852,0.9902355281785418],""bca_bias_percentile"":0.5157515751575158,""bootstrap_expected_tail_counts"":[475.3928397970016,97.63495374276086],""claim_type"":""finite_reference_discrepancy"",""conditional_squared_discrepancy"":3.7181715800807276e-08,""confidence_interval"":{""high"":5.9327543889766736e-08,""low"":2.3989235431688647e-08},""confidence_level"":0.95,""failed_or_unavailable"":0,""interval_coverage"":""pointwise_conditional_on_supplied_reference"",""interval_method"":""BCa"",""interval_status"":""available"",""minimum_valid_repetitions"":20,""observed_estimate_mean"":0.4229594295902329,""planned"":24,""reference_eligible"":true,""reference_kind"":""finite_mcmc"",""reference_mcse"":2.1694164929430826e-05,""reference_shift_is_confidence_interval"":false,""reference_shift_max"":4.588843323109276e-08,""reference_shift_min"":3.22400927064008e-08,""resampled_valid_count_range"":[24,24],""resampling_plan_sha256"":""22e338ef5a1c028306ca7a03b188d650d83f0028ecc282ee953e70e4258651ef"",""squared_discrepancy_standard_error"":8.668416970814637e-09,""supplied_reference_value"":0.42288078897091724,""unconditional_squared_discrepancy"":3.7181715800807276e-08,""undefined_bootstrap_replicates"":0,""valid"":24}","{""available_functions_missing_cost"":0,""conditioning"":""same finite function estimates as conditional error; all such costs must be complete"",""confidence_interval"":{""high"":9.579309004025824,""low"":8.987378737207639},""function_available"":24,""interval_diagnostics"":{""bca_acceleration"":0.017498893139518402,""bca_adjusted_quantiles"":[0.03138828153399911,0.9805954490968664],""bca_bias_percentile"":0.5070507050705071,""bootstrap_expected_tail_counts"":[313.85142705845715,194.0261044804333],""minimum_valid_repetitions"":20,""resampled_valid_count_range"":[24,24],""resampling_plan_sha256"":""22e338ef5a1c028306ca7a03b188d650d83f0028ecc282ee953e70e4258651ef"",""undefined_bootstrap_replicates"":0},""interval_status"":""available"",""mean_seconds"":9.256103474991733,""output_outcome_counts"":{""infrastructure_interruption"":0,""measurement_available"":0,""not_run"":0,""numerical_failure"":0,""output_failure_unclassified"":0,""resource_failure"":0,""valid"":24},""planned"":24,""plot_error_cost_point"":true,""reference_kind"":""finite_mcmc""}"
sigmoid_q1,cpu-nuts-spawn_chains,1024,research_execution,24,24,finite_mcmc,0.42288078897091724,2.1694164929430826e-05,3.7181715800807276e-08,2.3989235431688647e-08,5.9327543889766736e-08,available,11.516672883335787,11.232786861603229,11.853664170251822,available,True,"{""bca_acceleration"":0.06455451652363893,""bca_adjusted_quantiles"":[0.04754403838353852,0.9902355281785418],""bca_bias_percentile"":0.5157515751575158,""bootstrap_expected_tail_counts"":[475.3928397970016,97.63495374276086],""claim_type"":""finite_reference_discrepancy"",""conditional_squared_discrepancy"":3.7181715800807276e-08,""confidence_interval"":{""high"":5.9327543889766736e-08,""low"":2.3989235431688647e-08},""confidence_level"":0.95,""failed_or_unavailable"":0,""interval_coverage"":""pointwise_conditional_on_supplied_reference"",""interval_method"":""BCa"",""interval_status"":""available"",""minimum_valid_repetitions"":20,""observed_estimate_mean"":0.4229594295902329,""planned"":24,""reference_eligible"":true,""reference_kind"":""finite_mcmc"",""reference_mcse"":2.1694164929430826e-05,""reference_shift_is_confidence_interval"":false,""reference_shift_max"":4.588843323109276e-08,""reference_shift_min"":3.22400927064008e-08,""resampled_valid_count_range"":[24,24],""resampling_plan_sha256"":""22e338ef5a1c028306ca7a03b188d650d83f0028ecc282ee953e70e4258651ef"",""squared_discrepancy_standard_error"":8.668416970814637e-09,""supplied_reference_value"":0.42288078897091724,""unconditional_squared_discrepancy"":3.7181715800807276e-08,""undefined_bootstrap_replicates"":0,""valid"":24}","{""available_functions_missing_cost"":0,""conditioning"":""same finite function estimates as conditional error; all such costs must be complete"",""confidence_interval"":{""high"":11.853664170251822,""low"":11.232786861603229},""function_available"":24,""interval_diagnostics"":{""bca_acceleration"":0.016742908371208943,""bca_adjusted_quantiles"":[0.03175052220693676,0.9808365318219163],""bca_bias_percentile"":0.5086508650865087,""bootstrap_expected_tail_counts"":[317.47347154716067,191.61551831265868],""minimum_valid_repetitions"":20,""resampled_valid_count_range"":[24,24],""resampling_plan_sha256"":""22e338ef5a1c028306ca7a03b188d650d83f0028ecc282ee953e70e4258651ef"",""undefined_bootstrap_replicates"":0},""interval_status"":""available"",""mean_seconds"":11.516672883335787,""output_outcome_counts"":{""infrastructure_interruption"":0,""measurement_available"":0,""not_run"":0,""numerical_failure"":0,""output_failure_unclassified"":0,""resource_failure"":0,""valid"":24},""planned"":24,""plot_error_cost_point"":true,""reference_kind"":""finite_mcmc""}"
sigmoid_q1,cpu-nuts-spawn_chains,4096,ordinary_workflow,24,6,finite_mcmc,0.42288078897091724,2.1694164929430826e-05,9.797367287800682e-09,,,fewer_than_20_valid_repetitions,20.49196591666805,,,fewer_than_20_valid_repetitions,True,"{""claim_type"":""finite_reference_discrepancy"",""conditional_squared_discrepancy"":9.797367287800682e-09,""confidence_interval"":null,""confidence_level"":0.95,""failed_or_unavailable"":18,""interval_coverage"":""pointwise_conditional_on_supplied_reference"",""interval_method"":""BCa"",""interval_status"":""fewer_than_20_valid_repetitions"",""minimum_valid_repetitions"":20,""observed_estimate_mean"":0.42287207790156905,""planned"":24,""reference_eligible"":true,""reference_kind"":""finite_mcmc"",""reference_mcse"":2.1694164929430826e-05,""reference_shift_is_confidence_interval"":false,""reference_shift_max"":1.2435831956344247e-08,""reference_shift_min"":9.721484558611894e-09,""resampling_plan_sha256"":""22e338ef5a1c028306ca7a03b188d650d83f0028ecc282ee953e70e4258651ef"",""squared_discrepancy_standard_error"":4.941684873982198e-09,""supplied_reference_value"":0.42288078897091724,""unconditional_squared_discrepancy"":null,""valid"":6}","{""available_functions_missing_cost"":0,""conditioning"":""same finite function estimates as conditional error; all such costs must be complete"",""confidence_interval"":null,""function_available"":6,""interval_diagnostics"":{""minimum_valid_repetitions"":20,""resampling_plan_sha256"":""22e338ef5a1c028306ca7a03b188d650d83f0028ecc282ee953e70e4258651ef""},""interval_status"":""fewer_than_20_valid_repetitions"",""mean_seconds"":20.49196591666805,""output_outcome_counts"":{""infrastructure_interruption"":0,""measurement_available"":0,""not_run"":0,""numerical_failure"":0,""output_failure_unclassified"":18,""resource_failure"":0,""valid"":6},""planned"":24,""plot_error_cost_point"":true,""reference_kind"":""finite_mcmc""}"
sigmoid_q1,cpu-nuts-spawn_chains,4096,research_execution,24,6,finite_mcmc,0.42288078897091724,2.1694164929430826e-05,9.797367287800682e-09,,,fewer_than_20_valid_repetitions,22.868082866665645,,,fewer_than_20_valid_repetitions,True,"{""claim_type"":""finite_reference_discrepancy"",""conditional_squared_discrepancy"":9.797367287800682e-09,""confidence_interval"":null,""confidence_level"":0.95,""failed_or_unavailable"":18,""interval_coverage"":""pointwise_conditional_on_supplied_reference"",""interval_method"":""BCa"",""interval_status"":""fewer_than_20_valid_repetitions"",""minimum_valid_repetitions"":20,""observed_estimate_mean"":0.42287207790156905,""planned"":24,""reference_eligible"":true,""reference_kind"":""finite_mcmc"",""reference_mcse"":2.1694164929430826e-05,""reference_shift_is_confidence_interval"":false,""reference_shift_max"":1.2435831956344247e-08,""reference_shift_min"":9.721484558611894e-09,""resampling_plan_sha256"":""22e338ef5a1c028306ca7a03b188d650d83f0028ecc282ee953e70e4258651ef"",""squared_discrepancy_standard_error"":4.941684873982198e-09,""supplied_reference_value"":0.42288078897091724,""unconditional_squared_discrepancy"":null,""valid"":6}","{""available_functions_missing_cost"":0,""conditioning"":""same finite function estimates as conditional error; all such costs must be complete"",""confidence_interval"":null,""function_available"":6,""interval_diagnostics"":{""minimum_valid_repetitions"":20,""resampling_plan_sha256"":""22e338ef5a1c028306ca7a03b188d650d83f0028ecc282ee953e70e4258651ef""},""interval_status"":""fewer_than_20_valid_repetitions"",""mean_seconds"":22.868082866665645,""output_outcome_counts"":{""infrastructure_interruption"":0,""measurement_available"":0,""not_run"":0,""numerical_failure"":0,""output_failure_unclassified"":18,""resource_failure"":0,""valid"":6},""planned"":24,""plot_error_cost_point"":true,""reference_kind"":""finite_mcmc""}"
sigmoid_q1,cpu-rwm-online_picard,1024,ordinary_workflow,24,24,finite_mcmc,0.42288078897091724,2.1694164929430826e-05,9.553311288289812e-07,5.982435499914374e-07,1.4492269570148052e-06,available,5.025548720834043,4.974487704732732,5.084022034211534,available,True,"{""bca_acceleration"":0.041074471883715775,""bca_adjusted_quantiles"":[0.03907331686180937,0.9858525811128485],""bca_bias_percentile"":0.5112511251125113,""bootstrap_expected_tail_counts"":[390.6940953012319,141.46004145262827],""claim_type"":""finite_reference_discrepancy"",""conditional_squared_discrepancy"":9.553311288289812e-07,""confidence_interval"":{""high"":1.4492269570148052e-06,""low"":5.982435499914374e-07},""confidence_level"":0.95,""failed_or_unavailable"":0,""interval_coverage"":""pointwise_conditional_on_supplied_reference"",""interval_method"":""BCa"",""interval_status"":""available"",""minimum_valid_repetitions"":20,""observed_estimate_mean"":0.42306432488685286,""planned"":24,""reference_eligible"":true,""reference_kind"":""finite_mcmc"",""reference_mcse"":2.1694164929430826e-05,""reference_shift_is_confidence_interval"":false,""reference_shift_max"":9.7314030972004e-07,""reference_shift_min"":9.412870422738013e-07,""resampled_valid_count_range"":[24,24],""resampling_plan_sha256"":""22e338ef5a1c028306ca7a03b188d650d83f0028ecc282ee953e70e4258651ef"",""squared_discrepancy_standard_error"":2.1809138233660465e-07,""supplied_reference_value"":0.42288078897091724,""unconditional_squared_discrepancy"":9.553311288289812e-07,""undefined_bootstrap_replicates"":0,""valid"":24}","{""available_functions_missing_cost"":0,""conditioning"":""same finite function estimates as conditional error; all such costs must be complete"",""confidence_interval"":{""high"":5.084022034211534,""low"":4.974487704732732},""function_available"":24,""interval_diagnostics"":{""bca_acceleration"":0.015632588026159955,""bca_adjusted_quantiles"":[0.028241254169082703,0.978098089157705],""bca_bias_percentile"":0.49884988498849886,""bootstrap_expected_tail_counts"":[282.38430043665795,218.9972065121075],""minimum_valid_repetitions"":20,""resampled_valid_count_range"":[24,24],""resampling_plan_sha256"":""22e338ef5a1c028306ca7a03b188d650d83f0028ecc282ee953e70e4258651ef"",""undefined_bootstrap_replicates"":0},""interval_status"":""available"",""mean_seconds"":5.025548720834043,""output_outcome_counts"":{""infrastructure_interruption"":0,""measurement_available"":0,""not_run"":0,""numerical_failure"":0,""output_failure_unclassified"":0,""resource_failure"":0,""valid"":24},""planned"":24,""plot_error_cost_point"":true,""reference_kind"":""finite_mcmc""}"
sigmoid_q1,cpu-rwm-online_picard,1024,research_execution,24,24,finite_mcmc,0.42288078897091724,2.1694164929430826e-05,9.553311288289812e-07,5.982435499914374e-07,1.4492269570148052e-06,available,8.165349070835342,8.078967330763241,8.255902973938369,available,True,"{""bca_acceleration"":0.041074471883715775,""bca_adjusted_quantiles"":[0.03907331686180937,0.9858525811128485],""bca_bias_percentile"":0.5112511251125113,""bootstrap_expected_tail_counts"":[390.6940953012319,141.46004145262827],""claim_type"":""finite_reference_discrepancy"",""conditional_squared_discrepancy"":9.553311288289812e-07,""confidence_interval"":{""high"":1.4492269570148052e-06,""low"":5.982435499914374e-07},""confidence_level"":0.95,""failed_or_unavailable"":0,""interval_coverage"":""pointwise_conditional_on_supplied_reference"",""interval_method"":""BCa"",""interval_status"":""available"",""minimum_valid_repetitions"":20,""observed_estimate_mean"":0.42306432488685286,""planned"":24,""reference_eligible"":true,""reference_kind"":""finite_mcmc"",""reference_mcse"":2.1694164929430826e-05,""reference_shift_is_confidence_interval"":false,""reference_shift_max"":9.7314030972004e-07,""reference_shift_min"":9.412870422738013e-07,""resampled_valid_count_range"":[24,24],""resampling_plan_sha256"":""22e338ef5a1c028306ca7a03b188d650d83f0028ecc282ee953e70e4258651ef"",""squared_discrepancy_standard_error"":2.1809138233660465e-07,""supplied_reference_value"":0.42288078897091724,""unconditional_squared_discrepancy"":9.553311288289812e-07,""undefined_bootstrap_replicates"":0,""valid"":24}","{""available_functions_missing_cost"":0,""conditioning"":""same finite function estimates as conditional error; all such costs must be complete"",""confidence_interval"":{""high"":8.255902973938369,""low"":8.078967330763241},""function_available"":24,""interval_diagnostics"":{""bca_acceleration"":0.003757246116068012,""bca_adjusted_quantiles"":[0.025389016468483603,0.9753896669077576],""bca_bias_percentile"":0.49844984498449846,""bootstrap_expected_tail_counts"":[253.86477566836754,246.0787205893314],""minimum_valid_repetitions"":20,""resampled_valid_count_range"":[24,24],""resampling_plan_sha256"":""22e338ef5a1c028306ca7a03b188d650d83f0028ecc282ee953e70e4258651ef"",""undefined_bootstrap_replicates"":0},""interval_status"":""available"",""mean_seconds"":8.165349070835342,""output_outcome_counts"":{""infrastructure_interruption"":0,""measurement_available"":0,""not_run"":0,""numerical_failure"":0,""output_failure_unclassified"":0,""resource_failure"":0,""valid"":24},""planned"":24,""plot_error_cost_point"":true,""reference_kind"":""finite_mcmc""}"
sigmoid_q1,cpu-rwm-online_picard,4096,ordinary_workflow,24,24,finite_mcmc,0.42288078897091724,2.1694164929430826e-05,2.3976448557118644e-07,1.3621521421117798e-07,4.3197842963313643e-07,available,10.946438191669813,10.746506678604309,11.152406282113693,available,True,"{""bca_acceleration"":0.07036565275168663,""bca_adjusted_quantiles"":[0.05000833884487115,0.9912578863495527],""bca_bias_percentile"":0.5174517451745174,""bootstrap_expected_tail_counts"":[500.03338010986664,87.41239439082258],""claim_type"":""finite_reference_discrepancy"",""conditional_squared_discrepancy"":2.3976448557118644e-07,""confidence_interval"":{""high"":4.3197842963313643e-07,""low"":1.3621521421117798e-07},""confidence_level"":0.95,""failed_or_unavailable"":0,""interval_coverage"":""pointwise_conditional_on_supplied_reference"",""interval_method"":""BCa"",""interval_status"":""available"",""minimum_valid_repetitions"":20,""observed_estimate_mean"":0.4230005340042715,""planned"":24,""reference_eligible"":true,""reference_kind"":""finite_mcmc"",""reference_mcse"":2.1694164929430826e-05,""reference_shift_is_confidence_interval"":false,""reference_shift_max"":2.5203810675138994e-07,""reference_shift_min"":2.31255958726862e-07,""resampled_valid_count_range"":[24,24],""resampling_plan_sha256"":""22e338ef5a1c028306ca7a03b188d650d83f0028ecc282ee953e70e4258651ef"",""squared_discrepancy_standard_error"":7.116506992029448e-08,""supplied_reference_value"":0.42288078897091724,""unconditional_squared_discrepancy"":2.3976448557118644e-07,""undefined_bootstrap_replicates"":0,""valid"":24}","{""available_functions_missing_cost"":0,""conditioning"":""same finite function estimates as conditional error; all such costs must be complete"",""confidence_interval"":{""high"":11.152406282113693,""low"":10.746506678604309},""function_available"":24,""interval_diagnostics"":{""bca_acceleration"":0.002280557147408434,""bca_adjusted_quantiles"":[0.025204120122087153,0.9752045465885121],""bca_bias_percentile"":0.49894989498949893,""bootstrap_expected_tail_counts"":[252.01599710074944,247.92973866146772],""minimum_valid_repetitions"":20,""resampled_valid_count_range"":[24,24],""resampling_plan_sha256"":""22e338ef5a1c028306ca7a03b188d650d83f0028ecc282ee953e70e4258651ef"",""undefined_bootstrap_replicates"":0},""interval_status"":""available"",""mean_seconds"":10.946438191669813,""output_outcome_counts"":{""infrastructure_interruption"":0,""measurement_available"":0,""not_run"":0,""numerical_failure"":0,""output_failure_unclassified"":0,""resource_failure"":0,""valid"":24},""planned"":24,""plot_error_cost_point"":true,""reference_kind"":""finite_mcmc""}"
sigmoid_q1,cpu-rwm-online_picard,4096,research_execution,24,24,finite_mcmc,0.42288078897091724,2.1694164929430826e-05,2.3976448557118644e-07,1.3621521421117798e-07,4.3197842963313643e-07,available,15.912712170829687,15.671332665747167,16.155775356117463,available,True,"{""bca_acceleration"":0.07036565275168663,""bca_adjusted_quantiles"":[0.05000833884487115,0.9912578863495527],""bca_bias_percentile"":0.5174517451745174,""bootstrap_expected_tail_counts"":[500.03338010986664,87.41239439082258],""claim_type"":""finite_reference_discrepancy"",""conditional_squared_discrepancy"":2.3976448557118644e-07,""confidence_interval"":{""high"":4.3197842963313643e-07,""low"":1.3621521421117798e-07},""confidence_level"":0.95,""failed_or_unavailable"":0,""interval_coverage"":""pointwise_conditional_on_supplied_reference"",""interval_method"":""BCa"",""interval_status"":""available"",""minimum_valid_repetitions"":20,""observed_estimate_mean"":0.4230005340042715,""planned"":24,""reference_eligible"":true,""reference_kind"":""finite_mcmc"",""reference_mcse"":2.1694164929430826e-05,""reference_shift_is_confidence_interval"":false,""reference_shift_max"":2.5203810675138994e-07,""reference_shift_min"":2.31255958726862e-07,""resampled_valid_count_range"":[24,24],""resampling_plan_sha256"":""22e338ef5a1c028306ca7a03b188d650d83f0028ecc282ee953e70e4258651ef"",""squared_discrepancy_standard_error"":7.116506992029448e-08,""supplied_reference_value"":0.42288078897091724,""unconditional_squared_discrepancy"":2.3976448557118644e-07,""undefined_bootstrap_replicates"":0,""valid"":24}","{""available_functions_missing_cost"":0,""conditioning"":""same finite function estimates as conditional error; all such costs must be complete"",""confidence_interval"":{""high"":16.155775356117463,""low"":15.671332665747167},""function_available"":24,""interval_diagnostics"":{""bca_acceleration"":-0.0008447697967071724,""bca_adjusted_quantiles"":[0.02470872507846795,0.9747068290490699],""bca_bias_percentile"":0.49964996499649966,""bootstrap_expected_tail_counts"":[247.06254205960104,252.90641633834994],""minimum_valid_repetitions"":20,""resampled_valid_count_range"":[24,24],""resampling_plan_sha256"":""22e338ef5a1c028306ca7a03b188d650d83f0028ecc282ee953e70e4258651ef"",""undefined_bootstrap_replicates"":0},""interval_status"":""available"",""mean_seconds"":15.912712170829687,""output_outcome_counts"":{""infrastructure_interruption"":0,""measurement_available"":0,""not_run"":0,""numerical_failure"":0,""output_failure_unclassified"":0,""resource_failure"":0,""valid"":24},""planned"":24,""plot_error_cost_point"":true,""reference_kind"":""finite_mcmc""}"
sigmoid_q1,cpu-rwm-sequential,1024,ordinary_workflow,24,24,finite_mcmc,0.42288078897091724,2.1694164929430826e-05,9.553311288291705e-07,5.982435499914825e-07,1.449226957015199e-06,available,3.3117422833374803,3.3012515067574246,3.321665904815506,available,True,"{""bca_acceleration"":0.04107447188371721,""bca_adjusted_quantiles"":[0.03907331686180977,0.9858525811128487],""bca_bias_percentile"":0.5112511251125113,""bootstrap_expected_tail_counts"":[390.6940953012359,141.46004145262606],""claim_type"":""finite_reference_discrepancy"",""conditional_squared_discrepancy"":9.553311288291705e-07,""confidence_interval"":{""high"":1.449226957015199e-06,""low"":5.982435499914825e-07},""confidence_level"":0.95,""failed_or_unavailable"":0,""interval_coverage"":""pointwise_conditional_on_supplied_reference"",""interval_method"":""BCa"",""interval_status"":""available"",""minimum_valid_repetitions"":20,""observed_estimate_mean"":0.42306432488685286,""planned"":24,""reference_eligible"":true,""reference_kind"":""finite_mcmc"",""reference_mcse"":2.1694164929430826e-05,""reference_shift_is_confidence_interval"":false,""reference_shift_max"":9.731403097202277e-07,""reference_shift_min"":9.412870422739925e-07,""resampled_valid_count_range"":[24,24],""resampling_plan_sha256"":""22e338ef5a1c028306ca7a03b188d650d83f0028ecc282ee953e70e4258651ef"",""squared_discrepancy_standard_error"":2.1809138233667402e-07,""supplied_reference_value"":0.42288078897091724,""unconditional_squared_discrepancy"":9.553311288291705e-07,""undefined_bootstrap_replicates"":0,""valid"":24}","{""available_functions_missing_cost"":0,""conditioning"":""same finite function estimates as conditional error; all such costs must be complete"",""confidence_interval"":{""high"":3.321665904815506,""low"":3.3012515067574246},""function_available"":24,""interval_diagnostics"":{""bca_acceleration"":-0.007359641527567808,""bca_adjusted_quantiles"":[0.022308998496561466,0.9721299960696193],""bca_bias_percentile"":0.4961496149614962,""bootstrap_expected_tail_counts"":[223.0676759671181,278.6721692998771],""minimum_valid_repetitions"":20,""resampled_valid_count_range"":[24,24],""resampling_plan_sha256"":""22e338ef5a1c028306ca7a03b188d650d83f0028ecc282ee953e70e4258651ef"",""undefined_bootstrap_replicates"":0},""interval_status"":""available"",""mean_seconds"":3.3117422833374803,""output_outcome_counts"":{""infrastructure_interruption"":0,""measurement_available"":0,""not_run"":0,""numerical_failure"":0,""output_failure_unclassified"":0,""resource_failure"":0,""valid"":24},""planned"":24,""plot_error_cost_point"":true,""reference_kind"":""finite_mcmc""}"
sigmoid_q1,cpu-rwm-sequential,1024,research_execution,24,24,finite_mcmc,0.42288078897091724,2.1694164929430826e-05,9.553311288291705e-07,5.982435499914825e-07,1.449226957015199e-06,available,6.467327408331964,6.4425658701692745,6.495527640577645,available,True,"{""bca_acceleration"":0.04107447188371721,""bca_adjusted_quantiles"":[0.03907331686180977,0.9858525811128487],""bca_bias_percentile"":0.5112511251125113,""bootstrap_expected_tail_counts"":[390.6940953012359,141.46004145262606],""claim_type"":""finite_reference_discrepancy"",""conditional_squared_discrepancy"":9.553311288291705e-07,""confidence_interval"":{""high"":1.449226957015199e-06,""low"":5.982435499914825e-07},""confidence_level"":0.95,""failed_or_unavailable"":0,""interval_coverage"":""pointwise_conditional_on_supplied_reference"",""interval_method"":""BCa"",""interval_status"":""available"",""minimum_valid_repetitions"":20,""observed_estimate_mean"":0.42306432488685286,""planned"":24,""reference_eligible"":true,""reference_kind"":""finite_mcmc"",""reference_mcse"":2.1694164929430826e-05,""reference_shift_is_confidence_interval"":false,""reference_shift_max"":9.731403097202277e-07,""reference_shift_min"":9.412870422739925e-07,""resampled_valid_count_range"":[24,24],""resampling_plan_sha256"":""22e338ef5a1c028306ca7a03b188d650d83f0028ecc282ee953e70e4258651ef"",""squared_discrepancy_standard_error"":2.1809138233667402e-07,""supplied_reference_value"":0.42288078897091724,""unconditional_squared_discrepancy"":9.553311288291705e-07,""undefined_bootstrap_replicates"":0,""valid"":24}","{""available_functions_missing_cost"":0,""conditioning"":""same finite function estimates as conditional error; all such costs must be complete"",""confidence_interval"":{""high"":6.495527640577645,""low"":6.4425658701692745},""function_available"":24,""interval_diagnostics"":{""bca_acceleration"":0.013314514918405282,""bca_adjusted_quantiles"":[0.030083750711513712,0.9795564657242039],""bca_bias_percentile"":0.5062506250625063,""bootstrap_expected_tail_counts"":[300.80742336442563,204.4148992236857],""minimum_valid_repetitions"":20,""resampled_valid_count_range"":[24,24],""resampling_plan_sha256"":""22e338ef5a1c028306ca7a03b188d650d83f0028ecc282ee953e70e4258651ef"",""undefined_bootstrap_replicates"":0},""interval_status"":""available"",""mean_seconds"":6.467327408331964,""output_outcome_counts"":{""infrastructure_interruption"":0,""measurement_available"":0,""not_run"":0,""numerical_failure"":0,""output_failure_unclassified"":0,""resource_failure"":0,""valid"":24},""planned"":24,""plot_error_cost_point"":true,""reference_kind"":""finite_mcmc""}"
sigmoid_q1,cpu-rwm-sequential,4096,ordinary_workflow,24,24,finite_mcmc,0.42288078897091724,2.1694164929430826e-05,2.39764485571186e-07,1.3621521421117737e-07,4.319784296331366e-07,available,5.640719370836147,5.585629776883597,5.703465009096276,available,True,"{""bca_acceleration"":0.07036565275168671,""bca_adjusted_quantiles"":[0.05000833884487122,0.9912578863495527],""bca_bias_percentile"":0.5174517451745174,""bootstrap_expected_tail_counts"":[500.0333801098673,87.41239439082258],""claim_type"":""finite_reference_discrepancy"",""conditional_squared_discrepancy"":2.39764485571186e-07,""confidence_interval"":{""high"":4.319784296331366e-07,""low"":1.3621521421117737e-07},""confidence_level"":0.95,""failed_or_unavailable"":0,""interval_coverage"":""pointwise_conditional_on_supplied_reference"",""interval_method"":""BCa"",""interval_status"":""available"",""minimum_valid_repetitions"":20,""observed_estimate_mean"":0.42300053400427146,""planned"":24,""reference_eligible"":true,""reference_kind"":""finite_mcmc"",""reference_mcse"":2.1694164929430826e-05,""reference_shift_is_confidence_interval"":false,""reference_shift_max"":2.520381067513881e-07,""reference_shift_min"":2.3125595872686295e-07,""resampled_valid_count_range"":[24,24],""resampling_plan_sha256"":""22e338ef5a1c028306ca7a03b188d650d83f0028ecc282ee953e70e4258651ef"",""squared_discrepancy_standard_error"":7.116506992029447e-08,""supplied_reference_value"":0.42288078897091724,""unconditional_squared_discrepancy"":2.39764485571186e-07,""undefined_bootstrap_replicates"":0,""valid"":24}","{""available_functions_missing_cost"":0,""conditioning"":""same finite function estimates as conditional error; all such costs must be complete"",""confidence_interval"":{""high"":5.703465009096276,""low"":5.585629776883597},""function_available"":24,""interval_diagnostics"":{""bca_acceleration"":0.015587433976724366,""bca_adjusted_quantiles"":[0.029710393028388314,0.9793040176385499],""bca_bias_percentile"":0.5034503450345035,""bootstrap_expected_tail_counts"":[297.07421989085475,206.93912763213947],""minimum_valid_repetitions"":20,""resampled_valid_count_range"":[24,24],""resampling_plan_sha256"":""22e338ef5a1c028306ca7a03b188d650d83f0028ecc282ee953e70e4258651ef"",""undefined_bootstrap_replicates"":0},""interval_status"":""available"",""mean_seconds"":5.640719370836147,""output_outcome_counts"":{""infrastructure_interruption"":0,""measurement_available"":0,""not_run"":0,""numerical_failure"":0,""output_failure_unclassified"":0,""resource_failure"":0,""valid"":24},""planned"":24,""plot_error_cost_point"":true,""reference_kind"":""finite_mcmc""}"
sigmoid_q1,cpu-rwm-sequential,4096,research_execution,24,24,finite_mcmc,0.42288078897091724,2.1694164929430826e-05,2.39764485571186e-07,1.3621521421117737e-07,4.319784296331366e-07,available,10.582119074997422,10.512989349540932,10.665384011514798,available,True,"{""bca_acceleration"":0.07036565275168671,""bca_adjusted_quantiles"":[0.05000833884487122,0.9912578863495527],""bca_bias_percentile"":0.5174517451745174,""bootstrap_expected_tail_counts"":[500.0333801098673,87.41239439082258],""claim_type"":""finite_reference_discrepancy"",""conditional_squared_discrepancy"":2.39764485571186e-07,""confidence_interval"":{""high"":4.319784296331366e-07,""low"":1.3621521421117737e-07},""confidence_level"":0.95,""failed_or_unavailable"":0,""interval_coverage"":""pointwise_conditional_on_supplied_reference"",""interval_method"":""BCa"",""interval_status"":""available"",""minimum_valid_repetitions"":20,""observed_estimate_mean"":0.42300053400427146,""planned"":24,""reference_eligible"":true,""reference_kind"":""finite_mcmc"",""reference_mcse"":2.1694164929430826e-05,""reference_shift_is_confidence_interval"":false,""reference_shift_max"":2.520381067513881e-07,""reference_shift_min"":2.3125595872686295e-07,""resampled_valid_count_range"":[24,24],""resampling_plan_sha256"":""22e338ef5a1c028306ca7a03b188d650d83f0028ecc282ee953e70e4258651ef"",""squared_discrepancy_standard_error"":7.116506992029447e-08,""supplied_reference_value"":0.42288078897091724,""unconditional_squared_discrepancy"":2.39764485571186e-07,""undefined_bootstrap_replicates"":0,""valid"":24}","{""available_functions_missing_cost"":0,""conditioning"":""same finite function estimates as conditional error; all such costs must be complete"",""confidence_interval"":{""high"":10.665384011514798,""low"":10.512989349540932},""function_available"":24,""interval_diagnostics"":{""bca_acceleration"":0.020740724243351993,""bca_adjusted_quantiles"":[0.03272556212666805,0.9815898725467109],""bca_bias_percentile"":0.5085508550855086,""bootstrap_expected_tail_counts"":[327.2228957045538,184.08286440543742],""minimum_valid_repetitions"":20,""resampled_valid_count_range"":[24,24],""resampling_plan_sha256"":""22e338ef5a1c028306ca7a03b188d650d83f0028ecc282ee953e70e4258651ef"",""undefined_bootstrap_replicates"":0},""interval_status"":""available"",""mean_seconds"":10.582119074997422,""output_outcome_counts"":{""infrastructure_interruption"":0,""measurement_available"":0,""not_run"":0,""numerical_failure"":0,""output_failure_unclassified"":0,""resource_failure"":0,""valid"":24},""planned"":24,""plot_error_cost_point"":true,""reference_kind"":""finite_mcmc""}"
sigmoid_q1,cuda-mala-quasi_deer,1024,ordinary_workflow,24,24,finite_mcmc,0.42288078897091724,2.1694164929430826e-05,1.5761620881095042e-07,1.0469513470731563e-07,2.2170223895501774e-07,available,24.57101335416674,24.29193645294084,24.737848500979506,available,True,"{""bca_acceleration"":0.027577835669696252,""bca_adjusted_quantiles"":[0.032247733426824986,0.9814154378770901],""bca_bias_percentile"":0.5022502250225023,""bootstrap_expected_tail_counts"":[322.445086534823,185.8270366669764],""claim_type"":""finite_reference_discrepancy"",""conditional_squared_discrepancy"":1.5761620881095042e-07,""confidence_interval"":{""high"":2.2170223895501774e-07,""low"":1.0469513470731563e-07},""confidence_level"":0.95,""failed_or_unavailable"":0,""interval_coverage"":""pointwise_conditional_on_supplied_reference"",""interval_method"":""BCa"",""interval_status"":""available"",""minimum_valid_repetitions"":20,""observed_estimate_mean"":0.42295861313239635,""planned"":24,""reference_eligible"":true,""reference_kind"":""finite_mcmc"",""reference_mcse"":2.1694164929430826e-05,""reference_shift_is_confidence_interval"":false,""reference_shift_max"":1.662520767573788e-07,""reference_shift_min"":1.5274543520040103e-07,""resampled_valid_count_range"":[24,24],""resampling_plan_sha256"":""22e338ef5a1c028306ca7a03b188d650d83f0028ecc282ee953e70e4258651ef"",""squared_discrepancy_standard_error"":3.0686409202575244e-08,""supplied_reference_value"":0.42288078897091724,""unconditional_squared_discrepancy"":1.5761620881095042e-07,""undefined_bootstrap_replicates"":0,""valid"":24}","{""available_functions_missing_cost"":0,""conditioning"":""same finite function estimates as conditional error; all such costs must be complete"",""confidence_interval"":{""high"":24.737848500979506,""low"":24.29193645294084},""function_available"":24,""interval_diagnostics"":{""bca_acceleration"":-0.05443043150078718,""bca_adjusted_quantiles"":[0.008838229465447458,0.9481752823951903],""bca_bias_percentile"":0.46854685468546853,""bootstrap_expected_tail_counts"":[88.37345642500914,518.1953513304918],""minimum_valid_repetitions"":20,""resampled_valid_count_range"":[24,24],""resampling_plan_sha256"":""22e338ef5a1c028306ca7a03b188d650d83f0028ecc282ee953e70e4258651ef"",""undefined_bootstrap_replicates"":0},""interval_status"":""available"",""mean_seconds"":24.57101335416674,""output_outcome_counts"":{""infrastructure_interruption"":0,""measurement_available"":0,""not_run"":0,""numerical_failure"":0,""output_failure_unclassified"":0,""resource_failure"":0,""valid"":24},""planned"":24,""plot_error_cost_point"":true,""reference_kind"":""finite_mcmc""}"
sigmoid_q1,cuda-mala-quasi_deer,1024,research_execution,24,24,finite_mcmc,0.42288078897091724,2.1694164929430826e-05,1.5761620881095042e-07,1.0469513470731563e-07,2.2170223895501774e-07,available,28.712666933336283,28.452855646531976,28.87961754206757,available,True,"{""bca_acceleration"":0.027577835669696252,""bca_adjusted_quantiles"":[0.032247733426824986,0.9814154378770901],""bca_bias_percentile"":0.5022502250225023,""bootstrap_expected_tail_counts"":[322.445086534823,185.8270366669764],""claim_type"":""finite_reference_discrepancy"",""conditional_squared_discrepancy"":1.5761620881095042e-07,""confidence_interval"":{""high"":2.2170223895501774e-07,""low"":1.0469513470731563e-07},""confidence_level"":0.95,""failed_or_unavailable"":0,""interval_coverage"":""pointwise_conditional_on_supplied_reference"",""interval_method"":""BCa"",""interval_status"":""available"",""minimum_valid_repetitions"":20,""observed_estimate_mean"":0.42295861313239635,""planned"":24,""reference_eligible"":true,""reference_kind"":""finite_mcmc"",""reference_mcse"":2.1694164929430826e-05,""reference_shift_is_confidence_interval"":false,""reference_shift_max"":1.662520767573788e-07,""reference_shift_min"":1.5274543520040103e-07,""resampled_valid_count_range"":[24,24],""resampling_plan_sha256"":""22e338ef5a1c028306ca7a03b188d650d83f0028ecc282ee953e70e4258651ef"",""squared_discrepancy_standard_error"":3.0686409202575244e-08,""supplied_reference_value"":0.42288078897091724,""unconditional_squared_discrepancy"":1.5761620881095042e-07,""undefined_bootstrap_replicates"":0,""valid"":24}","{""available_functions_missing_cost"":0,""conditioning"":""same finite function estimates as conditional error; all such costs must be complete"",""confidence_interval"":{""high"":28.87961754206757,""low"":28.452855646531976},""function_available"":24,""interval_diagnostics"":{""bca_acceleration"":-0.0457386828587446,""bca_adjusted_quantiles"":[0.010376090286409092,0.9521076222921147],""bca_bias_percentile"":0.47124712471247127,""bootstrap_expected_tail_counts"":[103.75052677380451,478.8758847011456],""minimum_valid_repetitions"":20,""resampled_valid_count_range"":[24,24],""resampling_plan_sha256"":""22e338ef5a1c028306ca7a03b188d650d83f0028ecc282ee953e70e4258651ef"",""undefined_bootstrap_replicates"":0},""interval_status"":""available"",""mean_seconds"":28.712666933336283,""output_outcome_counts"":{""infrastructure_interruption"":0,""measurement_available"":0,""not_run"":0,""numerical_failure"":0,""output_failure_unclassified"":0,""resource_failure"":0,""valid"":24},""planned"":24,""plot_error_cost_point"":true,""reference_kind"":""finite_mcmc""}"
sigmoid_q1,cuda-mala-quasi_deer,4096,ordinary_workflow,24,24,finite_mcmc,0.42288078897091724,2.1694164929430826e-05,4.966677667148291e-08,2.9693311021383803e-08,8.05081272638409e-08,available,66.325458870834,65.68306965605305,66.77295669412858,available,True,"{""bca_acceleration"":0.04509076064453816,""bca_adjusted_quantiles"":[0.050004525983917136,0.9902668559116686],""bca_bias_percentile"":0.5336533653365336,""bootstrap_expected_tail_counts"":[499.99525531318744,97.32170773922536],""claim_type"":""finite_reference_discrepancy"",""conditional_squared_discrepancy"":4.966677667148291e-08,""confidence_interval"":{""high"":8.05081272638409e-08,""low"":2.9693311021383803e-08},""confidence_level"":0.95,""failed_or_unavailable"":0,""interval_coverage"":""pointwise_conditional_on_supplied_reference"",""interval_method"":""BCa"",""interval_status"":""available"",""minimum_valid_repetitions"":20,""observed_estimate_mean"":0.4229246002141504,""planned"":24,""reference_eligible"":true,""reference_kind"":""finite_mcmc"",""reference_mcse"":2.1694164929430826e-05,""reference_shift_is_confidence_interval"":false,""reference_shift_max"":5.5351117185273096e-08,""reference_shift_min"":4.774753049357174e-08,""resampled_valid_count_range"":[24,24],""resampling_plan_sha256"":""22e338ef5a1c028306ca7a03b188d650d83f0028ecc282ee953e70e4258651ef"",""squared_discrepancy_standard_error"":1.2817625373395424e-08,""supplied_reference_value"":0.42288078897091724,""unconditional_squared_discrepancy"":4.966677667148291e-08,""undefined_bootstrap_replicates"":0,""valid"":24}","{""available_functions_missing_cost"":0,""conditioning"":""same finite function estimates as conditional error; all such costs must be complete"",""confidence_interval"":{""high"":66.77295669412858,""low"":65.68306965605305},""function_available"":24,""interval_diagnostics"":{""bca_acceleration"":-0.04612391583557127,""bca_adjusted_quantiles"":[0.012713214796819198,0.9582489439300618],""bca_bias_percentile"":0.48554855485548554,""bootstrap_expected_tail_counts"":[127.11943475339515,417.46880964331234],""minimum_valid_repetitions"":20,""resampled_valid_count_range"":[24,24],""resampling_plan_sha256"":""22e338ef5a1c028306ca7a03b188d650d83f0028ecc282ee953e70e4258651ef"",""undefined_bootstrap_replicates"":0},""interval_status"":""available"",""mean_seconds"":66.325458870834,""output_outcome_counts"":{""infrastructure_interruption"":0,""measurement_available"":0,""not_run"":0,""numerical_failure"":0,""output_failure_unclassified"":0,""resource_failure"":0,""valid"":24},""planned"":24,""plot_error_cost_point"":true,""reference_kind"":""finite_mcmc""}"
sigmoid_q1,cuda-mala-quasi_deer,4096,research_execution,24,24,finite_mcmc,0.42288078897091724,2.1694164929430826e-05,4.966677667148291e-08,2.9693311021383803e-08,8.05081272638409e-08,available,74.17758755833142,73.56922610110263,74.58431071107958,available,True,"{""bca_acceleration"":0.04509076064453816,""bca_adjusted_quantiles"":[0.050004525983917136,0.9902668559116686],""bca_bias_percentile"":0.5336533653365336,""bootstrap_expected_tail_counts"":[499.99525531318744,97.32170773922536],""claim_type"":""finite_reference_discrepancy"",""conditional_squared_discrepancy"":4.966677667148291e-08,""confidence_interval"":{""high"":8.05081272638409e-08,""low"":2.9693311021383803e-08},""confidence_level"":0.95,""failed_or_unavailable"":0,""interval_coverage"":""pointwise_conditional_on_supplied_reference"",""interval_method"":""BCa"",""interval_status"":""available"",""minimum_valid_repetitions"":20,""observed_estimate_mean"":0.4229246002141504,""planned"":24,""reference_eligible"":true,""reference_kind"":""finite_mcmc"",""reference_mcse"":2.1694164929430826e-05,""reference_shift_is_confidence_interval"":false,""reference_shift_max"":5.5351117185273096e-08,""reference_shift_min"":4.774753049357174e-08,""resampled_valid_count_range"":[24,24],""resampling_plan_sha256"":""22e338ef5a1c028306ca7a03b188d650d83f0028ecc282ee953e70e4258651ef"",""squared_discrepancy_standard_error"":1.2817625373395424e-08,""supplied_reference_value"":0.42288078897091724,""unconditional_squared_discrepancy"":4.966677667148291e-08,""undefined_bootstrap_replicates"":0,""valid"":24}","{""available_functions_missing_cost"":0,""conditioning"":""same finite function estimates as conditional error; all such costs must be complete"",""confidence_interval"":{""high"":74.58431071107958,""low"":73.56922610110263},""function_available"":24,""interval_diagnostics"":{""bca_acceleration"":-0.050539761139075615,""bca_adjusted_quantiles"":[0.011830467955246764,0.9565503572918163],""bca_bias_percentile"":0.48444844484448446,""bootstrap_expected_tail_counts"":[118.2928490845124,434.45297743912926],""minimum_valid_repetitions"":20,""resampled_valid_count_range"":[24,24],""resampling_plan_sha256"":""22e338ef5a1c028306ca7a03b188d650d83f0028ecc282ee953e70e4258651ef"",""undefined_bootstrap_replicates"":0},""interval_status"":""available"",""mean_seconds"":74.17758755833142,""output_outcome_counts"":{""infrastructure_interruption"":0,""measurement_available"":0,""not_run"":0,""numerical_failure"":0,""output_failure_unclassified"":0,""resource_failure"":0,""valid"":24},""planned"":24,""plot_error_cost_point"":true,""reference_kind"":""finite_mcmc""}"
sigmoid_q1,cuda-mala-sequential,1024,ordinary_workflow,24,24,finite_mcmc,0.42288078897091724,2.1694164929430826e-05,1.5761620881073937e-07,1.0469513470703146e-07,2.217022389549759e-07,available,7.902306066668189,7.85796974180756,7.947000704485668,available,True,"{""bca_acceleration"":0.027577835669580886,""bca_adjusted_quantiles"":[0.032247733426796335,0.9814154378770674],""bca_bias_percentile"":0.5022502250225023,""bootstrap_expected_tail_counts"":[322.44508653453653,185.82703666720286],""claim_type"":""finite_reference_discrepancy"",""conditional_squared_discrepancy"":1.5761620881073937e-07,""confidence_interval"":{""high"":2.217022389549759e-07,""low"":1.0469513470703146e-07},""confidence_level"":0.95,""failed_or_unavailable"":0,""interval_coverage"":""pointwise_conditional_on_supplied_reference"",""interval_method"":""BCa"",""interval_status"":""available"",""minimum_valid_repetitions"":20,""observed_estimate_mean"":0.42295861313239613,""planned"":24,""reference_eligible"":true,""reference_kind"":""finite_mcmc"",""reference_mcse"":2.1694164929430826e-05,""reference_shift_is_confidence_interval"":false,""reference_shift_max"":1.662520767571477e-07,""reference_shift_min"":1.5274543520021005e-07,""resampled_valid_count_range"":[24,24],""resampling_plan_sha256"":""22e338ef5a1c028306ca7a03b188d650d83f0028ecc282ee953e70e4258651ef"",""squared_discrepancy_standard_error"":3.0686409202571935e-08,""supplied_reference_value"":0.42288078897091724,""unconditional_squared_discrepancy"":1.5761620881073937e-07,""undefined_bootstrap_replicates"":0,""valid"":24}","{""available_functions_missing_cost"":0,""conditioning"":""same finite function estimates as conditional error; all such costs must be complete"",""confidence_interval"":{""high"":7.947000704485668,""low"":7.85796974180756},""function_available"":24,""interval_diagnostics"":{""bca_acceleration"":0.0017448964292301377,""bca_adjusted_quantiles"":[0.02591520755381355,0.9758939558769454],""bca_bias_percentile"":0.5017501750175017,""bootstrap_expected_tail_counts"":[259.1261603305817,241.0363351864231],""minimum_valid_repetitions"":20,""resampled_valid_count_range"":[24,24],""resampling_plan_sha256"":""22e338ef5a1c028306ca7a03b188d650d83f0028ecc282ee953e70e4258651ef"",""undefined_bootstrap_replicates"":0},""interval_status"":""available"",""mean_seconds"":7.902306066668189,""output_outcome_counts"":{""infrastructure_interruption"":0,""measurement_available"":0,""not_run"":0,""numerical_failure"":0,""output_failure_unclassified"":0,""resource_failure"":0,""valid"":24},""planned"":24,""plot_error_cost_point"":true,""reference_kind"":""finite_mcmc""}"
sigmoid_q1,cuda-mala-sequential,1024,research_execution,24,24,finite_mcmc,0.42288078897091724,2.1694164929430826e-05,1.5761620881073937e-07,1.0469513470703146e-07,2.217022389549759e-07,available,12.076994266664087,12.013061952189778,12.205906574186104,available,True,"{""bca_acceleration"":0.027577835669580886,""bca_adjusted_quantiles"":[0.032247733426796335,0.9814154378770674],""bca_bias_percentile"":0.5022502250225023,""bootstrap_expected_tail_counts"":[322.44508653453653,185.82703666720286],""claim_type"":""finite_reference_discrepancy"",""conditional_squared_discrepancy"":1.5761620881073937e-07,""confidence_interval"":{""high"":2.217022389549759e-07,""low"":1.0469513470703146e-07},""confidence_level"":0.95,""failed_or_unavailable"":0,""interval_coverage"":""pointwise_conditional_on_supplied_reference"",""interval_method"":""BCa"",""interval_status"":""available"",""minimum_valid_repetitions"":20,""observed_estimate_mean"":0.42295861313239613,""planned"":24,""reference_eligible"":true,""reference_kind"":""finite_mcmc"",""reference_mcse"":2.1694164929430826e-05,""reference_shift_is_confidence_interval"":false,""reference_shift_max"":1.662520767571477e-07,""reference_shift_min"":1.5274543520021005e-07,""resampled_valid_count_range"":[24,24],""resampling_plan_sha256"":""22e338ef5a1c028306ca7a03b188d650d83f0028ecc282ee953e70e4258651ef"",""squared_discrepancy_standard_error"":3.0686409202571935e-08,""supplied_reference_value"":0.42288078897091724,""unconditional_squared_discrepancy"":1.5761620881073937e-07,""undefined_bootstrap_replicates"":0,""valid"":24}","{""available_functions_missing_cost"":0,""conditioning"":""same finite function estimates as conditional error; all such costs must be complete"",""confidence_interval"":{""high"":12.205906574186104,""low"":12.013061952189778},""function_available"":24,""interval_diagnostics"":{""bca_acceleration"":0.07758770864551418,""bca_adjusted_quantiles"":[0.057074530346287664,0.9933815771328292],""bca_bias_percentile"":0.5275527552755276,""bootstrap_expected_tail_counts"":[570.6882289325304,66.1776102488413],""minimum_valid_repetitions"":20,""resampled_valid_count_range"":[24,24],""resampling_plan_sha256"":""22e338ef5a1c028306ca7a03b188d650d83f0028ecc282ee953e70e4258651ef"",""undefined_bootstrap_replicates"":0},""interval_status"":""available"",""mean_seconds"":12.076994266664087,""output_outcome_counts"":{""infrastructure_interruption"":0,""measurement_available"":0,""not_run"":0,""numerical_failure"":0,""output_failure_unclassified"":0,""resource_failure"":0,""valid"":24},""planned"":24,""plot_error_cost_point"":true,""reference_kind"":""finite_mcmc""}"
sigmoid_q1,cuda-mala-sequential,4096,ordinary_workflow,24,24,finite_mcmc,0.42288078897091724,2.1694164929430826e-05,4.966677667143226e-08,2.9693311021424213e-08,8.050812726400267e-08,available,16.58595472916731,16.499938008782284,16.657691191552598,available,True,"{""bca_acceleration"":0.045090760644873475,""bca_adjusted_quantiles"":[0.05000452598402056,0.9902668559117128],""bca_bias_percentile"":0.5336533653365336,""bootstrap_expected_tail_counts"":[499.9952553142216,97.32170773878353],""claim_type"":""finite_reference_discrepancy"",""conditional_squared_discrepancy"":4.966677667143226e-08,""confidence_interval"":{""high"":8.050812726400267e-08,""low"":2.9693311021424213e-08},""confidence_level"":0.95,""failed_or_unavailable"":0,""interval_coverage"":""pointwise_conditional_on_supplied_reference"",""interval_method"":""BCa"",""interval_status"":""available"",""minimum_valid_repetitions"":20,""observed_estimate_mean"":0.42292460021415024,""planned"":24,""reference_eligible"":true,""reference_kind"":""finite_mcmc"",""reference_mcse"":2.1694164929430826e-05,""reference_shift_is_confidence_interval"":false,""reference_shift_max"":5.535111718520739e-08,""reference_shift_min"":4.774753049353615e-08,""resampled_valid_count_range"":[24,24],""resampling_plan_sha256"":""22e338ef5a1c028306ca7a03b188d650d83f0028ecc282ee953e70e4258651ef"",""squared_discrepancy_standard_error"":1.2817625373433562e-08,""supplied_reference_value"":0.42288078897091724,""unconditional_squared_discrepancy"":4.966677667143226e-08,""undefined_bootstrap_replicates"":0,""valid"":24}","{""available_functions_missing_cost"":0,""conditioning"":""same finite function estimates as conditional error; all such costs must be complete"",""confidence_interval"":{""high"":16.657691191552598,""low"":16.499938008782284},""function_available"":24,""interval_diagnostics"":{""bca_acceleration"":-0.019193571319690676,""bca_adjusted_quantiles"":[0.017122304951257283,0.965173160966388],""bca_bias_percentile"":0.48454845484548453,""bootstrap_expected_tail_counts"":[171.20592720762156,348.2335634970858],""minimum_valid_repetitions"":20,""resampled_valid_count_range"":[24,24],""resampling_plan_sha256"":""22e338ef5a1c028306ca7a03b188d650d83f0028ecc282ee953e70e4258651ef"",""undefined_bootstrap_replicates"":0},""interval_status"":""available"",""mean_seconds"":16.58595472916731,""output_outcome_counts"":{""infrastructure_interruption"":0,""measurement_available"":0,""not_run"":0,""numerical_failure"":0,""output_failure_unclassified"":0,""resource_failure"":0,""valid"":24},""planned"":24,""plot_error_cost_point"":true,""reference_kind"":""finite_mcmc""}"
sigmoid_q1,cuda-mala-sequential,4096,research_execution,24,24,finite_mcmc,0.42288078897091724,2.1694164929430826e-05,4.966677667143226e-08,2.9693311021424213e-08,8.050812726400267e-08,available,24.406619683327033,24.30852089818354,24.501135660668293,available,True,"{""bca_acceleration"":0.045090760644873475,""bca_adjusted_quantiles"":[0.05000452598402056,0.9902668559117128],""bca_bias_percentile"":0.5336533653365336,""bootstrap_expected_tail_counts"":[499.9952553142216,97.32170773878353],""claim_type"":""finite_reference_discrepancy"",""conditional_squared_discrepancy"":4.966677667143226e-08,""confidence_interval"":{""high"":8.050812726400267e-08,""low"":2.9693311021424213e-08},""confidence_level"":0.95,""failed_or_unavailable"":0,""interval_coverage"":""pointwise_conditional_on_supplied_reference"",""interval_method"":""BCa"",""interval_status"":""available"",""minimum_valid_repetitions"":20,""observed_estimate_mean"":0.42292460021415024,""planned"":24,""reference_eligible"":true,""reference_kind"":""finite_mcmc"",""reference_mcse"":2.1694164929430826e-05,""reference_shift_is_confidence_interval"":false,""reference_shift_max"":5.535111718520739e-08,""reference_shift_min"":4.774753049353615e-08,""resampled_valid_count_range"":[24,24],""resampling_plan_sha256"":""22e338ef5a1c028306ca7a03b188d650d83f0028ecc282ee953e70e4258651ef"",""squared_discrepancy_standard_error"":1.2817625373433562e-08,""supplied_reference_value"":0.42288078897091724,""unconditional_squared_discrepancy"":4.966677667143226e-08,""undefined_bootstrap_replicates"":0,""valid"":24}","{""available_functions_missing_cost"":0,""conditioning"":""same finite function estimates as conditional error; all such costs must be complete"",""confidence_interval"":{""high"":24.501135660668293,""low"":24.30852089818354},""function_available"":24,""interval_diagnostics"":{""bca_acceleration"":-0.008532681034838086,""bca_adjusted_quantiles"":[0.021477041054922624,0.9711443036164034],""bca_bias_percentile"":0.49394939493949397,""bootstrap_expected_tail_counts"":[214.74893350817132,288.5281081395828],""minimum_valid_repetitions"":20,""resampled_valid_count_range"":[24,24],""resampling_plan_sha256"":""22e338ef5a1c028306ca7a03b188d650d83f0028ecc282ee953e70e4258651ef"",""undefined_bootstrap_replicates"":0},""interval_status"":""available"",""mean_seconds"":24.406619683327033,""output_outcome_counts"":{""infrastructure_interruption"":0,""measurement_available"":0,""not_run"":0,""numerical_failure"":0,""output_failure_unclassified"":0,""resource_failure"":0,""valid"":24},""planned"":24,""plot_error_cost_point"":true,""reference_kind"":""finite_mcmc""}"
sigmoid_q1,cuda-rwm-online_picard,1024,ordinary_workflow,24,24,finite_mcmc,0.42288078897091724,2.1694164929430826e-05,9.553311288289812e-07,5.982435499914374e-07,1.4492269570148052e-06,available,3.3811281750001094,3.362679911097745,3.4146797567980918,available,True,"{""bca_acceleration"":0.041074471883715775,""bca_adjusted_quantiles"":[0.03907331686180937,0.9858525811128485],""bca_bias_percentile"":0.5112511251125113,""bootstrap_expected_tail_counts"":[390.6940953012319,141.46004145262827],""claim_type"":""finite_reference_discrepancy"",""conditional_squared_discrepancy"":9.553311288289812e-07,""confidence_interval"":{""high"":1.4492269570148052e-06,""low"":5.982435499914374e-07},""confidence_level"":0.95,""failed_or_unavailable"":0,""interval_coverage"":""pointwise_conditional_on_supplied_reference"",""interval_method"":""BCa"",""interval_status"":""available"",""minimum_valid_repetitions"":20,""observed_estimate_mean"":0.42306432488685286,""planned"":24,""reference_eligible"":true,""reference_kind"":""finite_mcmc"",""reference_mcse"":2.1694164929430826e-05,""reference_shift_is_confidence_interval"":false,""reference_shift_max"":9.7314030972004e-07,""reference_shift_min"":9.412870422738013e-07,""resampled_valid_count_range"":[24,24],""resampling_plan_sha256"":""22e338ef5a1c028306ca7a03b188d650d83f0028ecc282ee953e70e4258651ef"",""squared_discrepancy_standard_error"":2.1809138233660465e-07,""supplied_reference_value"":0.42288078897091724,""unconditional_squared_discrepancy"":9.553311288289812e-07,""undefined_bootstrap_replicates"":0,""valid"":24}","{""available_functions_missing_cost"":0,""conditioning"":""same finite function estimates as conditional error; all such costs must be complete"",""confidence_interval"":{""high"":3.4146797567980918,""low"":3.362679911097745},""function_available"":24,""interval_diagnostics"":{""bca_acceleration"":0.06093326742548681,""bca_adjusted_quantiles"":[0.050930802710205156,0.9911617679702233],""bca_bias_percentile"":0.5254525452545254,""bootstrap_expected_tail_counts"":[509.25709629934136,88.3734820657376],""minimum_valid_repetitions"":20,""resampled_valid_count_range"":[24,24],""resampling_plan_sha256"":""22e338ef5a1c028306ca7a03b188d650d83f0028ecc282ee953e70e4258651ef"",""undefined_bootstrap_replicates"":0},""interval_status"":""available"",""mean_seconds"":3.3811281750001094,""output_outcome_counts"":{""infrastructure_interruption"":0,""measurement_available"":0,""not_run"":0,""numerical_failure"":0,""output_failure_unclassified"":0,""resource_failure"":0,""valid"":24},""planned"":24,""plot_error_cost_point"":true,""reference_kind"":""finite_mcmc""}"
sigmoid_q1,cuda-rwm-online_picard,1024,research_execution,24,24,finite_mcmc,0.42288078897091724,2.1694164929430826e-05,9.553311288289812e-07,5.982435499914374e-07,1.4492269570148052e-06,available,6.548944670839698,6.515908490200067,6.59401681277296,available,True,"{""bca_acceleration"":0.041074471883715775,""bca_adjusted_quantiles"":[0.03907331686180937,0.9858525811128485],""bca_bias_percentile"":0.5112511251125113,""bootstrap_expected_tail_counts"":[390.6940953012319,141.46004145262827],""claim_type"":""finite_reference_discrepancy"",""conditional_squared_discrepancy"":9.553311288289812e-07,""confidence_interval"":{""high"":1.4492269570148052e-06,""low"":5.982435499914374e-07},""confidence_level"":0.95,""failed_or_unavailable"":0,""interval_coverage"":""pointwise_conditional_on_supplied_reference"",""interval_method"":""BCa"",""interval_status"":""available"",""minimum_valid_repetitions"":20,""observed_estimate_mean"":0.42306432488685286,""planned"":24,""reference_eligible"":true,""reference_kind"":""finite_mcmc"",""reference_mcse"":2.1694164929430826e-05,""reference_shift_is_confidence_interval"":false,""reference_shift_max"":9.7314030972004e-07,""reference_shift_min"":9.412870422738013e-07,""resampled_valid_count_range"":[24,24],""resampling_plan_sha256"":""22e338ef5a1c028306ca7a03b188d650d83f0028ecc282ee953e70e4258651ef"",""squared_discrepancy_standard_error"":2.1809138233660465e-07,""supplied_reference_value"":0.42288078897091724,""unconditional_squared_discrepancy"":9.553311288289812e-07,""undefined_bootstrap_replicates"":0,""valid"":24}","{""available_functions_missing_cost"":0,""conditioning"":""same finite function estimates as conditional error; all such costs must be complete"",""confidence_interval"":{""high"":6.59401681277296,""low"":6.515908490200067},""function_available"":24,""interval_diagnostics"":{""bca_acceleration"":0.030181821579131282,""bca_adjusted_quantiles"":[0.03612003246861671,0.98393385055335],""bca_bias_percentile"":0.5111511151115111,""bootstrap_expected_tail_counts"":[361.1642046536985,160.64542831705305],""minimum_valid_repetitions"":20,""resampled_valid_count_range"":[24,24],""resampling_plan_sha256"":""22e338ef5a1c028306ca7a03b188d650d83f0028ecc282ee953e70e4258651ef"",""undefined_bootstrap_replicates"":0},""interval_status"":""available"",""mean_seconds"":6.548944670839698,""output_outcome_counts"":{""infrastructure_interruption"":0,""measurement_available"":0,""not_run"":0,""numerical_failure"":0,""output_failure_unclassified"":0,""resource_failure"":0,""valid"":24},""planned"":24,""plot_error_cost_point"":true,""reference_kind"":""finite_mcmc""}"
sigmoid_q1,cuda-rwm-online_picard,4096,ordinary_workflow,24,24,finite_mcmc,0.42288078897091724,2.1694164929430826e-05,2.3976448557118644e-07,1.3621521421117798e-07,4.3197842963313643e-07,available,5.223975837498453,5.182355928115185,5.266123128482246,available,True,"{""bca_acceleration"":0.07036565275168663,""bca_adjusted_quantiles"":[0.05000833884487115,0.9912578863495527],""bca_bias_percentile"":0.5174517451745174,""bootstrap_expected_tail_counts"":[500.03338010986664,87.41239439082258],""claim_type"":""finite_reference_discrepancy"",""conditional_squared_discrepancy"":2.3976448557118644e-07,""confidence_interval"":{""high"":4.3197842963313643e-07,""low"":1.3621521421117798e-07},""confidence_level"":0.95,""failed_or_unavailable"":0,""interval_coverage"":""pointwise_conditional_on_supplied_reference"",""interval_method"":""BCa"",""interval_status"":""available"",""minimum_valid_repetitions"":20,""observed_estimate_mean"":0.4230005340042715,""planned"":24,""reference_eligible"":true,""reference_kind"":""finite_mcmc"",""reference_mcse"":2.1694164929430826e-05,""reference_shift_is_confidence_interval"":false,""reference_shift_max"":2.5203810675138994e-07,""reference_shift_min"":2.31255958726862e-07,""resampled_valid_count_range"":[24,24],""resampling_plan_sha256"":""22e338ef5a1c028306ca7a03b188d650d83f0028ecc282ee953e70e4258651ef"",""squared_discrepancy_standard_error"":7.116506992029448e-08,""supplied_reference_value"":0.42288078897091724,""unconditional_squared_discrepancy"":2.3976448557118644e-07,""undefined_bootstrap_replicates"":0,""valid"":24}","{""available_functions_missing_cost"":0,""conditioning"":""same finite function estimates as conditional error; all such costs must be complete"",""confidence_interval"":{""high"":5.266123128482246,""low"":5.182355928115185},""function_available"":24,""interval_diagnostics"":{""bca_acceleration"":0.001940247453068625,""bca_adjusted_quantiles"":[0.025186410110588305,0.9751866619357192],""bca_bias_percentile"":0.49914991499149913,""bootstrap_expected_tail_counts"":[251.83891469577247,248.10856730474336],""minimum_valid_repetitions"":20,""resampled_valid_count_range"":[24,24],""resampling_plan_sha256"":""22e338ef5a1c028306ca7a03b188d650d83f0028ecc282ee953e70e4258651ef"",""undefined_bootstrap_replicates"":0},""interval_status"":""available"",""mean_seconds"":5.223975837498453,""output_outcome_counts"":{""infrastructure_interruption"":0,""measurement_available"":0,""not_run"":0,""numerical_failure"":0,""output_failure_unclassified"":0,""resource_failure"":0,""valid"":24},""planned"":24,""plot_error_cost_point"":true,""reference_kind"":""finite_mcmc""}"
sigmoid_q1,cuda-rwm-online_picard,4096,research_execution,24,24,finite_mcmc,0.42288078897091724,2.1694164929430826e-05,2.3976448557118644e-07,1.3621521421117798e-07,4.3197842963313643e-07,available,10.156065533341613,10.097404260489009,10.221939198565812,available,True,"{""bca_acceleration"":0.07036565275168663,""bca_adjusted_quantiles"":[0.05000833884487115,0.9912578863495527],""bca_bias_percentile"":0.5174517451745174,""bootstrap_expected_tail_counts"":[500.03338010986664,87.41239439082258],""claim_type"":""finite_reference_discrepancy"",""conditional_squared_discrepancy"":2.3976448557118644e-07,""confidence_interval"":{""high"":4.3197842963313643e-07,""low"":1.3621521421117798e-07},""confidence_level"":0.95,""failed_or_unavailable"":0,""interval_coverage"":""pointwise_conditional_on_supplied_reference"",""interval_method"":""BCa"",""interval_status"":""available"",""minimum_valid_repetitions"":20,""observed_estimate_mean"":0.4230005340042715,""planned"":24,""reference_eligible"":true,""reference_kind"":""finite_mcmc"",""reference_mcse"":2.1694164929430826e-05,""reference_shift_is_confidence_interval"":false,""reference_shift_max"":2.5203810675138994e-07,""reference_shift_min"":2.31255958726862e-07,""resampled_valid_count_range"":[24,24],""resampling_plan_sha256"":""22e338ef5a1c028306ca7a03b188d650d83f0028ecc282ee953e70e4258651ef"",""squared_discrepancy_standard_error"":7.116506992029448e-08,""supplied_reference_value"":0.42288078897091724,""unconditional_squared_discrepancy"":2.3976448557118644e-07,""undefined_bootstrap_replicates"":0,""valid"":24}","{""available_functions_missing_cost"":0,""conditioning"":""same finite function estimates as conditional error; all such costs must be complete"",""confidence_interval"":{""high"":10.221939198565812,""low"":10.097404260489009},""function_available"":24,""interval_diagnostics"":{""bca_acceleration"":0.01139982567359949,""bca_adjusted_quantiles"":[0.028961539591788113,0.9786462629130375],""bca_bias_percentile"":0.5042504250425043,""bootstrap_expected_tail_counts"":[289.58643437828937,213.51601713253837],""minimum_valid_repetitions"":20,""resampled_valid_count_range"":[24,24],""resampling_plan_sha256"":""22e338ef5a1c028306ca7a03b188d650d83f0028ecc282ee953e70e4258651ef"",""undefined_bootstrap_replicates"":0},""interval_status"":""available"",""mean_seconds"":10.156065533341613,""output_outcome_counts"":{""infrastructure_interruption"":0,""measurement_available"":0,""not_run"":0,""numerical_failure"":0,""output_failure_unclassified"":0,""resource_failure"":0,""valid"":24},""planned"":24,""plot_error_cost_point"":true,""reference_kind"":""finite_mcmc""}"
sigmoid_q1,cuda-rwm-sequential,1024,ordinary_workflow,24,24,finite_mcmc,0.42288078897091724,2.1694164929430826e-05,9.553311288291705e-07,5.982435499914825e-07,1.449226957015199e-06,available,3.6746048500043194,3.660645740630839,3.6929354332709194,available,True,"{""bca_acceleration"":0.04107447188371721,""bca_adjusted_quantiles"":[0.03907331686180977,0.9858525811128487],""bca_bias_percentile"":0.5112511251125113,""bootstrap_expected_tail_counts"":[390.6940953012359,141.46004145262606],""claim_type"":""finite_reference_discrepancy"",""conditional_squared_discrepancy"":9.553311288291705e-07,""confidence_interval"":{""high"":1.449226957015199e-06,""low"":5.982435499914825e-07},""confidence_level"":0.95,""failed_or_unavailable"":0,""interval_coverage"":""pointwise_conditional_on_supplied_reference"",""interval_method"":""BCa"",""interval_status"":""available"",""minimum_valid_repetitions"":20,""observed_estimate_mean"":0.42306432488685286,""planned"":24,""reference_eligible"":true,""reference_kind"":""finite_mcmc"",""reference_mcse"":2.1694164929430826e-05,""reference_shift_is_confidence_interval"":false,""reference_shift_max"":9.731403097202277e-07,""reference_shift_min"":9.412870422739925e-07,""resampled_valid_count_range"":[24,24],""resampling_plan_sha256"":""22e338ef5a1c028306ca7a03b188d650d83f0028ecc282ee953e70e4258651ef"",""squared_discrepancy_standard_error"":2.1809138233667402e-07,""supplied_reference_value"":0.42288078897091724,""unconditional_squared_discrepancy"":9.553311288291705e-07,""undefined_bootstrap_replicates"":0,""valid"":24}","{""available_functions_missing_cost"":0,""conditioning"":""same finite function estimates as conditional error; all such costs must be complete"",""confidence_interval"":{""high"":3.6929354332709194,""low"":3.660645740630839},""function_available"":24,""interval_diagnostics"":{""bca_acceleration"":0.027532667491290932,""bca_adjusted_quantiles"":[0.03842560252184647,0.985089462635675],""bca_bias_percentile"":0.5189518951895189,""bootstrap_expected_tail_counts"":[384.21759961594285,149.09046310588585],""minimum_valid_repetitions"":20,""resampled_valid_count_range"":[24,24],""resampling_plan_sha256"":""22e338ef5a1c028306ca7a03b188d650d83f0028ecc282ee953e70e4258651ef"",""undefined_bootstrap_replicates"":0},""interval_status"":""available"",""mean_seconds"":3.6746048500043194,""output_outcome_counts"":{""infrastructure_interruption"":0,""measurement_available"":0,""not_run"":0,""numerical_failure"":0,""output_failure_unclassified"":0,""resource_failure"":0,""valid"":24},""planned"":24,""plot_error_cost_point"":true,""reference_kind"":""finite_mcmc""}"
sigmoid_q1,cuda-rwm-sequential,1024,research_execution,24,24,finite_mcmc,0.42288078897091724,2.1694164929430826e-05,9.553311288291705e-07,5.982435499914825e-07,1.449226957015199e-06,available,6.795831566665735,6.754254954882016,6.842208418968694,available,True,"{""bca_acceleration"":0.04107447188371721,""bca_adjusted_quantiles"":[0.03907331686180977,0.9858525811128487],""bca_bias_percentile"":0.5112511251125113,""bootstrap_expected_tail_counts"":[390.6940953012359,141.46004145262606],""claim_type"":""finite_reference_discrepancy"",""conditional_squared_discrepancy"":9.553311288291705e-07,""confidence_interval"":{""high"":1.449226957015199e-06,""low"":5.982435499914825e-07},""confidence_level"":0.95,""failed_or_unavailable"":0,""interval_coverage"":""pointwise_conditional_on_supplied_reference"",""interval_method"":""BCa"",""interval_status"":""available"",""minimum_valid_repetitions"":20,""observed_estimate_mean"":0.42306432488685286,""planned"":24,""reference_eligible"":true,""reference_kind"":""finite_mcmc"",""reference_mcse"":2.1694164929430826e-05,""reference_shift_is_confidence_interval"":false,""reference_shift_max"":9.731403097202277e-07,""reference_shift_min"":9.412870422739925e-07,""resampled_valid_count_range"":[24,24],""resampling_plan_sha256"":""22e338ef5a1c028306ca7a03b188d650d83f0028ecc282ee953e70e4258651ef"",""squared_discrepancy_standard_error"":2.1809138233667402e-07,""supplied_reference_value"":0.42288078897091724,""unconditional_squared_discrepancy"":9.553311288291705e-07,""undefined_bootstrap_replicates"":0,""valid"":24}","{""available_functions_missing_cost"":0,""conditioning"":""same finite function estimates as conditional error; all such costs must be complete"",""confidence_interval"":{""high"":6.842208418968694,""low"":6.754254954882016},""function_available"":24,""interval_diagnostics"":{""bca_acceleration"":0.016745495948075343,""bca_adjusted_quantiles"":[0.02953152029344637,0.9791803625399323],""bca_bias_percentile"":0.502050205020502,""bootstrap_expected_tail_counts"":[295.2856714141703,208.17555496321646],""minimum_valid_repetitions"":20,""resampled_valid_count_range"":[24,24],""resampling_plan_sha256"":""22e338ef5a1c028306ca7a03b188d650d83f0028ecc282ee953e70e4258651ef"",""undefined_bootstrap_replicates"":0},""interval_status"":""available"",""mean_seconds"":6.795831566665735,""output_outcome_counts"":{""infrastructure_interruption"":0,""measurement_available"":0,""not_run"":0,""numerical_failure"":0,""output_failure_unclassified"":0,""resource_failure"":0,""valid"":24},""planned"":24,""plot_error_cost_point"":true,""reference_kind"":""finite_mcmc""}"
sigmoid_q1,cuda-rwm-sequential,4096,ordinary_workflow,24,24,finite_mcmc,0.42288078897091724,2.1694164929430826e-05,2.39764485571186e-07,1.3621521421117737e-07,4.319784296331366e-07,available,6.676549924999752,6.591013246789728,6.744040947424508,available,True,"{""bca_acceleration"":0.07036565275168671,""bca_adjusted_quantiles"":[0.05000833884487122,0.9912578863495527],""bca_bias_percentile"":0.5174517451745174,""bootstrap_expected_tail_counts"":[500.0333801098673,87.41239439082258],""claim_type"":""finite_reference_discrepancy"",""conditional_squared_discrepancy"":2.39764485571186e-07,""confidence_interval"":{""high"":4.319784296331366e-07,""low"":1.3621521421117737e-07},""confidence_level"":0.95,""failed_or_unavailable"":0,""interval_coverage"":""pointwise_conditional_on_supplied_reference"",""interval_method"":""BCa"",""interval_status"":""available"",""minimum_valid_repetitions"":20,""observed_estimate_mean"":0.42300053400427146,""planned"":24,""reference_eligible"":true,""reference_kind"":""finite_mcmc"",""reference_mcse"":2.1694164929430826e-05,""reference_shift_is_confidence_interval"":false,""reference_shift_max"":2.520381067513881e-07,""reference_shift_min"":2.3125595872686295e-07,""resampled_valid_count_range"":[24,24],""resampling_plan_sha256"":""22e338ef5a1c028306ca7a03b188d650d83f0028ecc282ee953e70e4258651ef"",""squared_discrepancy_standard_error"":7.116506992029447e-08,""supplied_reference_value"":0.42288078897091724,""unconditional_squared_discrepancy"":2.39764485571186e-07,""undefined_bootstrap_replicates"":0,""valid"":24}","{""available_functions_missing_cost"":0,""conditioning"":""same finite function estimates as conditional error; all such costs must be complete"",""confidence_interval"":{""high"":6.744040947424508,""low"":6.591013246789728},""function_available"":24,""interval_diagnostics"":{""bca_acceleration"":-0.029753653471955497,""bca_adjusted_quantiles"":[0.01599295715755889,0.9637292601236221],""bca_bias_percentile"":0.48814881488148815,""bootstrap_expected_tail_counts"":[159.91357861843136,362.67112802390216],""minimum_valid_repetitions"":20,""resampled_valid_count_range"":[24,24],""resampling_plan_sha256"":""22e338ef5a1c028306ca7a03b188d650d83f0028ecc282ee953e70e4258651ef"",""undefined_bootstrap_replicates"":0},""interval_status"":""available"",""mean_seconds"":6.676549924999752,""output_outcome_counts"":{""infrastructure_interruption"":0,""measurement_available"":0,""not_run"":0,""numerical_failure"":0,""output_failure_unclassified"":0,""resource_failure"":0,""valid"":24},""planned"":24,""plot_error_cost_point"":true,""reference_kind"":""finite_mcmc""}"
sigmoid_q1,cuda-rwm-sequential,4096,research_execution,24,24,finite_mcmc,0.42288078897091724,2.1694164929430826e-05,2.39764485571186e-07,1.3621521421117737e-07,4.319784296331366e-07,available,11.646025512496939,11.549179943828314,11.728489982406554,available,True,"{""bca_acceleration"":0.07036565275168671,""bca_adjusted_quantiles"":[0.05000833884487122,0.9912578863495527],""bca_bias_percentile"":0.5174517451745174,""bootstrap_expected_tail_counts"":[500.0333801098673,87.41239439082258],""claim_type"":""finite_reference_discrepancy"",""conditional_squared_discrepancy"":2.39764485571186e-07,""confidence_interval"":{""high"":4.319784296331366e-07,""low"":1.3621521421117737e-07},""confidence_level"":0.95,""failed_or_unavailable"":0,""interval_coverage"":""pointwise_conditional_on_supplied_reference"",""interval_method"":""BCa"",""interval_status"":""available"",""minimum_valid_repetitions"":20,""observed_estimate_mean"":0.42300053400427146,""planned"":24,""reference_eligible"":true,""reference_kind"":""finite_mcmc"",""reference_mcse"":2.1694164929430826e-05,""reference_shift_is_confidence_interval"":false,""reference_shift_max"":2.520381067513881e-07,""reference_shift_min"":2.3125595872686295e-07,""resampled_valid_count_range"":[24,24],""resampling_plan_sha256"":""22e338ef5a1c028306ca7a03b188d650d83f0028ecc282ee953e70e4258651ef"",""squared_discrepancy_standard_error"":7.116506992029447e-08,""supplied_reference_value"":0.42288078897091724,""unconditional_squared_discrepancy"":2.39764485571186e-07,""undefined_bootstrap_replicates"":0,""valid"":24}","{""available_functions_missing_cost"":0,""conditioning"":""same finite function estimates as conditional error; all such costs must be complete"",""confidence_interval"":{""high"":11.728489982406554,""low"":11.549179943828314},""function_available"":24,""interval_diagnostics"":{""bca_acceleration"":-0.024423375498539287,""bca_adjusted_quantiles"":[0.017614932580306216,0.9661910077461126],""bca_bias_percentile"":0.49104910491049103,""bootstrap_expected_tail_counts"":[176.13171087048187,338.0561135466206],""minimum_valid_repetitions"":20,""resampled_valid_count_range"":[24,24],""resampling_plan_sha256"":""22e338ef5a1c028306ca7a03b188d650d83f0028ecc282ee953e70e4258651ef"",""undefined_bootstrap_replicates"":0},""interval_status"":""available"",""mean_seconds"":11.646025512496939,""output_outcome_counts"":{""infrastructure_interruption"":0,""measurement_available"":0,""not_run"":0,""numerical_failure"":0,""output_failure_unclassified"":0,""resource_failure"":0,""valid"":24},""planned"":24,""plot_error_cost_point"":true,""reference_kind"":""finite_mcmc""}"
q1_positive,cpu-mala-quasi_deer,1024,ordinary_workflow,24,24,unresolved,0.0,,,,,unresolved_reference,39.90575873750068,38.02074263768497,41.78060465989391,available,False,"{""claim_type"":""unresolved_reference"",""conditional_squared_discrepancy"":null,""confidence_interval"":null,""failed_or_unavailable"":0,""interval_status"":""unresolved_reference"",""observed_estimate_mean"":0.0,""planned"":24,""reference_eligible"":false,""reference_kind"":""unresolved"",""reference_mcse"":null,""reference_shift_is_confidence_interval"":false,""reference_shift_max"":null,""reference_shift_min"":null,""squared_discrepancy_standard_error"":null,""supplied_reference_value"":0.0,""unconditional_squared_discrepancy"":null,""valid"":24}","{""available_functions_missing_cost"":0,""conditioning"":""same finite function estimates as conditional error; all such costs must be complete"",""confidence_interval"":{""high"":41.78060465989391,""low"":38.02074263768497},""function_available"":24,""interval_diagnostics"":{""bca_acceleration"":0.004728787430933213,""bca_adjusted_quantiles"":[0.024133941988187,0.9740910981041409],""bca_bias_percentile"":0.49334933493349337,""bootstrap_expected_tail_counts"":[241.31528593988182,259.0631100566956],""minimum_valid_repetitions"":20,""resampled_valid_count_range"":[24,24],""resampling_plan_sha256"":""22e338ef5a1c028306ca7a03b188d650d83f0028ecc282ee953e70e4258651ef"",""undefined_bootstrap_replicates"":0},""interval_status"":""available"",""mean_seconds"":39.90575873750068,""output_outcome_counts"":{""infrastructure_interruption"":0,""measurement_available"":0,""not_run"":0,""numerical_failure"":0,""output_failure_unclassified"":0,""resource_failure"":0,""valid"":24},""planned"":24,""plot_error_cost_point"":false,""reference_kind"":""unresolved""}"
q1_positive,cpu-mala-quasi_deer,1024,research_execution,24,24,unresolved,0.0,,,,,unresolved_reference,44.02276302083055,42.112582365275806,45.92321932270912,available,False,"{""claim_type"":""unresolved_reference"",""conditional_squared_discrepancy"":null,""confidence_interval"":null,""failed_or_unavailable"":0,""interval_status"":""unresolved_reference"",""observed_estimate_mean"":0.0,""planned"":24,""reference_eligible"":false,""reference_kind"":""unresolved"",""reference_mcse"":null,""reference_shift_is_confidence_interval"":false,""reference_shift_max"":null,""reference_shift_min"":null,""squared_discrepancy_standard_error"":null,""supplied_reference_value"":0.0,""unconditional_squared_discrepancy"":null,""valid"":24}","{""available_functions_missing_cost"":0,""conditioning"":""same finite function estimates as conditional error; all such costs must be complete"",""confidence_interval"":{""high"":45.92321932270912,""low"":42.112582365275806},""function_available"":24,""interval_diagnostics"":{""bca_acceleration"":0.0046607653816994,""bca_adjusted_quantiles"":[0.024119141845546376,0.9740753388966382],""bca_bias_percentile"":0.49334933493349337,""bootstrap_expected_tail_counts"":[241.1672993136182,259.2206863725144],""minimum_valid_repetitions"":20,""resampled_valid_count_range"":[24,24],""resampling_plan_sha256"":""22e338ef5a1c028306ca7a03b188d650d83f0028ecc282ee953e70e4258651ef"",""undefined_bootstrap_replicates"":0},""interval_status"":""available"",""mean_seconds"":44.02276302083055,""output_outcome_counts"":{""infrastructure_interruption"":0,""measurement_available"":0,""not_run"":0,""numerical_failure"":0,""output_failure_unclassified"":0,""resource_failure"":0,""valid"":24},""planned"":24,""plot_error_cost_point"":false,""reference_kind"":""unresolved""}"
q1_positive,cpu-mala-quasi_deer,4096,ordinary_workflow,24,24,unresolved,0.0,,,,,unresolved_reference,113.45758466666909,108.21418278859367,118.71340437189164,available,False,"{""claim_type"":""unresolved_reference"",""conditional_squared_discrepancy"":null,""confidence_interval"":null,""failed_or_unavailable"":0,""interval_status"":""unresolved_reference"",""observed_estimate_mean"":0.0,""planned"":24,""reference_eligible"":false,""reference_kind"":""unresolved"",""reference_mcse"":null,""reference_shift_is_confidence_interval"":false,""reference_shift_max"":null,""reference_shift_min"":null,""squared_discrepancy_standard_error"":null,""supplied_reference_value"":0.0,""unconditional_squared_discrepancy"":null,""valid"":24}","{""available_functions_missing_cost"":0,""conditioning"":""same finite function estimates as conditional error; all such costs must be complete"",""confidence_interval"":{""high"":118.71340437189164,""low"":108.21418278859367},""function_available"":24,""interval_diagnostics"":{""bca_acceleration"":0.0019860644987967583,""bca_adjusted_quantiles"":[0.02337408869011936,0.9732664966847929],""bca_bias_percentile"":0.49274927492749276,""bootstrap_expected_tail_counts"":[233.71751281250346,267.30829964875556],""minimum_valid_repetitions"":20,""resampled_valid_count_range"":[24,24],""resampling_plan_sha256"":""22e338ef5a1c028306ca7a03b188d650d83f0028ecc282ee953e70e4258651ef"",""undefined_bootstrap_replicates"":0},""interval_status"":""available"",""mean_seconds"":113.45758466666909,""output_outcome_counts"":{""infrastructure_interruption"":0,""measurement_available"":0,""not_run"":0,""numerical_failure"":0,""output_failure_unclassified"":0,""resource_failure"":0,""valid"":24},""planned"":24,""plot_error_cost_point"":false,""reference_kind"":""unresolved""}"
q1_positive,cpu-mala-quasi_deer,4096,research_execution,24,24,unresolved,0.0,,,,,unresolved_reference,121.406506733331,116.07387654134882,126.71604704299395,available,False,"{""claim_type"":""unresolved_reference"",""conditional_squared_discrepancy"":null,""confidence_interval"":null,""failed_or_unavailable"":0,""interval_status"":""unresolved_reference"",""observed_estimate_mean"":0.0,""planned"":24,""reference_eligible"":false,""reference_kind"":""unresolved"",""reference_mcse"":null,""reference_shift_is_confidence_interval"":false,""reference_shift_max"":null,""reference_shift_min"":null,""squared_discrepancy_standard_error"":null,""supplied_reference_value"":0.0,""unconditional_squared_discrepancy"":null,""valid"":24}","{""available_functions_missing_cost"":0,""conditioning"":""same finite function estimates as conditional error; all such costs must be complete"",""confidence_interval"":{""high"":126.71604704299395,""low"":116.07387654134882},""function_available"":24,""interval_diagnostics"":{""bca_acceleration"":0.002003834136102003,""bca_adjusted_quantiles"":[0.023377899507315857,0.9732706705290893],""bca_bias_percentile"":0.49274927492749276,""bootstrap_expected_tail_counts"":[233.75561717365125,267.2665653796358],""minimum_valid_repetitions"":20,""resampled_valid_count_range"":[24,24],""resampling_plan_sha256"":""22e338ef5a1c028306ca7a03b188d650d83f0028ecc282ee953e70e4258651ef"",""undefined_bootstrap_replicates"":0},""interval_status"":""available"",""mean_seconds"":121.406506733331,""output_outcome_counts"":{""infrastructure_interruption"":0,""measurement_available"":0,""not_run"":0,""numerical_failure"":0,""output_failure_unclassified"":0,""resource_failure"":0,""valid"":24},""planned"":24,""plot_error_cost_point"":false,""reference_kind"":""unresolved""}"
q1_positive,cpu-mala-sequential,1024,ordinary_workflow,24,24,unresolved,0.0,,,,,unresolved_reference,6.348336891671011,6.263117187961609,6.442990210142835,available,False,"{""claim_type"":""unresolved_reference"",""conditional_squared_discrepancy"":null,""confidence_interval"":null,""failed_or_unavailable"":0,""interval_status"":""unresolved_reference"",""observed_estimate_mean"":0.0,""planned"":24,""reference_eligible"":false,""reference_kind"":""unresolved"",""reference_mcse"":null,""reference_shift_is_confidence_interval"":false,""reference_shift_max"":null,""reference_shift_min"":null,""squared_discrepancy_standard_error"":null,""supplied_reference_value"":0.0,""unconditional_squared_discrepancy"":null,""valid"":24}","{""available_functions_missing_cost"":0,""conditioning"":""same finite function estimates as conditional error; all such costs must be complete"",""confidence_interval"":{""high"":6.442990210142835,""low"":6.263117187961609},""function_available"":24,""interval_diagnostics"":{""bca_acceleration"":0.007013691324348814,""bca_adjusted_quantiles"":[0.02756785069861308,0.9774273412516582],""bca_bias_percentile"":0.5031503150315032,""bootstrap_expected_tail_counts"":[275.65093913543217,225.70401482466966],""minimum_valid_repetitions"":20,""resampled_valid_count_range"":[24,24],""resampling_plan_sha256"":""22e338ef5a1c028306ca7a03b188d650d83f0028ecc282ee953e70e4258651ef"",""undefined_bootstrap_replicates"":0},""interval_status"":""available"",""mean_seconds"":6.348336891671011,""output_outcome_counts"":{""infrastructure_interruption"":0,""measurement_available"":0,""not_run"":0,""numerical_failure"":0,""output_failure_unclassified"":0,""resource_failure"":0,""valid"":24},""planned"":24,""plot_error_cost_point"":false,""reference_kind"":""unresolved""}"
q1_positive,cpu-mala-sequential,1024,research_execution,24,24,unresolved,0.0,,,,,unresolved_reference,10.5000395833315,10.380446323861216,10.628852495533602,available,False,"{""claim_type"":""unresolved_reference"",""conditional_squared_discrepancy"":null,""confidence_interval"":null,""failed_or_unavailable"":0,""interval_status"":""unresolved_reference"",""observed_estimate_mean"":0.0,""planned"":24,""reference_eligible"":false,""reference_kind"":""unresolved"",""reference_mcse"":null,""reference_shift_is_confidence_interval"":false,""reference_shift_max"":null,""reference_shift_min"":null,""squared_discrepancy_standard_error"":null,""supplied_reference_value"":0.0,""unconditional_squared_discrepancy"":null,""valid"":24}","{""available_functions_missing_cost"":0,""conditioning"":""same finite function estimates as conditional error; all such costs must be complete"",""confidence_interval"":{""high"":10.628852495533602,""low"":10.380446323861216},""function_available"":24,""interval_diagnostics"":{""bca_acceleration"":0.006121227241370907,""bca_adjusted_quantiles"":[0.025685254770429,0.9756859395653381],""bca_bias_percentile"":0.49764976497649765,""bootstrap_expected_tail_counts"":[256.8268624495196,243.1162902861842],""minimum_valid_repetitions"":20,""resampled_valid_count_range"":[24,24],""resampling_plan_sha256"":""22e338ef5a1c028306ca7a03b188d650d83f0028ecc282ee953e70e4258651ef"",""undefined_bootstrap_replicates"":0},""interval_status"":""available"",""mean_seconds"":10.5000395833315,""output_outcome_counts"":{""infrastructure_interruption"":0,""measurement_available"":0,""not_run"":0,""numerical_failure"":0,""output_failure_unclassified"":0,""resource_failure"":0,""valid"":24},""planned"":24,""plot_error_cost_point"":false,""reference_kind"":""unresolved""}"
q1_positive,cpu-mala-sequential,4096,ordinary_workflow,24,24,unresolved,0.0,,,,,unresolved_reference,13.037642533326334,12.792627460437327,13.333498264214088,available,False,"{""claim_type"":""unresolved_reference"",""conditional_squared_discrepancy"":null,""confidence_interval"":null,""failed_or_unavailable"":0,""interval_status"":""unresolved_reference"",""observed_estimate_mean"":0.0,""planned"":24,""reference_eligible"":false,""reference_kind"":""unresolved"",""reference_mcse"":null,""reference_shift_is_confidence_interval"":false,""reference_shift_max"":null,""reference_shift_min"":null,""squared_discrepancy_standard_error"":null,""supplied_reference_value"":0.0,""unconditional_squared_discrepancy"":null,""valid"":24}","{""available_functions_missing_cost"":0,""conditioning"":""same finite function estimates as conditional error; all such costs must be complete"",""confidence_interval"":{""high"":13.333498264214088,""low"":12.792627460437327},""function_available"":24,""interval_diagnostics"":{""bca_acceleration"":0.017370788184833542,""bca_adjusted_quantiles"":[0.031185465829545254,0.9804470025646829],""bca_bias_percentile"":0.5065506550655066,""bootstrap_expected_tail_counts"":[311.823472829623,195.510421355736],""minimum_valid_repetitions"":20,""resampled_valid_count_range"":[24,24],""resampling_plan_sha256"":""22e338ef5a1c028306ca7a03b188d650d83f0028ecc282ee953e70e4258651ef"",""undefined_bootstrap_replicates"":0},""interval_status"":""available"",""mean_seconds"":13.037642533326334,""output_outcome_counts"":{""infrastructure_interruption"":0,""measurement_available"":0,""not_run"":0,""numerical_failure"":0,""output_failure_unclassified"":0,""resource_failure"":0,""valid"":24},""planned"":24,""plot_error_cost_point"":false,""reference_kind"":""unresolved""}"
q1_positive,cpu-mala-sequential,4096,research_execution,24,24,unresolved,0.0,,,,,unresolved_reference,20.85919225000248,20.559395816129626,21.222926130607025,available,False,"{""claim_type"":""unresolved_reference"",""conditional_squared_discrepancy"":null,""confidence_interval"":null,""failed_or_unavailable"":0,""interval_status"":""unresolved_reference"",""observed_estimate_mean"":0.0,""planned"":24,""reference_eligible"":false,""reference_kind"":""unresolved"",""reference_mcse"":null,""reference_shift_is_confidence_interval"":false,""reference_shift_max"":null,""reference_shift_min"":null,""squared_discrepancy_standard_error"":null,""supplied_reference_value"":0.0,""unconditional_squared_discrepancy"":null,""valid"":24}","{""available_functions_missing_cost"":0,""conditioning"":""same finite function estimates as conditional error; all such costs must be complete"",""confidence_interval"":{""high"":21.222926130607025,""low"":20.559395816129626},""function_available"":24,""interval_diagnostics"":{""bca_acceleration"":0.01781547429722526,""bca_adjusted_quantiles"":[0.029887912671530424,0.9794784643611605],""bca_bias_percentile"":0.5023502350235024,""bootstrap_expected_tail_counts"":[298.8492388026327,205.19483485275632],""minimum_valid_repetitions"":20,""resampled_valid_count_range"":[24,24],""resampling_plan_sha256"":""22e338ef5a1c028306ca7a03b188d650d83f0028ecc282ee953e70e4258651ef"",""undefined_bootstrap_replicates"":0},""interval_status"":""available"",""mean_seconds"":20.85919225000248,""output_outcome_counts"":{""infrastructure_interruption"":0,""measurement_available"":0,""not_run"":0,""numerical_failure"":0,""output_failure_unclassified"":0,""resource_failure"":0,""valid"":24},""planned"":24,""plot_error_cost_point"":false,""reference_kind"":""unresolved""}"
q1_positive,cpu-nuts-spawn_chains,1024,ordinary_workflow,24,24,unresolved,0.0,,,,,unresolved_reference,9.256103474991733,8.987378737207639,9.579309004025824,available,False,"{""claim_type"":""unresolved_reference"",""conditional_squared_discrepancy"":null,""confidence_interval"":null,""failed_or_unavailable"":0,""interval_status"":""unresolved_reference"",""observed_estimate_mean"":0.0,""planned"":24,""reference_eligible"":false,""reference_kind"":""unresolved"",""reference_mcse"":null,""reference_shift_is_confidence_interval"":false,""reference_shift_max"":null,""reference_shift_min"":null,""squared_discrepancy_standard_error"":null,""supplied_reference_value"":0.0,""unconditional_squared_discrepancy"":null,""valid"":24}","{""available_functions_missing_cost"":0,""conditioning"":""same finite function estimates as conditional error; all such costs must be complete"",""confidence_interval"":{""high"":9.579309004025824,""low"":8.987378737207639},""function_available"":24,""interval_diagnostics"":{""bca_acceleration"":0.017498893139518402,""bca_adjusted_quantiles"":[0.03138828153399911,0.9805954490968664],""bca_bias_percentile"":0.5070507050705071,""bootstrap_expected_tail_counts"":[313.85142705845715,194.0261044804333],""minimum_valid_repetitions"":20,""resampled_valid_count_range"":[24,24],""resampling_plan_sha256"":""22e338ef5a1c028306ca7a03b188d650d83f0028ecc282ee953e70e4258651ef"",""undefined_bootstrap_replicates"":0},""interval_status"":""available"",""mean_seconds"":9.256103474991733,""output_outcome_counts"":{""infrastructure_interruption"":0,""measurement_available"":0,""not_run"":0,""numerical_failure"":0,""output_failure_unclassified"":0,""resource_failure"":0,""valid"":24},""planned"":24,""plot_error_cost_point"":false,""reference_kind"":""unresolved""}"
q1_positive,cpu-nuts-spawn_chains,1024,research_execution,24,24,unresolved,0.0,,,,,unresolved_reference,11.516672883335787,11.232786861603229,11.853664170251822,available,False,"{""claim_type"":""unresolved_reference"",""conditional_squared_discrepancy"":null,""confidence_interval"":null,""failed_or_unavailable"":0,""interval_status"":""unresolved_reference"",""observed_estimate_mean"":0.0,""planned"":24,""reference_eligible"":false,""reference_kind"":""unresolved"",""reference_mcse"":null,""reference_shift_is_confidence_interval"":false,""reference_shift_max"":null,""reference_shift_min"":null,""squared_discrepancy_standard_error"":null,""supplied_reference_value"":0.0,""unconditional_squared_discrepancy"":null,""valid"":24}","{""available_functions_missing_cost"":0,""conditioning"":""same finite function estimates as conditional error; all such costs must be complete"",""confidence_interval"":{""high"":11.853664170251822,""low"":11.232786861603229},""function_available"":24,""interval_diagnostics"":{""bca_acceleration"":0.016742908371208943,""bca_adjusted_quantiles"":[0.03175052220693676,0.9808365318219163],""bca_bias_percentile"":0.5086508650865087,""bootstrap_expected_tail_counts"":[317.47347154716067,191.61551831265868],""minimum_valid_repetitions"":20,""resampled_valid_count_range"":[24,24],""resampling_plan_sha256"":""22e338ef5a1c028306ca7a03b188d650d83f0028ecc282ee953e70e4258651ef"",""undefined_bootstrap_replicates"":0},""interval_status"":""available"",""mean_seconds"":11.516672883335787,""output_outcome_counts"":{""infrastructure_interruption"":0,""measurement_available"":0,""not_run"":0,""numerical_failure"":0,""output_failure_unclassified"":0,""resource_failure"":0,""valid"":24},""planned"":24,""plot_error_cost_point"":false,""reference_kind"":""unresolved""}"
q1_positive,cpu-nuts-spawn_chains,4096,ordinary_workflow,24,6,unresolved,0.0,,,,,unresolved_reference,20.49196591666805,,,fewer_than_20_valid_repetitions,False,"{""claim_type"":""unresolved_reference"",""conditional_squared_discrepancy"":null,""confidence_interval"":null,""failed_or_unavailable"":18,""interval_status"":""unresolved_reference"",""observed_estimate_mean"":0.0,""planned"":24,""reference_eligible"":false,""reference_kind"":""unresolved"",""reference_mcse"":null,""reference_shift_is_confidence_interval"":false,""reference_shift_max"":null,""reference_shift_min"":null,""squared_discrepancy_standard_error"":null,""supplied_reference_value"":0.0,""unconditional_squared_discrepancy"":null,""valid"":6}","{""available_functions_missing_cost"":0,""conditioning"":""same finite function estimates as conditional error; all such costs must be complete"",""confidence_interval"":null,""function_available"":6,""interval_diagnostics"":{""minimum_valid_repetitions"":20,""resampling_plan_sha256"":""22e338ef5a1c028306ca7a03b188d650d83f0028ecc282ee953e70e4258651ef""},""interval_status"":""fewer_than_20_valid_repetitions"",""mean_seconds"":20.49196591666805,""output_outcome_counts"":{""infrastructure_interruption"":0,""measurement_available"":0,""not_run"":0,""numerical_failure"":0,""output_failure_unclassified"":18,""resource_failure"":0,""valid"":6},""planned"":24,""plot_error_cost_point"":false,""reference_kind"":""unresolved""}"
q1_positive,cpu-nuts-spawn_chains,4096,research_execution,24,6,unresolved,0.0,,,,,unresolved_reference,22.868082866665645,,,fewer_than_20_valid_repetitions,False,"{""claim_type"":""unresolved_reference"",""conditional_squared_discrepancy"":null,""confidence_interval"":null,""failed_or_unavailable"":18,""interval_status"":""unresolved_reference"",""observed_estimate_mean"":0.0,""planned"":24,""reference_eligible"":false,""reference_kind"":""unresolved"",""reference_mcse"":null,""reference_shift_is_confidence_interval"":false,""reference_shift_max"":null,""reference_shift_min"":null,""squared_discrepancy_standard_error"":null,""supplied_reference_value"":0.0,""unconditional_squared_discrepancy"":null,""valid"":6}","{""available_functions_missing_cost"":0,""conditioning"":""same finite function estimates as conditional error; all such costs must be complete"",""confidence_interval"":null,""function_available"":6,""interval_diagnostics"":{""minimum_valid_repetitions"":20,""resampling_plan_sha256"":""22e338ef5a1c028306ca7a03b188d650d83f0028ecc282ee953e70e4258651ef""},""interval_status"":""fewer_than_20_valid_repetitions"",""mean_seconds"":22.868082866665645,""output_outcome_counts"":{""infrastructure_interruption"":0,""measurement_available"":0,""not_run"":0,""numerical_failure"":0,""output_failure_unclassified"":18,""resource_failure"":0,""valid"":6},""planned"":24,""plot_error_cost_point"":false,""reference_kind"":""unresolved""}"
q1_positive,cpu-rwm-online_picard,1024,ordinary_workflow,24,24,unresolved,0.0,,,,,unresolved_reference,5.025548720834043,4.974487704732732,5.084022034211534,available,False,"{""claim_type"":""unresolved_reference"",""conditional_squared_discrepancy"":null,""confidence_interval"":null,""failed_or_unavailable"":0,""interval_status"":""unresolved_reference"",""observed_estimate_mean"":0.0,""planned"":24,""reference_eligible"":false,""reference_kind"":""unresolved"",""reference_mcse"":null,""reference_shift_is_confidence_interval"":false,""reference_shift_max"":null,""reference_shift_min"":null,""squared_discrepancy_standard_error"":null,""supplied_reference_value"":0.0,""unconditional_squared_discrepancy"":null,""valid"":24}","{""available_functions_missing_cost"":0,""conditioning"":""same finite function estimates as conditional error; all such costs must be complete"",""confidence_interval"":{""high"":5.084022034211534,""low"":4.974487704732732},""function_available"":24,""interval_diagnostics"":{""bca_acceleration"":0.015632588026159955,""bca_adjusted_quantiles"":[0.028241254169082703,0.978098089157705],""bca_bias_percentile"":0.49884988498849886,""bootstrap_expected_tail_counts"":[282.38430043665795,218.9972065121075],""minimum_valid_repetitions"":20,""resampled_valid_count_range"":[24,24],""resampling_plan_sha256"":""22e338ef5a1c028306ca7a03b188d650d83f0028ecc282ee953e70e4258651ef"",""undefined_bootstrap_replicates"":0},""interval_status"":""available"",""mean_seconds"":5.025548720834043,""output_outcome_counts"":{""infrastructure_interruption"":0,""measurement_available"":0,""not_run"":0,""numerical_failure"":0,""output_failure_unclassified"":0,""resource_failure"":0,""valid"":24},""planned"":24,""plot_error_cost_point"":false,""reference_kind"":""unresolved""}"
q1_positive,cpu-rwm-online_picard,1024,research_execution,24,24,unresolved,0.0,,,,,unresolved_reference,8.165349070835342,8.078967330763241,8.255902973938369,available,False,"{""claim_type"":""unresolved_reference"",""conditional_squared_discrepancy"":null,""confidence_interval"":null,""failed_or_unavailable"":0,""interval_status"":""unresolved_reference"",""observed_estimate_mean"":0.0,""planned"":24,""reference_eligible"":false,""reference_kind"":""unresolved"",""reference_mcse"":null,""reference_shift_is_confidence_interval"":false,""reference_shift_max"":null,""reference_shift_min"":null,""squared_discrepancy_standard_error"":null,""supplied_reference_value"":0.0,""unconditional_squared_discrepancy"":null,""valid"":24}","{""available_functions_missing_cost"":0,""conditioning"":""same finite function estimates as conditional error; all such costs must be complete"",""confidence_interval"":{""high"":8.255902973938369,""low"":8.078967330763241},""function_available"":24,""interval_diagnostics"":{""bca_acceleration"":0.003757246116068012,""bca_adjusted_quantiles"":[0.025389016468483603,0.9753896669077576],""bca_bias_percentile"":0.49844984498449846,""bootstrap_expected_tail_counts"":[253.86477566836754,246.0787205893314],""minimum_valid_repetitions"":20,""resampled_valid_count_range"":[24,24],""resampling_plan_sha256"":""22e338ef5a1c028306ca7a03b188d650d83f0028ecc282ee953e70e4258651ef"",""undefined_bootstrap_replicates"":0},""interval_status"":""available"",""mean_seconds"":8.165349070835342,""output_outcome_counts"":{""infrastructure_interruption"":0,""measurement_available"":0,""not_run"":0,""numerical_failure"":0,""output_failure_unclassified"":0,""resource_failure"":0,""valid"":24},""planned"":24,""plot_error_cost_point"":false,""reference_kind"":""unresolved""}"
q1_positive,cpu-rwm-online_picard,4096,ordinary_workflow,24,24,unresolved,0.0,,,,,unresolved_reference,10.946438191669813,10.746506678604309,11.152406282113693,available,False,"{""claim_type"":""unresolved_reference"",""conditional_squared_discrepancy"":null,""confidence_interval"":null,""failed_or_unavailable"":0,""interval_status"":""unresolved_reference"",""observed_estimate_mean"":0.0,""planned"":24,""reference_eligible"":false,""reference_kind"":""unresolved"",""reference_mcse"":null,""reference_shift_is_confidence_interval"":false,""reference_shift_max"":null,""reference_shift_min"":null,""squared_discrepancy_standard_error"":null,""supplied_reference_value"":0.0,""unconditional_squared_discrepancy"":null,""valid"":24}","{""available_functions_missing_cost"":0,""conditioning"":""same finite function estimates as conditional error; all such costs must be complete"",""confidence_interval"":{""high"":11.152406282113693,""low"":10.746506678604309},""function_available"":24,""interval_diagnostics"":{""bca_acceleration"":0.002280557147408434,""bca_adjusted_quantiles"":[0.025204120122087153,0.9752045465885121],""bca_bias_percentile"":0.49894989498949893,""bootstrap_expected_tail_counts"":[252.01599710074944,247.92973866146772],""minimum_valid_repetitions"":20,""resampled_valid_count_range"":[24,24],""resampling_plan_sha256"":""22e338ef5a1c028306ca7a03b188d650d83f0028ecc282ee953e70e4258651ef"",""undefined_bootstrap_replicates"":0},""interval_status"":""available"",""mean_seconds"":10.946438191669813,""output_outcome_counts"":{""infrastructure_interruption"":0,""measurement_available"":0,""not_run"":0,""numerical_failure"":0,""output_failure_unclassified"":0,""resource_failure"":0,""valid"":24},""planned"":24,""plot_error_cost_point"":false,""reference_kind"":""unresolved""}"
q1_positive,cpu-rwm-online_picard,4096,research_execution,24,24,unresolved,0.0,,,,,unresolved_reference,15.912712170829687,15.671332665747167,16.155775356117463,available,False,"{""claim_type"":""unresolved_reference"",""conditional_squared_discrepancy"":null,""confidence_interval"":null,""failed_or_unavailable"":0,""interval_status"":""unresolved_reference"",""observed_estimate_mean"":0.0,""planned"":24,""reference_eligible"":false,""reference_kind"":""unresolved"",""reference_mcse"":null,""reference_shift_is_confidence_interval"":false,""reference_shift_max"":null,""reference_shift_min"":null,""squared_discrepancy_standard_error"":null,""supplied_reference_value"":0.0,""unconditional_squared_discrepancy"":null,""valid"":24}","{""available_functions_missing_cost"":0,""conditioning"":""same finite function estimates as conditional error; all such costs must be complete"",""confidence_interval"":{""high"":16.155775356117463,""low"":15.671332665747167},""function_available"":24,""interval_diagnostics"":{""bca_acceleration"":-0.0008447697967071724,""bca_adjusted_quantiles"":[0.02470872507846795,0.9747068290490699],""bca_bias_percentile"":0.49964996499649966,""bootstrap_expected_tail_counts"":[247.06254205960104,252.90641633834994],""minimum_valid_repetitions"":20,""resampled_valid_count_range"":[24,24],""resampling_plan_sha256"":""22e338ef5a1c028306ca7a03b188d650d83f0028ecc282ee953e70e4258651ef"",""undefined_bootstrap_replicates"":0},""interval_status"":""available"",""mean_seconds"":15.912712170829687,""output_outcome_counts"":{""infrastructure_interruption"":0,""measurement_available"":0,""not_run"":0,""numerical_failure"":0,""output_failure_unclassified"":0,""resource_failure"":0,""valid"":24},""planned"":24,""plot_error_cost_point"":false,""reference_kind"":""unresolved""}"
q1_positive,cpu-rwm-sequential,1024,ordinary_workflow,24,24,unresolved,0.0,,,,,unresolved_reference,3.3117422833374803,3.3012515067574246,3.321665904815506,available,False,"{""claim_type"":""unresolved_reference"",""conditional_squared_discrepancy"":null,""confidence_interval"":null,""failed_or_unavailable"":0,""interval_status"":""unresolved_reference"",""observed_estimate_mean"":0.0,""planned"":24,""reference_eligible"":false,""reference_kind"":""unresolved"",""reference_mcse"":null,""reference_shift_is_confidence_interval"":false,""reference_shift_max"":null,""reference_shift_min"":null,""squared_discrepancy_standard_error"":null,""supplied_reference_value"":0.0,""unconditional_squared_discrepancy"":null,""valid"":24}","{""available_functions_missing_cost"":0,""conditioning"":""same finite function estimates as conditional error; all such costs must be complete"",""confidence_interval"":{""high"":3.321665904815506,""low"":3.3012515067574246},""function_available"":24,""interval_diagnostics"":{""bca_acceleration"":-0.007359641527567808,""bca_adjusted_quantiles"":[0.022308998496561466,0.9721299960696193],""bca_bias_percentile"":0.4961496149614962,""bootstrap_expected_tail_counts"":[223.0676759671181,278.6721692998771],""minimum_valid_repetitions"":20,""resampled_valid_count_range"":[24,24],""resampling_plan_sha256"":""22e338ef5a1c028306ca7a03b188d650d83f0028ecc282ee953e70e4258651ef"",""undefined_bootstrap_replicates"":0},""interval_status"":""available"",""mean_seconds"":3.3117422833374803,""output_outcome_counts"":{""infrastructure_interruption"":0,""measurement_available"":0,""not_run"":0,""numerical_failure"":0,""output_failure_unclassified"":0,""resource_failure"":0,""valid"":24},""planned"":24,""plot_error_cost_point"":false,""reference_kind"":""unresolved""}"
q1_positive,cpu-rwm-sequential,1024,research_execution,24,24,unresolved,0.0,,,,,unresolved_reference,6.467327408331964,6.4425658701692745,6.495527640577645,available,False,"{""claim_type"":""unresolved_reference"",""conditional_squared_discrepancy"":null,""confidence_interval"":null,""failed_or_unavailable"":0,""interval_status"":""unresolved_reference"",""observed_estimate_mean"":0.0,""planned"":24,""reference_eligible"":false,""reference_kind"":""unresolved"",""reference_mcse"":null,""reference_shift_is_confidence_interval"":false,""reference_shift_max"":null,""reference_shift_min"":null,""squared_discrepancy_standard_error"":null,""supplied_reference_value"":0.0,""unconditional_squared_discrepancy"":null,""valid"":24}","{""available_functions_missing_cost"":0,""conditioning"":""same finite function estimates as conditional error; all such costs must be complete"",""confidence_interval"":{""high"":6.495527640577645,""low"":6.4425658701692745},""function_available"":24,""interval_diagnostics"":{""bca_acceleration"":0.013314514918405282,""bca_adjusted_quantiles"":[0.030083750711513712,0.9795564657242039],""bca_bias_percentile"":0.5062506250625063,""bootstrap_expected_tail_counts"":[300.80742336442563,204.4148992236857],""minimum_valid_repetitions"":20,""resampled_valid_count_range"":[24,24],""resampling_plan_sha256"":""22e338ef5a1c028306ca7a03b188d650d83f0028ecc282ee953e70e4258651ef"",""undefined_bootstrap_replicates"":0},""interval_status"":""available"",""mean_seconds"":6.467327408331964,""output_outcome_counts"":{""infrastructure_interruption"":0,""measurement_available"":0,""not_run"":0,""numerical_failure"":0,""output_failure_unclassified"":0,""resource_failure"":0,""valid"":24},""planned"":24,""plot_error_cost_point"":false,""reference_kind"":""unresolved""}"
q1_positive,cpu-rwm-sequential,4096,ordinary_workflow,24,24,unresolved,0.0,,,,,unresolved_reference,5.640719370836147,5.585629776883597,5.703465009096276,available,False,"{""claim_type"":""unresolved_reference"",""conditional_squared_discrepancy"":null,""confidence_interval"":null,""failed_or_unavailable"":0,""interval_status"":""unresolved_reference"",""observed_estimate_mean"":0.0,""planned"":24,""reference_eligible"":false,""reference_kind"":""unresolved"",""reference_mcse"":null,""reference_shift_is_confidence_interval"":false,""reference_shift_max"":null,""reference_shift_min"":null,""squared_discrepancy_standard_error"":null,""supplied_reference_value"":0.0,""unconditional_squared_discrepancy"":null,""valid"":24}","{""available_functions_missing_cost"":0,""conditioning"":""same finite function estimates as conditional error; all such costs must be complete"",""confidence_interval"":{""high"":5.703465009096276,""low"":5.585629776883597},""function_available"":24,""interval_diagnostics"":{""bca_acceleration"":0.015587433976724366,""bca_adjusted_quantiles"":[0.029710393028388314,0.9793040176385499],""bca_bias_percentile"":0.5034503450345035,""bootstrap_expected_tail_counts"":[297.07421989085475,206.93912763213947],""minimum_valid_repetitions"":20,""resampled_valid_count_range"":[24,24],""resampling_plan_sha256"":""22e338ef5a1c028306ca7a03b188d650d83f0028ecc282ee953e70e4258651ef"",""undefined_bootstrap_replicates"":0},""interval_status"":""available"",""mean_seconds"":5.640719370836147,""output_outcome_counts"":{""infrastructure_interruption"":0,""measurement_available"":0,""not_run"":0,""numerical_failure"":0,""output_failure_unclassified"":0,""resource_failure"":0,""valid"":24},""planned"":24,""plot_error_cost_point"":false,""reference_kind"":""unresolved""}"
q1_positive,cpu-rwm-sequential,4096,research_execution,24,24,unresolved,0.0,,,,,unresolved_reference,10.582119074997422,10.512989349540932,10.665384011514798,available,False,"{""claim_type"":""unresolved_reference"",""conditional_squared_discrepancy"":null,""confidence_interval"":null,""failed_or_unavailable"":0,""interval_status"":""unresolved_reference"",""observed_estimate_mean"":0.0,""planned"":24,""reference_eligible"":false,""reference_kind"":""unresolved"",""reference_mcse"":null,""reference_shift_is_confidence_interval"":false,""reference_shift_max"":null,""reference_shift_min"":null,""squared_discrepancy_standard_error"":null,""supplied_reference_value"":0.0,""unconditional_squared_discrepancy"":null,""valid"":24}","{""available_functions_missing_cost"":0,""conditioning"":""same finite function estimates as conditional error; all such costs must be complete"",""confidence_interval"":{""high"":10.665384011514798,""low"":10.512989349540932},""function_available"":24,""interval_diagnostics"":{""bca_acceleration"":0.020740724243351993,""bca_adjusted_quantiles"":[0.03272556212666805,0.9815898725467109],""bca_bias_percentile"":0.5085508550855086,""bootstrap_expected_tail_counts"":[327.2228957045538,184.08286440543742],""minimum_valid_repetitions"":20,""resampled_valid_count_range"":[24,24],""resampling_plan_sha256"":""22e338ef5a1c028306ca7a03b188d650d83f0028ecc282ee953e70e4258651ef"",""undefined_bootstrap_replicates"":0},""interval_status"":""available"",""mean_seconds"":10.582119074997422,""output_outcome_counts"":{""infrastructure_interruption"":0,""measurement_available"":0,""not_run"":0,""numerical_failure"":0,""output_failure_unclassified"":0,""resource_failure"":0,""valid"":24},""planned"":24,""plot_error_cost_point"":false,""reference_kind"":""unresolved""}"
q1_positive,cuda-mala-quasi_deer,1024,ordinary_workflow,24,24,unresolved,0.0,,,,,unresolved_reference,24.57101335416674,24.29193645294084,24.737848500979506,available,False,"{""claim_type"":""unresolved_reference"",""conditional_squared_discrepancy"":null,""confidence_interval"":null,""failed_or_unavailable"":0,""interval_status"":""unresolved_reference"",""observed_estimate_mean"":0.0,""planned"":24,""reference_eligible"":false,""reference_kind"":""unresolved"",""reference_mcse"":null,""reference_shift_is_confidence_interval"":false,""reference_shift_max"":null,""reference_shift_min"":null,""squared_discrepancy_standard_error"":null,""supplied_reference_value"":0.0,""unconditional_squared_discrepancy"":null,""valid"":24}","{""available_functions_missing_cost"":0,""conditioning"":""same finite function estimates as conditional error; all such costs must be complete"",""confidence_interval"":{""high"":24.737848500979506,""low"":24.29193645294084},""function_available"":24,""interval_diagnostics"":{""bca_acceleration"":-0.05443043150078718,""bca_adjusted_quantiles"":[0.008838229465447458,0.9481752823951903],""bca_bias_percentile"":0.46854685468546853,""bootstrap_expected_tail_counts"":[88.37345642500914,518.1953513304918],""minimum_valid_repetitions"":20,""resampled_valid_count_range"":[24,24],""resampling_plan_sha256"":""22e338ef5a1c028306ca7a03b188d650d83f0028ecc282ee953e70e4258651ef"",""undefined_bootstrap_replicates"":0},""interval_status"":""available"",""mean_seconds"":24.57101335416674,""output_outcome_counts"":{""infrastructure_interruption"":0,""measurement_available"":0,""not_run"":0,""numerical_failure"":0,""output_failure_unclassified"":0,""resource_failure"":0,""valid"":24},""planned"":24,""plot_error_cost_point"":false,""reference_kind"":""unresolved""}"
q1_positive,cuda-mala-quasi_deer,1024,research_execution,24,24,unresolved,0.0,,,,,unresolved_reference,28.712666933336283,28.452855646531976,28.87961754206757,available,False,"{""claim_type"":""unresolved_reference"",""conditional_squared_discrepancy"":null,""confidence_interval"":null,""failed_or_unavailable"":0,""interval_status"":""unresolved_reference"",""observed_estimate_mean"":0.0,""planned"":24,""reference_eligible"":false,""reference_kind"":""unresolved"",""reference_mcse"":null,""reference_shift_is_confidence_interval"":false,""reference_shift_max"":null,""reference_shift_min"":null,""squared_discrepancy_standard_error"":null,""supplied_reference_value"":0.0,""unconditional_squared_discrepancy"":null,""valid"":24}","{""available_functions_missing_cost"":0,""conditioning"":""same finite function estimates as conditional error; all such costs must be complete"",""confidence_interval"":{""high"":28.87961754206757,""low"":28.452855646531976},""function_available"":24,""interval_diagnostics"":{""bca_acceleration"":-0.0457386828587446,""bca_adjusted_quantiles"":[0.010376090286409092,0.9521076222921147],""bca_bias_percentile"":0.47124712471247127,""bootstrap_expected_tail_counts"":[103.75052677380451,478.8758847011456],""minimum_valid_repetitions"":20,""resampled_valid_count_range"":[24,24],""resampling_plan_sha256"":""22e338ef5a1c028306ca7a03b188d650d83f0028ecc282ee953e70e4258651ef"",""undefined_bootstrap_replicates"":0},""interval_status"":""available"",""mean_seconds"":28.712666933336283,""output_outcome_counts"":{""infrastructure_interruption"":0,""measurement_available"":0,""not_run"":0,""numerical_failure"":0,""output_failure_unclassified"":0,""resource_failure"":0,""valid"":24},""planned"":24,""plot_error_cost_point"":false,""reference_kind"":""unresolved""}"
q1_positive,cuda-mala-quasi_deer,4096,ordinary_workflow,24,24,unresolved,0.0,,,,,unresolved_reference,66.325458870834,65.68306965605305,66.77295669412858,available,False,"{""claim_type"":""unresolved_reference"",""conditional_squared_discrepancy"":null,""confidence_interval"":null,""failed_or_unavailable"":0,""interval_status"":""unresolved_reference"",""observed_estimate_mean"":0.0,""planned"":24,""reference_eligible"":false,""reference_kind"":""unresolved"",""reference_mcse"":null,""reference_shift_is_confidence_interval"":false,""reference_shift_max"":null,""reference_shift_min"":null,""squared_discrepancy_standard_error"":null,""supplied_reference_value"":0.0,""unconditional_squared_discrepancy"":null,""valid"":24}","{""available_functions_missing_cost"":0,""conditioning"":""same finite function estimates as conditional error; all such costs must be complete"",""confidence_interval"":{""high"":66.77295669412858,""low"":65.68306965605305},""function_available"":24,""interval_diagnostics"":{""bca_acceleration"":-0.04612391583557127,""bca_adjusted_quantiles"":[0.012713214796819198,0.9582489439300618],""bca_bias_percentile"":0.48554855485548554,""bootstrap_expected_tail_counts"":[127.11943475339515,417.46880964331234],""minimum_valid_repetitions"":20,""resampled_valid_count_range"":[24,24],""resampling_plan_sha256"":""22e338ef5a1c028306ca7a03b188d650d83f0028ecc282ee953e70e4258651ef"",""undefined_bootstrap_replicates"":0},""interval_status"":""available"",""mean_seconds"":66.325458870834,""output_outcome_counts"":{""infrastructure_interruption"":0,""measurement_available"":0,""not_run"":0,""numerical_failure"":0,""output_failure_unclassified"":0,""resource_failure"":0,""valid"":24},""planned"":24,""plot_error_cost_point"":false,""reference_kind"":""unresolved""}"
q1_positive,cuda-mala-quasi_deer,4096,research_execution,24,24,unresolved,0.0,,,,,unresolved_reference,74.17758755833142,73.56922610110263,74.58431071107958,available,False,"{""claim_type"":""unresolved_reference"",""conditional_squared_discrepancy"":null,""confidence_interval"":null,""failed_or_unavailable"":0,""interval_status"":""unresolved_reference"",""observed_estimate_mean"":0.0,""planned"":24,""reference_eligible"":false,""reference_kind"":""unresolved"",""reference_mcse"":null,""reference_shift_is_confidence_interval"":false,""reference_shift_max"":null,""reference_shift_min"":null,""squared_discrepancy_standard_error"":null,""supplied_reference_value"":0.0,""unconditional_squared_discrepancy"":null,""valid"":24}","{""available_functions_missing_cost"":0,""conditioning"":""same finite function estimates as conditional error; all such costs must be complete"",""confidence_interval"":{""high"":74.58431071107958,""low"":73.56922610110263},""function_available"":24,""interval_diagnostics"":{""bca_acceleration"":-0.050539761139075615,""bca_adjusted_quantiles"":[0.011830467955246764,0.9565503572918163],""bca_bias_percentile"":0.48444844484448446,""bootstrap_expected_tail_counts"":[118.2928490845124,434.45297743912926],""minimum_valid_repetitions"":20,""resampled_valid_count_range"":[24,24],""resampling_plan_sha256"":""22e338ef5a1c028306ca7a03b188d650d83f0028ecc282ee953e70e4258651ef"",""undefined_bootstrap_replicates"":0},""interval_status"":""available"",""mean_seconds"":74.17758755833142,""output_outcome_counts"":{""infrastructure_interruption"":0,""measurement_available"":0,""not_run"":0,""numerical_failure"":0,""output_failure_unclassified"":0,""resource_failure"":0,""valid"":24},""planned"":24,""plot_error_cost_point"":false,""reference_kind"":""unresolved""}"
q1_positive,cuda-mala-sequential,1024,ordinary_workflow,24,24,unresolved,0.0,,,,,unresolved_reference,7.902306066668189,7.85796974180756,7.947000704485668,available,False,"{""claim_type"":""unresolved_reference"",""conditional_squared_discrepancy"":null,""confidence_interval"":null,""failed_or_unavailable"":0,""interval_status"":""unresolved_reference"",""observed_estimate_mean"":0.0,""planned"":24,""reference_eligible"":false,""reference_kind"":""unresolved"",""reference_mcse"":null,""reference_shift_is_confidence_interval"":false,""reference_shift_max"":null,""reference_shift_min"":null,""squared_discrepancy_standard_error"":null,""supplied_reference_value"":0.0,""unconditional_squared_discrepancy"":null,""valid"":24}","{""available_functions_missing_cost"":0,""conditioning"":""same finite function estimates as conditional error; all such costs must be complete"",""confidence_interval"":{""high"":7.947000704485668,""low"":7.85796974180756},""function_available"":24,""interval_diagnostics"":{""bca_acceleration"":0.0017448964292301377,""bca_adjusted_quantiles"":[0.02591520755381355,0.9758939558769454],""bca_bias_percentile"":0.5017501750175017,""bootstrap_expected_tail_counts"":[259.1261603305817,241.0363351864231],""minimum_valid_repetitions"":20,""resampled_valid_count_range"":[24,24],""resampling_plan_sha256"":""22e338ef5a1c028306ca7a03b188d650d83f0028ecc282ee953e70e4258651ef"",""undefined_bootstrap_replicates"":0},""interval_status"":""available"",""mean_seconds"":7.902306066668189,""output_outcome_counts"":{""infrastructure_interruption"":0,""measurement_available"":0,""not_run"":0,""numerical_failure"":0,""output_failure_unclassified"":0,""resource_failure"":0,""valid"":24},""planned"":24,""plot_error_cost_point"":false,""reference_kind"":""unresolved""}"
q1_positive,cuda-mala-sequential,1024,research_execution,24,24,unresolved,0.0,,,,,unresolved_reference,12.076994266664087,12.013061952189778,12.205906574186104,available,False,"{""claim_type"":""unresolved_reference"",""conditional_squared_discrepancy"":null,""confidence_interval"":null,""failed_or_unavailable"":0,""interval_status"":""unresolved_reference"",""observed_estimate_mean"":0.0,""planned"":24,""reference_eligible"":false,""reference_kind"":""unresolved"",""reference_mcse"":null,""reference_shift_is_confidence_interval"":false,""reference_shift_max"":null,""reference_shift_min"":null,""squared_discrepancy_standard_error"":null,""supplied_reference_value"":0.0,""unconditional_squared_discrepancy"":null,""valid"":24}","{""available_functions_missing_cost"":0,""conditioning"":""same finite function estimates as conditional error; all such costs must be complete"",""confidence_interval"":{""high"":12.205906574186104,""low"":12.013061952189778},""function_available"":24,""interval_diagnostics"":{""bca_acceleration"":0.07758770864551418,""bca_adjusted_quantiles"":[0.057074530346287664,0.9933815771328292],""bca_bias_percentile"":0.5275527552755276,""bootstrap_expected_tail_counts"":[570.6882289325304,66.1776102488413],""minimum_valid_repetitions"":20,""resampled_valid_count_range"":[24,24],""resampling_plan_sha256"":""22e338ef5a1c028306ca7a03b188d650d83f0028ecc282ee953e70e4258651ef"",""undefined_bootstrap_replicates"":0},""interval_status"":""available"",""mean_seconds"":12.076994266664087,""output_outcome_counts"":{""infrastructure_interruption"":0,""measurement_available"":0,""not_run"":0,""numerical_failure"":0,""output_failure_unclassified"":0,""resource_failure"":0,""valid"":24},""planned"":24,""plot_error_cost_point"":false,""reference_kind"":""unresolved""}"
q1_positive,cuda-mala-sequential,4096,ordinary_workflow,24,24,unresolved,0.0,,,,,unresolved_reference,16.58595472916731,16.499938008782284,16.657691191552598,available,False,"{""claim_type"":""unresolved_reference"",""conditional_squared_discrepancy"":null,""confidence_interval"":null,""failed_or_unavailable"":0,""interval_status"":""unresolved_reference"",""observed_estimate_mean"":0.0,""planned"":24,""reference_eligible"":false,""reference_kind"":""unresolved"",""reference_mcse"":null,""reference_shift_is_confidence_interval"":false,""reference_shift_max"":null,""reference_shift_min"":null,""squared_discrepancy_standard_error"":null,""supplied_reference_value"":0.0,""unconditional_squared_discrepancy"":null,""valid"":24}","{""available_functions_missing_cost"":0,""conditioning"":""same finite function estimates as conditional error; all such costs must be complete"",""confidence_interval"":{""high"":16.657691191552598,""low"":16.499938008782284},""function_available"":24,""interval_diagnostics"":{""bca_acceleration"":-0.019193571319690676,""bca_adjusted_quantiles"":[0.017122304951257283,0.965173160966388],""bca_bias_percentile"":0.48454845484548453,""bootstrap_expected_tail_counts"":[171.20592720762156,348.2335634970858],""minimum_valid_repetitions"":20,""resampled_valid_count_range"":[24,24],""resampling_plan_sha256"":""22e338ef5a1c028306ca7a03b188d650d83f0028ecc282ee953e70e4258651ef"",""undefined_bootstrap_replicates"":0},""interval_status"":""available"",""mean_seconds"":16.58595472916731,""output_outcome_counts"":{""infrastructure_interruption"":0,""measurement_available"":0,""not_run"":0,""numerical_failure"":0,""output_failure_unclassified"":0,""resource_failure"":0,""valid"":24},""planned"":24,""plot_error_cost_point"":false,""reference_kind"":""unresolved""}"
q1_positive,cuda-mala-sequential,4096,research_execution,24,24,unresolved,0.0,,,,,unresolved_reference,24.406619683327033,24.30852089818354,24.501135660668293,available,False,"{""claim_type"":""unresolved_reference"",""conditional_squared_discrepancy"":null,""confidence_interval"":null,""failed_or_unavailable"":0,""interval_status"":""unresolved_reference"",""observed_estimate_mean"":0.0,""planned"":24,""reference_eligible"":false,""reference_kind"":""unresolved"",""reference_mcse"":null,""reference_shift_is_confidence_interval"":false,""reference_shift_max"":null,""reference_shift_min"":null,""squared_discrepancy_standard_error"":null,""supplied_reference_value"":0.0,""unconditional_squared_discrepancy"":null,""valid"":24}","{""available_functions_missing_cost"":0,""conditioning"":""same finite function estimates as conditional error; all such costs must be complete"",""confidence_interval"":{""high"":24.501135660668293,""low"":24.30852089818354},""function_available"":24,""interval_diagnostics"":{""bca_acceleration"":-0.008532681034838086,""bca_adjusted_quantiles"":[0.021477041054922624,0.9711443036164034],""bca_bias_percentile"":0.49394939493949397,""bootstrap_expected_tail_counts"":[214.74893350817132,288.5281081395828],""minimum_valid_repetitions"":20,""resampled_valid_count_range"":[24,24],""resampling_plan_sha256"":""22e338ef5a1c028306ca7a03b188d650d83f0028ecc282ee953e70e4258651ef"",""undefined_bootstrap_replicates"":0},""interval_status"":""available"",""mean_seconds"":24.406619683327033,""output_outcome_counts"":{""infrastructure_interruption"":0,""measurement_available"":0,""not_run"":0,""numerical_failure"":0,""output_failure_unclassified"":0,""resource_failure"":0,""valid"":24},""planned"":24,""plot_error_cost_point"":false,""reference_kind"":""unresolved""}"
q1_positive,cuda-rwm-online_picard,1024,ordinary_workflow,24,24,unresolved,0.0,,,,,unresolved_reference,3.3811281750001094,3.362679911097745,3.4146797567980918,available,False,"{""claim_type"":""unresolved_reference"",""conditional_squared_discrepancy"":null,""confidence_interval"":null,""failed_or_unavailable"":0,""interval_status"":""unresolved_reference"",""observed_estimate_mean"":0.0,""planned"":24,""reference_eligible"":false,""reference_kind"":""unresolved"",""reference_mcse"":null,""reference_shift_is_confidence_interval"":false,""reference_shift_max"":null,""reference_shift_min"":null,""squared_discrepancy_standard_error"":null,""supplied_reference_value"":0.0,""unconditional_squared_discrepancy"":null,""valid"":24}","{""available_functions_missing_cost"":0,""conditioning"":""same finite function estimates as conditional error; all such costs must be complete"",""confidence_interval"":{""high"":3.4146797567980918,""low"":3.362679911097745},""function_available"":24,""interval_diagnostics"":{""bca_acceleration"":0.06093326742548681,""bca_adjusted_quantiles"":[0.050930802710205156,0.9911617679702233],""bca_bias_percentile"":0.5254525452545254,""bootstrap_expected_tail_counts"":[509.25709629934136,88.3734820657376],""minimum_valid_repetitions"":20,""resampled_valid_count_range"":[24,24],""resampling_plan_sha256"":""22e338ef5a1c028306ca7a03b188d650d83f0028ecc282ee953e70e4258651ef"",""undefined_bootstrap_replicates"":0},""interval_status"":""available"",""mean_seconds"":3.3811281750001094,""output_outcome_counts"":{""infrastructure_interruption"":0,""measurement_available"":0,""not_run"":0,""numerical_failure"":0,""output_failure_unclassified"":0,""resource_failure"":0,""valid"":24},""planned"":24,""plot_error_cost_point"":false,""reference_kind"":""unresolved""}"
q1_positive,cuda-rwm-online_picard,1024,research_execution,24,24,unresolved,0.0,,,,,unresolved_reference,6.548944670839698,6.515908490200067,6.59401681277296,available,False,"{""claim_type"":""unresolved_reference"",""conditional_squared_discrepancy"":null,""confidence_interval"":null,""failed_or_unavailable"":0,""interval_status"":""unresolved_reference"",""observed_estimate_mean"":0.0,""planned"":24,""reference_eligible"":false,""reference_kind"":""unresolved"",""reference_mcse"":null,""reference_shift_is_confidence_interval"":false,""reference_shift_max"":null,""reference_shift_min"":null,""squared_discrepancy_standard_error"":null,""supplied_reference_value"":0.0,""unconditional_squared_discrepancy"":null,""valid"":24}","{""available_functions_missing_cost"":0,""conditioning"":""same finite function estimates as conditional error; all such costs must be complete"",""confidence_interval"":{""high"":6.59401681277296,""low"":6.515908490200067},""function_available"":24,""interval_diagnostics"":{""bca_acceleration"":0.030181821579131282,""bca_adjusted_quantiles"":[0.03612003246861671,0.98393385055335],""bca_bias_percentile"":0.5111511151115111,""bootstrap_expected_tail_counts"":[361.1642046536985,160.64542831705305],""minimum_valid_repetitions"":20,""resampled_valid_count_range"":[24,24],""resampling_plan_sha256"":""22e338ef5a1c028306ca7a03b188d650d83f0028ecc282ee953e70e4258651ef"",""undefined_bootstrap_replicates"":0},""interval_status"":""available"",""mean_seconds"":6.548944670839698,""output_outcome_counts"":{""infrastructure_interruption"":0,""measurement_available"":0,""not_run"":0,""numerical_failure"":0,""output_failure_unclassified"":0,""resource_failure"":0,""valid"":24},""planned"":24,""plot_error_cost_point"":false,""reference_kind"":""unresolved""}"
q1_positive,cuda-rwm-online_picard,4096,ordinary_workflow,24,24,unresolved,0.0,,,,,unresolved_reference,5.223975837498453,5.182355928115185,5.266123128482246,available,False,"{""claim_type"":""unresolved_reference"",""conditional_squared_discrepancy"":null,""confidence_interval"":null,""failed_or_unavailable"":0,""interval_status"":""unresolved_reference"",""observed_estimate_mean"":0.0,""planned"":24,""reference_eligible"":false,""reference_kind"":""unresolved"",""reference_mcse"":null,""reference_shift_is_confidence_interval"":false,""reference_shift_max"":null,""reference_shift_min"":null,""squared_discrepancy_standard_error"":null,""supplied_reference_value"":0.0,""unconditional_squared_discrepancy"":null,""valid"":24}","{""available_functions_missing_cost"":0,""conditioning"":""same finite function estimates as conditional error; all such costs must be complete"",""confidence_interval"":{""high"":5.266123128482246,""low"":5.182355928115185},""function_available"":24,""interval_diagnostics"":{""bca_acceleration"":0.001940247453068625,""bca_adjusted_quantiles"":[0.025186410110588305,0.9751866619357192],""bca_bias_percentile"":0.49914991499149913,""bootstrap_expected_tail_counts"":[251.83891469577247,248.10856730474336],""minimum_valid_repetitions"":20,""resampled_valid_count_range"":[24,24],""resampling_plan_sha256"":""22e338ef5a1c028306ca7a03b188d650d83f0028ecc282ee953e70e4258651ef"",""undefined_bootstrap_replicates"":0},""interval_status"":""available"",""mean_seconds"":5.223975837498453,""output_outcome_counts"":{""infrastructure_interruption"":0,""measurement_available"":0,""not_run"":0,""numerical_failure"":0,""output_failure_unclassified"":0,""resource_failure"":0,""valid"":24},""planned"":24,""plot_error_cost_point"":false,""reference_kind"":""unresolved""}"
q1_positive,cuda-rwm-online_picard,4096,research_execution,24,24,unresolved,0.0,,,,,unresolved_reference,10.156065533341613,10.097404260489009,10.221939198565812,available,False,"{""claim_type"":""unresolved_reference"",""conditional_squared_discrepancy"":null,""confidence_interval"":null,""failed_or_unavailable"":0,""interval_status"":""unresolved_reference"",""observed_estimate_mean"":0.0,""planned"":24,""reference_eligible"":false,""reference_kind"":""unresolved"",""reference_mcse"":null,""reference_shift_is_confidence_interval"":false,""reference_shift_max"":null,""reference_shift_min"":null,""squared_discrepancy_standard_error"":null,""supplied_reference_value"":0.0,""unconditional_squared_discrepancy"":null,""valid"":24}","{""available_functions_missing_cost"":0,""conditioning"":""same finite function estimates as conditional error; all such costs must be complete"",""confidence_interval"":{""high"":10.221939198565812,""low"":10.097404260489009},""function_available"":24,""interval_diagnostics"":{""bca_acceleration"":0.01139982567359949,""bca_adjusted_quantiles"":[0.028961539591788113,0.9786462629130375],""bca_bias_percentile"":0.5042504250425043,""bootstrap_expected_tail_counts"":[289.58643437828937,213.51601713253837],""minimum_valid_repetitions"":20,""resampled_valid_count_range"":[24,24],""resampling_plan_sha256"":""22e338ef5a1c028306ca7a03b188d650d83f0028ecc282ee953e70e4258651ef"",""undefined_bootstrap_replicates"":0},""interval_status"":""available"",""mean_seconds"":10.156065533341613,""output_outcome_counts"":{""infrastructure_interruption"":0,""measurement_available"":0,""not_run"":0,""numerical_failure"":0,""output_failure_unclassified"":0,""resource_failure"":0,""valid"":24},""planned"":24,""plot_error_cost_point"":false,""reference_kind"":""unresolved""}"
q1_positive,cuda-rwm-sequential,1024,ordinary_workflow,24,24,unresolved,0.0,,,,,unresolved_reference,3.6746048500043194,3.660645740630839,3.6929354332709194,available,False,"{""claim_type"":""unresolved_reference"",""conditional_squared_discrepancy"":null,""confidence_interval"":null,""failed_or_unavailable"":0,""interval_status"":""unresolved_reference"",""observed_estimate_mean"":0.0,""planned"":24,""reference_eligible"":false,""reference_kind"":""unresolved"",""reference_mcse"":null,""reference_shift_is_confidence_interval"":false,""reference_shift_max"":null,""reference_shift_min"":null,""squared_discrepancy_standard_error"":null,""supplied_reference_value"":0.0,""unconditional_squared_discrepancy"":null,""valid"":24}","{""available_functions_missing_cost"":0,""conditioning"":""same finite function estimates as conditional error; all such costs must be complete"",""confidence_interval"":{""high"":3.6929354332709194,""low"":3.660645740630839},""function_available"":24,""interval_diagnostics"":{""bca_acceleration"":0.027532667491290932,""bca_adjusted_quantiles"":[0.03842560252184647,0.985089462635675],""bca_bias_percentile"":0.5189518951895189,""bootstrap_expected_tail_counts"":[384.21759961594285,149.09046310588585],""minimum_valid_repetitions"":20,""resampled_valid_count_range"":[24,24],""resampling_plan_sha256"":""22e338ef5a1c028306ca7a03b188d650d83f0028ecc282ee953e70e4258651ef"",""undefined_bootstrap_replicates"":0},""interval_status"":""available"",""mean_seconds"":3.6746048500043194,""output_outcome_counts"":{""infrastructure_interruption"":0,""measurement_available"":0,""not_run"":0,""numerical_failure"":0,""output_failure_unclassified"":0,""resource_failure"":0,""valid"":24},""planned"":24,""plot_error_cost_point"":false,""reference_kind"":""unresolved""}"
q1_positive,cuda-rwm-sequential,1024,research_execution,24,24,unresolved,0.0,,,,,unresolved_reference,6.795831566665735,6.754254954882016,6.842208418968694,available,False,"{""claim_type"":""unresolved_reference"",""conditional_squared_discrepancy"":null,""confidence_interval"":null,""failed_or_unavailable"":0,""interval_status"":""unresolved_reference"",""observed_estimate_mean"":0.0,""planned"":24,""reference_eligible"":false,""reference_kind"":""unresolved"",""reference_mcse"":null,""reference_shift_is_confidence_interval"":false,""reference_shift_max"":null,""reference_shift_min"":null,""squared_discrepancy_standard_error"":null,""supplied_reference_value"":0.0,""unconditional_squared_discrepancy"":null,""valid"":24}","{""available_functions_missing_cost"":0,""conditioning"":""same finite function estimates as conditional error; all such costs must be complete"",""confidence_interval"":{""high"":6.842208418968694,""low"":6.754254954882016},""function_available"":24,""interval_diagnostics"":{""bca_acceleration"":0.016745495948075343,""bca_adjusted_quantiles"":[0.02953152029344637,0.9791803625399323],""bca_bias_percentile"":0.502050205020502,""bootstrap_expected_tail_counts"":[295.2856714141703,208.17555496321646],""minimum_valid_repetitions"":20,""resampled_valid_count_range"":[24,24],""resampling_plan_sha256"":""22e338ef5a1c028306ca7a03b188d650d83f0028ecc282ee953e70e4258651ef"",""undefined_bootstrap_replicates"":0},""interval_status"":""available"",""mean_seconds"":6.795831566665735,""output_outcome_counts"":{""infrastructure_interruption"":0,""measurement_available"":0,""not_run"":0,""numerical_failure"":0,""output_failure_unclassified"":0,""resource_failure"":0,""valid"":24},""planned"":24,""plot_error_cost_point"":false,""reference_kind"":""unresolved""}"
q1_positive,cuda-rwm-sequential,4096,ordinary_workflow,24,24,unresolved,0.0,,,,,unresolved_reference,6.676549924999752,6.591013246789728,6.744040947424508,available,False,"{""claim_type"":""unresolved_reference"",""conditional_squared_discrepancy"":null,""confidence_interval"":null,""failed_or_unavailable"":0,""interval_status"":""unresolved_reference"",""observed_estimate_mean"":0.0,""planned"":24,""reference_eligible"":false,""reference_kind"":""unresolved"",""reference_mcse"":null,""reference_shift_is_confidence_interval"":false,""reference_shift_max"":null,""reference_shift_min"":null,""squared_discrepancy_standard_error"":null,""supplied_reference_value"":0.0,""unconditional_squared_discrepancy"":null,""valid"":24}","{""available_functions_missing_cost"":0,""conditioning"":""same finite function estimates as conditional error; all such costs must be complete"",""confidence_interval"":{""high"":6.744040947424508,""low"":6.591013246789728},""function_available"":24,""interval_diagnostics"":{""bca_acceleration"":-0.029753653471955497,""bca_adjusted_quantiles"":[0.01599295715755889,0.9637292601236221],""bca_bias_percentile"":0.48814881488148815,""bootstrap_expected_tail_counts"":[159.91357861843136,362.67112802390216],""minimum_valid_repetitions"":20,""resampled_valid_count_range"":[24,24],""resampling_plan_sha256"":""22e338ef5a1c028306ca7a03b188d650d83f0028ecc282ee953e70e4258651ef"",""undefined_bootstrap_replicates"":0},""interval_status"":""available"",""mean_seconds"":6.676549924999752,""output_outcome_counts"":{""infrastructure_interruption"":0,""measurement_available"":0,""not_run"":0,""numerical_failure"":0,""output_failure_unclassified"":0,""resource_failure"":0,""valid"":24},""planned"":24,""plot_error_cost_point"":false,""reference_kind"":""unresolved""}"
q1_positive,cuda-rwm-sequential,4096,research_execution,24,24,unresolved,0.0,,,,,unresolved_reference,11.646025512496939,11.549179943828314,11.728489982406554,available,False,"{""claim_type"":""unresolved_reference"",""conditional_squared_discrepancy"":null,""confidence_interval"":null,""failed_or_unavailable"":0,""interval_status"":""unresolved_reference"",""observed_estimate_mean"":0.0,""planned"":24,""reference_eligible"":false,""reference_kind"":""unresolved"",""reference_mcse"":null,""reference_shift_is_confidence_interval"":false,""reference_shift_max"":null,""reference_shift_min"":null,""squared_discrepancy_standard_error"":null,""supplied_reference_value"":0.0,""unconditional_squared_discrepancy"":null,""valid"":24}","{""available_functions_missing_cost"":0,""conditioning"":""same finite function estimates as conditional error; all such costs must be complete"",""confidence_interval"":{""high"":11.728489982406554,""low"":11.549179943828314},""function_available"":24,""interval_diagnostics"":{""bca_acceleration"":-0.024423375498539287,""bca_adjusted_quantiles"":[0.017614932580306216,0.9661910077461126],""bca_bias_percentile"":0.49104910491049103,""bootstrap_expected_tail_counts"":[176.13171087048187,338.0561135466206],""minimum_valid_repetitions"":20,""resampled_valid_count_range"":[24,24],""resampling_plan_sha256"":""22e338ef5a1c028306ca7a03b188d650d83f0028ecc282ee953e70e4258651ef"",""undefined_bootstrap_replicates"":0},""interval_status"":""available"",""mean_seconds"":11.646025512496939,""output_outcome_counts"":{""infrastructure_interruption"":0,""measurement_available"":0,""not_run"":0,""numerical_failure"":0,""output_failure_unclassified"":0,""resource_failure"":0,""valid"":24},""planned"":24,""plot_error_cost_point"":false,""reference_kind"":""unresolved""}"
