function,kind,workflow_a,workflow_b,budget,reference_kind,reference_mcse,planned,paired,validity_table,point,low,high,interval_status,source_record
v_over_3,same_kernel_execution,cpu-rwm-sequential,cpu-rwm-online_picard,1024,analytic,0.0,24,24,"{""n00"":0,""n01"":0,""n10"":0,""n11"":24}",5.765064351829589e-16,1.7454941574558227e-16,1.3284124192949707e-15,available,"{""bca_acceleration"":0.07455111499920992,""bca_adjusted_quantiles"":[0.056583849278748585,0.9931541553502681],""bca_bias_percentile"":0.5284528452845284,""bootstrap_expected_tail_counts"":[565.7819089382072,68.45160065266951],""claim_type"":""analytic_mse"",""conditional_mean_loss_difference"":5.765064351829589e-16,""conditioning"":""both_workflows_have_valid_estimates"",""confidence_interval"":{""high"":1.3284124192949707e-15,""low"":1.7454941574558227e-16},""confidence_level"":0.95,""direction"":""A_squared_loss_minus_B_squared_loss"",""interval_coverage"":""pointwise_conditional_on_supplied_reference"",""interval_method"":""BCa"",""interval_status"":""available"",""minimum_valid_repetitions"":20,""paired_difference_standard_error"":2.8276907793664104e-16,""planned"":24,""reference_eligible"":true,""reference_kind"":""analytic"",""reference_shift_is_confidence_interval"":false,""reference_shift_max"":5.765064351829589e-16,""reference_shift_min"":5.765064351829589e-16,""resampled_valid_count_range"":[24,24],""resampling_plan_sha256"":""7c84a965f030c7a68a5dcb2e60b9770143d7dd3f41eed9a92868cdf8bb50aa7d"",""unconditional_mean_loss_difference"":5.765064351829589e-16,""undefined_bootstrap_replicates"":0,""validity_table"":{""n00"":0,""n01"":0,""n10"":0,""n11"":24},""workflow_a"":""cpu-rwm-sequential@1024"",""workflow_b"":""cpu-rwm-online_picard@1024""}"
v_over_3,same_kernel_execution,cpu-mala-sequential,cpu-mala-quasi_deer,1024,analytic,0.0,24,17,"{""n00"":0,""n01"":0,""n10"":7,""n11"":17}",1.0477292343558424e-10,,,fewer_than_20_valid_repetitions,"{""claim_type"":""analytic_mse"",""conditional_mean_loss_difference"":1.0477292343558424e-10,""conditioning"":""both_workflows_have_valid_estimates"",""confidence_interval"":null,""confidence_level"":0.95,""direction"":""A_squared_loss_minus_B_squared_loss"",""interval_coverage"":""pointwise_conditional_on_supplied_reference"",""interval_method"":""BCa"",""interval_status"":""fewer_than_20_valid_repetitions"",""minimum_valid_repetitions"":20,""paired_difference_standard_error"":1.1266066121608623e-10,""planned"":24,""reference_eligible"":true,""reference_kind"":""analytic"",""reference_shift_is_confidence_interval"":false,""reference_shift_max"":1.0477292343558424e-10,""reference_shift_min"":1.0477292343558424e-10,""resampling_plan_sha256"":""7c84a965f030c7a68a5dcb2e60b9770143d7dd3f41eed9a92868cdf8bb50aa7d"",""unconditional_mean_loss_difference"":null,""validity_table"":{""n00"":0,""n01"":0,""n10"":7,""n11"":17},""workflow_a"":""cpu-mala-sequential@1024"",""workflow_b"":""cpu-mala-quasi_deer@1024""}"
v_over_3,same_kernel_execution,cuda-rwm-sequential,cuda-rwm-online_picard,1024,analytic,0.0,24,24,"{""n00"":0,""n01"":0,""n10"":0,""n11"":24}",5.765064351829589e-16,1.7454941574558227e-16,1.3284124192949707e-15,available,"{""bca_acceleration"":0.07455111499920992,""bca_adjusted_quantiles"":[0.056583849278748585,0.9931541553502681],""bca_bias_percentile"":0.5284528452845284,""bootstrap_expected_tail_counts"":[565.7819089382072,68.45160065266951],""claim_type"":""analytic_mse"",""conditional_mean_loss_difference"":5.765064351829589e-16,""conditioning"":""both_workflows_have_valid_estimates"",""confidence_interval"":{""high"":1.3284124192949707e-15,""low"":1.7454941574558227e-16},""confidence_level"":0.95,""direction"":""A_squared_loss_minus_B_squared_loss"",""interval_coverage"":""pointwise_conditional_on_supplied_reference"",""interval_method"":""BCa"",""interval_status"":""available"",""minimum_valid_repetitions"":20,""paired_difference_standard_error"":2.8276907793664104e-16,""planned"":24,""reference_eligible"":true,""reference_kind"":""analytic"",""reference_shift_is_confidence_interval"":false,""reference_shift_max"":5.765064351829589e-16,""reference_shift_min"":5.765064351829589e-16,""resampled_valid_count_range"":[24,24],""resampling_plan_sha256"":""7c84a965f030c7a68a5dcb2e60b9770143d7dd3f41eed9a92868cdf8bb50aa7d"",""unconditional_mean_loss_difference"":5.765064351829589e-16,""undefined_bootstrap_replicates"":0,""validity_table"":{""n00"":0,""n01"":0,""n10"":0,""n11"":24},""workflow_a"":""cuda-rwm-sequential@1024"",""workflow_b"":""cuda-rwm-online_picard@1024""}"
v_over_3,same_kernel_execution,cuda-mala-sequential,cuda-mala-quasi_deer,1024,analytic,0.0,24,17,"{""n00"":0,""n01"":0,""n10"":7,""n11"":17}",1.0477947319019547e-10,,,fewer_than_20_valid_repetitions,"{""claim_type"":""analytic_mse"",""conditional_mean_loss_difference"":1.0477947319019547e-10,""conditioning"":""both_workflows_have_valid_estimates"",""confidence_interval"":null,""confidence_level"":0.95,""direction"":""A_squared_loss_minus_B_squared_loss"",""interval_coverage"":""pointwise_conditional_on_supplied_reference"",""interval_method"":""BCa"",""interval_status"":""fewer_than_20_valid_repetitions"",""minimum_valid_repetitions"":20,""paired_difference_standard_error"":1.1266079395467454e-10,""planned"":24,""reference_eligible"":true,""reference_kind"":""analytic"",""reference_shift_is_confidence_interval"":false,""reference_shift_max"":1.0477947319019547e-10,""reference_shift_min"":1.0477947319019547e-10,""resampling_plan_sha256"":""7c84a965f030c7a68a5dcb2e60b9770143d7dd3f41eed9a92868cdf8bb50aa7d"",""unconditional_mean_loss_difference"":null,""validity_table"":{""n00"":0,""n01"":0,""n10"":7,""n11"":17},""workflow_a"":""cuda-mala-sequential@1024"",""workflow_b"":""cuda-mala-quasi_deer@1024""}"
v_over_3,end_to_end_workflow,cpu-mala-quasi_deer,cpu-nuts-spawn_chains,1024,analytic,0.0,24,17,"{""n00"":0,""n01"":7,""n10"":0,""n11"":17}",-0.06011979702223642,,,fewer_than_20_valid_repetitions,"{""claim_type"":""analytic_mse"",""conditional_mean_loss_difference"":-0.06011979702223642,""conditioning"":""both_workflows_have_valid_estimates"",""confidence_interval"":null,""confidence_level"":0.95,""direction"":""A_squared_loss_minus_B_squared_loss"",""interval_coverage"":""pointwise_conditional_on_supplied_reference"",""interval_method"":""BCa"",""interval_status"":""fewer_than_20_valid_repetitions"",""minimum_valid_repetitions"":20,""paired_difference_standard_error"":0.039440224661356264,""planned"":24,""reference_eligible"":true,""reference_kind"":""analytic"",""reference_shift_is_confidence_interval"":false,""reference_shift_max"":-0.06011979702223642,""reference_shift_min"":-0.06011979702223642,""resampling_plan_sha256"":""7c84a965f030c7a68a5dcb2e60b9770143d7dd3f41eed9a92868cdf8bb50aa7d"",""unconditional_mean_loss_difference"":null,""validity_table"":{""n00"":0,""n01"":7,""n10"":0,""n11"":17},""workflow_a"":""cpu-mala-quasi_deer@1024"",""workflow_b"":""cpu-nuts-spawn_chains@1024""}"
v_over_3,end_to_end_workflow,cpu-mala-sequential,cpu-nuts-spawn_chains,1024,analytic,0.0,24,24,"{""n00"":0,""n01"":0,""n10"":0,""n11"":24}",-0.07109242524021576,-0.12235687983450966,-0.005343254602226461,available,"{""bca_acceleration"":0.0292134228397925,""bca_adjusted_quantiles"":[0.03658252353048177,0.9841659778821722],""bca_bias_percentile"":0.513051305130513,""bootstrap_expected_tail_counts"":[365.7886527812872,158.32438715616024],""claim_type"":""analytic_mse"",""conditional_mean_loss_difference"":-0.07109242524021576,""conditioning"":""both_workflows_have_valid_estimates"",""confidence_interval"":{""high"":-0.005343254602226461,""low"":-0.12235687983450966},""confidence_level"":0.95,""direction"":""A_squared_loss_minus_B_squared_loss"",""interval_coverage"":""pointwise_conditional_on_supplied_reference"",""interval_method"":""BCa"",""interval_status"":""available"",""minimum_valid_repetitions"":20,""paired_difference_standard_error"":0.030155982805170067,""planned"":24,""reference_eligible"":true,""reference_kind"":""analytic"",""reference_shift_is_confidence_interval"":false,""reference_shift_max"":-0.07109242524021576,""reference_shift_min"":-0.07109242524021576,""resampled_valid_count_range"":[24,24],""resampling_plan_sha256"":""7c84a965f030c7a68a5dcb2e60b9770143d7dd3f41eed9a92868cdf8bb50aa7d"",""unconditional_mean_loss_difference"":-0.07109242524021576,""undefined_bootstrap_replicates"":0,""validity_table"":{""n00"":0,""n01"":0,""n10"":0,""n11"":24},""workflow_a"":""cpu-mala-sequential@1024"",""workflow_b"":""cpu-nuts-spawn_chains@1024""}"
v_over_3,end_to_end_workflow,cpu-rwm-online_picard,cpu-nuts-spawn_chains,1024,analytic,0.0,24,24,"{""n00"":0,""n01"":0,""n10"":0,""n11"":24}",0.2722393117842137,0.14009946866197465,0.41810435722648853,available,"{""bca_acceleration"":0.01332158395548053,""bca_adjusted_quantiles"":[0.02913131723647246,0.9788097290128693],""bca_bias_percentile"":0.5033503350335033,""bootstrap_expected_tail_counts"":[291.28404104748813,211.88151960031954],""claim_type"":""analytic_mse"",""conditional_mean_loss_difference"":0.2722393117842137,""conditioning"":""both_workflows_have_valid_estimates"",""confidence_interval"":{""high"":0.41810435722648853,""low"":0.14009946866197465},""confidence_level"":0.95,""direction"":""A_squared_loss_minus_B_squared_loss"",""interval_coverage"":""pointwise_conditional_on_supplied_reference"",""interval_method"":""BCa"",""interval_status"":""available"",""minimum_valid_repetitions"":20,""paired_difference_standard_error"":0.07370431237758482,""planned"":24,""reference_eligible"":true,""reference_kind"":""analytic"",""reference_shift_is_confidence_interval"":false,""reference_shift_max"":0.2722393117842137,""reference_shift_min"":0.2722393117842137,""resampled_valid_count_range"":[24,24],""resampling_plan_sha256"":""7c84a965f030c7a68a5dcb2e60b9770143d7dd3f41eed9a92868cdf8bb50aa7d"",""unconditional_mean_loss_difference"":0.2722393117842137,""undefined_bootstrap_replicates"":0,""validity_table"":{""n00"":0,""n01"":0,""n10"":0,""n11"":24},""workflow_a"":""cpu-rwm-online_picard@1024"",""workflow_b"":""cpu-nuts-spawn_chains@1024""}"
v_over_3,end_to_end_workflow,cpu-rwm-sequential,cpu-nuts-spawn_chains,1024,analytic,0.0,24,24,"{""n00"":0,""n01"":0,""n10"":0,""n11"":24}",0.27223931178421423,0.14009946866197548,0.4181043572264894,available,"{""bca_acceleration"":0.013321583955480705,""bca_adjusted_quantiles"":[0.029131317236472516,0.9788097290128693],""bca_bias_percentile"":0.5033503350335033,""bootstrap_expected_tail_counts"":[291.2840410474887,211.88151960031954],""claim_type"":""analytic_mse"",""conditional_mean_loss_difference"":0.27223931178421423,""conditioning"":""both_workflows_have_valid_estimates"",""confidence_interval"":{""high"":0.4181043572264894,""low"":0.14009946866197548},""confidence_level"":0.95,""direction"":""A_squared_loss_minus_B_squared_loss"",""interval_coverage"":""pointwise_conditional_on_supplied_reference"",""interval_method"":""BCa"",""interval_status"":""available"",""minimum_valid_repetitions"":20,""paired_difference_standard_error"":0.07370431237758482,""planned"":24,""reference_eligible"":true,""reference_kind"":""analytic"",""reference_shift_is_confidence_interval"":false,""reference_shift_max"":0.27223931178421423,""reference_shift_min"":0.27223931178421423,""resampled_valid_count_range"":[24,24],""resampling_plan_sha256"":""7c84a965f030c7a68a5dcb2e60b9770143d7dd3f41eed9a92868cdf8bb50aa7d"",""unconditional_mean_loss_difference"":0.27223931178421423,""undefined_bootstrap_replicates"":0,""validity_table"":{""n00"":0,""n01"":0,""n10"":0,""n11"":24},""workflow_a"":""cpu-rwm-sequential@1024"",""workflow_b"":""cpu-nuts-spawn_chains@1024""}"
v_over_3,end_to_end_workflow,cuda-mala-quasi_deer,cpu-nuts-spawn_chains,1024,analytic,0.0,24,17,"{""n00"":0,""n01"":7,""n10"":0,""n11"":17}",-0.06011979702224376,,,fewer_than_20_valid_repetitions,"{""claim_type"":""analytic_mse"",""conditional_mean_loss_difference"":-0.06011979702224376,""conditioning"":""both_workflows_have_valid_estimates"",""confidence_interval"":null,""confidence_level"":0.95,""direction"":""A_squared_loss_minus_B_squared_loss"",""interval_coverage"":""pointwise_conditional_on_supplied_reference"",""interval_method"":""BCa"",""interval_status"":""fewer_than_20_valid_repetitions"",""minimum_valid_repetitions"":20,""paired_difference_standard_error"":0.039440224661358624,""planned"":24,""reference_eligible"":true,""reference_kind"":""analytic"",""reference_shift_is_confidence_interval"":false,""reference_shift_max"":-0.06011979702224376,""reference_shift_min"":-0.06011979702224376,""resampling_plan_sha256"":""7c84a965f030c7a68a5dcb2e60b9770143d7dd3f41eed9a92868cdf8bb50aa7d"",""unconditional_mean_loss_difference"":null,""validity_table"":{""n00"":0,""n01"":7,""n10"":0,""n11"":17},""workflow_a"":""cuda-mala-quasi_deer@1024"",""workflow_b"":""cpu-nuts-spawn_chains@1024""}"
v_over_3,end_to_end_workflow,cuda-mala-sequential,cpu-nuts-spawn_chains,1024,analytic,0.0,24,24,"{""n00"":0,""n01"":0,""n10"":0,""n11"":24}",-0.07109242524019835,-0.12235687983446127,-0.005343254602187892,available,"{""bca_acceleration"":0.029213422839840072,""bca_adjusted_quantiles"":[0.03658252353049445,0.9841659778821806],""bca_bias_percentile"":0.513051305130513,""bootstrap_expected_tail_counts"":[365.78865278141404,158.32438715607586],""claim_type"":""analytic_mse"",""conditional_mean_loss_difference"":-0.07109242524019835,""conditioning"":""both_workflows_have_valid_estimates"",""confidence_interval"":{""high"":-0.005343254602187892,""low"":-0.12235687983446127},""confidence_level"":0.95,""direction"":""A_squared_loss_minus_B_squared_loss"",""interval_coverage"":""pointwise_conditional_on_supplied_reference"",""interval_method"":""BCa"",""interval_status"":""available"",""minimum_valid_repetitions"":20,""paired_difference_standard_error"":0.03015598280516198,""planned"":24,""reference_eligible"":true,""reference_kind"":""analytic"",""reference_shift_is_confidence_interval"":false,""reference_shift_max"":-0.07109242524019835,""reference_shift_min"":-0.07109242524019835,""resampled_valid_count_range"":[24,24],""resampling_plan_sha256"":""7c84a965f030c7a68a5dcb2e60b9770143d7dd3f41eed9a92868cdf8bb50aa7d"",""unconditional_mean_loss_difference"":-0.07109242524019835,""undefined_bootstrap_replicates"":0,""validity_table"":{""n00"":0,""n01"":0,""n10"":0,""n11"":24},""workflow_a"":""cuda-mala-sequential@1024"",""workflow_b"":""cpu-nuts-spawn_chains@1024""}"
v_over_3,end_to_end_workflow,cuda-rwm-online_picard,cpu-nuts-spawn_chains,1024,analytic,0.0,24,24,"{""n00"":0,""n01"":0,""n10"":0,""n11"":24}",0.2722393117842137,0.14009946866197465,0.41810435722648853,available,"{""bca_acceleration"":0.01332158395548053,""bca_adjusted_quantiles"":[0.02913131723647246,0.9788097290128693],""bca_bias_percentile"":0.5033503350335033,""bootstrap_expected_tail_counts"":[291.28404104748813,211.88151960031954],""claim_type"":""analytic_mse"",""conditional_mean_loss_difference"":0.2722393117842137,""conditioning"":""both_workflows_have_valid_estimates"",""confidence_interval"":{""high"":0.41810435722648853,""low"":0.14009946866197465},""confidence_level"":0.95,""direction"":""A_squared_loss_minus_B_squared_loss"",""interval_coverage"":""pointwise_conditional_on_supplied_reference"",""interval_method"":""BCa"",""interval_status"":""available"",""minimum_valid_repetitions"":20,""paired_difference_standard_error"":0.07370431237758482,""planned"":24,""reference_eligible"":true,""reference_kind"":""analytic"",""reference_shift_is_confidence_interval"":false,""reference_shift_max"":0.2722393117842137,""reference_shift_min"":0.2722393117842137,""resampled_valid_count_range"":[24,24],""resampling_plan_sha256"":""7c84a965f030c7a68a5dcb2e60b9770143d7dd3f41eed9a92868cdf8bb50aa7d"",""unconditional_mean_loss_difference"":0.2722393117842137,""undefined_bootstrap_replicates"":0,""validity_table"":{""n00"":0,""n01"":0,""n10"":0,""n11"":24},""workflow_a"":""cuda-rwm-online_picard@1024"",""workflow_b"":""cpu-nuts-spawn_chains@1024""}"
v_over_3,end_to_end_workflow,cuda-rwm-sequential,cpu-nuts-spawn_chains,1024,analytic,0.0,24,24,"{""n00"":0,""n01"":0,""n10"":0,""n11"":24}",0.27223931178421423,0.14009946866197548,0.4181043572264894,available,"{""bca_acceleration"":0.013321583955480705,""bca_adjusted_quantiles"":[0.029131317236472516,0.9788097290128693],""bca_bias_percentile"":0.5033503350335033,""bootstrap_expected_tail_counts"":[291.2840410474887,211.88151960031954],""claim_type"":""analytic_mse"",""conditional_mean_loss_difference"":0.27223931178421423,""conditioning"":""both_workflows_have_valid_estimates"",""confidence_interval"":{""high"":0.4181043572264894,""low"":0.14009946866197548},""confidence_level"":0.95,""direction"":""A_squared_loss_minus_B_squared_loss"",""interval_coverage"":""pointwise_conditional_on_supplied_reference"",""interval_method"":""BCa"",""interval_status"":""available"",""minimum_valid_repetitions"":20,""paired_difference_standard_error"":0.07370431237758482,""planned"":24,""reference_eligible"":true,""reference_kind"":""analytic"",""reference_shift_is_confidence_interval"":false,""reference_shift_max"":0.27223931178421423,""reference_shift_min"":0.27223931178421423,""resampled_valid_count_range"":[24,24],""resampling_plan_sha256"":""7c84a965f030c7a68a5dcb2e60b9770143d7dd3f41eed9a92868cdf8bb50aa7d"",""unconditional_mean_loss_difference"":0.27223931178421423,""undefined_bootstrap_replicates"":0,""validity_table"":{""n00"":0,""n01"":0,""n10"":0,""n11"":24},""workflow_a"":""cuda-rwm-sequential@1024"",""workflow_b"":""cpu-nuts-spawn_chains@1024""}"
v_over_3,same_kernel_execution,cpu-rwm-sequential,cpu-rwm-online_picard,4096,analytic,0.0,24,24,"{""n00"":0,""n01"":0,""n10"":0,""n11"":24}",-5.113820246889962e-18,-3.729290588530266e-16,2.441081191351113e-16,available,"{""bca_acceleration"":-0.0398498097963144,""bca_adjusted_quantiles"":[0.011434745437015175,0.95450233862873],""bca_bias_percentile"":0.47264726472647267,""bootstrap_expected_tail_counts"":[114.33601962471474,454.93111605132856],""claim_type"":""analytic_mse"",""conditional_mean_loss_difference"":-5.113820246889962e-18,""conditioning"":""both_workflows_have_valid_estimates"",""confidence_interval"":{""high"":2.441081191351113e-16,""low"":-3.729290588530266e-16},""confidence_level"":0.95,""direction"":""A_squared_loss_minus_B_squared_loss"",""interval_coverage"":""pointwise_conditional_on_supplied_reference"",""interval_method"":""BCa"",""interval_status"":""available"",""minimum_valid_repetitions"":20,""paired_difference_standard_error"":1.5916523737526568e-16,""planned"":24,""reference_eligible"":true,""reference_kind"":""analytic"",""reference_shift_is_confidence_interval"":false,""reference_shift_max"":-5.113820246889962e-18,""reference_shift_min"":-5.113820246889962e-18,""resampled_valid_count_range"":[24,24],""resampling_plan_sha256"":""7c84a965f030c7a68a5dcb2e60b9770143d7dd3f41eed9a92868cdf8bb50aa7d"",""unconditional_mean_loss_difference"":-5.113820246889962e-18,""undefined_bootstrap_replicates"":0,""validity_table"":{""n00"":0,""n01"":0,""n10"":0,""n11"":24},""workflow_a"":""cpu-rwm-sequential@4096"",""workflow_b"":""cpu-rwm-online_picard@4096""}"
v_over_3,same_kernel_execution,cpu-mala-sequential,cpu-mala-quasi_deer,4096,analytic,0.0,24,11,"{""n00"":1,""n01"":0,""n10"":12,""n11"":11}",-3.3894040509846963e-12,,,fewer_than_20_valid_repetitions,"{""claim_type"":""analytic_mse"",""conditional_mean_loss_difference"":-3.3894040509846963e-12,""conditioning"":""both_workflows_have_valid_estimates"",""confidence_interval"":null,""confidence_level"":0.95,""direction"":""A_squared_loss_minus_B_squared_loss"",""interval_coverage"":""pointwise_conditional_on_supplied_reference"",""interval_method"":""BCa"",""interval_status"":""fewer_than_20_valid_repetitions"",""minimum_valid_repetitions"":20,""paired_difference_standard_error"":2.50994721177249e-12,""planned"":24,""reference_eligible"":true,""reference_kind"":""analytic"",""reference_shift_is_confidence_interval"":false,""reference_shift_max"":-3.3894040509846963e-12,""reference_shift_min"":-3.3894040509846963e-12,""resampling_plan_sha256"":""7c84a965f030c7a68a5dcb2e60b9770143d7dd3f41eed9a92868cdf8bb50aa7d"",""unconditional_mean_loss_difference"":null,""validity_table"":{""n00"":1,""n01"":0,""n10"":12,""n11"":11},""workflow_a"":""cpu-mala-sequential@4096"",""workflow_b"":""cpu-mala-quasi_deer@4096""}"
v_over_3,same_kernel_execution,cuda-rwm-sequential,cuda-rwm-online_picard,4096,analytic,0.0,24,24,"{""n00"":0,""n01"":0,""n10"":0,""n11"":24}",-5.113820246889962e-18,-3.729290588530266e-16,2.441081191351113e-16,available,"{""bca_acceleration"":-0.0398498097963144,""bca_adjusted_quantiles"":[0.011434745437015175,0.95450233862873],""bca_bias_percentile"":0.47264726472647267,""bootstrap_expected_tail_counts"":[114.33601962471474,454.93111605132856],""claim_type"":""analytic_mse"",""conditional_mean_loss_difference"":-5.113820246889962e-18,""conditioning"":""both_workflows_have_valid_estimates"",""confidence_interval"":{""high"":2.441081191351113e-16,""low"":-3.729290588530266e-16},""confidence_level"":0.95,""direction"":""A_squared_loss_minus_B_squared_loss"",""interval_coverage"":""pointwise_conditional_on_supplied_reference"",""interval_method"":""BCa"",""interval_status"":""available"",""minimum_valid_repetitions"":20,""paired_difference_standard_error"":1.5916523737526568e-16,""planned"":24,""reference_eligible"":true,""reference_kind"":""analytic"",""reference_shift_is_confidence_interval"":false,""reference_shift_max"":-5.113820246889962e-18,""reference_shift_min"":-5.113820246889962e-18,""resampled_valid_count_range"":[24,24],""resampling_plan_sha256"":""7c84a965f030c7a68a5dcb2e60b9770143d7dd3f41eed9a92868cdf8bb50aa7d"",""unconditional_mean_loss_difference"":-5.113820246889962e-18,""undefined_bootstrap_replicates"":0,""validity_table"":{""n00"":0,""n01"":0,""n10"":0,""n11"":24},""workflow_a"":""cuda-rwm-sequential@4096"",""workflow_b"":""cuda-rwm-online_picard@4096""}"
v_over_3,same_kernel_execution,cuda-mala-sequential,cuda-mala-quasi_deer,4096,analytic,0.0,24,11,"{""n00"":1,""n01"":0,""n10"":12,""n11"":11}",-3.392791335124742e-12,,,fewer_than_20_valid_repetitions,"{""claim_type"":""analytic_mse"",""conditional_mean_loss_difference"":-3.392791335124742e-12,""conditioning"":""both_workflows_have_valid_estimates"",""confidence_interval"":null,""confidence_level"":0.95,""direction"":""A_squared_loss_minus_B_squared_loss"",""interval_coverage"":""pointwise_conditional_on_supplied_reference"",""interval_method"":""BCa"",""interval_status"":""fewer_than_20_valid_repetitions"",""minimum_valid_repetitions"":20,""paired_difference_standard_error"":2.511846638957771e-12,""planned"":24,""reference_eligible"":true,""reference_kind"":""analytic"",""reference_shift_is_confidence_interval"":false,""reference_shift_max"":-3.392791335124742e-12,""reference_shift_min"":-3.392791335124742e-12,""resampling_plan_sha256"":""7c84a965f030c7a68a5dcb2e60b9770143d7dd3f41eed9a92868cdf8bb50aa7d"",""unconditional_mean_loss_difference"":null,""validity_table"":{""n00"":1,""n01"":0,""n10"":12,""n11"":11},""workflow_a"":""cuda-mala-sequential@4096"",""workflow_b"":""cuda-mala-quasi_deer@4096""}"
v_over_3,end_to_end_workflow,cpu-mala-quasi_deer,cpu-nuts-spawn_chains,4096,analytic,0.0,24,4,"{""n00"":8,""n01"":5,""n10"":7,""n11"":4}",0.04929597980074944,,,fewer_than_20_valid_repetitions,"{""claim_type"":""analytic_mse"",""conditional_mean_loss_difference"":0.04929597980074944,""conditioning"":""both_workflows_have_valid_estimates"",""confidence_interval"":null,""confidence_level"":0.95,""direction"":""A_squared_loss_minus_B_squared_loss"",""interval_coverage"":""pointwise_conditional_on_supplied_reference"",""interval_method"":""BCa"",""interval_status"":""fewer_than_20_valid_repetitions"",""minimum_valid_repetitions"":20,""paired_difference_standard_error"":0.10828968295755567,""planned"":24,""reference_eligible"":true,""reference_kind"":""analytic"",""reference_shift_is_confidence_interval"":false,""reference_shift_max"":0.04929597980074944,""reference_shift_min"":0.04929597980074944,""resampling_plan_sha256"":""7c84a965f030c7a68a5dcb2e60b9770143d7dd3f41eed9a92868cdf8bb50aa7d"",""unconditional_mean_loss_difference"":null,""validity_table"":{""n00"":8,""n01"":5,""n10"":7,""n11"":4},""workflow_a"":""cpu-mala-quasi_deer@4096"",""workflow_b"":""cpu-nuts-spawn_chains@4096""}"
v_over_3,end_to_end_workflow,cpu-mala-sequential,cpu-nuts-spawn_chains,4096,analytic,0.0,24,9,"{""n00"":1,""n01"":0,""n10"":14,""n11"":9}",0.0023596450505850614,,,fewer_than_20_valid_repetitions,"{""claim_type"":""analytic_mse"",""conditional_mean_loss_difference"":0.0023596450505850614,""conditioning"":""both_workflows_have_valid_estimates"",""confidence_interval"":null,""confidence_level"":0.95,""direction"":""A_squared_loss_minus_B_squared_loss"",""interval_coverage"":""pointwise_conditional_on_supplied_reference"",""interval_method"":""BCa"",""interval_status"":""fewer_than_20_valid_repetitions"",""minimum_valid_repetitions"":20,""paired_difference_standard_error"":0.049252586575013295,""planned"":24,""reference_eligible"":true,""reference_kind"":""analytic"",""reference_shift_is_confidence_interval"":false,""reference_shift_max"":0.0023596450505850614,""reference_shift_min"":0.0023596450505850614,""resampling_plan_sha256"":""7c84a965f030c7a68a5dcb2e60b9770143d7dd3f41eed9a92868cdf8bb50aa7d"",""unconditional_mean_loss_difference"":null,""validity_table"":{""n00"":1,""n01"":0,""n10"":14,""n11"":9},""workflow_a"":""cpu-mala-sequential@4096"",""workflow_b"":""cpu-nuts-spawn_chains@4096""}"
v_over_3,end_to_end_workflow,cpu-rwm-online_picard,cpu-nuts-spawn_chains,4096,analytic,0.0,24,9,"{""n00"":0,""n01"":0,""n10"":15,""n11"":9}",0.22553544831562086,,,fewer_than_20_valid_repetitions,"{""claim_type"":""analytic_mse"",""conditional_mean_loss_difference"":0.22553544831562086,""conditioning"":""both_workflows_have_valid_estimates"",""confidence_interval"":null,""confidence_level"":0.95,""direction"":""A_squared_loss_minus_B_squared_loss"",""interval_coverage"":""pointwise_conditional_on_supplied_reference"",""interval_method"":""BCa"",""interval_status"":""fewer_than_20_valid_repetitions"",""minimum_valid_repetitions"":20,""paired_difference_standard_error"":0.0929680529832711,""planned"":24,""reference_eligible"":true,""reference_kind"":""analytic"",""reference_shift_is_confidence_interval"":false,""reference_shift_max"":0.22553544831562086,""reference_shift_min"":0.22553544831562086,""resampling_plan_sha256"":""7c84a965f030c7a68a5dcb2e60b9770143d7dd3f41eed9a92868cdf8bb50aa7d"",""unconditional_mean_loss_difference"":null,""validity_table"":{""n00"":0,""n01"":0,""n10"":15,""n11"":9},""workflow_a"":""cpu-rwm-online_picard@4096"",""workflow_b"":""cpu-nuts-spawn_chains@4096""}"
v_over_3,end_to_end_workflow,cpu-rwm-sequential,cpu-nuts-spawn_chains,4096,analytic,0.0,24,9,"{""n00"":0,""n01"":0,""n10"":15,""n11"":9}",0.2255354483156207,,,fewer_than_20_valid_repetitions,"{""claim_type"":""analytic_mse"",""conditional_mean_loss_difference"":0.2255354483156207,""conditioning"":""both_workflows_have_valid_estimates"",""confidence_interval"":null,""confidence_level"":0.95,""direction"":""A_squared_loss_minus_B_squared_loss"",""interval_coverage"":""pointwise_conditional_on_supplied_reference"",""interval_method"":""BCa"",""interval_status"":""fewer_than_20_valid_repetitions"",""minimum_valid_repetitions"":20,""paired_difference_standard_error"":0.092968052983271,""planned"":24,""reference_eligible"":true,""reference_kind"":""analytic"",""reference_shift_is_confidence_interval"":false,""reference_shift_max"":0.2255354483156207,""reference_shift_min"":0.2255354483156207,""resampling_plan_sha256"":""7c84a965f030c7a68a5dcb2e60b9770143d7dd3f41eed9a92868cdf8bb50aa7d"",""unconditional_mean_loss_difference"":null,""validity_table"":{""n00"":0,""n01"":0,""n10"":15,""n11"":9},""workflow_a"":""cpu-rwm-sequential@4096"",""workflow_b"":""cpu-nuts-spawn_chains@4096""}"
v_over_3,end_to_end_workflow,cuda-mala-quasi_deer,cpu-nuts-spawn_chains,4096,analytic,0.0,24,4,"{""n00"":8,""n01"":5,""n10"":7,""n11"":4}",0.04929597980074986,,,fewer_than_20_valid_repetitions,"{""claim_type"":""analytic_mse"",""conditional_mean_loss_difference"":0.04929597980074986,""conditioning"":""both_workflows_have_valid_estimates"",""confidence_interval"":null,""confidence_level"":0.95,""direction"":""A_squared_loss_minus_B_squared_loss"",""interval_coverage"":""pointwise_conditional_on_supplied_reference"",""interval_method"":""BCa"",""interval_status"":""fewer_than_20_valid_repetitions"",""minimum_valid_repetitions"":20,""paired_difference_standard_error"":0.10828968295755573,""planned"":24,""reference_eligible"":true,""reference_kind"":""analytic"",""reference_shift_is_confidence_interval"":false,""reference_shift_max"":0.04929597980074986,""reference_shift_min"":0.04929597980074986,""resampling_plan_sha256"":""7c84a965f030c7a68a5dcb2e60b9770143d7dd3f41eed9a92868cdf8bb50aa7d"",""unconditional_mean_loss_difference"":null,""validity_table"":{""n00"":8,""n01"":5,""n10"":7,""n11"":4},""workflow_a"":""cuda-mala-quasi_deer@4096"",""workflow_b"":""cpu-nuts-spawn_chains@4096""}"
v_over_3,end_to_end_workflow,cuda-mala-sequential,cpu-nuts-spawn_chains,4096,analytic,0.0,24,9,"{""n00"":1,""n01"":0,""n10"":14,""n11"":9}",0.002359645050534485,,,fewer_than_20_valid_repetitions,"{""claim_type"":""analytic_mse"",""conditional_mean_loss_difference"":0.002359645050534485,""conditioning"":""both_workflows_have_valid_estimates"",""confidence_interval"":null,""confidence_level"":0.95,""direction"":""A_squared_loss_minus_B_squared_loss"",""interval_coverage"":""pointwise_conditional_on_supplied_reference"",""interval_method"":""BCa"",""interval_status"":""fewer_than_20_valid_repetitions"",""minimum_valid_repetitions"":20,""paired_difference_standard_error"":0.04925258657501177,""planned"":24,""reference_eligible"":true,""reference_kind"":""analytic"",""reference_shift_is_confidence_interval"":false,""reference_shift_max"":0.002359645050534485,""reference_shift_min"":0.002359645050534485,""resampling_plan_sha256"":""7c84a965f030c7a68a5dcb2e60b9770143d7dd3f41eed9a92868cdf8bb50aa7d"",""unconditional_mean_loss_difference"":null,""validity_table"":{""n00"":1,""n01"":0,""n10"":14,""n11"":9},""workflow_a"":""cuda-mala-sequential@4096"",""workflow_b"":""cpu-nuts-spawn_chains@4096""}"
v_over_3,end_to_end_workflow,cuda-rwm-online_picard,cpu-nuts-spawn_chains,4096,analytic,0.0,24,9,"{""n00"":0,""n01"":0,""n10"":15,""n11"":9}",0.22553544831562086,,,fewer_than_20_valid_repetitions,"{""claim_type"":""analytic_mse"",""conditional_mean_loss_difference"":0.22553544831562086,""conditioning"":""both_workflows_have_valid_estimates"",""confidence_interval"":null,""confidence_level"":0.95,""direction"":""A_squared_loss_minus_B_squared_loss"",""interval_coverage"":""pointwise_conditional_on_supplied_reference"",""interval_method"":""BCa"",""interval_status"":""fewer_than_20_valid_repetitions"",""minimum_valid_repetitions"":20,""paired_difference_standard_error"":0.0929680529832711,""planned"":24,""reference_eligible"":true,""reference_kind"":""analytic"",""reference_shift_is_confidence_interval"":false,""reference_shift_max"":0.22553544831562086,""reference_shift_min"":0.22553544831562086,""resampling_plan_sha256"":""7c84a965f030c7a68a5dcb2e60b9770143d7dd3f41eed9a92868cdf8bb50aa7d"",""unconditional_mean_loss_difference"":null,""validity_table"":{""n00"":0,""n01"":0,""n10"":15,""n11"":9},""workflow_a"":""cuda-rwm-online_picard@4096"",""workflow_b"":""cpu-nuts-spawn_chains@4096""}"
v_over_3,end_to_end_workflow,cuda-rwm-sequential,cpu-nuts-spawn_chains,4096,analytic,0.0,24,9,"{""n00"":0,""n01"":0,""n10"":15,""n11"":9}",0.2255354483156207,,,fewer_than_20_valid_repetitions,"{""claim_type"":""analytic_mse"",""conditional_mean_loss_difference"":0.2255354483156207,""conditioning"":""both_workflows_have_valid_estimates"",""confidence_interval"":null,""confidence_level"":0.95,""direction"":""A_squared_loss_minus_B_squared_loss"",""interval_coverage"":""pointwise_conditional_on_supplied_reference"",""interval_method"":""BCa"",""interval_status"":""fewer_than_20_valid_repetitions"",""minimum_valid_repetitions"":20,""paired_difference_standard_error"":0.092968052983271,""planned"":24,""reference_eligible"":true,""reference_kind"":""analytic"",""reference_shift_is_confidence_interval"":false,""reference_shift_max"":0.2255354483156207,""reference_shift_min"":0.2255354483156207,""resampling_plan_sha256"":""7c84a965f030c7a68a5dcb2e60b9770143d7dd3f41eed9a92868cdf8bb50aa7d"",""unconditional_mean_loss_difference"":null,""validity_table"":{""n00"":0,""n01"":0,""n10"":15,""n11"":9},""workflow_a"":""cuda-rwm-sequential@4096"",""workflow_b"":""cpu-nuts-spawn_chains@4096""}"
tanh_v_over_3,same_kernel_execution,cpu-rwm-sequential,cpu-rwm-online_picard,1024,analytic,0.0,24,24,"{""n00"":0,""n01"":0,""n10"":0,""n11"":24}",5.580027181058729e-17,-4.5609015189917186e-17,2.0162829338224468e-16,available,"{""bca_acceleration"":0.03918264041669105,""bca_adjusted_quantiles"":[0.041133142303541946,0.9867665926251602],""bca_bias_percentile"":0.5176517651765177,""bootstrap_expected_tail_counts"":[411.2902898931159,132.32084034102317],""claim_type"":""analytic_mse"",""conditional_mean_loss_difference"":5.580027181058729e-17,""conditioning"":""both_workflows_have_valid_estimates"",""confidence_interval"":{""high"":2.0162829338224468e-16,""low"":-4.5609015189917186e-17},""confidence_level"":0.95,""direction"":""A_squared_loss_minus_B_squared_loss"",""interval_coverage"":""pointwise_conditional_on_supplied_reference"",""interval_method"":""BCa"",""interval_status"":""available"",""minimum_valid_repetitions"":20,""paired_difference_standard_error"":6.248701811314665e-17,""planned"":24,""reference_eligible"":true,""reference_kind"":""analytic"",""reference_shift_is_confidence_interval"":false,""reference_shift_max"":5.580027181058729e-17,""reference_shift_min"":5.580027181058729e-17,""resampled_valid_count_range"":[24,24],""resampling_plan_sha256"":""7c84a965f030c7a68a5dcb2e60b9770143d7dd3f41eed9a92868cdf8bb50aa7d"",""unconditional_mean_loss_difference"":5.580027181058729e-17,""undefined_bootstrap_replicates"":0,""validity_table"":{""n00"":0,""n01"":0,""n10"":0,""n11"":24},""workflow_a"":""cpu-rwm-sequential@1024"",""workflow_b"":""cpu-rwm-online_picard@1024""}"
tanh_v_over_3,same_kernel_execution,cpu-mala-sequential,cpu-mala-quasi_deer,1024,analytic,0.0,24,17,"{""n00"":0,""n01"":0,""n10"":7,""n11"":17}",6.06814084864816e-11,,,fewer_than_20_valid_repetitions,"{""claim_type"":""analytic_mse"",""conditional_mean_loss_difference"":6.06814084864816e-11,""conditioning"":""both_workflows_have_valid_estimates"",""confidence_interval"":null,""confidence_level"":0.95,""direction"":""A_squared_loss_minus_B_squared_loss"",""interval_coverage"":""pointwise_conditional_on_supplied_reference"",""interval_method"":""BCa"",""interval_status"":""fewer_than_20_valid_repetitions"",""minimum_valid_repetitions"":20,""paired_difference_standard_error"":6.493543679201688e-11,""planned"":24,""reference_eligible"":true,""reference_kind"":""analytic"",""reference_shift_is_confidence_interval"":false,""reference_shift_max"":6.06814084864816e-11,""reference_shift_min"":6.06814084864816e-11,""resampling_plan_sha256"":""7c84a965f030c7a68a5dcb2e60b9770143d7dd3f41eed9a92868cdf8bb50aa7d"",""unconditional_mean_loss_difference"":null,""validity_table"":{""n00"":0,""n01"":0,""n10"":7,""n11"":17},""workflow_a"":""cpu-mala-sequential@1024"",""workflow_b"":""cpu-mala-quasi_deer@1024""}"
tanh_v_over_3,same_kernel_execution,cuda-rwm-sequential,cuda-rwm-online_picard,1024,analytic,0.0,24,24,"{""n00"":0,""n01"":0,""n10"":0,""n11"":24}",5.580027181058729e-17,-4.5609015189917186e-17,2.0162829338224468e-16,available,"{""bca_acceleration"":0.03918264041669105,""bca_adjusted_quantiles"":[0.041133142303541946,0.9867665926251602],""bca_bias_percentile"":0.5176517651765177,""bootstrap_expected_tail_counts"":[411.2902898931159,132.32084034102317],""claim_type"":""analytic_mse"",""conditional_mean_loss_difference"":5.580027181058729e-17,""conditioning"":""both_workflows_have_valid_estimates"",""confidence_interval"":{""high"":2.0162829338224468e-16,""low"":-4.5609015189917186e-17},""confidence_level"":0.95,""direction"":""A_squared_loss_minus_B_squared_loss"",""interval_coverage"":""pointwise_conditional_on_supplied_reference"",""interval_method"":""BCa"",""interval_status"":""available"",""minimum_valid_repetitions"":20,""paired_difference_standard_error"":6.248701811314665e-17,""planned"":24,""reference_eligible"":true,""reference_kind"":""analytic"",""reference_shift_is_confidence_interval"":false,""reference_shift_max"":5.580027181058729e-17,""reference_shift_min"":5.580027181058729e-17,""resampled_valid_count_range"":[24,24],""resampling_plan_sha256"":""7c84a965f030c7a68a5dcb2e60b9770143d7dd3f41eed9a92868cdf8bb50aa7d"",""unconditional_mean_loss_difference"":5.580027181058729e-17,""undefined_bootstrap_replicates"":0,""validity_table"":{""n00"":0,""n01"":0,""n10"":0,""n11"":24},""workflow_a"":""cuda-rwm-sequential@1024"",""workflow_b"":""cuda-rwm-online_picard@1024""}"
tanh_v_over_3,same_kernel_execution,cuda-mala-sequential,cuda-mala-quasi_deer,1024,analytic,0.0,24,17,"{""n00"":0,""n01"":0,""n10"":7,""n11"":17}",6.06849938462053e-11,,,fewer_than_20_valid_repetitions,"{""claim_type"":""analytic_mse"",""conditional_mean_loss_difference"":6.06849938462053e-11,""conditioning"":""both_workflows_have_valid_estimates"",""confidence_interval"":null,""confidence_level"":0.95,""direction"":""A_squared_loss_minus_B_squared_loss"",""interval_coverage"":""pointwise_conditional_on_supplied_reference"",""interval_method"":""BCa"",""interval_status"":""fewer_than_20_valid_repetitions"",""minimum_valid_repetitions"":20,""paired_difference_standard_error"":6.49352861028363e-11,""planned"":24,""reference_eligible"":true,""reference_kind"":""analytic"",""reference_shift_is_confidence_interval"":false,""reference_shift_max"":6.06849938462053e-11,""reference_shift_min"":6.06849938462053e-11,""resampling_plan_sha256"":""7c84a965f030c7a68a5dcb2e60b9770143d7dd3f41eed9a92868cdf8bb50aa7d"",""unconditional_mean_loss_difference"":null,""validity_table"":{""n00"":0,""n01"":0,""n10"":7,""n11"":17},""workflow_a"":""cuda-mala-sequential@1024"",""workflow_b"":""cuda-mala-quasi_deer@1024""}"
tanh_v_over_3,end_to_end_workflow,cpu-mala-quasi_deer,cpu-nuts-spawn_chains,1024,analytic,0.0,24,17,"{""n00"":0,""n01"":7,""n10"":0,""n11"":17}",-0.007590403343295034,,,fewer_than_20_valid_repetitions,"{""claim_type"":""analytic_mse"",""conditional_mean_loss_difference"":-0.007590403343295034,""conditioning"":""both_workflows_have_valid_estimates"",""confidence_interval"":null,""confidence_level"":0.95,""direction"":""A_squared_loss_minus_B_squared_loss"",""interval_coverage"":""pointwise_conditional_on_supplied_reference"",""interval_method"":""BCa"",""interval_status"":""fewer_than_20_valid_repetitions"",""minimum_valid_repetitions"":20,""paired_difference_standard_error"":0.022559555021146902,""planned"":24,""reference_eligible"":true,""reference_kind"":""analytic"",""reference_shift_is_confidence_interval"":false,""reference_shift_max"":-0.007590403343295034,""reference_shift_min"":-0.007590403343295034,""resampling_plan_sha256"":""7c84a965f030c7a68a5dcb2e60b9770143d7dd3f41eed9a92868cdf8bb50aa7d"",""unconditional_mean_loss_difference"":null,""validity_table"":{""n00"":0,""n01"":7,""n10"":0,""n11"":17},""workflow_a"":""cpu-mala-quasi_deer@1024"",""workflow_b"":""cpu-nuts-spawn_chains@1024""}"
tanh_v_over_3,end_to_end_workflow,cpu-mala-sequential,cpu-nuts-spawn_chains,1024,analytic,0.0,24,24,"{""n00"":0,""n01"":0,""n10"":0,""n11"":24}",-0.015687208362022455,-0.04116398396158994,0.024735217025972766,available,"{""bca_acceleration"":0.052591185448592134,""bca_adjusted_quantiles"":[0.047010000427438706,0.9895885256340148],""bca_bias_percentile"":0.5223522352235224,""bootstrap_expected_tail_counts"":[470.0529942739596,104.1043321854862],""claim_type"":""analytic_mse"",""conditional_mean_loss_difference"":-0.015687208362022455,""conditioning"":""both_workflows_have_valid_estimates"",""confidence_interval"":{""high"":0.024735217025972766,""low"":-0.04116398396158994},""confidence_level"":0.95,""direction"":""A_squared_loss_minus_B_squared_loss"",""interval_coverage"":""pointwise_conditional_on_supplied_reference"",""interval_method"":""BCa"",""interval_status"":""available"",""minimum_valid_repetitions"":20,""paired_difference_standard_error"":0.016659119072287617,""planned"":24,""reference_eligible"":true,""reference_kind"":""analytic"",""reference_shift_is_confidence_interval"":false,""reference_shift_max"":-0.015687208362022455,""reference_shift_min"":-0.015687208362022455,""resampled_valid_count_range"":[24,24],""resampling_plan_sha256"":""7c84a965f030c7a68a5dcb2e60b9770143d7dd3f41eed9a92868cdf8bb50aa7d"",""unconditional_mean_loss_difference"":-0.015687208362022455,""undefined_bootstrap_replicates"":0,""validity_table"":{""n00"":0,""n01"":0,""n10"":0,""n11"":24},""workflow_a"":""cpu-mala-sequential@1024"",""workflow_b"":""cpu-nuts-spawn_chains@1024""}"
tanh_v_over_3,end_to_end_workflow,cpu-rwm-online_picard,cpu-nuts-spawn_chains,1024,analytic,0.0,24,24,"{""n00"":0,""n01"":0,""n10"":0,""n11"":24}",0.15016874697834517,0.08974282489886426,0.2120723244452368,available,"{""bca_acceleration"":0.006782772849542625,""bca_adjusted_quantiles"":[0.025627268055054157,0.9756307213174799],""bca_bias_percentile"":0.4969496949694969,""bootstrap_expected_tail_counts"":[256.24705328248655,243.66841754651892],""claim_type"":""analytic_mse"",""conditional_mean_loss_difference"":0.15016874697834517,""conditioning"":""both_workflows_have_valid_estimates"",""confidence_interval"":{""high"":0.2120723244452368,""low"":0.08974282489886426},""confidence_level"":0.95,""direction"":""A_squared_loss_minus_B_squared_loss"",""interval_coverage"":""pointwise_conditional_on_supplied_reference"",""interval_method"":""BCa"",""interval_status"":""available"",""minimum_valid_repetitions"":20,""paired_difference_standard_error"":0.032614289230658275,""planned"":24,""reference_eligible"":true,""reference_kind"":""analytic"",""reference_shift_is_confidence_interval"":false,""reference_shift_max"":0.15016874697834517,""reference_shift_min"":0.15016874697834517,""resampled_valid_count_range"":[24,24],""resampling_plan_sha256"":""7c84a965f030c7a68a5dcb2e60b9770143d7dd3f41eed9a92868cdf8bb50aa7d"",""unconditional_mean_loss_difference"":0.15016874697834517,""undefined_bootstrap_replicates"":0,""validity_table"":{""n00"":0,""n01"":0,""n10"":0,""n11"":24},""workflow_a"":""cpu-rwm-online_picard@1024"",""workflow_b"":""cpu-nuts-spawn_chains@1024""}"
tanh_v_over_3,end_to_end_workflow,cpu-rwm-sequential,cpu-nuts-spawn_chains,1024,analytic,0.0,24,24,"{""n00"":0,""n01"":0,""n10"":0,""n11"":24}",0.15016874697834523,0.08974282489886426,0.21207232444523685,available,"{""bca_acceleration"":0.006782772849542607,""bca_adjusted_quantiles"":[0.025627268055054147,0.9756307213174799],""bca_bias_percentile"":0.4969496949694969,""bootstrap_expected_tail_counts"":[256.24705328248643,243.66841754651892],""claim_type"":""analytic_mse"",""conditional_mean_loss_difference"":0.15016874697834523,""conditioning"":""both_workflows_have_valid_estimates"",""confidence_interval"":{""high"":0.21207232444523685,""low"":0.08974282489886426},""confidence_level"":0.95,""direction"":""A_squared_loss_minus_B_squared_loss"",""interval_coverage"":""pointwise_conditional_on_supplied_reference"",""interval_method"":""BCa"",""interval_status"":""available"",""minimum_valid_repetitions"":20,""paired_difference_standard_error"":0.032614289230658275,""planned"":24,""reference_eligible"":true,""reference_kind"":""analytic"",""reference_shift_is_confidence_interval"":false,""reference_shift_max"":0.15016874697834523,""reference_shift_min"":0.15016874697834523,""resampled_valid_count_range"":[24,24],""resampling_plan_sha256"":""7c84a965f030c7a68a5dcb2e60b9770143d7dd3f41eed9a92868cdf8bb50aa7d"",""unconditional_mean_loss_difference"":0.15016874697834523,""undefined_bootstrap_replicates"":0,""validity_table"":{""n00"":0,""n01"":0,""n10"":0,""n11"":24},""workflow_a"":""cpu-rwm-sequential@1024"",""workflow_b"":""cpu-nuts-spawn_chains@1024""}"
tanh_v_over_3,end_to_end_workflow,cuda-mala-quasi_deer,cpu-nuts-spawn_chains,1024,analytic,0.0,24,17,"{""n00"":0,""n01"":7,""n10"":0,""n11"":17}",-0.007590403343299069,,,fewer_than_20_valid_repetitions,"{""claim_type"":""analytic_mse"",""conditional_mean_loss_difference"":-0.007590403343299069,""conditioning"":""both_workflows_have_valid_estimates"",""confidence_interval"":null,""confidence_level"":0.95,""direction"":""A_squared_loss_minus_B_squared_loss"",""interval_coverage"":""pointwise_conditional_on_supplied_reference"",""interval_method"":""BCa"",""interval_status"":""fewer_than_20_valid_repetitions"",""minimum_valid_repetitions"":20,""paired_difference_standard_error"":0.022559555021147776,""planned"":24,""reference_eligible"":true,""reference_kind"":""analytic"",""reference_shift_is_confidence_interval"":false,""reference_shift_max"":-0.007590403343299069,""reference_shift_min"":-0.007590403343299069,""resampling_plan_sha256"":""7c84a965f030c7a68a5dcb2e60b9770143d7dd3f41eed9a92868cdf8bb50aa7d"",""unconditional_mean_loss_difference"":null,""validity_table"":{""n00"":0,""n01"":7,""n10"":0,""n11"":17},""workflow_a"":""cuda-mala-quasi_deer@1024"",""workflow_b"":""cpu-nuts-spawn_chains@1024""}"
tanh_v_over_3,end_to_end_workflow,cuda-mala-sequential,cpu-nuts-spawn_chains,1024,analytic,0.0,24,24,"{""n00"":0,""n01"":0,""n10"":0,""n11"":24}",-0.015687208362012723,-0.041163983961544075,0.02473521702598253,available,"{""bca_acceleration"":0.05259118544863872,""bca_adjusted_quantiles"":[0.047010000427452396,0.9895885256340213],""bca_bias_percentile"":0.5223522352235224,""bootstrap_expected_tail_counts"":[470.05299427409653,104.1043321854207],""claim_type"":""analytic_mse"",""conditional_mean_loss_difference"":-0.015687208362012723,""conditioning"":""both_workflows_have_valid_estimates"",""confidence_interval"":{""high"":0.02473521702598253,""low"":-0.041163983961544075},""confidence_level"":0.95,""direction"":""A_squared_loss_minus_B_squared_loss"",""interval_coverage"":""pointwise_conditional_on_supplied_reference"",""interval_method"":""BCa"",""interval_status"":""available"",""minimum_valid_repetitions"":20,""paired_difference_standard_error"":0.01665911907228411,""planned"":24,""reference_eligible"":true,""reference_kind"":""analytic"",""reference_shift_is_confidence_interval"":false,""reference_shift_max"":-0.015687208362012723,""reference_shift_min"":-0.015687208362012723,""resampled_valid_count_range"":[24,24],""resampling_plan_sha256"":""7c84a965f030c7a68a5dcb2e60b9770143d7dd3f41eed9a92868cdf8bb50aa7d"",""unconditional_mean_loss_difference"":-0.015687208362012723,""undefined_bootstrap_replicates"":0,""validity_table"":{""n00"":0,""n01"":0,""n10"":0,""n11"":24},""workflow_a"":""cuda-mala-sequential@1024"",""workflow_b"":""cpu-nuts-spawn_chains@1024""}"
tanh_v_over_3,end_to_end_workflow,cuda-rwm-online_picard,cpu-nuts-spawn_chains,1024,analytic,0.0,24,24,"{""n00"":0,""n01"":0,""n10"":0,""n11"":24}",0.15016874697834517,0.08974282489886426,0.2120723244452368,available,"{""bca_acceleration"":0.006782772849542625,""bca_adjusted_quantiles"":[0.025627268055054157,0.9756307213174799],""bca_bias_percentile"":0.4969496949694969,""bootstrap_expected_tail_counts"":[256.24705328248655,243.66841754651892],""claim_type"":""analytic_mse"",""conditional_mean_loss_difference"":0.15016874697834517,""conditioning"":""both_workflows_have_valid_estimates"",""confidence_interval"":{""high"":0.2120723244452368,""low"":0.08974282489886426},""confidence_level"":0.95,""direction"":""A_squared_loss_minus_B_squared_loss"",""interval_coverage"":""pointwise_conditional_on_supplied_reference"",""interval_method"":""BCa"",""interval_status"":""available"",""minimum_valid_repetitions"":20,""paired_difference_standard_error"":0.032614289230658275,""planned"":24,""reference_eligible"":true,""reference_kind"":""analytic"",""reference_shift_is_confidence_interval"":false,""reference_shift_max"":0.15016874697834517,""reference_shift_min"":0.15016874697834517,""resampled_valid_count_range"":[24,24],""resampling_plan_sha256"":""7c84a965f030c7a68a5dcb2e60b9770143d7dd3f41eed9a92868cdf8bb50aa7d"",""unconditional_mean_loss_difference"":0.15016874697834517,""undefined_bootstrap_replicates"":0,""validity_table"":{""n00"":0,""n01"":0,""n10"":0,""n11"":24},""workflow_a"":""cuda-rwm-online_picard@1024"",""workflow_b"":""cpu-nuts-spawn_chains@1024""}"
tanh_v_over_3,end_to_end_workflow,cuda-rwm-sequential,cpu-nuts-spawn_chains,1024,analytic,0.0,24,24,"{""n00"":0,""n01"":0,""n10"":0,""n11"":24}",0.15016874697834523,0.08974282489886426,0.21207232444523685,available,"{""bca_acceleration"":0.006782772849542607,""bca_adjusted_quantiles"":[0.025627268055054147,0.9756307213174799],""bca_bias_percentile"":0.4969496949694969,""bootstrap_expected_tail_counts"":[256.24705328248643,243.66841754651892],""claim_type"":""analytic_mse"",""conditional_mean_loss_difference"":0.15016874697834523,""conditioning"":""both_workflows_have_valid_estimates"",""confidence_interval"":{""high"":0.21207232444523685,""low"":0.08974282489886426},""confidence_level"":0.95,""direction"":""A_squared_loss_minus_B_squared_loss"",""interval_coverage"":""pointwise_conditional_on_supplied_reference"",""interval_method"":""BCa"",""interval_status"":""available"",""minimum_valid_repetitions"":20,""paired_difference_standard_error"":0.032614289230658275,""planned"":24,""reference_eligible"":true,""reference_kind"":""analytic"",""reference_shift_is_confidence_interval"":false,""reference_shift_max"":0.15016874697834523,""reference_shift_min"":0.15016874697834523,""resampled_valid_count_range"":[24,24],""resampling_plan_sha256"":""7c84a965f030c7a68a5dcb2e60b9770143d7dd3f41eed9a92868cdf8bb50aa7d"",""unconditional_mean_loss_difference"":0.15016874697834523,""undefined_bootstrap_replicates"":0,""validity_table"":{""n00"":0,""n01"":0,""n10"":0,""n11"":24},""workflow_a"":""cuda-rwm-sequential@1024"",""workflow_b"":""cpu-nuts-spawn_chains@1024""}"
tanh_v_over_3,same_kernel_execution,cpu-rwm-sequential,cpu-rwm-online_picard,4096,analytic,0.0,24,24,"{""n00"":0,""n01"":0,""n10"":0,""n11"":24}",-5.086715192577825e-18,-1.5429003246932838e-16,1.3299546649155522e-16,available,"{""bca_acceleration"":-0.00459863783839488,""bca_adjusted_quantiles"":[0.022072873699469468,0.9718151158776407],""bca_bias_percentile"":0.4930993099309931,""bootstrap_expected_tail_counts"":[220.7066641209952,281.82065633947076],""claim_type"":""analytic_mse"",""conditional_mean_loss_difference"":-5.086715192577825e-18,""conditioning"":""both_workflows_have_valid_estimates"",""confidence_interval"":{""high"":1.3299546649155522e-16,""low"":-1.5429003246932838e-16},""confidence_level"":0.95,""direction"":""A_squared_loss_minus_B_squared_loss"",""interval_coverage"":""pointwise_conditional_on_supplied_reference"",""interval_method"":""BCa"",""interval_status"":""available"",""minimum_valid_repetitions"":20,""paired_difference_standard_error"":7.424732490895916e-17,""planned"":24,""reference_eligible"":true,""reference_kind"":""analytic"",""reference_shift_is_confidence_interval"":false,""reference_shift_max"":-5.086715192577825e-18,""reference_shift_min"":-5.086715192577825e-18,""resampled_valid_count_range"":[24,24],""resampling_plan_sha256"":""7c84a965f030c7a68a5dcb2e60b9770143d7dd3f41eed9a92868cdf8bb50aa7d"",""unconditional_mean_loss_difference"":-5.086715192577825e-18,""undefined_bootstrap_replicates"":0,""validity_table"":{""n00"":0,""n01"":0,""n10"":0,""n11"":24},""workflow_a"":""cpu-rwm-sequential@4096"",""workflow_b"":""cpu-rwm-online_picard@4096""}"
tanh_v_over_3,same_kernel_execution,cpu-mala-sequential,cpu-mala-quasi_deer,4096,analytic,0.0,24,11,"{""n00"":1,""n01"":0,""n10"":12,""n11"":11}",-2.2760304395703704e-13,,,fewer_than_20_valid_repetitions,"{""claim_type"":""analytic_mse"",""conditional_mean_loss_difference"":-2.2760304395703704e-13,""conditioning"":""both_workflows_have_valid_estimates"",""confidence_interval"":null,""confidence_level"":0.95,""direction"":""A_squared_loss_minus_B_squared_loss"",""interval_coverage"":""pointwise_conditional_on_supplied_reference"",""interval_method"":""BCa"",""interval_status"":""fewer_than_20_valid_repetitions"",""minimum_valid_repetitions"":20,""paired_difference_standard_error"":8.096794132402372e-13,""planned"":24,""reference_eligible"":true,""reference_kind"":""analytic"",""reference_shift_is_confidence_interval"":false,""reference_shift_max"":-2.2760304395703704e-13,""reference_shift_min"":-2.2760304395703704e-13,""resampling_plan_sha256"":""7c84a965f030c7a68a5dcb2e60b9770143d7dd3f41eed9a92868cdf8bb50aa7d"",""unconditional_mean_loss_difference"":null,""validity_table"":{""n00"":1,""n01"":0,""n10"":12,""n11"":11},""workflow_a"":""cpu-mala-sequential@4096"",""workflow_b"":""cpu-mala-quasi_deer@4096""}"
tanh_v_over_3,same_kernel_execution,cuda-rwm-sequential,cuda-rwm-online_picard,4096,analytic,0.0,24,24,"{""n00"":0,""n01"":0,""n10"":0,""n11"":24}",-5.086715192577825e-18,-1.5429003246932838e-16,1.3299546649155522e-16,available,"{""bca_acceleration"":-0.00459863783839488,""bca_adjusted_quantiles"":[0.022072873699469468,0.9718151158776407],""bca_bias_percentile"":0.4930993099309931,""bootstrap_expected_tail_counts"":[220.7066641209952,281.82065633947076],""claim_type"":""analytic_mse"",""conditional_mean_loss_difference"":-5.086715192577825e-18,""conditioning"":""both_workflows_have_valid_estimates"",""confidence_interval"":{""high"":1.3299546649155522e-16,""low"":-1.5429003246932838e-16},""confidence_level"":0.95,""direction"":""A_squared_loss_minus_B_squared_loss"",""interval_coverage"":""pointwise_conditional_on_supplied_reference"",""interval_method"":""BCa"",""interval_status"":""available"",""minimum_valid_repetitions"":20,""paired_difference_standard_error"":7.424732490895916e-17,""planned"":24,""reference_eligible"":true,""reference_kind"":""analytic"",""reference_shift_is_confidence_interval"":false,""reference_shift_max"":-5.086715192577825e-18,""reference_shift_min"":-5.086715192577825e-18,""resampled_valid_count_range"":[24,24],""resampling_plan_sha256"":""7c84a965f030c7a68a5dcb2e60b9770143d7dd3f41eed9a92868cdf8bb50aa7d"",""unconditional_mean_loss_difference"":-5.086715192577825e-18,""undefined_bootstrap_replicates"":0,""validity_table"":{""n00"":0,""n01"":0,""n10"":0,""n11"":24},""workflow_a"":""cuda-rwm-sequential@4096"",""workflow_b"":""cuda-rwm-online_picard@4096""}"
tanh_v_over_3,same_kernel_execution,cuda-mala-sequential,cuda-mala-quasi_deer,4096,analytic,0.0,24,11,"{""n00"":1,""n01"":0,""n10"":12,""n11"":11}",-2.2792020943790276e-13,,,fewer_than_20_valid_repetitions,"{""claim_type"":""analytic_mse"",""conditional_mean_loss_difference"":-2.2792020943790276e-13,""conditioning"":""both_workflows_have_valid_estimates"",""confidence_interval"":null,""confidence_level"":0.95,""direction"":""A_squared_loss_minus_B_squared_loss"",""interval_coverage"":""pointwise_conditional_on_supplied_reference"",""interval_method"":""BCa"",""interval_status"":""fewer_than_20_valid_repetitions"",""minimum_valid_repetitions"":20,""paired_difference_standard_error"":8.097430590655869e-13,""planned"":24,""reference_eligible"":true,""reference_kind"":""analytic"",""reference_shift_is_confidence_interval"":false,""reference_shift_max"":-2.2792020943790276e-13,""reference_shift_min"":-2.2792020943790276e-13,""resampling_plan_sha256"":""7c84a965f030c7a68a5dcb2e60b9770143d7dd3f41eed9a92868cdf8bb50aa7d"",""unconditional_mean_loss_difference"":null,""validity_table"":{""n00"":1,""n01"":0,""n10"":12,""n11"":11},""workflow_a"":""cuda-mala-sequential@4096"",""workflow_b"":""cuda-mala-quasi_deer@4096""}"
tanh_v_over_3,end_to_end_workflow,cpu-mala-quasi_deer,cpu-nuts-spawn_chains,4096,analytic,0.0,24,4,"{""n00"":8,""n01"":5,""n10"":7,""n11"":4}",0.06253107042614259,,,fewer_than_20_valid_repetitions,"{""claim_type"":""analytic_mse"",""conditional_mean_loss_difference"":0.06253107042614259,""conditioning"":""both_workflows_have_valid_estimates"",""confidence_interval"":null,""confidence_level"":0.95,""direction"":""A_squared_loss_minus_B_squared_loss"",""interval_coverage"":""pointwise_conditional_on_supplied_reference"",""interval_method"":""BCa"",""interval_status"":""fewer_than_20_valid_repetitions"",""minimum_valid_repetitions"":20,""paired_difference_standard_error"":0.0732149468345725,""planned"":24,""reference_eligible"":true,""reference_kind"":""analytic"",""reference_shift_is_confidence_interval"":false,""reference_shift_max"":0.06253107042614259,""reference_shift_min"":0.06253107042614259,""resampling_plan_sha256"":""7c84a965f030c7a68a5dcb2e60b9770143d7dd3f41eed9a92868cdf8bb50aa7d"",""unconditional_mean_loss_difference"":null,""validity_table"":{""n00"":8,""n01"":5,""n10"":7,""n11"":4},""workflow_a"":""cpu-mala-quasi_deer@4096"",""workflow_b"":""cpu-nuts-spawn_chains@4096""}"
tanh_v_over_3,end_to_end_workflow,cpu-mala-sequential,cpu-nuts-spawn_chains,4096,analytic,0.0,24,9,"{""n00"":1,""n01"":0,""n10"":14,""n11"":9}",0.022967836428162528,,,fewer_than_20_valid_repetitions,"{""claim_type"":""analytic_mse"",""conditional_mean_loss_difference"":0.022967836428162528,""conditioning"":""both_workflows_have_valid_estimates"",""confidence_interval"":null,""confidence_level"":0.95,""direction"":""A_squared_loss_minus_B_squared_loss"",""interval_coverage"":""pointwise_conditional_on_supplied_reference"",""interval_method"":""BCa"",""interval_status"":""fewer_than_20_valid_repetitions"",""minimum_valid_repetitions"":20,""paired_difference_standard_error"":0.03288153580999721,""planned"":24,""reference_eligible"":true,""reference_kind"":""analytic"",""reference_shift_is_confidence_interval"":false,""reference_shift_max"":0.022967836428162528,""reference_shift_min"":0.022967836428162528,""resampling_plan_sha256"":""7c84a965f030c7a68a5dcb2e60b9770143d7dd3f41eed9a92868cdf8bb50aa7d"",""unconditional_mean_loss_difference"":null,""validity_table"":{""n00"":1,""n01"":0,""n10"":14,""n11"":9},""workflow_a"":""cpu-mala-sequential@4096"",""workflow_b"":""cpu-nuts-spawn_chains@4096""}"
tanh_v_over_3,end_to_end_workflow,cpu-rwm-online_picard,cpu-nuts-spawn_chains,4096,analytic,0.0,24,9,"{""n00"":0,""n01"":0,""n10"":15,""n11"":9}",0.12170457982120891,,,fewer_than_20_valid_repetitions,"{""claim_type"":""analytic_mse"",""conditional_mean_loss_difference"":0.12170457982120891,""conditioning"":""both_workflows_have_valid_estimates"",""confidence_interval"":null,""confidence_level"":0.95,""direction"":""A_squared_loss_minus_B_squared_loss"",""interval_coverage"":""pointwise_conditional_on_supplied_reference"",""interval_method"":""BCa"",""interval_status"":""fewer_than_20_valid_repetitions"",""minimum_valid_repetitions"":20,""paired_difference_standard_error"":0.04306138185175933,""planned"":24,""reference_eligible"":true,""reference_kind"":""analytic"",""reference_shift_is_confidence_interval"":false,""reference_shift_max"":0.12170457982120891,""reference_shift_min"":0.12170457982120891,""resampling_plan_sha256"":""7c84a965f030c7a68a5dcb2e60b9770143d7dd3f41eed9a92868cdf8bb50aa7d"",""unconditional_mean_loss_difference"":null,""validity_table"":{""n00"":0,""n01"":0,""n10"":15,""n11"":9},""workflow_a"":""cpu-rwm-online_picard@4096"",""workflow_b"":""cpu-nuts-spawn_chains@4096""}"
tanh_v_over_3,end_to_end_workflow,cpu-rwm-sequential,cpu-nuts-spawn_chains,4096,analytic,0.0,24,9,"{""n00"":0,""n01"":0,""n10"":15,""n11"":9}",0.12170457982120883,,,fewer_than_20_valid_repetitions,"{""claim_type"":""analytic_mse"",""conditional_mean_loss_difference"":0.12170457982120883,""conditioning"":""both_workflows_have_valid_estimates"",""confidence_interval"":null,""confidence_level"":0.95,""direction"":""A_squared_loss_minus_B_squared_loss"",""interval_coverage"":""pointwise_conditional_on_supplied_reference"",""interval_method"":""BCa"",""interval_status"":""fewer_than_20_valid_repetitions"",""minimum_valid_repetitions"":20,""paired_difference_standard_error"":0.04306138185175931,""planned"":24,""reference_eligible"":true,""reference_kind"":""analytic"",""reference_shift_is_confidence_interval"":false,""reference_shift_max"":0.12170457982120883,""reference_shift_min"":0.12170457982120883,""resampling_plan_sha256"":""7c84a965f030c7a68a5dcb2e60b9770143d7dd3f41eed9a92868cdf8bb50aa7d"",""unconditional_mean_loss_difference"":null,""validity_table"":{""n00"":0,""n01"":0,""n10"":15,""n11"":9},""workflow_a"":""cpu-rwm-sequential@4096"",""workflow_b"":""cpu-nuts-spawn_chains@4096""}"
tanh_v_over_3,end_to_end_workflow,cuda-mala-quasi_deer,cpu-nuts-spawn_chains,4096,analytic,0.0,24,4,"{""n00"":8,""n01"":5,""n10"":7,""n11"":4}",0.06253107042614252,,,fewer_than_20_valid_repetitions,"{""claim_type"":""analytic_mse"",""conditional_mean_loss_difference"":0.06253107042614252,""conditioning"":""both_workflows_have_valid_estimates"",""confidence_interval"":null,""confidence_level"":0.95,""direction"":""A_squared_loss_minus_B_squared_loss"",""interval_coverage"":""pointwise_conditional_on_supplied_reference"",""interval_method"":""BCa"",""interval_status"":""fewer_than_20_valid_repetitions"",""minimum_valid_repetitions"":20,""paired_difference_standard_error"":0.07321494683457248,""planned"":24,""reference_eligible"":true,""reference_kind"":""analytic"",""reference_shift_is_confidence_interval"":false,""reference_shift_max"":0.06253107042614252,""reference_shift_min"":0.06253107042614252,""resampling_plan_sha256"":""7c84a965f030c7a68a5dcb2e60b9770143d7dd3f41eed9a92868cdf8bb50aa7d"",""unconditional_mean_loss_difference"":null,""validity_table"":{""n00"":8,""n01"":5,""n10"":7,""n11"":4},""workflow_a"":""cuda-mala-quasi_deer@4096"",""workflow_b"":""cpu-nuts-spawn_chains@4096""}"
tanh_v_over_3,end_to_end_workflow,cuda-mala-sequential,cpu-nuts-spawn_chains,4096,analytic,0.0,24,9,"{""n00"":1,""n01"":0,""n10"":14,""n11"":9}",0.022967836428138197,,,fewer_than_20_valid_repetitions,"{""claim_type"":""analytic_mse"",""conditional_mean_loss_difference"":0.022967836428138197,""conditioning"":""both_workflows_have_valid_estimates"",""confidence_interval"":null,""confidence_level"":0.95,""direction"":""A_squared_loss_minus_B_squared_loss"",""interval_coverage"":""pointwise_conditional_on_supplied_reference"",""interval_method"":""BCa"",""interval_status"":""fewer_than_20_valid_repetitions"",""minimum_valid_repetitions"":20,""paired_difference_standard_error"":0.032881535809998454,""planned"":24,""reference_eligible"":true,""reference_kind"":""analytic"",""reference_shift_is_confidence_interval"":false,""reference_shift_max"":0.022967836428138197,""reference_shift_min"":0.022967836428138197,""resampling_plan_sha256"":""7c84a965f030c7a68a5dcb2e60b9770143d7dd3f41eed9a92868cdf8bb50aa7d"",""unconditional_mean_loss_difference"":null,""validity_table"":{""n00"":1,""n01"":0,""n10"":14,""n11"":9},""workflow_a"":""cuda-mala-sequential@4096"",""workflow_b"":""cpu-nuts-spawn_chains@4096""}"
tanh_v_over_3,end_to_end_workflow,cuda-rwm-online_picard,cpu-nuts-spawn_chains,4096,analytic,0.0,24,9,"{""n00"":0,""n01"":0,""n10"":15,""n11"":9}",0.12170457982120891,,,fewer_than_20_valid_repetitions,"{""claim_type"":""analytic_mse"",""conditional_mean_loss_difference"":0.12170457982120891,""conditioning"":""both_workflows_have_valid_estimates"",""confidence_interval"":null,""confidence_level"":0.95,""direction"":""A_squared_loss_minus_B_squared_loss"",""interval_coverage"":""pointwise_conditional_on_supplied_reference"",""interval_method"":""BCa"",""interval_status"":""fewer_than_20_valid_repetitions"",""minimum_valid_repetitions"":20,""paired_difference_standard_error"":0.04306138185175933,""planned"":24,""reference_eligible"":true,""reference_kind"":""analytic"",""reference_shift_is_confidence_interval"":false,""reference_shift_max"":0.12170457982120891,""reference_shift_min"":0.12170457982120891,""resampling_plan_sha256"":""7c84a965f030c7a68a5dcb2e60b9770143d7dd3f41eed9a92868cdf8bb50aa7d"",""unconditional_mean_loss_difference"":null,""validity_table"":{""n00"":0,""n01"":0,""n10"":15,""n11"":9},""workflow_a"":""cuda-rwm-online_picard@4096"",""workflow_b"":""cpu-nuts-spawn_chains@4096""}"
tanh_v_over_3,end_to_end_workflow,cuda-rwm-sequential,cpu-nuts-spawn_chains,4096,analytic,0.0,24,9,"{""n00"":0,""n01"":0,""n10"":15,""n11"":9}",0.12170457982120883,,,fewer_than_20_valid_repetitions,"{""claim_type"":""analytic_mse"",""conditional_mean_loss_difference"":0.12170457982120883,""conditioning"":""both_workflows_have_valid_estimates"",""confidence_interval"":null,""confidence_level"":0.95,""direction"":""A_squared_loss_minus_B_squared_loss"",""interval_coverage"":""pointwise_conditional_on_supplied_reference"",""interval_method"":""BCa"",""interval_status"":""fewer_than_20_valid_repetitions"",""minimum_valid_repetitions"":20,""paired_difference_standard_error"":0.04306138185175931,""planned"":24,""reference_eligible"":true,""reference_kind"":""analytic"",""reference_shift_is_confidence_interval"":false,""reference_shift_max"":0.12170457982120883,""reference_shift_min"":0.12170457982120883,""resampling_plan_sha256"":""7c84a965f030c7a68a5dcb2e60b9770143d7dd3f41eed9a92868cdf8bb50aa7d"",""unconditional_mean_loss_difference"":null,""validity_table"":{""n00"":0,""n01"":0,""n10"":15,""n11"":9},""workflow_a"":""cuda-rwm-sequential@4096"",""workflow_b"":""cpu-nuts-spawn_chains@4096""}"
x1_positive,same_kernel_execution,cpu-rwm-sequential,cpu-rwm-online_picard,1024,analytic,0.0,24,24,"{""n00"":0,""n01"":0,""n10"":0,""n11"":24}",0.0,,,degenerate_empirical_loss_or_difference,"{""claim_type"":""analytic_mse"",""conditional_mean_loss_difference"":0.0,""conditioning"":""both_workflows_have_valid_estimates"",""confidence_interval"":null,""confidence_level"":0.95,""direction"":""A_squared_loss_minus_B_squared_loss"",""interval_coverage"":""pointwise_conditional_on_supplied_reference"",""interval_method"":""BCa"",""interval_status"":""degenerate_empirical_loss_or_difference"",""minimum_valid_repetitions"":20,""paired_difference_standard_error"":null,""planned"":24,""reference_eligible"":true,""reference_kind"":""analytic"",""reference_shift_is_confidence_interval"":false,""reference_shift_max"":0.0,""reference_shift_min"":0.0,""resampling_plan_sha256"":""7c84a965f030c7a68a5dcb2e60b9770143d7dd3f41eed9a92868cdf8bb50aa7d"",""unconditional_mean_loss_difference"":0.0,""validity_table"":{""n00"":0,""n01"":0,""n10"":0,""n11"":24},""workflow_a"":""cpu-rwm-sequential@1024"",""workflow_b"":""cpu-rwm-online_picard@1024""}"
x1_positive,same_kernel_execution,cpu-mala-sequential,cpu-mala-quasi_deer,1024,analytic,0.0,24,17,"{""n00"":0,""n01"":0,""n10"":7,""n11"":17}",0.0,,,fewer_than_20_valid_repetitions,"{""claim_type"":""analytic_mse"",""conditional_mean_loss_difference"":0.0,""conditioning"":""both_workflows_have_valid_estimates"",""confidence_interval"":null,""confidence_level"":0.95,""direction"":""A_squared_loss_minus_B_squared_loss"",""interval_coverage"":""pointwise_conditional_on_supplied_reference"",""interval_method"":""BCa"",""interval_status"":""fewer_than_20_valid_repetitions"",""minimum_valid_repetitions"":20,""paired_difference_standard_error"":null,""planned"":24,""reference_eligible"":true,""reference_kind"":""analytic"",""reference_shift_is_confidence_interval"":false,""reference_shift_max"":0.0,""reference_shift_min"":0.0,""resampling_plan_sha256"":""7c84a965f030c7a68a5dcb2e60b9770143d7dd3f41eed9a92868cdf8bb50aa7d"",""unconditional_mean_loss_difference"":null,""validity_table"":{""n00"":0,""n01"":0,""n10"":7,""n11"":17},""workflow_a"":""cpu-mala-sequential@1024"",""workflow_b"":""cpu-mala-quasi_deer@1024""}"
x1_positive,same_kernel_execution,cuda-rwm-sequential,cuda-rwm-online_picard,1024,analytic,0.0,24,24,"{""n00"":0,""n01"":0,""n10"":0,""n11"":24}",0.0,,,degenerate_empirical_loss_or_difference,"{""claim_type"":""analytic_mse"",""conditional_mean_loss_difference"":0.0,""conditioning"":""both_workflows_have_valid_estimates"",""confidence_interval"":null,""confidence_level"":0.95,""direction"":""A_squared_loss_minus_B_squared_loss"",""interval_coverage"":""pointwise_conditional_on_supplied_reference"",""interval_method"":""BCa"",""interval_status"":""degenerate_empirical_loss_or_difference"",""minimum_valid_repetitions"":20,""paired_difference_standard_error"":null,""planned"":24,""reference_eligible"":true,""reference_kind"":""analytic"",""reference_shift_is_confidence_interval"":false,""reference_shift_max"":0.0,""reference_shift_min"":0.0,""resampling_plan_sha256"":""7c84a965f030c7a68a5dcb2e60b9770143d7dd3f41eed9a92868cdf8bb50aa7d"",""unconditional_mean_loss_difference"":0.0,""validity_table"":{""n00"":0,""n01"":0,""n10"":0,""n11"":24},""workflow_a"":""cuda-rwm-sequential@1024"",""workflow_b"":""cuda-rwm-online_picard@1024""}"
x1_positive,same_kernel_execution,cuda-mala-sequential,cuda-mala-quasi_deer,1024,analytic,0.0,24,17,"{""n00"":0,""n01"":0,""n10"":7,""n11"":17}",0.0,,,fewer_than_20_valid_repetitions,"{""claim_type"":""analytic_mse"",""conditional_mean_loss_difference"":0.0,""conditioning"":""both_workflows_have_valid_estimates"",""confidence_interval"":null,""confidence_level"":0.95,""direction"":""A_squared_loss_minus_B_squared_loss"",""interval_coverage"":""pointwise_conditional_on_supplied_reference"",""interval_method"":""BCa"",""interval_status"":""fewer_than_20_valid_repetitions"",""minimum_valid_repetitions"":20,""paired_difference_standard_error"":null,""planned"":24,""reference_eligible"":true,""reference_kind"":""analytic"",""reference_shift_is_confidence_interval"":false,""reference_shift_max"":0.0,""reference_shift_min"":0.0,""resampling_plan_sha256"":""7c84a965f030c7a68a5dcb2e60b9770143d7dd3f41eed9a92868cdf8bb50aa7d"",""unconditional_mean_loss_difference"":null,""validity_table"":{""n00"":0,""n01"":0,""n10"":7,""n11"":17},""workflow_a"":""cuda-mala-sequential@1024"",""workflow_b"":""cuda-mala-quasi_deer@1024""}"
x1_positive,end_to_end_workflow,cpu-mala-quasi_deer,cpu-nuts-spawn_chains,1024,analytic,0.0,24,17,"{""n00"":0,""n01"":7,""n10"":0,""n11"":17}",0.033327488338246065,,,fewer_than_20_valid_repetitions,"{""claim_type"":""analytic_mse"",""conditional_mean_loss_difference"":0.033327488338246065,""conditioning"":""both_workflows_have_valid_estimates"",""confidence_interval"":null,""confidence_level"":0.95,""direction"":""A_squared_loss_minus_B_squared_loss"",""interval_coverage"":""pointwise_conditional_on_supplied_reference"",""interval_method"":""BCa"",""interval_status"":""fewer_than_20_valid_repetitions"",""minimum_valid_repetitions"":20,""paired_difference_standard_error"":0.011180227046679564,""planned"":24,""reference_eligible"":true,""reference_kind"":""analytic"",""reference_shift_is_confidence_interval"":false,""reference_shift_max"":0.033327488338246065,""reference_shift_min"":0.033327488338246065,""resampling_plan_sha256"":""7c84a965f030c7a68a5dcb2e60b9770143d7dd3f41eed9a92868cdf8bb50aa7d"",""unconditional_mean_loss_difference"":null,""validity_table"":{""n00"":0,""n01"":7,""n10"":0,""n11"":17},""workflow_a"":""cpu-mala-quasi_deer@1024"",""workflow_b"":""cpu-nuts-spawn_chains@1024""}"
x1_positive,end_to_end_workflow,cpu-mala-sequential,cpu-nuts-spawn_chains,1024,analytic,0.0,24,24,"{""n00"":0,""n01"":0,""n10"":0,""n11"":24}",0.033208866914113365,0.021299264060262234,0.05633669876515139,available,"{""bca_acceleration"":0.07494826489049469,""bca_adjusted_quantiles"":[0.05752238742517803,0.9933781892340369],""bca_bias_percentile"":0.53005300530053,""bootstrap_expected_tail_counts"":[575.1663518643552,66.21148584886535],""claim_type"":""analytic_mse"",""conditional_mean_loss_difference"":0.033208866914113365,""conditioning"":""both_workflows_have_valid_estimates"",""confidence_interval"":{""high"":0.05633669876515139,""low"":0.021299264060262234},""confidence_level"":0.95,""direction"":""A_squared_loss_minus_B_squared_loss"",""interval_coverage"":""pointwise_conditional_on_supplied_reference"",""interval_method"":""BCa"",""interval_status"":""available"",""minimum_valid_repetitions"":20,""paired_difference_standard_error"":0.008334884528130805,""planned"":24,""reference_eligible"":true,""reference_kind"":""analytic"",""reference_shift_is_confidence_interval"":false,""reference_shift_max"":0.033208866914113365,""reference_shift_min"":0.033208866914113365,""resampled_valid_count_range"":[24,24],""resampling_plan_sha256"":""7c84a965f030c7a68a5dcb2e60b9770143d7dd3f41eed9a92868cdf8bb50aa7d"",""unconditional_mean_loss_difference"":0.033208866914113365,""undefined_bootstrap_replicates"":0,""validity_table"":{""n00"":0,""n01"":0,""n10"":0,""n11"":24},""workflow_a"":""cpu-mala-sequential@1024"",""workflow_b"":""cpu-nuts-spawn_chains@1024""}"
x1_positive,end_to_end_workflow,cpu-rwm-online_picard,cpu-nuts-spawn_chains,1024,analytic,0.0,24,24,"{""n00"":0,""n01"":0,""n10"":0,""n11"":24}",0.013873393336931864,0.008296574071925467,0.02505528400982889,available,"{""bca_acceleration"":0.080353389731515,""bca_adjusted_quantiles"":[0.061175477512260705,0.9943188767620703],""bca_bias_percentile"":0.5337533753375338,""bootstrap_expected_tail_counts"":[611.6935996450948,56.80555125605893],""claim_type"":""analytic_mse"",""conditional_mean_loss_difference"":0.013873393336931864,""conditioning"":""both_workflows_have_valid_estimates"",""confidence_interval"":{""high"":0.02505528400982889,""low"":0.008296574071925467},""confidence_level"":0.95,""direction"":""A_squared_loss_minus_B_squared_loss"",""interval_coverage"":""pointwise_conditional_on_supplied_reference"",""interval_method"":""BCa"",""interval_status"":""available"",""minimum_valid_repetitions"":20,""paired_difference_standard_error"":0.003999623982192979,""planned"":24,""reference_eligible"":true,""reference_kind"":""analytic"",""reference_shift_is_confidence_interval"":false,""reference_shift_max"":0.013873393336931864,""reference_shift_min"":0.013873393336931864,""resampled_valid_count_range"":[24,24],""resampling_plan_sha256"":""7c84a965f030c7a68a5dcb2e60b9770143d7dd3f41eed9a92868cdf8bb50aa7d"",""unconditional_mean_loss_difference"":0.013873393336931864,""undefined_bootstrap_replicates"":0,""validity_table"":{""n00"":0,""n01"":0,""n10"":0,""n11"":24},""workflow_a"":""cpu-rwm-online_picard@1024"",""workflow_b"":""cpu-nuts-spawn_chains@1024""}"
x1_positive,end_to_end_workflow,cpu-rwm-sequential,cpu-nuts-spawn_chains,1024,analytic,0.0,24,24,"{""n00"":0,""n01"":0,""n10"":0,""n11"":24}",0.013873393336931864,0.008296574071925467,0.02505528400982889,available,"{""bca_acceleration"":0.080353389731515,""bca_adjusted_quantiles"":[0.061175477512260705,0.9943188767620703],""bca_bias_percentile"":0.5337533753375338,""bootstrap_expected_tail_counts"":[611.6935996450948,56.80555125605893],""claim_type"":""analytic_mse"",""conditional_mean_loss_difference"":0.013873393336931864,""conditioning"":""both_workflows_have_valid_estimates"",""confidence_interval"":{""high"":0.02505528400982889,""low"":0.008296574071925467},""confidence_level"":0.95,""direction"":""A_squared_loss_minus_B_squared_loss"",""interval_coverage"":""pointwise_conditional_on_supplied_reference"",""interval_method"":""BCa"",""interval_status"":""available"",""minimum_valid_repetitions"":20,""paired_difference_standard_error"":0.003999623982192979,""planned"":24,""reference_eligible"":true,""reference_kind"":""analytic"",""reference_shift_is_confidence_interval"":false,""reference_shift_max"":0.013873393336931864,""reference_shift_min"":0.013873393336931864,""resampled_valid_count_range"":[24,24],""resampling_plan_sha256"":""7c84a965f030c7a68a5dcb2e60b9770143d7dd3f41eed9a92868cdf8bb50aa7d"",""unconditional_mean_loss_difference"":0.013873393336931864,""undefined_bootstrap_replicates"":0,""validity_table"":{""n00"":0,""n01"":0,""n10"":0,""n11"":24},""workflow_a"":""cpu-rwm-sequential@1024"",""workflow_b"":""cpu-nuts-spawn_chains@1024""}"
x1_positive,end_to_end_workflow,cuda-mala-quasi_deer,cpu-nuts-spawn_chains,1024,analytic,0.0,24,17,"{""n00"":0,""n01"":7,""n10"":0,""n11"":17}",0.033327488338246065,,,fewer_than_20_valid_repetitions,"{""claim_type"":""analytic_mse"",""conditional_mean_loss_difference"":0.033327488338246065,""conditioning"":""both_workflows_have_valid_estimates"",""confidence_interval"":null,""confidence_level"":0.95,""direction"":""A_squared_loss_minus_B_squared_loss"",""interval_coverage"":""pointwise_conditional_on_supplied_reference"",""interval_method"":""BCa"",""interval_status"":""fewer_than_20_valid_repetitions"",""minimum_valid_repetitions"":20,""paired_difference_standard_error"":0.011180227046679564,""planned"":24,""reference_eligible"":true,""reference_kind"":""analytic"",""reference_shift_is_confidence_interval"":false,""reference_shift_max"":0.033327488338246065,""reference_shift_min"":0.033327488338246065,""resampling_plan_sha256"":""7c84a965f030c7a68a5dcb2e60b9770143d7dd3f41eed9a92868cdf8bb50aa7d"",""unconditional_mean_loss_difference"":null,""validity_table"":{""n00"":0,""n01"":7,""n10"":0,""n11"":17},""workflow_a"":""cuda-mala-quasi_deer@1024"",""workflow_b"":""cpu-nuts-spawn_chains@1024""}"
x1_positive,end_to_end_workflow,cuda-mala-sequential,cpu-nuts-spawn_chains,1024,analytic,0.0,24,24,"{""n00"":0,""n01"":0,""n10"":0,""n11"":24}",0.033208866914113365,0.021299264060262234,0.05633669876515139,available,"{""bca_acceleration"":0.07494826489049469,""bca_adjusted_quantiles"":[0.05752238742517803,0.9933781892340369],""bca_bias_percentile"":0.53005300530053,""bootstrap_expected_tail_counts"":[575.1663518643552,66.21148584886535],""claim_type"":""analytic_mse"",""conditional_mean_loss_difference"":0.033208866914113365,""conditioning"":""both_workflows_have_valid_estimates"",""confidence_interval"":{""high"":0.05633669876515139,""low"":0.021299264060262234},""confidence_level"":0.95,""direction"":""A_squared_loss_minus_B_squared_loss"",""interval_coverage"":""pointwise_conditional_on_supplied_reference"",""interval_method"":""BCa"",""interval_status"":""available"",""minimum_valid_repetitions"":20,""paired_difference_standard_error"":0.008334884528130805,""planned"":24,""reference_eligible"":true,""reference_kind"":""analytic"",""reference_shift_is_confidence_interval"":false,""reference_shift_max"":0.033208866914113365,""reference_shift_min"":0.033208866914113365,""resampled_valid_count_range"":[24,24],""resampling_plan_sha256"":""7c84a965f030c7a68a5dcb2e60b9770143d7dd3f41eed9a92868cdf8bb50aa7d"",""unconditional_mean_loss_difference"":0.033208866914113365,""undefined_bootstrap_replicates"":0,""validity_table"":{""n00"":0,""n01"":0,""n10"":0,""n11"":24},""workflow_a"":""cuda-mala-sequential@1024"",""workflow_b"":""cpu-nuts-spawn_chains@1024""}"
x1_positive,end_to_end_workflow,cuda-rwm-online_picard,cpu-nuts-spawn_chains,1024,analytic,0.0,24,24,"{""n00"":0,""n01"":0,""n10"":0,""n11"":24}",0.013873393336931864,0.008296574071925467,0.02505528400982889,available,"{""bca_acceleration"":0.080353389731515,""bca_adjusted_quantiles"":[0.061175477512260705,0.9943188767620703],""bca_bias_percentile"":0.5337533753375338,""bootstrap_expected_tail_counts"":[611.6935996450948,56.80555125605893],""claim_type"":""analytic_mse"",""conditional_mean_loss_difference"":0.013873393336931864,""conditioning"":""both_workflows_have_valid_estimates"",""confidence_interval"":{""high"":0.02505528400982889,""low"":0.008296574071925467},""confidence_level"":0.95,""direction"":""A_squared_loss_minus_B_squared_loss"",""interval_coverage"":""pointwise_conditional_on_supplied_reference"",""interval_method"":""BCa"",""interval_status"":""available"",""minimum_valid_repetitions"":20,""paired_difference_standard_error"":0.003999623982192979,""planned"":24,""reference_eligible"":true,""reference_kind"":""analytic"",""reference_shift_is_confidence_interval"":false,""reference_shift_max"":0.013873393336931864,""reference_shift_min"":0.013873393336931864,""resampled_valid_count_range"":[24,24],""resampling_plan_sha256"":""7c84a965f030c7a68a5dcb2e60b9770143d7dd3f41eed9a92868cdf8bb50aa7d"",""unconditional_mean_loss_difference"":0.013873393336931864,""undefined_bootstrap_replicates"":0,""validity_table"":{""n00"":0,""n01"":0,""n10"":0,""n11"":24},""workflow_a"":""cuda-rwm-online_picard@1024"",""workflow_b"":""cpu-nuts-spawn_chains@1024""}"
x1_positive,end_to_end_workflow,cuda-rwm-sequential,cpu-nuts-spawn_chains,1024,analytic,0.0,24,24,"{""n00"":0,""n01"":0,""n10"":0,""n11"":24}",0.013873393336931864,0.008296574071925467,0.02505528400982889,available,"{""bca_acceleration"":0.080353389731515,""bca_adjusted_quantiles"":[0.061175477512260705,0.9943188767620703],""bca_bias_percentile"":0.5337533753375338,""bootstrap_expected_tail_counts"":[611.6935996450948,56.80555125605893],""claim_type"":""analytic_mse"",""conditional_mean_loss_difference"":0.013873393336931864,""conditioning"":""both_workflows_have_valid_estimates"",""confidence_interval"":{""high"":0.02505528400982889,""low"":0.008296574071925467},""confidence_level"":0.95,""direction"":""A_squared_loss_minus_B_squared_loss"",""interval_coverage"":""pointwise_conditional_on_supplied_reference"",""interval_method"":""BCa"",""interval_status"":""available"",""minimum_valid_repetitions"":20,""paired_difference_standard_error"":0.003999623982192979,""planned"":24,""reference_eligible"":true,""reference_kind"":""analytic"",""reference_shift_is_confidence_interval"":false,""reference_shift_max"":0.013873393336931864,""reference_shift_min"":0.013873393336931864,""resampled_valid_count_range"":[24,24],""resampling_plan_sha256"":""7c84a965f030c7a68a5dcb2e60b9770143d7dd3f41eed9a92868cdf8bb50aa7d"",""unconditional_mean_loss_difference"":0.013873393336931864,""undefined_bootstrap_replicates"":0,""validity_table"":{""n00"":0,""n01"":0,""n10"":0,""n11"":24},""workflow_a"":""cuda-rwm-sequential@1024"",""workflow_b"":""cpu-nuts-spawn_chains@1024""}"
x1_positive,same_kernel_execution,cpu-rwm-sequential,cpu-rwm-online_picard,4096,analytic,0.0,24,24,"{""n00"":0,""n01"":0,""n10"":0,""n11"":24}",0.0,,,degenerate_empirical_loss_or_difference,"{""claim_type"":""analytic_mse"",""conditional_mean_loss_difference"":0.0,""conditioning"":""both_workflows_have_valid_estimates"",""confidence_interval"":null,""confidence_level"":0.95,""direction"":""A_squared_loss_minus_B_squared_loss"",""interval_coverage"":""pointwise_conditional_on_supplied_reference"",""interval_method"":""BCa"",""interval_status"":""degenerate_empirical_loss_or_difference"",""minimum_valid_repetitions"":20,""paired_difference_standard_error"":null,""planned"":24,""reference_eligible"":true,""reference_kind"":""analytic"",""reference_shift_is_confidence_interval"":false,""reference_shift_max"":0.0,""reference_shift_min"":0.0,""resampling_plan_sha256"":""7c84a965f030c7a68a5dcb2e60b9770143d7dd3f41eed9a92868cdf8bb50aa7d"",""unconditional_mean_loss_difference"":0.0,""validity_table"":{""n00"":0,""n01"":0,""n10"":0,""n11"":24},""workflow_a"":""cpu-rwm-sequential@4096"",""workflow_b"":""cpu-rwm-online_picard@4096""}"
x1_positive,same_kernel_execution,cpu-mala-sequential,cpu-mala-quasi_deer,4096,analytic,0.0,24,11,"{""n00"":1,""n01"":0,""n10"":12,""n11"":11}",0.0,,,fewer_than_20_valid_repetitions,"{""claim_type"":""analytic_mse"",""conditional_mean_loss_difference"":0.0,""conditioning"":""both_workflows_have_valid_estimates"",""confidence_interval"":null,""confidence_level"":0.95,""direction"":""A_squared_loss_minus_B_squared_loss"",""interval_coverage"":""pointwise_conditional_on_supplied_reference"",""interval_method"":""BCa"",""interval_status"":""fewer_than_20_valid_repetitions"",""minimum_valid_repetitions"":20,""paired_difference_standard_error"":null,""planned"":24,""reference_eligible"":true,""reference_kind"":""analytic"",""reference_shift_is_confidence_interval"":false,""reference_shift_max"":0.0,""reference_shift_min"":0.0,""resampling_plan_sha256"":""7c84a965f030c7a68a5dcb2e60b9770143d7dd3f41eed9a92868cdf8bb50aa7d"",""unconditional_mean_loss_difference"":null,""validity_table"":{""n00"":1,""n01"":0,""n10"":12,""n11"":11},""workflow_a"":""cpu-mala-sequential@4096"",""workflow_b"":""cpu-mala-quasi_deer@4096""}"
x1_positive,same_kernel_execution,cuda-rwm-sequential,cuda-rwm-online_picard,4096,analytic,0.0,24,24,"{""n00"":0,""n01"":0,""n10"":0,""n11"":24}",0.0,,,degenerate_empirical_loss_or_difference,"{""claim_type"":""analytic_mse"",""conditional_mean_loss_difference"":0.0,""conditioning"":""both_workflows_have_valid_estimates"",""confidence_interval"":null,""confidence_level"":0.95,""direction"":""A_squared_loss_minus_B_squared_loss"",""interval_coverage"":""pointwise_conditional_on_supplied_reference"",""interval_method"":""BCa"",""interval_status"":""degenerate_empirical_loss_or_difference"",""minimum_valid_repetitions"":20,""paired_difference_standard_error"":null,""planned"":24,""reference_eligible"":true,""reference_kind"":""analytic"",""reference_shift_is_confidence_interval"":false,""reference_shift_max"":0.0,""reference_shift_min"":0.0,""resampling_plan_sha256"":""7c84a965f030c7a68a5dcb2e60b9770143d7dd3f41eed9a92868cdf8bb50aa7d"",""unconditional_mean_loss_difference"":0.0,""validity_table"":{""n00"":0,""n01"":0,""n10"":0,""n11"":24},""workflow_a"":""cuda-rwm-sequential@4096"",""workflow_b"":""cuda-rwm-online_picard@4096""}"
x1_positive,same_kernel_execution,cuda-mala-sequential,cuda-mala-quasi_deer,4096,analytic,0.0,24,11,"{""n00"":1,""n01"":0,""n10"":12,""n11"":11}",0.0,,,fewer_than_20_valid_repetitions,"{""claim_type"":""analytic_mse"",""conditional_mean_loss_difference"":0.0,""conditioning"":""both_workflows_have_valid_estimates"",""confidence_interval"":null,""confidence_level"":0.95,""direction"":""A_squared_loss_minus_B_squared_loss"",""interval_coverage"":""pointwise_conditional_on_supplied_reference"",""interval_method"":""BCa"",""interval_status"":""fewer_than_20_valid_repetitions"",""minimum_valid_repetitions"":20,""paired_difference_standard_error"":null,""planned"":24,""reference_eligible"":true,""reference_kind"":""analytic"",""reference_shift_is_confidence_interval"":false,""reference_shift_max"":0.0,""reference_shift_min"":0.0,""resampling_plan_sha256"":""7c84a965f030c7a68a5dcb2e60b9770143d7dd3f41eed9a92868cdf8bb50aa7d"",""unconditional_mean_loss_difference"":null,""validity_table"":{""n00"":1,""n01"":0,""n10"":12,""n11"":11},""workflow_a"":""cuda-mala-sequential@4096"",""workflow_b"":""cuda-mala-quasi_deer@4096""}"
x1_positive,end_to_end_workflow,cpu-mala-quasi_deer,cpu-nuts-spawn_chains,4096,analytic,0.0,24,4,"{""n00"":8,""n01"":5,""n10"":7,""n11"":4}",0.023275839164853096,,,fewer_than_20_valid_repetitions,"{""claim_type"":""analytic_mse"",""conditional_mean_loss_difference"":0.023275839164853096,""conditioning"":""both_workflows_have_valid_estimates"",""confidence_interval"":null,""confidence_level"":0.95,""direction"":""A_squared_loss_minus_B_squared_loss"",""interval_coverage"":""pointwise_conditional_on_supplied_reference"",""interval_method"":""BCa"",""interval_status"":""fewer_than_20_valid_repetitions"",""minimum_valid_repetitions"":20,""paired_difference_standard_error"":0.013686606921173773,""planned"":24,""reference_eligible"":true,""reference_kind"":""analytic"",""reference_shift_is_confidence_interval"":false,""reference_shift_max"":0.023275839164853096,""reference_shift_min"":0.023275839164853096,""resampling_plan_sha256"":""7c84a965f030c7a68a5dcb2e60b9770143d7dd3f41eed9a92868cdf8bb50aa7d"",""unconditional_mean_loss_difference"":null,""validity_table"":{""n00"":8,""n01"":5,""n10"":7,""n11"":4},""workflow_a"":""cpu-mala-quasi_deer@4096"",""workflow_b"":""cpu-nuts-spawn_chains@4096""}"
x1_positive,end_to_end_workflow,cpu-mala-sequential,cpu-nuts-spawn_chains,4096,analytic,0.0,24,9,"{""n00"":1,""n01"":0,""n10"":14,""n11"":9}",0.022461002899540797,,,fewer_than_20_valid_repetitions,"{""claim_type"":""analytic_mse"",""conditional_mean_loss_difference"":0.022461002899540797,""conditioning"":""both_workflows_have_valid_estimates"",""confidence_interval"":null,""confidence_level"":0.95,""direction"":""A_squared_loss_minus_B_squared_loss"",""interval_coverage"":""pointwise_conditional_on_supplied_reference"",""interval_method"":""BCa"",""interval_status"":""fewer_than_20_valid_repetitions"",""minimum_valid_repetitions"":20,""paired_difference_standard_error"":0.00784618980631606,""planned"":24,""reference_eligible"":true,""reference_kind"":""analytic"",""reference_shift_is_confidence_interval"":false,""reference_shift_max"":0.022461002899540797,""reference_shift_min"":0.022461002899540797,""resampling_plan_sha256"":""7c84a965f030c7a68a5dcb2e60b9770143d7dd3f41eed9a92868cdf8bb50aa7d"",""unconditional_mean_loss_difference"":null,""validity_table"":{""n00"":1,""n01"":0,""n10"":14,""n11"":9},""workflow_a"":""cpu-mala-sequential@4096"",""workflow_b"":""cpu-nuts-spawn_chains@4096""}"
x1_positive,end_to_end_workflow,cpu-rwm-online_picard,cpu-nuts-spawn_chains,4096,analytic,0.0,24,9,"{""n00"":0,""n01"":0,""n10"":15,""n11"":9}",0.0010187352697054546,,,fewer_than_20_valid_repetitions,"{""claim_type"":""analytic_mse"",""conditional_mean_loss_difference"":0.0010187352697054546,""conditioning"":""both_workflows_have_valid_estimates"",""confidence_interval"":null,""confidence_level"":0.95,""direction"":""A_squared_loss_minus_B_squared_loss"",""interval_coverage"":""pointwise_conditional_on_supplied_reference"",""interval_method"":""BCa"",""interval_status"":""fewer_than_20_valid_repetitions"",""minimum_valid_repetitions"":20,""paired_difference_standard_error"":0.0007438487909670767,""planned"":24,""reference_eligible"":true,""reference_kind"":""analytic"",""reference_shift_is_confidence_interval"":false,""reference_shift_max"":0.0010187352697054546,""reference_shift_min"":0.0010187352697054546,""resampling_plan_sha256"":""7c84a965f030c7a68a5dcb2e60b9770143d7dd3f41eed9a92868cdf8bb50aa7d"",""unconditional_mean_loss_difference"":null,""validity_table"":{""n00"":0,""n01"":0,""n10"":15,""n11"":9},""workflow_a"":""cpu-rwm-online_picard@4096"",""workflow_b"":""cpu-nuts-spawn_chains@4096""}"
x1_positive,end_to_end_workflow,cpu-rwm-sequential,cpu-nuts-spawn_chains,4096,analytic,0.0,24,9,"{""n00"":0,""n01"":0,""n10"":15,""n11"":9}",0.0010187352697054546,,,fewer_than_20_valid_repetitions,"{""claim_type"":""analytic_mse"",""conditional_mean_loss_difference"":0.0010187352697054546,""conditioning"":""both_workflows_have_valid_estimates"",""confidence_interval"":null,""confidence_level"":0.95,""direction"":""A_squared_loss_minus_B_squared_loss"",""interval_coverage"":""pointwise_conditional_on_supplied_reference"",""interval_method"":""BCa"",""interval_status"":""fewer_than_20_valid_repetitions"",""minimum_valid_repetitions"":20,""paired_difference_standard_error"":0.0007438487909670767,""planned"":24,""reference_eligible"":true,""reference_kind"":""analytic"",""reference_shift_is_confidence_interval"":false,""reference_shift_max"":0.0010187352697054546,""reference_shift_min"":0.0010187352697054546,""resampling_plan_sha256"":""7c84a965f030c7a68a5dcb2e60b9770143d7dd3f41eed9a92868cdf8bb50aa7d"",""unconditional_mean_loss_difference"":null,""validity_table"":{""n00"":0,""n01"":0,""n10"":15,""n11"":9},""workflow_a"":""cpu-rwm-sequential@4096"",""workflow_b"":""cpu-nuts-spawn_chains@4096""}"
x1_positive,end_to_end_workflow,cuda-mala-quasi_deer,cpu-nuts-spawn_chains,4096,analytic,0.0,24,4,"{""n00"":8,""n01"":5,""n10"":7,""n11"":4}",0.023275839164853096,,,fewer_than_20_valid_repetitions,"{""claim_type"":""analytic_mse"",""conditional_mean_loss_difference"":0.023275839164853096,""conditioning"":""both_workflows_have_valid_estimates"",""confidence_interval"":null,""confidence_level"":0.95,""direction"":""A_squared_loss_minus_B_squared_loss"",""interval_coverage"":""pointwise_conditional_on_supplied_reference"",""interval_method"":""BCa"",""interval_status"":""fewer_than_20_valid_repetitions"",""minimum_valid_repetitions"":20,""paired_difference_standard_error"":0.013686606921173773,""planned"":24,""reference_eligible"":true,""reference_kind"":""analytic"",""reference_shift_is_confidence_interval"":false,""reference_shift_max"":0.023275839164853096,""reference_shift_min"":0.023275839164853096,""resampling_plan_sha256"":""7c84a965f030c7a68a5dcb2e60b9770143d7dd3f41eed9a92868cdf8bb50aa7d"",""unconditional_mean_loss_difference"":null,""validity_table"":{""n00"":8,""n01"":5,""n10"":7,""n11"":4},""workflow_a"":""cuda-mala-quasi_deer@4096"",""workflow_b"":""cpu-nuts-spawn_chains@4096""}"
x1_positive,end_to_end_workflow,cuda-mala-sequential,cpu-nuts-spawn_chains,4096,analytic,0.0,24,9,"{""n00"":1,""n01"":0,""n10"":14,""n11"":9}",0.022461002899540797,,,fewer_than_20_valid_repetitions,"{""claim_type"":""analytic_mse"",""conditional_mean_loss_difference"":0.022461002899540797,""conditioning"":""both_workflows_have_valid_estimates"",""confidence_interval"":null,""confidence_level"":0.95,""direction"":""A_squared_loss_minus_B_squared_loss"",""interval_coverage"":""pointwise_conditional_on_supplied_reference"",""interval_method"":""BCa"",""interval_status"":""fewer_than_20_valid_repetitions"",""minimum_valid_repetitions"":20,""paired_difference_standard_error"":0.00784618980631606,""planned"":24,""reference_eligible"":true,""reference_kind"":""analytic"",""reference_shift_is_confidence_interval"":false,""reference_shift_max"":0.022461002899540797,""reference_shift_min"":0.022461002899540797,""resampling_plan_sha256"":""7c84a965f030c7a68a5dcb2e60b9770143d7dd3f41eed9a92868cdf8bb50aa7d"",""unconditional_mean_loss_difference"":null,""validity_table"":{""n00"":1,""n01"":0,""n10"":14,""n11"":9},""workflow_a"":""cuda-mala-sequential@4096"",""workflow_b"":""cpu-nuts-spawn_chains@4096""}"
x1_positive,end_to_end_workflow,cuda-rwm-online_picard,cpu-nuts-spawn_chains,4096,analytic,0.0,24,9,"{""n00"":0,""n01"":0,""n10"":15,""n11"":9}",0.0010187352697054546,,,fewer_than_20_valid_repetitions,"{""claim_type"":""analytic_mse"",""conditional_mean_loss_difference"":0.0010187352697054546,""conditioning"":""both_workflows_have_valid_estimates"",""confidence_interval"":null,""confidence_level"":0.95,""direction"":""A_squared_loss_minus_B_squared_loss"",""interval_coverage"":""pointwise_conditional_on_supplied_reference"",""interval_method"":""BCa"",""interval_status"":""fewer_than_20_valid_repetitions"",""minimum_valid_repetitions"":20,""paired_difference_standard_error"":0.0007438487909670767,""planned"":24,""reference_eligible"":true,""reference_kind"":""analytic"",""reference_shift_is_confidence_interval"":false,""reference_shift_max"":0.0010187352697054546,""reference_shift_min"":0.0010187352697054546,""resampling_plan_sha256"":""7c84a965f030c7a68a5dcb2e60b9770143d7dd3f41eed9a92868cdf8bb50aa7d"",""unconditional_mean_loss_difference"":null,""validity_table"":{""n00"":0,""n01"":0,""n10"":15,""n11"":9},""workflow_a"":""cuda-rwm-online_picard@4096"",""workflow_b"":""cpu-nuts-spawn_chains@4096""}"
x1_positive,end_to_end_workflow,cuda-rwm-sequential,cpu-nuts-spawn_chains,4096,analytic,0.0,24,9,"{""n00"":0,""n01"":0,""n10"":15,""n11"":9}",0.0010187352697054546,,,fewer_than_20_valid_repetitions,"{""claim_type"":""analytic_mse"",""conditional_mean_loss_difference"":0.0010187352697054546,""conditioning"":""both_workflows_have_valid_estimates"",""confidence_interval"":null,""confidence_level"":0.95,""direction"":""A_squared_loss_minus_B_squared_loss"",""interval_coverage"":""pointwise_conditional_on_supplied_reference"",""interval_method"":""BCa"",""interval_status"":""fewer_than_20_valid_repetitions"",""minimum_valid_repetitions"":20,""paired_difference_standard_error"":0.0007438487909670767,""planned"":24,""reference_eligible"":true,""reference_kind"":""analytic"",""reference_shift_is_confidence_interval"":false,""reference_shift_max"":0.0010187352697054546,""reference_shift_min"":0.0010187352697054546,""resampling_plan_sha256"":""7c84a965f030c7a68a5dcb2e60b9770143d7dd3f41eed9a92868cdf8bb50aa7d"",""unconditional_mean_loss_difference"":null,""validity_table"":{""n00"":0,""n01"":0,""n10"":15,""n11"":9},""workflow_a"":""cuda-rwm-sequential@4096"",""workflow_b"":""cpu-nuts-spawn_chains@4096""}"
cos_z1,same_kernel_execution,cpu-rwm-sequential,cpu-rwm-online_picard,1024,analytic,0.0,24,24,"{""n00"":0,""n01"":0,""n10"":0,""n11"":24}",1.3382379412789098e-17,-2.0111194483615542e-17,8.373133309169986e-17,available,"{""bca_acceleration"":0.08549616630714749,""bca_adjusted_quantiles"":[0.06620596614289496,0.9953453327648072],""bca_bias_percentile"":0.5398539853985399,""bootstrap_expected_tail_counts"":[661.9934554628068,46.542017684692915],""claim_type"":""analytic_mse"",""conditional_mean_loss_difference"":1.3382379412789098e-17,""conditioning"":""both_workflows_have_valid_estimates"",""confidence_interval"":{""high"":8.373133309169986e-17,""low"":-2.0111194483615542e-17},""confidence_level"":0.95,""direction"":""A_squared_loss_minus_B_squared_loss"",""interval_coverage"":""pointwise_conditional_on_supplied_reference"",""interval_method"":""BCa"",""interval_status"":""available"",""minimum_valid_repetitions"":20,""paired_difference_standard_error"":2.446818498389152e-17,""planned"":24,""reference_eligible"":true,""reference_kind"":""analytic"",""reference_shift_is_confidence_interval"":false,""reference_shift_max"":1.3382379412789098e-17,""reference_shift_min"":1.3382379412789098e-17,""resampled_valid_count_range"":[24,24],""resampling_plan_sha256"":""7c84a965f030c7a68a5dcb2e60b9770143d7dd3f41eed9a92868cdf8bb50aa7d"",""unconditional_mean_loss_difference"":1.3382379412789098e-17,""undefined_bootstrap_replicates"":0,""validity_table"":{""n00"":0,""n01"":0,""n10"":0,""n11"":24},""workflow_a"":""cpu-rwm-sequential@1024"",""workflow_b"":""cpu-rwm-online_picard@1024""}"
cos_z1,same_kernel_execution,cpu-mala-sequential,cpu-mala-quasi_deer,1024,analytic,0.0,24,17,"{""n00"":0,""n01"":0,""n10"":7,""n11"":17}",-1.5197851276964854e-10,,,fewer_than_20_valid_repetitions,"{""claim_type"":""analytic_mse"",""conditional_mean_loss_difference"":-1.5197851276964854e-10,""conditioning"":""both_workflows_have_valid_estimates"",""confidence_interval"":null,""confidence_level"":0.95,""direction"":""A_squared_loss_minus_B_squared_loss"",""interval_coverage"":""pointwise_conditional_on_supplied_reference"",""interval_method"":""BCa"",""interval_status"":""fewer_than_20_valid_repetitions"",""minimum_valid_repetitions"":20,""paired_difference_standard_error"":1.5363271450691695e-10,""planned"":24,""reference_eligible"":true,""reference_kind"":""analytic"",""reference_shift_is_confidence_interval"":false,""reference_shift_max"":-1.5197851276964854e-10,""reference_shift_min"":-1.5197851276964854e-10,""resampling_plan_sha256"":""7c84a965f030c7a68a5dcb2e60b9770143d7dd3f41eed9a92868cdf8bb50aa7d"",""unconditional_mean_loss_difference"":null,""validity_table"":{""n00"":0,""n01"":0,""n10"":7,""n11"":17},""workflow_a"":""cpu-mala-sequential@1024"",""workflow_b"":""cpu-mala-quasi_deer@1024""}"
cos_z1,same_kernel_execution,cuda-rwm-sequential,cuda-rwm-online_picard,1024,analytic,0.0,24,24,"{""n00"":0,""n01"":0,""n10"":0,""n11"":24}",1.3382379412789098e-17,-2.0111194483615542e-17,8.373133309169986e-17,available,"{""bca_acceleration"":0.08549616630714749,""bca_adjusted_quantiles"":[0.06620596614289496,0.9953453327648072],""bca_bias_percentile"":0.5398539853985399,""bootstrap_expected_tail_counts"":[661.9934554628068,46.542017684692915],""claim_type"":""analytic_mse"",""conditional_mean_loss_difference"":1.3382379412789098e-17,""conditioning"":""both_workflows_have_valid_estimates"",""confidence_interval"":{""high"":8.373133309169986e-17,""low"":-2.0111194483615542e-17},""confidence_level"":0.95,""direction"":""A_squared_loss_minus_B_squared_loss"",""interval_coverage"":""pointwise_conditional_on_supplied_reference"",""interval_method"":""BCa"",""interval_status"":""available"",""minimum_valid_repetitions"":20,""paired_difference_standard_error"":2.446818498389152e-17,""planned"":24,""reference_eligible"":true,""reference_kind"":""analytic"",""reference_shift_is_confidence_interval"":false,""reference_shift_max"":1.3382379412789098e-17,""reference_shift_min"":1.3382379412789098e-17,""resampled_valid_count_range"":[24,24],""resampling_plan_sha256"":""7c84a965f030c7a68a5dcb2e60b9770143d7dd3f41eed9a92868cdf8bb50aa7d"",""unconditional_mean_loss_difference"":1.3382379412789098e-17,""undefined_bootstrap_replicates"":0,""validity_table"":{""n00"":0,""n01"":0,""n10"":0,""n11"":24},""workflow_a"":""cuda-rwm-sequential@1024"",""workflow_b"":""cuda-rwm-online_picard@1024""}"
cos_z1,same_kernel_execution,cuda-mala-sequential,cuda-mala-quasi_deer,1024,analytic,0.0,24,17,"{""n00"":0,""n01"":0,""n10"":7,""n11"":17}",-1.5197856984711318e-10,,,fewer_than_20_valid_repetitions,"{""claim_type"":""analytic_mse"",""conditional_mean_loss_difference"":-1.5197856984711318e-10,""conditioning"":""both_workflows_have_valid_estimates"",""confidence_interval"":null,""confidence_level"":0.95,""direction"":""A_squared_loss_minus_B_squared_loss"",""interval_coverage"":""pointwise_conditional_on_supplied_reference"",""interval_method"":""BCa"",""interval_status"":""fewer_than_20_valid_repetitions"",""minimum_valid_repetitions"":20,""paired_difference_standard_error"":1.5363272562913766e-10,""planned"":24,""reference_eligible"":true,""reference_kind"":""analytic"",""reference_shift_is_confidence_interval"":false,""reference_shift_max"":-1.5197856984711318e-10,""reference_shift_min"":-1.5197856984711318e-10,""resampling_plan_sha256"":""7c84a965f030c7a68a5dcb2e60b9770143d7dd3f41eed9a92868cdf8bb50aa7d"",""unconditional_mean_loss_difference"":null,""validity_table"":{""n00"":0,""n01"":0,""n10"":7,""n11"":17},""workflow_a"":""cuda-mala-sequential@1024"",""workflow_b"":""cuda-mala-quasi_deer@1024""}"
cos_z1,end_to_end_workflow,cpu-mala-quasi_deer,cpu-nuts-spawn_chains,1024,analytic,0.0,24,17,"{""n00"":0,""n01"":7,""n10"":0,""n11"":17}",0.10133991192078469,,,fewer_than_20_valid_repetitions,"{""claim_type"":""analytic_mse"",""conditional_mean_loss_difference"":0.10133991192078469,""conditioning"":""both_workflows_have_valid_estimates"",""confidence_interval"":null,""confidence_level"":0.95,""direction"":""A_squared_loss_minus_B_squared_loss"",""interval_coverage"":""pointwise_conditional_on_supplied_reference"",""interval_method"":""BCa"",""interval_status"":""fewer_than_20_valid_repetitions"",""minimum_valid_repetitions"":20,""paired_difference_standard_error"":0.026342726374826604,""planned"":24,""reference_eligible"":true,""reference_kind"":""analytic"",""reference_shift_is_confidence_interval"":false,""reference_shift_max"":0.10133991192078469,""reference_shift_min"":0.10133991192078469,""resampling_plan_sha256"":""7c84a965f030c7a68a5dcb2e60b9770143d7dd3f41eed9a92868cdf8bb50aa7d"",""unconditional_mean_loss_difference"":null,""validity_table"":{""n00"":0,""n01"":7,""n10"":0,""n11"":17},""workflow_a"":""cpu-mala-quasi_deer@1024"",""workflow_b"":""cpu-nuts-spawn_chains@1024""}"
cos_z1,end_to_end_workflow,cpu-mala-sequential,cpu-nuts-spawn_chains,1024,analytic,0.0,24,24,"{""n00"":0,""n01"":0,""n10"":0,""n11"":24}",0.08449877245331823,0.051576991855465416,0.13145998581930196,available,"{""bca_acceleration"":0.03919816270668331,""bca_adjusted_quantiles"":[0.04097271741864883,0.9866946153739703],""bca_bias_percentile"":0.5172517251725173,""bootstrap_expected_tail_counts"":[409.68620146906966,133.040540875671],""claim_type"":""analytic_mse"",""conditional_mean_loss_difference"":0.08449877245331823,""conditioning"":""both_workflows_have_valid_estimates"",""confidence_interval"":{""high"":0.13145998581930196,""low"":0.051576991855465416},""confidence_level"":0.95,""direction"":""A_squared_loss_minus_B_squared_loss"",""interval_coverage"":""pointwise_conditional_on_supplied_reference"",""interval_method"":""BCa"",""interval_status"":""available"",""minimum_valid_repetitions"":20,""paired_difference_standard_error"":0.0201579684239698,""planned"":24,""reference_eligible"":true,""reference_kind"":""analytic"",""reference_shift_is_confidence_interval"":false,""reference_shift_max"":0.08449877245331823,""reference_shift_min"":0.08449877245331823,""resampled_valid_count_range"":[24,24],""resampling_plan_sha256"":""7c84a965f030c7a68a5dcb2e60b9770143d7dd3f41eed9a92868cdf8bb50aa7d"",""unconditional_mean_loss_difference"":0.08449877245331823,""undefined_bootstrap_replicates"":0,""validity_table"":{""n00"":0,""n01"":0,""n10"":0,""n11"":24},""workflow_a"":""cpu-mala-sequential@1024"",""workflow_b"":""cpu-nuts-spawn_chains@1024""}"
cos_z1,end_to_end_workflow,cpu-rwm-online_picard,cpu-nuts-spawn_chains,1024,analytic,0.0,24,24,"{""n00"":0,""n01"":0,""n10"":0,""n11"":24}",0.005731065591381574,0.002090269786935979,0.014665414154900339,available,"{""bca_acceleration"":0.10989868158654623,""bca_adjusted_quantiles"":[0.0772617358562443,0.9974075543620902],""bca_bias_percentile"":0.5446544654465446,""bootstrap_expected_tail_counts"":[772.5400968265867,25.92186393346044],""claim_type"":""analytic_mse"",""conditional_mean_loss_difference"":0.005731065591381574,""conditioning"":""both_workflows_have_valid_estimates"",""confidence_interval"":{""high"":0.014665414154900339,""low"":0.002090269786935979},""confidence_level"":0.95,""direction"":""A_squared_loss_minus_B_squared_loss"",""interval_coverage"":""pointwise_conditional_on_supplied_reference"",""interval_method"":""BCa"",""interval_status"":""available"",""minimum_valid_repetitions"":20,""paired_difference_standard_error"":0.0027111680652599753,""planned"":24,""reference_eligible"":true,""reference_kind"":""analytic"",""reference_shift_is_confidence_interval"":false,""reference_shift_max"":0.005731065591381574,""reference_shift_min"":0.005731065591381574,""resampled_valid_count_range"":[24,24],""resampling_plan_sha256"":""7c84a965f030c7a68a5dcb2e60b9770143d7dd3f41eed9a92868cdf8bb50aa7d"",""unconditional_mean_loss_difference"":0.005731065591381574,""undefined_bootstrap_replicates"":0,""validity_table"":{""n00"":0,""n01"":0,""n10"":0,""n11"":24},""workflow_a"":""cpu-rwm-online_picard@1024"",""workflow_b"":""cpu-nuts-spawn_chains@1024""}"
cos_z1,end_to_end_workflow,cpu-rwm-sequential,cpu-nuts-spawn_chains,1024,analytic,0.0,24,24,"{""n00"":0,""n01"":0,""n10"":0,""n11"":24}",0.005731065591381587,0.0020902697869359635,0.014665414154900396,available,"{""bca_acceleration"":0.10989868158654663,""bca_adjusted_quantiles"":[0.07726173585624443,0.9974075543620902],""bca_bias_percentile"":0.5446544654465446,""bootstrap_expected_tail_counts"":[772.5400968265881,25.92186393346044],""claim_type"":""analytic_mse"",""conditional_mean_loss_difference"":0.005731065591381587,""conditioning"":""both_workflows_have_valid_estimates"",""confidence_interval"":{""high"":0.014665414154900396,""low"":0.0020902697869359635},""confidence_level"":0.95,""direction"":""A_squared_loss_minus_B_squared_loss"",""interval_coverage"":""pointwise_conditional_on_supplied_reference"",""interval_method"":""BCa"",""interval_status"":""available"",""minimum_valid_repetitions"":20,""paired_difference_standard_error"":0.002711168065259989,""planned"":24,""reference_eligible"":true,""reference_kind"":""analytic"",""reference_shift_is_confidence_interval"":false,""reference_shift_max"":0.005731065591381587,""reference_shift_min"":0.005731065591381587,""resampled_valid_count_range"":[24,24],""resampling_plan_sha256"":""7c84a965f030c7a68a5dcb2e60b9770143d7dd3f41eed9a92868cdf8bb50aa7d"",""unconditional_mean_loss_difference"":0.005731065591381587,""undefined_bootstrap_replicates"":0,""validity_table"":{""n00"":0,""n01"":0,""n10"":0,""n11"":24},""workflow_a"":""cpu-rwm-sequential@1024"",""workflow_b"":""cpu-nuts-spawn_chains@1024""}"
cos_z1,end_to_end_workflow,cuda-mala-quasi_deer,cpu-nuts-spawn_chains,1024,analytic,0.0,24,17,"{""n00"":0,""n01"":7,""n10"":0,""n11"":17}",0.10133991192078307,,,fewer_than_20_valid_repetitions,"{""claim_type"":""analytic_mse"",""conditional_mean_loss_difference"":0.10133991192078307,""conditioning"":""both_workflows_have_valid_estimates"",""confidence_interval"":null,""confidence_level"":0.95,""direction"":""A_squared_loss_minus_B_squared_loss"",""interval_coverage"":""pointwise_conditional_on_supplied_reference"",""interval_method"":""BCa"",""interval_status"":""fewer_than_20_valid_repetitions"",""minimum_valid_repetitions"":20,""paired_difference_standard_error"":0.026342726374826323,""planned"":24,""reference_eligible"":true,""reference_kind"":""analytic"",""reference_shift_is_confidence_interval"":false,""reference_shift_max"":0.10133991192078307,""reference_shift_min"":0.10133991192078307,""resampling_plan_sha256"":""7c84a965f030c7a68a5dcb2e60b9770143d7dd3f41eed9a92868cdf8bb50aa7d"",""unconditional_mean_loss_difference"":null,""validity_table"":{""n00"":0,""n01"":7,""n10"":0,""n11"":17},""workflow_a"":""cuda-mala-quasi_deer@1024"",""workflow_b"":""cpu-nuts-spawn_chains@1024""}"
cos_z1,end_to_end_workflow,cuda-mala-sequential,cpu-nuts-spawn_chains,1024,analytic,0.0,24,24,"{""n00"":0,""n01"":0,""n10"":0,""n11"":24}",0.08449877245332403,0.051576991855472716,0.1314599858193147,available,"{""bca_acceleration"":0.03919816270670101,""bca_adjusted_quantiles"":[0.04097271741865379,0.9866946153739732],""bca_bias_percentile"":0.5172517251725173,""bootstrap_expected_tail_counts"":[409.6862014691193,133.04054087564214],""claim_type"":""analytic_mse"",""conditional_mean_loss_difference"":0.08449877245332403,""conditioning"":""both_workflows_have_valid_estimates"",""confidence_interval"":{""high"":0.1314599858193147,""low"":0.051576991855472716},""confidence_level"":0.95,""direction"":""A_squared_loss_minus_B_squared_loss"",""interval_coverage"":""pointwise_conditional_on_supplied_reference"",""interval_method"":""BCa"",""interval_status"":""available"",""minimum_valid_repetitions"":20,""paired_difference_standard_error"":0.02015796842396722,""planned"":24,""reference_eligible"":true,""reference_kind"":""analytic"",""reference_shift_is_confidence_interval"":false,""reference_shift_max"":0.08449877245332403,""reference_shift_min"":0.08449877245332403,""resampled_valid_count_range"":[24,24],""resampling_plan_sha256"":""7c84a965f030c7a68a5dcb2e60b9770143d7dd3f41eed9a92868cdf8bb50aa7d"",""unconditional_mean_loss_difference"":0.08449877245332403,""undefined_bootstrap_replicates"":0,""validity_table"":{""n00"":0,""n01"":0,""n10"":0,""n11"":24},""workflow_a"":""cuda-mala-sequential@1024"",""workflow_b"":""cpu-nuts-spawn_chains@1024""}"
cos_z1,end_to_end_workflow,cuda-rwm-online_picard,cpu-nuts-spawn_chains,1024,analytic,0.0,24,24,"{""n00"":0,""n01"":0,""n10"":0,""n11"":24}",0.005731065591381574,0.002090269786935979,0.014665414154900339,available,"{""bca_acceleration"":0.10989868158654623,""bca_adjusted_quantiles"":[0.0772617358562443,0.9974075543620902],""bca_bias_percentile"":0.5446544654465446,""bootstrap_expected_tail_counts"":[772.5400968265867,25.92186393346044],""claim_type"":""analytic_mse"",""conditional_mean_loss_difference"":0.005731065591381574,""conditioning"":""both_workflows_have_valid_estimates"",""confidence_interval"":{""high"":0.014665414154900339,""low"":0.002090269786935979},""confidence_level"":0.95,""direction"":""A_squared_loss_minus_B_squared_loss"",""interval_coverage"":""pointwise_conditional_on_supplied_reference"",""interval_method"":""BCa"",""interval_status"":""available"",""minimum_valid_repetitions"":20,""paired_difference_standard_error"":0.0027111680652599753,""planned"":24,""reference_eligible"":true,""reference_kind"":""analytic"",""reference_shift_is_confidence_interval"":false,""reference_shift_max"":0.005731065591381574,""reference_shift_min"":0.005731065591381574,""resampled_valid_count_range"":[24,24],""resampling_plan_sha256"":""7c84a965f030c7a68a5dcb2e60b9770143d7dd3f41eed9a92868cdf8bb50aa7d"",""unconditional_mean_loss_difference"":0.005731065591381574,""undefined_bootstrap_replicates"":0,""validity_table"":{""n00"":0,""n01"":0,""n10"":0,""n11"":24},""workflow_a"":""cuda-rwm-online_picard@1024"",""workflow_b"":""cpu-nuts-spawn_chains@1024""}"
cos_z1,end_to_end_workflow,cuda-rwm-sequential,cpu-nuts-spawn_chains,1024,analytic,0.0,24,24,"{""n00"":0,""n01"":0,""n10"":0,""n11"":24}",0.005731065591381587,0.0020902697869359635,0.014665414154900396,available,"{""bca_acceleration"":0.10989868158654663,""bca_adjusted_quantiles"":[0.07726173585624443,0.9974075543620902],""bca_bias_percentile"":0.5446544654465446,""bootstrap_expected_tail_counts"":[772.5400968265881,25.92186393346044],""claim_type"":""analytic_mse"",""conditional_mean_loss_difference"":0.005731065591381587,""conditioning"":""both_workflows_have_valid_estimates"",""confidence_interval"":{""high"":0.014665414154900396,""low"":0.0020902697869359635},""confidence_level"":0.95,""direction"":""A_squared_loss_minus_B_squared_loss"",""interval_coverage"":""pointwise_conditional_on_supplied_reference"",""interval_method"":""BCa"",""interval_status"":""available"",""minimum_valid_repetitions"":20,""paired_difference_standard_error"":0.002711168065259989,""planned"":24,""reference_eligible"":true,""reference_kind"":""analytic"",""reference_shift_is_confidence_interval"":false,""reference_shift_max"":0.005731065591381587,""reference_shift_min"":0.005731065591381587,""resampled_valid_count_range"":[24,24],""resampling_plan_sha256"":""7c84a965f030c7a68a5dcb2e60b9770143d7dd3f41eed9a92868cdf8bb50aa7d"",""unconditional_mean_loss_difference"":0.005731065591381587,""undefined_bootstrap_replicates"":0,""validity_table"":{""n00"":0,""n01"":0,""n10"":0,""n11"":24},""workflow_a"":""cuda-rwm-sequential@1024"",""workflow_b"":""cpu-nuts-spawn_chains@1024""}"
cos_z1,same_kernel_execution,cpu-rwm-sequential,cpu-rwm-online_picard,4096,analytic,0.0,24,24,"{""n00"":0,""n01"":0,""n10"":0,""n11"":24}",-1.2955298342175585e-17,-1.0735812423441513e-16,4.061851310889749e-17,available,"{""bca_acceleration"":-0.061723731118791564,""bca_adjusted_quantiles"":[0.008615047622833076,0.9484007228689153],""bca_bias_percentile"":0.4736473647364737,""bootstrap_expected_tail_counts"":[86.14186118070792,515.9411720337159],""claim_type"":""analytic_mse"",""conditional_mean_loss_difference"":-1.2955298342175585e-17,""conditioning"":""both_workflows_have_valid_estimates"",""confidence_interval"":{""high"":4.061851310889749e-17,""low"":-1.0735812423441513e-16},""confidence_level"":0.95,""direction"":""A_squared_loss_minus_B_squared_loss"",""interval_coverage"":""pointwise_conditional_on_supplied_reference"",""interval_method"":""BCa"",""interval_status"":""available"",""minimum_valid_repetitions"":20,""paired_difference_standard_error"":3.6206569497121735e-17,""planned"":24,""reference_eligible"":true,""reference_kind"":""analytic"",""reference_shift_is_confidence_interval"":false,""reference_shift_max"":-1.2955298342175585e-17,""reference_shift_min"":-1.2955298342175585e-17,""resampled_valid_count_range"":[24,24],""resampling_plan_sha256"":""7c84a965f030c7a68a5dcb2e60b9770143d7dd3f41eed9a92868cdf8bb50aa7d"",""unconditional_mean_loss_difference"":-1.2955298342175585e-17,""undefined_bootstrap_replicates"":0,""validity_table"":{""n00"":0,""n01"":0,""n10"":0,""n11"":24},""workflow_a"":""cpu-rwm-sequential@4096"",""workflow_b"":""cpu-rwm-online_picard@4096""}"
cos_z1,same_kernel_execution,cpu-mala-sequential,cpu-mala-quasi_deer,4096,analytic,0.0,24,11,"{""n00"":1,""n01"":0,""n10"":12,""n11"":11}",8.978239602611505e-12,,,fewer_than_20_valid_repetitions,"{""claim_type"":""analytic_mse"",""conditional_mean_loss_difference"":8.978239602611505e-12,""conditioning"":""both_workflows_have_valid_estimates"",""confidence_interval"":null,""confidence_level"":0.95,""direction"":""A_squared_loss_minus_B_squared_loss"",""interval_coverage"":""pointwise_conditional_on_supplied_reference"",""interval_method"":""BCa"",""interval_status"":""fewer_than_20_valid_repetitions"",""minimum_valid_repetitions"":20,""paired_difference_standard_error"":6.609037669123647e-12,""planned"":24,""reference_eligible"":true,""reference_kind"":""analytic"",""reference_shift_is_confidence_interval"":false,""reference_shift_max"":8.978239602611505e-12,""reference_shift_min"":8.978239602611505e-12,""resampling_plan_sha256"":""7c84a965f030c7a68a5dcb2e60b9770143d7dd3f41eed9a92868cdf8bb50aa7d"",""unconditional_mean_loss_difference"":null,""validity_table"":{""n00"":1,""n01"":0,""n10"":12,""n11"":11},""workflow_a"":""cpu-mala-sequential@4096"",""workflow_b"":""cpu-mala-quasi_deer@4096""}"
cos_z1,same_kernel_execution,cuda-rwm-sequential,cuda-rwm-online_picard,4096,analytic,0.0,24,24,"{""n00"":0,""n01"":0,""n10"":0,""n11"":24}",-1.2955298342175585e-17,-1.0735812423441513e-16,4.061851310889749e-17,available,"{""bca_acceleration"":-0.061723731118791564,""bca_adjusted_quantiles"":[0.008615047622833076,0.9484007228689153],""bca_bias_percentile"":0.4736473647364737,""bootstrap_expected_tail_counts"":[86.14186118070792,515.9411720337159],""claim_type"":""analytic_mse"",""conditional_mean_loss_difference"":-1.2955298342175585e-17,""conditioning"":""both_workflows_have_valid_estimates"",""confidence_interval"":{""high"":4.061851310889749e-17,""low"":-1.0735812423441513e-16},""confidence_level"":0.95,""direction"":""A_squared_loss_minus_B_squared_loss"",""interval_coverage"":""pointwise_conditional_on_supplied_reference"",""interval_method"":""BCa"",""interval_status"":""available"",""minimum_valid_repetitions"":20,""paired_difference_standard_error"":3.6206569497121735e-17,""planned"":24,""reference_eligible"":true,""reference_kind"":""analytic"",""reference_shift_is_confidence_interval"":false,""reference_shift_max"":-1.2955298342175585e-17,""reference_shift_min"":-1.2955298342175585e-17,""resampled_valid_count_range"":[24,24],""resampling_plan_sha256"":""7c84a965f030c7a68a5dcb2e60b9770143d7dd3f41eed9a92868cdf8bb50aa7d"",""unconditional_mean_loss_difference"":-1.2955298342175585e-17,""undefined_bootstrap_replicates"":0,""validity_table"":{""n00"":0,""n01"":0,""n10"":0,""n11"":24},""workflow_a"":""cuda-rwm-sequential@4096"",""workflow_b"":""cuda-rwm-online_picard@4096""}"
cos_z1,same_kernel_execution,cuda-mala-sequential,cuda-mala-quasi_deer,4096,analytic,0.0,24,11,"{""n00"":1,""n01"":0,""n10"":12,""n11"":11}",8.979406135154416e-12,,,fewer_than_20_valid_repetitions,"{""claim_type"":""analytic_mse"",""conditional_mean_loss_difference"":8.979406135154416e-12,""conditioning"":""both_workflows_have_valid_estimates"",""confidence_interval"":null,""confidence_level"":0.95,""direction"":""A_squared_loss_minus_B_squared_loss"",""interval_coverage"":""pointwise_conditional_on_supplied_reference"",""interval_method"":""BCa"",""interval_status"":""fewer_than_20_valid_repetitions"",""minimum_valid_repetitions"":20,""paired_difference_standard_error"":6.610548533769367e-12,""planned"":24,""reference_eligible"":true,""reference_kind"":""analytic"",""reference_shift_is_confidence_interval"":false,""reference_shift_max"":8.979406135154416e-12,""reference_shift_min"":8.979406135154416e-12,""resampling_plan_sha256"":""7c84a965f030c7a68a5dcb2e60b9770143d7dd3f41eed9a92868cdf8bb50aa7d"",""unconditional_mean_loss_difference"":null,""validity_table"":{""n00"":1,""n01"":0,""n10"":12,""n11"":11},""workflow_a"":""cuda-mala-sequential@4096"",""workflow_b"":""cuda-mala-quasi_deer@4096""}"
cos_z1,end_to_end_workflow,cpu-mala-quasi_deer,cpu-nuts-spawn_chains,4096,analytic,0.0,24,4,"{""n00"":8,""n01"":5,""n10"":7,""n11"":4}",0.1807412564377204,,,fewer_than_20_valid_repetitions,"{""claim_type"":""analytic_mse"",""conditional_mean_loss_difference"":0.1807412564377204,""conditioning"":""both_workflows_have_valid_estimates"",""confidence_interval"":null,""confidence_level"":0.95,""direction"":""A_squared_loss_minus_B_squared_loss"",""interval_coverage"":""pointwise_conditional_on_supplied_reference"",""interval_method"":""BCa"",""interval_status"":""fewer_than_20_valid_repetitions"",""minimum_valid_repetitions"":20,""paired_difference_standard_error"":0.031019435561876536,""planned"":24,""reference_eligible"":true,""reference_kind"":""analytic"",""reference_shift_is_confidence_interval"":false,""reference_shift_max"":0.1807412564377204,""reference_shift_min"":0.1807412564377204,""resampling_plan_sha256"":""7c84a965f030c7a68a5dcb2e60b9770143d7dd3f41eed9a92868cdf8bb50aa7d"",""unconditional_mean_loss_difference"":null,""validity_table"":{""n00"":8,""n01"":5,""n10"":7,""n11"":4},""workflow_a"":""cpu-mala-quasi_deer@4096"",""workflow_b"":""cpu-nuts-spawn_chains@4096""}"
cos_z1,end_to_end_workflow,cpu-mala-sequential,cpu-nuts-spawn_chains,4096,analytic,0.0,24,9,"{""n00"":1,""n01"":0,""n10"":14,""n11"":9}",0.12425694363049936,,,fewer_than_20_valid_repetitions,"{""claim_type"":""analytic_mse"",""conditional_mean_loss_difference"":0.12425694363049936,""conditioning"":""both_workflows_have_valid_estimates"",""confidence_interval"":null,""confidence_level"":0.95,""direction"":""A_squared_loss_minus_B_squared_loss"",""interval_coverage"":""pointwise_conditional_on_supplied_reference"",""interval_method"":""BCa"",""interval_status"":""fewer_than_20_valid_repetitions"",""minimum_valid_repetitions"":20,""paired_difference_standard_error"":0.0274542232092775,""planned"":24,""reference_eligible"":true,""reference_kind"":""analytic"",""reference_shift_is_confidence_interval"":false,""reference_shift_max"":0.12425694363049936,""reference_shift_min"":0.12425694363049936,""resampling_plan_sha256"":""7c84a965f030c7a68a5dcb2e60b9770143d7dd3f41eed9a92868cdf8bb50aa7d"",""unconditional_mean_loss_difference"":null,""validity_table"":{""n00"":1,""n01"":0,""n10"":14,""n11"":9},""workflow_a"":""cpu-mala-sequential@4096"",""workflow_b"":""cpu-nuts-spawn_chains@4096""}"
cos_z1,end_to_end_workflow,cpu-rwm-online_picard,cpu-nuts-spawn_chains,4096,analytic,0.0,24,9,"{""n00"":0,""n01"":0,""n10"":15,""n11"":9}",0.0017427991134268412,,,fewer_than_20_valid_repetitions,"{""claim_type"":""analytic_mse"",""conditional_mean_loss_difference"":0.0017427991134268412,""conditioning"":""both_workflows_have_valid_estimates"",""confidence_interval"":null,""confidence_level"":0.95,""direction"":""A_squared_loss_minus_B_squared_loss"",""interval_coverage"":""pointwise_conditional_on_supplied_reference"",""interval_method"":""BCa"",""interval_status"":""fewer_than_20_valid_repetitions"",""minimum_valid_repetitions"":20,""paired_difference_standard_error"":0.000707800547813053,""planned"":24,""reference_eligible"":true,""reference_kind"":""analytic"",""reference_shift_is_confidence_interval"":false,""reference_shift_max"":0.0017427991134268412,""reference_shift_min"":0.0017427991134268412,""resampling_plan_sha256"":""7c84a965f030c7a68a5dcb2e60b9770143d7dd3f41eed9a92868cdf8bb50aa7d"",""unconditional_mean_loss_difference"":null,""validity_table"":{""n00"":0,""n01"":0,""n10"":15,""n11"":9},""workflow_a"":""cpu-rwm-online_picard@4096"",""workflow_b"":""cpu-nuts-spawn_chains@4096""}"
cos_z1,end_to_end_workflow,cpu-rwm-sequential,cpu-nuts-spawn_chains,4096,analytic,0.0,24,9,"{""n00"":0,""n01"":0,""n10"":15,""n11"":9}",0.0017427991134267946,,,fewer_than_20_valid_repetitions,"{""claim_type"":""analytic_mse"",""conditional_mean_loss_difference"":0.0017427991134267946,""conditioning"":""both_workflows_have_valid_estimates"",""confidence_interval"":null,""confidence_level"":0.95,""direction"":""A_squared_loss_minus_B_squared_loss"",""interval_coverage"":""pointwise_conditional_on_supplied_reference"",""interval_method"":""BCa"",""interval_status"":""fewer_than_20_valid_repetitions"",""minimum_valid_repetitions"":20,""paired_difference_standard_error"":0.0007078005478130647,""planned"":24,""reference_eligible"":true,""reference_kind"":""analytic"",""reference_shift_is_confidence_interval"":false,""reference_shift_max"":0.0017427991134267946,""reference_shift_min"":0.0017427991134267946,""resampling_plan_sha256"":""7c84a965f030c7a68a5dcb2e60b9770143d7dd3f41eed9a92868cdf8bb50aa7d"",""unconditional_mean_loss_difference"":null,""validity_table"":{""n00"":0,""n01"":0,""n10"":15,""n11"":9},""workflow_a"":""cpu-rwm-sequential@4096"",""workflow_b"":""cpu-nuts-spawn_chains@4096""}"
cos_z1,end_to_end_workflow,cuda-mala-quasi_deer,cpu-nuts-spawn_chains,4096,analytic,0.0,24,4,"{""n00"":8,""n01"":5,""n10"":7,""n11"":4}",0.18074125643772057,,,fewer_than_20_valid_repetitions,"{""claim_type"":""analytic_mse"",""conditional_mean_loss_difference"":0.18074125643772057,""conditioning"":""both_workflows_have_valid_estimates"",""confidence_interval"":null,""confidence_level"":0.95,""direction"":""A_squared_loss_minus_B_squared_loss"",""interval_coverage"":""pointwise_conditional_on_supplied_reference"",""interval_method"":""BCa"",""interval_status"":""fewer_than_20_valid_repetitions"",""minimum_valid_repetitions"":20,""paired_difference_standard_error"":0.031019435561876536,""planned"":24,""reference_eligible"":true,""reference_kind"":""analytic"",""reference_shift_is_confidence_interval"":false,""reference_shift_max"":0.18074125643772057,""reference_shift_min"":0.18074125643772057,""resampling_plan_sha256"":""7c84a965f030c7a68a5dcb2e60b9770143d7dd3f41eed9a92868cdf8bb50aa7d"",""unconditional_mean_loss_difference"":null,""validity_table"":{""n00"":8,""n01"":5,""n10"":7,""n11"":4},""workflow_a"":""cuda-mala-quasi_deer@4096"",""workflow_b"":""cpu-nuts-spawn_chains@4096""}"
cos_z1,end_to_end_workflow,cuda-mala-sequential,cpu-nuts-spawn_chains,4096,analytic,0.0,24,9,"{""n00"":1,""n01"":0,""n10"":14,""n11"":9}",0.12425694363050525,,,fewer_than_20_valid_repetitions,"{""claim_type"":""analytic_mse"",""conditional_mean_loss_difference"":0.12425694363050525,""conditioning"":""both_workflows_have_valid_estimates"",""confidence_interval"":null,""confidence_level"":0.95,""direction"":""A_squared_loss_minus_B_squared_loss"",""interval_coverage"":""pointwise_conditional_on_supplied_reference"",""interval_method"":""BCa"",""interval_status"":""fewer_than_20_valid_repetitions"",""minimum_valid_repetitions"":20,""paired_difference_standard_error"":0.02745422320927943,""planned"":24,""reference_eligible"":true,""reference_kind"":""analytic"",""reference_shift_is_confidence_interval"":false,""reference_shift_max"":0.12425694363050525,""reference_shift_min"":0.12425694363050525,""resampling_plan_sha256"":""7c84a965f030c7a68a5dcb2e60b9770143d7dd3f41eed9a92868cdf8bb50aa7d"",""unconditional_mean_loss_difference"":null,""validity_table"":{""n00"":1,""n01"":0,""n10"":14,""n11"":9},""workflow_a"":""cuda-mala-sequential@4096"",""workflow_b"":""cpu-nuts-spawn_chains@4096""}"
cos_z1,end_to_end_workflow,cuda-rwm-online_picard,cpu-nuts-spawn_chains,4096,analytic,0.0,24,9,"{""n00"":0,""n01"":0,""n10"":15,""n11"":9}",0.0017427991134268412,,,fewer_than_20_valid_repetitions,"{""claim_type"":""analytic_mse"",""conditional_mean_loss_difference"":0.0017427991134268412,""conditioning"":""both_workflows_have_valid_estimates"",""confidence_interval"":null,""confidence_level"":0.95,""direction"":""A_squared_loss_minus_B_squared_loss"",""interval_coverage"":""pointwise_conditional_on_supplied_reference"",""interval_method"":""BCa"",""interval_status"":""fewer_than_20_valid_repetitions"",""minimum_valid_repetitions"":20,""paired_difference_standard_error"":0.000707800547813053,""planned"":24,""reference_eligible"":true,""reference_kind"":""analytic"",""reference_shift_is_confidence_interval"":false,""reference_shift_max"":0.0017427991134268412,""reference_shift_min"":0.0017427991134268412,""resampling_plan_sha256"":""7c84a965f030c7a68a5dcb2e60b9770143d7dd3f41eed9a92868cdf8bb50aa7d"",""unconditional_mean_loss_difference"":null,""validity_table"":{""n00"":0,""n01"":0,""n10"":15,""n11"":9},""workflow_a"":""cuda-rwm-online_picard@4096"",""workflow_b"":""cpu-nuts-spawn_chains@4096""}"
cos_z1,end_to_end_workflow,cuda-rwm-sequential,cpu-nuts-spawn_chains,4096,analytic,0.0,24,9,"{""n00"":0,""n01"":0,""n10"":15,""n11"":9}",0.0017427991134267946,,,fewer_than_20_valid_repetitions,"{""claim_type"":""analytic_mse"",""conditional_mean_loss_difference"":0.0017427991134267946,""conditioning"":""both_workflows_have_valid_estimates"",""confidence_interval"":null,""confidence_level"":0.95,""direction"":""A_squared_loss_minus_B_squared_loss"",""interval_coverage"":""pointwise_conditional_on_supplied_reference"",""interval_method"":""BCa"",""interval_status"":""fewer_than_20_valid_repetitions"",""minimum_valid_repetitions"":20,""paired_difference_standard_error"":0.0007078005478130647,""planned"":24,""reference_eligible"":true,""reference_kind"":""analytic"",""reference_shift_is_confidence_interval"":false,""reference_shift_max"":0.0017427991134267946,""reference_shift_min"":0.0017427991134267946,""resampling_plan_sha256"":""7c84a965f030c7a68a5dcb2e60b9770143d7dd3f41eed9a92868cdf8bb50aa7d"",""unconditional_mean_loss_difference"":null,""validity_table"":{""n00"":0,""n01"":0,""n10"":15,""n11"":9},""workflow_a"":""cuda-rwm-sequential@4096"",""workflow_b"":""cpu-nuts-spawn_chains@4096""}"
