id,artifact_kind,workflow,budget,replicate,phase,disposition,outcome,known_original_outcome,complete_seconds,known_seconds,measurement
2dc2ebbd2c0a19b2ad157ed5,posterior,cuda-mala-quasi_deer,1024,5,ordinary_workflow,analyzed,valid,,21.60167539998656,21.60167539998656,"{""attempts_missing_call_return"":0,""complete_seconds"":21.60167539998656,""cost_scope"":""Sum ordinary subprocess creation-through-exit wall over every registered actual attempt; includes ordinary output/diagnostics, excludes outer audit and inter-call waiting"",""known_seconds"":21.60167539998656,""prior_interruption_known_seconds"":0.0,""recorded_measurements"":1,""unknown_measurements"":0,""unknown_time_imputed"":false}"
2dc2ebbd2c0a19b2ad157ed5,posterior,cuda-mala-quasi_deer,1024,5,research_execution,analyzed,valid,,23.950042100041173,23.950042100041173,"{""attempts_missing_call_return"":0,""complete_seconds"":23.950042100041173,""cost_scope"":""Sum all coordinator run/retry calls except completed verification-only returns; includes recorded refusals/recovery/audit/sealing; excludes ledger writes, report observations and inter-call waiting"",""known_seconds"":23.950042100041173,""prior_interruption_known_seconds"":0.0,""recorded_measurements"":1,""unknown_measurements"":0,""unknown_time_imputed"":false}"
2dc2ebbd2c0a19b2ad157ed5,posterior,cuda-mala-quasi_deer,1024,5,additional_verification,analyzed,valid,,0.1613509000017075,0.1613509000017075,"{""attempts_missing_call_return"":0,""complete_seconds"":0.1613509000017075,""cost_scope"":""Completed coordinator calls returning newly_executed=false; kept outside primary execution cost"",""known_seconds"":0.1613509000017075,""prior_interruption_known_seconds"":0.0,""recorded_measurements"":1,""unknown_measurements"":0,""unknown_time_imputed"":false}"
2dc2ebbd2c0a19b2ad157ed5,posterior,cuda-mala-quasi_deer,1024,5,all_invocations,analyzed,valid,,24.11139300004288,24.11139300004288,"{""attempts_missing_call_return"":0,""complete_seconds"":24.11139300004288,""cost_scope"":""All coordinator calls, including additional verification; operational consumption, not standardized time-to-inference"",""known_seconds"":24.11139300004288,""prior_interruption_known_seconds"":0.0,""recorded_measurements"":2,""unknown_measurements"":0,""unknown_time_imputed"":false}"
ea2c80626ac8c5eb6ddd48ad,posterior,cpu-nuts-spawn_chains,4096,0,ordinary_workflow,analyzed,output_failure_unclassified,,55.122669900010806,55.122669900010806,"{""attempts_missing_call_return"":0,""complete_seconds"":55.122669900010806,""cost_scope"":""Sum ordinary subprocess creation-through-exit wall over every registered actual attempt; includes ordinary output/diagnostics, excludes outer audit and inter-call waiting"",""known_seconds"":55.122669900010806,""prior_interruption_known_seconds"":0.0,""recorded_measurements"":1,""unknown_measurements"":0,""unknown_time_imputed"":false}"
ea2c80626ac8c5eb6ddd48ad,posterior,cpu-nuts-spawn_chains,4096,0,research_execution,analyzed,output_failure_unclassified,,57.18051809997996,57.18051809997996,"{""attempts_missing_call_return"":0,""complete_seconds"":57.18051809997996,""cost_scope"":""Sum all coordinator run/retry calls except completed verification-only returns; includes recorded refusals/recovery/audit/sealing; excludes ledger writes, report observations and inter-call waiting"",""known_seconds"":57.18051809997996,""prior_interruption_known_seconds"":0.0,""recorded_measurements"":1,""unknown_measurements"":0,""unknown_time_imputed"":false}"
ea2c80626ac8c5eb6ddd48ad,posterior,cpu-nuts-spawn_chains,4096,0,additional_verification,analyzed,output_failure_unclassified,,0.16091209999285638,0.16091209999285638,"{""attempts_missing_call_return"":0,""complete_seconds"":0.16091209999285638,""cost_scope"":""Completed coordinator calls returning newly_executed=false; kept outside primary execution cost"",""known_seconds"":0.16091209999285638,""prior_interruption_known_seconds"":0.0,""recorded_measurements"":1,""unknown_measurements"":0,""unknown_time_imputed"":false}"
ea2c80626ac8c5eb6ddd48ad,posterior,cpu-nuts-spawn_chains,4096,0,all_invocations,analyzed,output_failure_unclassified,,57.34143019997282,57.34143019997282,"{""attempts_missing_call_return"":0,""complete_seconds"":57.34143019997282,""cost_scope"":""All coordinator calls, including additional verification; operational consumption, not standardized time-to-inference"",""known_seconds"":57.34143019997282,""prior_interruption_known_seconds"":0.0,""recorded_measurements"":2,""unknown_measurements"":0,""unknown_time_imputed"":false}"
ea0b84294e67d33e578255f2,posterior,cpu-mala-quasi_deer,4096,1,ordinary_workflow,analyzed,valid,,37.048684199980926,37.048684199980926,"{""attempts_missing_call_return"":0,""complete_seconds"":37.048684199980926,""cost_scope"":""Sum ordinary subprocess creation-through-exit wall over every registered actual attempt; includes ordinary output/diagnostics, excludes outer audit and inter-call waiting"",""known_seconds"":37.048684199980926,""prior_interruption_known_seconds"":0.0,""recorded_measurements"":1,""unknown_measurements"":0,""unknown_time_imputed"":false}"
ea0b84294e67d33e578255f2,posterior,cpu-mala-quasi_deer,4096,1,research_execution,analyzed,valid,,39.73616099997889,39.73616099997889,"{""attempts_missing_call_return"":0,""complete_seconds"":39.73616099997889,""cost_scope"":""Sum all coordinator run/retry calls except completed verification-only returns; includes recorded refusals/recovery/audit/sealing; excludes ledger writes, report observations and inter-call waiting"",""known_seconds"":39.73616099997889,""prior_interruption_known_seconds"":0.0,""recorded_measurements"":1,""unknown_measurements"":0,""unknown_time_imputed"":false}"
ea0b84294e67d33e578255f2,posterior,cpu-mala-quasi_deer,4096,1,additional_verification,analyzed,valid,,0.16140869999071583,0.16140869999071583,"{""attempts_missing_call_return"":0,""complete_seconds"":0.16140869999071583,""cost_scope"":""Completed coordinator calls returning newly_executed=false; kept outside primary execution cost"",""known_seconds"":0.16140869999071583,""prior_interruption_known_seconds"":0.0,""recorded_measurements"":1,""unknown_measurements"":0,""unknown_time_imputed"":false}"
ea0b84294e67d33e578255f2,posterior,cpu-mala-quasi_deer,4096,1,all_invocations,analyzed,valid,,39.89756969996961,39.89756969996961,"{""attempts_missing_call_return"":0,""complete_seconds"":39.89756969996961,""cost_scope"":""All coordinator calls, including additional verification; operational consumption, not standardized time-to-inference"",""known_seconds"":39.89756969996961,""prior_interruption_known_seconds"":0.0,""recorded_measurements"":2,""unknown_measurements"":0,""unknown_time_imputed"":false}"
10a1734775002b1470e28c00,posterior,cpu-nuts-spawn_chains,1024,6,ordinary_workflow,analyzed,valid,,38.53175700001884,38.53175700001884,"{""attempts_missing_call_return"":0,""complete_seconds"":38.53175700001884,""cost_scope"":""Sum ordinary subprocess creation-through-exit wall over every registered actual attempt; includes ordinary output/diagnostics, excludes outer audit and inter-call waiting"",""known_seconds"":38.53175700001884,""prior_interruption_known_seconds"":0.0,""recorded_measurements"":1,""unknown_measurements"":0,""unknown_time_imputed"":false}"
10a1734775002b1470e28c00,posterior,cpu-nuts-spawn_chains,1024,6,research_execution,analyzed,valid,,40.61268449999625,40.61268449999625,"{""attempts_missing_call_return"":0,""complete_seconds"":40.61268449999625,""cost_scope"":""Sum all coordinator run/retry calls except completed verification-only returns; includes recorded refusals/recovery/audit/sealing; excludes ledger writes, report observations and inter-call waiting"",""known_seconds"":40.61268449999625,""prior_interruption_known_seconds"":0.0,""recorded_measurements"":1,""unknown_measurements"":0,""unknown_time_imputed"":false}"
10a1734775002b1470e28c00,posterior,cpu-nuts-spawn_chains,1024,6,additional_verification,analyzed,valid,,0.16303620001417585,0.16303620001417585,"{""attempts_missing_call_return"":0,""complete_seconds"":0.16303620001417585,""cost_scope"":""Completed coordinator calls returning newly_executed=false; kept outside primary execution cost"",""known_seconds"":0.16303620001417585,""prior_interruption_known_seconds"":0.0,""recorded_measurements"":1,""unknown_measurements"":0,""unknown_time_imputed"":false}"
10a1734775002b1470e28c00,posterior,cpu-nuts-spawn_chains,1024,6,all_invocations,analyzed,valid,,40.775720700010424,40.775720700010424,"{""attempts_missing_call_return"":0,""complete_seconds"":40.775720700010424,""cost_scope"":""All coordinator calls, including additional verification; operational consumption, not standardized time-to-inference"",""known_seconds"":40.775720700010424,""prior_interruption_known_seconds"":0.0,""recorded_measurements"":2,""unknown_measurements"":0,""unknown_time_imputed"":false}"
90f11ab13621b18063595ac5,posterior,cpu-rwm-sequential,4096,1,ordinary_workflow,analyzed,valid,,3.3881256000022404,3.3881256000022404,"{""attempts_missing_call_return"":0,""complete_seconds"":3.3881256000022404,""cost_scope"":""Sum ordinary subprocess creation-through-exit wall over every registered actual attempt; includes ordinary output/diagnostics, excludes outer audit and inter-call waiting"",""known_seconds"":3.3881256000022404,""prior_interruption_known_seconds"":0.0,""recorded_measurements"":1,""unknown_measurements"":0,""unknown_time_imputed"":false}"
90f11ab13621b18063595ac5,posterior,cpu-rwm-sequential,4096,1,research_execution,analyzed,valid,,5.7892568000243045,5.7892568000243045,"{""attempts_missing_call_return"":0,""complete_seconds"":5.7892568000243045,""cost_scope"":""Sum all coordinator run/retry calls except completed verification-only returns; includes recorded refusals/recovery/audit/sealing; excludes ledger writes, report observations and inter-call waiting"",""known_seconds"":5.7892568000243045,""prior_interruption_known_seconds"":0.0,""recorded_measurements"":1,""unknown_measurements"":0,""unknown_time_imputed"":false}"
90f11ab13621b18063595ac5,posterior,cpu-rwm-sequential,4096,1,additional_verification,analyzed,valid,,0.16021629999158904,0.16021629999158904,"{""attempts_missing_call_return"":0,""complete_seconds"":0.16021629999158904,""cost_scope"":""Completed coordinator calls returning newly_executed=false; kept outside primary execution cost"",""known_seconds"":0.16021629999158904,""prior_interruption_known_seconds"":0.0,""recorded_measurements"":1,""unknown_measurements"":0,""unknown_time_imputed"":false}"
90f11ab13621b18063595ac5,posterior,cpu-rwm-sequential,4096,1,all_invocations,analyzed,valid,,5.949473100015894,5.949473100015894,"{""attempts_missing_call_return"":0,""complete_seconds"":5.949473100015894,""cost_scope"":""All coordinator calls, including additional verification; operational consumption, not standardized time-to-inference"",""known_seconds"":5.949473100015894,""prior_interruption_known_seconds"":0.0,""recorded_measurements"":2,""unknown_measurements"":0,""unknown_time_imputed"":false}"
32ede4838484b05e9bcc1c03,posterior,cpu-rwm-sequential,1024,4,ordinary_workflow,analyzed,valid,,2.5549088999978267,2.5549088999978267,"{""attempts_missing_call_return"":0,""complete_seconds"":2.5549088999978267,""cost_scope"":""Sum ordinary subprocess creation-through-exit wall over every registered actual attempt; includes ordinary output/diagnostics, excludes outer audit and inter-call waiting"",""known_seconds"":2.5549088999978267,""prior_interruption_known_seconds"":0.0,""recorded_measurements"":1,""unknown_measurements"":0,""unknown_time_imputed"":false}"
32ede4838484b05e9bcc1c03,posterior,cpu-rwm-sequential,1024,4,research_execution,analyzed,valid,,4.716139500029385,4.716139500029385,"{""attempts_missing_call_return"":0,""complete_seconds"":4.716139500029385,""cost_scope"":""Sum all coordinator run/retry calls except completed verification-only returns; includes recorded refusals/recovery/audit/sealing; excludes ledger writes, report observations and inter-call waiting"",""known_seconds"":4.716139500029385,""prior_interruption_known_seconds"":0.0,""recorded_measurements"":1,""unknown_measurements"":0,""unknown_time_imputed"":false}"
32ede4838484b05e9bcc1c03,posterior,cpu-rwm-sequential,1024,4,additional_verification,analyzed,valid,,0.15642549999756739,0.15642549999756739,"{""attempts_missing_call_return"":0,""complete_seconds"":0.15642549999756739,""cost_scope"":""Completed coordinator calls returning newly_executed=false; kept outside primary execution cost"",""known_seconds"":0.15642549999756739,""prior_interruption_known_seconds"":0.0,""recorded_measurements"":1,""unknown_measurements"":0,""unknown_time_imputed"":false}"
32ede4838484b05e9bcc1c03,posterior,cpu-rwm-sequential,1024,4,all_invocations,analyzed,valid,,4.8725650000269525,4.8725650000269525,"{""attempts_missing_call_return"":0,""complete_seconds"":4.8725650000269525,""cost_scope"":""All coordinator calls, including additional verification; operational consumption, not standardized time-to-inference"",""known_seconds"":4.8725650000269525,""prior_interruption_known_seconds"":0.0,""recorded_measurements"":2,""unknown_measurements"":0,""unknown_time_imputed"":false}"
001597b4e5477af9edd342da,posterior,cpu-mala-sequential,4096,3,ordinary_workflow,analyzed,valid,,8.259201299981214,8.259201299981214,"{""attempts_missing_call_return"":0,""complete_seconds"":8.259201299981214,""cost_scope"":""Sum ordinary subprocess creation-through-exit wall over every registered actual attempt; includes ordinary output/diagnostics, excludes outer audit and inter-call waiting"",""known_seconds"":8.259201299981214,""prior_interruption_known_seconds"":0.0,""recorded_measurements"":1,""unknown_measurements"":0,""unknown_time_imputed"":false}"
001597b4e5477af9edd342da,posterior,cpu-mala-sequential,4096,3,research_execution,analyzed,valid,,10.985189200029708,10.985189200029708,"{""attempts_missing_call_return"":0,""complete_seconds"":10.985189200029708,""cost_scope"":""Sum all coordinator run/retry calls except completed verification-only returns; includes recorded refusals/recovery/audit/sealing; excludes ledger writes, report observations and inter-call waiting"",""known_seconds"":10.985189200029708,""prior_interruption_known_seconds"":0.0,""recorded_measurements"":1,""unknown_measurements"":0,""unknown_time_imputed"":false}"
001597b4e5477af9edd342da,posterior,cpu-mala-sequential,4096,3,additional_verification,analyzed,valid,,0.15986589998647105,0.15986589998647105,"{""attempts_missing_call_return"":0,""complete_seconds"":0.15986589998647105,""cost_scope"":""Completed coordinator calls returning newly_executed=false; kept outside primary execution cost"",""known_seconds"":0.15986589998647105,""prior_interruption_known_seconds"":0.0,""recorded_measurements"":1,""unknown_measurements"":0,""unknown_time_imputed"":false}"
001597b4e5477af9edd342da,posterior,cpu-mala-sequential,4096,3,all_invocations,analyzed,valid,,11.14505510001618,11.14505510001618,"{""attempts_missing_call_return"":0,""complete_seconds"":11.14505510001618,""cost_scope"":""All coordinator calls, including additional verification; operational consumption, not standardized time-to-inference"",""known_seconds"":11.14505510001618,""prior_interruption_known_seconds"":0.0,""recorded_measurements"":2,""unknown_measurements"":0,""unknown_time_imputed"":false}"
23669f427f9af6b3e1d7a94e,posterior,cpu-mala-quasi_deer,1024,1,ordinary_workflow,analyzed,valid,,14.776747700001579,14.776747700001579,"{""attempts_missing_call_return"":0,""complete_seconds"":14.776747700001579,""cost_scope"":""Sum ordinary subprocess creation-through-exit wall over every registered actual attempt; includes ordinary output/diagnostics, excludes outer audit and inter-call waiting"",""known_seconds"":14.776747700001579,""prior_interruption_known_seconds"":0.0,""recorded_measurements"":1,""unknown_measurements"":0,""unknown_time_imputed"":false}"
23669f427f9af6b3e1d7a94e,posterior,cpu-mala-quasi_deer,1024,1,research_execution,analyzed,valid,,17.232153700024355,17.232153700024355,"{""attempts_missing_call_return"":0,""complete_seconds"":17.232153700024355,""cost_scope"":""Sum all coordinator run/retry calls except completed verification-only returns; includes recorded refusals/recovery/audit/sealing; excludes ledger writes, report observations and inter-call waiting"",""known_seconds"":17.232153700024355,""prior_interruption_known_seconds"":0.0,""recorded_measurements"":1,""unknown_measurements"":0,""unknown_time_imputed"":false}"
23669f427f9af6b3e1d7a94e,posterior,cpu-mala-quasi_deer,1024,1,additional_verification,analyzed,valid,,0.1580212999979267,0.1580212999979267,"{""attempts_missing_call_return"":0,""complete_seconds"":0.1580212999979267,""cost_scope"":""Completed coordinator calls returning newly_executed=false; kept outside primary execution cost"",""known_seconds"":0.1580212999979267,""prior_interruption_known_seconds"":0.0,""recorded_measurements"":1,""unknown_measurements"":0,""unknown_time_imputed"":false}"
23669f427f9af6b3e1d7a94e,posterior,cpu-mala-quasi_deer,1024,1,all_invocations,analyzed,valid,,17.390175000022282,17.390175000022282,"{""attempts_missing_call_return"":0,""complete_seconds"":17.390175000022282,""cost_scope"":""All coordinator calls, including additional verification; operational consumption, not standardized time-to-inference"",""known_seconds"":17.390175000022282,""prior_interruption_known_seconds"":0.0,""recorded_measurements"":2,""unknown_measurements"":0,""unknown_time_imputed"":false}"
bfe4c0f9245158687e2de2dd,posterior,cpu-nuts-spawn_chains,4096,5,ordinary_workflow,analyzed,output_failure_unclassified,,44.57698650000384,44.57698650000384,"{""attempts_missing_call_return"":0,""complete_seconds"":44.57698650000384,""cost_scope"":""Sum ordinary subprocess creation-through-exit wall over every registered actual attempt; includes ordinary output/diagnostics, excludes outer audit and inter-call waiting"",""known_seconds"":44.57698650000384,""prior_interruption_known_seconds"":0.0,""recorded_measurements"":1,""unknown_measurements"":0,""unknown_time_imputed"":false}"
bfe4c0f9245158687e2de2dd,posterior,cpu-nuts-spawn_chains,4096,5,research_execution,analyzed,output_failure_unclassified,,46.76065670000389,46.76065670000389,"{""attempts_missing_call_return"":0,""complete_seconds"":46.76065670000389,""cost_scope"":""Sum all coordinator run/retry calls except completed verification-only returns; includes recorded refusals/recovery/audit/sealing; excludes ledger writes, report observations and inter-call waiting"",""known_seconds"":46.76065670000389,""prior_interruption_known_seconds"":0.0,""recorded_measurements"":1,""unknown_measurements"":0,""unknown_time_imputed"":false}"
bfe4c0f9245158687e2de2dd,posterior,cpu-nuts-spawn_chains,4096,5,additional_verification,analyzed,output_failure_unclassified,,0.16021770000224933,0.16021770000224933,"{""attempts_missing_call_return"":0,""complete_seconds"":0.16021770000224933,""cost_scope"":""Completed coordinator calls returning newly_executed=false; kept outside primary execution cost"",""known_seconds"":0.16021770000224933,""prior_interruption_known_seconds"":0.0,""recorded_measurements"":1,""unknown_measurements"":0,""unknown_time_imputed"":false}"
bfe4c0f9245158687e2de2dd,posterior,cpu-nuts-spawn_chains,4096,5,all_invocations,analyzed,output_failure_unclassified,,46.92087440000614,46.92087440000614,"{""attempts_missing_call_return"":0,""complete_seconds"":46.92087440000614,""cost_scope"":""All coordinator calls, including additional verification; operational consumption, not standardized time-to-inference"",""known_seconds"":46.92087440000614,""prior_interruption_known_seconds"":0.0,""recorded_measurements"":2,""unknown_measurements"":0,""unknown_time_imputed"":false}"
45283b4e37f07dd35a3a350b,posterior,cuda-rwm-sequential,1024,1,ordinary_workflow,analyzed,valid,,3.7576681000064127,3.7576681000064127,"{""attempts_missing_call_return"":0,""complete_seconds"":3.7576681000064127,""cost_scope"":""Sum ordinary subprocess creation-through-exit wall over every registered actual attempt; includes ordinary output/diagnostics, excludes outer audit and inter-call waiting"",""known_seconds"":3.7576681000064127,""prior_interruption_known_seconds"":0.0,""recorded_measurements"":1,""unknown_measurements"":0,""unknown_time_imputed"":false}"
45283b4e37f07dd35a3a350b,posterior,cuda-rwm-sequential,1024,1,research_execution,analyzed,valid,,5.893927800003439,5.893927800003439,"{""attempts_missing_call_return"":0,""complete_seconds"":5.893927800003439,""cost_scope"":""Sum all coordinator run/retry calls except completed verification-only returns; includes recorded refusals/recovery/audit/sealing; excludes ledger writes, report observations and inter-call waiting"",""known_seconds"":5.893927800003439,""prior_interruption_known_seconds"":0.0,""recorded_measurements"":1,""unknown_measurements"":0,""unknown_time_imputed"":false}"
45283b4e37f07dd35a3a350b,posterior,cuda-rwm-sequential,1024,1,additional_verification,analyzed,valid,,0.1575723999994807,0.1575723999994807,"{""attempts_missing_call_return"":0,""complete_seconds"":0.1575723999994807,""cost_scope"":""Completed coordinator calls returning newly_executed=false; kept outside primary execution cost"",""known_seconds"":0.1575723999994807,""prior_interruption_known_seconds"":0.0,""recorded_measurements"":1,""unknown_measurements"":0,""unknown_time_imputed"":false}"
45283b4e37f07dd35a3a350b,posterior,cuda-rwm-sequential,1024,1,all_invocations,analyzed,valid,,6.05150020000292,6.05150020000292,"{""attempts_missing_call_return"":0,""complete_seconds"":6.05150020000292,""cost_scope"":""All coordinator calls, including additional verification; operational consumption, not standardized time-to-inference"",""known_seconds"":6.05150020000292,""prior_interruption_known_seconds"":0.0,""recorded_measurements"":2,""unknown_measurements"":0,""unknown_time_imputed"":false}"
69803ed97e1390d3eba801e2,posterior,cpu-rwm-online_picard,1024,0,ordinary_workflow,analyzed,valid,,2.7063244999735616,2.7063244999735616,"{""attempts_missing_call_return"":0,""complete_seconds"":2.7063244999735616,""cost_scope"":""Sum ordinary subprocess creation-through-exit wall over every registered actual attempt; includes ordinary output/diagnostics, excludes outer audit and inter-call waiting"",""known_seconds"":2.7063244999735616,""prior_interruption_known_seconds"":0.0,""recorded_measurements"":1,""unknown_measurements"":0,""unknown_time_imputed"":false}"
69803ed97e1390d3eba801e2,posterior,cpu-rwm-online_picard,1024,0,research_execution,analyzed,valid,,4.924689000006765,4.924689000006765,"{""attempts_missing_call_return"":0,""complete_seconds"":4.924689000006765,""cost_scope"":""Sum all coordinator run/retry calls except completed verification-only returns; includes recorded refusals/recovery/audit/sealing; excludes ledger writes, report observations and inter-call waiting"",""known_seconds"":4.924689000006765,""prior_interruption_known_seconds"":0.0,""recorded_measurements"":1,""unknown_measurements"":0,""unknown_time_imputed"":false}"
69803ed97e1390d3eba801e2,posterior,cpu-rwm-online_picard,1024,0,additional_verification,analyzed,valid,,0.15697729999374133,0.15697729999374133,"{""attempts_missing_call_return"":0,""complete_seconds"":0.15697729999374133,""cost_scope"":""Completed coordinator calls returning newly_executed=false; kept outside primary execution cost"",""known_seconds"":0.15697729999374133,""prior_interruption_known_seconds"":0.0,""recorded_measurements"":1,""unknown_measurements"":0,""unknown_time_imputed"":false}"
69803ed97e1390d3eba801e2,posterior,cpu-rwm-online_picard,1024,0,all_invocations,analyzed,valid,,5.0816663000005065,5.0816663000005065,"{""attempts_missing_call_return"":0,""complete_seconds"":5.0816663000005065,""cost_scope"":""All coordinator calls, including additional verification; operational consumption, not standardized time-to-inference"",""known_seconds"":5.0816663000005065,""prior_interruption_known_seconds"":0.0,""recorded_measurements"":2,""unknown_measurements"":0,""unknown_time_imputed"":false}"
72048b718136c001c8e41613,posterior,cuda-rwm-online_picard,1024,1,ordinary_workflow,analyzed,valid,,3.6860623999964446,3.6860623999964446,"{""attempts_missing_call_return"":0,""complete_seconds"":3.6860623999964446,""cost_scope"":""Sum ordinary subprocess creation-through-exit wall over every registered actual attempt; includes ordinary output/diagnostics, excludes outer audit and inter-call waiting"",""known_seconds"":3.6860623999964446,""prior_interruption_known_seconds"":0.0,""recorded_measurements"":1,""unknown_measurements"":0,""unknown_time_imputed"":false}"
72048b718136c001c8e41613,posterior,cuda-rwm-online_picard,1024,1,research_execution,analyzed,valid,,5.842115400009789,5.842115400009789,"{""attempts_missing_call_return"":0,""complete_seconds"":5.842115400009789,""cost_scope"":""Sum all coordinator run/retry calls except completed verification-only returns; includes recorded refusals/recovery/audit/sealing; excludes ledger writes, report observations and inter-call waiting"",""known_seconds"":5.842115400009789,""prior_interruption_known_seconds"":0.0,""recorded_measurements"":1,""unknown_measurements"":0,""unknown_time_imputed"":false}"
72048b718136c001c8e41613,posterior,cuda-rwm-online_picard,1024,1,additional_verification,analyzed,valid,,0.15870290000748355,0.15870290000748355,"{""attempts_missing_call_return"":0,""complete_seconds"":0.15870290000748355,""cost_scope"":""Completed coordinator calls returning newly_executed=false; kept outside primary execution cost"",""known_seconds"":0.15870290000748355,""prior_interruption_known_seconds"":0.0,""recorded_measurements"":1,""unknown_measurements"":0,""unknown_time_imputed"":false}"
72048b718136c001c8e41613,posterior,cuda-rwm-online_picard,1024,1,all_invocations,analyzed,valid,,6.000818300017272,6.000818300017272,"{""attempts_missing_call_return"":0,""complete_seconds"":6.000818300017272,""cost_scope"":""All coordinator calls, including additional verification; operational consumption, not standardized time-to-inference"",""known_seconds"":6.000818300017272,""prior_interruption_known_seconds"":0.0,""recorded_measurements"":2,""unknown_measurements"":0,""unknown_time_imputed"":false}"
050ccafe96e4f173c78b40fe,posterior,cuda-rwm-sequential,1024,2,ordinary_workflow,analyzed,valid,,3.7414346000296064,3.7414346000296064,"{""attempts_missing_call_return"":0,""complete_seconds"":3.7414346000296064,""cost_scope"":""Sum ordinary subprocess creation-through-exit wall over every registered actual attempt; includes ordinary output/diagnostics, excludes outer audit and inter-call waiting"",""known_seconds"":3.7414346000296064,""prior_interruption_known_seconds"":0.0,""recorded_measurements"":1,""unknown_measurements"":0,""unknown_time_imputed"":false}"
050ccafe96e4f173c78b40fe,posterior,cuda-rwm-sequential,1024,2,research_execution,analyzed,valid,,5.880813800031319,5.880813800031319,"{""attempts_missing_call_return"":0,""complete_seconds"":5.880813800031319,""cost_scope"":""Sum all coordinator run/retry calls except completed verification-only returns; includes recorded refusals/recovery/audit/sealing; excludes ledger writes, report observations and inter-call waiting"",""known_seconds"":5.880813800031319,""prior_interruption_known_seconds"":0.0,""recorded_measurements"":1,""unknown_measurements"":0,""unknown_time_imputed"":false}"
050ccafe96e4f173c78b40fe,posterior,cuda-rwm-sequential,1024,2,additional_verification,analyzed,valid,,0.15664030000334606,0.15664030000334606,"{""attempts_missing_call_return"":0,""complete_seconds"":0.15664030000334606,""cost_scope"":""Completed coordinator calls returning newly_executed=false; kept outside primary execution cost"",""known_seconds"":0.15664030000334606,""prior_interruption_known_seconds"":0.0,""recorded_measurements"":1,""unknown_measurements"":0,""unknown_time_imputed"":false}"
050ccafe96e4f173c78b40fe,posterior,cuda-rwm-sequential,1024,2,all_invocations,analyzed,valid,,6.037454100034665,6.037454100034665,"{""attempts_missing_call_return"":0,""complete_seconds"":6.037454100034665,""cost_scope"":""All coordinator calls, including additional verification; operational consumption, not standardized time-to-inference"",""known_seconds"":6.037454100034665,""prior_interruption_known_seconds"":0.0,""recorded_measurements"":2,""unknown_measurements"":0,""unknown_time_imputed"":false}"
de80e7ba6d05095a493ff061,posterior,cuda-rwm-online_picard,1024,0,ordinary_workflow,analyzed,valid,,3.8901319000287913,3.8901319000287913,"{""attempts_missing_call_return"":0,""complete_seconds"":3.8901319000287913,""cost_scope"":""Sum ordinary subprocess creation-through-exit wall over every registered actual attempt; includes ordinary output/diagnostics, excludes outer audit and inter-call waiting"",""known_seconds"":3.8901319000287913,""prior_interruption_known_seconds"":0.0,""recorded_measurements"":1,""unknown_measurements"":0,""unknown_time_imputed"":false}"
de80e7ba6d05095a493ff061,posterior,cuda-rwm-online_picard,1024,0,research_execution,analyzed,valid,,6.094859000004362,6.094859000004362,"{""attempts_missing_call_return"":0,""complete_seconds"":6.094859000004362,""cost_scope"":""Sum all coordinator run/retry calls except completed verification-only returns; includes recorded refusals/recovery/audit/sealing; excludes ledger writes, report observations and inter-call waiting"",""known_seconds"":6.094859000004362,""prior_interruption_known_seconds"":0.0,""recorded_measurements"":1,""unknown_measurements"":0,""unknown_time_imputed"":false}"
de80e7ba6d05095a493ff061,posterior,cuda-rwm-online_picard,1024,0,additional_verification,analyzed,valid,,0.15604970000276808,0.15604970000276808,"{""attempts_missing_call_return"":0,""complete_seconds"":0.15604970000276808,""cost_scope"":""Completed coordinator calls returning newly_executed=false; kept outside primary execution cost"",""known_seconds"":0.15604970000276808,""prior_interruption_known_seconds"":0.0,""recorded_measurements"":1,""unknown_measurements"":0,""unknown_time_imputed"":false}"
de80e7ba6d05095a493ff061,posterior,cuda-rwm-online_picard,1024,0,all_invocations,analyzed,valid,,6.25090870000713,6.25090870000713,"{""attempts_missing_call_return"":0,""complete_seconds"":6.25090870000713,""cost_scope"":""All coordinator calls, including additional verification; operational consumption, not standardized time-to-inference"",""known_seconds"":6.25090870000713,""prior_interruption_known_seconds"":0.0,""recorded_measurements"":2,""unknown_measurements"":0,""unknown_time_imputed"":false}"
12b67d8c11b89117e85cacaf,posterior,cpu-nuts-spawn_chains,1024,4,ordinary_workflow,analyzed,valid,,22.548638900043443,22.548638900043443,"{""attempts_missing_call_return"":0,""complete_seconds"":22.548638900043443,""cost_scope"":""Sum ordinary subprocess creation-through-exit wall over every registered actual attempt; includes ordinary output/diagnostics, excludes outer audit and inter-call waiting"",""known_seconds"":22.548638900043443,""prior_interruption_known_seconds"":0.0,""recorded_measurements"":1,""unknown_measurements"":0,""unknown_time_imputed"":false}"
12b67d8c11b89117e85cacaf,posterior,cpu-nuts-spawn_chains,1024,4,research_execution,analyzed,valid,,24.814466800016817,24.814466800016817,"{""attempts_missing_call_return"":0,""complete_seconds"":24.814466800016817,""cost_scope"":""Sum all coordinator run/retry calls except completed verification-only returns; includes recorded refusals/recovery/audit/sealing; excludes ledger writes, report observations and inter-call waiting"",""known_seconds"":24.814466800016817,""prior_interruption_known_seconds"":0.0,""recorded_measurements"":1,""unknown_measurements"":0,""unknown_time_imputed"":false}"
12b67d8c11b89117e85cacaf,posterior,cpu-nuts-spawn_chains,1024,4,additional_verification,analyzed,valid,,0.1608871999924304,0.1608871999924304,"{""attempts_missing_call_return"":0,""complete_seconds"":0.1608871999924304,""cost_scope"":""Completed coordinator calls returning newly_executed=false; kept outside primary execution cost"",""known_seconds"":0.1608871999924304,""prior_interruption_known_seconds"":0.0,""recorded_measurements"":1,""unknown_measurements"":0,""unknown_time_imputed"":false}"
12b67d8c11b89117e85cacaf,posterior,cpu-nuts-spawn_chains,1024,4,all_invocations,analyzed,valid,,24.975354000009247,24.975354000009247,"{""attempts_missing_call_return"":0,""complete_seconds"":24.975354000009247,""cost_scope"":""All coordinator calls, including additional verification; operational consumption, not standardized time-to-inference"",""known_seconds"":24.975354000009247,""prior_interruption_known_seconds"":0.0,""recorded_measurements"":2,""unknown_measurements"":0,""unknown_time_imputed"":false}"
1ecab477fc718bc0102283dc,posterior,cuda-mala-sequential,1024,6,ordinary_workflow,analyzed,valid,,9.631802499992773,9.631802499992773,"{""attempts_missing_call_return"":0,""complete_seconds"":9.631802499992773,""cost_scope"":""Sum ordinary subprocess creation-through-exit wall over every registered actual attempt; includes ordinary output/diagnostics, excludes outer audit and inter-call waiting"",""known_seconds"":9.631802499992773,""prior_interruption_known_seconds"":0.0,""recorded_measurements"":1,""unknown_measurements"":0,""unknown_time_imputed"":false}"
1ecab477fc718bc0102283dc,posterior,cuda-mala-sequential,1024,6,research_execution,analyzed,valid,,12.061517999973148,12.061517999973148,"{""attempts_missing_call_return"":0,""complete_seconds"":12.061517999973148,""cost_scope"":""Sum all coordinator run/retry calls except completed verification-only returns; includes recorded refusals/recovery/audit/sealing; excludes ledger writes, report observations and inter-call waiting"",""known_seconds"":12.061517999973148,""prior_interruption_known_seconds"":0.0,""recorded_measurements"":1,""unknown_measurements"":0,""unknown_time_imputed"":false}"
1ecab477fc718bc0102283dc,posterior,cuda-mala-sequential,1024,6,additional_verification,analyzed,valid,,0.15830219999770634,0.15830219999770634,"{""attempts_missing_call_return"":0,""complete_seconds"":0.15830219999770634,""cost_scope"":""Completed coordinator calls returning newly_executed=false; kept outside primary execution cost"",""known_seconds"":0.15830219999770634,""prior_interruption_known_seconds"":0.0,""recorded_measurements"":1,""unknown_measurements"":0,""unknown_time_imputed"":false}"
1ecab477fc718bc0102283dc,posterior,cuda-mala-sequential,1024,6,all_invocations,analyzed,valid,,12.219820199970854,12.219820199970854,"{""attempts_missing_call_return"":0,""complete_seconds"":12.219820199970854,""cost_scope"":""All coordinator calls, including additional verification; operational consumption, not standardized time-to-inference"",""known_seconds"":12.219820199970854,""prior_interruption_known_seconds"":0.0,""recorded_measurements"":2,""unknown_measurements"":0,""unknown_time_imputed"":false}"
16079f432e0a9fa6f39480cb,posterior,cpu-mala-quasi_deer,4096,5,ordinary_workflow,analyzed,valid,,23.840815900010057,23.840815900010057,"{""attempts_missing_call_return"":0,""complete_seconds"":23.840815900010057,""cost_scope"":""Sum ordinary subprocess creation-through-exit wall over every registered actual attempt; includes ordinary output/diagnostics, excludes outer audit and inter-call waiting"",""known_seconds"":23.840815900010057,""prior_interruption_known_seconds"":0.0,""recorded_measurements"":1,""unknown_measurements"":0,""unknown_time_imputed"":false}"
16079f432e0a9fa6f39480cb,posterior,cpu-mala-quasi_deer,4096,5,research_execution,analyzed,valid,,26.587063800019678,26.587063800019678,"{""attempts_missing_call_return"":0,""complete_seconds"":26.587063800019678,""cost_scope"":""Sum all coordinator run/retry calls except completed verification-only returns; includes recorded refusals/recovery/audit/sealing; excludes ledger writes, report observations and inter-call waiting"",""known_seconds"":26.587063800019678,""prior_interruption_known_seconds"":0.0,""recorded_measurements"":1,""unknown_measurements"":0,""unknown_time_imputed"":false}"
16079f432e0a9fa6f39480cb,posterior,cpu-mala-quasi_deer,4096,5,additional_verification,analyzed,valid,,0.1597217999951681,0.1597217999951681,"{""attempts_missing_call_return"":0,""complete_seconds"":0.1597217999951681,""cost_scope"":""Completed coordinator calls returning newly_executed=false; kept outside primary execution cost"",""known_seconds"":0.1597217999951681,""prior_interruption_known_seconds"":0.0,""recorded_measurements"":1,""unknown_measurements"":0,""unknown_time_imputed"":false}"
16079f432e0a9fa6f39480cb,posterior,cpu-mala-quasi_deer,4096,5,all_invocations,analyzed,valid,,26.746785600014846,26.746785600014846,"{""attempts_missing_call_return"":0,""complete_seconds"":26.746785600014846,""cost_scope"":""All coordinator calls, including additional verification; operational consumption, not standardized time-to-inference"",""known_seconds"":26.746785600014846,""prior_interruption_known_seconds"":0.0,""recorded_measurements"":2,""unknown_measurements"":0,""unknown_time_imputed"":false}"
33e2ca296a5e8ff170853377,posterior,cpu-mala-quasi_deer,4096,4,ordinary_workflow,analyzed,numerical_failure,,37.00988289999077,37.00988289999077,"{""attempts_missing_call_return"":0,""complete_seconds"":37.00988289999077,""cost_scope"":""Sum ordinary subprocess creation-through-exit wall over every registered actual attempt; includes ordinary output/diagnostics, excludes outer audit and inter-call waiting"",""known_seconds"":37.00988289999077,""prior_interruption_known_seconds"":0.0,""recorded_measurements"":1,""unknown_measurements"":0,""unknown_time_imputed"":false}"
33e2ca296a5e8ff170853377,posterior,cpu-mala-quasi_deer,4096,4,research_execution,analyzed,numerical_failure,,39.72329069999978,39.72329069999978,"{""attempts_missing_call_return"":0,""complete_seconds"":39.72329069999978,""cost_scope"":""Sum all coordinator run/retry calls except completed verification-only returns; includes recorded refusals/recovery/audit/sealing; excludes ledger writes, report observations and inter-call waiting"",""known_seconds"":39.72329069999978,""prior_interruption_known_seconds"":0.0,""recorded_measurements"":1,""unknown_measurements"":0,""unknown_time_imputed"":false}"
33e2ca296a5e8ff170853377,posterior,cpu-mala-quasi_deer,4096,4,additional_verification,analyzed,numerical_failure,,0.17018159999861382,0.17018159999861382,"{""attempts_missing_call_return"":0,""complete_seconds"":0.17018159999861382,""cost_scope"":""Completed coordinator calls returning newly_executed=false; kept outside primary execution cost"",""known_seconds"":0.17018159999861382,""prior_interruption_known_seconds"":0.0,""recorded_measurements"":1,""unknown_measurements"":0,""unknown_time_imputed"":false}"
33e2ca296a5e8ff170853377,posterior,cpu-mala-quasi_deer,4096,4,all_invocations,analyzed,numerical_failure,,39.89347229999839,39.89347229999839,"{""attempts_missing_call_return"":0,""complete_seconds"":39.89347229999839,""cost_scope"":""All coordinator calls, including additional verification; operational consumption, not standardized time-to-inference"",""known_seconds"":39.89347229999839,""prior_interruption_known_seconds"":0.0,""recorded_measurements"":2,""unknown_measurements"":0,""unknown_time_imputed"":false}"
0775bb8fcb8464fea83f2fb4,posterior,cpu-mala-sequential,1024,1,ordinary_workflow,analyzed,valid,,4.635584400035441,4.635584400035441,"{""attempts_missing_call_return"":0,""complete_seconds"":4.635584400035441,""cost_scope"":""Sum ordinary subprocess creation-through-exit wall over every registered actual attempt; includes ordinary output/diagnostics, excludes outer audit and inter-call waiting"",""known_seconds"":4.635584400035441,""prior_interruption_known_seconds"":0.0,""recorded_measurements"":1,""unknown_measurements"":0,""unknown_time_imputed"":false}"
0775bb8fcb8464fea83f2fb4,posterior,cpu-mala-sequential,1024,1,research_execution,analyzed,valid,,6.87662569998065,6.87662569998065,"{""attempts_missing_call_return"":0,""complete_seconds"":6.87662569998065,""cost_scope"":""Sum all coordinator run/retry calls except completed verification-only returns; includes recorded refusals/recovery/audit/sealing; excludes ledger writes, report observations and inter-call waiting"",""known_seconds"":6.87662569998065,""prior_interruption_known_seconds"":0.0,""recorded_measurements"":1,""unknown_measurements"":0,""unknown_time_imputed"":false}"
0775bb8fcb8464fea83f2fb4,posterior,cpu-mala-sequential,1024,1,additional_verification,analyzed,valid,,0.1608732000022428,0.1608732000022428,"{""attempts_missing_call_return"":0,""complete_seconds"":0.1608732000022428,""cost_scope"":""Completed coordinator calls returning newly_executed=false; kept outside primary execution cost"",""known_seconds"":0.1608732000022428,""prior_interruption_known_seconds"":0.0,""recorded_measurements"":1,""unknown_measurements"":0,""unknown_time_imputed"":false}"
0775bb8fcb8464fea83f2fb4,posterior,cpu-mala-sequential,1024,1,all_invocations,analyzed,valid,,7.037498899982893,7.037498899982893,"{""attempts_missing_call_return"":0,""complete_seconds"":7.037498899982893,""cost_scope"":""All coordinator calls, including additional verification; operational consumption, not standardized time-to-inference"",""known_seconds"":7.037498899982893,""prior_interruption_known_seconds"":0.0,""recorded_measurements"":2,""unknown_measurements"":0,""unknown_time_imputed"":false}"
208637d676f07071f37c3f15,posterior,cpu-rwm-online_picard,1024,1,ordinary_workflow,analyzed,valid,,2.6363160999608226,2.6363160999608226,"{""attempts_missing_call_return"":0,""complete_seconds"":2.6363160999608226,""cost_scope"":""Sum ordinary subprocess creation-through-exit wall over every registered actual attempt; includes ordinary output/diagnostics, excludes outer audit and inter-call waiting"",""known_seconds"":2.6363160999608226,""prior_interruption_known_seconds"":0.0,""recorded_measurements"":1,""unknown_measurements"":0,""unknown_time_imputed"":false}"
208637d676f07071f37c3f15,posterior,cpu-rwm-online_picard,1024,1,research_execution,analyzed,valid,,4.945352000009734,4.945352000009734,"{""attempts_missing_call_return"":0,""complete_seconds"":4.945352000009734,""cost_scope"":""Sum all coordinator run/retry calls except completed verification-only returns; includes recorded refusals/recovery/audit/sealing; excludes ledger writes, report observations and inter-call waiting"",""known_seconds"":4.945352000009734,""prior_interruption_known_seconds"":0.0,""recorded_measurements"":1,""unknown_measurements"":0,""unknown_time_imputed"":false}"
208637d676f07071f37c3f15,posterior,cpu-rwm-online_picard,1024,1,additional_verification,analyzed,valid,,0.16119410000101198,0.16119410000101198,"{""attempts_missing_call_return"":0,""complete_seconds"":0.16119410000101198,""cost_scope"":""Completed coordinator calls returning newly_executed=false; kept outside primary execution cost"",""known_seconds"":0.16119410000101198,""prior_interruption_known_seconds"":0.0,""recorded_measurements"":1,""unknown_measurements"":0,""unknown_time_imputed"":false}"
208637d676f07071f37c3f15,posterior,cpu-rwm-online_picard,1024,1,all_invocations,analyzed,valid,,5.106546100010746,5.106546100010746,"{""attempts_missing_call_return"":0,""complete_seconds"":5.106546100010746,""cost_scope"":""All coordinator calls, including additional verification; operational consumption, not standardized time-to-inference"",""known_seconds"":5.106546100010746,""prior_interruption_known_seconds"":0.0,""recorded_measurements"":2,""unknown_measurements"":0,""unknown_time_imputed"":false}"
a00729a9eaf36877979e1dad,posterior,cpu-nuts-spawn_chains,1024,0,ordinary_workflow,analyzed,valid,,20.529167099972256,20.529167099972256,"{""attempts_missing_call_return"":0,""complete_seconds"":20.529167099972256,""cost_scope"":""Sum ordinary subprocess creation-through-exit wall over every registered actual attempt; includes ordinary output/diagnostics, excludes outer audit and inter-call waiting"",""known_seconds"":20.529167099972256,""prior_interruption_known_seconds"":0.0,""recorded_measurements"":1,""unknown_measurements"":0,""unknown_time_imputed"":false}"
a00729a9eaf36877979e1dad,posterior,cpu-nuts-spawn_chains,1024,0,research_execution,analyzed,valid,,22.67435410001781,22.67435410001781,"{""attempts_missing_call_return"":0,""complete_seconds"":22.67435410001781,""cost_scope"":""Sum all coordinator run/retry calls except completed verification-only returns; includes recorded refusals/recovery/audit/sealing; excludes ledger writes, report observations and inter-call waiting"",""known_seconds"":22.67435410001781,""prior_interruption_known_seconds"":0.0,""recorded_measurements"":1,""unknown_measurements"":0,""unknown_time_imputed"":false}"
a00729a9eaf36877979e1dad,posterior,cpu-nuts-spawn_chains,1024,0,additional_verification,analyzed,valid,,0.15971120000176597,0.15971120000176597,"{""attempts_missing_call_return"":0,""complete_seconds"":0.15971120000176597,""cost_scope"":""Completed coordinator calls returning newly_executed=false; kept outside primary execution cost"",""known_seconds"":0.15971120000176597,""prior_interruption_known_seconds"":0.0,""recorded_measurements"":1,""unknown_measurements"":0,""unknown_time_imputed"":false}"
a00729a9eaf36877979e1dad,posterior,cpu-nuts-spawn_chains,1024,0,all_invocations,analyzed,valid,,22.834065300019574,22.834065300019574,"{""attempts_missing_call_return"":0,""complete_seconds"":22.834065300019574,""cost_scope"":""All coordinator calls, including additional verification; operational consumption, not standardized time-to-inference"",""known_seconds"":22.834065300019574,""prior_interruption_known_seconds"":0.0,""recorded_measurements"":2,""unknown_measurements"":0,""unknown_time_imputed"":false}"
1d13e0943fc137c14b757ffa,posterior,cpu-nuts-spawn_chains,4096,3,ordinary_workflow,analyzed,output_failure_unclassified,,111.27916580002056,111.27916580002056,"{""attempts_missing_call_return"":0,""complete_seconds"":111.27916580002056,""cost_scope"":""Sum ordinary subprocess creation-through-exit wall over every registered actual attempt; includes ordinary output/diagnostics, excludes outer audit and inter-call waiting"",""known_seconds"":111.27916580002056,""prior_interruption_known_seconds"":0.0,""recorded_measurements"":1,""unknown_measurements"":0,""unknown_time_imputed"":false}"
1d13e0943fc137c14b757ffa,posterior,cpu-nuts-spawn_chains,4096,3,research_execution,analyzed,output_failure_unclassified,,113.53743840003153,113.53743840003153,"{""attempts_missing_call_return"":0,""complete_seconds"":113.53743840003153,""cost_scope"":""Sum all coordinator run/retry calls except completed verification-only returns; includes recorded refusals/recovery/audit/sealing; excludes ledger writes, report observations and inter-call waiting"",""known_seconds"":113.53743840003153,""prior_interruption_known_seconds"":0.0,""recorded_measurements"":1,""unknown_measurements"":0,""unknown_time_imputed"":false}"
1d13e0943fc137c14b757ffa,posterior,cpu-nuts-spawn_chains,4096,3,additional_verification,analyzed,output_failure_unclassified,,0.16145659999165218,0.16145659999165218,"{""attempts_missing_call_return"":0,""complete_seconds"":0.16145659999165218,""cost_scope"":""Completed coordinator calls returning newly_executed=false; kept outside primary execution cost"",""known_seconds"":0.16145659999165218,""prior_interruption_known_seconds"":0.0,""recorded_measurements"":1,""unknown_measurements"":0,""unknown_time_imputed"":false}"
1d13e0943fc137c14b757ffa,posterior,cpu-nuts-spawn_chains,4096,3,all_invocations,analyzed,output_failure_unclassified,,113.69889500002319,113.69889500002319,"{""attempts_missing_call_return"":0,""complete_seconds"":113.69889500002319,""cost_scope"":""All coordinator calls, including additional verification; operational consumption, not standardized time-to-inference"",""known_seconds"":113.69889500002319,""prior_interruption_known_seconds"":0.0,""recorded_measurements"":2,""unknown_measurements"":0,""unknown_time_imputed"":false}"
6c2e169cfcc0fb35539df843,posterior,cpu-rwm-online_picard,1024,5,ordinary_workflow,analyzed,valid,,2.695369799970649,2.695369799970649,"{""attempts_missing_call_return"":0,""complete_seconds"":2.695369799970649,""cost_scope"":""Sum ordinary subprocess creation-through-exit wall over every registered actual attempt; includes ordinary output/diagnostics, excludes outer audit and inter-call waiting"",""known_seconds"":2.695369799970649,""prior_interruption_known_seconds"":0.0,""recorded_measurements"":1,""unknown_measurements"":0,""unknown_time_imputed"":false}"
6c2e169cfcc0fb35539df843,posterior,cpu-rwm-online_picard,1024,5,research_execution,analyzed,valid,,4.920303600025363,4.920303600025363,"{""attempts_missing_call_return"":0,""complete_seconds"":4.920303600025363,""cost_scope"":""Sum all coordinator run/retry calls except completed verification-only returns; includes recorded refusals/recovery/audit/sealing; excludes ledger writes, report observations and inter-call waiting"",""known_seconds"":4.920303600025363,""prior_interruption_known_seconds"":0.0,""recorded_measurements"":1,""unknown_measurements"":0,""unknown_time_imputed"":false}"
6c2e169cfcc0fb35539df843,posterior,cpu-rwm-online_picard,1024,5,additional_verification,analyzed,valid,,0.16232879999733996,0.16232879999733996,"{""attempts_missing_call_return"":0,""complete_seconds"":0.16232879999733996,""cost_scope"":""Completed coordinator calls returning newly_executed=false; kept outside primary execution cost"",""known_seconds"":0.16232879999733996,""prior_interruption_known_seconds"":0.0,""recorded_measurements"":1,""unknown_measurements"":0,""unknown_time_imputed"":false}"
6c2e169cfcc0fb35539df843,posterior,cpu-rwm-online_picard,1024,5,all_invocations,analyzed,valid,,5.082632400022703,5.082632400022703,"{""attempts_missing_call_return"":0,""complete_seconds"":5.082632400022703,""cost_scope"":""All coordinator calls, including additional verification; operational consumption, not standardized time-to-inference"",""known_seconds"":5.082632400022703,""prior_interruption_known_seconds"":0.0,""recorded_measurements"":2,""unknown_measurements"":0,""unknown_time_imputed"":false}"
972de2d93dfdf4ea03c33e15,posterior,cuda-mala-sequential,1024,0,ordinary_workflow,analyzed,valid,,8.674287200032268,8.674287200032268,"{""attempts_missing_call_return"":0,""complete_seconds"":8.674287200032268,""cost_scope"":""Sum ordinary subprocess creation-through-exit wall over every registered actual attempt; includes ordinary output/diagnostics, excludes outer audit and inter-call waiting"",""known_seconds"":8.674287200032268,""prior_interruption_known_seconds"":0.0,""recorded_measurements"":1,""unknown_measurements"":0,""unknown_time_imputed"":false}"
972de2d93dfdf4ea03c33e15,posterior,cuda-mala-sequential,1024,0,research_execution,analyzed,valid,,11.0025927000097,11.0025927000097,"{""attempts_missing_call_return"":0,""complete_seconds"":11.0025927000097,""cost_scope"":""Sum all coordinator run/retry calls except completed verification-only returns; includes recorded refusals/recovery/audit/sealing; excludes ledger writes, report observations and inter-call waiting"",""known_seconds"":11.0025927000097,""prior_interruption_known_seconds"":0.0,""recorded_measurements"":1,""unknown_measurements"":0,""unknown_time_imputed"":false}"
972de2d93dfdf4ea03c33e15,posterior,cuda-mala-sequential,1024,0,additional_verification,analyzed,valid,,0.16124240000499412,0.16124240000499412,"{""attempts_missing_call_return"":0,""complete_seconds"":0.16124240000499412,""cost_scope"":""Completed coordinator calls returning newly_executed=false; kept outside primary execution cost"",""known_seconds"":0.16124240000499412,""prior_interruption_known_seconds"":0.0,""recorded_measurements"":1,""unknown_measurements"":0,""unknown_time_imputed"":false}"
972de2d93dfdf4ea03c33e15,posterior,cuda-mala-sequential,1024,0,all_invocations,analyzed,valid,,11.163835100014694,11.163835100014694,"{""attempts_missing_call_return"":0,""complete_seconds"":11.163835100014694,""cost_scope"":""All coordinator calls, including additional verification; operational consumption, not standardized time-to-inference"",""known_seconds"":11.163835100014694,""prior_interruption_known_seconds"":0.0,""recorded_measurements"":2,""unknown_measurements"":0,""unknown_time_imputed"":false}"
ed7aba1e89976e391399ff97,posterior,cpu-mala-quasi_deer,1024,4,ordinary_workflow,analyzed,numerical_failure,,14.409296999976505,14.409296999976505,"{""attempts_missing_call_return"":0,""complete_seconds"":14.409296999976505,""cost_scope"":""Sum ordinary subprocess creation-through-exit wall over every registered actual attempt; includes ordinary output/diagnostics, excludes outer audit and inter-call waiting"",""known_seconds"":14.409296999976505,""prior_interruption_known_seconds"":0.0,""recorded_measurements"":1,""unknown_measurements"":0,""unknown_time_imputed"":false}"
ed7aba1e89976e391399ff97,posterior,cpu-mala-quasi_deer,1024,4,research_execution,analyzed,numerical_failure,,16.735124200000428,16.735124200000428,"{""attempts_missing_call_return"":0,""complete_seconds"":16.735124200000428,""cost_scope"":""Sum all coordinator run/retry calls except completed verification-only returns; includes recorded refusals/recovery/audit/sealing; excludes ledger writes, report observations and inter-call waiting"",""known_seconds"":16.735124200000428,""prior_interruption_known_seconds"":0.0,""recorded_measurements"":1,""unknown_measurements"":0,""unknown_time_imputed"":false}"
ed7aba1e89976e391399ff97,posterior,cpu-mala-quasi_deer,1024,4,additional_verification,analyzed,numerical_failure,,0.15869440000096802,0.15869440000096802,"{""attempts_missing_call_return"":0,""complete_seconds"":0.15869440000096802,""cost_scope"":""Completed coordinator calls returning newly_executed=false; kept outside primary execution cost"",""known_seconds"":0.15869440000096802,""prior_interruption_known_seconds"":0.0,""recorded_measurements"":1,""unknown_measurements"":0,""unknown_time_imputed"":false}"
ed7aba1e89976e391399ff97,posterior,cpu-mala-quasi_deer,1024,4,all_invocations,analyzed,numerical_failure,,16.893818600001396,16.893818600001396,"{""attempts_missing_call_return"":0,""complete_seconds"":16.893818600001396,""cost_scope"":""All coordinator calls, including additional verification; operational consumption, not standardized time-to-inference"",""known_seconds"":16.893818600001396,""prior_interruption_known_seconds"":0.0,""recorded_measurements"":2,""unknown_measurements"":0,""unknown_time_imputed"":false}"
6eb6309df8afed922566a75f,posterior,cuda-rwm-online_picard,1024,7,ordinary_workflow,analyzed,valid,,3.96609579998767,3.96609579998767,"{""attempts_missing_call_return"":0,""complete_seconds"":3.96609579998767,""cost_scope"":""Sum ordinary subprocess creation-through-exit wall over every registered actual attempt; includes ordinary output/diagnostics, excludes outer audit and inter-call waiting"",""known_seconds"":3.96609579998767,""prior_interruption_known_seconds"":0.0,""recorded_measurements"":1,""unknown_measurements"":0,""unknown_time_imputed"":false}"
6eb6309df8afed922566a75f,posterior,cuda-rwm-online_picard,1024,7,research_execution,analyzed,valid,,6.283882199961226,6.283882199961226,"{""attempts_missing_call_return"":0,""complete_seconds"":6.283882199961226,""cost_scope"":""Sum all coordinator run/retry calls except completed verification-only returns; includes recorded refusals/recovery/audit/sealing; excludes ledger writes, report observations and inter-call waiting"",""known_seconds"":6.283882199961226,""prior_interruption_known_seconds"":0.0,""recorded_measurements"":1,""unknown_measurements"":0,""unknown_time_imputed"":false}"
6eb6309df8afed922566a75f,posterior,cuda-rwm-online_picard,1024,7,additional_verification,analyzed,valid,,0.16184630000498146,0.16184630000498146,"{""attempts_missing_call_return"":0,""complete_seconds"":0.16184630000498146,""cost_scope"":""Completed coordinator calls returning newly_executed=false; kept outside primary execution cost"",""known_seconds"":0.16184630000498146,""prior_interruption_known_seconds"":0.0,""recorded_measurements"":1,""unknown_measurements"":0,""unknown_time_imputed"":false}"
6eb6309df8afed922566a75f,posterior,cuda-rwm-online_picard,1024,7,all_invocations,analyzed,valid,,6.445728499966208,6.445728499966208,"{""attempts_missing_call_return"":0,""complete_seconds"":6.445728499966208,""cost_scope"":""All coordinator calls, including additional verification; operational consumption, not standardized time-to-inference"",""known_seconds"":6.445728499966208,""prior_interruption_known_seconds"":0.0,""recorded_measurements"":2,""unknown_measurements"":0,""unknown_time_imputed"":false}"
8cbf862d3ea95a1f69ff85e8,posterior,cpu-rwm-online_picard,4096,5,ordinary_workflow,analyzed,valid,,3.9099286000127904,3.9099286000127904,"{""attempts_missing_call_return"":0,""complete_seconds"":3.9099286000127904,""cost_scope"":""Sum ordinary subprocess creation-through-exit wall over every registered actual attempt; includes ordinary output/diagnostics, excludes outer audit and inter-call waiting"",""known_seconds"":3.9099286000127904,""prior_interruption_known_seconds"":0.0,""recorded_measurements"":1,""unknown_measurements"":0,""unknown_time_imputed"":false}"
8cbf862d3ea95a1f69ff85e8,posterior,cpu-rwm-online_picard,4096,5,research_execution,analyzed,valid,,6.244959700037725,6.244959700037725,"{""attempts_missing_call_return"":0,""complete_seconds"":6.244959700037725,""cost_scope"":""Sum all coordinator run/retry calls except completed verification-only returns; includes recorded refusals/recovery/audit/sealing; excludes ledger writes, report observations and inter-call waiting"",""known_seconds"":6.244959700037725,""prior_interruption_known_seconds"":0.0,""recorded_measurements"":1,""unknown_measurements"":0,""unknown_time_imputed"":false}"
8cbf862d3ea95a1f69ff85e8,posterior,cpu-rwm-online_picard,4096,5,additional_verification,analyzed,valid,,0.15905950000160374,0.15905950000160374,"{""attempts_missing_call_return"":0,""complete_seconds"":0.15905950000160374,""cost_scope"":""Completed coordinator calls returning newly_executed=false; kept outside primary execution cost"",""known_seconds"":0.15905950000160374,""prior_interruption_known_seconds"":0.0,""recorded_measurements"":1,""unknown_measurements"":0,""unknown_time_imputed"":false}"
8cbf862d3ea95a1f69ff85e8,posterior,cpu-rwm-online_picard,4096,5,all_invocations,analyzed,valid,,6.404019200039329,6.404019200039329,"{""attempts_missing_call_return"":0,""complete_seconds"":6.404019200039329,""cost_scope"":""All coordinator calls, including additional verification; operational consumption, not standardized time-to-inference"",""known_seconds"":6.404019200039329,""prior_interruption_known_seconds"":0.0,""recorded_measurements"":2,""unknown_measurements"":0,""unknown_time_imputed"":false}"
7915036d0e308c7914a48199,posterior,cuda-mala-sequential,1024,3,ordinary_workflow,analyzed,valid,,9.608082899998408,9.608082899998408,"{""attempts_missing_call_return"":0,""complete_seconds"":9.608082899998408,""cost_scope"":""Sum ordinary subprocess creation-through-exit wall over every registered actual attempt; includes ordinary output/diagnostics, excludes outer audit and inter-call waiting"",""known_seconds"":9.608082899998408,""prior_interruption_known_seconds"":0.0,""recorded_measurements"":1,""unknown_measurements"":0,""unknown_time_imputed"":false}"
7915036d0e308c7914a48199,posterior,cuda-mala-sequential,1024,3,research_execution,analyzed,valid,,11.97228309995262,11.97228309995262,"{""attempts_missing_call_return"":0,""complete_seconds"":11.97228309995262,""cost_scope"":""Sum all coordinator run/retry calls except completed verification-only returns; includes recorded refusals/recovery/audit/sealing; excludes ledger writes, report observations and inter-call waiting"",""known_seconds"":11.97228309995262,""prior_interruption_known_seconds"":0.0,""recorded_measurements"":1,""unknown_measurements"":0,""unknown_time_imputed"":false}"
7915036d0e308c7914a48199,posterior,cuda-mala-sequential,1024,3,additional_verification,analyzed,valid,,0.15989139999146573,0.15989139999146573,"{""attempts_missing_call_return"":0,""complete_seconds"":0.15989139999146573,""cost_scope"":""Completed coordinator calls returning newly_executed=false; kept outside primary execution cost"",""known_seconds"":0.15989139999146573,""prior_interruption_known_seconds"":0.0,""recorded_measurements"":1,""unknown_measurements"":0,""unknown_time_imputed"":false}"
7915036d0e308c7914a48199,posterior,cuda-mala-sequential,1024,3,all_invocations,analyzed,valid,,12.132174499944085,12.132174499944085,"{""attempts_missing_call_return"":0,""complete_seconds"":12.132174499944085,""cost_scope"":""All coordinator calls, including additional verification; operational consumption, not standardized time-to-inference"",""known_seconds"":12.132174499944085,""prior_interruption_known_seconds"":0.0,""recorded_measurements"":2,""unknown_measurements"":0,""unknown_time_imputed"":false}"
e4b02f251908c63c78ad0e8c,posterior,cuda-mala-sequential,4096,0,ordinary_workflow,analyzed,valid,,21.89364830002887,21.89364830002887,"{""attempts_missing_call_return"":0,""complete_seconds"":21.89364830002887,""cost_scope"":""Sum ordinary subprocess creation-through-exit wall over every registered actual attempt; includes ordinary output/diagnostics, excludes outer audit and inter-call waiting"",""known_seconds"":21.89364830002887,""prior_interruption_known_seconds"":0.0,""recorded_measurements"":1,""unknown_measurements"":0,""unknown_time_imputed"":false}"
e4b02f251908c63c78ad0e8c,posterior,cuda-mala-sequential,4096,0,research_execution,analyzed,valid,,24.724261499999557,24.724261499999557,"{""attempts_missing_call_return"":0,""complete_seconds"":24.724261499999557,""cost_scope"":""Sum all coordinator run/retry calls except completed verification-only returns; includes recorded refusals/recovery/audit/sealing; excludes ledger writes, report observations and inter-call waiting"",""known_seconds"":24.724261499999557,""prior_interruption_known_seconds"":0.0,""recorded_measurements"":1,""unknown_measurements"":0,""unknown_time_imputed"":false}"
e4b02f251908c63c78ad0e8c,posterior,cuda-mala-sequential,4096,0,additional_verification,analyzed,valid,,0.15831830000388436,0.15831830000388436,"{""attempts_missing_call_return"":0,""complete_seconds"":0.15831830000388436,""cost_scope"":""Completed coordinator calls returning newly_executed=false; kept outside primary execution cost"",""known_seconds"":0.15831830000388436,""prior_interruption_known_seconds"":0.0,""recorded_measurements"":1,""unknown_measurements"":0,""unknown_time_imputed"":false}"
e4b02f251908c63c78ad0e8c,posterior,cuda-mala-sequential,4096,0,all_invocations,analyzed,valid,,24.88257980000344,24.88257980000344,"{""attempts_missing_call_return"":0,""complete_seconds"":24.88257980000344,""cost_scope"":""All coordinator calls, including additional verification; operational consumption, not standardized time-to-inference"",""known_seconds"":24.88257980000344,""prior_interruption_known_seconds"":0.0,""recorded_measurements"":2,""unknown_measurements"":0,""unknown_time_imputed"":false}"
274fc3d8590460e553d3ae63,posterior,cuda-mala-sequential,4096,5,ordinary_workflow,analyzed,valid,,21.94669630000135,21.94669630000135,"{""attempts_missing_call_return"":0,""complete_seconds"":21.94669630000135,""cost_scope"":""Sum ordinary subprocess creation-through-exit wall over every registered actual attempt; includes ordinary output/diagnostics, excludes outer audit and inter-call waiting"",""known_seconds"":21.94669630000135,""prior_interruption_known_seconds"":0.0,""recorded_measurements"":1,""unknown_measurements"":0,""unknown_time_imputed"":false}"
274fc3d8590460e553d3ae63,posterior,cuda-mala-sequential,4096,5,research_execution,analyzed,valid,,24.741999500023667,24.741999500023667,"{""attempts_missing_call_return"":0,""complete_seconds"":24.741999500023667,""cost_scope"":""Sum all coordinator run/retry calls except completed verification-only returns; includes recorded refusals/recovery/audit/sealing; excludes ledger writes, report observations and inter-call waiting"",""known_seconds"":24.741999500023667,""prior_interruption_known_seconds"":0.0,""recorded_measurements"":1,""unknown_measurements"":0,""unknown_time_imputed"":false}"
274fc3d8590460e553d3ae63,posterior,cuda-mala-sequential,4096,5,additional_verification,analyzed,valid,,0.15724159999808762,0.15724159999808762,"{""attempts_missing_call_return"":0,""complete_seconds"":0.15724159999808762,""cost_scope"":""Completed coordinator calls returning newly_executed=false; kept outside primary execution cost"",""known_seconds"":0.15724159999808762,""prior_interruption_known_seconds"":0.0,""recorded_measurements"":1,""unknown_measurements"":0,""unknown_time_imputed"":false}"
274fc3d8590460e553d3ae63,posterior,cuda-mala-sequential,4096,5,all_invocations,analyzed,valid,,24.899241100021754,24.899241100021754,"{""attempts_missing_call_return"":0,""complete_seconds"":24.899241100021754,""cost_scope"":""All coordinator calls, including additional verification; operational consumption, not standardized time-to-inference"",""known_seconds"":24.899241100021754,""prior_interruption_known_seconds"":0.0,""recorded_measurements"":2,""unknown_measurements"":0,""unknown_time_imputed"":false}"
3bc20409e98cc0c3f50069c4,posterior,cpu-rwm-sequential,4096,5,ordinary_workflow,analyzed,valid,,3.4017644000123255,3.4017644000123255,"{""attempts_missing_call_return"":0,""complete_seconds"":3.4017644000123255,""cost_scope"":""Sum ordinary subprocess creation-through-exit wall over every registered actual attempt; includes ordinary output/diagnostics, excludes outer audit and inter-call waiting"",""known_seconds"":3.4017644000123255,""prior_interruption_known_seconds"":0.0,""recorded_measurements"":1,""unknown_measurements"":0,""unknown_time_imputed"":false}"
3bc20409e98cc0c3f50069c4,posterior,cpu-rwm-sequential,4096,5,research_execution,analyzed,valid,,5.791596899973229,5.791596899973229,"{""attempts_missing_call_return"":0,""complete_seconds"":5.791596899973229,""cost_scope"":""Sum all coordinator run/retry calls except completed verification-only returns; includes recorded refusals/recovery/audit/sealing; excludes ledger writes, report observations and inter-call waiting"",""known_seconds"":5.791596899973229,""prior_interruption_known_seconds"":0.0,""recorded_measurements"":1,""unknown_measurements"":0,""unknown_time_imputed"":false}"
3bc20409e98cc0c3f50069c4,posterior,cpu-rwm-sequential,4096,5,additional_verification,analyzed,valid,,0.1621626000123797,0.1621626000123797,"{""attempts_missing_call_return"":0,""complete_seconds"":0.1621626000123797,""cost_scope"":""Completed coordinator calls returning newly_executed=false; kept outside primary execution cost"",""known_seconds"":0.1621626000123797,""prior_interruption_known_seconds"":0.0,""recorded_measurements"":1,""unknown_measurements"":0,""unknown_time_imputed"":false}"
3bc20409e98cc0c3f50069c4,posterior,cpu-rwm-sequential,4096,5,all_invocations,analyzed,valid,,5.953759499985608,5.953759499985608,"{""attempts_missing_call_return"":0,""complete_seconds"":5.953759499985608,""cost_scope"":""All coordinator calls, including additional verification; operational consumption, not standardized time-to-inference"",""known_seconds"":5.953759499985608,""prior_interruption_known_seconds"":0.0,""recorded_measurements"":2,""unknown_measurements"":0,""unknown_time_imputed"":false}"
b2de43049ceb237738cbce27,posterior,cpu-rwm-online_picard,1024,7,ordinary_workflow,analyzed,valid,,2.695569100033026,2.695569100033026,"{""attempts_missing_call_return"":0,""complete_seconds"":2.695569100033026,""cost_scope"":""Sum ordinary subprocess creation-through-exit wall over every registered actual attempt; includes ordinary output/diagnostics, excludes outer audit and inter-call waiting"",""known_seconds"":2.695569100033026,""prior_interruption_known_seconds"":0.0,""recorded_measurements"":1,""unknown_measurements"":0,""unknown_time_imputed"":false}"
b2de43049ceb237738cbce27,posterior,cpu-rwm-online_picard,1024,7,research_execution,analyzed,valid,,4.919412299990654,4.919412299990654,"{""attempts_missing_call_return"":0,""complete_seconds"":4.919412299990654,""cost_scope"":""Sum all coordinator run/retry calls except completed verification-only returns; includes recorded refusals/recovery/audit/sealing; excludes ledger writes, report observations and inter-call waiting"",""known_seconds"":4.919412299990654,""prior_interruption_known_seconds"":0.0,""recorded_measurements"":1,""unknown_measurements"":0,""unknown_time_imputed"":false}"
b2de43049ceb237738cbce27,posterior,cpu-rwm-online_picard,1024,7,additional_verification,analyzed,valid,,0.1590587999962736,0.1590587999962736,"{""attempts_missing_call_return"":0,""complete_seconds"":0.1590587999962736,""cost_scope"":""Completed coordinator calls returning newly_executed=false; kept outside primary execution cost"",""known_seconds"":0.1590587999962736,""prior_interruption_known_seconds"":0.0,""recorded_measurements"":1,""unknown_measurements"":0,""unknown_time_imputed"":false}"
b2de43049ceb237738cbce27,posterior,cpu-rwm-online_picard,1024,7,all_invocations,analyzed,valid,,5.078471099986928,5.078471099986928,"{""attempts_missing_call_return"":0,""complete_seconds"":5.078471099986928,""cost_scope"":""All coordinator calls, including additional verification; operational consumption, not standardized time-to-inference"",""known_seconds"":5.078471099986928,""prior_interruption_known_seconds"":0.0,""recorded_measurements"":2,""unknown_measurements"":0,""unknown_time_imputed"":false}"
bfd6ed51bb4aec3d41174fed,posterior,cuda-rwm-sequential,1024,6,ordinary_workflow,analyzed,valid,,3.7586771000060253,3.7586771000060253,"{""attempts_missing_call_return"":0,""complete_seconds"":3.7586771000060253,""cost_scope"":""Sum ordinary subprocess creation-through-exit wall over every registered actual attempt; includes ordinary output/diagnostics, excludes outer audit and inter-call waiting"",""known_seconds"":3.7586771000060253,""prior_interruption_known_seconds"":0.0,""recorded_measurements"":1,""unknown_measurements"":0,""unknown_time_imputed"":false}"
bfd6ed51bb4aec3d41174fed,posterior,cuda-rwm-sequential,1024,6,research_execution,analyzed,valid,,6.020018199982587,6.020018199982587,"{""attempts_missing_call_return"":0,""complete_seconds"":6.020018199982587,""cost_scope"":""Sum all coordinator run/retry calls except completed verification-only returns; includes recorded refusals/recovery/audit/sealing; excludes ledger writes, report observations and inter-call waiting"",""known_seconds"":6.020018199982587,""prior_interruption_known_seconds"":0.0,""recorded_measurements"":1,""unknown_measurements"":0,""unknown_time_imputed"":false}"
bfd6ed51bb4aec3d41174fed,posterior,cuda-rwm-sequential,1024,6,additional_verification,analyzed,valid,,0.1584071999968728,0.1584071999968728,"{""attempts_missing_call_return"":0,""complete_seconds"":0.1584071999968728,""cost_scope"":""Completed coordinator calls returning newly_executed=false; kept outside primary execution cost"",""known_seconds"":0.1584071999968728,""prior_interruption_known_seconds"":0.0,""recorded_measurements"":1,""unknown_measurements"":0,""unknown_time_imputed"":false}"
bfd6ed51bb4aec3d41174fed,posterior,cuda-rwm-sequential,1024,6,all_invocations,analyzed,valid,,6.17842539997946,6.17842539997946,"{""attempts_missing_call_return"":0,""complete_seconds"":6.17842539997946,""cost_scope"":""All coordinator calls, including additional verification; operational consumption, not standardized time-to-inference"",""known_seconds"":6.17842539997946,""prior_interruption_known_seconds"":0.0,""recorded_measurements"":2,""unknown_measurements"":0,""unknown_time_imputed"":false}"
2dc89e689951fd517bb666fc,posterior,cpu-rwm-online_picard,1024,6,ordinary_workflow,analyzed,valid,,2.662226799991913,2.662226799991913,"{""attempts_missing_call_return"":0,""complete_seconds"":2.662226799991913,""cost_scope"":""Sum ordinary subprocess creation-through-exit wall over every registered actual attempt; includes ordinary output/diagnostics, excludes outer audit and inter-call waiting"",""known_seconds"":2.662226799991913,""prior_interruption_known_seconds"":0.0,""recorded_measurements"":1,""unknown_measurements"":0,""unknown_time_imputed"":false}"
2dc89e689951fd517bb666fc,posterior,cpu-rwm-online_picard,1024,6,research_execution,analyzed,valid,,4.75724279996939,4.75724279996939,"{""attempts_missing_call_return"":0,""complete_seconds"":4.75724279996939,""cost_scope"":""Sum all coordinator run/retry calls except completed verification-only returns; includes recorded refusals/recovery/audit/sealing; excludes ledger writes, report observations and inter-call waiting"",""known_seconds"":4.75724279996939,""prior_interruption_known_seconds"":0.0,""recorded_measurements"":1,""unknown_measurements"":0,""unknown_time_imputed"":false}"
2dc89e689951fd517bb666fc,posterior,cpu-rwm-online_picard,1024,6,additional_verification,analyzed,valid,,0.16652359999716282,0.16652359999716282,"{""attempts_missing_call_return"":0,""complete_seconds"":0.16652359999716282,""cost_scope"":""Completed coordinator calls returning newly_executed=false; kept outside primary execution cost"",""known_seconds"":0.16652359999716282,""prior_interruption_known_seconds"":0.0,""recorded_measurements"":1,""unknown_measurements"":0,""unknown_time_imputed"":false}"
2dc89e689951fd517bb666fc,posterior,cpu-rwm-online_picard,1024,6,all_invocations,analyzed,valid,,4.923766399966553,4.923766399966553,"{""attempts_missing_call_return"":0,""complete_seconds"":4.923766399966553,""cost_scope"":""All coordinator calls, including additional verification; operational consumption, not standardized time-to-inference"",""known_seconds"":4.923766399966553,""prior_interruption_known_seconds"":0.0,""recorded_measurements"":2,""unknown_measurements"":0,""unknown_time_imputed"":false}"
bf3da32b32168d06a6d8c806,posterior,cuda-rwm-sequential,4096,6,ordinary_workflow,analyzed,valid,,7.034528699994553,7.034528699994553,"{""attempts_missing_call_return"":0,""complete_seconds"":7.034528699994553,""cost_scope"":""Sum ordinary subprocess creation-through-exit wall over every registered actual attempt; includes ordinary output/diagnostics, excludes outer audit and inter-call waiting"",""known_seconds"":7.034528699994553,""prior_interruption_known_seconds"":0.0,""recorded_measurements"":1,""unknown_measurements"":0,""unknown_time_imputed"":false}"
bf3da32b32168d06a6d8c806,posterior,cuda-rwm-sequential,4096,6,research_execution,analyzed,valid,,9.41554219997488,9.41554219997488,"{""attempts_missing_call_return"":0,""complete_seconds"":9.41554219997488,""cost_scope"":""Sum all coordinator run/retry calls except completed verification-only returns; includes recorded refusals/recovery/audit/sealing; excludes ledger writes, report observations and inter-call waiting"",""known_seconds"":9.41554219997488,""prior_interruption_known_seconds"":0.0,""recorded_measurements"":1,""unknown_measurements"":0,""unknown_time_imputed"":false}"
bf3da32b32168d06a6d8c806,posterior,cuda-rwm-sequential,4096,6,additional_verification,analyzed,valid,,0.15545380000548903,0.15545380000548903,"{""attempts_missing_call_return"":0,""complete_seconds"":0.15545380000548903,""cost_scope"":""Completed coordinator calls returning newly_executed=false; kept outside primary execution cost"",""known_seconds"":0.15545380000548903,""prior_interruption_known_seconds"":0.0,""recorded_measurements"":1,""unknown_measurements"":0,""unknown_time_imputed"":false}"
bf3da32b32168d06a6d8c806,posterior,cuda-rwm-sequential,4096,6,all_invocations,analyzed,valid,,9.570995999980369,9.570995999980369,"{""attempts_missing_call_return"":0,""complete_seconds"":9.570995999980369,""cost_scope"":""All coordinator calls, including additional verification; operational consumption, not standardized time-to-inference"",""known_seconds"":9.570995999980369,""prior_interruption_known_seconds"":0.0,""recorded_measurements"":2,""unknown_measurements"":0,""unknown_time_imputed"":false}"
c6f2a5cdbf512d24c16c32ae,posterior,cpu-mala-quasi_deer,4096,3,ordinary_workflow,analyzed,numerical_failure,,35.72289080003975,35.72289080003975,"{""attempts_missing_call_return"":0,""complete_seconds"":35.72289080003975,""cost_scope"":""Sum ordinary subprocess creation-through-exit wall over every registered actual attempt; includes ordinary output/diagnostics, excludes outer audit and inter-call waiting"",""known_seconds"":35.72289080003975,""prior_interruption_known_seconds"":0.0,""recorded_measurements"":1,""unknown_measurements"":0,""unknown_time_imputed"":false}"
c6f2a5cdbf512d24c16c32ae,posterior,cpu-mala-quasi_deer,4096,3,research_execution,analyzed,numerical_failure,,38.40308149997145,38.40308149997145,"{""attempts_missing_call_return"":0,""complete_seconds"":38.40308149997145,""cost_scope"":""Sum all coordinator run/retry calls except completed verification-only returns; includes recorded refusals/recovery/audit/sealing; excludes ledger writes, report observations and inter-call waiting"",""known_seconds"":38.40308149997145,""prior_interruption_known_seconds"":0.0,""recorded_measurements"":1,""unknown_measurements"":0,""unknown_time_imputed"":false}"
c6f2a5cdbf512d24c16c32ae,posterior,cpu-mala-quasi_deer,4096,3,additional_verification,analyzed,numerical_failure,,0.16204070000094362,0.16204070000094362,"{""attempts_missing_call_return"":0,""complete_seconds"":0.16204070000094362,""cost_scope"":""Completed coordinator calls returning newly_executed=false; kept outside primary execution cost"",""known_seconds"":0.16204070000094362,""prior_interruption_known_seconds"":0.0,""recorded_measurements"":1,""unknown_measurements"":0,""unknown_time_imputed"":false}"
c6f2a5cdbf512d24c16c32ae,posterior,cpu-mala-quasi_deer,4096,3,all_invocations,analyzed,numerical_failure,,38.56512219997239,38.56512219997239,"{""attempts_missing_call_return"":0,""complete_seconds"":38.56512219997239,""cost_scope"":""All coordinator calls, including additional verification; operational consumption, not standardized time-to-inference"",""known_seconds"":38.56512219997239,""prior_interruption_known_seconds"":0.0,""recorded_measurements"":2,""unknown_measurements"":0,""unknown_time_imputed"":false}"
786dc342b7a56d146e1b3812,posterior,cuda-mala-quasi_deer,4096,3,ordinary_workflow,analyzed,numerical_failure,,77.37510489998385,77.37510489998385,"{""attempts_missing_call_return"":0,""complete_seconds"":77.37510489998385,""cost_scope"":""Sum ordinary subprocess creation-through-exit wall over every registered actual attempt; includes ordinary output/diagnostics, excludes outer audit and inter-call waiting"",""known_seconds"":77.37510489998385,""prior_interruption_known_seconds"":0.0,""recorded_measurements"":1,""unknown_measurements"":0,""unknown_time_imputed"":false}"
786dc342b7a56d146e1b3812,posterior,cuda-mala-quasi_deer,4096,3,research_execution,analyzed,numerical_failure,,80.22356860002037,80.22356860002037,"{""attempts_missing_call_return"":0,""complete_seconds"":80.22356860002037,""cost_scope"":""Sum all coordinator run/retry calls except completed verification-only returns; includes recorded refusals/recovery/audit/sealing; excludes ledger writes, report observations and inter-call waiting"",""known_seconds"":80.22356860002037,""prior_interruption_known_seconds"":0.0,""recorded_measurements"":1,""unknown_measurements"":0,""unknown_time_imputed"":false}"
786dc342b7a56d146e1b3812,posterior,cuda-mala-quasi_deer,4096,3,additional_verification,analyzed,numerical_failure,,0.16405700000177603,0.16405700000177603,"{""attempts_missing_call_return"":0,""complete_seconds"":0.16405700000177603,""cost_scope"":""Completed coordinator calls returning newly_executed=false; kept outside primary execution cost"",""known_seconds"":0.16405700000177603,""prior_interruption_known_seconds"":0.0,""recorded_measurements"":1,""unknown_measurements"":0,""unknown_time_imputed"":false}"
786dc342b7a56d146e1b3812,posterior,cuda-mala-quasi_deer,4096,3,all_invocations,analyzed,numerical_failure,,80.38762560002215,80.38762560002215,"{""attempts_missing_call_return"":0,""complete_seconds"":80.38762560002215,""cost_scope"":""All coordinator calls, including additional verification; operational consumption, not standardized time-to-inference"",""known_seconds"":80.38762560002215,""prior_interruption_known_seconds"":0.0,""recorded_measurements"":2,""unknown_measurements"":0,""unknown_time_imputed"":false}"
ff8bfd479e05fb65d06ffd00,posterior,cpu-rwm-online_picard,1024,3,ordinary_workflow,analyzed,valid,,2.6685252000461332,2.6685252000461332,"{""attempts_missing_call_return"":0,""complete_seconds"":2.6685252000461332,""cost_scope"":""Sum ordinary subprocess creation-through-exit wall over every registered actual attempt; includes ordinary output/diagnostics, excludes outer audit and inter-call waiting"",""known_seconds"":2.6685252000461332,""prior_interruption_known_seconds"":0.0,""recorded_measurements"":1,""unknown_measurements"":0,""unknown_time_imputed"":false}"
ff8bfd479e05fb65d06ffd00,posterior,cpu-rwm-online_picard,1024,3,research_execution,analyzed,valid,,4.93192539998563,4.93192539998563,"{""attempts_missing_call_return"":0,""complete_seconds"":4.93192539998563,""cost_scope"":""Sum all coordinator run/retry calls except completed verification-only returns; includes recorded refusals/recovery/audit/sealing; excludes ledger writes, report observations and inter-call waiting"",""known_seconds"":4.93192539998563,""prior_interruption_known_seconds"":0.0,""recorded_measurements"":1,""unknown_measurements"":0,""unknown_time_imputed"":false}"
ff8bfd479e05fb65d06ffd00,posterior,cpu-rwm-online_picard,1024,3,additional_verification,analyzed,valid,,0.1579734999977518,0.1579734999977518,"{""attempts_missing_call_return"":0,""complete_seconds"":0.1579734999977518,""cost_scope"":""Completed coordinator calls returning newly_executed=false; kept outside primary execution cost"",""known_seconds"":0.1579734999977518,""prior_interruption_known_seconds"":0.0,""recorded_measurements"":1,""unknown_measurements"":0,""unknown_time_imputed"":false}"
ff8bfd479e05fb65d06ffd00,posterior,cpu-rwm-online_picard,1024,3,all_invocations,analyzed,valid,,5.089898899983382,5.089898899983382,"{""attempts_missing_call_return"":0,""complete_seconds"":5.089898899983382,""cost_scope"":""All coordinator calls, including additional verification; operational consumption, not standardized time-to-inference"",""known_seconds"":5.089898899983382,""prior_interruption_known_seconds"":0.0,""recorded_measurements"":2,""unknown_measurements"":0,""unknown_time_imputed"":false}"
cb0284395e9df393d9247c23,posterior,cuda-rwm-online_picard,1024,5,ordinary_workflow,analyzed,valid,,3.7896473999717273,3.7896473999717273,"{""attempts_missing_call_return"":0,""complete_seconds"":3.7896473999717273,""cost_scope"":""Sum ordinary subprocess creation-through-exit wall over every registered actual attempt; includes ordinary output/diagnostics, excludes outer audit and inter-call waiting"",""known_seconds"":3.7896473999717273,""prior_interruption_known_seconds"":0.0,""recorded_measurements"":1,""unknown_measurements"":0,""unknown_time_imputed"":false}"
cb0284395e9df393d9247c23,posterior,cuda-rwm-online_picard,1024,5,research_execution,analyzed,valid,,6.015573899960145,6.015573899960145,"{""attempts_missing_call_return"":0,""complete_seconds"":6.015573899960145,""cost_scope"":""Sum all coordinator run/retry calls except completed verification-only returns; includes recorded refusals/recovery/audit/sealing; excludes ledger writes, report observations and inter-call waiting"",""known_seconds"":6.015573899960145,""prior_interruption_known_seconds"":0.0,""recorded_measurements"":1,""unknown_measurements"":0,""unknown_time_imputed"":false}"
cb0284395e9df393d9247c23,posterior,cuda-rwm-online_picard,1024,5,additional_verification,analyzed,valid,,0.15706240000145044,0.15706240000145044,"{""attempts_missing_call_return"":0,""complete_seconds"":0.15706240000145044,""cost_scope"":""Completed coordinator calls returning newly_executed=false; kept outside primary execution cost"",""known_seconds"":0.15706240000145044,""prior_interruption_known_seconds"":0.0,""recorded_measurements"":1,""unknown_measurements"":0,""unknown_time_imputed"":false}"
cb0284395e9df393d9247c23,posterior,cuda-rwm-online_picard,1024,5,all_invocations,analyzed,valid,,6.172636299961596,6.172636299961596,"{""attempts_missing_call_return"":0,""complete_seconds"":6.172636299961596,""cost_scope"":""All coordinator calls, including additional verification; operational consumption, not standardized time-to-inference"",""known_seconds"":6.172636299961596,""prior_interruption_known_seconds"":0.0,""recorded_measurements"":2,""unknown_measurements"":0,""unknown_time_imputed"":false}"
046b825d853c081fc0703d1c,posterior,cuda-mala-quasi_deer,1024,0,ordinary_workflow,analyzed,valid,,27.653622600017115,27.653622600017115,"{""attempts_missing_call_return"":0,""complete_seconds"":27.653622600017115,""cost_scope"":""Sum ordinary subprocess creation-through-exit wall over every registered actual attempt; includes ordinary output/diagnostics, excludes outer audit and inter-call waiting"",""known_seconds"":27.653622600017115,""prior_interruption_known_seconds"":0.0,""recorded_measurements"":1,""unknown_measurements"":0,""unknown_time_imputed"":false}"
046b825d853c081fc0703d1c,posterior,cuda-mala-quasi_deer,1024,0,research_execution,analyzed,valid,,29.92203400004655,29.92203400004655,"{""attempts_missing_call_return"":0,""complete_seconds"":29.92203400004655,""cost_scope"":""Sum all coordinator run/retry calls except completed verification-only returns; includes recorded refusals/recovery/audit/sealing; excludes ledger writes, report observations and inter-call waiting"",""known_seconds"":29.92203400004655,""prior_interruption_known_seconds"":0.0,""recorded_measurements"":1,""unknown_measurements"":0,""unknown_time_imputed"":false}"
046b825d853c081fc0703d1c,posterior,cuda-mala-quasi_deer,1024,0,additional_verification,analyzed,valid,,0.15716479999537114,0.15716479999537114,"{""attempts_missing_call_return"":0,""complete_seconds"":0.15716479999537114,""cost_scope"":""Completed coordinator calls returning newly_executed=false; kept outside primary execution cost"",""known_seconds"":0.15716479999537114,""prior_interruption_known_seconds"":0.0,""recorded_measurements"":1,""unknown_measurements"":0,""unknown_time_imputed"":false}"
046b825d853c081fc0703d1c,posterior,cuda-mala-quasi_deer,1024,0,all_invocations,analyzed,valid,,30.079198800041922,30.079198800041922,"{""attempts_missing_call_return"":0,""complete_seconds"":30.079198800041922,""cost_scope"":""All coordinator calls, including additional verification; operational consumption, not standardized time-to-inference"",""known_seconds"":30.079198800041922,""prior_interruption_known_seconds"":0.0,""recorded_measurements"":2,""unknown_measurements"":0,""unknown_time_imputed"":false}"
a47204cd7c46630ee5f4dd16,posterior,cuda-rwm-online_picard,4096,6,ordinary_workflow,analyzed,valid,,7.138931699970271,7.138931699970271,"{""attempts_missing_call_return"":0,""complete_seconds"":7.138931699970271,""cost_scope"":""Sum ordinary subprocess creation-through-exit wall over every registered actual attempt; includes ordinary output/diagnostics, excludes outer audit and inter-call waiting"",""known_seconds"":7.138931699970271,""prior_interruption_known_seconds"":0.0,""recorded_measurements"":1,""unknown_measurements"":0,""unknown_time_imputed"":false}"
a47204cd7c46630ee5f4dd16,posterior,cuda-rwm-online_picard,4096,6,research_execution,analyzed,valid,,9.434519900009036,9.434519900009036,"{""attempts_missing_call_return"":0,""complete_seconds"":9.434519900009036,""cost_scope"":""Sum all coordinator run/retry calls except completed verification-only returns; includes recorded refusals/recovery/audit/sealing; excludes ledger writes, report observations and inter-call waiting"",""known_seconds"":9.434519900009036,""prior_interruption_known_seconds"":0.0,""recorded_measurements"":1,""unknown_measurements"":0,""unknown_time_imputed"":false}"
a47204cd7c46630ee5f4dd16,posterior,cuda-rwm-online_picard,4096,6,additional_verification,analyzed,valid,,0.15908019999915268,0.15908019999915268,"{""attempts_missing_call_return"":0,""complete_seconds"":0.15908019999915268,""cost_scope"":""Completed coordinator calls returning newly_executed=false; kept outside primary execution cost"",""known_seconds"":0.15908019999915268,""prior_interruption_known_seconds"":0.0,""recorded_measurements"":1,""unknown_measurements"":0,""unknown_time_imputed"":false}"
a47204cd7c46630ee5f4dd16,posterior,cuda-rwm-online_picard,4096,6,all_invocations,analyzed,valid,,9.593600100008189,9.593600100008189,"{""attempts_missing_call_return"":0,""complete_seconds"":9.593600100008189,""cost_scope"":""All coordinator calls, including additional verification; operational consumption, not standardized time-to-inference"",""known_seconds"":9.593600100008189,""prior_interruption_known_seconds"":0.0,""recorded_measurements"":2,""unknown_measurements"":0,""unknown_time_imputed"":false}"
412aa5515f40c220da6e65ae,posterior,cpu-mala-quasi_deer,1024,7,ordinary_workflow,analyzed,valid,,13.614855199994054,13.614855199994054,"{""attempts_missing_call_return"":0,""complete_seconds"":13.614855199994054,""cost_scope"":""Sum ordinary subprocess creation-through-exit wall over every registered actual attempt; includes ordinary output/diagnostics, excludes outer audit and inter-call waiting"",""known_seconds"":13.614855199994054,""prior_interruption_known_seconds"":0.0,""recorded_measurements"":1,""unknown_measurements"":0,""unknown_time_imputed"":false}"
412aa5515f40c220da6e65ae,posterior,cpu-mala-quasi_deer,1024,7,research_execution,analyzed,valid,,15.858967999985907,15.858967999985907,"{""attempts_missing_call_return"":0,""complete_seconds"":15.858967999985907,""cost_scope"":""Sum all coordinator run/retry calls except completed verification-only returns; includes recorded refusals/recovery/audit/sealing; excludes ledger writes, report observations and inter-call waiting"",""known_seconds"":15.858967999985907,""prior_interruption_known_seconds"":0.0,""recorded_measurements"":1,""unknown_measurements"":0,""unknown_time_imputed"":false}"
412aa5515f40c220da6e65ae,posterior,cpu-mala-quasi_deer,1024,7,additional_verification,analyzed,valid,,0.1631616000086069,0.1631616000086069,"{""attempts_missing_call_return"":0,""complete_seconds"":0.1631616000086069,""cost_scope"":""Completed coordinator calls returning newly_executed=false; kept outside primary execution cost"",""known_seconds"":0.1631616000086069,""prior_interruption_known_seconds"":0.0,""recorded_measurements"":1,""unknown_measurements"":0,""unknown_time_imputed"":false}"
412aa5515f40c220da6e65ae,posterior,cpu-mala-quasi_deer,1024,7,all_invocations,analyzed,valid,,16.022129599994514,16.022129599994514,"{""attempts_missing_call_return"":0,""complete_seconds"":16.022129599994514,""cost_scope"":""All coordinator calls, including additional verification; operational consumption, not standardized time-to-inference"",""known_seconds"":16.022129599994514,""prior_interruption_known_seconds"":0.0,""recorded_measurements"":2,""unknown_measurements"":0,""unknown_time_imputed"":false}"
421752a20c9ad8a3445df762,posterior,cpu-rwm-online_picard,4096,7,ordinary_workflow,analyzed,valid,,3.877968199958559,3.877968199958559,"{""attempts_missing_call_return"":0,""complete_seconds"":3.877968199958559,""cost_scope"":""Sum ordinary subprocess creation-through-exit wall over every registered actual attempt; includes ordinary output/diagnostics, excludes outer audit and inter-call waiting"",""known_seconds"":3.877968199958559,""prior_interruption_known_seconds"":0.0,""recorded_measurements"":1,""unknown_measurements"":0,""unknown_time_imputed"":false}"
421752a20c9ad8a3445df762,posterior,cpu-rwm-online_picard,4096,7,research_execution,analyzed,valid,,6.203764699981548,6.203764699981548,"{""attempts_missing_call_return"":0,""complete_seconds"":6.203764699981548,""cost_scope"":""Sum all coordinator run/retry calls except completed verification-only returns; includes recorded refusals/recovery/audit/sealing; excludes ledger writes, report observations and inter-call waiting"",""known_seconds"":6.203764699981548,""prior_interruption_known_seconds"":0.0,""recorded_measurements"":1,""unknown_measurements"":0,""unknown_time_imputed"":false}"
421752a20c9ad8a3445df762,posterior,cpu-rwm-online_picard,4096,7,additional_verification,analyzed,valid,,0.16203030000906438,0.16203030000906438,"{""attempts_missing_call_return"":0,""complete_seconds"":0.16203030000906438,""cost_scope"":""Completed coordinator calls returning newly_executed=false; kept outside primary execution cost"",""known_seconds"":0.16203030000906438,""prior_interruption_known_seconds"":0.0,""recorded_measurements"":1,""unknown_measurements"":0,""unknown_time_imputed"":false}"
421752a20c9ad8a3445df762,posterior,cpu-rwm-online_picard,4096,7,all_invocations,analyzed,valid,,6.365794999990612,6.365794999990612,"{""attempts_missing_call_return"":0,""complete_seconds"":6.365794999990612,""cost_scope"":""All coordinator calls, including additional verification; operational consumption, not standardized time-to-inference"",""known_seconds"":6.365794999990612,""prior_interruption_known_seconds"":0.0,""recorded_measurements"":2,""unknown_measurements"":0,""unknown_time_imputed"":false}"
065850b3a1c05482fc0d5547,posterior,cpu-mala-sequential,1024,5,ordinary_workflow,analyzed,valid,,4.68325449997792,4.68325449997792,"{""attempts_missing_call_return"":0,""complete_seconds"":4.68325449997792,""cost_scope"":""Sum ordinary subprocess creation-through-exit wall over every registered actual attempt; includes ordinary output/diagnostics, excludes outer audit and inter-call waiting"",""known_seconds"":4.68325449997792,""prior_interruption_known_seconds"":0.0,""recorded_measurements"":1,""unknown_measurements"":0,""unknown_time_imputed"":false}"
065850b3a1c05482fc0d5547,posterior,cpu-mala-sequential,1024,5,research_execution,analyzed,valid,,7.1057138000032865,7.1057138000032865,"{""attempts_missing_call_return"":0,""complete_seconds"":7.1057138000032865,""cost_scope"":""Sum all coordinator run/retry calls except completed verification-only returns; includes recorded refusals/recovery/audit/sealing; excludes ledger writes, report observations and inter-call waiting"",""known_seconds"":7.1057138000032865,""prior_interruption_known_seconds"":0.0,""recorded_measurements"":1,""unknown_measurements"":0,""unknown_time_imputed"":false}"
065850b3a1c05482fc0d5547,posterior,cpu-mala-sequential,1024,5,additional_verification,analyzed,valid,,0.15768490001210012,0.15768490001210012,"{""attempts_missing_call_return"":0,""complete_seconds"":0.15768490001210012,""cost_scope"":""Completed coordinator calls returning newly_executed=false; kept outside primary execution cost"",""known_seconds"":0.15768490001210012,""prior_interruption_known_seconds"":0.0,""recorded_measurements"":1,""unknown_measurements"":0,""unknown_time_imputed"":false}"
065850b3a1c05482fc0d5547,posterior,cpu-mala-sequential,1024,5,all_invocations,analyzed,valid,,7.263398700015387,7.263398700015387,"{""attempts_missing_call_return"":0,""complete_seconds"":7.263398700015387,""cost_scope"":""All coordinator calls, including additional verification; operational consumption, not standardized time-to-inference"",""known_seconds"":7.263398700015387,""prior_interruption_known_seconds"":0.0,""recorded_measurements"":2,""unknown_measurements"":0,""unknown_time_imputed"":false}"
2b759769a93c6ed9941de4fb,posterior,cuda-rwm-sequential,4096,2,ordinary_workflow,analyzed,valid,,7.063474499969743,7.063474499969743,"{""attempts_missing_call_return"":0,""complete_seconds"":7.063474499969743,""cost_scope"":""Sum ordinary subprocess creation-through-exit wall over every registered actual attempt; includes ordinary output/diagnostics, excludes outer audit and inter-call waiting"",""known_seconds"":7.063474499969743,""prior_interruption_known_seconds"":0.0,""recorded_measurements"":1,""unknown_measurements"":0,""unknown_time_imputed"":false}"
2b759769a93c6ed9941de4fb,posterior,cuda-rwm-sequential,4096,2,research_execution,analyzed,valid,,9.438865399977658,9.438865399977658,"{""attempts_missing_call_return"":0,""complete_seconds"":9.438865399977658,""cost_scope"":""Sum all coordinator run/retry calls except completed verification-only returns; includes recorded refusals/recovery/audit/sealing; excludes ledger writes, report observations and inter-call waiting"",""known_seconds"":9.438865399977658,""prior_interruption_known_seconds"":0.0,""recorded_measurements"":1,""unknown_measurements"":0,""unknown_time_imputed"":false}"
2b759769a93c6ed9941de4fb,posterior,cuda-rwm-sequential,4096,2,additional_verification,analyzed,valid,,0.16193669999483973,0.16193669999483973,"{""attempts_missing_call_return"":0,""complete_seconds"":0.16193669999483973,""cost_scope"":""Completed coordinator calls returning newly_executed=false; kept outside primary execution cost"",""known_seconds"":0.16193669999483973,""prior_interruption_known_seconds"":0.0,""recorded_measurements"":1,""unknown_measurements"":0,""unknown_time_imputed"":false}"
2b759769a93c6ed9941de4fb,posterior,cuda-rwm-sequential,4096,2,all_invocations,analyzed,valid,,9.600802099972498,9.600802099972498,"{""attempts_missing_call_return"":0,""complete_seconds"":9.600802099972498,""cost_scope"":""All coordinator calls, including additional verification; operational consumption, not standardized time-to-inference"",""known_seconds"":9.600802099972498,""prior_interruption_known_seconds"":0.0,""recorded_measurements"":2,""unknown_measurements"":0,""unknown_time_imputed"":false}"
d92c70e28de828d95b07c948,posterior,cuda-rwm-sequential,4096,0,ordinary_workflow,analyzed,valid,,7.296070300042629,7.296070300042629,"{""attempts_missing_call_return"":0,""complete_seconds"":7.296070300042629,""cost_scope"":""Sum ordinary subprocess creation-through-exit wall over every registered actual attempt; includes ordinary output/diagnostics, excludes outer audit and inter-call waiting"",""known_seconds"":7.296070300042629,""prior_interruption_known_seconds"":0.0,""recorded_measurements"":1,""unknown_measurements"":0,""unknown_time_imputed"":false}"
d92c70e28de828d95b07c948,posterior,cuda-rwm-sequential,4096,0,research_execution,analyzed,valid,,9.763769099954516,9.763769099954516,"{""attempts_missing_call_return"":0,""complete_seconds"":9.763769099954516,""cost_scope"":""Sum all coordinator run/retry calls except completed verification-only returns; includes recorded refusals/recovery/audit/sealing; excludes ledger writes, report observations and inter-call waiting"",""known_seconds"":9.763769099954516,""prior_interruption_known_seconds"":0.0,""recorded_measurements"":1,""unknown_measurements"":0,""unknown_time_imputed"":false}"
d92c70e28de828d95b07c948,posterior,cuda-rwm-sequential,4096,0,additional_verification,analyzed,valid,,0.16311140000470914,0.16311140000470914,"{""attempts_missing_call_return"":0,""complete_seconds"":0.16311140000470914,""cost_scope"":""Completed coordinator calls returning newly_executed=false; kept outside primary execution cost"",""known_seconds"":0.16311140000470914,""prior_interruption_known_seconds"":0.0,""recorded_measurements"":1,""unknown_measurements"":0,""unknown_time_imputed"":false}"
d92c70e28de828d95b07c948,posterior,cuda-rwm-sequential,4096,0,all_invocations,analyzed,valid,,9.926880499959225,9.926880499959225,"{""attempts_missing_call_return"":0,""complete_seconds"":9.926880499959225,""cost_scope"":""All coordinator calls, including additional verification; operational consumption, not standardized time-to-inference"",""known_seconds"":9.926880499959225,""prior_interruption_known_seconds"":0.0,""recorded_measurements"":2,""unknown_measurements"":0,""unknown_time_imputed"":false}"
8ca324f679c9068433e8c9a9,posterior,cpu-rwm-online_picard,4096,0,ordinary_workflow,analyzed,valid,,3.9243183999788016,3.9243183999788016,"{""attempts_missing_call_return"":0,""complete_seconds"":3.9243183999788016,""cost_scope"":""Sum ordinary subprocess creation-through-exit wall over every registered actual attempt; includes ordinary output/diagnostics, excludes outer audit and inter-call waiting"",""known_seconds"":3.9243183999788016,""prior_interruption_known_seconds"":0.0,""recorded_measurements"":1,""unknown_measurements"":0,""unknown_time_imputed"":false}"
8ca324f679c9068433e8c9a9,posterior,cpu-rwm-online_picard,4096,0,research_execution,analyzed,valid,,6.2229038999648765,6.2229038999648765,"{""attempts_missing_call_return"":0,""complete_seconds"":6.2229038999648765,""cost_scope"":""Sum all coordinator run/retry calls except completed verification-only returns; includes recorded refusals/recovery/audit/sealing; excludes ledger writes, report observations and inter-call waiting"",""known_seconds"":6.2229038999648765,""prior_interruption_known_seconds"":0.0,""recorded_measurements"":1,""unknown_measurements"":0,""unknown_time_imputed"":false}"
8ca324f679c9068433e8c9a9,posterior,cpu-rwm-online_picard,4096,0,additional_verification,analyzed,valid,,0.1607406999974046,0.1607406999974046,"{""attempts_missing_call_return"":0,""complete_seconds"":0.1607406999974046,""cost_scope"":""Completed coordinator calls returning newly_executed=false; kept outside primary execution cost"",""known_seconds"":0.1607406999974046,""prior_interruption_known_seconds"":0.0,""recorded_measurements"":1,""unknown_measurements"":0,""unknown_time_imputed"":false}"
8ca324f679c9068433e8c9a9,posterior,cpu-rwm-online_picard,4096,0,all_invocations,analyzed,valid,,6.383644599962281,6.383644599962281,"{""attempts_missing_call_return"":0,""complete_seconds"":6.383644599962281,""cost_scope"":""All coordinator calls, including additional verification; operational consumption, not standardized time-to-inference"",""known_seconds"":6.383644599962281,""prior_interruption_known_seconds"":0.0,""recorded_measurements"":2,""unknown_measurements"":0,""unknown_time_imputed"":false}"
f35d7cbcd1a745a2f7e13659,posterior,cpu-mala-sequential,1024,6,ordinary_workflow,analyzed,valid,,4.663472299987916,4.663472299987916,"{""attempts_missing_call_return"":0,""complete_seconds"":4.663472299987916,""cost_scope"":""Sum ordinary subprocess creation-through-exit wall over every registered actual attempt; includes ordinary output/diagnostics, excludes outer audit and inter-call waiting"",""known_seconds"":4.663472299987916,""prior_interruption_known_seconds"":0.0,""recorded_measurements"":1,""unknown_measurements"":0,""unknown_time_imputed"":false}"
f35d7cbcd1a745a2f7e13659,posterior,cpu-mala-sequential,1024,6,research_execution,analyzed,valid,,7.0496296000201255,7.0496296000201255,"{""attempts_missing_call_return"":0,""complete_seconds"":7.0496296000201255,""cost_scope"":""Sum all coordinator run/retry calls except completed verification-only returns; includes recorded refusals/recovery/audit/sealing; excludes ledger writes, report observations and inter-call waiting"",""known_seconds"":7.0496296000201255,""prior_interruption_known_seconds"":0.0,""recorded_measurements"":1,""unknown_measurements"":0,""unknown_time_imputed"":false}"
f35d7cbcd1a745a2f7e13659,posterior,cpu-mala-sequential,1024,6,additional_verification,analyzed,valid,,0.16263819999585394,0.16263819999585394,"{""attempts_missing_call_return"":0,""complete_seconds"":0.16263819999585394,""cost_scope"":""Completed coordinator calls returning newly_executed=false; kept outside primary execution cost"",""known_seconds"":0.16263819999585394,""prior_interruption_known_seconds"":0.0,""recorded_measurements"":1,""unknown_measurements"":0,""unknown_time_imputed"":false}"
f35d7cbcd1a745a2f7e13659,posterior,cpu-mala-sequential,1024,6,all_invocations,analyzed,valid,,7.2122678000159794,7.2122678000159794,"{""attempts_missing_call_return"":0,""complete_seconds"":7.2122678000159794,""cost_scope"":""All coordinator calls, including additional verification; operational consumption, not standardized time-to-inference"",""known_seconds"":7.2122678000159794,""prior_interruption_known_seconds"":0.0,""recorded_measurements"":2,""unknown_measurements"":0,""unknown_time_imputed"":false}"
93b84943f4f108cece4217e5,posterior,cpu-nuts-spawn_chains,1024,7,ordinary_workflow,analyzed,valid,,26.07959480001591,26.07959480001591,"{""attempts_missing_call_return"":0,""complete_seconds"":26.07959480001591,""cost_scope"":""Sum ordinary subprocess creation-through-exit wall over every registered actual attempt; includes ordinary output/diagnostics, excludes outer audit and inter-call waiting"",""known_seconds"":26.07959480001591,""prior_interruption_known_seconds"":0.0,""recorded_measurements"":1,""unknown_measurements"":0,""unknown_time_imputed"":false}"
93b84943f4f108cece4217e5,posterior,cpu-nuts-spawn_chains,1024,7,research_execution,analyzed,valid,,28.27224479999859,28.27224479999859,"{""attempts_missing_call_return"":0,""complete_seconds"":28.27224479999859,""cost_scope"":""Sum all coordinator run/retry calls except completed verification-only returns; includes recorded refusals/recovery/audit/sealing; excludes ledger writes, report observations and inter-call waiting"",""known_seconds"":28.27224479999859,""prior_interruption_known_seconds"":0.0,""recorded_measurements"":1,""unknown_measurements"":0,""unknown_time_imputed"":false}"
93b84943f4f108cece4217e5,posterior,cpu-nuts-spawn_chains,1024,7,additional_verification,analyzed,valid,,0.1619763999915449,0.1619763999915449,"{""attempts_missing_call_return"":0,""complete_seconds"":0.1619763999915449,""cost_scope"":""Completed coordinator calls returning newly_executed=false; kept outside primary execution cost"",""known_seconds"":0.1619763999915449,""prior_interruption_known_seconds"":0.0,""recorded_measurements"":1,""unknown_measurements"":0,""unknown_time_imputed"":false}"
93b84943f4f108cece4217e5,posterior,cpu-nuts-spawn_chains,1024,7,all_invocations,analyzed,valid,,28.434221199990134,28.434221199990134,"{""attempts_missing_call_return"":0,""complete_seconds"":28.434221199990134,""cost_scope"":""All coordinator calls, including additional verification; operational consumption, not standardized time-to-inference"",""known_seconds"":28.434221199990134,""prior_interruption_known_seconds"":0.0,""recorded_measurements"":2,""unknown_measurements"":0,""unknown_time_imputed"":false}"
7283a44f80a00d7b230b71ce,posterior,cuda-mala-quasi_deer,1024,4,ordinary_workflow,analyzed,numerical_failure,,28.13232530001551,28.13232530001551,"{""attempts_missing_call_return"":0,""complete_seconds"":28.13232530001551,""cost_scope"":""Sum ordinary subprocess creation-through-exit wall over every registered actual attempt; includes ordinary output/diagnostics, excludes outer audit and inter-call waiting"",""known_seconds"":28.13232530001551,""prior_interruption_known_seconds"":0.0,""recorded_measurements"":1,""unknown_measurements"":0,""unknown_time_imputed"":false}"
7283a44f80a00d7b230b71ce,posterior,cuda-mala-quasi_deer,1024,4,research_execution,analyzed,numerical_failure,,30.53425490000518,30.53425490000518,"{""attempts_missing_call_return"":0,""complete_seconds"":30.53425490000518,""cost_scope"":""Sum all coordinator run/retry calls except completed verification-only returns; includes recorded refusals/recovery/audit/sealing; excludes ledger writes, report observations and inter-call waiting"",""known_seconds"":30.53425490000518,""prior_interruption_known_seconds"":0.0,""recorded_measurements"":1,""unknown_measurements"":0,""unknown_time_imputed"":false}"
7283a44f80a00d7b230b71ce,posterior,cuda-mala-quasi_deer,1024,4,additional_verification,analyzed,numerical_failure,,0.14200069999787956,0.14200069999787956,"{""attempts_missing_call_return"":0,""complete_seconds"":0.14200069999787956,""cost_scope"":""Completed coordinator calls returning newly_executed=false; kept outside primary execution cost"",""known_seconds"":0.14200069999787956,""prior_interruption_known_seconds"":0.0,""recorded_measurements"":1,""unknown_measurements"":0,""unknown_time_imputed"":false}"
7283a44f80a00d7b230b71ce,posterior,cuda-mala-quasi_deer,1024,4,all_invocations,analyzed,numerical_failure,,30.67625560000306,30.67625560000306,"{""attempts_missing_call_return"":0,""complete_seconds"":30.67625560000306,""cost_scope"":""All coordinator calls, including additional verification; operational consumption, not standardized time-to-inference"",""known_seconds"":30.67625560000306,""prior_interruption_known_seconds"":0.0,""recorded_measurements"":2,""unknown_measurements"":0,""unknown_time_imputed"":false}"
0144ecc30070c54f91ab66ae,posterior,cpu-mala-quasi_deer,1024,5,ordinary_workflow,analyzed,valid,,10.991902399982791,10.991902399982791,"{""attempts_missing_call_return"":0,""complete_seconds"":10.991902399982791,""cost_scope"":""Sum ordinary subprocess creation-through-exit wall over every registered actual attempt; includes ordinary output/diagnostics, excludes outer audit and inter-call waiting"",""known_seconds"":10.991902399982791,""prior_interruption_known_seconds"":0.0,""recorded_measurements"":1,""unknown_measurements"":0,""unknown_time_imputed"":false}"
0144ecc30070c54f91ab66ae,posterior,cpu-mala-quasi_deer,1024,5,research_execution,analyzed,valid,,13.279387000016868,13.279387000016868,"{""attempts_missing_call_return"":0,""complete_seconds"":13.279387000016868,""cost_scope"":""Sum all coordinator run/retry calls except completed verification-only returns; includes recorded refusals/recovery/audit/sealing; excludes ledger writes, report observations and inter-call waiting"",""known_seconds"":13.279387000016868,""prior_interruption_known_seconds"":0.0,""recorded_measurements"":1,""unknown_measurements"":0,""unknown_time_imputed"":false}"
0144ecc30070c54f91ab66ae,posterior,cpu-mala-quasi_deer,1024,5,additional_verification,analyzed,valid,,0.14532739999413025,0.14532739999413025,"{""attempts_missing_call_return"":0,""complete_seconds"":0.14532739999413025,""cost_scope"":""Completed coordinator calls returning newly_executed=false; kept outside primary execution cost"",""known_seconds"":0.14532739999413025,""prior_interruption_known_seconds"":0.0,""recorded_measurements"":1,""unknown_measurements"":0,""unknown_time_imputed"":false}"
0144ecc30070c54f91ab66ae,posterior,cpu-mala-quasi_deer,1024,5,all_invocations,analyzed,valid,,13.424714400010998,13.424714400010998,"{""attempts_missing_call_return"":0,""complete_seconds"":13.424714400010998,""cost_scope"":""All coordinator calls, including additional verification; operational consumption, not standardized time-to-inference"",""known_seconds"":13.424714400010998,""prior_interruption_known_seconds"":0.0,""recorded_measurements"":2,""unknown_measurements"":0,""unknown_time_imputed"":false}"
8fbed1bacbf29176c46487b5,posterior,cuda-mala-quasi_deer,4096,0,ordinary_workflow,analyzed,valid,,78.11399750004057,78.11399750004057,"{""attempts_missing_call_return"":0,""complete_seconds"":78.11399750004057,""cost_scope"":""Sum ordinary subprocess creation-through-exit wall over every registered actual attempt; includes ordinary output/diagnostics, excludes outer audit and inter-call waiting"",""known_seconds"":78.11399750004057,""prior_interruption_known_seconds"":0.0,""recorded_measurements"":1,""unknown_measurements"":0,""unknown_time_imputed"":false}"
8fbed1bacbf29176c46487b5,posterior,cuda-mala-quasi_deer,4096,0,research_execution,analyzed,valid,,80.77817639999557,80.77817639999557,"{""attempts_missing_call_return"":0,""complete_seconds"":80.77817639999557,""cost_scope"":""Sum all coordinator run/retry calls except completed verification-only returns; includes recorded refusals/recovery/audit/sealing; excludes ledger writes, report observations and inter-call waiting"",""known_seconds"":80.77817639999557,""prior_interruption_known_seconds"":0.0,""recorded_measurements"":1,""unknown_measurements"":0,""unknown_time_imputed"":false}"
8fbed1bacbf29176c46487b5,posterior,cuda-mala-quasi_deer,4096,0,additional_verification,analyzed,valid,,0.1467421999986982,0.1467421999986982,"{""attempts_missing_call_return"":0,""complete_seconds"":0.1467421999986982,""cost_scope"":""Completed coordinator calls returning newly_executed=false; kept outside primary execution cost"",""known_seconds"":0.1467421999986982,""prior_interruption_known_seconds"":0.0,""recorded_measurements"":1,""unknown_measurements"":0,""unknown_time_imputed"":false}"
8fbed1bacbf29176c46487b5,posterior,cuda-mala-quasi_deer,4096,0,all_invocations,analyzed,valid,,80.92491859999427,80.92491859999427,"{""attempts_missing_call_return"":0,""complete_seconds"":80.92491859999427,""cost_scope"":""All coordinator calls, including additional verification; operational consumption, not standardized time-to-inference"",""known_seconds"":80.92491859999427,""prior_interruption_known_seconds"":0.0,""recorded_measurements"":2,""unknown_measurements"":0,""unknown_time_imputed"":false}"
0b7127e4dcd9eb63ddad3df0,posterior,cpu-rwm-sequential,4096,7,ordinary_workflow,analyzed,valid,,3.412301100033801,3.412301100033801,"{""attempts_missing_call_return"":0,""complete_seconds"":3.412301100033801,""cost_scope"":""Sum ordinary subprocess creation-through-exit wall over every registered actual attempt; includes ordinary output/diagnostics, excludes outer audit and inter-call waiting"",""known_seconds"":3.412301100033801,""prior_interruption_known_seconds"":0.0,""recorded_measurements"":1,""unknown_measurements"":0,""unknown_time_imputed"":false}"
0b7127e4dcd9eb63ddad3df0,posterior,cpu-rwm-sequential,4096,7,research_execution,analyzed,valid,,5.780801200016867,5.780801200016867,"{""attempts_missing_call_return"":0,""complete_seconds"":5.780801200016867,""cost_scope"":""Sum all coordinator run/retry calls except completed verification-only returns; includes recorded refusals/recovery/audit/sealing; excludes ledger writes, report observations and inter-call waiting"",""known_seconds"":5.780801200016867,""prior_interruption_known_seconds"":0.0,""recorded_measurements"":1,""unknown_measurements"":0,""unknown_time_imputed"":false}"
0b7127e4dcd9eb63ddad3df0,posterior,cpu-rwm-sequential,4096,7,additional_verification,analyzed,valid,,0.14350130000093486,0.14350130000093486,"{""attempts_missing_call_return"":0,""complete_seconds"":0.14350130000093486,""cost_scope"":""Completed coordinator calls returning newly_executed=false; kept outside primary execution cost"",""known_seconds"":0.14350130000093486,""prior_interruption_known_seconds"":0.0,""recorded_measurements"":1,""unknown_measurements"":0,""unknown_time_imputed"":false}"
0b7127e4dcd9eb63ddad3df0,posterior,cpu-rwm-sequential,4096,7,all_invocations,analyzed,valid,,5.924302500017802,5.924302500017802,"{""attempts_missing_call_return"":0,""complete_seconds"":5.924302500017802,""cost_scope"":""All coordinator calls, including additional verification; operational consumption, not standardized time-to-inference"",""known_seconds"":5.924302500017802,""prior_interruption_known_seconds"":0.0,""recorded_measurements"":2,""unknown_measurements"":0,""unknown_time_imputed"":false}"
41d3980d8c2c851ed8f03934,posterior,cuda-rwm-sequential,1024,0,ordinary_workflow,analyzed,valid,,3.7737534000189044,3.7737534000189044,"{""attempts_missing_call_return"":0,""complete_seconds"":3.7737534000189044,""cost_scope"":""Sum ordinary subprocess creation-through-exit wall over every registered actual attempt; includes ordinary output/diagnostics, excludes outer audit and inter-call waiting"",""known_seconds"":3.7737534000189044,""prior_interruption_known_seconds"":0.0,""recorded_measurements"":1,""unknown_measurements"":0,""unknown_time_imputed"":false}"
41d3980d8c2c851ed8f03934,posterior,cuda-rwm-sequential,1024,0,research_execution,analyzed,valid,,5.992424500000197,5.992424500000197,"{""attempts_missing_call_return"":0,""complete_seconds"":5.992424500000197,""cost_scope"":""Sum all coordinator run/retry calls except completed verification-only returns; includes recorded refusals/recovery/audit/sealing; excludes ledger writes, report observations and inter-call waiting"",""known_seconds"":5.992424500000197,""prior_interruption_known_seconds"":0.0,""recorded_measurements"":1,""unknown_measurements"":0,""unknown_time_imputed"":false}"
41d3980d8c2c851ed8f03934,posterior,cuda-rwm-sequential,1024,0,additional_verification,analyzed,valid,,0.14386009999725502,0.14386009999725502,"{""attempts_missing_call_return"":0,""complete_seconds"":0.14386009999725502,""cost_scope"":""Completed coordinator calls returning newly_executed=false; kept outside primary execution cost"",""known_seconds"":0.14386009999725502,""prior_interruption_known_seconds"":0.0,""recorded_measurements"":1,""unknown_measurements"":0,""unknown_time_imputed"":false}"
41d3980d8c2c851ed8f03934,posterior,cuda-rwm-sequential,1024,0,all_invocations,analyzed,valid,,6.1362845999974525,6.1362845999974525,"{""attempts_missing_call_return"":0,""complete_seconds"":6.1362845999974525,""cost_scope"":""All coordinator calls, including additional verification; operational consumption, not standardized time-to-inference"",""known_seconds"":6.1362845999974525,""prior_interruption_known_seconds"":0.0,""recorded_measurements"":2,""unknown_measurements"":0,""unknown_time_imputed"":false}"
871596927ab2e160e1cc2eb4,posterior,cpu-rwm-sequential,1024,6,ordinary_workflow,analyzed,valid,,2.519866799993906,2.519866799993906,"{""attempts_missing_call_return"":0,""complete_seconds"":2.519866799993906,""cost_scope"":""Sum ordinary subprocess creation-through-exit wall over every registered actual attempt; includes ordinary output/diagnostics, excludes outer audit and inter-call waiting"",""known_seconds"":2.519866799993906,""prior_interruption_known_seconds"":0.0,""recorded_measurements"":1,""unknown_measurements"":0,""unknown_time_imputed"":false}"
871596927ab2e160e1cc2eb4,posterior,cpu-rwm-sequential,1024,6,research_execution,analyzed,valid,,4.709566800040193,4.709566800040193,"{""attempts_missing_call_return"":0,""complete_seconds"":4.709566800040193,""cost_scope"":""Sum all coordinator run/retry calls except completed verification-only returns; includes recorded refusals/recovery/audit/sealing; excludes ledger writes, report observations and inter-call waiting"",""known_seconds"":4.709566800040193,""prior_interruption_known_seconds"":0.0,""recorded_measurements"":1,""unknown_measurements"":0,""unknown_time_imputed"":false}"
871596927ab2e160e1cc2eb4,posterior,cpu-rwm-sequential,1024,6,additional_verification,analyzed,valid,,0.1441140999959316,0.1441140999959316,"{""attempts_missing_call_return"":0,""complete_seconds"":0.1441140999959316,""cost_scope"":""Completed coordinator calls returning newly_executed=false; kept outside primary execution cost"",""known_seconds"":0.1441140999959316,""prior_interruption_known_seconds"":0.0,""recorded_measurements"":1,""unknown_measurements"":0,""unknown_time_imputed"":false}"
871596927ab2e160e1cc2eb4,posterior,cpu-rwm-sequential,1024,6,all_invocations,analyzed,valid,,4.8536809000361245,4.8536809000361245,"{""attempts_missing_call_return"":0,""complete_seconds"":4.8536809000361245,""cost_scope"":""All coordinator calls, including additional verification; operational consumption, not standardized time-to-inference"",""known_seconds"":4.8536809000361245,""prior_interruption_known_seconds"":0.0,""recorded_measurements"":2,""unknown_measurements"":0,""unknown_time_imputed"":false}"
8a40b75ad24cf28b4193a6ed,posterior,cpu-nuts-spawn_chains,1024,2,ordinary_workflow,analyzed,valid,,25.07528240000829,25.07528240000829,"{""attempts_missing_call_return"":0,""complete_seconds"":25.07528240000829,""cost_scope"":""Sum ordinary subprocess creation-through-exit wall over every registered actual attempt; includes ordinary output/diagnostics, excludes outer audit and inter-call waiting"",""known_seconds"":25.07528240000829,""prior_interruption_known_seconds"":0.0,""recorded_measurements"":1,""unknown_measurements"":0,""unknown_time_imputed"":false}"
8a40b75ad24cf28b4193a6ed,posterior,cpu-nuts-spawn_chains,1024,2,research_execution,analyzed,valid,,27.157134699984454,27.157134699984454,"{""attempts_missing_call_return"":0,""complete_seconds"":27.157134699984454,""cost_scope"":""Sum all coordinator run/retry calls except completed verification-only returns; includes recorded refusals/recovery/audit/sealing; excludes ledger writes, report observations and inter-call waiting"",""known_seconds"":27.157134699984454,""prior_interruption_known_seconds"":0.0,""recorded_measurements"":1,""unknown_measurements"":0,""unknown_time_imputed"":false}"
8a40b75ad24cf28b4193a6ed,posterior,cpu-nuts-spawn_chains,1024,2,additional_verification,analyzed,valid,,0.14573329999984708,0.14573329999984708,"{""attempts_missing_call_return"":0,""complete_seconds"":0.14573329999984708,""cost_scope"":""Completed coordinator calls returning newly_executed=false; kept outside primary execution cost"",""known_seconds"":0.14573329999984708,""prior_interruption_known_seconds"":0.0,""recorded_measurements"":1,""unknown_measurements"":0,""unknown_time_imputed"":false}"
8a40b75ad24cf28b4193a6ed,posterior,cpu-nuts-spawn_chains,1024,2,all_invocations,analyzed,valid,,27.3028679999843,27.3028679999843,"{""attempts_missing_call_return"":0,""complete_seconds"":27.3028679999843,""cost_scope"":""All coordinator calls, including additional verification; operational consumption, not standardized time-to-inference"",""known_seconds"":27.3028679999843,""prior_interruption_known_seconds"":0.0,""recorded_measurements"":2,""unknown_measurements"":0,""unknown_time_imputed"":false}"
28ff17ed2b99aaa27160794c,posterior,cuda-mala-quasi_deer,1024,6,ordinary_workflow,analyzed,valid,,28.62732229998801,28.62732229998801,"{""attempts_missing_call_return"":0,""complete_seconds"":28.62732229998801,""cost_scope"":""Sum ordinary subprocess creation-through-exit wall over every registered actual attempt; includes ordinary output/diagnostics, excludes outer audit and inter-call waiting"",""known_seconds"":28.62732229998801,""prior_interruption_known_seconds"":0.0,""recorded_measurements"":1,""unknown_measurements"":0,""unknown_time_imputed"":false}"
28ff17ed2b99aaa27160794c,posterior,cuda-mala-quasi_deer,1024,6,research_execution,analyzed,valid,,30.889424399996642,30.889424399996642,"{""attempts_missing_call_return"":0,""complete_seconds"":30.889424399996642,""cost_scope"":""Sum all coordinator run/retry calls except completed verification-only returns; includes recorded refusals/recovery/audit/sealing; excludes ledger writes, report observations and inter-call waiting"",""known_seconds"":30.889424399996642,""prior_interruption_known_seconds"":0.0,""recorded_measurements"":1,""unknown_measurements"":0,""unknown_time_imputed"":false}"
28ff17ed2b99aaa27160794c,posterior,cuda-mala-quasi_deer,1024,6,additional_verification,analyzed,valid,,0.14306309999665245,0.14306309999665245,"{""attempts_missing_call_return"":0,""complete_seconds"":0.14306309999665245,""cost_scope"":""Completed coordinator calls returning newly_executed=false; kept outside primary execution cost"",""known_seconds"":0.14306309999665245,""prior_interruption_known_seconds"":0.0,""recorded_measurements"":1,""unknown_measurements"":0,""unknown_time_imputed"":false}"
28ff17ed2b99aaa27160794c,posterior,cuda-mala-quasi_deer,1024,6,all_invocations,analyzed,valid,,31.032487499993294,31.032487499993294,"{""attempts_missing_call_return"":0,""complete_seconds"":31.032487499993294,""cost_scope"":""All coordinator calls, including additional verification; operational consumption, not standardized time-to-inference"",""known_seconds"":31.032487499993294,""prior_interruption_known_seconds"":0.0,""recorded_measurements"":2,""unknown_measurements"":0,""unknown_time_imputed"":false}"
5bb78293534e15ae0b193511,posterior,cpu-mala-sequential,1024,2,ordinary_workflow,analyzed,valid,,4.665526199969463,4.665526199969463,"{""attempts_missing_call_return"":0,""complete_seconds"":4.665526199969463,""cost_scope"":""Sum ordinary subprocess creation-through-exit wall over every registered actual attempt; includes ordinary output/diagnostics, excludes outer audit and inter-call waiting"",""known_seconds"":4.665526199969463,""prior_interruption_known_seconds"":0.0,""recorded_measurements"":1,""unknown_measurements"":0,""unknown_time_imputed"":false}"
5bb78293534e15ae0b193511,posterior,cpu-mala-sequential,1024,2,research_execution,analyzed,valid,,7.068940300028771,7.068940300028771,"{""attempts_missing_call_return"":0,""complete_seconds"":7.068940300028771,""cost_scope"":""Sum all coordinator run/retry calls except completed verification-only returns; includes recorded refusals/recovery/audit/sealing; excludes ledger writes, report observations and inter-call waiting"",""known_seconds"":7.068940300028771,""prior_interruption_known_seconds"":0.0,""recorded_measurements"":1,""unknown_measurements"":0,""unknown_time_imputed"":false}"
5bb78293534e15ae0b193511,posterior,cpu-mala-sequential,1024,2,additional_verification,analyzed,valid,,0.14280099999450613,0.14280099999450613,"{""attempts_missing_call_return"":0,""complete_seconds"":0.14280099999450613,""cost_scope"":""Completed coordinator calls returning newly_executed=false; kept outside primary execution cost"",""known_seconds"":0.14280099999450613,""prior_interruption_known_seconds"":0.0,""recorded_measurements"":1,""unknown_measurements"":0,""unknown_time_imputed"":false}"
5bb78293534e15ae0b193511,posterior,cpu-mala-sequential,1024,2,all_invocations,analyzed,valid,,7.211741300023277,7.211741300023277,"{""attempts_missing_call_return"":0,""complete_seconds"":7.211741300023277,""cost_scope"":""All coordinator calls, including additional verification; operational consumption, not standardized time-to-inference"",""known_seconds"":7.211741300023277,""prior_interruption_known_seconds"":0.0,""recorded_measurements"":2,""unknown_measurements"":0,""unknown_time_imputed"":false}"
959ce36d9df9abc163d749a7,posterior,cpu-rwm-online_picard,4096,3,ordinary_workflow,analyzed,valid,,3.6972281000344083,3.6972281000344083,"{""attempts_missing_call_return"":0,""complete_seconds"":3.6972281000344083,""cost_scope"":""Sum ordinary subprocess creation-through-exit wall over every registered actual attempt; includes ordinary output/diagnostics, excludes outer audit and inter-call waiting"",""known_seconds"":3.6972281000344083,""prior_interruption_known_seconds"":0.0,""recorded_measurements"":1,""unknown_measurements"":0,""unknown_time_imputed"":false}"
959ce36d9df9abc163d749a7,posterior,cpu-rwm-online_picard,4096,3,research_execution,analyzed,valid,,6.010309399978723,6.010309399978723,"{""attempts_missing_call_return"":0,""complete_seconds"":6.010309399978723,""cost_scope"":""Sum all coordinator run/retry calls except completed verification-only returns; includes recorded refusals/recovery/audit/sealing; excludes ledger writes, report observations and inter-call waiting"",""known_seconds"":6.010309399978723,""prior_interruption_known_seconds"":0.0,""recorded_measurements"":1,""unknown_measurements"":0,""unknown_time_imputed"":false}"
959ce36d9df9abc163d749a7,posterior,cpu-rwm-online_picard,4096,3,additional_verification,analyzed,valid,,0.1472761999903014,0.1472761999903014,"{""attempts_missing_call_return"":0,""complete_seconds"":0.1472761999903014,""cost_scope"":""Completed coordinator calls returning newly_executed=false; kept outside primary execution cost"",""known_seconds"":0.1472761999903014,""prior_interruption_known_seconds"":0.0,""recorded_measurements"":1,""unknown_measurements"":0,""unknown_time_imputed"":false}"
959ce36d9df9abc163d749a7,posterior,cpu-rwm-online_picard,4096,3,all_invocations,analyzed,valid,,6.157585599969025,6.157585599969025,"{""attempts_missing_call_return"":0,""complete_seconds"":6.157585599969025,""cost_scope"":""All coordinator calls, including additional verification; operational consumption, not standardized time-to-inference"",""known_seconds"":6.157585599969025,""prior_interruption_known_seconds"":0.0,""recorded_measurements"":2,""unknown_measurements"":0,""unknown_time_imputed"":false}"
a7ba24c1e90a17c8a8bcf63f,posterior,cpu-nuts-spawn_chains,4096,4,ordinary_workflow,analyzed,output_failure_unclassified,,71.89029449998634,71.89029449998634,"{""attempts_missing_call_return"":0,""complete_seconds"":71.89029449998634,""cost_scope"":""Sum ordinary subprocess creation-through-exit wall over every registered actual attempt; includes ordinary output/diagnostics, excludes outer audit and inter-call waiting"",""known_seconds"":71.89029449998634,""prior_interruption_known_seconds"":0.0,""recorded_measurements"":1,""unknown_measurements"":0,""unknown_time_imputed"":false}"
a7ba24c1e90a17c8a8bcf63f,posterior,cpu-nuts-spawn_chains,4096,4,research_execution,analyzed,output_failure_unclassified,,73.96637199999532,73.96637199999532,"{""attempts_missing_call_return"":0,""complete_seconds"":73.96637199999532,""cost_scope"":""Sum all coordinator run/retry calls except completed verification-only returns; includes recorded refusals/recovery/audit/sealing; excludes ledger writes, report observations and inter-call waiting"",""known_seconds"":73.96637199999532,""prior_interruption_known_seconds"":0.0,""recorded_measurements"":1,""unknown_measurements"":0,""unknown_time_imputed"":false}"
a7ba24c1e90a17c8a8bcf63f,posterior,cpu-nuts-spawn_chains,4096,4,additional_verification,analyzed,output_failure_unclassified,,0.14633069999399595,0.14633069999399595,"{""attempts_missing_call_return"":0,""complete_seconds"":0.14633069999399595,""cost_scope"":""Completed coordinator calls returning newly_executed=false; kept outside primary execution cost"",""known_seconds"":0.14633069999399595,""prior_interruption_known_seconds"":0.0,""recorded_measurements"":1,""unknown_measurements"":0,""unknown_time_imputed"":false}"
a7ba24c1e90a17c8a8bcf63f,posterior,cpu-nuts-spawn_chains,4096,4,all_invocations,analyzed,output_failure_unclassified,,74.11270269998931,74.11270269998931,"{""attempts_missing_call_return"":0,""complete_seconds"":74.11270269998931,""cost_scope"":""All coordinator calls, including additional verification; operational consumption, not standardized time-to-inference"",""known_seconds"":74.11270269998931,""prior_interruption_known_seconds"":0.0,""recorded_measurements"":2,""unknown_measurements"":0,""unknown_time_imputed"":false}"
d4734afe26d4ee1bea6234ba,posterior,cuda-rwm-online_picard,4096,5,ordinary_workflow,analyzed,valid,,7.383799300005194,7.383799300005194,"{""attempts_missing_call_return"":0,""complete_seconds"":7.383799300005194,""cost_scope"":""Sum ordinary subprocess creation-through-exit wall over every registered actual attempt; includes ordinary output/diagnostics, excludes outer audit and inter-call waiting"",""known_seconds"":7.383799300005194,""prior_interruption_known_seconds"":0.0,""recorded_measurements"":1,""unknown_measurements"":0,""unknown_time_imputed"":false}"
d4734afe26d4ee1bea6234ba,posterior,cuda-rwm-online_picard,4096,5,research_execution,analyzed,valid,,9.687830599956214,9.687830599956214,"{""attempts_missing_call_return"":0,""complete_seconds"":9.687830599956214,""cost_scope"":""Sum all coordinator run/retry calls except completed verification-only returns; includes recorded refusals/recovery/audit/sealing; excludes ledger writes, report observations and inter-call waiting"",""known_seconds"":9.687830599956214,""prior_interruption_known_seconds"":0.0,""recorded_measurements"":1,""unknown_measurements"":0,""unknown_time_imputed"":false}"
d4734afe26d4ee1bea6234ba,posterior,cuda-rwm-online_picard,4096,5,additional_verification,analyzed,valid,,0.14560940000228584,0.14560940000228584,"{""attempts_missing_call_return"":0,""complete_seconds"":0.14560940000228584,""cost_scope"":""Completed coordinator calls returning newly_executed=false; kept outside primary execution cost"",""known_seconds"":0.14560940000228584,""prior_interruption_known_seconds"":0.0,""recorded_measurements"":1,""unknown_measurements"":0,""unknown_time_imputed"":false}"
d4734afe26d4ee1bea6234ba,posterior,cuda-rwm-online_picard,4096,5,all_invocations,analyzed,valid,,9.8334399999585,9.8334399999585,"{""attempts_missing_call_return"":0,""complete_seconds"":9.8334399999585,""cost_scope"":""All coordinator calls, including additional verification; operational consumption, not standardized time-to-inference"",""known_seconds"":9.8334399999585,""prior_interruption_known_seconds"":0.0,""recorded_measurements"":2,""unknown_measurements"":0,""unknown_time_imputed"":false}"
89e5d3e8e962e3b3b54f92e0,posterior,cuda-rwm-sequential,1024,7,ordinary_workflow,analyzed,valid,,3.7660485999658704,3.7660485999658704,"{""attempts_missing_call_return"":0,""complete_seconds"":3.7660485999658704,""cost_scope"":""Sum ordinary subprocess creation-through-exit wall over every registered actual attempt; includes ordinary output/diagnostics, excludes outer audit and inter-call waiting"",""known_seconds"":3.7660485999658704,""prior_interruption_known_seconds"":0.0,""recorded_measurements"":1,""unknown_measurements"":0,""unknown_time_imputed"":false}"
89e5d3e8e962e3b3b54f92e0,posterior,cuda-rwm-sequential,1024,7,research_execution,analyzed,valid,,5.871435199980624,5.871435199980624,"{""attempts_missing_call_return"":0,""complete_seconds"":5.871435199980624,""cost_scope"":""Sum all coordinator run/retry calls except completed verification-only returns; includes recorded refusals/recovery/audit/sealing; excludes ledger writes, report observations and inter-call waiting"",""known_seconds"":5.871435199980624,""prior_interruption_known_seconds"":0.0,""recorded_measurements"":1,""unknown_measurements"":0,""unknown_time_imputed"":false}"
89e5d3e8e962e3b3b54f92e0,posterior,cuda-rwm-sequential,1024,7,additional_verification,analyzed,valid,,0.1422318999975687,0.1422318999975687,"{""attempts_missing_call_return"":0,""complete_seconds"":0.1422318999975687,""cost_scope"":""Completed coordinator calls returning newly_executed=false; kept outside primary execution cost"",""known_seconds"":0.1422318999975687,""prior_interruption_known_seconds"":0.0,""recorded_measurements"":1,""unknown_measurements"":0,""unknown_time_imputed"":false}"
89e5d3e8e962e3b3b54f92e0,posterior,cuda-rwm-sequential,1024,7,all_invocations,analyzed,valid,,6.013667099978193,6.013667099978193,"{""attempts_missing_call_return"":0,""complete_seconds"":6.013667099978193,""cost_scope"":""All coordinator calls, including additional verification; operational consumption, not standardized time-to-inference"",""known_seconds"":6.013667099978193,""prior_interruption_known_seconds"":0.0,""recorded_measurements"":2,""unknown_measurements"":0,""unknown_time_imputed"":false}"
7163d9dc0ce4f9fd56e8ef0e,posterior,cpu-mala-sequential,4096,4,ordinary_workflow,analyzed,valid,,8.197901899984572,8.197901899984572,"{""attempts_missing_call_return"":0,""complete_seconds"":8.197901899984572,""cost_scope"":""Sum ordinary subprocess creation-through-exit wall over every registered actual attempt; includes ordinary output/diagnostics, excludes outer audit and inter-call waiting"",""known_seconds"":8.197901899984572,""prior_interruption_known_seconds"":0.0,""recorded_measurements"":1,""unknown_measurements"":0,""unknown_time_imputed"":false}"
7163d9dc0ce4f9fd56e8ef0e,posterior,cpu-mala-sequential,4096,4,research_execution,analyzed,valid,,10.91515159996925,10.91515159996925,"{""attempts_missing_call_return"":0,""complete_seconds"":10.91515159996925,""cost_scope"":""Sum all coordinator run/retry calls except completed verification-only returns; includes recorded refusals/recovery/audit/sealing; excludes ledger writes, report observations and inter-call waiting"",""known_seconds"":10.91515159996925,""prior_interruption_known_seconds"":0.0,""recorded_measurements"":1,""unknown_measurements"":0,""unknown_time_imputed"":false}"
7163d9dc0ce4f9fd56e8ef0e,posterior,cpu-mala-sequential,4096,4,additional_verification,analyzed,valid,,0.14286310000170488,0.14286310000170488,"{""attempts_missing_call_return"":0,""complete_seconds"":0.14286310000170488,""cost_scope"":""Completed coordinator calls returning newly_executed=false; kept outside primary execution cost"",""known_seconds"":0.14286310000170488,""prior_interruption_known_seconds"":0.0,""recorded_measurements"":1,""unknown_measurements"":0,""unknown_time_imputed"":false}"
7163d9dc0ce4f9fd56e8ef0e,posterior,cpu-mala-sequential,4096,4,all_invocations,analyzed,valid,,11.058014699970954,11.058014699970954,"{""attempts_missing_call_return"":0,""complete_seconds"":11.058014699970954,""cost_scope"":""All coordinator calls, including additional verification; operational consumption, not standardized time-to-inference"",""known_seconds"":11.058014699970954,""prior_interruption_known_seconds"":0.0,""recorded_measurements"":2,""unknown_measurements"":0,""unknown_time_imputed"":false}"
37f780262bfc53264041d69c,posterior,cuda-rwm-online_picard,1024,3,ordinary_workflow,analyzed,valid,,3.775993200019002,3.775993200019002,"{""attempts_missing_call_return"":0,""complete_seconds"":3.775993200019002,""cost_scope"":""Sum ordinary subprocess creation-through-exit wall over every registered actual attempt; includes ordinary output/diagnostics, excludes outer audit and inter-call waiting"",""known_seconds"":3.775993200019002,""prior_interruption_known_seconds"":0.0,""recorded_measurements"":1,""unknown_measurements"":0,""unknown_time_imputed"":false}"
37f780262bfc53264041d69c,posterior,cuda-rwm-online_picard,1024,3,research_execution,analyzed,valid,,6.081571699993219,6.081571699993219,"{""attempts_missing_call_return"":0,""complete_seconds"":6.081571699993219,""cost_scope"":""Sum all coordinator run/retry calls except completed verification-only returns; includes recorded refusals/recovery/audit/sealing; excludes ledger writes, report observations and inter-call waiting"",""known_seconds"":6.081571699993219,""prior_interruption_known_seconds"":0.0,""recorded_measurements"":1,""unknown_measurements"":0,""unknown_time_imputed"":false}"
37f780262bfc53264041d69c,posterior,cuda-rwm-online_picard,1024,3,additional_verification,analyzed,valid,,0.1429402000067057,0.1429402000067057,"{""attempts_missing_call_return"":0,""complete_seconds"":0.1429402000067057,""cost_scope"":""Completed coordinator calls returning newly_executed=false; kept outside primary execution cost"",""known_seconds"":0.1429402000067057,""prior_interruption_known_seconds"":0.0,""recorded_measurements"":1,""unknown_measurements"":0,""unknown_time_imputed"":false}"
37f780262bfc53264041d69c,posterior,cuda-rwm-online_picard,1024,3,all_invocations,analyzed,valid,,6.224511899999925,6.224511899999925,"{""attempts_missing_call_return"":0,""complete_seconds"":6.224511899999925,""cost_scope"":""All coordinator calls, including additional verification; operational consumption, not standardized time-to-inference"",""known_seconds"":6.224511899999925,""prior_interruption_known_seconds"":0.0,""recorded_measurements"":2,""unknown_measurements"":0,""unknown_time_imputed"":false}"
6159587de19bdc94b155366c,posterior,cpu-mala-quasi_deer,1024,0,ordinary_workflow,analyzed,valid,,14.143821200006641,14.143821200006641,"{""attempts_missing_call_return"":0,""complete_seconds"":14.143821200006641,""cost_scope"":""Sum ordinary subprocess creation-through-exit wall over every registered actual attempt; includes ordinary output/diagnostics, excludes outer audit and inter-call waiting"",""known_seconds"":14.143821200006641,""prior_interruption_known_seconds"":0.0,""recorded_measurements"":1,""unknown_measurements"":0,""unknown_time_imputed"":false}"
6159587de19bdc94b155366c,posterior,cpu-mala-quasi_deer,1024,0,research_execution,analyzed,valid,,16.531226899998728,16.531226899998728,"{""attempts_missing_call_return"":0,""complete_seconds"":16.531226899998728,""cost_scope"":""Sum all coordinator run/retry calls except completed verification-only returns; includes recorded refusals/recovery/audit/sealing; excludes ledger writes, report observations and inter-call waiting"",""known_seconds"":16.531226899998728,""prior_interruption_known_seconds"":0.0,""recorded_measurements"":1,""unknown_measurements"":0,""unknown_time_imputed"":false}"
6159587de19bdc94b155366c,posterior,cpu-mala-quasi_deer,1024,0,additional_verification,analyzed,valid,,0.14118079999752808,0.14118079999752808,"{""attempts_missing_call_return"":0,""complete_seconds"":0.14118079999752808,""cost_scope"":""Completed coordinator calls returning newly_executed=false; kept outside primary execution cost"",""known_seconds"":0.14118079999752808,""prior_interruption_known_seconds"":0.0,""recorded_measurements"":1,""unknown_measurements"":0,""unknown_time_imputed"":false}"
6159587de19bdc94b155366c,posterior,cpu-mala-quasi_deer,1024,0,all_invocations,analyzed,valid,,16.672407699996256,16.672407699996256,"{""attempts_missing_call_return"":0,""complete_seconds"":16.672407699996256,""cost_scope"":""All coordinator calls, including additional verification; operational consumption, not standardized time-to-inference"",""known_seconds"":16.672407699996256,""prior_interruption_known_seconds"":0.0,""recorded_measurements"":2,""unknown_measurements"":0,""unknown_time_imputed"":false}"
bac3213e97fbcf101834f587,posterior,cpu-mala-sequential,1024,0,ordinary_workflow,analyzed,valid,,4.661052599956747,4.661052599956747,"{""attempts_missing_call_return"":0,""complete_seconds"":4.661052599956747,""cost_scope"":""Sum ordinary subprocess creation-through-exit wall over every registered actual attempt; includes ordinary output/diagnostics, excludes outer audit and inter-call waiting"",""known_seconds"":4.661052599956747,""prior_interruption_known_seconds"":0.0,""recorded_measurements"":1,""unknown_measurements"":0,""unknown_time_imputed"":false}"
bac3213e97fbcf101834f587,posterior,cpu-mala-sequential,1024,0,research_execution,analyzed,valid,,7.0888779000379145,7.0888779000379145,"{""attempts_missing_call_return"":0,""complete_seconds"":7.0888779000379145,""cost_scope"":""Sum all coordinator run/retry calls except completed verification-only returns; includes recorded refusals/recovery/audit/sealing; excludes ledger writes, report observations and inter-call waiting"",""known_seconds"":7.0888779000379145,""prior_interruption_known_seconds"":0.0,""recorded_measurements"":1,""unknown_measurements"":0,""unknown_time_imputed"":false}"
bac3213e97fbcf101834f587,posterior,cpu-mala-sequential,1024,0,additional_verification,analyzed,valid,,0.1420578000106616,0.1420578000106616,"{""attempts_missing_call_return"":0,""complete_seconds"":0.1420578000106616,""cost_scope"":""Completed coordinator calls returning newly_executed=false; kept outside primary execution cost"",""known_seconds"":0.1420578000106616,""prior_interruption_known_seconds"":0.0,""recorded_measurements"":1,""unknown_measurements"":0,""unknown_time_imputed"":false}"
bac3213e97fbcf101834f587,posterior,cpu-mala-sequential,1024,0,all_invocations,analyzed,valid,,7.230935700048576,7.230935700048576,"{""attempts_missing_call_return"":0,""complete_seconds"":7.230935700048576,""cost_scope"":""All coordinator calls, including additional verification; operational consumption, not standardized time-to-inference"",""known_seconds"":7.230935700048576,""prior_interruption_known_seconds"":0.0,""recorded_measurements"":2,""unknown_measurements"":0,""unknown_time_imputed"":false}"
643e2bdcd0207b1dbd256037,posterior,cpu-rwm-sequential,4096,0,ordinary_workflow,analyzed,valid,,3.379263999988325,3.379263999988325,"{""attempts_missing_call_return"":0,""complete_seconds"":3.379263999988325,""cost_scope"":""Sum ordinary subprocess creation-through-exit wall over every registered actual attempt; includes ordinary output/diagnostics, excludes outer audit and inter-call waiting"",""known_seconds"":3.379263999988325,""prior_interruption_known_seconds"":0.0,""recorded_measurements"":1,""unknown_measurements"":0,""unknown_time_imputed"":false}"
643e2bdcd0207b1dbd256037,posterior,cpu-rwm-sequential,4096,0,research_execution,analyzed,valid,,5.80776870000409,5.80776870000409,"{""attempts_missing_call_return"":0,""complete_seconds"":5.80776870000409,""cost_scope"":""Sum all coordinator run/retry calls except completed verification-only returns; includes recorded refusals/recovery/audit/sealing; excludes ledger writes, report observations and inter-call waiting"",""known_seconds"":5.80776870000409,""prior_interruption_known_seconds"":0.0,""recorded_measurements"":1,""unknown_measurements"":0,""unknown_time_imputed"":false}"
643e2bdcd0207b1dbd256037,posterior,cpu-rwm-sequential,4096,0,additional_verification,analyzed,valid,,0.1462601000093855,0.1462601000093855,"{""attempts_missing_call_return"":0,""complete_seconds"":0.1462601000093855,""cost_scope"":""Completed coordinator calls returning newly_executed=false; kept outside primary execution cost"",""known_seconds"":0.1462601000093855,""prior_interruption_known_seconds"":0.0,""recorded_measurements"":1,""unknown_measurements"":0,""unknown_time_imputed"":false}"
643e2bdcd0207b1dbd256037,posterior,cpu-rwm-sequential,4096,0,all_invocations,analyzed,valid,,5.954028800013475,5.954028800013475,"{""attempts_missing_call_return"":0,""complete_seconds"":5.954028800013475,""cost_scope"":""All coordinator calls, including additional verification; operational consumption, not standardized time-to-inference"",""known_seconds"":5.954028800013475,""prior_interruption_known_seconds"":0.0,""recorded_measurements"":2,""unknown_measurements"":0,""unknown_time_imputed"":false}"
5094eccbc4519685d9d66d57,posterior,cuda-rwm-sequential,1024,4,ordinary_workflow,analyzed,valid,,3.7244909000000916,3.7244909000000916,"{""attempts_missing_call_return"":0,""complete_seconds"":3.7244909000000916,""cost_scope"":""Sum ordinary subprocess creation-through-exit wall over every registered actual attempt; includes ordinary output/diagnostics, excludes outer audit and inter-call waiting"",""known_seconds"":3.7244909000000916,""prior_interruption_known_seconds"":0.0,""recorded_measurements"":1,""unknown_measurements"":0,""unknown_time_imputed"":false}"
5094eccbc4519685d9d66d57,posterior,cuda-rwm-sequential,1024,4,research_execution,analyzed,valid,,5.911320900020655,5.911320900020655,"{""attempts_missing_call_return"":0,""complete_seconds"":5.911320900020655,""cost_scope"":""Sum all coordinator run/retry calls except completed verification-only returns; includes recorded refusals/recovery/audit/sealing; excludes ledger writes, report observations and inter-call waiting"",""known_seconds"":5.911320900020655,""prior_interruption_known_seconds"":0.0,""recorded_measurements"":1,""unknown_measurements"":0,""unknown_time_imputed"":false}"
5094eccbc4519685d9d66d57,posterior,cuda-rwm-sequential,1024,4,additional_verification,analyzed,valid,,0.14445620001060888,0.14445620001060888,"{""attempts_missing_call_return"":0,""complete_seconds"":0.14445620001060888,""cost_scope"":""Completed coordinator calls returning newly_executed=false; kept outside primary execution cost"",""known_seconds"":0.14445620001060888,""prior_interruption_known_seconds"":0.0,""recorded_measurements"":1,""unknown_measurements"":0,""unknown_time_imputed"":false}"
5094eccbc4519685d9d66d57,posterior,cuda-rwm-sequential,1024,4,all_invocations,analyzed,valid,,6.055777100031264,6.055777100031264,"{""attempts_missing_call_return"":0,""complete_seconds"":6.055777100031264,""cost_scope"":""All coordinator calls, including additional verification; operational consumption, not standardized time-to-inference"",""known_seconds"":6.055777100031264,""prior_interruption_known_seconds"":0.0,""recorded_measurements"":2,""unknown_measurements"":0,""unknown_time_imputed"":false}"
e1db00e43868543daa795b92,posterior,cuda-mala-sequential,4096,4,ordinary_workflow,analyzed,valid,,22.242986700031906,22.242986700031906,"{""attempts_missing_call_return"":0,""complete_seconds"":22.242986700031906,""cost_scope"":""Sum ordinary subprocess creation-through-exit wall over every registered actual attempt; includes ordinary output/diagnostics, excludes outer audit and inter-call waiting"",""known_seconds"":22.242986700031906,""prior_interruption_known_seconds"":0.0,""recorded_measurements"":1,""unknown_measurements"":0,""unknown_time_imputed"":false}"
e1db00e43868543daa795b92,posterior,cuda-mala-sequential,4096,4,research_execution,analyzed,valid,,24.91400240000803,24.91400240000803,"{""attempts_missing_call_return"":0,""complete_seconds"":24.91400240000803,""cost_scope"":""Sum all coordinator run/retry calls except completed verification-only returns; includes recorded refusals/recovery/audit/sealing; excludes ledger writes, report observations and inter-call waiting"",""known_seconds"":24.91400240000803,""prior_interruption_known_seconds"":0.0,""recorded_measurements"":1,""unknown_measurements"":0,""unknown_time_imputed"":false}"
e1db00e43868543daa795b92,posterior,cuda-mala-sequential,4096,4,additional_verification,analyzed,valid,,0.1451699000026565,0.1451699000026565,"{""attempts_missing_call_return"":0,""complete_seconds"":0.1451699000026565,""cost_scope"":""Completed coordinator calls returning newly_executed=false; kept outside primary execution cost"",""known_seconds"":0.1451699000026565,""prior_interruption_known_seconds"":0.0,""recorded_measurements"":1,""unknown_measurements"":0,""unknown_time_imputed"":false}"
e1db00e43868543daa795b92,posterior,cuda-mala-sequential,4096,4,all_invocations,analyzed,valid,,25.059172300010687,25.059172300010687,"{""attempts_missing_call_return"":0,""complete_seconds"":25.059172300010687,""cost_scope"":""All coordinator calls, including additional verification; operational consumption, not standardized time-to-inference"",""known_seconds"":25.059172300010687,""prior_interruption_known_seconds"":0.0,""recorded_measurements"":2,""unknown_measurements"":0,""unknown_time_imputed"":false}"
18985e490732218a4310e737,posterior,cpu-rwm-sequential,1024,2,ordinary_workflow,analyzed,valid,,2.5439703000010923,2.5439703000010923,"{""attempts_missing_call_return"":0,""complete_seconds"":2.5439703000010923,""cost_scope"":""Sum ordinary subprocess creation-through-exit wall over every registered actual attempt; includes ordinary output/diagnostics, excludes outer audit and inter-call waiting"",""known_seconds"":2.5439703000010923,""prior_interruption_known_seconds"":0.0,""recorded_measurements"":1,""unknown_measurements"":0,""unknown_time_imputed"":false}"
18985e490732218a4310e737,posterior,cpu-rwm-sequential,1024,2,research_execution,analyzed,valid,,4.713846199971158,4.713846199971158,"{""attempts_missing_call_return"":0,""complete_seconds"":4.713846199971158,""cost_scope"":""Sum all coordinator run/retry calls except completed verification-only returns; includes recorded refusals/recovery/audit/sealing; excludes ledger writes, report observations and inter-call waiting"",""known_seconds"":4.713846199971158,""prior_interruption_known_seconds"":0.0,""recorded_measurements"":1,""unknown_measurements"":0,""unknown_time_imputed"":false}"
18985e490732218a4310e737,posterior,cpu-rwm-sequential,1024,2,additional_verification,analyzed,valid,,0.1441149000020232,0.1441149000020232,"{""attempts_missing_call_return"":0,""complete_seconds"":0.1441149000020232,""cost_scope"":""Completed coordinator calls returning newly_executed=false; kept outside primary execution cost"",""known_seconds"":0.1441149000020232,""prior_interruption_known_seconds"":0.0,""recorded_measurements"":1,""unknown_measurements"":0,""unknown_time_imputed"":false}"
18985e490732218a4310e737,posterior,cpu-rwm-sequential,1024,2,all_invocations,analyzed,valid,,4.857961099973181,4.857961099973181,"{""attempts_missing_call_return"":0,""complete_seconds"":4.857961099973181,""cost_scope"":""All coordinator calls, including additional verification; operational consumption, not standardized time-to-inference"",""known_seconds"":4.857961099973181,""prior_interruption_known_seconds"":0.0,""recorded_measurements"":2,""unknown_measurements"":0,""unknown_time_imputed"":false}"
38122823d4de1e044dfb8fba,posterior,cpu-mala-sequential,4096,2,ordinary_workflow,analyzed,valid,,8.35327150003286,8.35327150003286,"{""attempts_missing_call_return"":0,""complete_seconds"":8.35327150003286,""cost_scope"":""Sum ordinary subprocess creation-through-exit wall over every registered actual attempt; includes ordinary output/diagnostics, excludes outer audit and inter-call waiting"",""known_seconds"":8.35327150003286,""prior_interruption_known_seconds"":0.0,""recorded_measurements"":1,""unknown_measurements"":0,""unknown_time_imputed"":false}"
38122823d4de1e044dfb8fba,posterior,cpu-mala-sequential,4096,2,research_execution,analyzed,valid,,11.131089700036682,11.131089700036682,"{""attempts_missing_call_return"":0,""complete_seconds"":11.131089700036682,""cost_scope"":""Sum all coordinator run/retry calls except completed verification-only returns; includes recorded refusals/recovery/audit/sealing; excludes ledger writes, report observations and inter-call waiting"",""known_seconds"":11.131089700036682,""prior_interruption_known_seconds"":0.0,""recorded_measurements"":1,""unknown_measurements"":0,""unknown_time_imputed"":false}"
38122823d4de1e044dfb8fba,posterior,cpu-mala-sequential,4096,2,additional_verification,analyzed,valid,,0.20648310000251513,0.20648310000251513,"{""attempts_missing_call_return"":0,""complete_seconds"":0.20648310000251513,""cost_scope"":""Completed coordinator calls returning newly_executed=false; kept outside primary execution cost"",""known_seconds"":0.20648310000251513,""prior_interruption_known_seconds"":0.0,""recorded_measurements"":1,""unknown_measurements"":0,""unknown_time_imputed"":false}"
38122823d4de1e044dfb8fba,posterior,cpu-mala-sequential,4096,2,all_invocations,analyzed,valid,,11.337572800039197,11.337572800039197,"{""attempts_missing_call_return"":0,""complete_seconds"":11.337572800039197,""cost_scope"":""All coordinator calls, including additional verification; operational consumption, not standardized time-to-inference"",""known_seconds"":11.337572800039197,""prior_interruption_known_seconds"":0.0,""recorded_measurements"":2,""unknown_measurements"":0,""unknown_time_imputed"":false}"
6b4e135a4ffaa14d2e97b476,posterior,cpu-mala-quasi_deer,1024,6,ordinary_workflow,analyzed,valid,,14.563030700024683,14.563030700024683,"{""attempts_missing_call_return"":0,""complete_seconds"":14.563030700024683,""cost_scope"":""Sum ordinary subprocess creation-through-exit wall over every registered actual attempt; includes ordinary output/diagnostics, excludes outer audit and inter-call waiting"",""known_seconds"":14.563030700024683,""prior_interruption_known_seconds"":0.0,""recorded_measurements"":1,""unknown_measurements"":0,""unknown_time_imputed"":false}"
6b4e135a4ffaa14d2e97b476,posterior,cpu-mala-quasi_deer,1024,6,research_execution,analyzed,valid,,16.928750800027046,16.928750800027046,"{""attempts_missing_call_return"":0,""complete_seconds"":16.928750800027046,""cost_scope"":""Sum all coordinator run/retry calls except completed verification-only returns; includes recorded refusals/recovery/audit/sealing; excludes ledger writes, report observations and inter-call waiting"",""known_seconds"":16.928750800027046,""prior_interruption_known_seconds"":0.0,""recorded_measurements"":1,""unknown_measurements"":0,""unknown_time_imputed"":false}"
6b4e135a4ffaa14d2e97b476,posterior,cpu-mala-quasi_deer,1024,6,additional_verification,analyzed,valid,,0.1430021999985911,0.1430021999985911,"{""attempts_missing_call_return"":0,""complete_seconds"":0.1430021999985911,""cost_scope"":""Completed coordinator calls returning newly_executed=false; kept outside primary execution cost"",""known_seconds"":0.1430021999985911,""prior_interruption_known_seconds"":0.0,""recorded_measurements"":1,""unknown_measurements"":0,""unknown_time_imputed"":false}"
6b4e135a4ffaa14d2e97b476,posterior,cpu-mala-quasi_deer,1024,6,all_invocations,analyzed,valid,,17.071753000025637,17.071753000025637,"{""attempts_missing_call_return"":0,""complete_seconds"":17.071753000025637,""cost_scope"":""All coordinator calls, including additional verification; operational consumption, not standardized time-to-inference"",""known_seconds"":17.071753000025637,""prior_interruption_known_seconds"":0.0,""recorded_measurements"":2,""unknown_measurements"":0,""unknown_time_imputed"":false}"
eb709fa8505eb0d2350d2deb,posterior,cpu-rwm-online_picard,4096,4,ordinary_workflow,analyzed,valid,,3.8390339000034146,3.8390339000034146,"{""attempts_missing_call_return"":0,""complete_seconds"":3.8390339000034146,""cost_scope"":""Sum ordinary subprocess creation-through-exit wall over every registered actual attempt; includes ordinary output/diagnostics, excludes outer audit and inter-call waiting"",""known_seconds"":3.8390339000034146,""prior_interruption_known_seconds"":0.0,""recorded_measurements"":1,""unknown_measurements"":0,""unknown_time_imputed"":false}"
eb709fa8505eb0d2350d2deb,posterior,cpu-rwm-online_picard,4096,4,research_execution,analyzed,valid,,6.2129973999690264,6.2129973999690264,"{""attempts_missing_call_return"":0,""complete_seconds"":6.2129973999690264,""cost_scope"":""Sum all coordinator run/retry calls except completed verification-only returns; includes recorded refusals/recovery/audit/sealing; excludes ledger writes, report observations and inter-call waiting"",""known_seconds"":6.2129973999690264,""prior_interruption_known_seconds"":0.0,""recorded_measurements"":1,""unknown_measurements"":0,""unknown_time_imputed"":false}"
eb709fa8505eb0d2350d2deb,posterior,cpu-rwm-online_picard,4096,4,additional_verification,analyzed,valid,,0.144230099991546,0.144230099991546,"{""attempts_missing_call_return"":0,""complete_seconds"":0.144230099991546,""cost_scope"":""Completed coordinator calls returning newly_executed=false; kept outside primary execution cost"",""known_seconds"":0.144230099991546,""prior_interruption_known_seconds"":0.0,""recorded_measurements"":1,""unknown_measurements"":0,""unknown_time_imputed"":false}"
eb709fa8505eb0d2350d2deb,posterior,cpu-rwm-online_picard,4096,4,all_invocations,analyzed,valid,,6.3572274999605725,6.3572274999605725,"{""attempts_missing_call_return"":0,""complete_seconds"":6.3572274999605725,""cost_scope"":""All coordinator calls, including additional verification; operational consumption, not standardized time-to-inference"",""known_seconds"":6.3572274999605725,""prior_interruption_known_seconds"":0.0,""recorded_measurements"":2,""unknown_measurements"":0,""unknown_time_imputed"":false}"
d380ed17feae7413bdfb82b5,posterior,cuda-rwm-online_picard,4096,1,ordinary_workflow,analyzed,valid,,6.936463899968658,6.936463899968658,"{""attempts_missing_call_return"":0,""complete_seconds"":6.936463899968658,""cost_scope"":""Sum ordinary subprocess creation-through-exit wall over every registered actual attempt; includes ordinary output/diagnostics, excludes outer audit and inter-call waiting"",""known_seconds"":6.936463899968658,""prior_interruption_known_seconds"":0.0,""recorded_measurements"":1,""unknown_measurements"":0,""unknown_time_imputed"":false}"
d380ed17feae7413bdfb82b5,posterior,cuda-rwm-online_picard,4096,1,research_execution,analyzed,valid,,9.281692699994892,9.281692699994892,"{""attempts_missing_call_return"":0,""complete_seconds"":9.281692699994892,""cost_scope"":""Sum all coordinator run/retry calls except completed verification-only returns; includes recorded refusals/recovery/audit/sealing; excludes ledger writes, report observations and inter-call waiting"",""known_seconds"":9.281692699994892,""prior_interruption_known_seconds"":0.0,""recorded_measurements"":1,""unknown_measurements"":0,""unknown_time_imputed"":false}"
d380ed17feae7413bdfb82b5,posterior,cuda-rwm-online_picard,4096,1,additional_verification,analyzed,valid,,0.1577197000005981,0.1577197000005981,"{""attempts_missing_call_return"":0,""complete_seconds"":0.1577197000005981,""cost_scope"":""Completed coordinator calls returning newly_executed=false; kept outside primary execution cost"",""known_seconds"":0.1577197000005981,""prior_interruption_known_seconds"":0.0,""recorded_measurements"":1,""unknown_measurements"":0,""unknown_time_imputed"":false}"
d380ed17feae7413bdfb82b5,posterior,cuda-rwm-online_picard,4096,1,all_invocations,analyzed,valid,,9.43941239999549,9.43941239999549,"{""attempts_missing_call_return"":0,""complete_seconds"":9.43941239999549,""cost_scope"":""All coordinator calls, including additional verification; operational consumption, not standardized time-to-inference"",""known_seconds"":9.43941239999549,""prior_interruption_known_seconds"":0.0,""recorded_measurements"":2,""unknown_measurements"":0,""unknown_time_imputed"":false}"
a922141f97cb0699f9f5a880,posterior,cpu-rwm-online_picard,1024,2,ordinary_workflow,analyzed,valid,,2.6657580000464804,2.6657580000464804,"{""attempts_missing_call_return"":0,""complete_seconds"":2.6657580000464804,""cost_scope"":""Sum ordinary subprocess creation-through-exit wall over every registered actual attempt; includes ordinary output/diagnostics, excludes outer audit and inter-call waiting"",""known_seconds"":2.6657580000464804,""prior_interruption_known_seconds"":0.0,""recorded_measurements"":1,""unknown_measurements"":0,""unknown_time_imputed"":false}"
a922141f97cb0699f9f5a880,posterior,cpu-rwm-online_picard,1024,2,research_execution,analyzed,valid,,4.960001900035422,4.960001900035422,"{""attempts_missing_call_return"":0,""complete_seconds"":4.960001900035422,""cost_scope"":""Sum all coordinator run/retry calls except completed verification-only returns; includes recorded refusals/recovery/audit/sealing; excludes ledger writes, report observations and inter-call waiting"",""known_seconds"":4.960001900035422,""prior_interruption_known_seconds"":0.0,""recorded_measurements"":1,""unknown_measurements"":0,""unknown_time_imputed"":false}"
a922141f97cb0699f9f5a880,posterior,cpu-rwm-online_picard,1024,2,additional_verification,analyzed,valid,,0.15492400000221096,0.15492400000221096,"{""attempts_missing_call_return"":0,""complete_seconds"":0.15492400000221096,""cost_scope"":""Completed coordinator calls returning newly_executed=false; kept outside primary execution cost"",""known_seconds"":0.15492400000221096,""prior_interruption_known_seconds"":0.0,""recorded_measurements"":1,""unknown_measurements"":0,""unknown_time_imputed"":false}"
a922141f97cb0699f9f5a880,posterior,cpu-rwm-online_picard,1024,2,all_invocations,analyzed,valid,,5.114925900037633,5.114925900037633,"{""attempts_missing_call_return"":0,""complete_seconds"":5.114925900037633,""cost_scope"":""All coordinator calls, including additional verification; operational consumption, not standardized time-to-inference"",""known_seconds"":5.114925900037633,""prior_interruption_known_seconds"":0.0,""recorded_measurements"":2,""unknown_measurements"":0,""unknown_time_imputed"":false}"
c0aa79c6914d252e47d611de,posterior,cuda-mala-quasi_deer,4096,2,ordinary_workflow,analyzed,numerical_failure,,82.01675140002044,82.01675140002044,"{""attempts_missing_call_return"":0,""complete_seconds"":82.01675140002044,""cost_scope"":""Sum ordinary subprocess creation-through-exit wall over every registered actual attempt; includes ordinary output/diagnostics, excludes outer audit and inter-call waiting"",""known_seconds"":82.01675140002044,""prior_interruption_known_seconds"":0.0,""recorded_measurements"":1,""unknown_measurements"":0,""unknown_time_imputed"":false}"
c0aa79c6914d252e47d611de,posterior,cuda-mala-quasi_deer,4096,2,research_execution,analyzed,numerical_failure,,84.81335539999418,84.81335539999418,"{""attempts_missing_call_return"":0,""complete_seconds"":84.81335539999418,""cost_scope"":""Sum all coordinator run/retry calls except completed verification-only returns; includes recorded refusals/recovery/audit/sealing; excludes ledger writes, report observations and inter-call waiting"",""known_seconds"":84.81335539999418,""prior_interruption_known_seconds"":0.0,""recorded_measurements"":1,""unknown_measurements"":0,""unknown_time_imputed"":false}"
c0aa79c6914d252e47d611de,posterior,cuda-mala-quasi_deer,4096,2,additional_verification,analyzed,numerical_failure,,0.15912829998706002,0.15912829998706002,"{""attempts_missing_call_return"":0,""complete_seconds"":0.15912829998706002,""cost_scope"":""Completed coordinator calls returning newly_executed=false; kept outside primary execution cost"",""known_seconds"":0.15912829998706002,""prior_interruption_known_seconds"":0.0,""recorded_measurements"":1,""unknown_measurements"":0,""unknown_time_imputed"":false}"
c0aa79c6914d252e47d611de,posterior,cuda-mala-quasi_deer,4096,2,all_invocations,analyzed,numerical_failure,,84.97248369998124,84.97248369998124,"{""attempts_missing_call_return"":0,""complete_seconds"":84.97248369998124,""cost_scope"":""All coordinator calls, including additional verification; operational consumption, not standardized time-to-inference"",""known_seconds"":84.97248369998124,""prior_interruption_known_seconds"":0.0,""recorded_measurements"":2,""unknown_measurements"":0,""unknown_time_imputed"":false}"
bbc1496c16ed20d6bfca60fd,posterior,cpu-rwm-sequential,1024,5,ordinary_workflow,analyzed,valid,,2.526640900003258,2.526640900003258,"{""attempts_missing_call_return"":0,""complete_seconds"":2.526640900003258,""cost_scope"":""Sum ordinary subprocess creation-through-exit wall over every registered actual attempt; includes ordinary output/diagnostics, excludes outer audit and inter-call waiting"",""known_seconds"":2.526640900003258,""prior_interruption_known_seconds"":0.0,""recorded_measurements"":1,""unknown_measurements"":0,""unknown_time_imputed"":false}"
bbc1496c16ed20d6bfca60fd,posterior,cpu-rwm-sequential,1024,5,research_execution,analyzed,valid,,4.7098990000085905,4.7098990000085905,"{""attempts_missing_call_return"":0,""complete_seconds"":4.7098990000085905,""cost_scope"":""Sum all coordinator run/retry calls except completed verification-only returns; includes recorded refusals/recovery/audit/sealing; excludes ledger writes, report observations and inter-call waiting"",""known_seconds"":4.7098990000085905,""prior_interruption_known_seconds"":0.0,""recorded_measurements"":1,""unknown_measurements"":0,""unknown_time_imputed"":false}"
bbc1496c16ed20d6bfca60fd,posterior,cpu-rwm-sequential,1024,5,additional_verification,analyzed,valid,,0.15688569999474566,0.15688569999474566,"{""attempts_missing_call_return"":0,""complete_seconds"":0.15688569999474566,""cost_scope"":""Completed coordinator calls returning newly_executed=false; kept outside primary execution cost"",""known_seconds"":0.15688569999474566,""prior_interruption_known_seconds"":0.0,""recorded_measurements"":1,""unknown_measurements"":0,""unknown_time_imputed"":false}"
bbc1496c16ed20d6bfca60fd,posterior,cpu-rwm-sequential,1024,5,all_invocations,analyzed,valid,,4.866784700003336,4.866784700003336,"{""attempts_missing_call_return"":0,""complete_seconds"":4.866784700003336,""cost_scope"":""All coordinator calls, including additional verification; operational consumption, not standardized time-to-inference"",""known_seconds"":4.866784700003336,""prior_interruption_known_seconds"":0.0,""recorded_measurements"":2,""unknown_measurements"":0,""unknown_time_imputed"":false}"
6ead5650e62014bb506b4cec,posterior,cpu-rwm-sequential,4096,6,ordinary_workflow,analyzed,valid,,3.397245900006965,3.397245900006965,"{""attempts_missing_call_return"":0,""complete_seconds"":3.397245900006965,""cost_scope"":""Sum ordinary subprocess creation-through-exit wall over every registered actual attempt; includes ordinary output/diagnostics, excludes outer audit and inter-call waiting"",""known_seconds"":3.397245900006965,""prior_interruption_known_seconds"":0.0,""recorded_measurements"":1,""unknown_measurements"":0,""unknown_time_imputed"":false}"
6ead5650e62014bb506b4cec,posterior,cpu-rwm-sequential,4096,6,research_execution,analyzed,valid,,5.7484474000521,5.7484474000521,"{""attempts_missing_call_return"":0,""complete_seconds"":5.7484474000521,""cost_scope"":""Sum all coordinator run/retry calls except completed verification-only returns; includes recorded refusals/recovery/audit/sealing; excludes ledger writes, report observations and inter-call waiting"",""known_seconds"":5.7484474000521,""prior_interruption_known_seconds"":0.0,""recorded_measurements"":1,""unknown_measurements"":0,""unknown_time_imputed"":false}"
6ead5650e62014bb506b4cec,posterior,cpu-rwm-sequential,4096,6,additional_verification,analyzed,valid,,0.15444610000122339,0.15444610000122339,"{""attempts_missing_call_return"":0,""complete_seconds"":0.15444610000122339,""cost_scope"":""Completed coordinator calls returning newly_executed=false; kept outside primary execution cost"",""known_seconds"":0.15444610000122339,""prior_interruption_known_seconds"":0.0,""recorded_measurements"":1,""unknown_measurements"":0,""unknown_time_imputed"":false}"
6ead5650e62014bb506b4cec,posterior,cpu-rwm-sequential,4096,6,all_invocations,analyzed,valid,,5.902893500053324,5.902893500053324,"{""attempts_missing_call_return"":0,""complete_seconds"":5.902893500053324,""cost_scope"":""All coordinator calls, including additional verification; operational consumption, not standardized time-to-inference"",""known_seconds"":5.902893500053324,""prior_interruption_known_seconds"":0.0,""recorded_measurements"":2,""unknown_measurements"":0,""unknown_time_imputed"":false}"
1e0309e86a287ca8dfdbffaa,posterior,cpu-mala-sequential,4096,7,ordinary_workflow,analyzed,valid,,8.152923099987675,8.152923099987675,"{""attempts_missing_call_return"":0,""complete_seconds"":8.152923099987675,""cost_scope"":""Sum ordinary subprocess creation-through-exit wall over every registered actual attempt; includes ordinary output/diagnostics, excludes outer audit and inter-call waiting"",""known_seconds"":8.152923099987675,""prior_interruption_known_seconds"":0.0,""recorded_measurements"":1,""unknown_measurements"":0,""unknown_time_imputed"":false}"
1e0309e86a287ca8dfdbffaa,posterior,cpu-mala-sequential,4096,7,research_execution,analyzed,valid,,10.905657399969641,10.905657399969641,"{""attempts_missing_call_return"":0,""complete_seconds"":10.905657399969641,""cost_scope"":""Sum all coordinator run/retry calls except completed verification-only returns; includes recorded refusals/recovery/audit/sealing; excludes ledger writes, report observations and inter-call waiting"",""known_seconds"":10.905657399969641,""prior_interruption_known_seconds"":0.0,""recorded_measurements"":1,""unknown_measurements"":0,""unknown_time_imputed"":false}"
1e0309e86a287ca8dfdbffaa,posterior,cpu-mala-sequential,4096,7,additional_verification,analyzed,valid,,0.15864150000561494,0.15864150000561494,"{""attempts_missing_call_return"":0,""complete_seconds"":0.15864150000561494,""cost_scope"":""Completed coordinator calls returning newly_executed=false; kept outside primary execution cost"",""known_seconds"":0.15864150000561494,""prior_interruption_known_seconds"":0.0,""recorded_measurements"":1,""unknown_measurements"":0,""unknown_time_imputed"":false}"
1e0309e86a287ca8dfdbffaa,posterior,cpu-mala-sequential,4096,7,all_invocations,analyzed,valid,,11.064298899975256,11.064298899975256,"{""attempts_missing_call_return"":0,""complete_seconds"":11.064298899975256,""cost_scope"":""All coordinator calls, including additional verification; operational consumption, not standardized time-to-inference"",""known_seconds"":11.064298899975256,""prior_interruption_known_seconds"":0.0,""recorded_measurements"":2,""unknown_measurements"":0,""unknown_time_imputed"":false}"
07e718c13842fd48774484b5,posterior,cuda-rwm-online_picard,4096,0,ordinary_workflow,analyzed,valid,,7.625622100022156,7.625622100022156,"{""attempts_missing_call_return"":0,""complete_seconds"":7.625622100022156,""cost_scope"":""Sum ordinary subprocess creation-through-exit wall over every registered actual attempt; includes ordinary output/diagnostics, excludes outer audit and inter-call waiting"",""known_seconds"":7.625622100022156,""prior_interruption_known_seconds"":0.0,""recorded_measurements"":1,""unknown_measurements"":0,""unknown_time_imputed"":false}"
07e718c13842fd48774484b5,posterior,cuda-rwm-online_picard,4096,0,research_execution,analyzed,valid,,10.00227639998775,10.00227639998775,"{""attempts_missing_call_return"":0,""complete_seconds"":10.00227639998775,""cost_scope"":""Sum all coordinator run/retry calls except completed verification-only returns; includes recorded refusals/recovery/audit/sealing; excludes ledger writes, report observations and inter-call waiting"",""known_seconds"":10.00227639998775,""prior_interruption_known_seconds"":0.0,""recorded_measurements"":1,""unknown_measurements"":0,""unknown_time_imputed"":false}"
07e718c13842fd48774484b5,posterior,cuda-rwm-online_picard,4096,0,additional_verification,analyzed,valid,,0.1570172000065213,0.1570172000065213,"{""attempts_missing_call_return"":0,""complete_seconds"":0.1570172000065213,""cost_scope"":""Completed coordinator calls returning newly_executed=false; kept outside primary execution cost"",""known_seconds"":0.1570172000065213,""prior_interruption_known_seconds"":0.0,""recorded_measurements"":1,""unknown_measurements"":0,""unknown_time_imputed"":false}"
07e718c13842fd48774484b5,posterior,cuda-rwm-online_picard,4096,0,all_invocations,analyzed,valid,,10.159293599994271,10.159293599994271,"{""attempts_missing_call_return"":0,""complete_seconds"":10.159293599994271,""cost_scope"":""All coordinator calls, including additional verification; operational consumption, not standardized time-to-inference"",""known_seconds"":10.159293599994271,""prior_interruption_known_seconds"":0.0,""recorded_measurements"":2,""unknown_measurements"":0,""unknown_time_imputed"":false}"
8bf4975aaa6e4ebea9a7a3d9,posterior,cuda-rwm-sequential,1024,3,ordinary_workflow,analyzed,valid,,3.7062581999925897,3.7062581999925897,"{""attempts_missing_call_return"":0,""complete_seconds"":3.7062581999925897,""cost_scope"":""Sum ordinary subprocess creation-through-exit wall over every registered actual attempt; includes ordinary output/diagnostics, excludes outer audit and inter-call waiting"",""known_seconds"":3.7062581999925897,""prior_interruption_known_seconds"":0.0,""recorded_measurements"":1,""unknown_measurements"":0,""unknown_time_imputed"":false}"
8bf4975aaa6e4ebea9a7a3d9,posterior,cuda-rwm-sequential,1024,3,research_execution,analyzed,valid,,5.867888999986462,5.867888999986462,"{""attempts_missing_call_return"":0,""complete_seconds"":5.867888999986462,""cost_scope"":""Sum all coordinator run/retry calls except completed verification-only returns; includes recorded refusals/recovery/audit/sealing; excludes ledger writes, report observations and inter-call waiting"",""known_seconds"":5.867888999986462,""prior_interruption_known_seconds"":0.0,""recorded_measurements"":1,""unknown_measurements"":0,""unknown_time_imputed"":false}"
8bf4975aaa6e4ebea9a7a3d9,posterior,cuda-rwm-sequential,1024,3,additional_verification,analyzed,valid,,0.15838890000304673,0.15838890000304673,"{""attempts_missing_call_return"":0,""complete_seconds"":0.15838890000304673,""cost_scope"":""Completed coordinator calls returning newly_executed=false; kept outside primary execution cost"",""known_seconds"":0.15838890000304673,""prior_interruption_known_seconds"":0.0,""recorded_measurements"":1,""unknown_measurements"":0,""unknown_time_imputed"":false}"
8bf4975aaa6e4ebea9a7a3d9,posterior,cuda-rwm-sequential,1024,3,all_invocations,analyzed,valid,,6.026277899989509,6.026277899989509,"{""attempts_missing_call_return"":0,""complete_seconds"":6.026277899989509,""cost_scope"":""All coordinator calls, including additional verification; operational consumption, not standardized time-to-inference"",""known_seconds"":6.026277899989509,""prior_interruption_known_seconds"":0.0,""recorded_measurements"":2,""unknown_measurements"":0,""unknown_time_imputed"":false}"
62900952acd143ffd32665fd,posterior,cpu-nuts-spawn_chains,4096,2,ordinary_workflow,analyzed,output_failure_unclassified,,59.66675089998171,59.66675089998171,"{""attempts_missing_call_return"":0,""complete_seconds"":59.66675089998171,""cost_scope"":""Sum ordinary subprocess creation-through-exit wall over every registered actual attempt; includes ordinary output/diagnostics, excludes outer audit and inter-call waiting"",""known_seconds"":59.66675089998171,""prior_interruption_known_seconds"":0.0,""recorded_measurements"":1,""unknown_measurements"":0,""unknown_time_imputed"":false}"
62900952acd143ffd32665fd,posterior,cpu-nuts-spawn_chains,4096,2,research_execution,analyzed,output_failure_unclassified,,61.95517870003823,61.95517870003823,"{""attempts_missing_call_return"":0,""complete_seconds"":61.95517870003823,""cost_scope"":""Sum all coordinator run/retry calls except completed verification-only returns; includes recorded refusals/recovery/audit/sealing; excludes ledger writes, report observations and inter-call waiting"",""known_seconds"":61.95517870003823,""prior_interruption_known_seconds"":0.0,""recorded_measurements"":1,""unknown_measurements"":0,""unknown_time_imputed"":false}"
62900952acd143ffd32665fd,posterior,cpu-nuts-spawn_chains,4096,2,additional_verification,analyzed,output_failure_unclassified,,0.16162959999928717,0.16162959999928717,"{""attempts_missing_call_return"":0,""complete_seconds"":0.16162959999928717,""cost_scope"":""Completed coordinator calls returning newly_executed=false; kept outside primary execution cost"",""known_seconds"":0.16162959999928717,""prior_interruption_known_seconds"":0.0,""recorded_measurements"":1,""unknown_measurements"":0,""unknown_time_imputed"":false}"
62900952acd143ffd32665fd,posterior,cpu-nuts-spawn_chains,4096,2,all_invocations,analyzed,output_failure_unclassified,,62.11680830003752,62.11680830003752,"{""attempts_missing_call_return"":0,""complete_seconds"":62.11680830003752,""cost_scope"":""All coordinator calls, including additional verification; operational consumption, not standardized time-to-inference"",""known_seconds"":62.11680830003752,""prior_interruption_known_seconds"":0.0,""recorded_measurements"":2,""unknown_measurements"":0,""unknown_time_imputed"":false}"
633b38b63fbeaf67d669001c,posterior,cuda-mala-sequential,4096,3,ordinary_workflow,analyzed,valid,,21.936544399999548,21.936544399999548,"{""attempts_missing_call_return"":0,""complete_seconds"":21.936544399999548,""cost_scope"":""Sum ordinary subprocess creation-through-exit wall over every registered actual attempt; includes ordinary output/diagnostics, excludes outer audit and inter-call waiting"",""known_seconds"":21.936544399999548,""prior_interruption_known_seconds"":0.0,""recorded_measurements"":1,""unknown_measurements"":0,""unknown_time_imputed"":false}"
633b38b63fbeaf67d669001c,posterior,cuda-mala-sequential,4096,3,research_execution,analyzed,valid,,24.59468169999309,24.59468169999309,"{""attempts_missing_call_return"":0,""complete_seconds"":24.59468169999309,""cost_scope"":""Sum all coordinator run/retry calls except completed verification-only returns; includes recorded refusals/recovery/audit/sealing; excludes ledger writes, report observations and inter-call waiting"",""known_seconds"":24.59468169999309,""prior_interruption_known_seconds"":0.0,""recorded_measurements"":1,""unknown_measurements"":0,""unknown_time_imputed"":false}"
633b38b63fbeaf67d669001c,posterior,cuda-mala-sequential,4096,3,additional_verification,analyzed,valid,,0.15523549998761155,0.15523549998761155,"{""attempts_missing_call_return"":0,""complete_seconds"":0.15523549998761155,""cost_scope"":""Completed coordinator calls returning newly_executed=false; kept outside primary execution cost"",""known_seconds"":0.15523549998761155,""prior_interruption_known_seconds"":0.0,""recorded_measurements"":1,""unknown_measurements"":0,""unknown_time_imputed"":false}"
633b38b63fbeaf67d669001c,posterior,cuda-mala-sequential,4096,3,all_invocations,analyzed,valid,,24.7499171999807,24.7499171999807,"{""attempts_missing_call_return"":0,""complete_seconds"":24.7499171999807,""cost_scope"":""All coordinator calls, including additional verification; operational consumption, not standardized time-to-inference"",""known_seconds"":24.7499171999807,""prior_interruption_known_seconds"":0.0,""recorded_measurements"":2,""unknown_measurements"":0,""unknown_time_imputed"":false}"
96540d4badb3af0adfaeeb2f,posterior,cuda-mala-sequential,4096,2,ordinary_workflow,analyzed,valid,,21.79015850002179,21.79015850002179,"{""attempts_missing_call_return"":0,""complete_seconds"":21.79015850002179,""cost_scope"":""Sum ordinary subprocess creation-through-exit wall over every registered actual attempt; includes ordinary output/diagnostics, excludes outer audit and inter-call waiting"",""known_seconds"":21.79015850002179,""prior_interruption_known_seconds"":0.0,""recorded_measurements"":1,""unknown_measurements"":0,""unknown_time_imputed"":false}"
96540d4badb3af0adfaeeb2f,posterior,cuda-mala-sequential,4096,2,research_execution,analyzed,valid,,24.440091700002085,24.440091700002085,"{""attempts_missing_call_return"":0,""complete_seconds"":24.440091700002085,""cost_scope"":""Sum all coordinator run/retry calls except completed verification-only returns; includes recorded refusals/recovery/audit/sealing; excludes ledger writes, report observations and inter-call waiting"",""known_seconds"":24.440091700002085,""prior_interruption_known_seconds"":0.0,""recorded_measurements"":1,""unknown_measurements"":0,""unknown_time_imputed"":false}"
96540d4badb3af0adfaeeb2f,posterior,cuda-mala-sequential,4096,2,additional_verification,analyzed,valid,,0.16110279998974875,0.16110279998974875,"{""attempts_missing_call_return"":0,""complete_seconds"":0.16110279998974875,""cost_scope"":""Completed coordinator calls returning newly_executed=false; kept outside primary execution cost"",""known_seconds"":0.16110279998974875,""prior_interruption_known_seconds"":0.0,""recorded_measurements"":1,""unknown_measurements"":0,""unknown_time_imputed"":false}"
96540d4badb3af0adfaeeb2f,posterior,cuda-mala-sequential,4096,2,all_invocations,analyzed,valid,,24.601194499991834,24.601194499991834,"{""attempts_missing_call_return"":0,""complete_seconds"":24.601194499991834,""cost_scope"":""All coordinator calls, including additional verification; operational consumption, not standardized time-to-inference"",""known_seconds"":24.601194499991834,""prior_interruption_known_seconds"":0.0,""recorded_measurements"":2,""unknown_measurements"":0,""unknown_time_imputed"":false}"
c4510b44e77cd3cf10bed50a,posterior,cpu-mala-sequential,1024,3,ordinary_workflow,analyzed,valid,,4.69632389995968,4.69632389995968,"{""attempts_missing_call_return"":0,""complete_seconds"":4.69632389995968,""cost_scope"":""Sum ordinary subprocess creation-through-exit wall over every registered actual attempt; includes ordinary output/diagnostics, excludes outer audit and inter-call waiting"",""known_seconds"":4.69632389995968,""prior_interruption_known_seconds"":0.0,""recorded_measurements"":1,""unknown_measurements"":0,""unknown_time_imputed"":false}"
c4510b44e77cd3cf10bed50a,posterior,cpu-mala-sequential,1024,3,research_execution,analyzed,valid,,7.066317999968305,7.066317999968305,"{""attempts_missing_call_return"":0,""complete_seconds"":7.066317999968305,""cost_scope"":""Sum all coordinator run/retry calls except completed verification-only returns; includes recorded refusals/recovery/audit/sealing; excludes ledger writes, report observations and inter-call waiting"",""known_seconds"":7.066317999968305,""prior_interruption_known_seconds"":0.0,""recorded_measurements"":1,""unknown_measurements"":0,""unknown_time_imputed"":false}"
c4510b44e77cd3cf10bed50a,posterior,cpu-mala-sequential,1024,3,additional_verification,analyzed,valid,,0.16144369999528863,0.16144369999528863,"{""attempts_missing_call_return"":0,""complete_seconds"":0.16144369999528863,""cost_scope"":""Completed coordinator calls returning newly_executed=false; kept outside primary execution cost"",""known_seconds"":0.16144369999528863,""prior_interruption_known_seconds"":0.0,""recorded_measurements"":1,""unknown_measurements"":0,""unknown_time_imputed"":false}"
c4510b44e77cd3cf10bed50a,posterior,cpu-mala-sequential,1024,3,all_invocations,analyzed,valid,,7.227761699963594,7.227761699963594,"{""attempts_missing_call_return"":0,""complete_seconds"":7.227761699963594,""cost_scope"":""All coordinator calls, including additional verification; operational consumption, not standardized time-to-inference"",""known_seconds"":7.227761699963594,""prior_interruption_known_seconds"":0.0,""recorded_measurements"":2,""unknown_measurements"":0,""unknown_time_imputed"":false}"
49ce112f7e9d03731ace80bf,posterior,cpu-rwm-sequential,4096,2,ordinary_workflow,analyzed,valid,,3.408917900000233,3.408917900000233,"{""attempts_missing_call_return"":0,""complete_seconds"":3.408917900000233,""cost_scope"":""Sum ordinary subprocess creation-through-exit wall over every registered actual attempt; includes ordinary output/diagnostics, excludes outer audit and inter-call waiting"",""known_seconds"":3.408917900000233,""prior_interruption_known_seconds"":0.0,""recorded_measurements"":1,""unknown_measurements"":0,""unknown_time_imputed"":false}"
49ce112f7e9d03731ace80bf,posterior,cpu-rwm-sequential,4096,2,research_execution,analyzed,valid,,5.76865819998784,5.76865819998784,"{""attempts_missing_call_return"":0,""complete_seconds"":5.76865819998784,""cost_scope"":""Sum all coordinator run/retry calls except completed verification-only returns; includes recorded refusals/recovery/audit/sealing; excludes ledger writes, report observations and inter-call waiting"",""known_seconds"":5.76865819998784,""prior_interruption_known_seconds"":0.0,""recorded_measurements"":1,""unknown_measurements"":0,""unknown_time_imputed"":false}"
49ce112f7e9d03731ace80bf,posterior,cpu-rwm-sequential,4096,2,additional_verification,analyzed,valid,,0.16109869998763315,0.16109869998763315,"{""attempts_missing_call_return"":0,""complete_seconds"":0.16109869998763315,""cost_scope"":""Completed coordinator calls returning newly_executed=false; kept outside primary execution cost"",""known_seconds"":0.16109869998763315,""prior_interruption_known_seconds"":0.0,""recorded_measurements"":1,""unknown_measurements"":0,""unknown_time_imputed"":false}"
49ce112f7e9d03731ace80bf,posterior,cpu-rwm-sequential,4096,2,all_invocations,analyzed,valid,,5.929756899975473,5.929756899975473,"{""attempts_missing_call_return"":0,""complete_seconds"":5.929756899975473,""cost_scope"":""All coordinator calls, including additional verification; operational consumption, not standardized time-to-inference"",""known_seconds"":5.929756899975473,""prior_interruption_known_seconds"":0.0,""recorded_measurements"":2,""unknown_measurements"":0,""unknown_time_imputed"":false}"
923aad026c573a90741c0a29,posterior,cpu-rwm-sequential,4096,3,ordinary_workflow,analyzed,valid,,3.392612299998291,3.392612299998291,"{""attempts_missing_call_return"":0,""complete_seconds"":3.392612299998291,""cost_scope"":""Sum ordinary subprocess creation-through-exit wall over every registered actual attempt; includes ordinary output/diagnostics, excludes outer audit and inter-call waiting"",""known_seconds"":3.392612299998291,""prior_interruption_known_seconds"":0.0,""recorded_measurements"":1,""unknown_measurements"":0,""unknown_time_imputed"":false}"
923aad026c573a90741c0a29,posterior,cpu-rwm-sequential,4096,3,research_execution,analyzed,valid,,5.77524559997255,5.77524559997255,"{""attempts_missing_call_return"":0,""complete_seconds"":5.77524559997255,""cost_scope"":""Sum all coordinator run/retry calls except completed verification-only returns; includes recorded refusals/recovery/audit/sealing; excludes ledger writes, report observations and inter-call waiting"",""known_seconds"":5.77524559997255,""prior_interruption_known_seconds"":0.0,""recorded_measurements"":1,""unknown_measurements"":0,""unknown_time_imputed"":false}"
923aad026c573a90741c0a29,posterior,cpu-rwm-sequential,4096,3,additional_verification,analyzed,valid,,0.15665910000097938,0.15665910000097938,"{""attempts_missing_call_return"":0,""complete_seconds"":0.15665910000097938,""cost_scope"":""Completed coordinator calls returning newly_executed=false; kept outside primary execution cost"",""known_seconds"":0.15665910000097938,""prior_interruption_known_seconds"":0.0,""recorded_measurements"":1,""unknown_measurements"":0,""unknown_time_imputed"":false}"
923aad026c573a90741c0a29,posterior,cpu-rwm-sequential,4096,3,all_invocations,analyzed,valid,,5.931904699973529,5.931904699973529,"{""attempts_missing_call_return"":0,""complete_seconds"":5.931904699973529,""cost_scope"":""All coordinator calls, including additional verification; operational consumption, not standardized time-to-inference"",""known_seconds"":5.931904699973529,""prior_interruption_known_seconds"":0.0,""recorded_measurements"":2,""unknown_measurements"":0,""unknown_time_imputed"":false}"
9a1c53bc9d1068d084f72256,posterior,cpu-rwm-online_picard,1024,4,ordinary_workflow,analyzed,valid,,2.7279853000072762,2.7279853000072762,"{""attempts_missing_call_return"":0,""complete_seconds"":2.7279853000072762,""cost_scope"":""Sum ordinary subprocess creation-through-exit wall over every registered actual attempt; includes ordinary output/diagnostics, excludes outer audit and inter-call waiting"",""known_seconds"":2.7279853000072762,""prior_interruption_known_seconds"":0.0,""recorded_measurements"":1,""unknown_measurements"":0,""unknown_time_imputed"":false}"
9a1c53bc9d1068d084f72256,posterior,cpu-rwm-online_picard,1024,4,research_execution,analyzed,valid,,4.925047800003085,4.925047800003085,"{""attempts_missing_call_return"":0,""complete_seconds"":4.925047800003085,""cost_scope"":""Sum all coordinator run/retry calls except completed verification-only returns; includes recorded refusals/recovery/audit/sealing; excludes ledger writes, report observations and inter-call waiting"",""known_seconds"":4.925047800003085,""prior_interruption_known_seconds"":0.0,""recorded_measurements"":1,""unknown_measurements"":0,""unknown_time_imputed"":false}"
9a1c53bc9d1068d084f72256,posterior,cpu-rwm-online_picard,1024,4,additional_verification,analyzed,valid,,0.15814870000758674,0.15814870000758674,"{""attempts_missing_call_return"":0,""complete_seconds"":0.15814870000758674,""cost_scope"":""Completed coordinator calls returning newly_executed=false; kept outside primary execution cost"",""known_seconds"":0.15814870000758674,""prior_interruption_known_seconds"":0.0,""recorded_measurements"":1,""unknown_measurements"":0,""unknown_time_imputed"":false}"
9a1c53bc9d1068d084f72256,posterior,cpu-rwm-online_picard,1024,4,all_invocations,analyzed,valid,,5.083196500010672,5.083196500010672,"{""attempts_missing_call_return"":0,""complete_seconds"":5.083196500010672,""cost_scope"":""All coordinator calls, including additional verification; operational consumption, not standardized time-to-inference"",""known_seconds"":5.083196500010672,""prior_interruption_known_seconds"":0.0,""recorded_measurements"":2,""unknown_measurements"":0,""unknown_time_imputed"":false}"
cc23220c61d0ae8be56a5028,posterior,cuda-mala-quasi_deer,4096,6,ordinary_workflow,analyzed,numerical_failure,,82.31678509997437,82.31678509997437,"{""attempts_missing_call_return"":0,""complete_seconds"":82.31678509997437,""cost_scope"":""Sum ordinary subprocess creation-through-exit wall over every registered actual attempt; includes ordinary output/diagnostics, excludes outer audit and inter-call waiting"",""known_seconds"":82.31678509997437,""prior_interruption_known_seconds"":0.0,""recorded_measurements"":1,""unknown_measurements"":0,""unknown_time_imputed"":false}"
cc23220c61d0ae8be56a5028,posterior,cuda-mala-quasi_deer,4096,6,research_execution,analyzed,numerical_failure,,85.1182594000129,85.1182594000129,"{""attempts_missing_call_return"":0,""complete_seconds"":85.1182594000129,""cost_scope"":""Sum all coordinator run/retry calls except completed verification-only returns; includes recorded refusals/recovery/audit/sealing; excludes ledger writes, report observations and inter-call waiting"",""known_seconds"":85.1182594000129,""prior_interruption_known_seconds"":0.0,""recorded_measurements"":1,""unknown_measurements"":0,""unknown_time_imputed"":false}"
cc23220c61d0ae8be56a5028,posterior,cuda-mala-quasi_deer,4096,6,additional_verification,analyzed,numerical_failure,,0.16190039999492,0.16190039999492,"{""attempts_missing_call_return"":0,""complete_seconds"":0.16190039999492,""cost_scope"":""Completed coordinator calls returning newly_executed=false; kept outside primary execution cost"",""known_seconds"":0.16190039999492,""prior_interruption_known_seconds"":0.0,""recorded_measurements"":1,""unknown_measurements"":0,""unknown_time_imputed"":false}"
cc23220c61d0ae8be56a5028,posterior,cuda-mala-quasi_deer,4096,6,all_invocations,analyzed,numerical_failure,,85.28015980000782,85.28015980000782,"{""attempts_missing_call_return"":0,""complete_seconds"":85.28015980000782,""cost_scope"":""All coordinator calls, including additional verification; operational consumption, not standardized time-to-inference"",""known_seconds"":85.28015980000782,""prior_interruption_known_seconds"":0.0,""recorded_measurements"":2,""unknown_measurements"":0,""unknown_time_imputed"":false}"
420b4bd4bd97d7202fd8248f,posterior,cpu-mala-sequential,4096,0,ordinary_workflow,analyzed,valid,,8.203335499973036,8.203335499973036,"{""attempts_missing_call_return"":0,""complete_seconds"":8.203335499973036,""cost_scope"":""Sum ordinary subprocess creation-through-exit wall over every registered actual attempt; includes ordinary output/diagnostics, excludes outer audit and inter-call waiting"",""known_seconds"":8.203335499973036,""prior_interruption_known_seconds"":0.0,""recorded_measurements"":1,""unknown_measurements"":0,""unknown_time_imputed"":false}"
420b4bd4bd97d7202fd8248f,posterior,cpu-mala-sequential,4096,0,research_execution,analyzed,valid,,10.936751400004141,10.936751400004141,"{""attempts_missing_call_return"":0,""complete_seconds"":10.936751400004141,""cost_scope"":""Sum all coordinator run/retry calls except completed verification-only returns; includes recorded refusals/recovery/audit/sealing; excludes ledger writes, report observations and inter-call waiting"",""known_seconds"":10.936751400004141,""prior_interruption_known_seconds"":0.0,""recorded_measurements"":1,""unknown_measurements"":0,""unknown_time_imputed"":false}"
420b4bd4bd97d7202fd8248f,posterior,cpu-mala-sequential,4096,0,additional_verification,analyzed,valid,,0.1545752999954857,0.1545752999954857,"{""attempts_missing_call_return"":0,""complete_seconds"":0.1545752999954857,""cost_scope"":""Completed coordinator calls returning newly_executed=false; kept outside primary execution cost"",""known_seconds"":0.1545752999954857,""prior_interruption_known_seconds"":0.0,""recorded_measurements"":1,""unknown_measurements"":0,""unknown_time_imputed"":false}"
420b4bd4bd97d7202fd8248f,posterior,cpu-mala-sequential,4096,0,all_invocations,analyzed,valid,,11.091326699999627,11.091326699999627,"{""attempts_missing_call_return"":0,""complete_seconds"":11.091326699999627,""cost_scope"":""All coordinator calls, including additional verification; operational consumption, not standardized time-to-inference"",""known_seconds"":11.091326699999627,""prior_interruption_known_seconds"":0.0,""recorded_measurements"":2,""unknown_measurements"":0,""unknown_time_imputed"":false}"
76734f08430c6f4343332cb4,posterior,cpu-mala-sequential,1024,7,ordinary_workflow,analyzed,valid,,4.667250800004695,4.667250800004695,"{""attempts_missing_call_return"":0,""complete_seconds"":4.667250800004695,""cost_scope"":""Sum ordinary subprocess creation-through-exit wall over every registered actual attempt; includes ordinary output/diagnostics, excludes outer audit and inter-call waiting"",""known_seconds"":4.667250800004695,""prior_interruption_known_seconds"":0.0,""recorded_measurements"":1,""unknown_measurements"":0,""unknown_time_imputed"":false}"
76734f08430c6f4343332cb4,posterior,cpu-mala-sequential,1024,7,research_execution,analyzed,valid,,7.068875199998729,7.068875199998729,"{""attempts_missing_call_return"":0,""complete_seconds"":7.068875199998729,""cost_scope"":""Sum all coordinator run/retry calls except completed verification-only returns; includes recorded refusals/recovery/audit/sealing; excludes ledger writes, report observations and inter-call waiting"",""known_seconds"":7.068875199998729,""prior_interruption_known_seconds"":0.0,""recorded_measurements"":1,""unknown_measurements"":0,""unknown_time_imputed"":false}"
76734f08430c6f4343332cb4,posterior,cpu-mala-sequential,1024,7,additional_verification,analyzed,valid,,0.15672230000200216,0.15672230000200216,"{""attempts_missing_call_return"":0,""complete_seconds"":0.15672230000200216,""cost_scope"":""Completed coordinator calls returning newly_executed=false; kept outside primary execution cost"",""known_seconds"":0.15672230000200216,""prior_interruption_known_seconds"":0.0,""recorded_measurements"":1,""unknown_measurements"":0,""unknown_time_imputed"":false}"
76734f08430c6f4343332cb4,posterior,cpu-mala-sequential,1024,7,all_invocations,analyzed,valid,,7.225597500000731,7.225597500000731,"{""attempts_missing_call_return"":0,""complete_seconds"":7.225597500000731,""cost_scope"":""All coordinator calls, including additional verification; operational consumption, not standardized time-to-inference"",""known_seconds"":7.225597500000731,""prior_interruption_known_seconds"":0.0,""recorded_measurements"":2,""unknown_measurements"":0,""unknown_time_imputed"":false}"
ada20327f1ea32b0e4f9b30e,posterior,cuda-rwm-sequential,4096,7,ordinary_workflow,analyzed,valid,,7.104506500007119,7.104506500007119,"{""attempts_missing_call_return"":0,""complete_seconds"":7.104506500007119,""cost_scope"":""Sum ordinary subprocess creation-through-exit wall over every registered actual attempt; includes ordinary output/diagnostics, excludes outer audit and inter-call waiting"",""known_seconds"":7.104506500007119,""prior_interruption_known_seconds"":0.0,""recorded_measurements"":1,""unknown_measurements"":0,""unknown_time_imputed"":false}"
ada20327f1ea32b0e4f9b30e,posterior,cuda-rwm-sequential,4096,7,research_execution,analyzed,valid,,9.502026000001933,9.502026000001933,"{""attempts_missing_call_return"":0,""complete_seconds"":9.502026000001933,""cost_scope"":""Sum all coordinator run/retry calls except completed verification-only returns; includes recorded refusals/recovery/audit/sealing; excludes ledger writes, report observations and inter-call waiting"",""known_seconds"":9.502026000001933,""prior_interruption_known_seconds"":0.0,""recorded_measurements"":1,""unknown_measurements"":0,""unknown_time_imputed"":false}"
ada20327f1ea32b0e4f9b30e,posterior,cuda-rwm-sequential,4096,7,additional_verification,analyzed,valid,,0.15874139999505132,0.15874139999505132,"{""attempts_missing_call_return"":0,""complete_seconds"":0.15874139999505132,""cost_scope"":""Completed coordinator calls returning newly_executed=false; kept outside primary execution cost"",""known_seconds"":0.15874139999505132,""prior_interruption_known_seconds"":0.0,""recorded_measurements"":1,""unknown_measurements"":0,""unknown_time_imputed"":false}"
ada20327f1ea32b0e4f9b30e,posterior,cuda-rwm-sequential,4096,7,all_invocations,analyzed,valid,,9.660767399996985,9.660767399996985,"{""attempts_missing_call_return"":0,""complete_seconds"":9.660767399996985,""cost_scope"":""All coordinator calls, including additional verification; operational consumption, not standardized time-to-inference"",""known_seconds"":9.660767399996985,""prior_interruption_known_seconds"":0.0,""recorded_measurements"":2,""unknown_measurements"":0,""unknown_time_imputed"":false}"
fe7f48bb51ec0fcacf049414,posterior,cuda-mala-sequential,1024,5,ordinary_workflow,analyzed,valid,,9.651524599990807,9.651524599990807,"{""attempts_missing_call_return"":0,""complete_seconds"":9.651524599990807,""cost_scope"":""Sum ordinary subprocess creation-through-exit wall over every registered actual attempt; includes ordinary output/diagnostics, excludes outer audit and inter-call waiting"",""known_seconds"":9.651524599990807,""prior_interruption_known_seconds"":0.0,""recorded_measurements"":1,""unknown_measurements"":0,""unknown_time_imputed"":false}"
fe7f48bb51ec0fcacf049414,posterior,cuda-mala-sequential,1024,5,research_execution,analyzed,valid,,12.034202600014396,12.034202600014396,"{""attempts_missing_call_return"":0,""complete_seconds"":12.034202600014396,""cost_scope"":""Sum all coordinator run/retry calls except completed verification-only returns; includes recorded refusals/recovery/audit/sealing; excludes ledger writes, report observations and inter-call waiting"",""known_seconds"":12.034202600014396,""prior_interruption_known_seconds"":0.0,""recorded_measurements"":1,""unknown_measurements"":0,""unknown_time_imputed"":false}"
fe7f48bb51ec0fcacf049414,posterior,cuda-mala-sequential,1024,5,additional_verification,analyzed,valid,,0.1557806999917375,0.1557806999917375,"{""attempts_missing_call_return"":0,""complete_seconds"":0.1557806999917375,""cost_scope"":""Completed coordinator calls returning newly_executed=false; kept outside primary execution cost"",""known_seconds"":0.1557806999917375,""prior_interruption_known_seconds"":0.0,""recorded_measurements"":1,""unknown_measurements"":0,""unknown_time_imputed"":false}"
fe7f48bb51ec0fcacf049414,posterior,cuda-mala-sequential,1024,5,all_invocations,analyzed,valid,,12.189983300006134,12.189983300006134,"{""attempts_missing_call_return"":0,""complete_seconds"":12.189983300006134,""cost_scope"":""All coordinator calls, including additional verification; operational consumption, not standardized time-to-inference"",""known_seconds"":12.189983300006134,""prior_interruption_known_seconds"":0.0,""recorded_measurements"":2,""unknown_measurements"":0,""unknown_time_imputed"":false}"
a37c7f8f26ada2830b8823e2,posterior,cpu-nuts-spawn_chains,4096,7,ordinary_workflow,analyzed,output_failure_unclassified,,46.99866769998334,46.99866769998334,"{""attempts_missing_call_return"":0,""complete_seconds"":46.99866769998334,""cost_scope"":""Sum ordinary subprocess creation-through-exit wall over every registered actual attempt; includes ordinary output/diagnostics, excludes outer audit and inter-call waiting"",""known_seconds"":46.99866769998334,""prior_interruption_known_seconds"":0.0,""recorded_measurements"":1,""unknown_measurements"":0,""unknown_time_imputed"":false}"
a37c7f8f26ada2830b8823e2,posterior,cpu-nuts-spawn_chains,4096,7,research_execution,analyzed,output_failure_unclassified,,49.06588449998526,49.06588449998526,"{""attempts_missing_call_return"":0,""complete_seconds"":49.06588449998526,""cost_scope"":""Sum all coordinator run/retry calls except completed verification-only returns; includes recorded refusals/recovery/audit/sealing; excludes ledger writes, report observations and inter-call waiting"",""known_seconds"":49.06588449998526,""prior_interruption_known_seconds"":0.0,""recorded_measurements"":1,""unknown_measurements"":0,""unknown_time_imputed"":false}"
a37c7f8f26ada2830b8823e2,posterior,cpu-nuts-spawn_chains,4096,7,additional_verification,analyzed,output_failure_unclassified,,0.15893619999405928,0.15893619999405928,"{""attempts_missing_call_return"":0,""complete_seconds"":0.15893619999405928,""cost_scope"":""Completed coordinator calls returning newly_executed=false; kept outside primary execution cost"",""known_seconds"":0.15893619999405928,""prior_interruption_known_seconds"":0.0,""recorded_measurements"":1,""unknown_measurements"":0,""unknown_time_imputed"":false}"
a37c7f8f26ada2830b8823e2,posterior,cpu-nuts-spawn_chains,4096,7,all_invocations,analyzed,output_failure_unclassified,,49.22482069997932,49.22482069997932,"{""attempts_missing_call_return"":0,""complete_seconds"":49.22482069997932,""cost_scope"":""All coordinator calls, including additional verification; operational consumption, not standardized time-to-inference"",""known_seconds"":49.22482069997932,""prior_interruption_known_seconds"":0.0,""recorded_measurements"":2,""unknown_measurements"":0,""unknown_time_imputed"":false}"
7a116e823f104e31565bfa82,posterior,cuda-mala-sequential,1024,4,ordinary_workflow,analyzed,valid,,9.724831900035497,9.724831900035497,"{""attempts_missing_call_return"":0,""complete_seconds"":9.724831900035497,""cost_scope"":""Sum ordinary subprocess creation-through-exit wall over every registered actual attempt; includes ordinary output/diagnostics, excludes outer audit and inter-call waiting"",""known_seconds"":9.724831900035497,""prior_interruption_known_seconds"":0.0,""recorded_measurements"":1,""unknown_measurements"":0,""unknown_time_imputed"":false}"
7a116e823f104e31565bfa82,posterior,cuda-mala-sequential,1024,4,research_execution,analyzed,valid,,12.054928199970163,12.054928199970163,"{""attempts_missing_call_return"":0,""complete_seconds"":12.054928199970163,""cost_scope"":""Sum all coordinator run/retry calls except completed verification-only returns; includes recorded refusals/recovery/audit/sealing; excludes ledger writes, report observations and inter-call waiting"",""known_seconds"":12.054928199970163,""prior_interruption_known_seconds"":0.0,""recorded_measurements"":1,""unknown_measurements"":0,""unknown_time_imputed"":false}"
7a116e823f104e31565bfa82,posterior,cuda-mala-sequential,1024,4,additional_verification,analyzed,valid,,0.159253699996043,0.159253699996043,"{""attempts_missing_call_return"":0,""complete_seconds"":0.159253699996043,""cost_scope"":""Completed coordinator calls returning newly_executed=false; kept outside primary execution cost"",""known_seconds"":0.159253699996043,""prior_interruption_known_seconds"":0.0,""recorded_measurements"":1,""unknown_measurements"":0,""unknown_time_imputed"":false}"
7a116e823f104e31565bfa82,posterior,cuda-mala-sequential,1024,4,all_invocations,analyzed,valid,,12.214181899966206,12.214181899966206,"{""attempts_missing_call_return"":0,""complete_seconds"":12.214181899966206,""cost_scope"":""All coordinator calls, including additional verification; operational consumption, not standardized time-to-inference"",""known_seconds"":12.214181899966206,""prior_interruption_known_seconds"":0.0,""recorded_measurements"":2,""unknown_measurements"":0,""unknown_time_imputed"":false}"
6fbfed82a4b04567e2d9c5f3,posterior,cuda-mala-quasi_deer,1024,2,ordinary_workflow,analyzed,valid,,28.516472699993756,28.516472699993756,"{""attempts_missing_call_return"":0,""complete_seconds"":28.516472699993756,""cost_scope"":""Sum ordinary subprocess creation-through-exit wall over every registered actual attempt; includes ordinary output/diagnostics, excludes outer audit and inter-call waiting"",""known_seconds"":28.516472699993756,""prior_interruption_known_seconds"":0.0,""recorded_measurements"":1,""unknown_measurements"":0,""unknown_time_imputed"":false}"
6fbfed82a4b04567e2d9c5f3,posterior,cuda-mala-quasi_deer,1024,2,research_execution,analyzed,valid,,30.917781999974977,30.917781999974977,"{""attempts_missing_call_return"":0,""complete_seconds"":30.917781999974977,""cost_scope"":""Sum all coordinator run/retry calls except completed verification-only returns; includes recorded refusals/recovery/audit/sealing; excludes ledger writes, report observations and inter-call waiting"",""known_seconds"":30.917781999974977,""prior_interruption_known_seconds"":0.0,""recorded_measurements"":1,""unknown_measurements"":0,""unknown_time_imputed"":false}"
6fbfed82a4b04567e2d9c5f3,posterior,cuda-mala-quasi_deer,1024,2,additional_verification,analyzed,valid,,0.16023739999218378,0.16023739999218378,"{""attempts_missing_call_return"":0,""complete_seconds"":0.16023739999218378,""cost_scope"":""Completed coordinator calls returning newly_executed=false; kept outside primary execution cost"",""known_seconds"":0.16023739999218378,""prior_interruption_known_seconds"":0.0,""recorded_measurements"":1,""unknown_measurements"":0,""unknown_time_imputed"":false}"
6fbfed82a4b04567e2d9c5f3,posterior,cuda-mala-quasi_deer,1024,2,all_invocations,analyzed,valid,,31.07801939996716,31.07801939996716,"{""attempts_missing_call_return"":0,""complete_seconds"":31.07801939996716,""cost_scope"":""All coordinator calls, including additional verification; operational consumption, not standardized time-to-inference"",""known_seconds"":31.07801939996716,""prior_interruption_known_seconds"":0.0,""recorded_measurements"":2,""unknown_measurements"":0,""unknown_time_imputed"":false}"
b25ff2a52c78e20addb3af95,posterior,cuda-rwm-sequential,4096,1,ordinary_workflow,analyzed,valid,,6.919706800021231,6.919706800021231,"{""attempts_missing_call_return"":0,""complete_seconds"":6.919706800021231,""cost_scope"":""Sum ordinary subprocess creation-through-exit wall over every registered actual attempt; includes ordinary output/diagnostics, excludes outer audit and inter-call waiting"",""known_seconds"":6.919706800021231,""prior_interruption_known_seconds"":0.0,""recorded_measurements"":1,""unknown_measurements"":0,""unknown_time_imputed"":false}"
b25ff2a52c78e20addb3af95,posterior,cuda-rwm-sequential,4096,1,research_execution,analyzed,valid,,9.215583899989724,9.215583899989724,"{""attempts_missing_call_return"":0,""complete_seconds"":9.215583899989724,""cost_scope"":""Sum all coordinator run/retry calls except completed verification-only returns; includes recorded refusals/recovery/audit/sealing; excludes ledger writes, report observations and inter-call waiting"",""known_seconds"":9.215583899989724,""prior_interruption_known_seconds"":0.0,""recorded_measurements"":1,""unknown_measurements"":0,""unknown_time_imputed"":false}"
b25ff2a52c78e20addb3af95,posterior,cuda-rwm-sequential,4096,1,additional_verification,analyzed,valid,,0.15708360000280663,0.15708360000280663,"{""attempts_missing_call_return"":0,""complete_seconds"":0.15708360000280663,""cost_scope"":""Completed coordinator calls returning newly_executed=false; kept outside primary execution cost"",""known_seconds"":0.15708360000280663,""prior_interruption_known_seconds"":0.0,""recorded_measurements"":1,""unknown_measurements"":0,""unknown_time_imputed"":false}"
b25ff2a52c78e20addb3af95,posterior,cuda-rwm-sequential,4096,1,all_invocations,analyzed,valid,,9.37266749999253,9.37266749999253,"{""attempts_missing_call_return"":0,""complete_seconds"":9.37266749999253,""cost_scope"":""All coordinator calls, including additional verification; operational consumption, not standardized time-to-inference"",""known_seconds"":9.37266749999253,""prior_interruption_known_seconds"":0.0,""recorded_measurements"":2,""unknown_measurements"":0,""unknown_time_imputed"":false}"
7c6e174a3b4daeef0f1bf3c4,posterior,cuda-rwm-online_picard,4096,7,ordinary_workflow,analyzed,valid,,6.9842478999635205,6.9842478999635205,"{""attempts_missing_call_return"":0,""complete_seconds"":6.9842478999635205,""cost_scope"":""Sum ordinary subprocess creation-through-exit wall over every registered actual attempt; includes ordinary output/diagnostics, excludes outer audit and inter-call waiting"",""known_seconds"":6.9842478999635205,""prior_interruption_known_seconds"":0.0,""recorded_measurements"":1,""unknown_measurements"":0,""unknown_time_imputed"":false}"
7c6e174a3b4daeef0f1bf3c4,posterior,cuda-rwm-online_picard,4096,7,research_execution,analyzed,valid,,9.296631500008516,9.296631500008516,"{""attempts_missing_call_return"":0,""complete_seconds"":9.296631500008516,""cost_scope"":""Sum all coordinator run/retry calls except completed verification-only returns; includes recorded refusals/recovery/audit/sealing; excludes ledger writes, report observations and inter-call waiting"",""known_seconds"":9.296631500008516,""prior_interruption_known_seconds"":0.0,""recorded_measurements"":1,""unknown_measurements"":0,""unknown_time_imputed"":false}"
7c6e174a3b4daeef0f1bf3c4,posterior,cuda-rwm-online_picard,4096,7,additional_verification,analyzed,valid,,0.16130370000610128,0.16130370000610128,"{""attempts_missing_call_return"":0,""complete_seconds"":0.16130370000610128,""cost_scope"":""Completed coordinator calls returning newly_executed=false; kept outside primary execution cost"",""known_seconds"":0.16130370000610128,""prior_interruption_known_seconds"":0.0,""recorded_measurements"":1,""unknown_measurements"":0,""unknown_time_imputed"":false}"
7c6e174a3b4daeef0f1bf3c4,posterior,cuda-rwm-online_picard,4096,7,all_invocations,analyzed,valid,,9.457935200014617,9.457935200014617,"{""attempts_missing_call_return"":0,""complete_seconds"":9.457935200014617,""cost_scope"":""All coordinator calls, including additional verification; operational consumption, not standardized time-to-inference"",""known_seconds"":9.457935200014617,""prior_interruption_known_seconds"":0.0,""recorded_measurements"":2,""unknown_measurements"":0,""unknown_time_imputed"":false}"
94906ead026ecfe0facb46fc,posterior,cuda-mala-quasi_deer,1024,7,ordinary_workflow,analyzed,valid,,26.44625050004106,26.44625050004106,"{""attempts_missing_call_return"":0,""complete_seconds"":26.44625050004106,""cost_scope"":""Sum ordinary subprocess creation-through-exit wall over every registered actual attempt; includes ordinary output/diagnostics, excludes outer audit and inter-call waiting"",""known_seconds"":26.44625050004106,""prior_interruption_known_seconds"":0.0,""recorded_measurements"":1,""unknown_measurements"":0,""unknown_time_imputed"":false}"
94906ead026ecfe0facb46fc,posterior,cuda-mala-quasi_deer,1024,7,research_execution,analyzed,valid,,28.78447569999844,28.78447569999844,"{""attempts_missing_call_return"":0,""complete_seconds"":28.78447569999844,""cost_scope"":""Sum all coordinator run/retry calls except completed verification-only returns; includes recorded refusals/recovery/audit/sealing; excludes ledger writes, report observations and inter-call waiting"",""known_seconds"":28.78447569999844,""prior_interruption_known_seconds"":0.0,""recorded_measurements"":1,""unknown_measurements"":0,""unknown_time_imputed"":false}"
94906ead026ecfe0facb46fc,posterior,cuda-mala-quasi_deer,1024,7,additional_verification,analyzed,valid,,0.15938009999808855,0.15938009999808855,"{""attempts_missing_call_return"":0,""complete_seconds"":0.15938009999808855,""cost_scope"":""Completed coordinator calls returning newly_executed=false; kept outside primary execution cost"",""known_seconds"":0.15938009999808855,""prior_interruption_known_seconds"":0.0,""recorded_measurements"":1,""unknown_measurements"":0,""unknown_time_imputed"":false}"
94906ead026ecfe0facb46fc,posterior,cuda-mala-quasi_deer,1024,7,all_invocations,analyzed,valid,,28.943855799996527,28.943855799996527,"{""attempts_missing_call_return"":0,""complete_seconds"":28.943855799996527,""cost_scope"":""All coordinator calls, including additional verification; operational consumption, not standardized time-to-inference"",""known_seconds"":28.943855799996527,""prior_interruption_known_seconds"":0.0,""recorded_measurements"":2,""unknown_measurements"":0,""unknown_time_imputed"":false}"
2b81f7386641af4b7d154c92,posterior,cuda-rwm-sequential,4096,3,ordinary_workflow,analyzed,valid,,6.8329166999901645,6.8329166999901645,"{""attempts_missing_call_return"":0,""complete_seconds"":6.8329166999901645,""cost_scope"":""Sum ordinary subprocess creation-through-exit wall over every registered actual attempt; includes ordinary output/diagnostics, excludes outer audit and inter-call waiting"",""known_seconds"":6.8329166999901645,""prior_interruption_known_seconds"":0.0,""recorded_measurements"":1,""unknown_measurements"":0,""unknown_time_imputed"":false}"
2b81f7386641af4b7d154c92,posterior,cuda-rwm-sequential,4096,3,research_execution,analyzed,valid,,9.162563199992292,9.162563199992292,"{""attempts_missing_call_return"":0,""complete_seconds"":9.162563199992292,""cost_scope"":""Sum all coordinator run/retry calls except completed verification-only returns; includes recorded refusals/recovery/audit/sealing; excludes ledger writes, report observations and inter-call waiting"",""known_seconds"":9.162563199992292,""prior_interruption_known_seconds"":0.0,""recorded_measurements"":1,""unknown_measurements"":0,""unknown_time_imputed"":false}"
2b81f7386641af4b7d154c92,posterior,cuda-rwm-sequential,4096,3,additional_verification,analyzed,valid,,0.16165840000030585,0.16165840000030585,"{""attempts_missing_call_return"":0,""complete_seconds"":0.16165840000030585,""cost_scope"":""Completed coordinator calls returning newly_executed=false; kept outside primary execution cost"",""known_seconds"":0.16165840000030585,""prior_interruption_known_seconds"":0.0,""recorded_measurements"":1,""unknown_measurements"":0,""unknown_time_imputed"":false}"
2b81f7386641af4b7d154c92,posterior,cuda-rwm-sequential,4096,3,all_invocations,analyzed,valid,,9.324221599992597,9.324221599992597,"{""attempts_missing_call_return"":0,""complete_seconds"":9.324221599992597,""cost_scope"":""All coordinator calls, including additional verification; operational consumption, not standardized time-to-inference"",""known_seconds"":9.324221599992597,""prior_interruption_known_seconds"":0.0,""recorded_measurements"":2,""unknown_measurements"":0,""unknown_time_imputed"":false}"
f1634198874596c6f4f5a58b,posterior,cuda-mala-sequential,4096,1,ordinary_workflow,analyzed,valid,,22.275483999983408,22.275483999983408,"{""attempts_missing_call_return"":0,""complete_seconds"":22.275483999983408,""cost_scope"":""Sum ordinary subprocess creation-through-exit wall over every registered actual attempt; includes ordinary output/diagnostics, excludes outer audit and inter-call waiting"",""known_seconds"":22.275483999983408,""prior_interruption_known_seconds"":0.0,""recorded_measurements"":1,""unknown_measurements"":0,""unknown_time_imputed"":false}"
f1634198874596c6f4f5a58b,posterior,cuda-mala-sequential,4096,1,research_execution,analyzed,valid,,25.046596199972555,25.046596199972555,"{""attempts_missing_call_return"":0,""complete_seconds"":25.046596199972555,""cost_scope"":""Sum all coordinator run/retry calls except completed verification-only returns; includes recorded refusals/recovery/audit/sealing; excludes ledger writes, report observations and inter-call waiting"",""known_seconds"":25.046596199972555,""prior_interruption_known_seconds"":0.0,""recorded_measurements"":1,""unknown_measurements"":0,""unknown_time_imputed"":false}"
f1634198874596c6f4f5a58b,posterior,cuda-mala-sequential,4096,1,additional_verification,analyzed,valid,,0.16035679999913555,0.16035679999913555,"{""attempts_missing_call_return"":0,""complete_seconds"":0.16035679999913555,""cost_scope"":""Completed coordinator calls returning newly_executed=false; kept outside primary execution cost"",""known_seconds"":0.16035679999913555,""prior_interruption_known_seconds"":0.0,""recorded_measurements"":1,""unknown_measurements"":0,""unknown_time_imputed"":false}"
f1634198874596c6f4f5a58b,posterior,cuda-mala-sequential,4096,1,all_invocations,analyzed,valid,,25.20695299997169,25.20695299997169,"{""attempts_missing_call_return"":0,""complete_seconds"":25.20695299997169,""cost_scope"":""All coordinator calls, including additional verification; operational consumption, not standardized time-to-inference"",""known_seconds"":25.20695299997169,""prior_interruption_known_seconds"":0.0,""recorded_measurements"":2,""unknown_measurements"":0,""unknown_time_imputed"":false}"
22e4f7e4647d4b9f5b21929d,posterior,cpu-rwm-online_picard,4096,1,ordinary_workflow,analyzed,valid,,3.7601703999680467,3.7601703999680467,"{""attempts_missing_call_return"":0,""complete_seconds"":3.7601703999680467,""cost_scope"":""Sum ordinary subprocess creation-through-exit wall over every registered actual attempt; includes ordinary output/diagnostics, excludes outer audit and inter-call waiting"",""known_seconds"":3.7601703999680467,""prior_interruption_known_seconds"":0.0,""recorded_measurements"":1,""unknown_measurements"":0,""unknown_time_imputed"":false}"
22e4f7e4647d4b9f5b21929d,posterior,cpu-rwm-online_picard,4096,1,research_execution,analyzed,valid,,6.006357499980368,6.006357499980368,"{""attempts_missing_call_return"":0,""complete_seconds"":6.006357499980368,""cost_scope"":""Sum all coordinator run/retry calls except completed verification-only returns; includes recorded refusals/recovery/audit/sealing; excludes ledger writes, report observations and inter-call waiting"",""known_seconds"":6.006357499980368,""prior_interruption_known_seconds"":0.0,""recorded_measurements"":1,""unknown_measurements"":0,""unknown_time_imputed"":false}"
22e4f7e4647d4b9f5b21929d,posterior,cpu-rwm-online_picard,4096,1,additional_verification,analyzed,valid,,0.15971459999855142,0.15971459999855142,"{""attempts_missing_call_return"":0,""complete_seconds"":0.15971459999855142,""cost_scope"":""Completed coordinator calls returning newly_executed=false; kept outside primary execution cost"",""known_seconds"":0.15971459999855142,""prior_interruption_known_seconds"":0.0,""recorded_measurements"":1,""unknown_measurements"":0,""unknown_time_imputed"":false}"
22e4f7e4647d4b9f5b21929d,posterior,cpu-rwm-online_picard,4096,1,all_invocations,analyzed,valid,,6.166072099978919,6.166072099978919,"{""attempts_missing_call_return"":0,""complete_seconds"":6.166072099978919,""cost_scope"":""All coordinator calls, including additional verification; operational consumption, not standardized time-to-inference"",""known_seconds"":6.166072099978919,""prior_interruption_known_seconds"":0.0,""recorded_measurements"":2,""unknown_measurements"":0,""unknown_time_imputed"":false}"
7a80a4f6565a58c07a9efdf1,posterior,cuda-mala-quasi_deer,4096,7,ordinary_workflow,analyzed,valid,,75.65684900002088,75.65684900002088,"{""attempts_missing_call_return"":0,""complete_seconds"":75.65684900002088,""cost_scope"":""Sum ordinary subprocess creation-through-exit wall over every registered actual attempt; includes ordinary output/diagnostics, excludes outer audit and inter-call waiting"",""known_seconds"":75.65684900002088,""prior_interruption_known_seconds"":0.0,""recorded_measurements"":1,""unknown_measurements"":0,""unknown_time_imputed"":false}"
7a80a4f6565a58c07a9efdf1,posterior,cuda-mala-quasi_deer,4096,7,research_execution,analyzed,valid,,78.38510209997185,78.38510209997185,"{""attempts_missing_call_return"":0,""complete_seconds"":78.38510209997185,""cost_scope"":""Sum all coordinator run/retry calls except completed verification-only returns; includes recorded refusals/recovery/audit/sealing; excludes ledger writes, report observations and inter-call waiting"",""known_seconds"":78.38510209997185,""prior_interruption_known_seconds"":0.0,""recorded_measurements"":1,""unknown_measurements"":0,""unknown_time_imputed"":false}"
7a80a4f6565a58c07a9efdf1,posterior,cuda-mala-quasi_deer,4096,7,additional_verification,analyzed,valid,,0.1579691999941133,0.1579691999941133,"{""attempts_missing_call_return"":0,""complete_seconds"":0.1579691999941133,""cost_scope"":""Completed coordinator calls returning newly_executed=false; kept outside primary execution cost"",""known_seconds"":0.1579691999941133,""prior_interruption_known_seconds"":0.0,""recorded_measurements"":1,""unknown_measurements"":0,""unknown_time_imputed"":false}"
7a80a4f6565a58c07a9efdf1,posterior,cuda-mala-quasi_deer,4096,7,all_invocations,analyzed,valid,,78.54307129996596,78.54307129996596,"{""attempts_missing_call_return"":0,""complete_seconds"":78.54307129996596,""cost_scope"":""All coordinator calls, including additional verification; operational consumption, not standardized time-to-inference"",""known_seconds"":78.54307129996596,""prior_interruption_known_seconds"":0.0,""recorded_measurements"":2,""unknown_measurements"":0,""unknown_time_imputed"":false}"
9161836b53aeafa28685bcb0,posterior,cpu-nuts-spawn_chains,1024,5,ordinary_workflow,analyzed,valid,,21.420459200046025,21.420459200046025,"{""attempts_missing_call_return"":0,""complete_seconds"":21.420459200046025,""cost_scope"":""Sum ordinary subprocess creation-through-exit wall over every registered actual attempt; includes ordinary output/diagnostics, excludes outer audit and inter-call waiting"",""known_seconds"":21.420459200046025,""prior_interruption_known_seconds"":0.0,""recorded_measurements"":1,""unknown_measurements"":0,""unknown_time_imputed"":false}"
9161836b53aeafa28685bcb0,posterior,cpu-nuts-spawn_chains,1024,5,research_execution,analyzed,valid,,23.564413200016133,23.564413200016133,"{""attempts_missing_call_return"":0,""complete_seconds"":23.564413200016133,""cost_scope"":""Sum all coordinator run/retry calls except completed verification-only returns; includes recorded refusals/recovery/audit/sealing; excludes ledger writes, report observations and inter-call waiting"",""known_seconds"":23.564413200016133,""prior_interruption_known_seconds"":0.0,""recorded_measurements"":1,""unknown_measurements"":0,""unknown_time_imputed"":false}"
9161836b53aeafa28685bcb0,posterior,cpu-nuts-spawn_chains,1024,5,additional_verification,analyzed,valid,,0.15944450000824872,0.15944450000824872,"{""attempts_missing_call_return"":0,""complete_seconds"":0.15944450000824872,""cost_scope"":""Completed coordinator calls returning newly_executed=false; kept outside primary execution cost"",""known_seconds"":0.15944450000824872,""prior_interruption_known_seconds"":0.0,""recorded_measurements"":1,""unknown_measurements"":0,""unknown_time_imputed"":false}"
9161836b53aeafa28685bcb0,posterior,cpu-nuts-spawn_chains,1024,5,all_invocations,analyzed,valid,,23.723857700024382,23.723857700024382,"{""attempts_missing_call_return"":0,""complete_seconds"":23.723857700024382,""cost_scope"":""All coordinator calls, including additional verification; operational consumption, not standardized time-to-inference"",""known_seconds"":23.723857700024382,""prior_interruption_known_seconds"":0.0,""recorded_measurements"":2,""unknown_measurements"":0,""unknown_time_imputed"":false}"
f5356a82813eef129fed527e,posterior,cpu-mala-quasi_deer,4096,0,ordinary_workflow,analyzed,valid,,36.631806599965785,36.631806599965785,"{""attempts_missing_call_return"":0,""complete_seconds"":36.631806599965785,""cost_scope"":""Sum ordinary subprocess creation-through-exit wall over every registered actual attempt; includes ordinary output/diagnostics, excludes outer audit and inter-call waiting"",""known_seconds"":36.631806599965785,""prior_interruption_known_seconds"":0.0,""recorded_measurements"":1,""unknown_measurements"":0,""unknown_time_imputed"":false}"
f5356a82813eef129fed527e,posterior,cpu-mala-quasi_deer,4096,0,research_execution,analyzed,valid,,39.423632300051395,39.423632300051395,"{""attempts_missing_call_return"":0,""complete_seconds"":39.423632300051395,""cost_scope"":""Sum all coordinator run/retry calls except completed verification-only returns; includes recorded refusals/recovery/audit/sealing; excludes ledger writes, report observations and inter-call waiting"",""known_seconds"":39.423632300051395,""prior_interruption_known_seconds"":0.0,""recorded_measurements"":1,""unknown_measurements"":0,""unknown_time_imputed"":false}"
f5356a82813eef129fed527e,posterior,cpu-mala-quasi_deer,4096,0,additional_verification,analyzed,valid,,0.1574486000026809,0.1574486000026809,"{""attempts_missing_call_return"":0,""complete_seconds"":0.1574486000026809,""cost_scope"":""Completed coordinator calls returning newly_executed=false; kept outside primary execution cost"",""known_seconds"":0.1574486000026809,""prior_interruption_known_seconds"":0.0,""recorded_measurements"":1,""unknown_measurements"":0,""unknown_time_imputed"":false}"
f5356a82813eef129fed527e,posterior,cpu-mala-quasi_deer,4096,0,all_invocations,analyzed,valid,,39.581080900054076,39.581080900054076,"{""attempts_missing_call_return"":0,""complete_seconds"":39.581080900054076,""cost_scope"":""All coordinator calls, including additional verification; operational consumption, not standardized time-to-inference"",""known_seconds"":39.581080900054076,""prior_interruption_known_seconds"":0.0,""recorded_measurements"":2,""unknown_measurements"":0,""unknown_time_imputed"":false}"
c6b769a897ef9423091a454b,posterior,cpu-mala-sequential,4096,1,ordinary_workflow,analyzed,valid,,8.20231209998019,8.20231209998019,"{""attempts_missing_call_return"":0,""complete_seconds"":8.20231209998019,""cost_scope"":""Sum ordinary subprocess creation-through-exit wall over every registered actual attempt; includes ordinary output/diagnostics, excludes outer audit and inter-call waiting"",""known_seconds"":8.20231209998019,""prior_interruption_known_seconds"":0.0,""recorded_measurements"":1,""unknown_measurements"":0,""unknown_time_imputed"":false}"
c6b769a897ef9423091a454b,posterior,cpu-mala-sequential,4096,1,research_execution,analyzed,valid,,10.928345300024375,10.928345300024375,"{""attempts_missing_call_return"":0,""complete_seconds"":10.928345300024375,""cost_scope"":""Sum all coordinator run/retry calls except completed verification-only returns; includes recorded refusals/recovery/audit/sealing; excludes ledger writes, report observations and inter-call waiting"",""known_seconds"":10.928345300024375,""prior_interruption_known_seconds"":0.0,""recorded_measurements"":1,""unknown_measurements"":0,""unknown_time_imputed"":false}"
c6b769a897ef9423091a454b,posterior,cpu-mala-sequential,4096,1,additional_verification,analyzed,valid,,0.15782349999062717,0.15782349999062717,"{""attempts_missing_call_return"":0,""complete_seconds"":0.15782349999062717,""cost_scope"":""Completed coordinator calls returning newly_executed=false; kept outside primary execution cost"",""known_seconds"":0.15782349999062717,""prior_interruption_known_seconds"":0.0,""recorded_measurements"":1,""unknown_measurements"":0,""unknown_time_imputed"":false}"
c6b769a897ef9423091a454b,posterior,cpu-mala-sequential,4096,1,all_invocations,analyzed,valid,,11.086168800015002,11.086168800015002,"{""attempts_missing_call_return"":0,""complete_seconds"":11.086168800015002,""cost_scope"":""All coordinator calls, including additional verification; operational consumption, not standardized time-to-inference"",""known_seconds"":11.086168800015002,""prior_interruption_known_seconds"":0.0,""recorded_measurements"":2,""unknown_measurements"":0,""unknown_time_imputed"":false}"
e4e8e27a05a052877f13ce02,posterior,cpu-rwm-sequential,4096,4,ordinary_workflow,analyzed,valid,,3.401671900006477,3.401671900006477,"{""attempts_missing_call_return"":0,""complete_seconds"":3.401671900006477,""cost_scope"":""Sum ordinary subprocess creation-through-exit wall over every registered actual attempt; includes ordinary output/diagnostics, excludes outer audit and inter-call waiting"",""known_seconds"":3.401671900006477,""prior_interruption_known_seconds"":0.0,""recorded_measurements"":1,""unknown_measurements"":0,""unknown_time_imputed"":false}"
e4e8e27a05a052877f13ce02,posterior,cpu-rwm-sequential,4096,4,research_execution,analyzed,valid,,5.790011600009166,5.790011600009166,"{""attempts_missing_call_return"":0,""complete_seconds"":5.790011600009166,""cost_scope"":""Sum all coordinator run/retry calls except completed verification-only returns; includes recorded refusals/recovery/audit/sealing; excludes ledger writes, report observations and inter-call waiting"",""known_seconds"":5.790011600009166,""prior_interruption_known_seconds"":0.0,""recorded_measurements"":1,""unknown_measurements"":0,""unknown_time_imputed"":false}"
e4e8e27a05a052877f13ce02,posterior,cpu-rwm-sequential,4096,4,additional_verification,analyzed,valid,,0.1641961999994237,0.1641961999994237,"{""attempts_missing_call_return"":0,""complete_seconds"":0.1641961999994237,""cost_scope"":""Completed coordinator calls returning newly_executed=false; kept outside primary execution cost"",""known_seconds"":0.1641961999994237,""prior_interruption_known_seconds"":0.0,""recorded_measurements"":1,""unknown_measurements"":0,""unknown_time_imputed"":false}"
e4e8e27a05a052877f13ce02,posterior,cpu-rwm-sequential,4096,4,all_invocations,analyzed,valid,,5.954207800008589,5.954207800008589,"{""attempts_missing_call_return"":0,""complete_seconds"":5.954207800008589,""cost_scope"":""All coordinator calls, including additional verification; operational consumption, not standardized time-to-inference"",""known_seconds"":5.954207800008589,""prior_interruption_known_seconds"":0.0,""recorded_measurements"":2,""unknown_measurements"":0,""unknown_time_imputed"":false}"
bcbc696fc47e3ff37bbd3dc5,posterior,cpu-rwm-sequential,1024,0,ordinary_workflow,analyzed,valid,,2.539802600047551,2.539802600047551,"{""attempts_missing_call_return"":0,""complete_seconds"":2.539802600047551,""cost_scope"":""Sum ordinary subprocess creation-through-exit wall over every registered actual attempt; includes ordinary output/diagnostics, excludes outer audit and inter-call waiting"",""known_seconds"":2.539802600047551,""prior_interruption_known_seconds"":0.0,""recorded_measurements"":1,""unknown_measurements"":0,""unknown_time_imputed"":false}"
bcbc696fc47e3ff37bbd3dc5,posterior,cpu-rwm-sequential,1024,0,research_execution,analyzed,valid,,4.694049899990205,4.694049899990205,"{""attempts_missing_call_return"":0,""complete_seconds"":4.694049899990205,""cost_scope"":""Sum all coordinator run/retry calls except completed verification-only returns; includes recorded refusals/recovery/audit/sealing; excludes ledger writes, report observations and inter-call waiting"",""known_seconds"":4.694049899990205,""prior_interruption_known_seconds"":0.0,""recorded_measurements"":1,""unknown_measurements"":0,""unknown_time_imputed"":false}"
bcbc696fc47e3ff37bbd3dc5,posterior,cpu-rwm-sequential,1024,0,additional_verification,analyzed,valid,,0.1547988000093028,0.1547988000093028,"{""attempts_missing_call_return"":0,""complete_seconds"":0.1547988000093028,""cost_scope"":""Completed coordinator calls returning newly_executed=false; kept outside primary execution cost"",""known_seconds"":0.1547988000093028,""prior_interruption_known_seconds"":0.0,""recorded_measurements"":1,""unknown_measurements"":0,""unknown_time_imputed"":false}"
bcbc696fc47e3ff37bbd3dc5,posterior,cpu-rwm-sequential,1024,0,all_invocations,analyzed,valid,,4.8488486999995075,4.8488486999995075,"{""attempts_missing_call_return"":0,""complete_seconds"":4.8488486999995075,""cost_scope"":""All coordinator calls, including additional verification; operational consumption, not standardized time-to-inference"",""known_seconds"":4.8488486999995075,""prior_interruption_known_seconds"":0.0,""recorded_measurements"":2,""unknown_measurements"":0,""unknown_time_imputed"":false}"
d29479bc819bdc75cd048ebe,posterior,cpu-mala-quasi_deer,1024,2,ordinary_workflow,analyzed,valid,,14.655841199972201,14.655841199972201,"{""attempts_missing_call_return"":0,""complete_seconds"":14.655841199972201,""cost_scope"":""Sum ordinary subprocess creation-through-exit wall over every registered actual attempt; includes ordinary output/diagnostics, excludes outer audit and inter-call waiting"",""known_seconds"":14.655841199972201,""prior_interruption_known_seconds"":0.0,""recorded_measurements"":1,""unknown_measurements"":0,""unknown_time_imputed"":false}"
d29479bc819bdc75cd048ebe,posterior,cpu-mala-quasi_deer,1024,2,research_execution,analyzed,valid,,16.93373370001791,16.93373370001791,"{""attempts_missing_call_return"":0,""complete_seconds"":16.93373370001791,""cost_scope"":""Sum all coordinator run/retry calls except completed verification-only returns; includes recorded refusals/recovery/audit/sealing; excludes ledger writes, report observations and inter-call waiting"",""known_seconds"":16.93373370001791,""prior_interruption_known_seconds"":0.0,""recorded_measurements"":1,""unknown_measurements"":0,""unknown_time_imputed"":false}"
d29479bc819bdc75cd048ebe,posterior,cpu-mala-quasi_deer,1024,2,additional_verification,analyzed,valid,,0.15850269999646116,0.15850269999646116,"{""attempts_missing_call_return"":0,""complete_seconds"":0.15850269999646116,""cost_scope"":""Completed coordinator calls returning newly_executed=false; kept outside primary execution cost"",""known_seconds"":0.15850269999646116,""prior_interruption_known_seconds"":0.0,""recorded_measurements"":1,""unknown_measurements"":0,""unknown_time_imputed"":false}"
d29479bc819bdc75cd048ebe,posterior,cpu-mala-quasi_deer,1024,2,all_invocations,analyzed,valid,,17.09223640001437,17.09223640001437,"{""attempts_missing_call_return"":0,""complete_seconds"":17.09223640001437,""cost_scope"":""All coordinator calls, including additional verification; operational consumption, not standardized time-to-inference"",""known_seconds"":17.09223640001437,""prior_interruption_known_seconds"":0.0,""recorded_measurements"":2,""unknown_measurements"":0,""unknown_time_imputed"":false}"
09b6aa4c0e17645816f27bbb,posterior,cuda-mala-sequential,1024,1,ordinary_workflow,analyzed,valid,,9.700038799957838,9.700038799957838,"{""attempts_missing_call_return"":0,""complete_seconds"":9.700038799957838,""cost_scope"":""Sum ordinary subprocess creation-through-exit wall over every registered actual attempt; includes ordinary output/diagnostics, excludes outer audit and inter-call waiting"",""known_seconds"":9.700038799957838,""prior_interruption_known_seconds"":0.0,""recorded_measurements"":1,""unknown_measurements"":0,""unknown_time_imputed"":false}"
09b6aa4c0e17645816f27bbb,posterior,cuda-mala-sequential,1024,1,research_execution,analyzed,valid,,12.093452600005548,12.093452600005548,"{""attempts_missing_call_return"":0,""complete_seconds"":12.093452600005548,""cost_scope"":""Sum all coordinator run/retry calls except completed verification-only returns; includes recorded refusals/recovery/audit/sealing; excludes ledger writes, report observations and inter-call waiting"",""known_seconds"":12.093452600005548,""prior_interruption_known_seconds"":0.0,""recorded_measurements"":1,""unknown_measurements"":0,""unknown_time_imputed"":false}"
09b6aa4c0e17645816f27bbb,posterior,cuda-mala-sequential,1024,1,additional_verification,analyzed,valid,,0.16382610000437126,0.16382610000437126,"{""attempts_missing_call_return"":0,""complete_seconds"":0.16382610000437126,""cost_scope"":""Completed coordinator calls returning newly_executed=false; kept outside primary execution cost"",""known_seconds"":0.16382610000437126,""prior_interruption_known_seconds"":0.0,""recorded_measurements"":1,""unknown_measurements"":0,""unknown_time_imputed"":false}"
09b6aa4c0e17645816f27bbb,posterior,cuda-mala-sequential,1024,1,all_invocations,analyzed,valid,,12.25727870000992,12.25727870000992,"{""attempts_missing_call_return"":0,""complete_seconds"":12.25727870000992,""cost_scope"":""All coordinator calls, including additional verification; operational consumption, not standardized time-to-inference"",""known_seconds"":12.25727870000992,""prior_interruption_known_seconds"":0.0,""recorded_measurements"":2,""unknown_measurements"":0,""unknown_time_imputed"":false}"
bb8fad34b9c6bc3e7b53792a,posterior,cpu-mala-sequential,1024,4,ordinary_workflow,analyzed,valid,,4.679827100015245,4.679827100015245,"{""attempts_missing_call_return"":0,""complete_seconds"":4.679827100015245,""cost_scope"":""Sum ordinary subprocess creation-through-exit wall over every registered actual attempt; includes ordinary output/diagnostics, excludes outer audit and inter-call waiting"",""known_seconds"":4.679827100015245,""prior_interruption_known_seconds"":0.0,""recorded_measurements"":1,""unknown_measurements"":0,""unknown_time_imputed"":false}"
bb8fad34b9c6bc3e7b53792a,posterior,cpu-mala-sequential,1024,4,research_execution,analyzed,valid,,7.08088109997334,7.08088109997334,"{""attempts_missing_call_return"":0,""complete_seconds"":7.08088109997334,""cost_scope"":""Sum all coordinator run/retry calls except completed verification-only returns; includes recorded refusals/recovery/audit/sealing; excludes ledger writes, report observations and inter-call waiting"",""known_seconds"":7.08088109997334,""prior_interruption_known_seconds"":0.0,""recorded_measurements"":1,""unknown_measurements"":0,""unknown_time_imputed"":false}"
bb8fad34b9c6bc3e7b53792a,posterior,cpu-mala-sequential,1024,4,additional_verification,analyzed,valid,,0.1670866000058595,0.1670866000058595,"{""attempts_missing_call_return"":0,""complete_seconds"":0.1670866000058595,""cost_scope"":""Completed coordinator calls returning newly_executed=false; kept outside primary execution cost"",""known_seconds"":0.1670866000058595,""prior_interruption_known_seconds"":0.0,""recorded_measurements"":1,""unknown_measurements"":0,""unknown_time_imputed"":false}"
bb8fad34b9c6bc3e7b53792a,posterior,cpu-mala-sequential,1024,4,all_invocations,analyzed,valid,,7.247967699979199,7.247967699979199,"{""attempts_missing_call_return"":0,""complete_seconds"":7.247967699979199,""cost_scope"":""All coordinator calls, including additional verification; operational consumption, not standardized time-to-inference"",""known_seconds"":7.247967699979199,""prior_interruption_known_seconds"":0.0,""recorded_measurements"":2,""unknown_measurements"":0,""unknown_time_imputed"":false}"
6fac3b0fba6555fb3b8aa5a4,posterior,cuda-rwm-online_picard,4096,3,ordinary_workflow,analyzed,valid,,7.147037599992473,7.147037599992473,"{""attempts_missing_call_return"":0,""complete_seconds"":7.147037599992473,""cost_scope"":""Sum ordinary subprocess creation-through-exit wall over every registered actual attempt; includes ordinary output/diagnostics, excludes outer audit and inter-call waiting"",""known_seconds"":7.147037599992473,""prior_interruption_known_seconds"":0.0,""recorded_measurements"":1,""unknown_measurements"":0,""unknown_time_imputed"":false}"
6fac3b0fba6555fb3b8aa5a4,posterior,cuda-rwm-online_picard,4096,3,research_execution,analyzed,valid,,9.455745199986268,9.455745199986268,"{""attempts_missing_call_return"":0,""complete_seconds"":9.455745199986268,""cost_scope"":""Sum all coordinator run/retry calls except completed verification-only returns; includes recorded refusals/recovery/audit/sealing; excludes ledger writes, report observations and inter-call waiting"",""known_seconds"":9.455745199986268,""prior_interruption_known_seconds"":0.0,""recorded_measurements"":1,""unknown_measurements"":0,""unknown_time_imputed"":false}"
6fac3b0fba6555fb3b8aa5a4,posterior,cuda-rwm-online_picard,4096,3,additional_verification,analyzed,valid,,0.15896810000413097,0.15896810000413097,"{""attempts_missing_call_return"":0,""complete_seconds"":0.15896810000413097,""cost_scope"":""Completed coordinator calls returning newly_executed=false; kept outside primary execution cost"",""known_seconds"":0.15896810000413097,""prior_interruption_known_seconds"":0.0,""recorded_measurements"":1,""unknown_measurements"":0,""unknown_time_imputed"":false}"
6fac3b0fba6555fb3b8aa5a4,posterior,cuda-rwm-online_picard,4096,3,all_invocations,analyzed,valid,,9.614713299990399,9.614713299990399,"{""attempts_missing_call_return"":0,""complete_seconds"":9.614713299990399,""cost_scope"":""All coordinator calls, including additional verification; operational consumption, not standardized time-to-inference"",""known_seconds"":9.614713299990399,""prior_interruption_known_seconds"":0.0,""recorded_measurements"":2,""unknown_measurements"":0,""unknown_time_imputed"":false}"
207fed4b48cd5c74caaaed32,posterior,cpu-rwm-sequential,1024,3,ordinary_workflow,analyzed,valid,,2.5567497999873012,2.5567497999873012,"{""attempts_missing_call_return"":0,""complete_seconds"":2.5567497999873012,""cost_scope"":""Sum ordinary subprocess creation-through-exit wall over every registered actual attempt; includes ordinary output/diagnostics, excludes outer audit and inter-call waiting"",""known_seconds"":2.5567497999873012,""prior_interruption_known_seconds"":0.0,""recorded_measurements"":1,""unknown_measurements"":0,""unknown_time_imputed"":false}"
207fed4b48cd5c74caaaed32,posterior,cpu-rwm-sequential,1024,3,research_execution,analyzed,valid,,4.7024420000379905,4.7024420000379905,"{""attempts_missing_call_return"":0,""complete_seconds"":4.7024420000379905,""cost_scope"":""Sum all coordinator run/retry calls except completed verification-only returns; includes recorded refusals/recovery/audit/sealing; excludes ledger writes, report observations and inter-call waiting"",""known_seconds"":4.7024420000379905,""prior_interruption_known_seconds"":0.0,""recorded_measurements"":1,""unknown_measurements"":0,""unknown_time_imputed"":false}"
207fed4b48cd5c74caaaed32,posterior,cpu-rwm-sequential,1024,3,additional_verification,analyzed,valid,,0.15691079999669455,0.15691079999669455,"{""attempts_missing_call_return"":0,""complete_seconds"":0.15691079999669455,""cost_scope"":""Completed coordinator calls returning newly_executed=false; kept outside primary execution cost"",""known_seconds"":0.15691079999669455,""prior_interruption_known_seconds"":0.0,""recorded_measurements"":1,""unknown_measurements"":0,""unknown_time_imputed"":false}"
207fed4b48cd5c74caaaed32,posterior,cpu-rwm-sequential,1024,3,all_invocations,analyzed,valid,,4.859352800034685,4.859352800034685,"{""attempts_missing_call_return"":0,""complete_seconds"":4.859352800034685,""cost_scope"":""All coordinator calls, including additional verification; operational consumption, not standardized time-to-inference"",""known_seconds"":4.859352800034685,""prior_interruption_known_seconds"":0.0,""recorded_measurements"":2,""unknown_measurements"":0,""unknown_time_imputed"":false}"
513c16ca1824057411d11868,posterior,cuda-rwm-online_picard,4096,2,ordinary_workflow,analyzed,valid,,7.293576000025496,7.293576000025496,"{""attempts_missing_call_return"":0,""complete_seconds"":7.293576000025496,""cost_scope"":""Sum ordinary subprocess creation-through-exit wall over every registered actual attempt; includes ordinary output/diagnostics, excludes outer audit and inter-call waiting"",""known_seconds"":7.293576000025496,""prior_interruption_known_seconds"":0.0,""recorded_measurements"":1,""unknown_measurements"":0,""unknown_time_imputed"":false}"
513c16ca1824057411d11868,posterior,cuda-rwm-online_picard,4096,2,research_execution,analyzed,valid,,9.623856699967291,9.623856699967291,"{""attempts_missing_call_return"":0,""complete_seconds"":9.623856699967291,""cost_scope"":""Sum all coordinator run/retry calls except completed verification-only returns; includes recorded refusals/recovery/audit/sealing; excludes ledger writes, report observations and inter-call waiting"",""known_seconds"":9.623856699967291,""prior_interruption_known_seconds"":0.0,""recorded_measurements"":1,""unknown_measurements"":0,""unknown_time_imputed"":false}"
513c16ca1824057411d11868,posterior,cuda-rwm-online_picard,4096,2,additional_verification,analyzed,valid,,0.1661067999957595,0.1661067999957595,"{""attempts_missing_call_return"":0,""complete_seconds"":0.1661067999957595,""cost_scope"":""Completed coordinator calls returning newly_executed=false; kept outside primary execution cost"",""known_seconds"":0.1661067999957595,""prior_interruption_known_seconds"":0.0,""recorded_measurements"":1,""unknown_measurements"":0,""unknown_time_imputed"":false}"
513c16ca1824057411d11868,posterior,cuda-rwm-online_picard,4096,2,all_invocations,analyzed,valid,,9.78996349996305,9.78996349996305,"{""attempts_missing_call_return"":0,""complete_seconds"":9.78996349996305,""cost_scope"":""All coordinator calls, including additional verification; operational consumption, not standardized time-to-inference"",""known_seconds"":9.78996349996305,""prior_interruption_known_seconds"":0.0,""recorded_measurements"":2,""unknown_measurements"":0,""unknown_time_imputed"":false}"
e19e9951d458f2b6b2491ec5,posterior,cpu-mala-quasi_deer,4096,2,ordinary_workflow,analyzed,numerical_failure,,37.76619350002147,37.76619350002147,"{""attempts_missing_call_return"":0,""complete_seconds"":37.76619350002147,""cost_scope"":""Sum ordinary subprocess creation-through-exit wall over every registered actual attempt; includes ordinary output/diagnostics, excludes outer audit and inter-call waiting"",""known_seconds"":37.76619350002147,""prior_interruption_known_seconds"":0.0,""recorded_measurements"":1,""unknown_measurements"":0,""unknown_time_imputed"":false}"
e19e9951d458f2b6b2491ec5,posterior,cpu-mala-quasi_deer,4096,2,research_execution,analyzed,numerical_failure,,40.45551830000477,40.45551830000477,"{""attempts_missing_call_return"":0,""complete_seconds"":40.45551830000477,""cost_scope"":""Sum all coordinator run/retry calls except completed verification-only returns; includes recorded refusals/recovery/audit/sealing; excludes ledger writes, report observations and inter-call waiting"",""known_seconds"":40.45551830000477,""prior_interruption_known_seconds"":0.0,""recorded_measurements"":1,""unknown_measurements"":0,""unknown_time_imputed"":false}"
e19e9951d458f2b6b2491ec5,posterior,cpu-mala-quasi_deer,4096,2,additional_verification,analyzed,numerical_failure,,0.1688575000007404,0.1688575000007404,"{""attempts_missing_call_return"":0,""complete_seconds"":0.1688575000007404,""cost_scope"":""Completed coordinator calls returning newly_executed=false; kept outside primary execution cost"",""known_seconds"":0.1688575000007404,""prior_interruption_known_seconds"":0.0,""recorded_measurements"":1,""unknown_measurements"":0,""unknown_time_imputed"":false}"
e19e9951d458f2b6b2491ec5,posterior,cpu-mala-quasi_deer,4096,2,all_invocations,analyzed,numerical_failure,,40.62437580000551,40.62437580000551,"{""attempts_missing_call_return"":0,""complete_seconds"":40.62437580000551,""cost_scope"":""All coordinator calls, including additional verification; operational consumption, not standardized time-to-inference"",""known_seconds"":40.62437580000551,""prior_interruption_known_seconds"":0.0,""recorded_measurements"":2,""unknown_measurements"":0,""unknown_time_imputed"":false}"
37d63393a46712965f0141be,posterior,cuda-mala-sequential,1024,7,ordinary_workflow,analyzed,valid,,9.711085600021761,9.711085600021761,"{""attempts_missing_call_return"":0,""complete_seconds"":9.711085600021761,""cost_scope"":""Sum ordinary subprocess creation-through-exit wall over every registered actual attempt; includes ordinary output/diagnostics, excludes outer audit and inter-call waiting"",""known_seconds"":9.711085600021761,""prior_interruption_known_seconds"":0.0,""recorded_measurements"":1,""unknown_measurements"":0,""unknown_time_imputed"":false}"
37d63393a46712965f0141be,posterior,cuda-mala-sequential,1024,7,research_execution,analyzed,valid,,11.988115900021512,11.988115900021512,"{""attempts_missing_call_return"":0,""complete_seconds"":11.988115900021512,""cost_scope"":""Sum all coordinator run/retry calls except completed verification-only returns; includes recorded refusals/recovery/audit/sealing; excludes ledger writes, report observations and inter-call waiting"",""known_seconds"":11.988115900021512,""prior_interruption_known_seconds"":0.0,""recorded_measurements"":1,""unknown_measurements"":0,""unknown_time_imputed"":false}"
37d63393a46712965f0141be,posterior,cuda-mala-sequential,1024,7,additional_verification,analyzed,valid,,0.16970969999965746,0.16970969999965746,"{""attempts_missing_call_return"":0,""complete_seconds"":0.16970969999965746,""cost_scope"":""Completed coordinator calls returning newly_executed=false; kept outside primary execution cost"",""known_seconds"":0.16970969999965746,""prior_interruption_known_seconds"":0.0,""recorded_measurements"":1,""unknown_measurements"":0,""unknown_time_imputed"":false}"
37d63393a46712965f0141be,posterior,cuda-mala-sequential,1024,7,all_invocations,analyzed,valid,,12.15782560002117,12.15782560002117,"{""attempts_missing_call_return"":0,""complete_seconds"":12.15782560002117,""cost_scope"":""All coordinator calls, including additional verification; operational consumption, not standardized time-to-inference"",""known_seconds"":12.15782560002117,""prior_interruption_known_seconds"":0.0,""recorded_measurements"":2,""unknown_measurements"":0,""unknown_time_imputed"":false}"
3bb02a22ee562ed49bea681d,posterior,cpu-nuts-spawn_chains,1024,3,ordinary_workflow,analyzed,valid,,34.15122300002258,34.15122300002258,"{""attempts_missing_call_return"":0,""complete_seconds"":34.15122300002258,""cost_scope"":""Sum ordinary subprocess creation-through-exit wall over every registered actual attempt; includes ordinary output/diagnostics, excludes outer audit and inter-call waiting"",""known_seconds"":34.15122300002258,""prior_interruption_known_seconds"":0.0,""recorded_measurements"":1,""unknown_measurements"":0,""unknown_time_imputed"":false}"
3bb02a22ee562ed49bea681d,posterior,cpu-nuts-spawn_chains,1024,3,research_execution,analyzed,valid,,36.3377429000102,36.3377429000102,"{""attempts_missing_call_return"":0,""complete_seconds"":36.3377429000102,""cost_scope"":""Sum all coordinator run/retry calls except completed verification-only returns; includes recorded refusals/recovery/audit/sealing; excludes ledger writes, report observations and inter-call waiting"",""known_seconds"":36.3377429000102,""prior_interruption_known_seconds"":0.0,""recorded_measurements"":1,""unknown_measurements"":0,""unknown_time_imputed"":false}"
3bb02a22ee562ed49bea681d,posterior,cpu-nuts-spawn_chains,1024,3,additional_verification,analyzed,valid,,0.16211600000679027,0.16211600000679027,"{""attempts_missing_call_return"":0,""complete_seconds"":0.16211600000679027,""cost_scope"":""Completed coordinator calls returning newly_executed=false; kept outside primary execution cost"",""known_seconds"":0.16211600000679027,""prior_interruption_known_seconds"":0.0,""recorded_measurements"":1,""unknown_measurements"":0,""unknown_time_imputed"":false}"
3bb02a22ee562ed49bea681d,posterior,cpu-nuts-spawn_chains,1024,3,all_invocations,analyzed,valid,,36.49985890001699,36.49985890001699,"{""attempts_missing_call_return"":0,""complete_seconds"":36.49985890001699,""cost_scope"":""All coordinator calls, including additional verification; operational consumption, not standardized time-to-inference"",""known_seconds"":36.49985890001699,""prior_interruption_known_seconds"":0.0,""recorded_measurements"":2,""unknown_measurements"":0,""unknown_time_imputed"":false}"
f112dcb5bb0d0f30853d93d3,posterior,cuda-mala-sequential,4096,6,ordinary_workflow,analyzed,valid,,22.791606300044805,22.791606300044805,"{""attempts_missing_call_return"":0,""complete_seconds"":22.791606300044805,""cost_scope"":""Sum ordinary subprocess creation-through-exit wall over every registered actual attempt; includes ordinary output/diagnostics, excludes outer audit and inter-call waiting"",""known_seconds"":22.791606300044805,""prior_interruption_known_seconds"":0.0,""recorded_measurements"":1,""unknown_measurements"":0,""unknown_time_imputed"":false}"
f112dcb5bb0d0f30853d93d3,posterior,cuda-mala-sequential,4096,6,research_execution,analyzed,valid,,25.576049599971157,25.576049599971157,"{""attempts_missing_call_return"":0,""complete_seconds"":25.576049599971157,""cost_scope"":""Sum all coordinator run/retry calls except completed verification-only returns; includes recorded refusals/recovery/audit/sealing; excludes ledger writes, report observations and inter-call waiting"",""known_seconds"":25.576049599971157,""prior_interruption_known_seconds"":0.0,""recorded_measurements"":1,""unknown_measurements"":0,""unknown_time_imputed"":false}"
f112dcb5bb0d0f30853d93d3,posterior,cuda-mala-sequential,4096,6,additional_verification,analyzed,valid,,0.16160190000664443,0.16160190000664443,"{""attempts_missing_call_return"":0,""complete_seconds"":0.16160190000664443,""cost_scope"":""Completed coordinator calls returning newly_executed=false; kept outside primary execution cost"",""known_seconds"":0.16160190000664443,""prior_interruption_known_seconds"":0.0,""recorded_measurements"":1,""unknown_measurements"":0,""unknown_time_imputed"":false}"
f112dcb5bb0d0f30853d93d3,posterior,cuda-mala-sequential,4096,6,all_invocations,analyzed,valid,,25.7376514999778,25.7376514999778,"{""attempts_missing_call_return"":0,""complete_seconds"":25.7376514999778,""cost_scope"":""All coordinator calls, including additional verification; operational consumption, not standardized time-to-inference"",""known_seconds"":25.7376514999778,""prior_interruption_known_seconds"":0.0,""recorded_measurements"":2,""unknown_measurements"":0,""unknown_time_imputed"":false}"
9d6022c643be7a8aeb909748,posterior,cuda-mala-quasi_deer,1024,1,ordinary_workflow,analyzed,valid,,28.756510699982755,28.756510699982755,"{""attempts_missing_call_return"":0,""complete_seconds"":28.756510699982755,""cost_scope"":""Sum ordinary subprocess creation-through-exit wall over every registered actual attempt; includes ordinary output/diagnostics, excludes outer audit and inter-call waiting"",""known_seconds"":28.756510699982755,""prior_interruption_known_seconds"":0.0,""recorded_measurements"":1,""unknown_measurements"":0,""unknown_time_imputed"":false}"
9d6022c643be7a8aeb909748,posterior,cuda-mala-quasi_deer,1024,1,research_execution,analyzed,valid,,30.96614450000925,30.96614450000925,"{""attempts_missing_call_return"":0,""complete_seconds"":30.96614450000925,""cost_scope"":""Sum all coordinator run/retry calls except completed verification-only returns; includes recorded refusals/recovery/audit/sealing; excludes ledger writes, report observations and inter-call waiting"",""known_seconds"":30.96614450000925,""prior_interruption_known_seconds"":0.0,""recorded_measurements"":1,""unknown_measurements"":0,""unknown_time_imputed"":false}"
9d6022c643be7a8aeb909748,posterior,cuda-mala-quasi_deer,1024,1,additional_verification,analyzed,valid,,0.1644609000068158,0.1644609000068158,"{""attempts_missing_call_return"":0,""complete_seconds"":0.1644609000068158,""cost_scope"":""Completed coordinator calls returning newly_executed=false; kept outside primary execution cost"",""known_seconds"":0.1644609000068158,""prior_interruption_known_seconds"":0.0,""recorded_measurements"":1,""unknown_measurements"":0,""unknown_time_imputed"":false}"
9d6022c643be7a8aeb909748,posterior,cuda-mala-quasi_deer,1024,1,all_invocations,analyzed,valid,,31.130605400016066,31.130605400016066,"{""attempts_missing_call_return"":0,""complete_seconds"":31.130605400016066,""cost_scope"":""All coordinator calls, including additional verification; operational consumption, not standardized time-to-inference"",""known_seconds"":31.130605400016066,""prior_interruption_known_seconds"":0.0,""recorded_measurements"":2,""unknown_measurements"":0,""unknown_time_imputed"":false}"
d93885d492fab0c1ecfc1f18,posterior,cuda-rwm-sequential,4096,5,ordinary_workflow,analyzed,valid,,7.332784699974582,7.332784699974582,"{""attempts_missing_call_return"":0,""complete_seconds"":7.332784699974582,""cost_scope"":""Sum ordinary subprocess creation-through-exit wall over every registered actual attempt; includes ordinary output/diagnostics, excludes outer audit and inter-call waiting"",""known_seconds"":7.332784699974582,""prior_interruption_known_seconds"":0.0,""recorded_measurements"":1,""unknown_measurements"":0,""unknown_time_imputed"":false}"
d93885d492fab0c1ecfc1f18,posterior,cuda-rwm-sequential,4096,5,research_execution,analyzed,valid,,9.647876399976667,9.647876399976667,"{""attempts_missing_call_return"":0,""complete_seconds"":9.647876399976667,""cost_scope"":""Sum all coordinator run/retry calls except completed verification-only returns; includes recorded refusals/recovery/audit/sealing; excludes ledger writes, report observations and inter-call waiting"",""known_seconds"":9.647876399976667,""prior_interruption_known_seconds"":0.0,""recorded_measurements"":1,""unknown_measurements"":0,""unknown_time_imputed"":false}"
d93885d492fab0c1ecfc1f18,posterior,cuda-rwm-sequential,4096,5,additional_verification,analyzed,valid,,0.16465679999964777,0.16465679999964777,"{""attempts_missing_call_return"":0,""complete_seconds"":0.16465679999964777,""cost_scope"":""Completed coordinator calls returning newly_executed=false; kept outside primary execution cost"",""known_seconds"":0.16465679999964777,""prior_interruption_known_seconds"":0.0,""recorded_measurements"":1,""unknown_measurements"":0,""unknown_time_imputed"":false}"
d93885d492fab0c1ecfc1f18,posterior,cuda-rwm-sequential,4096,5,all_invocations,analyzed,valid,,9.812533199976315,9.812533199976315,"{""attempts_missing_call_return"":0,""complete_seconds"":9.812533199976315,""cost_scope"":""All coordinator calls, including additional verification; operational consumption, not standardized time-to-inference"",""known_seconds"":9.812533199976315,""prior_interruption_known_seconds"":0.0,""recorded_measurements"":2,""unknown_measurements"":0,""unknown_time_imputed"":false}"
3da9446de4e81bcdbf5933e0,posterior,cpu-rwm-online_picard,4096,6,ordinary_workflow,analyzed,valid,,3.823084999981802,3.823084999981802,"{""attempts_missing_call_return"":0,""complete_seconds"":3.823084999981802,""cost_scope"":""Sum ordinary subprocess creation-through-exit wall over every registered actual attempt; includes ordinary output/diagnostics, excludes outer audit and inter-call waiting"",""known_seconds"":3.823084999981802,""prior_interruption_known_seconds"":0.0,""recorded_measurements"":1,""unknown_measurements"":0,""unknown_time_imputed"":false}"
3da9446de4e81bcdbf5933e0,posterior,cpu-rwm-online_picard,4096,6,research_execution,analyzed,valid,,6.198029300023336,6.198029300023336,"{""attempts_missing_call_return"":0,""complete_seconds"":6.198029300023336,""cost_scope"":""Sum all coordinator run/retry calls except completed verification-only returns; includes recorded refusals/recovery/audit/sealing; excludes ledger writes, report observations and inter-call waiting"",""known_seconds"":6.198029300023336,""prior_interruption_known_seconds"":0.0,""recorded_measurements"":1,""unknown_measurements"":0,""unknown_time_imputed"":false}"
3da9446de4e81bcdbf5933e0,posterior,cpu-rwm-online_picard,4096,6,additional_verification,analyzed,valid,,0.16096639999886975,0.16096639999886975,"{""attempts_missing_call_return"":0,""complete_seconds"":0.16096639999886975,""cost_scope"":""Completed coordinator calls returning newly_executed=false; kept outside primary execution cost"",""known_seconds"":0.16096639999886975,""prior_interruption_known_seconds"":0.0,""recorded_measurements"":1,""unknown_measurements"":0,""unknown_time_imputed"":false}"
3da9446de4e81bcdbf5933e0,posterior,cpu-rwm-online_picard,4096,6,all_invocations,analyzed,valid,,6.358995700022206,6.358995700022206,"{""attempts_missing_call_return"":0,""complete_seconds"":6.358995700022206,""cost_scope"":""All coordinator calls, including additional verification; operational consumption, not standardized time-to-inference"",""known_seconds"":6.358995700022206,""prior_interruption_known_seconds"":0.0,""recorded_measurements"":2,""unknown_measurements"":0,""unknown_time_imputed"":false}"
f7562eda75242289755e7c6c,posterior,cuda-mala-quasi_deer,1024,3,ordinary_workflow,analyzed,numerical_failure,,27.865510200033896,27.865510200033896,"{""attempts_missing_call_return"":0,""complete_seconds"":27.865510200033896,""cost_scope"":""Sum ordinary subprocess creation-through-exit wall over every registered actual attempt; includes ordinary output/diagnostics, excludes outer audit and inter-call waiting"",""known_seconds"":27.865510200033896,""prior_interruption_known_seconds"":0.0,""recorded_measurements"":1,""unknown_measurements"":0,""unknown_time_imputed"":false}"
f7562eda75242289755e7c6c,posterior,cuda-mala-quasi_deer,1024,3,research_execution,analyzed,numerical_failure,,30.15348570002243,30.15348570002243,"{""attempts_missing_call_return"":0,""complete_seconds"":30.15348570002243,""cost_scope"":""Sum all coordinator run/retry calls except completed verification-only returns; includes recorded refusals/recovery/audit/sealing; excludes ledger writes, report observations and inter-call waiting"",""known_seconds"":30.15348570002243,""prior_interruption_known_seconds"":0.0,""recorded_measurements"":1,""unknown_measurements"":0,""unknown_time_imputed"":false}"
f7562eda75242289755e7c6c,posterior,cuda-mala-quasi_deer,1024,3,additional_verification,analyzed,numerical_failure,,0.15763469999365043,0.15763469999365043,"{""attempts_missing_call_return"":0,""complete_seconds"":0.15763469999365043,""cost_scope"":""Completed coordinator calls returning newly_executed=false; kept outside primary execution cost"",""known_seconds"":0.15763469999365043,""prior_interruption_known_seconds"":0.0,""recorded_measurements"":1,""unknown_measurements"":0,""unknown_time_imputed"":false}"
f7562eda75242289755e7c6c,posterior,cuda-mala-quasi_deer,1024,3,all_invocations,analyzed,numerical_failure,,30.31112040001608,30.31112040001608,"{""attempts_missing_call_return"":0,""complete_seconds"":30.31112040001608,""cost_scope"":""All coordinator calls, including additional verification; operational consumption, not standardized time-to-inference"",""known_seconds"":30.31112040001608,""prior_interruption_known_seconds"":0.0,""recorded_measurements"":2,""unknown_measurements"":0,""unknown_time_imputed"":false}"
fc03c8d600fdbc727d966458,posterior,cpu-nuts-spawn_chains,4096,6,ordinary_workflow,analyzed,output_failure_unclassified,,146.90910289995372,146.90910289995372,"{""attempts_missing_call_return"":0,""complete_seconds"":146.90910289995372,""cost_scope"":""Sum ordinary subprocess creation-through-exit wall over every registered actual attempt; includes ordinary output/diagnostics, excludes outer audit and inter-call waiting"",""known_seconds"":146.90910289995372,""prior_interruption_known_seconds"":0.0,""recorded_measurements"":1,""unknown_measurements"":0,""unknown_time_imputed"":false}"
fc03c8d600fdbc727d966458,posterior,cpu-nuts-spawn_chains,4096,6,research_execution,analyzed,output_failure_unclassified,,148.97991419996833,148.97991419996833,"{""attempts_missing_call_return"":0,""complete_seconds"":148.97991419996833,""cost_scope"":""Sum all coordinator run/retry calls except completed verification-only returns; includes recorded refusals/recovery/audit/sealing; excludes ledger writes, report observations and inter-call waiting"",""known_seconds"":148.97991419996833,""prior_interruption_known_seconds"":0.0,""recorded_measurements"":1,""unknown_measurements"":0,""unknown_time_imputed"":false}"
fc03c8d600fdbc727d966458,posterior,cpu-nuts-spawn_chains,4096,6,additional_verification,analyzed,output_failure_unclassified,,0.16411280000465922,0.16411280000465922,"{""attempts_missing_call_return"":0,""complete_seconds"":0.16411280000465922,""cost_scope"":""Completed coordinator calls returning newly_executed=false; kept outside primary execution cost"",""known_seconds"":0.16411280000465922,""prior_interruption_known_seconds"":0.0,""recorded_measurements"":1,""unknown_measurements"":0,""unknown_time_imputed"":false}"
fc03c8d600fdbc727d966458,posterior,cpu-nuts-spawn_chains,4096,6,all_invocations,analyzed,output_failure_unclassified,,149.144026999973,149.144026999973,"{""attempts_missing_call_return"":0,""complete_seconds"":149.144026999973,""cost_scope"":""All coordinator calls, including additional verification; operational consumption, not standardized time-to-inference"",""known_seconds"":149.144026999973,""prior_interruption_known_seconds"":0.0,""recorded_measurements"":2,""unknown_measurements"":0,""unknown_time_imputed"":false}"
309d795b48862c2245714c68,posterior,cuda-rwm-online_picard,1024,4,ordinary_workflow,analyzed,valid,,3.9108208999969065,3.9108208999969065,"{""attempts_missing_call_return"":0,""complete_seconds"":3.9108208999969065,""cost_scope"":""Sum ordinary subprocess creation-through-exit wall over every registered actual attempt; includes ordinary output/diagnostics, excludes outer audit and inter-call waiting"",""known_seconds"":3.9108208999969065,""prior_interruption_known_seconds"":0.0,""recorded_measurements"":1,""unknown_measurements"":0,""unknown_time_imputed"":false}"
309d795b48862c2245714c68,posterior,cuda-rwm-online_picard,1024,4,research_execution,analyzed,valid,,6.023748100036755,6.023748100036755,"{""attempts_missing_call_return"":0,""complete_seconds"":6.023748100036755,""cost_scope"":""Sum all coordinator run/retry calls except completed verification-only returns; includes recorded refusals/recovery/audit/sealing; excludes ledger writes, report observations and inter-call waiting"",""known_seconds"":6.023748100036755,""prior_interruption_known_seconds"":0.0,""recorded_measurements"":1,""unknown_measurements"":0,""unknown_time_imputed"":false}"
309d795b48862c2245714c68,posterior,cuda-rwm-online_picard,1024,4,additional_verification,analyzed,valid,,0.16777230000298005,0.16777230000298005,"{""attempts_missing_call_return"":0,""complete_seconds"":0.16777230000298005,""cost_scope"":""Completed coordinator calls returning newly_executed=false; kept outside primary execution cost"",""known_seconds"":0.16777230000298005,""prior_interruption_known_seconds"":0.0,""recorded_measurements"":1,""unknown_measurements"":0,""unknown_time_imputed"":false}"
309d795b48862c2245714c68,posterior,cuda-rwm-online_picard,1024,4,all_invocations,analyzed,valid,,6.191520400039735,6.191520400039735,"{""attempts_missing_call_return"":0,""complete_seconds"":6.191520400039735,""cost_scope"":""All coordinator calls, including additional verification; operational consumption, not standardized time-to-inference"",""known_seconds"":6.191520400039735,""prior_interruption_known_seconds"":0.0,""recorded_measurements"":2,""unknown_measurements"":0,""unknown_time_imputed"":false}"
a1049de98c94c70ba53ceace,posterior,cpu-nuts-spawn_chains,4096,1,ordinary_workflow,analyzed,output_failure_unclassified,,80.99005800002487,80.99005800002487,"{""attempts_missing_call_return"":0,""complete_seconds"":80.99005800002487,""cost_scope"":""Sum ordinary subprocess creation-through-exit wall over every registered actual attempt; includes ordinary output/diagnostics, excludes outer audit and inter-call waiting"",""known_seconds"":80.99005800002487,""prior_interruption_known_seconds"":0.0,""recorded_measurements"":1,""unknown_measurements"":0,""unknown_time_imputed"":false}"
a1049de98c94c70ba53ceace,posterior,cpu-nuts-spawn_chains,4096,1,research_execution,analyzed,output_failure_unclassified,,83.06576969998423,83.06576969998423,"{""attempts_missing_call_return"":0,""complete_seconds"":83.06576969998423,""cost_scope"":""Sum all coordinator run/retry calls except completed verification-only returns; includes recorded refusals/recovery/audit/sealing; excludes ledger writes, report observations and inter-call waiting"",""known_seconds"":83.06576969998423,""prior_interruption_known_seconds"":0.0,""recorded_measurements"":1,""unknown_measurements"":0,""unknown_time_imputed"":false}"
a1049de98c94c70ba53ceace,posterior,cpu-nuts-spawn_chains,4096,1,additional_verification,analyzed,output_failure_unclassified,,0.15892929999972694,0.15892929999972694,"{""attempts_missing_call_return"":0,""complete_seconds"":0.15892929999972694,""cost_scope"":""Completed coordinator calls returning newly_executed=false; kept outside primary execution cost"",""known_seconds"":0.15892929999972694,""prior_interruption_known_seconds"":0.0,""recorded_measurements"":1,""unknown_measurements"":0,""unknown_time_imputed"":false}"
a1049de98c94c70ba53ceace,posterior,cpu-nuts-spawn_chains,4096,1,all_invocations,analyzed,output_failure_unclassified,,83.22469899998396,83.22469899998396,"{""attempts_missing_call_return"":0,""complete_seconds"":83.22469899998396,""cost_scope"":""All coordinator calls, including additional verification; operational consumption, not standardized time-to-inference"",""known_seconds"":83.22469899998396,""prior_interruption_known_seconds"":0.0,""recorded_measurements"":2,""unknown_measurements"":0,""unknown_time_imputed"":false}"
42d98cb9acbb616ffc93da89,posterior,cpu-rwm-online_picard,4096,2,ordinary_workflow,analyzed,valid,,3.825703500013333,3.825703500013333,"{""attempts_missing_call_return"":0,""complete_seconds"":3.825703500013333,""cost_scope"":""Sum ordinary subprocess creation-through-exit wall over every registered actual attempt; includes ordinary output/diagnostics, excludes outer audit and inter-call waiting"",""known_seconds"":3.825703500013333,""prior_interruption_known_seconds"":0.0,""recorded_measurements"":1,""unknown_measurements"":0,""unknown_time_imputed"":false}"
42d98cb9acbb616ffc93da89,posterior,cpu-rwm-online_picard,4096,2,research_execution,analyzed,valid,,6.201824199990369,6.201824199990369,"{""attempts_missing_call_return"":0,""complete_seconds"":6.201824199990369,""cost_scope"":""Sum all coordinator run/retry calls except completed verification-only returns; includes recorded refusals/recovery/audit/sealing; excludes ledger writes, report observations and inter-call waiting"",""known_seconds"":6.201824199990369,""prior_interruption_known_seconds"":0.0,""recorded_measurements"":1,""unknown_measurements"":0,""unknown_time_imputed"":false}"
42d98cb9acbb616ffc93da89,posterior,cpu-rwm-online_picard,4096,2,additional_verification,analyzed,valid,,0.16285680000146385,0.16285680000146385,"{""attempts_missing_call_return"":0,""complete_seconds"":0.16285680000146385,""cost_scope"":""Completed coordinator calls returning newly_executed=false; kept outside primary execution cost"",""known_seconds"":0.16285680000146385,""prior_interruption_known_seconds"":0.0,""recorded_measurements"":1,""unknown_measurements"":0,""unknown_time_imputed"":false}"
42d98cb9acbb616ffc93da89,posterior,cpu-rwm-online_picard,4096,2,all_invocations,analyzed,valid,,6.364680999991833,6.364680999991833,"{""attempts_missing_call_return"":0,""complete_seconds"":6.364680999991833,""cost_scope"":""All coordinator calls, including additional verification; operational consumption, not standardized time-to-inference"",""known_seconds"":6.364680999991833,""prior_interruption_known_seconds"":0.0,""recorded_measurements"":2,""unknown_measurements"":0,""unknown_time_imputed"":false}"
67f2d5bdc2664c0473561394,posterior,cuda-mala-sequential,4096,7,ordinary_workflow,analyzed,valid,,22.149604199978057,22.149604199978057,"{""attempts_missing_call_return"":0,""complete_seconds"":22.149604199978057,""cost_scope"":""Sum ordinary subprocess creation-through-exit wall over every registered actual attempt; includes ordinary output/diagnostics, excludes outer audit and inter-call waiting"",""known_seconds"":22.149604199978057,""prior_interruption_known_seconds"":0.0,""recorded_measurements"":1,""unknown_measurements"":0,""unknown_time_imputed"":false}"
67f2d5bdc2664c0473561394,posterior,cuda-mala-sequential,4096,7,research_execution,analyzed,valid,,25.026156099978834,25.026156099978834,"{""attempts_missing_call_return"":0,""complete_seconds"":25.026156099978834,""cost_scope"":""Sum all coordinator run/retry calls except completed verification-only returns; includes recorded refusals/recovery/audit/sealing; excludes ledger writes, report observations and inter-call waiting"",""known_seconds"":25.026156099978834,""prior_interruption_known_seconds"":0.0,""recorded_measurements"":1,""unknown_measurements"":0,""unknown_time_imputed"":false}"
67f2d5bdc2664c0473561394,posterior,cuda-mala-sequential,4096,7,additional_verification,analyzed,valid,,0.17625129999942146,0.17625129999942146,"{""attempts_missing_call_return"":0,""complete_seconds"":0.17625129999942146,""cost_scope"":""Completed coordinator calls returning newly_executed=false; kept outside primary execution cost"",""known_seconds"":0.17625129999942146,""prior_interruption_known_seconds"":0.0,""recorded_measurements"":1,""unknown_measurements"":0,""unknown_time_imputed"":false}"
67f2d5bdc2664c0473561394,posterior,cuda-mala-sequential,4096,7,all_invocations,analyzed,valid,,25.202407399978256,25.202407399978256,"{""attempts_missing_call_return"":0,""complete_seconds"":25.202407399978256,""cost_scope"":""All coordinator calls, including additional verification; operational consumption, not standardized time-to-inference"",""known_seconds"":25.202407399978256,""prior_interruption_known_seconds"":0.0,""recorded_measurements"":2,""unknown_measurements"":0,""unknown_time_imputed"":false}"
97f4361c70b79bc17c5b5af1,posterior,cuda-rwm-online_picard,4096,4,ordinary_workflow,analyzed,valid,,7.570862299995497,7.570862299995497,"{""attempts_missing_call_return"":0,""complete_seconds"":7.570862299995497,""cost_scope"":""Sum ordinary subprocess creation-through-exit wall over every registered actual attempt; includes ordinary output/diagnostics, excludes outer audit and inter-call waiting"",""known_seconds"":7.570862299995497,""prior_interruption_known_seconds"":0.0,""recorded_measurements"":1,""unknown_measurements"":0,""unknown_time_imputed"":false}"
97f4361c70b79bc17c5b5af1,posterior,cuda-rwm-online_picard,4096,4,research_execution,analyzed,valid,,9.918452400015667,9.918452400015667,"{""attempts_missing_call_return"":0,""complete_seconds"":9.918452400015667,""cost_scope"":""Sum all coordinator run/retry calls except completed verification-only returns; includes recorded refusals/recovery/audit/sealing; excludes ledger writes, report observations and inter-call waiting"",""known_seconds"":9.918452400015667,""prior_interruption_known_seconds"":0.0,""recorded_measurements"":1,""unknown_measurements"":0,""unknown_time_imputed"":false}"
97f4361c70b79bc17c5b5af1,posterior,cuda-rwm-online_picard,4096,4,additional_verification,analyzed,valid,,0.15649999999732245,0.15649999999732245,"{""attempts_missing_call_return"":0,""complete_seconds"":0.15649999999732245,""cost_scope"":""Completed coordinator calls returning newly_executed=false; kept outside primary execution cost"",""known_seconds"":0.15649999999732245,""prior_interruption_known_seconds"":0.0,""recorded_measurements"":1,""unknown_measurements"":0,""unknown_time_imputed"":false}"
97f4361c70b79bc17c5b5af1,posterior,cuda-rwm-online_picard,4096,4,all_invocations,analyzed,valid,,10.07495240001299,10.07495240001299,"{""attempts_missing_call_return"":0,""complete_seconds"":10.07495240001299,""cost_scope"":""All coordinator calls, including additional verification; operational consumption, not standardized time-to-inference"",""known_seconds"":10.07495240001299,""prior_interruption_known_seconds"":0.0,""recorded_measurements"":2,""unknown_measurements"":0,""unknown_time_imputed"":false}"
8da81719072012b896f531f4,posterior,cuda-rwm-sequential,4096,4,ordinary_workflow,analyzed,valid,,7.385898600041401,7.385898600041401,"{""attempts_missing_call_return"":0,""complete_seconds"":7.385898600041401,""cost_scope"":""Sum ordinary subprocess creation-through-exit wall over every registered actual attempt; includes ordinary output/diagnostics, excludes outer audit and inter-call waiting"",""known_seconds"":7.385898600041401,""prior_interruption_known_seconds"":0.0,""recorded_measurements"":1,""unknown_measurements"":0,""unknown_time_imputed"":false}"
8da81719072012b896f531f4,posterior,cuda-rwm-sequential,4096,4,research_execution,analyzed,valid,,9.638740700029302,9.638740700029302,"{""attempts_missing_call_return"":0,""complete_seconds"":9.638740700029302,""cost_scope"":""Sum all coordinator run/retry calls except completed verification-only returns; includes recorded refusals/recovery/audit/sealing; excludes ledger writes, report observations and inter-call waiting"",""known_seconds"":9.638740700029302,""prior_interruption_known_seconds"":0.0,""recorded_measurements"":1,""unknown_measurements"":0,""unknown_time_imputed"":false}"
8da81719072012b896f531f4,posterior,cuda-rwm-sequential,4096,4,additional_verification,analyzed,valid,,0.15893710000091232,0.15893710000091232,"{""attempts_missing_call_return"":0,""complete_seconds"":0.15893710000091232,""cost_scope"":""Completed coordinator calls returning newly_executed=false; kept outside primary execution cost"",""known_seconds"":0.15893710000091232,""prior_interruption_known_seconds"":0.0,""recorded_measurements"":1,""unknown_measurements"":0,""unknown_time_imputed"":false}"
8da81719072012b896f531f4,posterior,cuda-rwm-sequential,4096,4,all_invocations,analyzed,valid,,9.797677800030215,9.797677800030215,"{""attempts_missing_call_return"":0,""complete_seconds"":9.797677800030215,""cost_scope"":""All coordinator calls, including additional verification; operational consumption, not standardized time-to-inference"",""known_seconds"":9.797677800030215,""prior_interruption_known_seconds"":0.0,""recorded_measurements"":2,""unknown_measurements"":0,""unknown_time_imputed"":false}"
901f46966a1a6828b2580765,posterior,cpu-rwm-sequential,1024,1,ordinary_workflow,analyzed,valid,,2.5508940999861807,2.5508940999861807,"{""attempts_missing_call_return"":0,""complete_seconds"":2.5508940999861807,""cost_scope"":""Sum ordinary subprocess creation-through-exit wall over every registered actual attempt; includes ordinary output/diagnostics, excludes outer audit and inter-call waiting"",""known_seconds"":2.5508940999861807,""prior_interruption_known_seconds"":0.0,""recorded_measurements"":1,""unknown_measurements"":0,""unknown_time_imputed"":false}"
901f46966a1a6828b2580765,posterior,cpu-rwm-sequential,1024,1,research_execution,analyzed,valid,,4.702545500011183,4.702545500011183,"{""attempts_missing_call_return"":0,""complete_seconds"":4.702545500011183,""cost_scope"":""Sum all coordinator run/retry calls except completed verification-only returns; includes recorded refusals/recovery/audit/sealing; excludes ledger writes, report observations and inter-call waiting"",""known_seconds"":4.702545500011183,""prior_interruption_known_seconds"":0.0,""recorded_measurements"":1,""unknown_measurements"":0,""unknown_time_imputed"":false}"
901f46966a1a6828b2580765,posterior,cpu-rwm-sequential,1024,1,additional_verification,analyzed,valid,,0.15801400000054855,0.15801400000054855,"{""attempts_missing_call_return"":0,""complete_seconds"":0.15801400000054855,""cost_scope"":""Completed coordinator calls returning newly_executed=false; kept outside primary execution cost"",""known_seconds"":0.15801400000054855,""prior_interruption_known_seconds"":0.0,""recorded_measurements"":1,""unknown_measurements"":0,""unknown_time_imputed"":false}"
901f46966a1a6828b2580765,posterior,cpu-rwm-sequential,1024,1,all_invocations,analyzed,valid,,4.860559500011732,4.860559500011732,"{""attempts_missing_call_return"":0,""complete_seconds"":4.860559500011732,""cost_scope"":""All coordinator calls, including additional verification; operational consumption, not standardized time-to-inference"",""known_seconds"":4.860559500011732,""prior_interruption_known_seconds"":0.0,""recorded_measurements"":2,""unknown_measurements"":0,""unknown_time_imputed"":false}"
c4e2047247c6711e99694b22,posterior,cpu-mala-quasi_deer,4096,6,ordinary_workflow,analyzed,numerical_failure,,37.55389159999322,37.55389159999322,"{""attempts_missing_call_return"":0,""complete_seconds"":37.55389159999322,""cost_scope"":""Sum ordinary subprocess creation-through-exit wall over every registered actual attempt; includes ordinary output/diagnostics, excludes outer audit and inter-call waiting"",""known_seconds"":37.55389159999322,""prior_interruption_known_seconds"":0.0,""recorded_measurements"":1,""unknown_measurements"":0,""unknown_time_imputed"":false}"
c4e2047247c6711e99694b22,posterior,cpu-mala-quasi_deer,4096,6,research_execution,analyzed,numerical_failure,,40.301043200015556,40.301043200015556,"{""attempts_missing_call_return"":0,""complete_seconds"":40.301043200015556,""cost_scope"":""Sum all coordinator run/retry calls except completed verification-only returns; includes recorded refusals/recovery/audit/sealing; excludes ledger writes, report observations and inter-call waiting"",""known_seconds"":40.301043200015556,""prior_interruption_known_seconds"":0.0,""recorded_measurements"":1,""unknown_measurements"":0,""unknown_time_imputed"":false}"
c4e2047247c6711e99694b22,posterior,cpu-mala-quasi_deer,4096,6,additional_verification,analyzed,numerical_failure,,0.1568771000020206,0.1568771000020206,"{""attempts_missing_call_return"":0,""complete_seconds"":0.1568771000020206,""cost_scope"":""Completed coordinator calls returning newly_executed=false; kept outside primary execution cost"",""known_seconds"":0.1568771000020206,""prior_interruption_known_seconds"":0.0,""recorded_measurements"":1,""unknown_measurements"":0,""unknown_time_imputed"":false}"
c4e2047247c6711e99694b22,posterior,cpu-mala-quasi_deer,4096,6,all_invocations,analyzed,numerical_failure,,40.45792030001758,40.45792030001758,"{""attempts_missing_call_return"":0,""complete_seconds"":40.45792030001758,""cost_scope"":""All coordinator calls, including additional verification; operational consumption, not standardized time-to-inference"",""known_seconds"":40.45792030001758,""prior_interruption_known_seconds"":0.0,""recorded_measurements"":2,""unknown_measurements"":0,""unknown_time_imputed"":false}"
0508a7ad6f22c85bc5824006,posterior,cpu-mala-sequential,4096,6,ordinary_workflow,analyzed,valid,,8.298748400004115,8.298748400004115,"{""attempts_missing_call_return"":0,""complete_seconds"":8.298748400004115,""cost_scope"":""Sum ordinary subprocess creation-through-exit wall over every registered actual attempt; includes ordinary output/diagnostics, excludes outer audit and inter-call waiting"",""known_seconds"":8.298748400004115,""prior_interruption_known_seconds"":0.0,""recorded_measurements"":1,""unknown_measurements"":0,""unknown_time_imputed"":false}"
0508a7ad6f22c85bc5824006,posterior,cpu-mala-sequential,4096,6,research_execution,analyzed,valid,,11.130339499970432,11.130339499970432,"{""attempts_missing_call_return"":0,""complete_seconds"":11.130339499970432,""cost_scope"":""Sum all coordinator run/retry calls except completed verification-only returns; includes recorded refusals/recovery/audit/sealing; excludes ledger writes, report observations and inter-call waiting"",""known_seconds"":11.130339499970432,""prior_interruption_known_seconds"":0.0,""recorded_measurements"":1,""unknown_measurements"":0,""unknown_time_imputed"":false}"
0508a7ad6f22c85bc5824006,posterior,cpu-mala-sequential,4096,6,additional_verification,analyzed,valid,,0.1581268000009004,0.1581268000009004,"{""attempts_missing_call_return"":0,""complete_seconds"":0.1581268000009004,""cost_scope"":""Completed coordinator calls returning newly_executed=false; kept outside primary execution cost"",""known_seconds"":0.1581268000009004,""prior_interruption_known_seconds"":0.0,""recorded_measurements"":1,""unknown_measurements"":0,""unknown_time_imputed"":false}"
0508a7ad6f22c85bc5824006,posterior,cpu-mala-sequential,4096,6,all_invocations,analyzed,valid,,11.288466299971333,11.288466299971333,"{""attempts_missing_call_return"":0,""complete_seconds"":11.288466299971333,""cost_scope"":""All coordinator calls, including additional verification; operational consumption, not standardized time-to-inference"",""known_seconds"":11.288466299971333,""prior_interruption_known_seconds"":0.0,""recorded_measurements"":2,""unknown_measurements"":0,""unknown_time_imputed"":false}"
bc370f0e83656102ca768d9b,posterior,cuda-mala-quasi_deer,4096,1,ordinary_workflow,analyzed,valid,,80.4128972000326,80.4128972000326,"{""attempts_missing_call_return"":0,""complete_seconds"":80.4128972000326,""cost_scope"":""Sum ordinary subprocess creation-through-exit wall over every registered actual attempt; includes ordinary output/diagnostics, excludes outer audit and inter-call waiting"",""known_seconds"":80.4128972000326,""prior_interruption_known_seconds"":0.0,""recorded_measurements"":1,""unknown_measurements"":0,""unknown_time_imputed"":false}"
bc370f0e83656102ca768d9b,posterior,cuda-mala-quasi_deer,4096,1,research_execution,analyzed,valid,,83.17659679998178,83.17659679998178,"{""attempts_missing_call_return"":0,""complete_seconds"":83.17659679998178,""cost_scope"":""Sum all coordinator run/retry calls except completed verification-only returns; includes recorded refusals/recovery/audit/sealing; excludes ledger writes, report observations and inter-call waiting"",""known_seconds"":83.17659679998178,""prior_interruption_known_seconds"":0.0,""recorded_measurements"":1,""unknown_measurements"":0,""unknown_time_imputed"":false}"
bc370f0e83656102ca768d9b,posterior,cuda-mala-quasi_deer,4096,1,additional_verification,analyzed,valid,,0.15866049999021925,0.15866049999021925,"{""attempts_missing_call_return"":0,""complete_seconds"":0.15866049999021925,""cost_scope"":""Completed coordinator calls returning newly_executed=false; kept outside primary execution cost"",""known_seconds"":0.15866049999021925,""prior_interruption_known_seconds"":0.0,""recorded_measurements"":1,""unknown_measurements"":0,""unknown_time_imputed"":false}"
bc370f0e83656102ca768d9b,posterior,cuda-mala-quasi_deer,4096,1,all_invocations,analyzed,valid,,83.335257299972,83.335257299972,"{""attempts_missing_call_return"":0,""complete_seconds"":83.335257299972,""cost_scope"":""All coordinator calls, including additional verification; operational consumption, not standardized time-to-inference"",""known_seconds"":83.335257299972,""prior_interruption_known_seconds"":0.0,""recorded_measurements"":2,""unknown_measurements"":0,""unknown_time_imputed"":false}"
b3e423bd9a5965b4d16de7d1,posterior,cpu-nuts-spawn_chains,1024,1,ordinary_workflow,analyzed,valid,,32.421768500003964,32.421768500003964,"{""attempts_missing_call_return"":0,""complete_seconds"":32.421768500003964,""cost_scope"":""Sum ordinary subprocess creation-through-exit wall over every registered actual attempt; includes ordinary output/diagnostics, excludes outer audit and inter-call waiting"",""known_seconds"":32.421768500003964,""prior_interruption_known_seconds"":0.0,""recorded_measurements"":1,""unknown_measurements"":0,""unknown_time_imputed"":false}"
b3e423bd9a5965b4d16de7d1,posterior,cpu-nuts-spawn_chains,1024,1,research_execution,analyzed,valid,,34.61011960002361,34.61011960002361,"{""attempts_missing_call_return"":0,""complete_seconds"":34.61011960002361,""cost_scope"":""Sum all coordinator run/retry calls except completed verification-only returns; includes recorded refusals/recovery/audit/sealing; excludes ledger writes, report observations and inter-call waiting"",""known_seconds"":34.61011960002361,""prior_interruption_known_seconds"":0.0,""recorded_measurements"":1,""unknown_measurements"":0,""unknown_time_imputed"":false}"
b3e423bd9a5965b4d16de7d1,posterior,cpu-nuts-spawn_chains,1024,1,additional_verification,analyzed,valid,,0.16280740000365768,0.16280740000365768,"{""attempts_missing_call_return"":0,""complete_seconds"":0.16280740000365768,""cost_scope"":""Completed coordinator calls returning newly_executed=false; kept outside primary execution cost"",""known_seconds"":0.16280740000365768,""prior_interruption_known_seconds"":0.0,""recorded_measurements"":1,""unknown_measurements"":0,""unknown_time_imputed"":false}"
b3e423bd9a5965b4d16de7d1,posterior,cpu-nuts-spawn_chains,1024,1,all_invocations,analyzed,valid,,34.772927000027266,34.772927000027266,"{""attempts_missing_call_return"":0,""complete_seconds"":34.772927000027266,""cost_scope"":""All coordinator calls, including additional verification; operational consumption, not standardized time-to-inference"",""known_seconds"":34.772927000027266,""prior_interruption_known_seconds"":0.0,""recorded_measurements"":2,""unknown_measurements"":0,""unknown_time_imputed"":false}"
cbf0c6a66ffce4ef134ccefb,posterior,cuda-rwm-online_picard,1024,2,ordinary_workflow,analyzed,valid,,3.732962799957022,3.732962799957022,"{""attempts_missing_call_return"":0,""complete_seconds"":3.732962799957022,""cost_scope"":""Sum ordinary subprocess creation-through-exit wall over every registered actual attempt; includes ordinary output/diagnostics, excludes outer audit and inter-call waiting"",""known_seconds"":3.732962799957022,""prior_interruption_known_seconds"":0.0,""recorded_measurements"":1,""unknown_measurements"":0,""unknown_time_imputed"":false}"
cbf0c6a66ffce4ef134ccefb,posterior,cuda-rwm-online_picard,1024,2,research_execution,analyzed,valid,,5.897610099986196,5.897610099986196,"{""attempts_missing_call_return"":0,""complete_seconds"":5.897610099986196,""cost_scope"":""Sum all coordinator run/retry calls except completed verification-only returns; includes recorded refusals/recovery/audit/sealing; excludes ledger writes, report observations and inter-call waiting"",""known_seconds"":5.897610099986196,""prior_interruption_known_seconds"":0.0,""recorded_measurements"":1,""unknown_measurements"":0,""unknown_time_imputed"":false}"
cbf0c6a66ffce4ef134ccefb,posterior,cuda-rwm-online_picard,1024,2,additional_verification,analyzed,valid,,0.16065910000179429,0.16065910000179429,"{""attempts_missing_call_return"":0,""complete_seconds"":0.16065910000179429,""cost_scope"":""Completed coordinator calls returning newly_executed=false; kept outside primary execution cost"",""known_seconds"":0.16065910000179429,""prior_interruption_known_seconds"":0.0,""recorded_measurements"":1,""unknown_measurements"":0,""unknown_time_imputed"":false}"
cbf0c6a66ffce4ef134ccefb,posterior,cuda-rwm-online_picard,1024,2,all_invocations,analyzed,valid,,6.05826919998799,6.05826919998799,"{""attempts_missing_call_return"":0,""complete_seconds"":6.05826919998799,""cost_scope"":""All coordinator calls, including additional verification; operational consumption, not standardized time-to-inference"",""known_seconds"":6.05826919998799,""prior_interruption_known_seconds"":0.0,""recorded_measurements"":2,""unknown_measurements"":0,""unknown_time_imputed"":false}"
135bcdd687176204f02b845a,posterior,cpu-mala-quasi_deer,4096,7,ordinary_workflow,analyzed,valid,,34.85446820000652,34.85446820000652,"{""attempts_missing_call_return"":0,""complete_seconds"":34.85446820000652,""cost_scope"":""Sum ordinary subprocess creation-through-exit wall over every registered actual attempt; includes ordinary output/diagnostics, excludes outer audit and inter-call waiting"",""known_seconds"":34.85446820000652,""prior_interruption_known_seconds"":0.0,""recorded_measurements"":1,""unknown_measurements"":0,""unknown_time_imputed"":false}"
135bcdd687176204f02b845a,posterior,cpu-mala-quasi_deer,4096,7,research_execution,analyzed,valid,,37.68301609996706,37.68301609996706,"{""attempts_missing_call_return"":0,""complete_seconds"":37.68301609996706,""cost_scope"":""Sum all coordinator run/retry calls except completed verification-only returns; includes recorded refusals/recovery/audit/sealing; excludes ledger writes, report observations and inter-call waiting"",""known_seconds"":37.68301609996706,""prior_interruption_known_seconds"":0.0,""recorded_measurements"":1,""unknown_measurements"":0,""unknown_time_imputed"":false}"
135bcdd687176204f02b845a,posterior,cpu-mala-quasi_deer,4096,7,additional_verification,analyzed,valid,,0.15919239999493584,0.15919239999493584,"{""attempts_missing_call_return"":0,""complete_seconds"":0.15919239999493584,""cost_scope"":""Completed coordinator calls returning newly_executed=false; kept outside primary execution cost"",""known_seconds"":0.15919239999493584,""prior_interruption_known_seconds"":0.0,""recorded_measurements"":1,""unknown_measurements"":0,""unknown_time_imputed"":false}"
135bcdd687176204f02b845a,posterior,cpu-mala-quasi_deer,4096,7,all_invocations,analyzed,valid,,37.842208499962,37.842208499962,"{""attempts_missing_call_return"":0,""complete_seconds"":37.842208499962,""cost_scope"":""All coordinator calls, including additional verification; operational consumption, not standardized time-to-inference"",""known_seconds"":37.842208499962,""prior_interruption_known_seconds"":0.0,""recorded_measurements"":2,""unknown_measurements"":0,""unknown_time_imputed"":false}"
ebbcdc2d9a00380e4d41724f,posterior,cpu-mala-sequential,4096,5,ordinary_workflow,analyzed,valid,,8.338791500020307,8.338791500020307,"{""attempts_missing_call_return"":0,""complete_seconds"":8.338791500020307,""cost_scope"":""Sum ordinary subprocess creation-through-exit wall over every registered actual attempt; includes ordinary output/diagnostics, excludes outer audit and inter-call waiting"",""known_seconds"":8.338791500020307,""prior_interruption_known_seconds"":0.0,""recorded_measurements"":1,""unknown_measurements"":0,""unknown_time_imputed"":false}"
ebbcdc2d9a00380e4d41724f,posterior,cpu-mala-sequential,4096,5,research_execution,analyzed,valid,,11.139223799982574,11.139223799982574,"{""attempts_missing_call_return"":0,""complete_seconds"":11.139223799982574,""cost_scope"":""Sum all coordinator run/retry calls except completed verification-only returns; includes recorded refusals/recovery/audit/sealing; excludes ledger writes, report observations and inter-call waiting"",""known_seconds"":11.139223799982574,""prior_interruption_known_seconds"":0.0,""recorded_measurements"":1,""unknown_measurements"":0,""unknown_time_imputed"":false}"
ebbcdc2d9a00380e4d41724f,posterior,cpu-mala-sequential,4096,5,additional_verification,analyzed,valid,,0.16140340000856668,0.16140340000856668,"{""attempts_missing_call_return"":0,""complete_seconds"":0.16140340000856668,""cost_scope"":""Completed coordinator calls returning newly_executed=false; kept outside primary execution cost"",""known_seconds"":0.16140340000856668,""prior_interruption_known_seconds"":0.0,""recorded_measurements"":1,""unknown_measurements"":0,""unknown_time_imputed"":false}"
ebbcdc2d9a00380e4d41724f,posterior,cpu-mala-sequential,4096,5,all_invocations,analyzed,valid,,11.30062719999114,11.30062719999114,"{""attempts_missing_call_return"":0,""complete_seconds"":11.30062719999114,""cost_scope"":""All coordinator calls, including additional verification; operational consumption, not standardized time-to-inference"",""known_seconds"":11.30062719999114,""prior_interruption_known_seconds"":0.0,""recorded_measurements"":2,""unknown_measurements"":0,""unknown_time_imputed"":false}"
eef0a068d9a4b8ee9395a3d7,posterior,cuda-mala-quasi_deer,4096,4,ordinary_workflow,analyzed,numerical_failure,,80.15455630002543,80.15455630002543,"{""attempts_missing_call_return"":0,""complete_seconds"":80.15455630002543,""cost_scope"":""Sum ordinary subprocess creation-through-exit wall over every registered actual attempt; includes ordinary output/diagnostics, excludes outer audit and inter-call waiting"",""known_seconds"":80.15455630002543,""prior_interruption_known_seconds"":0.0,""recorded_measurements"":1,""unknown_measurements"":0,""unknown_time_imputed"":false}"
eef0a068d9a4b8ee9395a3d7,posterior,cuda-mala-quasi_deer,4096,4,research_execution,analyzed,numerical_failure,,82.90974840003764,82.90974840003764,"{""attempts_missing_call_return"":0,""complete_seconds"":82.90974840003764,""cost_scope"":""Sum all coordinator run/retry calls except completed verification-only returns; includes recorded refusals/recovery/audit/sealing; excludes ledger writes, report observations and inter-call waiting"",""known_seconds"":82.90974840003764,""prior_interruption_known_seconds"":0.0,""recorded_measurements"":1,""unknown_measurements"":0,""unknown_time_imputed"":false}"
eef0a068d9a4b8ee9395a3d7,posterior,cuda-mala-quasi_deer,4096,4,additional_verification,analyzed,numerical_failure,,0.1589008000009926,0.1589008000009926,"{""attempts_missing_call_return"":0,""complete_seconds"":0.1589008000009926,""cost_scope"":""Completed coordinator calls returning newly_executed=false; kept outside primary execution cost"",""known_seconds"":0.1589008000009926,""prior_interruption_known_seconds"":0.0,""recorded_measurements"":1,""unknown_measurements"":0,""unknown_time_imputed"":false}"
eef0a068d9a4b8ee9395a3d7,posterior,cuda-mala-quasi_deer,4096,4,all_invocations,analyzed,numerical_failure,,83.06864920003864,83.06864920003864,"{""attempts_missing_call_return"":0,""complete_seconds"":83.06864920003864,""cost_scope"":""All coordinator calls, including additional verification; operational consumption, not standardized time-to-inference"",""known_seconds"":83.06864920003864,""prior_interruption_known_seconds"":0.0,""recorded_measurements"":2,""unknown_measurements"":0,""unknown_time_imputed"":false}"
9a308587f4d4537437e60458,posterior,cpu-rwm-sequential,1024,7,ordinary_workflow,analyzed,valid,,2.559980300022289,2.559980300022289,"{""attempts_missing_call_return"":0,""complete_seconds"":2.559980300022289,""cost_scope"":""Sum ordinary subprocess creation-through-exit wall over every registered actual attempt; includes ordinary output/diagnostics, excludes outer audit and inter-call waiting"",""known_seconds"":2.559980300022289,""prior_interruption_known_seconds"":0.0,""recorded_measurements"":1,""unknown_measurements"":0,""unknown_time_imputed"":false}"
9a308587f4d4537437e60458,posterior,cpu-rwm-sequential,1024,7,research_execution,analyzed,valid,,4.715134700003546,4.715134700003546,"{""attempts_missing_call_return"":0,""complete_seconds"":4.715134700003546,""cost_scope"":""Sum all coordinator run/retry calls except completed verification-only returns; includes recorded refusals/recovery/audit/sealing; excludes ledger writes, report observations and inter-call waiting"",""known_seconds"":4.715134700003546,""prior_interruption_known_seconds"":0.0,""recorded_measurements"":1,""unknown_measurements"":0,""unknown_time_imputed"":false}"
9a308587f4d4537437e60458,posterior,cpu-rwm-sequential,1024,7,additional_verification,analyzed,valid,,0.15747140000166837,0.15747140000166837,"{""attempts_missing_call_return"":0,""complete_seconds"":0.15747140000166837,""cost_scope"":""Completed coordinator calls returning newly_executed=false; kept outside primary execution cost"",""known_seconds"":0.15747140000166837,""prior_interruption_known_seconds"":0.0,""recorded_measurements"":1,""unknown_measurements"":0,""unknown_time_imputed"":false}"
9a308587f4d4537437e60458,posterior,cpu-rwm-sequential,1024,7,all_invocations,analyzed,valid,,4.872606100005214,4.872606100005214,"{""attempts_missing_call_return"":0,""complete_seconds"":4.872606100005214,""cost_scope"":""All coordinator calls, including additional verification; operational consumption, not standardized time-to-inference"",""known_seconds"":4.872606100005214,""prior_interruption_known_seconds"":0.0,""recorded_measurements"":2,""unknown_measurements"":0,""unknown_time_imputed"":false}"
7f971f800d9ffe1366f8aeb2,posterior,cuda-mala-quasi_deer,4096,5,ordinary_workflow,analyzed,valid,,50.13381259999005,50.13381259999005,"{""attempts_missing_call_return"":0,""complete_seconds"":50.13381259999005,""cost_scope"":""Sum ordinary subprocess creation-through-exit wall over every registered actual attempt; includes ordinary output/diagnostics, excludes outer audit and inter-call waiting"",""known_seconds"":50.13381259999005,""prior_interruption_known_seconds"":0.0,""recorded_measurements"":1,""unknown_measurements"":0,""unknown_time_imputed"":false}"
7f971f800d9ffe1366f8aeb2,posterior,cuda-mala-quasi_deer,4096,5,research_execution,analyzed,valid,,52.935035299975425,52.935035299975425,"{""attempts_missing_call_return"":0,""complete_seconds"":52.935035299975425,""cost_scope"":""Sum all coordinator run/retry calls except completed verification-only returns; includes recorded refusals/recovery/audit/sealing; excludes ledger writes, report observations and inter-call waiting"",""known_seconds"":52.935035299975425,""prior_interruption_known_seconds"":0.0,""recorded_measurements"":1,""unknown_measurements"":0,""unknown_time_imputed"":false}"
7f971f800d9ffe1366f8aeb2,posterior,cuda-mala-quasi_deer,4096,5,additional_verification,analyzed,valid,,0.1619972000044072,0.1619972000044072,"{""attempts_missing_call_return"":0,""complete_seconds"":0.1619972000044072,""cost_scope"":""Completed coordinator calls returning newly_executed=false; kept outside primary execution cost"",""known_seconds"":0.1619972000044072,""prior_interruption_known_seconds"":0.0,""recorded_measurements"":1,""unknown_measurements"":0,""unknown_time_imputed"":false}"
7f971f800d9ffe1366f8aeb2,posterior,cuda-mala-quasi_deer,4096,5,all_invocations,analyzed,valid,,53.09703249997983,53.09703249997983,"{""attempts_missing_call_return"":0,""complete_seconds"":53.09703249997983,""cost_scope"":""All coordinator calls, including additional verification; operational consumption, not standardized time-to-inference"",""known_seconds"":53.09703249997983,""prior_interruption_known_seconds"":0.0,""recorded_measurements"":2,""unknown_measurements"":0,""unknown_time_imputed"":false}"
69465f6909f2f510ab42c4b8,posterior,cpu-mala-quasi_deer,1024,3,ordinary_workflow,analyzed,numerical_failure,,14.309083899948746,14.309083899948746,"{""attempts_missing_call_return"":0,""complete_seconds"":14.309083899948746,""cost_scope"":""Sum ordinary subprocess creation-through-exit wall over every registered actual attempt; includes ordinary output/diagnostics, excludes outer audit and inter-call waiting"",""known_seconds"":14.309083899948746,""prior_interruption_known_seconds"":0.0,""recorded_measurements"":1,""unknown_measurements"":0,""unknown_time_imputed"":false}"
69465f6909f2f510ab42c4b8,posterior,cpu-mala-quasi_deer,1024,3,research_execution,analyzed,numerical_failure,,16.703844800009392,16.703844800009392,"{""attempts_missing_call_return"":0,""complete_seconds"":16.703844800009392,""cost_scope"":""Sum all coordinator run/retry calls except completed verification-only returns; includes recorded refusals/recovery/audit/sealing; excludes ledger writes, report observations and inter-call waiting"",""known_seconds"":16.703844800009392,""prior_interruption_known_seconds"":0.0,""recorded_measurements"":1,""unknown_measurements"":0,""unknown_time_imputed"":false}"
69465f6909f2f510ab42c4b8,posterior,cpu-mala-quasi_deer,1024,3,additional_verification,analyzed,numerical_failure,,0.16047940000134986,0.16047940000134986,"{""attempts_missing_call_return"":0,""complete_seconds"":0.16047940000134986,""cost_scope"":""Completed coordinator calls returning newly_executed=false; kept outside primary execution cost"",""known_seconds"":0.16047940000134986,""prior_interruption_known_seconds"":0.0,""recorded_measurements"":1,""unknown_measurements"":0,""unknown_time_imputed"":false}"
69465f6909f2f510ab42c4b8,posterior,cpu-mala-quasi_deer,1024,3,all_invocations,analyzed,numerical_failure,,16.864324200010742,16.864324200010742,"{""attempts_missing_call_return"":0,""complete_seconds"":16.864324200010742,""cost_scope"":""All coordinator calls, including additional verification; operational consumption, not standardized time-to-inference"",""known_seconds"":16.864324200010742,""prior_interruption_known_seconds"":0.0,""recorded_measurements"":2,""unknown_measurements"":0,""unknown_time_imputed"":false}"
0da4631f7b6740d5e394fd32,posterior,cuda-rwm-online_picard,1024,6,ordinary_workflow,analyzed,valid,,3.7779774999944493,3.7779774999944493,"{""attempts_missing_call_return"":0,""complete_seconds"":3.7779774999944493,""cost_scope"":""Sum ordinary subprocess creation-through-exit wall over every registered actual attempt; includes ordinary output/diagnostics, excludes outer audit and inter-call waiting"",""known_seconds"":3.7779774999944493,""prior_interruption_known_seconds"":0.0,""recorded_measurements"":1,""unknown_measurements"":0,""unknown_time_imputed"":false}"
0da4631f7b6740d5e394fd32,posterior,cuda-rwm-online_picard,1024,6,research_execution,analyzed,valid,,6.001107199990656,6.001107199990656,"{""attempts_missing_call_return"":0,""complete_seconds"":6.001107199990656,""cost_scope"":""Sum all coordinator run/retry calls except completed verification-only returns; includes recorded refusals/recovery/audit/sealing; excludes ledger writes, report observations and inter-call waiting"",""known_seconds"":6.001107199990656,""prior_interruption_known_seconds"":0.0,""recorded_measurements"":1,""unknown_measurements"":0,""unknown_time_imputed"":false}"
0da4631f7b6740d5e394fd32,posterior,cuda-rwm-online_picard,1024,6,additional_verification,analyzed,valid,,0.16083829999843147,0.16083829999843147,"{""attempts_missing_call_return"":0,""complete_seconds"":0.16083829999843147,""cost_scope"":""Completed coordinator calls returning newly_executed=false; kept outside primary execution cost"",""known_seconds"":0.16083829999843147,""prior_interruption_known_seconds"":0.0,""recorded_measurements"":1,""unknown_measurements"":0,""unknown_time_imputed"":false}"
0da4631f7b6740d5e394fd32,posterior,cuda-rwm-online_picard,1024,6,all_invocations,analyzed,valid,,6.161945499989088,6.161945499989088,"{""attempts_missing_call_return"":0,""complete_seconds"":6.161945499989088,""cost_scope"":""All coordinator calls, including additional verification; operational consumption, not standardized time-to-inference"",""known_seconds"":6.161945499989088,""prior_interruption_known_seconds"":0.0,""recorded_measurements"":2,""unknown_measurements"":0,""unknown_time_imputed"":false}"
c7e008681d3e9c310a666d45,posterior,cuda-mala-sequential,1024,2,ordinary_workflow,analyzed,valid,,9.539254000002984,9.539254000002984,"{""attempts_missing_call_return"":0,""complete_seconds"":9.539254000002984,""cost_scope"":""Sum ordinary subprocess creation-through-exit wall over every registered actual attempt; includes ordinary output/diagnostics, excludes outer audit and inter-call waiting"",""known_seconds"":9.539254000002984,""prior_interruption_known_seconds"":0.0,""recorded_measurements"":1,""unknown_measurements"":0,""unknown_time_imputed"":false}"
c7e008681d3e9c310a666d45,posterior,cuda-mala-sequential,1024,2,research_execution,analyzed,valid,,11.840047999983653,11.840047999983653,"{""attempts_missing_call_return"":0,""complete_seconds"":11.840047999983653,""cost_scope"":""Sum all coordinator run/retry calls except completed verification-only returns; includes recorded refusals/recovery/audit/sealing; excludes ledger writes, report observations and inter-call waiting"",""known_seconds"":11.840047999983653,""prior_interruption_known_seconds"":0.0,""recorded_measurements"":1,""unknown_measurements"":0,""unknown_time_imputed"":false}"
c7e008681d3e9c310a666d45,posterior,cuda-mala-sequential,1024,2,additional_verification,analyzed,valid,,0.15798699999868404,0.15798699999868404,"{""attempts_missing_call_return"":0,""complete_seconds"":0.15798699999868404,""cost_scope"":""Completed coordinator calls returning newly_executed=false; kept outside primary execution cost"",""known_seconds"":0.15798699999868404,""prior_interruption_known_seconds"":0.0,""recorded_measurements"":1,""unknown_measurements"":0,""unknown_time_imputed"":false}"
c7e008681d3e9c310a666d45,posterior,cuda-mala-sequential,1024,2,all_invocations,analyzed,valid,,11.998034999982337,11.998034999982337,"{""attempts_missing_call_return"":0,""complete_seconds"":11.998034999982337,""cost_scope"":""All coordinator calls, including additional verification; operational consumption, not standardized time-to-inference"",""known_seconds"":11.998034999982337,""prior_interruption_known_seconds"":0.0,""recorded_measurements"":2,""unknown_measurements"":0,""unknown_time_imputed"":false}"
b62a221f23deb2860c9ec3fd,posterior,cuda-rwm-sequential,1024,5,ordinary_workflow,analyzed,valid,,3.8233160999952815,3.8233160999952815,"{""attempts_missing_call_return"":0,""complete_seconds"":3.8233160999952815,""cost_scope"":""Sum ordinary subprocess creation-through-exit wall over every registered actual attempt; includes ordinary output/diagnostics, excludes outer audit and inter-call waiting"",""known_seconds"":3.8233160999952815,""prior_interruption_known_seconds"":0.0,""recorded_measurements"":1,""unknown_measurements"":0,""unknown_time_imputed"":false}"
b62a221f23deb2860c9ec3fd,posterior,cuda-rwm-sequential,1024,5,research_execution,analyzed,valid,,6.079136500018649,6.079136500018649,"{""attempts_missing_call_return"":0,""complete_seconds"":6.079136500018649,""cost_scope"":""Sum all coordinator run/retry calls except completed verification-only returns; includes recorded refusals/recovery/audit/sealing; excludes ledger writes, report observations and inter-call waiting"",""known_seconds"":6.079136500018649,""prior_interruption_known_seconds"":0.0,""recorded_measurements"":1,""unknown_measurements"":0,""unknown_time_imputed"":false}"
b62a221f23deb2860c9ec3fd,posterior,cuda-rwm-sequential,1024,5,additional_verification,analyzed,valid,,0.15963409999676514,0.15963409999676514,"{""attempts_missing_call_return"":0,""complete_seconds"":0.15963409999676514,""cost_scope"":""Completed coordinator calls returning newly_executed=false; kept outside primary execution cost"",""known_seconds"":0.15963409999676514,""prior_interruption_known_seconds"":0.0,""recorded_measurements"":1,""unknown_measurements"":0,""unknown_time_imputed"":false}"
b62a221f23deb2860c9ec3fd,posterior,cuda-rwm-sequential,1024,5,all_invocations,analyzed,valid,,6.238770600015414,6.238770600015414,"{""attempts_missing_call_return"":0,""complete_seconds"":6.238770600015414,""cost_scope"":""All coordinator calls, including additional verification; operational consumption, not standardized time-to-inference"",""known_seconds"":6.238770600015414,""prior_interruption_known_seconds"":0.0,""recorded_measurements"":2,""unknown_measurements"":0,""unknown_time_imputed"":false}"
90e4f1431059ff86737d0f24,posterior,cpu-mala-quasi_deer,1024,12,ordinary_workflow,analyzed,valid,,14.804090399993584,14.804090399993584,"{""attempts_missing_call_return"":0,""complete_seconds"":14.804090399993584,""cost_scope"":""Sum ordinary subprocess creation-through-exit wall over every registered actual attempt; includes ordinary output/diagnostics, excludes outer audit and inter-call waiting"",""known_seconds"":14.804090399993584,""prior_interruption_known_seconds"":0.0,""recorded_measurements"":1,""unknown_measurements"":0,""unknown_time_imputed"":false}"
90e4f1431059ff86737d0f24,posterior,cpu-mala-quasi_deer,1024,12,research_execution,analyzed,valid,,17.137703399988823,17.137703399988823,"{""attempts_missing_call_return"":0,""complete_seconds"":17.137703399988823,""cost_scope"":""Sum all coordinator run/retry calls except completed verification-only returns; includes recorded refusals/recovery/audit/sealing; excludes ledger writes, report observations and inter-call waiting"",""known_seconds"":17.137703399988823,""prior_interruption_known_seconds"":0.0,""recorded_measurements"":1,""unknown_measurements"":0,""unknown_time_imputed"":false}"
90e4f1431059ff86737d0f24,posterior,cpu-mala-quasi_deer,1024,12,additional_verification,analyzed,valid,,0.5632386999996015,0.5632386999996015,"{""attempts_missing_call_return"":0,""complete_seconds"":0.5632386999996015,""cost_scope"":""Completed coordinator calls returning newly_executed=false; kept outside primary execution cost"",""known_seconds"":0.5632386999996015,""prior_interruption_known_seconds"":0.0,""recorded_measurements"":3,""unknown_measurements"":0,""unknown_time_imputed"":false}"
90e4f1431059ff86737d0f24,posterior,cpu-mala-quasi_deer,1024,12,all_invocations,analyzed,valid,,17.700942099988424,17.700942099988424,"{""attempts_missing_call_return"":0,""complete_seconds"":17.700942099988424,""cost_scope"":""All coordinator calls, including additional verification; operational consumption, not standardized time-to-inference"",""known_seconds"":17.700942099988424,""prior_interruption_known_seconds"":0.0,""recorded_measurements"":4,""unknown_measurements"":0,""unknown_time_imputed"":false}"
5969591ded4f11beeba7f411,posterior,cpu-rwm-online_picard,4096,8,ordinary_workflow,analyzed,valid,,3.7832254000240937,3.7832254000240937,"{""attempts_missing_call_return"":0,""complete_seconds"":3.7832254000240937,""cost_scope"":""Sum ordinary subprocess creation-through-exit wall over every registered actual attempt; includes ordinary output/diagnostics, excludes outer audit and inter-call waiting"",""known_seconds"":3.7832254000240937,""prior_interruption_known_seconds"":0.0,""recorded_measurements"":1,""unknown_measurements"":0,""unknown_time_imputed"":false}"
5969591ded4f11beeba7f411,posterior,cpu-rwm-online_picard,4096,8,research_execution,analyzed,valid,,6.225698900001589,6.225698900001589,"{""attempts_missing_call_return"":0,""complete_seconds"":6.225698900001589,""cost_scope"":""Sum all coordinator run/retry calls except completed verification-only returns; includes recorded refusals/recovery/audit/sealing; excludes ledger writes, report observations and inter-call waiting"",""known_seconds"":6.225698900001589,""prior_interruption_known_seconds"":0.0,""recorded_measurements"":1,""unknown_measurements"":0,""unknown_time_imputed"":false}"
5969591ded4f11beeba7f411,posterior,cpu-rwm-online_picard,4096,8,additional_verification,analyzed,valid,,0.5534627000079126,0.5534627000079126,"{""attempts_missing_call_return"":0,""complete_seconds"":0.5534627000079126,""cost_scope"":""Completed coordinator calls returning newly_executed=false; kept outside primary execution cost"",""known_seconds"":0.5534627000079126,""prior_interruption_known_seconds"":0.0,""recorded_measurements"":3,""unknown_measurements"":0,""unknown_time_imputed"":false}"
5969591ded4f11beeba7f411,posterior,cpu-rwm-online_picard,4096,8,all_invocations,analyzed,valid,,6.779161600009502,6.779161600009502,"{""attempts_missing_call_return"":0,""complete_seconds"":6.779161600009502,""cost_scope"":""All coordinator calls, including additional verification; operational consumption, not standardized time-to-inference"",""known_seconds"":6.779161600009502,""prior_interruption_known_seconds"":0.0,""recorded_measurements"":4,""unknown_measurements"":0,""unknown_time_imputed"":false}"
05b3f2c68a126b9b533e37d7,posterior,cuda-mala-quasi_deer,4096,10,ordinary_workflow,analyzed,numerical_failure,,77.77547350001987,77.77547350001987,"{""attempts_missing_call_return"":0,""complete_seconds"":77.77547350001987,""cost_scope"":""Sum ordinary subprocess creation-through-exit wall over every registered actual attempt; includes ordinary output/diagnostics, excludes outer audit and inter-call waiting"",""known_seconds"":77.77547350001987,""prior_interruption_known_seconds"":0.0,""recorded_measurements"":1,""unknown_measurements"":0,""unknown_time_imputed"":false}"
05b3f2c68a126b9b533e37d7,posterior,cuda-mala-quasi_deer,4096,10,research_execution,analyzed,numerical_failure,,80.49917319999076,80.49917319999076,"{""attempts_missing_call_return"":0,""complete_seconds"":80.49917319999076,""cost_scope"":""Sum all coordinator run/retry calls except completed verification-only returns; includes recorded refusals/recovery/audit/sealing; excludes ledger writes, report observations and inter-call waiting"",""known_seconds"":80.49917319999076,""prior_interruption_known_seconds"":0.0,""recorded_measurements"":1,""unknown_measurements"":0,""unknown_time_imputed"":false}"
05b3f2c68a126b9b533e37d7,posterior,cuda-mala-quasi_deer,4096,10,additional_verification,analyzed,numerical_failure,,0.5574692000027426,0.5574692000027426,"{""attempts_missing_call_return"":0,""complete_seconds"":0.5574692000027426,""cost_scope"":""Completed coordinator calls returning newly_executed=false; kept outside primary execution cost"",""known_seconds"":0.5574692000027426,""prior_interruption_known_seconds"":0.0,""recorded_measurements"":3,""unknown_measurements"":0,""unknown_time_imputed"":false}"
05b3f2c68a126b9b533e37d7,posterior,cuda-mala-quasi_deer,4096,10,all_invocations,analyzed,numerical_failure,,81.0566423999935,81.0566423999935,"{""attempts_missing_call_return"":0,""complete_seconds"":81.0566423999935,""cost_scope"":""All coordinator calls, including additional verification; operational consumption, not standardized time-to-inference"",""known_seconds"":81.0566423999935,""prior_interruption_known_seconds"":0.0,""recorded_measurements"":4,""unknown_measurements"":0,""unknown_time_imputed"":false}"
3ea71bdca085ee2510041eaf,posterior,cuda-mala-quasi_deer,1024,11,ordinary_workflow,analyzed,valid,,29.63742149999598,29.63742149999598,"{""attempts_missing_call_return"":0,""complete_seconds"":29.63742149999598,""cost_scope"":""Sum ordinary subprocess creation-through-exit wall over every registered actual attempt; includes ordinary output/diagnostics, excludes outer audit and inter-call waiting"",""known_seconds"":29.63742149999598,""prior_interruption_known_seconds"":0.0,""recorded_measurements"":1,""unknown_measurements"":0,""unknown_time_imputed"":false}"
3ea71bdca085ee2510041eaf,posterior,cuda-mala-quasi_deer,1024,11,research_execution,analyzed,valid,,31.972941699961666,31.972941699961666,"{""attempts_missing_call_return"":0,""complete_seconds"":31.972941699961666,""cost_scope"":""Sum all coordinator run/retry calls except completed verification-only returns; includes recorded refusals/recovery/audit/sealing; excludes ledger writes, report observations and inter-call waiting"",""known_seconds"":31.972941699961666,""prior_interruption_known_seconds"":0.0,""recorded_measurements"":1,""unknown_measurements"":0,""unknown_time_imputed"":false}"
3ea71bdca085ee2510041eaf,posterior,cuda-mala-quasi_deer,1024,11,additional_verification,analyzed,valid,,0.5622497000067597,0.5622497000067597,"{""attempts_missing_call_return"":0,""complete_seconds"":0.5622497000067597,""cost_scope"":""Completed coordinator calls returning newly_executed=false; kept outside primary execution cost"",""known_seconds"":0.5622497000067597,""prior_interruption_known_seconds"":0.0,""recorded_measurements"":3,""unknown_measurements"":0,""unknown_time_imputed"":false}"
3ea71bdca085ee2510041eaf,posterior,cuda-mala-quasi_deer,1024,11,all_invocations,analyzed,valid,,32.535191399968426,32.535191399968426,"{""attempts_missing_call_return"":0,""complete_seconds"":32.535191399968426,""cost_scope"":""All coordinator calls, including additional verification; operational consumption, not standardized time-to-inference"",""known_seconds"":32.535191399968426,""prior_interruption_known_seconds"":0.0,""recorded_measurements"":4,""unknown_measurements"":0,""unknown_time_imputed"":false}"
6f23e4fa8667c2b2dd47a98f,posterior,cpu-rwm-sequential,4096,15,ordinary_workflow,analyzed,valid,,3.3900519000017084,3.3900519000017084,"{""attempts_missing_call_return"":0,""complete_seconds"":3.3900519000017084,""cost_scope"":""Sum ordinary subprocess creation-through-exit wall over every registered actual attempt; includes ordinary output/diagnostics, excludes outer audit and inter-call waiting"",""known_seconds"":3.3900519000017084,""prior_interruption_known_seconds"":0.0,""recorded_measurements"":1,""unknown_measurements"":0,""unknown_time_imputed"":false}"
6f23e4fa8667c2b2dd47a98f,posterior,cpu-rwm-sequential,4096,15,research_execution,analyzed,valid,,5.778464899980463,5.778464899980463,"{""attempts_missing_call_return"":0,""complete_seconds"":5.778464899980463,""cost_scope"":""Sum all coordinator run/retry calls except completed verification-only returns; includes recorded refusals/recovery/audit/sealing; excludes ledger writes, report observations and inter-call waiting"",""known_seconds"":5.778464899980463,""prior_interruption_known_seconds"":0.0,""recorded_measurements"":1,""unknown_measurements"":0,""unknown_time_imputed"":false}"
6f23e4fa8667c2b2dd47a98f,posterior,cpu-rwm-sequential,4096,15,additional_verification,analyzed,valid,,0.5513266000016301,0.5513266000016301,"{""attempts_missing_call_return"":0,""complete_seconds"":0.5513266000016301,""cost_scope"":""Completed coordinator calls returning newly_executed=false; kept outside primary execution cost"",""known_seconds"":0.5513266000016301,""prior_interruption_known_seconds"":0.0,""recorded_measurements"":3,""unknown_measurements"":0,""unknown_time_imputed"":false}"
6f23e4fa8667c2b2dd47a98f,posterior,cpu-rwm-sequential,4096,15,all_invocations,analyzed,valid,,6.329791499982093,6.329791499982093,"{""attempts_missing_call_return"":0,""complete_seconds"":6.329791499982093,""cost_scope"":""All coordinator calls, including additional verification; operational consumption, not standardized time-to-inference"",""known_seconds"":6.329791499982093,""prior_interruption_known_seconds"":0.0,""recorded_measurements"":4,""unknown_measurements"":0,""unknown_time_imputed"":false}"
c9407c6e447f13ea43c2a5c8,posterior,cuda-mala-sequential,1024,10,ordinary_workflow,analyzed,valid,,9.785469599999487,9.785469599999487,"{""attempts_missing_call_return"":0,""complete_seconds"":9.785469599999487,""cost_scope"":""Sum ordinary subprocess creation-through-exit wall over every registered actual attempt; includes ordinary output/diagnostics, excludes outer audit and inter-call waiting"",""known_seconds"":9.785469599999487,""prior_interruption_known_seconds"":0.0,""recorded_measurements"":1,""unknown_measurements"":0,""unknown_time_imputed"":false}"
c9407c6e447f13ea43c2a5c8,posterior,cuda-mala-sequential,1024,10,research_execution,analyzed,valid,,12.243001999973785,12.243001999973785,"{""attempts_missing_call_return"":0,""complete_seconds"":12.243001999973785,""cost_scope"":""Sum all coordinator run/retry calls except completed verification-only returns; includes recorded refusals/recovery/audit/sealing; excludes ledger writes, report observations and inter-call waiting"",""known_seconds"":12.243001999973785,""prior_interruption_known_seconds"":0.0,""recorded_measurements"":1,""unknown_measurements"":0,""unknown_time_imputed"":false}"
c9407c6e447f13ea43c2a5c8,posterior,cuda-mala-sequential,1024,10,additional_verification,analyzed,valid,,0.5444215000070471,0.5444215000070471,"{""attempts_missing_call_return"":0,""complete_seconds"":0.5444215000070471,""cost_scope"":""Completed coordinator calls returning newly_executed=false; kept outside primary execution cost"",""known_seconds"":0.5444215000070471,""prior_interruption_known_seconds"":0.0,""recorded_measurements"":3,""unknown_measurements"":0,""unknown_time_imputed"":false}"
c9407c6e447f13ea43c2a5c8,posterior,cuda-mala-sequential,1024,10,all_invocations,analyzed,valid,,12.787423499980832,12.787423499980832,"{""attempts_missing_call_return"":0,""complete_seconds"":12.787423499980832,""cost_scope"":""All coordinator calls, including additional verification; operational consumption, not standardized time-to-inference"",""known_seconds"":12.787423499980832,""prior_interruption_known_seconds"":0.0,""recorded_measurements"":4,""unknown_measurements"":0,""unknown_time_imputed"":false}"
a96698be3b30d9d4a75b05fa,posterior,cuda-mala-sequential,1024,8,ordinary_workflow,analyzed,valid,,9.770601099997293,9.770601099997293,"{""attempts_missing_call_return"":0,""complete_seconds"":9.770601099997293,""cost_scope"":""Sum ordinary subprocess creation-through-exit wall over every registered actual attempt; includes ordinary output/diagnostics, excludes outer audit and inter-call waiting"",""known_seconds"":9.770601099997293,""prior_interruption_known_seconds"":0.0,""recorded_measurements"":1,""unknown_measurements"":0,""unknown_time_imputed"":false}"
a96698be3b30d9d4a75b05fa,posterior,cuda-mala-sequential,1024,8,research_execution,analyzed,valid,,12.021824800001923,12.021824800001923,"{""attempts_missing_call_return"":0,""complete_seconds"":12.021824800001923,""cost_scope"":""Sum all coordinator run/retry calls except completed verification-only returns; includes recorded refusals/recovery/audit/sealing; excludes ledger writes, report observations and inter-call waiting"",""known_seconds"":12.021824800001923,""prior_interruption_known_seconds"":0.0,""recorded_measurements"":1,""unknown_measurements"":0,""unknown_time_imputed"":false}"
a96698be3b30d9d4a75b05fa,posterior,cuda-mala-sequential,1024,8,additional_verification,analyzed,valid,,0.5567892999997639,0.5567892999997639,"{""attempts_missing_call_return"":0,""complete_seconds"":0.5567892999997639,""cost_scope"":""Completed coordinator calls returning newly_executed=false; kept outside primary execution cost"",""known_seconds"":0.5567892999997639,""prior_interruption_known_seconds"":0.0,""recorded_measurements"":3,""unknown_measurements"":0,""unknown_time_imputed"":false}"
a96698be3b30d9d4a75b05fa,posterior,cuda-mala-sequential,1024,8,all_invocations,analyzed,valid,,12.578614100001687,12.578614100001687,"{""attempts_missing_call_return"":0,""complete_seconds"":12.578614100001687,""cost_scope"":""All coordinator calls, including additional verification; operational consumption, not standardized time-to-inference"",""known_seconds"":12.578614100001687,""prior_interruption_known_seconds"":0.0,""recorded_measurements"":4,""unknown_measurements"":0,""unknown_time_imputed"":false}"
d1f9a01a3aa96c5c16e3b428,posterior,cpu-nuts-spawn_chains,4096,11,ordinary_workflow,analyzed,output_failure_unclassified,,47.6284333000076,47.6284333000076,"{""attempts_missing_call_return"":0,""complete_seconds"":47.6284333000076,""cost_scope"":""Sum ordinary subprocess creation-through-exit wall over every registered actual attempt; includes ordinary output/diagnostics, excludes outer audit and inter-call waiting"",""known_seconds"":47.6284333000076,""prior_interruption_known_seconds"":0.0,""recorded_measurements"":1,""unknown_measurements"":0,""unknown_time_imputed"":false}"
d1f9a01a3aa96c5c16e3b428,posterior,cpu-nuts-spawn_chains,4096,11,research_execution,analyzed,output_failure_unclassified,,49.71241399995051,49.71241399995051,"{""attempts_missing_call_return"":0,""complete_seconds"":49.71241399995051,""cost_scope"":""Sum all coordinator run/retry calls except completed verification-only returns; includes recorded refusals/recovery/audit/sealing; excludes ledger writes, report observations and inter-call waiting"",""known_seconds"":49.71241399995051,""prior_interruption_known_seconds"":0.0,""recorded_measurements"":1,""unknown_measurements"":0,""unknown_time_imputed"":false}"
d1f9a01a3aa96c5c16e3b428,posterior,cpu-nuts-spawn_chains,4096,11,additional_verification,analyzed,output_failure_unclassified,,0.5559477000097104,0.5559477000097104,"{""attempts_missing_call_return"":0,""complete_seconds"":0.5559477000097104,""cost_scope"":""Completed coordinator calls returning newly_executed=false; kept outside primary execution cost"",""known_seconds"":0.5559477000097104,""prior_interruption_known_seconds"":0.0,""recorded_measurements"":3,""unknown_measurements"":0,""unknown_time_imputed"":false}"
d1f9a01a3aa96c5c16e3b428,posterior,cpu-nuts-spawn_chains,4096,11,all_invocations,analyzed,output_failure_unclassified,,50.268361699960224,50.268361699960224,"{""attempts_missing_call_return"":0,""complete_seconds"":50.268361699960224,""cost_scope"":""All coordinator calls, including additional verification; operational consumption, not standardized time-to-inference"",""known_seconds"":50.268361699960224,""prior_interruption_known_seconds"":0.0,""recorded_measurements"":4,""unknown_measurements"":0,""unknown_time_imputed"":false}"
04c996374832a38c2dfa92e0,posterior,cpu-rwm-sequential,1024,14,ordinary_workflow,analyzed,valid,,2.55712680000579,2.55712680000579,"{""attempts_missing_call_return"":0,""complete_seconds"":2.55712680000579,""cost_scope"":""Sum ordinary subprocess creation-through-exit wall over every registered actual attempt; includes ordinary output/diagnostics, excludes outer audit and inter-call waiting"",""known_seconds"":2.55712680000579,""prior_interruption_known_seconds"":0.0,""recorded_measurements"":1,""unknown_measurements"":0,""unknown_time_imputed"":false}"
04c996374832a38c2dfa92e0,posterior,cpu-rwm-sequential,1024,14,research_execution,analyzed,valid,,4.705263200041372,4.705263200041372,"{""attempts_missing_call_return"":0,""complete_seconds"":4.705263200041372,""cost_scope"":""Sum all coordinator run/retry calls except completed verification-only returns; includes recorded refusals/recovery/audit/sealing; excludes ledger writes, report observations and inter-call waiting"",""known_seconds"":4.705263200041372,""prior_interruption_known_seconds"":0.0,""recorded_measurements"":1,""unknown_measurements"":0,""unknown_time_imputed"":false}"
04c996374832a38c2dfa92e0,posterior,cpu-rwm-sequential,1024,14,additional_verification,analyzed,valid,,0.547452400005568,0.547452400005568,"{""attempts_missing_call_return"":0,""complete_seconds"":0.547452400005568,""cost_scope"":""Completed coordinator calls returning newly_executed=false; kept outside primary execution cost"",""known_seconds"":0.547452400005568,""prior_interruption_known_seconds"":0.0,""recorded_measurements"":3,""unknown_measurements"":0,""unknown_time_imputed"":false}"
04c996374832a38c2dfa92e0,posterior,cpu-rwm-sequential,1024,14,all_invocations,analyzed,valid,,5.25271560004694,5.25271560004694,"{""attempts_missing_call_return"":0,""complete_seconds"":5.25271560004694,""cost_scope"":""All coordinator calls, including additional verification; operational consumption, not standardized time-to-inference"",""known_seconds"":5.25271560004694,""prior_interruption_known_seconds"":0.0,""recorded_measurements"":4,""unknown_measurements"":0,""unknown_time_imputed"":false}"
982f7038407e8588b25efe4c,posterior,cuda-rwm-sequential,1024,14,ordinary_workflow,analyzed,valid,,3.7451659999787807,3.7451659999787807,"{""attempts_missing_call_return"":0,""complete_seconds"":3.7451659999787807,""cost_scope"":""Sum ordinary subprocess creation-through-exit wall over every registered actual attempt; includes ordinary output/diagnostics, excludes outer audit and inter-call waiting"",""known_seconds"":3.7451659999787807,""prior_interruption_known_seconds"":0.0,""recorded_measurements"":1,""unknown_measurements"":0,""unknown_time_imputed"":false}"
982f7038407e8588b25efe4c,posterior,cuda-rwm-sequential,1024,14,research_execution,analyzed,valid,,6.008480800024699,6.008480800024699,"{""attempts_missing_call_return"":0,""complete_seconds"":6.008480800024699,""cost_scope"":""Sum all coordinator run/retry calls except completed verification-only returns; includes recorded refusals/recovery/audit/sealing; excludes ledger writes, report observations and inter-call waiting"",""known_seconds"":6.008480800024699,""prior_interruption_known_seconds"":0.0,""recorded_measurements"":1,""unknown_measurements"":0,""unknown_time_imputed"":false}"
982f7038407e8588b25efe4c,posterior,cuda-rwm-sequential,1024,14,additional_verification,analyzed,valid,,0.5483352999999624,0.5483352999999624,"{""attempts_missing_call_return"":0,""complete_seconds"":0.5483352999999624,""cost_scope"":""Completed coordinator calls returning newly_executed=false; kept outside primary execution cost"",""known_seconds"":0.5483352999999624,""prior_interruption_known_seconds"":0.0,""recorded_measurements"":3,""unknown_measurements"":0,""unknown_time_imputed"":false}"
982f7038407e8588b25efe4c,posterior,cuda-rwm-sequential,1024,14,all_invocations,analyzed,valid,,6.556816100024662,6.556816100024662,"{""attempts_missing_call_return"":0,""complete_seconds"":6.556816100024662,""cost_scope"":""All coordinator calls, including additional verification; operational consumption, not standardized time-to-inference"",""known_seconds"":6.556816100024662,""prior_interruption_known_seconds"":0.0,""recorded_measurements"":4,""unknown_measurements"":0,""unknown_time_imputed"":false}"
2266e45ff58fa6bc6e04b3d8,posterior,cpu-nuts-spawn_chains,4096,15,ordinary_workflow,analyzed,output_failure_unclassified,,45.929690700024366,45.929690700024366,"{""attempts_missing_call_return"":0,""complete_seconds"":45.929690700024366,""cost_scope"":""Sum ordinary subprocess creation-through-exit wall over every registered actual attempt; includes ordinary output/diagnostics, excludes outer audit and inter-call waiting"",""known_seconds"":45.929690700024366,""prior_interruption_known_seconds"":0.0,""recorded_measurements"":1,""unknown_measurements"":0,""unknown_time_imputed"":false}"
2266e45ff58fa6bc6e04b3d8,posterior,cpu-nuts-spawn_chains,4096,15,research_execution,analyzed,output_failure_unclassified,,48.0242023000028,48.0242023000028,"{""attempts_missing_call_return"":0,""complete_seconds"":48.0242023000028,""cost_scope"":""Sum all coordinator run/retry calls except completed verification-only returns; includes recorded refusals/recovery/audit/sealing; excludes ledger writes, report observations and inter-call waiting"",""known_seconds"":48.0242023000028,""prior_interruption_known_seconds"":0.0,""recorded_measurements"":1,""unknown_measurements"":0,""unknown_time_imputed"":false}"
2266e45ff58fa6bc6e04b3d8,posterior,cpu-nuts-spawn_chains,4096,15,additional_verification,analyzed,output_failure_unclassified,,0.5518576000067696,0.5518576000067696,"{""attempts_missing_call_return"":0,""complete_seconds"":0.5518576000067696,""cost_scope"":""Completed coordinator calls returning newly_executed=false; kept outside primary execution cost"",""known_seconds"":0.5518576000067696,""prior_interruption_known_seconds"":0.0,""recorded_measurements"":3,""unknown_measurements"":0,""unknown_time_imputed"":false}"
2266e45ff58fa6bc6e04b3d8,posterior,cpu-nuts-spawn_chains,4096,15,all_invocations,analyzed,output_failure_unclassified,,48.57605990000957,48.57605990000957,"{""attempts_missing_call_return"":0,""complete_seconds"":48.57605990000957,""cost_scope"":""All coordinator calls, including additional verification; operational consumption, not standardized time-to-inference"",""known_seconds"":48.57605990000957,""prior_interruption_known_seconds"":0.0,""recorded_measurements"":4,""unknown_measurements"":0,""unknown_time_imputed"":false}"
32c2f99076611f43a90fb37a,posterior,cpu-mala-sequential,4096,11,ordinary_workflow,analyzed,numerical_failure,,8.405163299990818,8.405163299990818,"{""attempts_missing_call_return"":0,""complete_seconds"":8.405163299990818,""cost_scope"":""Sum ordinary subprocess creation-through-exit wall over every registered actual attempt; includes ordinary output/diagnostics, excludes outer audit and inter-call waiting"",""known_seconds"":8.405163299990818,""prior_interruption_known_seconds"":0.0,""recorded_measurements"":1,""unknown_measurements"":0,""unknown_time_imputed"":false}"
32c2f99076611f43a90fb37a,posterior,cpu-mala-sequential,4096,11,research_execution,analyzed,numerical_failure,,11.157161499955691,11.157161499955691,"{""attempts_missing_call_return"":0,""complete_seconds"":11.157161499955691,""cost_scope"":""Sum all coordinator run/retry calls except completed verification-only returns; includes recorded refusals/recovery/audit/sealing; excludes ledger writes, report observations and inter-call waiting"",""known_seconds"":11.157161499955691,""prior_interruption_known_seconds"":0.0,""recorded_measurements"":1,""unknown_measurements"":0,""unknown_time_imputed"":false}"
32c2f99076611f43a90fb37a,posterior,cpu-mala-sequential,4096,11,additional_verification,analyzed,numerical_failure,,0.5578311999925063,0.5578311999925063,"{""attempts_missing_call_return"":0,""complete_seconds"":0.5578311999925063,""cost_scope"":""Completed coordinator calls returning newly_executed=false; kept outside primary execution cost"",""known_seconds"":0.5578311999925063,""prior_interruption_known_seconds"":0.0,""recorded_measurements"":3,""unknown_measurements"":0,""unknown_time_imputed"":false}"
32c2f99076611f43a90fb37a,posterior,cpu-mala-sequential,4096,11,all_invocations,analyzed,numerical_failure,,11.714992699948198,11.714992699948198,"{""attempts_missing_call_return"":0,""complete_seconds"":11.714992699948198,""cost_scope"":""All coordinator calls, including additional verification; operational consumption, not standardized time-to-inference"",""known_seconds"":11.714992699948198,""prior_interruption_known_seconds"":0.0,""recorded_measurements"":4,""unknown_measurements"":0,""unknown_time_imputed"":false}"
90dfa6b46d76e76eac2a8258,posterior,cpu-rwm-online_picard,4096,10,ordinary_workflow,analyzed,valid,,3.7919784000259824,3.7919784000259824,"{""attempts_missing_call_return"":0,""complete_seconds"":3.7919784000259824,""cost_scope"":""Sum ordinary subprocess creation-through-exit wall over every registered actual attempt; includes ordinary output/diagnostics, excludes outer audit and inter-call waiting"",""known_seconds"":3.7919784000259824,""prior_interruption_known_seconds"":0.0,""recorded_measurements"":1,""unknown_measurements"":0,""unknown_time_imputed"":false}"
90dfa6b46d76e76eac2a8258,posterior,cpu-rwm-online_picard,4096,10,research_execution,analyzed,valid,,6.222826800018083,6.222826800018083,"{""attempts_missing_call_return"":0,""complete_seconds"":6.222826800018083,""cost_scope"":""Sum all coordinator run/retry calls except completed verification-only returns; includes recorded refusals/recovery/audit/sealing; excludes ledger writes, report observations and inter-call waiting"",""known_seconds"":6.222826800018083,""prior_interruption_known_seconds"":0.0,""recorded_measurements"":1,""unknown_measurements"":0,""unknown_time_imputed"":false}"
90dfa6b46d76e76eac2a8258,posterior,cpu-rwm-online_picard,4096,10,additional_verification,analyzed,valid,,0.5551719999921261,0.5551719999921261,"{""attempts_missing_call_return"":0,""complete_seconds"":0.5551719999921261,""cost_scope"":""Completed coordinator calls returning newly_executed=false; kept outside primary execution cost"",""known_seconds"":0.5551719999921261,""prior_interruption_known_seconds"":0.0,""recorded_measurements"":3,""unknown_measurements"":0,""unknown_time_imputed"":false}"
90dfa6b46d76e76eac2a8258,posterior,cpu-rwm-online_picard,4096,10,all_invocations,analyzed,valid,,6.777998800010209,6.777998800010209,"{""attempts_missing_call_return"":0,""complete_seconds"":6.777998800010209,""cost_scope"":""All coordinator calls, including additional verification; operational consumption, not standardized time-to-inference"",""known_seconds"":6.777998800010209,""prior_interruption_known_seconds"":0.0,""recorded_measurements"":4,""unknown_measurements"":0,""unknown_time_imputed"":false}"
bde3afe19786addda8cdb238,posterior,cuda-rwm-online_picard,1024,8,ordinary_workflow,analyzed,valid,,3.85985469998559,3.85985469998559,"{""attempts_missing_call_return"":0,""complete_seconds"":3.85985469998559,""cost_scope"":""Sum ordinary subprocess creation-through-exit wall over every registered actual attempt; includes ordinary output/diagnostics, excludes outer audit and inter-call waiting"",""known_seconds"":3.85985469998559,""prior_interruption_known_seconds"":0.0,""recorded_measurements"":1,""unknown_measurements"":0,""unknown_time_imputed"":false}"
bde3afe19786addda8cdb238,posterior,cuda-rwm-online_picard,1024,8,research_execution,analyzed,valid,,5.998070400033612,5.998070400033612,"{""attempts_missing_call_return"":0,""complete_seconds"":5.998070400033612,""cost_scope"":""Sum all coordinator run/retry calls except completed verification-only returns; includes recorded refusals/recovery/audit/sealing; excludes ledger writes, report observations and inter-call waiting"",""known_seconds"":5.998070400033612,""prior_interruption_known_seconds"":0.0,""recorded_measurements"":1,""unknown_measurements"":0,""unknown_time_imputed"":false}"
bde3afe19786addda8cdb238,posterior,cuda-rwm-online_picard,1024,8,additional_verification,analyzed,valid,,0.5560812000112492,0.5560812000112492,"{""attempts_missing_call_return"":0,""complete_seconds"":0.5560812000112492,""cost_scope"":""Completed coordinator calls returning newly_executed=false; kept outside primary execution cost"",""known_seconds"":0.5560812000112492,""prior_interruption_known_seconds"":0.0,""recorded_measurements"":3,""unknown_measurements"":0,""unknown_time_imputed"":false}"
bde3afe19786addda8cdb238,posterior,cuda-rwm-online_picard,1024,8,all_invocations,analyzed,valid,,6.554151600044861,6.554151600044861,"{""attempts_missing_call_return"":0,""complete_seconds"":6.554151600044861,""cost_scope"":""All coordinator calls, including additional verification; operational consumption, not standardized time-to-inference"",""known_seconds"":6.554151600044861,""prior_interruption_known_seconds"":0.0,""recorded_measurements"":4,""unknown_measurements"":0,""unknown_time_imputed"":false}"
e22d3f03d8e994566fdaa5dc,posterior,cpu-rwm-sequential,4096,9,ordinary_workflow,analyzed,valid,,3.403784000023734,3.403784000023734,"{""attempts_missing_call_return"":0,""complete_seconds"":3.403784000023734,""cost_scope"":""Sum ordinary subprocess creation-through-exit wall over every registered actual attempt; includes ordinary output/diagnostics, excludes outer audit and inter-call waiting"",""known_seconds"":3.403784000023734,""prior_interruption_known_seconds"":0.0,""recorded_measurements"":1,""unknown_measurements"":0,""unknown_time_imputed"":false}"
e22d3f03d8e994566fdaa5dc,posterior,cpu-rwm-sequential,4096,9,research_execution,analyzed,valid,,5.761319499986712,5.761319499986712,"{""attempts_missing_call_return"":0,""complete_seconds"":5.761319499986712,""cost_scope"":""Sum all coordinator run/retry calls except completed verification-only returns; includes recorded refusals/recovery/audit/sealing; excludes ledger writes, report observations and inter-call waiting"",""known_seconds"":5.761319499986712,""prior_interruption_known_seconds"":0.0,""recorded_measurements"":1,""unknown_measurements"":0,""unknown_time_imputed"":false}"
e22d3f03d8e994566fdaa5dc,posterior,cpu-rwm-sequential,4096,9,additional_verification,analyzed,valid,,0.5483440999996674,0.5483440999996674,"{""attempts_missing_call_return"":0,""complete_seconds"":0.5483440999996674,""cost_scope"":""Completed coordinator calls returning newly_executed=false; kept outside primary execution cost"",""known_seconds"":0.5483440999996674,""prior_interruption_known_seconds"":0.0,""recorded_measurements"":3,""unknown_measurements"":0,""unknown_time_imputed"":false}"
e22d3f03d8e994566fdaa5dc,posterior,cpu-rwm-sequential,4096,9,all_invocations,analyzed,valid,,6.309663599986379,6.309663599986379,"{""attempts_missing_call_return"":0,""complete_seconds"":6.309663599986379,""cost_scope"":""All coordinator calls, including additional verification; operational consumption, not standardized time-to-inference"",""known_seconds"":6.309663599986379,""prior_interruption_known_seconds"":0.0,""recorded_measurements"":4,""unknown_measurements"":0,""unknown_time_imputed"":false}"
839c3ca9a94d68498b7b24cd,posterior,cpu-mala-sequential,1024,10,ordinary_workflow,analyzed,valid,,4.6463302000192925,4.6463302000192925,"{""attempts_missing_call_return"":0,""complete_seconds"":4.6463302000192925,""cost_scope"":""Sum ordinary subprocess creation-through-exit wall over every registered actual attempt; includes ordinary output/diagnostics, excludes outer audit and inter-call waiting"",""known_seconds"":4.6463302000192925,""prior_interruption_known_seconds"":0.0,""recorded_measurements"":1,""unknown_measurements"":0,""unknown_time_imputed"":false}"
839c3ca9a94d68498b7b24cd,posterior,cpu-mala-sequential,1024,10,research_execution,analyzed,valid,,7.059971200011205,7.059971200011205,"{""attempts_missing_call_return"":0,""complete_seconds"":7.059971200011205,""cost_scope"":""Sum all coordinator run/retry calls except completed verification-only returns; includes recorded refusals/recovery/audit/sealing; excludes ledger writes, report observations and inter-call waiting"",""known_seconds"":7.059971200011205,""prior_interruption_known_seconds"":0.0,""recorded_measurements"":1,""unknown_measurements"":0,""unknown_time_imputed"":false}"
839c3ca9a94d68498b7b24cd,posterior,cpu-mala-sequential,1024,10,additional_verification,analyzed,valid,,0.5673224999973172,0.5673224999973172,"{""attempts_missing_call_return"":0,""complete_seconds"":0.5673224999973172,""cost_scope"":""Completed coordinator calls returning newly_executed=false; kept outside primary execution cost"",""known_seconds"":0.5673224999973172,""prior_interruption_known_seconds"":0.0,""recorded_measurements"":3,""unknown_measurements"":0,""unknown_time_imputed"":false}"
839c3ca9a94d68498b7b24cd,posterior,cpu-mala-sequential,1024,10,all_invocations,analyzed,valid,,7.627293700008522,7.627293700008522,"{""attempts_missing_call_return"":0,""complete_seconds"":7.627293700008522,""cost_scope"":""All coordinator calls, including additional verification; operational consumption, not standardized time-to-inference"",""known_seconds"":7.627293700008522,""prior_interruption_known_seconds"":0.0,""recorded_measurements"":4,""unknown_measurements"":0,""unknown_time_imputed"":false}"
d3e69f4d10656651d33ae212,posterior,cuda-rwm-online_picard,4096,10,ordinary_workflow,analyzed,valid,,7.472394499985967,7.472394499985967,"{""attempts_missing_call_return"":0,""complete_seconds"":7.472394499985967,""cost_scope"":""Sum ordinary subprocess creation-through-exit wall over every registered actual attempt; includes ordinary output/diagnostics, excludes outer audit and inter-call waiting"",""known_seconds"":7.472394499985967,""prior_interruption_known_seconds"":0.0,""recorded_measurements"":1,""unknown_measurements"":0,""unknown_time_imputed"":false}"
d3e69f4d10656651d33ae212,posterior,cuda-rwm-online_picard,4096,10,research_execution,analyzed,valid,,9.816322099999525,9.816322099999525,"{""attempts_missing_call_return"":0,""complete_seconds"":9.816322099999525,""cost_scope"":""Sum all coordinator run/retry calls except completed verification-only returns; includes recorded refusals/recovery/audit/sealing; excludes ledger writes, report observations and inter-call waiting"",""known_seconds"":9.816322099999525,""prior_interruption_known_seconds"":0.0,""recorded_measurements"":1,""unknown_measurements"":0,""unknown_time_imputed"":false}"
d3e69f4d10656651d33ae212,posterior,cuda-rwm-online_picard,4096,10,additional_verification,analyzed,valid,,0.5584054999990258,0.5584054999990258,"{""attempts_missing_call_return"":0,""complete_seconds"":0.5584054999990258,""cost_scope"":""Completed coordinator calls returning newly_executed=false; kept outside primary execution cost"",""known_seconds"":0.5584054999990258,""prior_interruption_known_seconds"":0.0,""recorded_measurements"":3,""unknown_measurements"":0,""unknown_time_imputed"":false}"
d3e69f4d10656651d33ae212,posterior,cuda-rwm-online_picard,4096,10,all_invocations,analyzed,valid,,10.37472759999855,10.37472759999855,"{""attempts_missing_call_return"":0,""complete_seconds"":10.37472759999855,""cost_scope"":""All coordinator calls, including additional verification; operational consumption, not standardized time-to-inference"",""known_seconds"":10.37472759999855,""prior_interruption_known_seconds"":0.0,""recorded_measurements"":4,""unknown_measurements"":0,""unknown_time_imputed"":false}"
fe78b94e18447518c4bab5f5,posterior,cpu-mala-sequential,1024,13,ordinary_workflow,analyzed,valid,,4.6789759999956,4.6789759999956,"{""attempts_missing_call_return"":0,""complete_seconds"":4.6789759999956,""cost_scope"":""Sum ordinary subprocess creation-through-exit wall over every registered actual attempt; includes ordinary output/diagnostics, excludes outer audit and inter-call waiting"",""known_seconds"":4.6789759999956,""prior_interruption_known_seconds"":0.0,""recorded_measurements"":1,""unknown_measurements"":0,""unknown_time_imputed"":false}"
fe78b94e18447518c4bab5f5,posterior,cpu-mala-sequential,1024,13,research_execution,analyzed,valid,,7.07266389997676,7.07266389997676,"{""attempts_missing_call_return"":0,""complete_seconds"":7.07266389997676,""cost_scope"":""Sum all coordinator run/retry calls except completed verification-only returns; includes recorded refusals/recovery/audit/sealing; excludes ledger writes, report observations and inter-call waiting"",""known_seconds"":7.07266389997676,""prior_interruption_known_seconds"":0.0,""recorded_measurements"":1,""unknown_measurements"":0,""unknown_time_imputed"":false}"
fe78b94e18447518c4bab5f5,posterior,cpu-mala-sequential,1024,13,additional_verification,analyzed,valid,,0.5775788999990255,0.5775788999990255,"{""attempts_missing_call_return"":0,""complete_seconds"":0.5775788999990255,""cost_scope"":""Completed coordinator calls returning newly_executed=false; kept outside primary execution cost"",""known_seconds"":0.5775788999990255,""prior_interruption_known_seconds"":0.0,""recorded_measurements"":3,""unknown_measurements"":0,""unknown_time_imputed"":false}"
fe78b94e18447518c4bab5f5,posterior,cpu-mala-sequential,1024,13,all_invocations,analyzed,valid,,7.650242799975786,7.650242799975786,"{""attempts_missing_call_return"":0,""complete_seconds"":7.650242799975786,""cost_scope"":""All coordinator calls, including additional verification; operational consumption, not standardized time-to-inference"",""known_seconds"":7.650242799975786,""prior_interruption_known_seconds"":0.0,""recorded_measurements"":4,""unknown_measurements"":0,""unknown_time_imputed"":false}"
e8bfc49e756e146943f07010,posterior,cuda-rwm-online_picard,4096,8,ordinary_workflow,analyzed,valid,,6.983250300050713,6.983250300050713,"{""attempts_missing_call_return"":0,""complete_seconds"":6.983250300050713,""cost_scope"":""Sum ordinary subprocess creation-through-exit wall over every registered actual attempt; includes ordinary output/diagnostics, excludes outer audit and inter-call waiting"",""known_seconds"":6.983250300050713,""prior_interruption_known_seconds"":0.0,""recorded_measurements"":1,""unknown_measurements"":0,""unknown_time_imputed"":false}"
e8bfc49e756e146943f07010,posterior,cuda-rwm-online_picard,4096,8,research_execution,analyzed,valid,,9.314824500004761,9.314824500004761,"{""attempts_missing_call_return"":0,""complete_seconds"":9.314824500004761,""cost_scope"":""Sum all coordinator run/retry calls except completed verification-only returns; includes recorded refusals/recovery/audit/sealing; excludes ledger writes, report observations and inter-call waiting"",""known_seconds"":9.314824500004761,""prior_interruption_known_seconds"":0.0,""recorded_measurements"":1,""unknown_measurements"":0,""unknown_time_imputed"":false}"
e8bfc49e756e146943f07010,posterior,cuda-rwm-online_picard,4096,8,additional_verification,analyzed,valid,,0.5733249999930194,0.5733249999930194,"{""attempts_missing_call_return"":0,""complete_seconds"":0.5733249999930194,""cost_scope"":""Completed coordinator calls returning newly_executed=false; kept outside primary execution cost"",""known_seconds"":0.5733249999930194,""prior_interruption_known_seconds"":0.0,""recorded_measurements"":3,""unknown_measurements"":0,""unknown_time_imputed"":false}"
e8bfc49e756e146943f07010,posterior,cuda-rwm-online_picard,4096,8,all_invocations,analyzed,valid,,9.88814949999778,9.88814949999778,"{""attempts_missing_call_return"":0,""complete_seconds"":9.88814949999778,""cost_scope"":""All coordinator calls, including additional verification; operational consumption, not standardized time-to-inference"",""known_seconds"":9.88814949999778,""prior_interruption_known_seconds"":0.0,""recorded_measurements"":4,""unknown_measurements"":0,""unknown_time_imputed"":false}"
30c53db64878d9ee9a31d307,posterior,cpu-rwm-online_picard,4096,13,ordinary_workflow,analyzed,valid,,3.720867600000929,3.720867600000929,"{""attempts_missing_call_return"":0,""complete_seconds"":3.720867600000929,""cost_scope"":""Sum ordinary subprocess creation-through-exit wall over every registered actual attempt; includes ordinary output/diagnostics, excludes outer audit and inter-call waiting"",""known_seconds"":3.720867600000929,""prior_interruption_known_seconds"":0.0,""recorded_measurements"":1,""unknown_measurements"":0,""unknown_time_imputed"":false}"
30c53db64878d9ee9a31d307,posterior,cpu-rwm-online_picard,4096,13,research_execution,analyzed,valid,,5.998208600038197,5.998208600038197,"{""attempts_missing_call_return"":0,""complete_seconds"":5.998208600038197,""cost_scope"":""Sum all coordinator run/retry calls except completed verification-only returns; includes recorded refusals/recovery/audit/sealing; excludes ledger writes, report observations and inter-call waiting"",""known_seconds"":5.998208600038197,""prior_interruption_known_seconds"":0.0,""recorded_measurements"":1,""unknown_measurements"":0,""unknown_time_imputed"":false}"
30c53db64878d9ee9a31d307,posterior,cpu-rwm-online_picard,4096,13,additional_verification,analyzed,valid,,0.6143069000017931,0.6143069000017931,"{""attempts_missing_call_return"":0,""complete_seconds"":0.6143069000017931,""cost_scope"":""Completed coordinator calls returning newly_executed=false; kept outside primary execution cost"",""known_seconds"":0.6143069000017931,""prior_interruption_known_seconds"":0.0,""recorded_measurements"":3,""unknown_measurements"":0,""unknown_time_imputed"":false}"
30c53db64878d9ee9a31d307,posterior,cpu-rwm-online_picard,4096,13,all_invocations,analyzed,valid,,6.61251550003999,6.61251550003999,"{""attempts_missing_call_return"":0,""complete_seconds"":6.61251550003999,""cost_scope"":""All coordinator calls, including additional verification; operational consumption, not standardized time-to-inference"",""known_seconds"":6.61251550003999,""prior_interruption_known_seconds"":0.0,""recorded_measurements"":4,""unknown_measurements"":0,""unknown_time_imputed"":false}"
f04e06695f25dbae7eb08ec7,posterior,cpu-mala-quasi_deer,4096,8,ordinary_workflow,analyzed,valid,,29.195009500021115,29.195009500021115,"{""attempts_missing_call_return"":0,""complete_seconds"":29.195009500021115,""cost_scope"":""Sum ordinary subprocess creation-through-exit wall over every registered actual attempt; includes ordinary output/diagnostics, excludes outer audit and inter-call waiting"",""known_seconds"":29.195009500021115,""prior_interruption_known_seconds"":0.0,""recorded_measurements"":1,""unknown_measurements"":0,""unknown_time_imputed"":false}"
f04e06695f25dbae7eb08ec7,posterior,cpu-mala-quasi_deer,4096,8,research_execution,analyzed,valid,,31.896918000013102,31.896918000013102,"{""attempts_missing_call_return"":0,""complete_seconds"":31.896918000013102,""cost_scope"":""Sum all coordinator run/retry calls except completed verification-only returns; includes recorded refusals/recovery/audit/sealing; excludes ledger writes, report observations and inter-call waiting"",""known_seconds"":31.896918000013102,""prior_interruption_known_seconds"":0.0,""recorded_measurements"":1,""unknown_measurements"":0,""unknown_time_imputed"":false}"
f04e06695f25dbae7eb08ec7,posterior,cpu-mala-quasi_deer,4096,8,additional_verification,analyzed,valid,,0.597199200000432,0.597199200000432,"{""attempts_missing_call_return"":0,""complete_seconds"":0.597199200000432,""cost_scope"":""Completed coordinator calls returning newly_executed=false; kept outside primary execution cost"",""known_seconds"":0.597199200000432,""prior_interruption_known_seconds"":0.0,""recorded_measurements"":3,""unknown_measurements"":0,""unknown_time_imputed"":false}"
f04e06695f25dbae7eb08ec7,posterior,cpu-mala-quasi_deer,4096,8,all_invocations,analyzed,valid,,32.494117200013534,32.494117200013534,"{""attempts_missing_call_return"":0,""complete_seconds"":32.494117200013534,""cost_scope"":""All coordinator calls, including additional verification; operational consumption, not standardized time-to-inference"",""known_seconds"":32.494117200013534,""prior_interruption_known_seconds"":0.0,""recorded_measurements"":4,""unknown_measurements"":0,""unknown_time_imputed"":false}"
12da93460736f11bfa6bd2bf,posterior,cpu-mala-sequential,4096,13,ordinary_workflow,analyzed,valid,,8.227502900001127,8.227502900001127,"{""attempts_missing_call_return"":0,""complete_seconds"":8.227502900001127,""cost_scope"":""Sum ordinary subprocess creation-through-exit wall over every registered actual attempt; includes ordinary output/diagnostics, excludes outer audit and inter-call waiting"",""known_seconds"":8.227502900001127,""prior_interruption_known_seconds"":0.0,""recorded_measurements"":1,""unknown_measurements"":0,""unknown_time_imputed"":false}"
12da93460736f11bfa6bd2bf,posterior,cpu-mala-sequential,4096,13,research_execution,analyzed,valid,,10.913756599999033,10.913756599999033,"{""attempts_missing_call_return"":0,""complete_seconds"":10.913756599999033,""cost_scope"":""Sum all coordinator run/retry calls except completed verification-only returns; includes recorded refusals/recovery/audit/sealing; excludes ledger writes, report observations and inter-call waiting"",""known_seconds"":10.913756599999033,""prior_interruption_known_seconds"":0.0,""recorded_measurements"":1,""unknown_measurements"":0,""unknown_time_imputed"":false}"
12da93460736f11bfa6bd2bf,posterior,cpu-mala-sequential,4096,13,additional_verification,analyzed,valid,,0.5866640999984156,0.5866640999984156,"{""attempts_missing_call_return"":0,""complete_seconds"":0.5866640999984156,""cost_scope"":""Completed coordinator calls returning newly_executed=false; kept outside primary execution cost"",""known_seconds"":0.5866640999984156,""prior_interruption_known_seconds"":0.0,""recorded_measurements"":3,""unknown_measurements"":0,""unknown_time_imputed"":false}"
12da93460736f11bfa6bd2bf,posterior,cpu-mala-sequential,4096,13,all_invocations,analyzed,valid,,11.500420699997449,11.500420699997449,"{""attempts_missing_call_return"":0,""complete_seconds"":11.500420699997449,""cost_scope"":""All coordinator calls, including additional verification; operational consumption, not standardized time-to-inference"",""known_seconds"":11.500420699997449,""prior_interruption_known_seconds"":0.0,""recorded_measurements"":4,""unknown_measurements"":0,""unknown_time_imputed"":false}"
3576fe5a2a2abfff2a4c151f,posterior,cuda-rwm-online_picard,1024,11,ordinary_workflow,analyzed,valid,,3.7885805999976583,3.7885805999976583,"{""attempts_missing_call_return"":0,""complete_seconds"":3.7885805999976583,""cost_scope"":""Sum ordinary subprocess creation-through-exit wall over every registered actual attempt; includes ordinary output/diagnostics, excludes outer audit and inter-call waiting"",""known_seconds"":3.7885805999976583,""prior_interruption_known_seconds"":0.0,""recorded_measurements"":1,""unknown_measurements"":0,""unknown_time_imputed"":false}"
3576fe5a2a2abfff2a4c151f,posterior,cuda-rwm-online_picard,1024,11,research_execution,analyzed,valid,,5.997448499954771,5.997448499954771,"{""attempts_missing_call_return"":0,""complete_seconds"":5.997448499954771,""cost_scope"":""Sum all coordinator run/retry calls except completed verification-only returns; includes recorded refusals/recovery/audit/sealing; excludes ledger writes, report observations and inter-call waiting"",""known_seconds"":5.997448499954771,""prior_interruption_known_seconds"":0.0,""recorded_measurements"":1,""unknown_measurements"":0,""unknown_time_imputed"":false}"
3576fe5a2a2abfff2a4c151f,posterior,cuda-rwm-online_picard,1024,11,additional_verification,analyzed,valid,,0.6070718000019042,0.6070718000019042,"{""attempts_missing_call_return"":0,""complete_seconds"":0.6070718000019042,""cost_scope"":""Completed coordinator calls returning newly_executed=false; kept outside primary execution cost"",""known_seconds"":0.6070718000019042,""prior_interruption_known_seconds"":0.0,""recorded_measurements"":3,""unknown_measurements"":0,""unknown_time_imputed"":false}"
3576fe5a2a2abfff2a4c151f,posterior,cuda-rwm-online_picard,1024,11,all_invocations,analyzed,valid,,6.6045202999566754,6.6045202999566754,"{""attempts_missing_call_return"":0,""complete_seconds"":6.6045202999566754,""cost_scope"":""All coordinator calls, including additional verification; operational consumption, not standardized time-to-inference"",""known_seconds"":6.6045202999566754,""prior_interruption_known_seconds"":0.0,""recorded_measurements"":4,""unknown_measurements"":0,""unknown_time_imputed"":false}"
938021ede51017f63aa539da,posterior,cpu-mala-quasi_deer,1024,11,ordinary_workflow,analyzed,valid,,15.088841399992816,15.088841399992816,"{""attempts_missing_call_return"":0,""complete_seconds"":15.088841399992816,""cost_scope"":""Sum ordinary subprocess creation-through-exit wall over every registered actual attempt; includes ordinary output/diagnostics, excludes outer audit and inter-call waiting"",""known_seconds"":15.088841399992816,""prior_interruption_known_seconds"":0.0,""recorded_measurements"":1,""unknown_measurements"":0,""unknown_time_imputed"":false}"
938021ede51017f63aa539da,posterior,cpu-mala-quasi_deer,1024,11,research_execution,analyzed,valid,,17.35942219995195,17.35942219995195,"{""attempts_missing_call_return"":0,""complete_seconds"":17.35942219995195,""cost_scope"":""Sum all coordinator run/retry calls except completed verification-only returns; includes recorded refusals/recovery/audit/sealing; excludes ledger writes, report observations and inter-call waiting"",""known_seconds"":17.35942219995195,""prior_interruption_known_seconds"":0.0,""recorded_measurements"":1,""unknown_measurements"":0,""unknown_time_imputed"":false}"
938021ede51017f63aa539da,posterior,cpu-mala-quasi_deer,1024,11,additional_verification,analyzed,valid,,0.6050932000025568,0.6050932000025568,"{""attempts_missing_call_return"":0,""complete_seconds"":0.6050932000025568,""cost_scope"":""Completed coordinator calls returning newly_executed=false; kept outside primary execution cost"",""known_seconds"":0.6050932000025568,""prior_interruption_known_seconds"":0.0,""recorded_measurements"":3,""unknown_measurements"":0,""unknown_time_imputed"":false}"
938021ede51017f63aa539da,posterior,cpu-mala-quasi_deer,1024,11,all_invocations,analyzed,valid,,17.964515399954507,17.964515399954507,"{""attempts_missing_call_return"":0,""complete_seconds"":17.964515399954507,""cost_scope"":""All coordinator calls, including additional verification; operational consumption, not standardized time-to-inference"",""known_seconds"":17.964515399954507,""prior_interruption_known_seconds"":0.0,""recorded_measurements"":4,""unknown_measurements"":0,""unknown_time_imputed"":false}"
f860a04e2e117e9603ae31e9,posterior,cuda-mala-sequential,4096,9,ordinary_workflow,analyzed,valid,,22.435579899989534,22.435579899989534,"{""attempts_missing_call_return"":0,""complete_seconds"":22.435579899989534,""cost_scope"":""Sum ordinary subprocess creation-through-exit wall over every registered actual attempt; includes ordinary output/diagnostics, excludes outer audit and inter-call waiting"",""known_seconds"":22.435579899989534,""prior_interruption_known_seconds"":0.0,""recorded_measurements"":1,""unknown_measurements"":0,""unknown_time_imputed"":false}"
f860a04e2e117e9603ae31e9,posterior,cuda-mala-sequential,4096,9,research_execution,analyzed,valid,,25.196741899999324,25.196741899999324,"{""attempts_missing_call_return"":0,""complete_seconds"":25.196741899999324,""cost_scope"":""Sum all coordinator run/retry calls except completed verification-only returns; includes recorded refusals/recovery/audit/sealing; excludes ledger writes, report observations and inter-call waiting"",""known_seconds"":25.196741899999324,""prior_interruption_known_seconds"":0.0,""recorded_measurements"":1,""unknown_measurements"":0,""unknown_time_imputed"":false}"
f860a04e2e117e9603ae31e9,posterior,cuda-mala-sequential,4096,9,additional_verification,analyzed,valid,,0.720062000003054,0.720062000003054,"{""attempts_missing_call_return"":0,""complete_seconds"":0.720062000003054,""cost_scope"":""Completed coordinator calls returning newly_executed=false; kept outside primary execution cost"",""known_seconds"":0.720062000003054,""prior_interruption_known_seconds"":0.0,""recorded_measurements"":3,""unknown_measurements"":0,""unknown_time_imputed"":false}"
f860a04e2e117e9603ae31e9,posterior,cuda-mala-sequential,4096,9,all_invocations,analyzed,valid,,25.916803900002378,25.916803900002378,"{""attempts_missing_call_return"":0,""complete_seconds"":25.916803900002378,""cost_scope"":""All coordinator calls, including additional verification; operational consumption, not standardized time-to-inference"",""known_seconds"":25.916803900002378,""prior_interruption_known_seconds"":0.0,""recorded_measurements"":4,""unknown_measurements"":0,""unknown_time_imputed"":false}"
6eccb3b6a5acbf98380d7c91,posterior,cpu-nuts-spawn_chains,1024,11,ordinary_workflow,analyzed,valid,,16.75325069995597,16.75325069995597,"{""attempts_missing_call_return"":0,""complete_seconds"":16.75325069995597,""cost_scope"":""Sum ordinary subprocess creation-through-exit wall over every registered actual attempt; includes ordinary output/diagnostics, excludes outer audit and inter-call waiting"",""known_seconds"":16.75325069995597,""prior_interruption_known_seconds"":0.0,""recorded_measurements"":1,""unknown_measurements"":0,""unknown_time_imputed"":false}"
6eccb3b6a5acbf98380d7c91,posterior,cpu-nuts-spawn_chains,1024,11,research_execution,analyzed,valid,,19.02898040000582,19.02898040000582,"{""attempts_missing_call_return"":0,""complete_seconds"":19.02898040000582,""cost_scope"":""Sum all coordinator run/retry calls except completed verification-only returns; includes recorded refusals/recovery/audit/sealing; excludes ledger writes, report observations and inter-call waiting"",""known_seconds"":19.02898040000582,""prior_interruption_known_seconds"":0.0,""recorded_measurements"":1,""unknown_measurements"":0,""unknown_time_imputed"":false}"
6eccb3b6a5acbf98380d7c91,posterior,cpu-nuts-spawn_chains,1024,11,additional_verification,analyzed,valid,,0.6645172999988063,0.6645172999988063,"{""attempts_missing_call_return"":0,""complete_seconds"":0.6645172999988063,""cost_scope"":""Completed coordinator calls returning newly_executed=false; kept outside primary execution cost"",""known_seconds"":0.6645172999988063,""prior_interruption_known_seconds"":0.0,""recorded_measurements"":3,""unknown_measurements"":0,""unknown_time_imputed"":false}"
6eccb3b6a5acbf98380d7c91,posterior,cpu-nuts-spawn_chains,1024,11,all_invocations,analyzed,valid,,19.693497700004627,19.693497700004627,"{""attempts_missing_call_return"":0,""complete_seconds"":19.693497700004627,""cost_scope"":""All coordinator calls, including additional verification; operational consumption, not standardized time-to-inference"",""known_seconds"":19.693497700004627,""prior_interruption_known_seconds"":0.0,""recorded_measurements"":4,""unknown_measurements"":0,""unknown_time_imputed"":false}"
d6c70411fee50be735744804,posterior,cpu-mala-sequential,1024,12,ordinary_workflow,analyzed,valid,,4.688720200036187,4.688720200036187,"{""attempts_missing_call_return"":0,""complete_seconds"":4.688720200036187,""cost_scope"":""Sum ordinary subprocess creation-through-exit wall over every registered actual attempt; includes ordinary output/diagnostics, excludes outer audit and inter-call waiting"",""known_seconds"":4.688720200036187,""prior_interruption_known_seconds"":0.0,""recorded_measurements"":1,""unknown_measurements"":0,""unknown_time_imputed"":false}"
d6c70411fee50be735744804,posterior,cpu-mala-sequential,1024,12,research_execution,analyzed,valid,,7.065421700011939,7.065421700011939,"{""attempts_missing_call_return"":0,""complete_seconds"":7.065421700011939,""cost_scope"":""Sum all coordinator run/retry calls except completed verification-only returns; includes recorded refusals/recovery/audit/sealing; excludes ledger writes, report observations and inter-call waiting"",""known_seconds"":7.065421700011939,""prior_interruption_known_seconds"":0.0,""recorded_measurements"":1,""unknown_measurements"":0,""unknown_time_imputed"":false}"
d6c70411fee50be735744804,posterior,cpu-mala-sequential,1024,12,additional_verification,analyzed,valid,,0.6139545999985785,0.6139545999985785,"{""attempts_missing_call_return"":0,""complete_seconds"":0.6139545999985785,""cost_scope"":""Completed coordinator calls returning newly_executed=false; kept outside primary execution cost"",""known_seconds"":0.6139545999985785,""prior_interruption_known_seconds"":0.0,""recorded_measurements"":3,""unknown_measurements"":0,""unknown_time_imputed"":false}"
d6c70411fee50be735744804,posterior,cpu-mala-sequential,1024,12,all_invocations,analyzed,valid,,7.679376300010517,7.679376300010517,"{""attempts_missing_call_return"":0,""complete_seconds"":7.679376300010517,""cost_scope"":""All coordinator calls, including additional verification; operational consumption, not standardized time-to-inference"",""known_seconds"":7.679376300010517,""prior_interruption_known_seconds"":0.0,""recorded_measurements"":4,""unknown_measurements"":0,""unknown_time_imputed"":false}"
41eed4cccb1896696da1fe1e,posterior,cpu-rwm-online_picard,1024,11,ordinary_workflow,analyzed,valid,,2.6858202000148594,2.6858202000148594,"{""attempts_missing_call_return"":0,""complete_seconds"":2.6858202000148594,""cost_scope"":""Sum ordinary subprocess creation-through-exit wall over every registered actual attempt; includes ordinary output/diagnostics, excludes outer audit and inter-call waiting"",""known_seconds"":2.6858202000148594,""prior_interruption_known_seconds"":0.0,""recorded_measurements"":1,""unknown_measurements"":0,""unknown_time_imputed"":false}"
41eed4cccb1896696da1fe1e,posterior,cpu-rwm-online_picard,1024,11,research_execution,analyzed,valid,,4.915082299965434,4.915082299965434,"{""attempts_missing_call_return"":0,""complete_seconds"":4.915082299965434,""cost_scope"":""Sum all coordinator run/retry calls except completed verification-only returns; includes recorded refusals/recovery/audit/sealing; excludes ledger writes, report observations and inter-call waiting"",""known_seconds"":4.915082299965434,""prior_interruption_known_seconds"":0.0,""recorded_measurements"":1,""unknown_measurements"":0,""unknown_time_imputed"":false}"
41eed4cccb1896696da1fe1e,posterior,cpu-rwm-online_picard,1024,11,additional_verification,analyzed,valid,,0.6051715999992666,0.6051715999992666,"{""attempts_missing_call_return"":0,""complete_seconds"":0.6051715999992666,""cost_scope"":""Completed coordinator calls returning newly_executed=false; kept outside primary execution cost"",""known_seconds"":0.6051715999992666,""prior_interruption_known_seconds"":0.0,""recorded_measurements"":3,""unknown_measurements"":0,""unknown_time_imputed"":false}"
41eed4cccb1896696da1fe1e,posterior,cpu-rwm-online_picard,1024,11,all_invocations,analyzed,valid,,5.5202538999647,5.5202538999647,"{""attempts_missing_call_return"":0,""complete_seconds"":5.5202538999647,""cost_scope"":""All coordinator calls, including additional verification; operational consumption, not standardized time-to-inference"",""known_seconds"":5.5202538999647,""prior_interruption_known_seconds"":0.0,""recorded_measurements"":4,""unknown_measurements"":0,""unknown_time_imputed"":false}"
75566eee6966e0bee7362250,posterior,cpu-rwm-online_picard,1024,8,ordinary_workflow,analyzed,valid,,2.7369976999470964,2.7369976999470964,"{""attempts_missing_call_return"":0,""complete_seconds"":2.7369976999470964,""cost_scope"":""Sum ordinary subprocess creation-through-exit wall over every registered actual attempt; includes ordinary output/diagnostics, excludes outer audit and inter-call waiting"",""known_seconds"":2.7369976999470964,""prior_interruption_known_seconds"":0.0,""recorded_measurements"":1,""unknown_measurements"":0,""unknown_time_imputed"":false}"
75566eee6966e0bee7362250,posterior,cpu-rwm-online_picard,1024,8,research_execution,analyzed,valid,,4.921420000027865,4.921420000027865,"{""attempts_missing_call_return"":0,""complete_seconds"":4.921420000027865,""cost_scope"":""Sum all coordinator run/retry calls except completed verification-only returns; includes recorded refusals/recovery/audit/sealing; excludes ledger writes, report observations and inter-call waiting"",""known_seconds"":4.921420000027865,""prior_interruption_known_seconds"":0.0,""recorded_measurements"":1,""unknown_measurements"":0,""unknown_time_imputed"":false}"
75566eee6966e0bee7362250,posterior,cpu-rwm-online_picard,1024,8,additional_verification,analyzed,valid,,0.5904824000062945,0.5904824000062945,"{""attempts_missing_call_return"":0,""complete_seconds"":0.5904824000062945,""cost_scope"":""Completed coordinator calls returning newly_executed=false; kept outside primary execution cost"",""known_seconds"":0.5904824000062945,""prior_interruption_known_seconds"":0.0,""recorded_measurements"":3,""unknown_measurements"":0,""unknown_time_imputed"":false}"
75566eee6966e0bee7362250,posterior,cpu-rwm-online_picard,1024,8,all_invocations,analyzed,valid,,5.51190240003416,5.51190240003416,"{""attempts_missing_call_return"":0,""complete_seconds"":5.51190240003416,""cost_scope"":""All coordinator calls, including additional verification; operational consumption, not standardized time-to-inference"",""known_seconds"":5.51190240003416,""prior_interruption_known_seconds"":0.0,""recorded_measurements"":4,""unknown_measurements"":0,""unknown_time_imputed"":false}"
e2eddbc6caffbaacbc4dcef5,posterior,cuda-rwm-sequential,4096,14,ordinary_workflow,analyzed,valid,,7.241048900003079,7.241048900003079,"{""attempts_missing_call_return"":0,""complete_seconds"":7.241048900003079,""cost_scope"":""Sum ordinary subprocess creation-through-exit wall over every registered actual attempt; includes ordinary output/diagnostics, excludes outer audit and inter-call waiting"",""known_seconds"":7.241048900003079,""prior_interruption_known_seconds"":0.0,""recorded_measurements"":1,""unknown_measurements"":0,""unknown_time_imputed"":false}"
e2eddbc6caffbaacbc4dcef5,posterior,cuda-rwm-sequential,4096,14,research_execution,analyzed,valid,,9.701476000016555,9.701476000016555,"{""attempts_missing_call_return"":0,""complete_seconds"":9.701476000016555,""cost_scope"":""Sum all coordinator run/retry calls except completed verification-only returns; includes recorded refusals/recovery/audit/sealing; excludes ledger writes, report observations and inter-call waiting"",""known_seconds"":9.701476000016555,""prior_interruption_known_seconds"":0.0,""recorded_measurements"":1,""unknown_measurements"":0,""unknown_time_imputed"":false}"
e2eddbc6caffbaacbc4dcef5,posterior,cuda-rwm-sequential,4096,14,additional_verification,analyzed,valid,,0.6011517999977514,0.6011517999977514,"{""attempts_missing_call_return"":0,""complete_seconds"":0.6011517999977514,""cost_scope"":""Completed coordinator calls returning newly_executed=false; kept outside primary execution cost"",""known_seconds"":0.6011517999977514,""prior_interruption_known_seconds"":0.0,""recorded_measurements"":3,""unknown_measurements"":0,""unknown_time_imputed"":false}"
e2eddbc6caffbaacbc4dcef5,posterior,cuda-rwm-sequential,4096,14,all_invocations,analyzed,valid,,10.302627800014307,10.302627800014307,"{""attempts_missing_call_return"":0,""complete_seconds"":10.302627800014307,""cost_scope"":""All coordinator calls, including additional verification; operational consumption, not standardized time-to-inference"",""known_seconds"":10.302627800014307,""prior_interruption_known_seconds"":0.0,""recorded_measurements"":4,""unknown_measurements"":0,""unknown_time_imputed"":false}"
be254a92f151f6780e93494d,posterior,cpu-rwm-sequential,1024,15,ordinary_workflow,analyzed,valid,,2.557384699990507,2.557384699990507,"{""attempts_missing_call_return"":0,""complete_seconds"":2.557384699990507,""cost_scope"":""Sum ordinary subprocess creation-through-exit wall over every registered actual attempt; includes ordinary output/diagnostics, excludes outer audit and inter-call waiting"",""known_seconds"":2.557384699990507,""prior_interruption_known_seconds"":0.0,""recorded_measurements"":1,""unknown_measurements"":0,""unknown_time_imputed"":false}"
be254a92f151f6780e93494d,posterior,cpu-rwm-sequential,1024,15,research_execution,analyzed,valid,,4.705272899998818,4.705272899998818,"{""attempts_missing_call_return"":0,""complete_seconds"":4.705272899998818,""cost_scope"":""Sum all coordinator run/retry calls except completed verification-only returns; includes recorded refusals/recovery/audit/sealing; excludes ledger writes, report observations and inter-call waiting"",""known_seconds"":4.705272899998818,""prior_interruption_known_seconds"":0.0,""recorded_measurements"":1,""unknown_measurements"":0,""unknown_time_imputed"":false}"
be254a92f151f6780e93494d,posterior,cpu-rwm-sequential,1024,15,additional_verification,analyzed,valid,,0.5950271000065186,0.5950271000065186,"{""attempts_missing_call_return"":0,""complete_seconds"":0.5950271000065186,""cost_scope"":""Completed coordinator calls returning newly_executed=false; kept outside primary execution cost"",""known_seconds"":0.5950271000065186,""prior_interruption_known_seconds"":0.0,""recorded_measurements"":3,""unknown_measurements"":0,""unknown_time_imputed"":false}"
be254a92f151f6780e93494d,posterior,cpu-rwm-sequential,1024,15,all_invocations,analyzed,valid,,5.300300000005336,5.300300000005336,"{""attempts_missing_call_return"":0,""complete_seconds"":5.300300000005336,""cost_scope"":""All coordinator calls, including additional verification; operational consumption, not standardized time-to-inference"",""known_seconds"":5.300300000005336,""prior_interruption_known_seconds"":0.0,""recorded_measurements"":4,""unknown_measurements"":0,""unknown_time_imputed"":false}"
28f0cd7095e6a7c13723c31e,posterior,cpu-rwm-sequential,4096,13,ordinary_workflow,analyzed,valid,,3.423666000016965,3.423666000016965,"{""attempts_missing_call_return"":0,""complete_seconds"":3.423666000016965,""cost_scope"":""Sum ordinary subprocess creation-through-exit wall over every registered actual attempt; includes ordinary output/diagnostics, excludes outer audit and inter-call waiting"",""known_seconds"":3.423666000016965,""prior_interruption_known_seconds"":0.0,""recorded_measurements"":1,""unknown_measurements"":0,""unknown_time_imputed"":false}"
28f0cd7095e6a7c13723c31e,posterior,cpu-rwm-sequential,4096,13,research_execution,analyzed,valid,,5.774043300014455,5.774043300014455,"{""attempts_missing_call_return"":0,""complete_seconds"":5.774043300014455,""cost_scope"":""Sum all coordinator run/retry calls except completed verification-only returns; includes recorded refusals/recovery/audit/sealing; excludes ledger writes, report observations and inter-call waiting"",""known_seconds"":5.774043300014455,""prior_interruption_known_seconds"":0.0,""recorded_measurements"":1,""unknown_measurements"":0,""unknown_time_imputed"":false}"
28f0cd7095e6a7c13723c31e,posterior,cpu-rwm-sequential,4096,13,additional_verification,analyzed,valid,,0.6210129999926721,0.6210129999926721,"{""attempts_missing_call_return"":0,""complete_seconds"":0.6210129999926721,""cost_scope"":""Completed coordinator calls returning newly_executed=false; kept outside primary execution cost"",""known_seconds"":0.6210129999926721,""prior_interruption_known_seconds"":0.0,""recorded_measurements"":3,""unknown_measurements"":0,""unknown_time_imputed"":false}"
28f0cd7095e6a7c13723c31e,posterior,cpu-rwm-sequential,4096,13,all_invocations,analyzed,valid,,6.395056300007127,6.395056300007127,"{""attempts_missing_call_return"":0,""complete_seconds"":6.395056300007127,""cost_scope"":""All coordinator calls, including additional verification; operational consumption, not standardized time-to-inference"",""known_seconds"":6.395056300007127,""prior_interruption_known_seconds"":0.0,""recorded_measurements"":4,""unknown_measurements"":0,""unknown_time_imputed"":false}"
8819a4bfae10eeeb47306ca9,posterior,cpu-rwm-online_picard,1024,14,ordinary_workflow,analyzed,valid,,2.7543171999859624,2.7543171999859624,"{""attempts_missing_call_return"":0,""complete_seconds"":2.7543171999859624,""cost_scope"":""Sum ordinary subprocess creation-through-exit wall over every registered actual attempt; includes ordinary output/diagnostics, excludes outer audit and inter-call waiting"",""known_seconds"":2.7543171999859624,""prior_interruption_known_seconds"":0.0,""recorded_measurements"":1,""unknown_measurements"":0,""unknown_time_imputed"":false}"
8819a4bfae10eeeb47306ca9,posterior,cpu-rwm-online_picard,1024,14,research_execution,analyzed,valid,,4.917549100005999,4.917549100005999,"{""attempts_missing_call_return"":0,""complete_seconds"":4.917549100005999,""cost_scope"":""Sum all coordinator run/retry calls except completed verification-only returns; includes recorded refusals/recovery/audit/sealing; excludes ledger writes, report observations and inter-call waiting"",""known_seconds"":4.917549100005999,""prior_interruption_known_seconds"":0.0,""recorded_measurements"":1,""unknown_measurements"":0,""unknown_time_imputed"":false}"
8819a4bfae10eeeb47306ca9,posterior,cpu-rwm-online_picard,1024,14,additional_verification,analyzed,valid,,0.6022475999943708,0.6022475999943708,"{""attempts_missing_call_return"":0,""complete_seconds"":0.6022475999943708,""cost_scope"":""Completed coordinator calls returning newly_executed=false; kept outside primary execution cost"",""known_seconds"":0.6022475999943708,""prior_interruption_known_seconds"":0.0,""recorded_measurements"":3,""unknown_measurements"":0,""unknown_time_imputed"":false}"
8819a4bfae10eeeb47306ca9,posterior,cpu-rwm-online_picard,1024,14,all_invocations,analyzed,valid,,5.51979670000037,5.51979670000037,"{""attempts_missing_call_return"":0,""complete_seconds"":5.51979670000037,""cost_scope"":""All coordinator calls, including additional verification; operational consumption, not standardized time-to-inference"",""known_seconds"":5.51979670000037,""prior_interruption_known_seconds"":0.0,""recorded_measurements"":4,""unknown_measurements"":0,""unknown_time_imputed"":false}"
456f9816f89211130f3e3b47,posterior,cuda-mala-sequential,4096,11,ordinary_workflow,analyzed,numerical_failure,,22.657344099949114,22.657344099949114,"{""attempts_missing_call_return"":0,""complete_seconds"":22.657344099949114,""cost_scope"":""Sum ordinary subprocess creation-through-exit wall over every registered actual attempt; includes ordinary output/diagnostics, excludes outer audit and inter-call waiting"",""known_seconds"":22.657344099949114,""prior_interruption_known_seconds"":0.0,""recorded_measurements"":1,""unknown_measurements"":0,""unknown_time_imputed"":false}"
456f9816f89211130f3e3b47,posterior,cuda-mala-sequential,4096,11,research_execution,analyzed,numerical_failure,,25.327680200047325,25.327680200047325,"{""attempts_missing_call_return"":0,""complete_seconds"":25.327680200047325,""cost_scope"":""Sum all coordinator run/retry calls except completed verification-only returns; includes recorded refusals/recovery/audit/sealing; excludes ledger writes, report observations and inter-call waiting"",""known_seconds"":25.327680200047325,""prior_interruption_known_seconds"":0.0,""recorded_measurements"":1,""unknown_measurements"":0,""unknown_time_imputed"":false}"
456f9816f89211130f3e3b47,posterior,cuda-mala-sequential,4096,11,additional_verification,analyzed,numerical_failure,,0.6033189000017956,0.6033189000017956,"{""attempts_missing_call_return"":0,""complete_seconds"":0.6033189000017956,""cost_scope"":""Completed coordinator calls returning newly_executed=false; kept outside primary execution cost"",""known_seconds"":0.6033189000017956,""prior_interruption_known_seconds"":0.0,""recorded_measurements"":3,""unknown_measurements"":0,""unknown_time_imputed"":false}"
456f9816f89211130f3e3b47,posterior,cuda-mala-sequential,4096,11,all_invocations,analyzed,numerical_failure,,25.93099910004912,25.93099910004912,"{""attempts_missing_call_return"":0,""complete_seconds"":25.93099910004912,""cost_scope"":""All coordinator calls, including additional verification; operational consumption, not standardized time-to-inference"",""known_seconds"":25.93099910004912,""prior_interruption_known_seconds"":0.0,""recorded_measurements"":4,""unknown_measurements"":0,""unknown_time_imputed"":false}"
efaa66e4273689089b585f47,posterior,cpu-mala-sequential,1024,9,ordinary_workflow,analyzed,valid,,4.666392599989194,4.666392599989194,"{""attempts_missing_call_return"":0,""complete_seconds"":4.666392599989194,""cost_scope"":""Sum ordinary subprocess creation-through-exit wall over every registered actual attempt; includes ordinary output/diagnostics, excludes outer audit and inter-call waiting"",""known_seconds"":4.666392599989194,""prior_interruption_known_seconds"":0.0,""recorded_measurements"":1,""unknown_measurements"":0,""unknown_time_imputed"":false}"
efaa66e4273689089b585f47,posterior,cpu-mala-sequential,1024,9,research_execution,analyzed,valid,,7.091498300025705,7.091498300025705,"{""attempts_missing_call_return"":0,""complete_seconds"":7.091498300025705,""cost_scope"":""Sum all coordinator run/retry calls except completed verification-only returns; includes recorded refusals/recovery/audit/sealing; excludes ledger writes, report observations and inter-call waiting"",""known_seconds"":7.091498300025705,""prior_interruption_known_seconds"":0.0,""recorded_measurements"":1,""unknown_measurements"":0,""unknown_time_imputed"":false}"
efaa66e4273689089b585f47,posterior,cpu-mala-sequential,1024,9,additional_verification,analyzed,valid,,0.6028406000114046,0.6028406000114046,"{""attempts_missing_call_return"":0,""complete_seconds"":0.6028406000114046,""cost_scope"":""Completed coordinator calls returning newly_executed=false; kept outside primary execution cost"",""known_seconds"":0.6028406000114046,""prior_interruption_known_seconds"":0.0,""recorded_measurements"":3,""unknown_measurements"":0,""unknown_time_imputed"":false}"
efaa66e4273689089b585f47,posterior,cpu-mala-sequential,1024,9,all_invocations,analyzed,valid,,7.69433890003711,7.69433890003711,"{""attempts_missing_call_return"":0,""complete_seconds"":7.69433890003711,""cost_scope"":""All coordinator calls, including additional verification; operational consumption, not standardized time-to-inference"",""known_seconds"":7.69433890003711,""prior_interruption_known_seconds"":0.0,""recorded_measurements"":4,""unknown_measurements"":0,""unknown_time_imputed"":false}"
a51126fc7220d96fe880e112,posterior,cuda-mala-sequential,4096,13,ordinary_workflow,analyzed,valid,,21.839743599994108,21.839743599994108,"{""attempts_missing_call_return"":0,""complete_seconds"":21.839743599994108,""cost_scope"":""Sum ordinary subprocess creation-through-exit wall over every registered actual attempt; includes ordinary output/diagnostics, excludes outer audit and inter-call waiting"",""known_seconds"":21.839743599994108,""prior_interruption_known_seconds"":0.0,""recorded_measurements"":1,""unknown_measurements"":0,""unknown_time_imputed"":false}"
a51126fc7220d96fe880e112,posterior,cuda-mala-sequential,4096,13,research_execution,analyzed,valid,,24.680745399964508,24.680745399964508,"{""attempts_missing_call_return"":0,""complete_seconds"":24.680745399964508,""cost_scope"":""Sum all coordinator run/retry calls except completed verification-only returns; includes recorded refusals/recovery/audit/sealing; excludes ledger writes, report observations and inter-call waiting"",""known_seconds"":24.680745399964508,""prior_interruption_known_seconds"":0.0,""recorded_measurements"":1,""unknown_measurements"":0,""unknown_time_imputed"":false}"
a51126fc7220d96fe880e112,posterior,cuda-mala-sequential,4096,13,additional_verification,analyzed,valid,,0.5990149999961432,0.5990149999961432,"{""attempts_missing_call_return"":0,""complete_seconds"":0.5990149999961432,""cost_scope"":""Completed coordinator calls returning newly_executed=false; kept outside primary execution cost"",""known_seconds"":0.5990149999961432,""prior_interruption_known_seconds"":0.0,""recorded_measurements"":3,""unknown_measurements"":0,""unknown_time_imputed"":false}"
a51126fc7220d96fe880e112,posterior,cuda-mala-sequential,4096,13,all_invocations,analyzed,valid,,25.27976039996065,25.27976039996065,"{""attempts_missing_call_return"":0,""complete_seconds"":25.27976039996065,""cost_scope"":""All coordinator calls, including additional verification; operational consumption, not standardized time-to-inference"",""known_seconds"":25.27976039996065,""prior_interruption_known_seconds"":0.0,""recorded_measurements"":4,""unknown_measurements"":0,""unknown_time_imputed"":false}"
d59e0ece36ac36c3fdc2a916,posterior,cpu-rwm-sequential,1024,13,ordinary_workflow,analyzed,valid,,2.5501472000032663,2.5501472000032663,"{""attempts_missing_call_return"":0,""complete_seconds"":2.5501472000032663,""cost_scope"":""Sum ordinary subprocess creation-through-exit wall over every registered actual attempt; includes ordinary output/diagnostics, excludes outer audit and inter-call waiting"",""known_seconds"":2.5501472000032663,""prior_interruption_known_seconds"":0.0,""recorded_measurements"":1,""unknown_measurements"":0,""unknown_time_imputed"":false}"
d59e0ece36ac36c3fdc2a916,posterior,cpu-rwm-sequential,1024,13,research_execution,analyzed,valid,,4.686857500055339,4.686857500055339,"{""attempts_missing_call_return"":0,""complete_seconds"":4.686857500055339,""cost_scope"":""Sum all coordinator run/retry calls except completed verification-only returns; includes recorded refusals/recovery/audit/sealing; excludes ledger writes, report observations and inter-call waiting"",""known_seconds"":4.686857500055339,""prior_interruption_known_seconds"":0.0,""recorded_measurements"":1,""unknown_measurements"":0,""unknown_time_imputed"":false}"
d59e0ece36ac36c3fdc2a916,posterior,cpu-rwm-sequential,1024,13,additional_verification,analyzed,valid,,0.5985585000071296,0.5985585000071296,"{""attempts_missing_call_return"":0,""complete_seconds"":0.5985585000071296,""cost_scope"":""Completed coordinator calls returning newly_executed=false; kept outside primary execution cost"",""known_seconds"":0.5985585000071296,""prior_interruption_known_seconds"":0.0,""recorded_measurements"":3,""unknown_measurements"":0,""unknown_time_imputed"":false}"
d59e0ece36ac36c3fdc2a916,posterior,cpu-rwm-sequential,1024,13,all_invocations,analyzed,valid,,5.285416000062469,5.285416000062469,"{""attempts_missing_call_return"":0,""complete_seconds"":5.285416000062469,""cost_scope"":""All coordinator calls, including additional verification; operational consumption, not standardized time-to-inference"",""known_seconds"":5.285416000062469,""prior_interruption_known_seconds"":0.0,""recorded_measurements"":4,""unknown_measurements"":0,""unknown_time_imputed"":false}"
c986ee369d35a567446e63c0,posterior,cpu-mala-sequential,1024,15,ordinary_workflow,analyzed,valid,,4.721906699996907,4.721906699996907,"{""attempts_missing_call_return"":0,""complete_seconds"":4.721906699996907,""cost_scope"":""Sum ordinary subprocess creation-through-exit wall over every registered actual attempt; includes ordinary output/diagnostics, excludes outer audit and inter-call waiting"",""known_seconds"":4.721906699996907,""prior_interruption_known_seconds"":0.0,""recorded_measurements"":1,""unknown_measurements"":0,""unknown_time_imputed"":false}"
c986ee369d35a567446e63c0,posterior,cpu-mala-sequential,1024,15,research_execution,analyzed,valid,,7.074901700019836,7.074901700019836,"{""attempts_missing_call_return"":0,""complete_seconds"":7.074901700019836,""cost_scope"":""Sum all coordinator run/retry calls except completed verification-only returns; includes recorded refusals/recovery/audit/sealing; excludes ledger writes, report observations and inter-call waiting"",""known_seconds"":7.074901700019836,""prior_interruption_known_seconds"":0.0,""recorded_measurements"":1,""unknown_measurements"":0,""unknown_time_imputed"":false}"
c986ee369d35a567446e63c0,posterior,cpu-mala-sequential,1024,15,additional_verification,analyzed,valid,,0.6260832999969352,0.6260832999969352,"{""attempts_missing_call_return"":0,""complete_seconds"":0.6260832999969352,""cost_scope"":""Completed coordinator calls returning newly_executed=false; kept outside primary execution cost"",""known_seconds"":0.6260832999969352,""prior_interruption_known_seconds"":0.0,""recorded_measurements"":3,""unknown_measurements"":0,""unknown_time_imputed"":false}"
c986ee369d35a567446e63c0,posterior,cpu-mala-sequential,1024,15,all_invocations,analyzed,valid,,7.700985000016772,7.700985000016772,"{""attempts_missing_call_return"":0,""complete_seconds"":7.700985000016772,""cost_scope"":""All coordinator calls, including additional verification; operational consumption, not standardized time-to-inference"",""known_seconds"":7.700985000016772,""prior_interruption_known_seconds"":0.0,""recorded_measurements"":4,""unknown_measurements"":0,""unknown_time_imputed"":false}"
e25d1bf41dcc3c884fa6a4c4,posterior,cuda-mala-sequential,1024,14,ordinary_workflow,analyzed,valid,,9.600543599983212,9.600543599983212,"{""attempts_missing_call_return"":0,""complete_seconds"":9.600543599983212,""cost_scope"":""Sum ordinary subprocess creation-through-exit wall over every registered actual attempt; includes ordinary output/diagnostics, excludes outer audit and inter-call waiting"",""known_seconds"":9.600543599983212,""prior_interruption_known_seconds"":0.0,""recorded_measurements"":1,""unknown_measurements"":0,""unknown_time_imputed"":false}"
e25d1bf41dcc3c884fa6a4c4,posterior,cuda-mala-sequential,1024,14,research_execution,analyzed,valid,,12.039830500027165,12.039830500027165,"{""attempts_missing_call_return"":0,""complete_seconds"":12.039830500027165,""cost_scope"":""Sum all coordinator run/retry calls except completed verification-only returns; includes recorded refusals/recovery/audit/sealing; excludes ledger writes, report observations and inter-call waiting"",""known_seconds"":12.039830500027165,""prior_interruption_known_seconds"":0.0,""recorded_measurements"":1,""unknown_measurements"":0,""unknown_time_imputed"":false}"
e25d1bf41dcc3c884fa6a4c4,posterior,cuda-mala-sequential,1024,14,additional_verification,analyzed,valid,,0.6099836000030336,0.6099836000030336,"{""attempts_missing_call_return"":0,""complete_seconds"":0.6099836000030336,""cost_scope"":""Completed coordinator calls returning newly_executed=false; kept outside primary execution cost"",""known_seconds"":0.6099836000030336,""prior_interruption_known_seconds"":0.0,""recorded_measurements"":3,""unknown_measurements"":0,""unknown_time_imputed"":false}"
e25d1bf41dcc3c884fa6a4c4,posterior,cuda-mala-sequential,1024,14,all_invocations,analyzed,valid,,12.649814100030198,12.649814100030198,"{""attempts_missing_call_return"":0,""complete_seconds"":12.649814100030198,""cost_scope"":""All coordinator calls, including additional verification; operational consumption, not standardized time-to-inference"",""known_seconds"":12.649814100030198,""prior_interruption_known_seconds"":0.0,""recorded_measurements"":4,""unknown_measurements"":0,""unknown_time_imputed"":false}"
23efc11455d565955a4d5500,posterior,cpu-rwm-online_picard,4096,9,ordinary_workflow,analyzed,valid,,3.76196680002613,3.76196680002613,"{""attempts_missing_call_return"":0,""complete_seconds"":3.76196680002613,""cost_scope"":""Sum ordinary subprocess creation-through-exit wall over every registered actual attempt; includes ordinary output/diagnostics, excludes outer audit and inter-call waiting"",""known_seconds"":3.76196680002613,""prior_interruption_known_seconds"":0.0,""recorded_measurements"":1,""unknown_measurements"":0,""unknown_time_imputed"":false}"
23efc11455d565955a4d5500,posterior,cpu-rwm-online_picard,4096,9,research_execution,analyzed,valid,,6.212335099990014,6.212335099990014,"{""attempts_missing_call_return"":0,""complete_seconds"":6.212335099990014,""cost_scope"":""Sum all coordinator run/retry calls except completed verification-only returns; includes recorded refusals/recovery/audit/sealing; excludes ledger writes, report observations and inter-call waiting"",""known_seconds"":6.212335099990014,""prior_interruption_known_seconds"":0.0,""recorded_measurements"":1,""unknown_measurements"":0,""unknown_time_imputed"":false}"
23efc11455d565955a4d5500,posterior,cpu-rwm-online_picard,4096,9,additional_verification,analyzed,valid,,0.6267701999877318,0.6267701999877318,"{""attempts_missing_call_return"":0,""complete_seconds"":0.6267701999877318,""cost_scope"":""Completed coordinator calls returning newly_executed=false; kept outside primary execution cost"",""known_seconds"":0.6267701999877318,""prior_interruption_known_seconds"":0.0,""recorded_measurements"":3,""unknown_measurements"":0,""unknown_time_imputed"":false}"
23efc11455d565955a4d5500,posterior,cpu-rwm-online_picard,4096,9,all_invocations,analyzed,valid,,6.839105299977746,6.839105299977746,"{""attempts_missing_call_return"":0,""complete_seconds"":6.839105299977746,""cost_scope"":""All coordinator calls, including additional verification; operational consumption, not standardized time-to-inference"",""known_seconds"":6.839105299977746,""prior_interruption_known_seconds"":0.0,""recorded_measurements"":4,""unknown_measurements"":0,""unknown_time_imputed"":false}"
4468197420d592739062e096,posterior,cpu-mala-quasi_deer,1024,15,ordinary_workflow,analyzed,numerical_failure,,14.532202300033532,14.532202300033532,"{""attempts_missing_call_return"":0,""complete_seconds"":14.532202300033532,""cost_scope"":""Sum ordinary subprocess creation-through-exit wall over every registered actual attempt; includes ordinary output/diagnostics, excludes outer audit and inter-call waiting"",""known_seconds"":14.532202300033532,""prior_interruption_known_seconds"":0.0,""recorded_measurements"":1,""unknown_measurements"":0,""unknown_time_imputed"":false}"
4468197420d592739062e096,posterior,cpu-mala-quasi_deer,1024,15,research_execution,analyzed,numerical_failure,,16.925273000029847,16.925273000029847,"{""attempts_missing_call_return"":0,""complete_seconds"":16.925273000029847,""cost_scope"":""Sum all coordinator run/retry calls except completed verification-only returns; includes recorded refusals/recovery/audit/sealing; excludes ledger writes, report observations and inter-call waiting"",""known_seconds"":16.925273000029847,""prior_interruption_known_seconds"":0.0,""recorded_measurements"":1,""unknown_measurements"":0,""unknown_time_imputed"":false}"
4468197420d592739062e096,posterior,cpu-mala-quasi_deer,1024,15,additional_verification,analyzed,numerical_failure,,0.6226601000125811,0.6226601000125811,"{""attempts_missing_call_return"":0,""complete_seconds"":0.6226601000125811,""cost_scope"":""Completed coordinator calls returning newly_executed=false; kept outside primary execution cost"",""known_seconds"":0.6226601000125811,""prior_interruption_known_seconds"":0.0,""recorded_measurements"":3,""unknown_measurements"":0,""unknown_time_imputed"":false}"
4468197420d592739062e096,posterior,cpu-mala-quasi_deer,1024,15,all_invocations,analyzed,numerical_failure,,17.547933100042428,17.547933100042428,"{""attempts_missing_call_return"":0,""complete_seconds"":17.547933100042428,""cost_scope"":""All coordinator calls, including additional verification; operational consumption, not standardized time-to-inference"",""known_seconds"":17.547933100042428,""prior_interruption_known_seconds"":0.0,""recorded_measurements"":4,""unknown_measurements"":0,""unknown_time_imputed"":false}"
db29530330ab93ebe344a905,posterior,cpu-mala-quasi_deer,4096,15,ordinary_workflow,analyzed,numerical_failure,,37.903267099987715,37.903267099987715,"{""attempts_missing_call_return"":0,""complete_seconds"":37.903267099987715,""cost_scope"":""Sum ordinary subprocess creation-through-exit wall over every registered actual attempt; includes ordinary output/diagnostics, excludes outer audit and inter-call waiting"",""known_seconds"":37.903267099987715,""prior_interruption_known_seconds"":0.0,""recorded_measurements"":1,""unknown_measurements"":0,""unknown_time_imputed"":false}"
db29530330ab93ebe344a905,posterior,cpu-mala-quasi_deer,4096,15,research_execution,analyzed,numerical_failure,,40.69614449999062,40.69614449999062,"{""attempts_missing_call_return"":0,""complete_seconds"":40.69614449999062,""cost_scope"":""Sum all coordinator run/retry calls except completed verification-only returns; includes recorded refusals/recovery/audit/sealing; excludes ledger writes, report observations and inter-call waiting"",""known_seconds"":40.69614449999062,""prior_interruption_known_seconds"":0.0,""recorded_measurements"":1,""unknown_measurements"":0,""unknown_time_imputed"":false}"
db29530330ab93ebe344a905,posterior,cpu-mala-quasi_deer,4096,15,additional_verification,analyzed,numerical_failure,,0.6200356999952419,0.6200356999952419,"{""attempts_missing_call_return"":0,""complete_seconds"":0.6200356999952419,""cost_scope"":""Completed coordinator calls returning newly_executed=false; kept outside primary execution cost"",""known_seconds"":0.6200356999952419,""prior_interruption_known_seconds"":0.0,""recorded_measurements"":3,""unknown_measurements"":0,""unknown_time_imputed"":false}"
db29530330ab93ebe344a905,posterior,cpu-mala-quasi_deer,4096,15,all_invocations,analyzed,numerical_failure,,41.316180199985865,41.316180199985865,"{""attempts_missing_call_return"":0,""complete_seconds"":41.316180199985865,""cost_scope"":""All coordinator calls, including additional verification; operational consumption, not standardized time-to-inference"",""known_seconds"":41.316180199985865,""prior_interruption_known_seconds"":0.0,""recorded_measurements"":4,""unknown_measurements"":0,""unknown_time_imputed"":false}"
babd0a82e7f3aa4101a77ae4,posterior,cpu-rwm-online_picard,4096,15,ordinary_workflow,analyzed,valid,,3.850997000001371,3.850997000001371,"{""attempts_missing_call_return"":0,""complete_seconds"":3.850997000001371,""cost_scope"":""Sum ordinary subprocess creation-through-exit wall over every registered actual attempt; includes ordinary output/diagnostics, excludes outer audit and inter-call waiting"",""known_seconds"":3.850997000001371,""prior_interruption_known_seconds"":0.0,""recorded_measurements"":1,""unknown_measurements"":0,""unknown_time_imputed"":false}"
babd0a82e7f3aa4101a77ae4,posterior,cpu-rwm-online_picard,4096,15,research_execution,analyzed,valid,,6.200815199990757,6.200815199990757,"{""attempts_missing_call_return"":0,""complete_seconds"":6.200815199990757,""cost_scope"":""Sum all coordinator run/retry calls except completed verification-only returns; includes recorded refusals/recovery/audit/sealing; excludes ledger writes, report observations and inter-call waiting"",""known_seconds"":6.200815199990757,""prior_interruption_known_seconds"":0.0,""recorded_measurements"":1,""unknown_measurements"":0,""unknown_time_imputed"":false}"
babd0a82e7f3aa4101a77ae4,posterior,cpu-rwm-online_picard,4096,15,additional_verification,analyzed,valid,,0.63106460000472,0.63106460000472,"{""attempts_missing_call_return"":0,""complete_seconds"":0.63106460000472,""cost_scope"":""Completed coordinator calls returning newly_executed=false; kept outside primary execution cost"",""known_seconds"":0.63106460000472,""prior_interruption_known_seconds"":0.0,""recorded_measurements"":3,""unknown_measurements"":0,""unknown_time_imputed"":false}"
babd0a82e7f3aa4101a77ae4,posterior,cpu-rwm-online_picard,4096,15,all_invocations,analyzed,valid,,6.831879799995477,6.831879799995477,"{""attempts_missing_call_return"":0,""complete_seconds"":6.831879799995477,""cost_scope"":""All coordinator calls, including additional verification; operational consumption, not standardized time-to-inference"",""known_seconds"":6.831879799995477,""prior_interruption_known_seconds"":0.0,""recorded_measurements"":4,""unknown_measurements"":0,""unknown_time_imputed"":false}"
27181fd98c0303843787695d,posterior,cpu-mala-sequential,4096,10,ordinary_workflow,analyzed,valid,,8.361609700019471,8.361609700019471,"{""attempts_missing_call_return"":0,""complete_seconds"":8.361609700019471,""cost_scope"":""Sum ordinary subprocess creation-through-exit wall over every registered actual attempt; includes ordinary output/diagnostics, excludes outer audit and inter-call waiting"",""known_seconds"":8.361609700019471,""prior_interruption_known_seconds"":0.0,""recorded_measurements"":1,""unknown_measurements"":0,""unknown_time_imputed"":false}"
27181fd98c0303843787695d,posterior,cpu-mala-sequential,4096,10,research_execution,analyzed,valid,,11.139409199997317,11.139409199997317,"{""attempts_missing_call_return"":0,""complete_seconds"":11.139409199997317,""cost_scope"":""Sum all coordinator run/retry calls except completed verification-only returns; includes recorded refusals/recovery/audit/sealing; excludes ledger writes, report observations and inter-call waiting"",""known_seconds"":11.139409199997317,""prior_interruption_known_seconds"":0.0,""recorded_measurements"":1,""unknown_measurements"":0,""unknown_time_imputed"":false}"
27181fd98c0303843787695d,posterior,cpu-mala-sequential,4096,10,additional_verification,analyzed,valid,,0.6169703000086884,0.6169703000086884,"{""attempts_missing_call_return"":0,""complete_seconds"":0.6169703000086884,""cost_scope"":""Completed coordinator calls returning newly_executed=false; kept outside primary execution cost"",""known_seconds"":0.6169703000086884,""prior_interruption_known_seconds"":0.0,""recorded_measurements"":3,""unknown_measurements"":0,""unknown_time_imputed"":false}"
27181fd98c0303843787695d,posterior,cpu-mala-sequential,4096,10,all_invocations,analyzed,valid,,11.756379500006005,11.756379500006005,"{""attempts_missing_call_return"":0,""complete_seconds"":11.756379500006005,""cost_scope"":""All coordinator calls, including additional verification; operational consumption, not standardized time-to-inference"",""known_seconds"":11.756379500006005,""prior_interruption_known_seconds"":0.0,""recorded_measurements"":4,""unknown_measurements"":0,""unknown_time_imputed"":false}"
29109d09c77705b879ba66b6,posterior,cpu-mala-quasi_deer,4096,9,ordinary_workflow,analyzed,numerical_failure,,36.72006299998611,36.72006299998611,"{""attempts_missing_call_return"":0,""complete_seconds"":36.72006299998611,""cost_scope"":""Sum ordinary subprocess creation-through-exit wall over every registered actual attempt; includes ordinary output/diagnostics, excludes outer audit and inter-call waiting"",""known_seconds"":36.72006299998611,""prior_interruption_known_seconds"":0.0,""recorded_measurements"":1,""unknown_measurements"":0,""unknown_time_imputed"":false}"
29109d09c77705b879ba66b6,posterior,cpu-mala-quasi_deer,4096,9,research_execution,analyzed,numerical_failure,,39.43601220002165,39.43601220002165,"{""attempts_missing_call_return"":0,""complete_seconds"":39.43601220002165,""cost_scope"":""Sum all coordinator run/retry calls except completed verification-only returns; includes recorded refusals/recovery/audit/sealing; excludes ledger writes, report observations and inter-call waiting"",""known_seconds"":39.43601220002165,""prior_interruption_known_seconds"":0.0,""recorded_measurements"":1,""unknown_measurements"":0,""unknown_time_imputed"":false}"
29109d09c77705b879ba66b6,posterior,cpu-mala-quasi_deer,4096,9,additional_verification,analyzed,numerical_failure,,0.6116287000086231,0.6116287000086231,"{""attempts_missing_call_return"":0,""complete_seconds"":0.6116287000086231,""cost_scope"":""Completed coordinator calls returning newly_executed=false; kept outside primary execution cost"",""known_seconds"":0.6116287000086231,""prior_interruption_known_seconds"":0.0,""recorded_measurements"":3,""unknown_measurements"":0,""unknown_time_imputed"":false}"
29109d09c77705b879ba66b6,posterior,cpu-mala-quasi_deer,4096,9,all_invocations,analyzed,numerical_failure,,40.047640900030274,40.047640900030274,"{""attempts_missing_call_return"":0,""complete_seconds"":40.047640900030274,""cost_scope"":""All coordinator calls, including additional verification; operational consumption, not standardized time-to-inference"",""known_seconds"":40.047640900030274,""prior_interruption_known_seconds"":0.0,""recorded_measurements"":4,""unknown_measurements"":0,""unknown_time_imputed"":false}"
996ff8794bde06c1abfe53fe,posterior,cuda-mala-sequential,4096,10,ordinary_workflow,analyzed,valid,,22.554524199978914,22.554524199978914,"{""attempts_missing_call_return"":0,""complete_seconds"":22.554524199978914,""cost_scope"":""Sum ordinary subprocess creation-through-exit wall over every registered actual attempt; includes ordinary output/diagnostics, excludes outer audit and inter-call waiting"",""known_seconds"":22.554524199978914,""prior_interruption_known_seconds"":0.0,""recorded_measurements"":1,""unknown_measurements"":0,""unknown_time_imputed"":false}"
996ff8794bde06c1abfe53fe,posterior,cuda-mala-sequential,4096,10,research_execution,analyzed,valid,,25.393198399979156,25.393198399979156,"{""attempts_missing_call_return"":0,""complete_seconds"":25.393198399979156,""cost_scope"":""Sum all coordinator run/retry calls except completed verification-only returns; includes recorded refusals/recovery/audit/sealing; excludes ledger writes, report observations and inter-call waiting"",""known_seconds"":25.393198399979156,""prior_interruption_known_seconds"":0.0,""recorded_measurements"":1,""unknown_measurements"":0,""unknown_time_imputed"":false}"
996ff8794bde06c1abfe53fe,posterior,cuda-mala-sequential,4096,10,additional_verification,analyzed,valid,,0.6144723999923372,0.6144723999923372,"{""attempts_missing_call_return"":0,""complete_seconds"":0.6144723999923372,""cost_scope"":""Completed coordinator calls returning newly_executed=false; kept outside primary execution cost"",""known_seconds"":0.6144723999923372,""prior_interruption_known_seconds"":0.0,""recorded_measurements"":3,""unknown_measurements"":0,""unknown_time_imputed"":false}"
996ff8794bde06c1abfe53fe,posterior,cuda-mala-sequential,4096,10,all_invocations,analyzed,valid,,26.007670799971493,26.007670799971493,"{""attempts_missing_call_return"":0,""complete_seconds"":26.007670799971493,""cost_scope"":""All coordinator calls, including additional verification; operational consumption, not standardized time-to-inference"",""known_seconds"":26.007670799971493,""prior_interruption_known_seconds"":0.0,""recorded_measurements"":4,""unknown_measurements"":0,""unknown_time_imputed"":false}"
003b2d6482ec432d84fc47c0,posterior,cpu-mala-quasi_deer,4096,10,ordinary_workflow,analyzed,numerical_failure,,35.69969849998597,35.69969849998597,"{""attempts_missing_call_return"":0,""complete_seconds"":35.69969849998597,""cost_scope"":""Sum ordinary subprocess creation-through-exit wall over every registered actual attempt; includes ordinary output/diagnostics, excludes outer audit and inter-call waiting"",""known_seconds"":35.69969849998597,""prior_interruption_known_seconds"":0.0,""recorded_measurements"":1,""unknown_measurements"":0,""unknown_time_imputed"":false}"
003b2d6482ec432d84fc47c0,posterior,cpu-mala-quasi_deer,4096,10,research_execution,analyzed,numerical_failure,,38.56625839998014,38.56625839998014,"{""attempts_missing_call_return"":0,""complete_seconds"":38.56625839998014,""cost_scope"":""Sum all coordinator run/retry calls except completed verification-only returns; includes recorded refusals/recovery/audit/sealing; excludes ledger writes, report observations and inter-call waiting"",""known_seconds"":38.56625839998014,""prior_interruption_known_seconds"":0.0,""recorded_measurements"":1,""unknown_measurements"":0,""unknown_time_imputed"":false}"
003b2d6482ec432d84fc47c0,posterior,cpu-mala-quasi_deer,4096,10,additional_verification,analyzed,numerical_failure,,0.6061031999997795,0.6061031999997795,"{""attempts_missing_call_return"":0,""complete_seconds"":0.6061031999997795,""cost_scope"":""Completed coordinator calls returning newly_executed=false; kept outside primary execution cost"",""known_seconds"":0.6061031999997795,""prior_interruption_known_seconds"":0.0,""recorded_measurements"":3,""unknown_measurements"":0,""unknown_time_imputed"":false}"
003b2d6482ec432d84fc47c0,posterior,cpu-mala-quasi_deer,4096,10,all_invocations,analyzed,numerical_failure,,39.17236159997992,39.17236159997992,"{""attempts_missing_call_return"":0,""complete_seconds"":39.17236159997992,""cost_scope"":""All coordinator calls, including additional verification; operational consumption, not standardized time-to-inference"",""known_seconds"":39.17236159997992,""prior_interruption_known_seconds"":0.0,""recorded_measurements"":4,""unknown_measurements"":0,""unknown_time_imputed"":false}"
8c719c70f2dd267ed4bc1138,posterior,cpu-mala-quasi_deer,1024,14,ordinary_workflow,analyzed,valid,,14.123525400005747,14.123525400005747,"{""attempts_missing_call_return"":0,""complete_seconds"":14.123525400005747,""cost_scope"":""Sum ordinary subprocess creation-through-exit wall over every registered actual attempt; includes ordinary output/diagnostics, excludes outer audit and inter-call waiting"",""known_seconds"":14.123525400005747,""prior_interruption_known_seconds"":0.0,""recorded_measurements"":1,""unknown_measurements"":0,""unknown_time_imputed"":false}"
8c719c70f2dd267ed4bc1138,posterior,cpu-mala-quasi_deer,1024,14,research_execution,analyzed,valid,,16.47906400001375,16.47906400001375,"{""attempts_missing_call_return"":0,""complete_seconds"":16.47906400001375,""cost_scope"":""Sum all coordinator run/retry calls except completed verification-only returns; includes recorded refusals/recovery/audit/sealing; excludes ledger writes, report observations and inter-call waiting"",""known_seconds"":16.47906400001375,""prior_interruption_known_seconds"":0.0,""recorded_measurements"":1,""unknown_measurements"":0,""unknown_time_imputed"":false}"
8c719c70f2dd267ed4bc1138,posterior,cpu-mala-quasi_deer,1024,14,additional_verification,analyzed,valid,,0.6121999000006326,0.6121999000006326,"{""attempts_missing_call_return"":0,""complete_seconds"":0.6121999000006326,""cost_scope"":""Completed coordinator calls returning newly_executed=false; kept outside primary execution cost"",""known_seconds"":0.6121999000006326,""prior_interruption_known_seconds"":0.0,""recorded_measurements"":3,""unknown_measurements"":0,""unknown_time_imputed"":false}"
8c719c70f2dd267ed4bc1138,posterior,cpu-mala-quasi_deer,1024,14,all_invocations,analyzed,valid,,17.091263900014383,17.091263900014383,"{""attempts_missing_call_return"":0,""complete_seconds"":17.091263900014383,""cost_scope"":""All coordinator calls, including additional verification; operational consumption, not standardized time-to-inference"",""known_seconds"":17.091263900014383,""prior_interruption_known_seconds"":0.0,""recorded_measurements"":4,""unknown_measurements"":0,""unknown_time_imputed"":false}"
df0f9b15028ee1537f0001aa,posterior,cpu-nuts-spawn_chains,1024,8,ordinary_workflow,analyzed,valid,,23.632670800026972,23.632670800026972,"{""attempts_missing_call_return"":0,""complete_seconds"":23.632670800026972,""cost_scope"":""Sum ordinary subprocess creation-through-exit wall over every registered actual attempt; includes ordinary output/diagnostics, excludes outer audit and inter-call waiting"",""known_seconds"":23.632670800026972,""prior_interruption_known_seconds"":0.0,""recorded_measurements"":1,""unknown_measurements"":0,""unknown_time_imputed"":false}"
df0f9b15028ee1537f0001aa,posterior,cpu-nuts-spawn_chains,1024,8,research_execution,analyzed,valid,,25.885546699981205,25.885546699981205,"{""attempts_missing_call_return"":0,""complete_seconds"":25.885546699981205,""cost_scope"":""Sum all coordinator run/retry calls except completed verification-only returns; includes recorded refusals/recovery/audit/sealing; excludes ledger writes, report observations and inter-call waiting"",""known_seconds"":25.885546699981205,""prior_interruption_known_seconds"":0.0,""recorded_measurements"":1,""unknown_measurements"":0,""unknown_time_imputed"":false}"
df0f9b15028ee1537f0001aa,posterior,cpu-nuts-spawn_chains,1024,8,additional_verification,analyzed,valid,,0.7404511999993701,0.7404511999993701,"{""attempts_missing_call_return"":0,""complete_seconds"":0.7404511999993701,""cost_scope"":""Completed coordinator calls returning newly_executed=false; kept outside primary execution cost"",""known_seconds"":0.7404511999993701,""prior_interruption_known_seconds"":0.0,""recorded_measurements"":3,""unknown_measurements"":0,""unknown_time_imputed"":false}"
df0f9b15028ee1537f0001aa,posterior,cpu-nuts-spawn_chains,1024,8,all_invocations,analyzed,valid,,26.625997899980575,26.625997899980575,"{""attempts_missing_call_return"":0,""complete_seconds"":26.625997899980575,""cost_scope"":""All coordinator calls, including additional verification; operational consumption, not standardized time-to-inference"",""known_seconds"":26.625997899980575,""prior_interruption_known_seconds"":0.0,""recorded_measurements"":4,""unknown_measurements"":0,""unknown_time_imputed"":false}"
aadcceb1f4ddd158bcc9eaf0,posterior,cpu-nuts-spawn_chains,4096,14,ordinary_workflow,analyzed,output_failure_unclassified,,126.64578720001737,126.64578720001737,"{""attempts_missing_call_return"":0,""complete_seconds"":126.64578720001737,""cost_scope"":""Sum ordinary subprocess creation-through-exit wall over every registered actual attempt; includes ordinary output/diagnostics, excludes outer audit and inter-call waiting"",""known_seconds"":126.64578720001737,""prior_interruption_known_seconds"":0.0,""recorded_measurements"":1,""unknown_measurements"":0,""unknown_time_imputed"":false}"
aadcceb1f4ddd158bcc9eaf0,posterior,cpu-nuts-spawn_chains,4096,14,research_execution,analyzed,output_failure_unclassified,,128.97551730001578,128.97551730001578,"{""attempts_missing_call_return"":0,""complete_seconds"":128.97551730001578,""cost_scope"":""Sum all coordinator run/retry calls except completed verification-only returns; includes recorded refusals/recovery/audit/sealing; excludes ledger writes, report observations and inter-call waiting"",""known_seconds"":128.97551730001578,""prior_interruption_known_seconds"":0.0,""recorded_measurements"":1,""unknown_measurements"":0,""unknown_time_imputed"":false}"
aadcceb1f4ddd158bcc9eaf0,posterior,cpu-nuts-spawn_chains,4096,14,additional_verification,analyzed,output_failure_unclassified,,0.6284572999975353,0.6284572999975353,"{""attempts_missing_call_return"":0,""complete_seconds"":0.6284572999975353,""cost_scope"":""Completed coordinator calls returning newly_executed=false; kept outside primary execution cost"",""known_seconds"":0.6284572999975353,""prior_interruption_known_seconds"":0.0,""recorded_measurements"":3,""unknown_measurements"":0,""unknown_time_imputed"":false}"
aadcceb1f4ddd158bcc9eaf0,posterior,cpu-nuts-spawn_chains,4096,14,all_invocations,analyzed,output_failure_unclassified,,129.60397460001332,129.60397460001332,"{""attempts_missing_call_return"":0,""complete_seconds"":129.60397460001332,""cost_scope"":""All coordinator calls, including additional verification; operational consumption, not standardized time-to-inference"",""known_seconds"":129.60397460001332,""prior_interruption_known_seconds"":0.0,""recorded_measurements"":4,""unknown_measurements"":0,""unknown_time_imputed"":false}"
aaf5777b75e821d0790b6926,posterior,cuda-mala-quasi_deer,4096,15,ordinary_workflow,analyzed,numerical_failure,,80.96495659998618,80.96495659998618,"{""attempts_missing_call_return"":0,""complete_seconds"":80.96495659998618,""cost_scope"":""Sum ordinary subprocess creation-through-exit wall over every registered actual attempt; includes ordinary output/diagnostics, excludes outer audit and inter-call waiting"",""known_seconds"":80.96495659998618,""prior_interruption_known_seconds"":0.0,""recorded_measurements"":1,""unknown_measurements"":0,""unknown_time_imputed"":false}"
aaf5777b75e821d0790b6926,posterior,cuda-mala-quasi_deer,4096,15,research_execution,analyzed,numerical_failure,,83.72931470000185,83.72931470000185,"{""attempts_missing_call_return"":0,""complete_seconds"":83.72931470000185,""cost_scope"":""Sum all coordinator run/retry calls except completed verification-only returns; includes recorded refusals/recovery/audit/sealing; excludes ledger writes, report observations and inter-call waiting"",""known_seconds"":83.72931470000185,""prior_interruption_known_seconds"":0.0,""recorded_measurements"":1,""unknown_measurements"":0,""unknown_time_imputed"":false}"
aaf5777b75e821d0790b6926,posterior,cuda-mala-quasi_deer,4096,15,additional_verification,analyzed,numerical_failure,,0.6456834999917191,0.6456834999917191,"{""attempts_missing_call_return"":0,""complete_seconds"":0.6456834999917191,""cost_scope"":""Completed coordinator calls returning newly_executed=false; kept outside primary execution cost"",""known_seconds"":0.6456834999917191,""prior_interruption_known_seconds"":0.0,""recorded_measurements"":3,""unknown_measurements"":0,""unknown_time_imputed"":false}"
aaf5777b75e821d0790b6926,posterior,cuda-mala-quasi_deer,4096,15,all_invocations,analyzed,numerical_failure,,84.37499819999357,84.37499819999357,"{""attempts_missing_call_return"":0,""complete_seconds"":84.37499819999357,""cost_scope"":""All coordinator calls, including additional verification; operational consumption, not standardized time-to-inference"",""known_seconds"":84.37499819999357,""prior_interruption_known_seconds"":0.0,""recorded_measurements"":4,""unknown_measurements"":0,""unknown_time_imputed"":false}"
ed0796df0a8254a6166fb3a5,posterior,cuda-mala-sequential,4096,14,ordinary_workflow,analyzed,valid,,22.228812999965157,22.228812999965157,"{""attempts_missing_call_return"":0,""complete_seconds"":22.228812999965157,""cost_scope"":""Sum ordinary subprocess creation-through-exit wall over every registered actual attempt; includes ordinary output/diagnostics, excludes outer audit and inter-call waiting"",""known_seconds"":22.228812999965157,""prior_interruption_known_seconds"":0.0,""recorded_measurements"":1,""unknown_measurements"":0,""unknown_time_imputed"":false}"
ed0796df0a8254a6166fb3a5,posterior,cuda-mala-sequential,4096,14,research_execution,analyzed,valid,,24.9390864999732,24.9390864999732,"{""attempts_missing_call_return"":0,""complete_seconds"":24.9390864999732,""cost_scope"":""Sum all coordinator run/retry calls except completed verification-only returns; includes recorded refusals/recovery/audit/sealing; excludes ledger writes, report observations and inter-call waiting"",""known_seconds"":24.9390864999732,""prior_interruption_known_seconds"":0.0,""recorded_measurements"":1,""unknown_measurements"":0,""unknown_time_imputed"":false}"
ed0796df0a8254a6166fb3a5,posterior,cuda-mala-sequential,4096,14,additional_verification,analyzed,valid,,0.6140035000007629,0.6140035000007629,"{""attempts_missing_call_return"":0,""complete_seconds"":0.6140035000007629,""cost_scope"":""Completed coordinator calls returning newly_executed=false; kept outside primary execution cost"",""known_seconds"":0.6140035000007629,""prior_interruption_known_seconds"":0.0,""recorded_measurements"":3,""unknown_measurements"":0,""unknown_time_imputed"":false}"
ed0796df0a8254a6166fb3a5,posterior,cuda-mala-sequential,4096,14,all_invocations,analyzed,valid,,25.553089999973963,25.553089999973963,"{""attempts_missing_call_return"":0,""complete_seconds"":25.553089999973963,""cost_scope"":""All coordinator calls, including additional verification; operational consumption, not standardized time-to-inference"",""known_seconds"":25.553089999973963,""prior_interruption_known_seconds"":0.0,""recorded_measurements"":4,""unknown_measurements"":0,""unknown_time_imputed"":false}"
81911106af6293e8062c8e7e,posterior,cpu-nuts-spawn_chains,1024,9,ordinary_workflow,analyzed,valid,,21.10225840000203,21.10225840000203,"{""attempts_missing_call_return"":0,""complete_seconds"":21.10225840000203,""cost_scope"":""Sum ordinary subprocess creation-through-exit wall over every registered actual attempt; includes ordinary output/diagnostics, excludes outer audit and inter-call waiting"",""known_seconds"":21.10225840000203,""prior_interruption_known_seconds"":0.0,""recorded_measurements"":1,""unknown_measurements"":0,""unknown_time_imputed"":false}"
81911106af6293e8062c8e7e,posterior,cpu-nuts-spawn_chains,1024,9,research_execution,analyzed,valid,,23.297039700031746,23.297039700031746,"{""attempts_missing_call_return"":0,""complete_seconds"":23.297039700031746,""cost_scope"":""Sum all coordinator run/retry calls except completed verification-only returns; includes recorded refusals/recovery/audit/sealing; excludes ledger writes, report observations and inter-call waiting"",""known_seconds"":23.297039700031746,""prior_interruption_known_seconds"":0.0,""recorded_measurements"":1,""unknown_measurements"":0,""unknown_time_imputed"":false}"
81911106af6293e8062c8e7e,posterior,cpu-nuts-spawn_chains,1024,9,additional_verification,analyzed,valid,,0.6768700000020544,0.6768700000020544,"{""attempts_missing_call_return"":0,""complete_seconds"":0.6768700000020544,""cost_scope"":""Completed coordinator calls returning newly_executed=false; kept outside primary execution cost"",""known_seconds"":0.6768700000020544,""prior_interruption_known_seconds"":0.0,""recorded_measurements"":3,""unknown_measurements"":0,""unknown_time_imputed"":false}"
81911106af6293e8062c8e7e,posterior,cpu-nuts-spawn_chains,1024,9,all_invocations,analyzed,valid,,23.9739097000338,23.9739097000338,"{""attempts_missing_call_return"":0,""complete_seconds"":23.9739097000338,""cost_scope"":""All coordinator calls, including additional verification; operational consumption, not standardized time-to-inference"",""known_seconds"":23.9739097000338,""prior_interruption_known_seconds"":0.0,""recorded_measurements"":4,""unknown_measurements"":0,""unknown_time_imputed"":false}"
d63bcfc1f707f585e1951ae9,posterior,cuda-rwm-sequential,4096,15,ordinary_workflow,analyzed,valid,,7.189264499989804,7.189264499989804,"{""attempts_missing_call_return"":0,""complete_seconds"":7.189264499989804,""cost_scope"":""Sum ordinary subprocess creation-through-exit wall over every registered actual attempt; includes ordinary output/diagnostics, excludes outer audit and inter-call waiting"",""known_seconds"":7.189264499989804,""prior_interruption_known_seconds"":0.0,""recorded_measurements"":1,""unknown_measurements"":0,""unknown_time_imputed"":false}"
d63bcfc1f707f585e1951ae9,posterior,cuda-rwm-sequential,4096,15,research_execution,analyzed,valid,,9.637003800016828,9.637003800016828,"{""attempts_missing_call_return"":0,""complete_seconds"":9.637003800016828,""cost_scope"":""Sum all coordinator run/retry calls except completed verification-only returns; includes recorded refusals/recovery/audit/sealing; excludes ledger writes, report observations and inter-call waiting"",""known_seconds"":9.637003800016828,""prior_interruption_known_seconds"":0.0,""recorded_measurements"":1,""unknown_measurements"":0,""unknown_time_imputed"":false}"
d63bcfc1f707f585e1951ae9,posterior,cuda-rwm-sequential,4096,15,additional_verification,analyzed,valid,,0.6173348999873269,0.6173348999873269,"{""attempts_missing_call_return"":0,""complete_seconds"":0.6173348999873269,""cost_scope"":""Completed coordinator calls returning newly_executed=false; kept outside primary execution cost"",""known_seconds"":0.6173348999873269,""prior_interruption_known_seconds"":0.0,""recorded_measurements"":3,""unknown_measurements"":0,""unknown_time_imputed"":false}"
d63bcfc1f707f585e1951ae9,posterior,cuda-rwm-sequential,4096,15,all_invocations,analyzed,valid,,10.254338700004155,10.254338700004155,"{""attempts_missing_call_return"":0,""complete_seconds"":10.254338700004155,""cost_scope"":""All coordinator calls, including additional verification; operational consumption, not standardized time-to-inference"",""known_seconds"":10.254338700004155,""prior_interruption_known_seconds"":0.0,""recorded_measurements"":4,""unknown_measurements"":0,""unknown_time_imputed"":false}"
4ef00036f6f00eca0d4faadd,posterior,cuda-rwm-sequential,4096,9,ordinary_workflow,analyzed,valid,,6.920741999987513,6.920741999987513,"{""attempts_missing_call_return"":0,""complete_seconds"":6.920741999987513,""cost_scope"":""Sum ordinary subprocess creation-through-exit wall over every registered actual attempt; includes ordinary output/diagnostics, excludes outer audit and inter-call waiting"",""known_seconds"":6.920741999987513,""prior_interruption_known_seconds"":0.0,""recorded_measurements"":1,""unknown_measurements"":0,""unknown_time_imputed"":false}"
4ef00036f6f00eca0d4faadd,posterior,cuda-rwm-sequential,4096,9,research_execution,analyzed,valid,,9.28019730001688,9.28019730001688,"{""attempts_missing_call_return"":0,""complete_seconds"":9.28019730001688,""cost_scope"":""Sum all coordinator run/retry calls except completed verification-only returns; includes recorded refusals/recovery/audit/sealing; excludes ledger writes, report observations and inter-call waiting"",""known_seconds"":9.28019730001688,""prior_interruption_known_seconds"":0.0,""recorded_measurements"":1,""unknown_measurements"":0,""unknown_time_imputed"":false}"
4ef00036f6f00eca0d4faadd,posterior,cuda-rwm-sequential,4096,9,additional_verification,analyzed,valid,,0.6125697000024957,0.6125697000024957,"{""attempts_missing_call_return"":0,""complete_seconds"":0.6125697000024957,""cost_scope"":""Completed coordinator calls returning newly_executed=false; kept outside primary execution cost"",""known_seconds"":0.6125697000024957,""prior_interruption_known_seconds"":0.0,""recorded_measurements"":3,""unknown_measurements"":0,""unknown_time_imputed"":false}"
4ef00036f6f00eca0d4faadd,posterior,cuda-rwm-sequential,4096,9,all_invocations,analyzed,valid,,9.892767000019376,9.892767000019376,"{""attempts_missing_call_return"":0,""complete_seconds"":9.892767000019376,""cost_scope"":""All coordinator calls, including additional verification; operational consumption, not standardized time-to-inference"",""known_seconds"":9.892767000019376,""prior_interruption_known_seconds"":0.0,""recorded_measurements"":4,""unknown_measurements"":0,""unknown_time_imputed"":false}"
06d7940d6dc7d9aeba6f096a,posterior,cuda-rwm-online_picard,1024,14,ordinary_workflow,analyzed,valid,,4.340019099996425,4.340019099996425,"{""attempts_missing_call_return"":0,""complete_seconds"":4.340019099996425,""cost_scope"":""Sum ordinary subprocess creation-through-exit wall over every registered actual attempt; includes ordinary output/diagnostics, excludes outer audit and inter-call waiting"",""known_seconds"":4.340019099996425,""prior_interruption_known_seconds"":0.0,""recorded_measurements"":1,""unknown_measurements"":0,""unknown_time_imputed"":false}"
06d7940d6dc7d9aeba6f096a,posterior,cuda-rwm-online_picard,1024,14,research_execution,analyzed,valid,,6.904535899986513,6.904535899986513,"{""attempts_missing_call_return"":0,""complete_seconds"":6.904535899986513,""cost_scope"":""Sum all coordinator run/retry calls except completed verification-only returns; includes recorded refusals/recovery/audit/sealing; excludes ledger writes, report observations and inter-call waiting"",""known_seconds"":6.904535899986513,""prior_interruption_known_seconds"":0.0,""recorded_measurements"":1,""unknown_measurements"":0,""unknown_time_imputed"":false}"
06d7940d6dc7d9aeba6f096a,posterior,cuda-rwm-online_picard,1024,14,additional_verification,analyzed,valid,,0.6126387999966028,0.6126387999966028,"{""attempts_missing_call_return"":0,""complete_seconds"":0.6126387999966028,""cost_scope"":""Completed coordinator calls returning newly_executed=false; kept outside primary execution cost"",""known_seconds"":0.6126387999966028,""prior_interruption_known_seconds"":0.0,""recorded_measurements"":3,""unknown_measurements"":0,""unknown_time_imputed"":false}"
06d7940d6dc7d9aeba6f096a,posterior,cuda-rwm-online_picard,1024,14,all_invocations,analyzed,valid,,7.517174699983116,7.517174699983116,"{""attempts_missing_call_return"":0,""complete_seconds"":7.517174699983116,""cost_scope"":""All coordinator calls, including additional verification; operational consumption, not standardized time-to-inference"",""known_seconds"":7.517174699983116,""prior_interruption_known_seconds"":0.0,""recorded_measurements"":4,""unknown_measurements"":0,""unknown_time_imputed"":false}"
279bd9870c316e3c3690c4e8,posterior,cuda-mala-quasi_deer,4096,12,ordinary_workflow,analyzed,valid,,76.24265730002662,76.24265730002662,"{""attempts_missing_call_return"":0,""complete_seconds"":76.24265730002662,""cost_scope"":""Sum ordinary subprocess creation-through-exit wall over every registered actual attempt; includes ordinary output/diagnostics, excludes outer audit and inter-call waiting"",""known_seconds"":76.24265730002662,""prior_interruption_known_seconds"":0.0,""recorded_measurements"":1,""unknown_measurements"":0,""unknown_time_imputed"":false}"
279bd9870c316e3c3690c4e8,posterior,cuda-mala-quasi_deer,4096,12,research_execution,analyzed,valid,,79.0147130000405,79.0147130000405,"{""attempts_missing_call_return"":0,""complete_seconds"":79.0147130000405,""cost_scope"":""Sum all coordinator run/retry calls except completed verification-only returns; includes recorded refusals/recovery/audit/sealing; excludes ledger writes, report observations and inter-call waiting"",""known_seconds"":79.0147130000405,""prior_interruption_known_seconds"":0.0,""recorded_measurements"":1,""unknown_measurements"":0,""unknown_time_imputed"":false}"
279bd9870c316e3c3690c4e8,posterior,cuda-mala-quasi_deer,4096,12,additional_verification,analyzed,valid,,0.6323459999903207,0.6323459999903207,"{""attempts_missing_call_return"":0,""complete_seconds"":0.6323459999903207,""cost_scope"":""Completed coordinator calls returning newly_executed=false; kept outside primary execution cost"",""known_seconds"":0.6323459999903207,""prior_interruption_known_seconds"":0.0,""recorded_measurements"":3,""unknown_measurements"":0,""unknown_time_imputed"":false}"
279bd9870c316e3c3690c4e8,posterior,cuda-mala-quasi_deer,4096,12,all_invocations,analyzed,valid,,79.64705900003082,79.64705900003082,"{""attempts_missing_call_return"":0,""complete_seconds"":79.64705900003082,""cost_scope"":""All coordinator calls, including additional verification; operational consumption, not standardized time-to-inference"",""known_seconds"":79.64705900003082,""prior_interruption_known_seconds"":0.0,""recorded_measurements"":4,""unknown_measurements"":0,""unknown_time_imputed"":false}"
ce907e94bf80bdb158c6b5b4,posterior,cuda-mala-sequential,1024,15,ordinary_workflow,analyzed,valid,,9.811193500005174,9.811193500005174,"{""attempts_missing_call_return"":0,""complete_seconds"":9.811193500005174,""cost_scope"":""Sum ordinary subprocess creation-through-exit wall over every registered actual attempt; includes ordinary output/diagnostics, excludes outer audit and inter-call waiting"",""known_seconds"":9.811193500005174,""prior_interruption_known_seconds"":0.0,""recorded_measurements"":1,""unknown_measurements"":0,""unknown_time_imputed"":false}"
ce907e94bf80bdb158c6b5b4,posterior,cuda-mala-sequential,1024,15,research_execution,analyzed,valid,,12.29540529998485,12.29540529998485,"{""attempts_missing_call_return"":0,""complete_seconds"":12.29540529998485,""cost_scope"":""Sum all coordinator run/retry calls except completed verification-only returns; includes recorded refusals/recovery/audit/sealing; excludes ledger writes, report observations and inter-call waiting"",""known_seconds"":12.29540529998485,""prior_interruption_known_seconds"":0.0,""recorded_measurements"":1,""unknown_measurements"":0,""unknown_time_imputed"":false}"
ce907e94bf80bdb158c6b5b4,posterior,cuda-mala-sequential,1024,15,additional_verification,analyzed,valid,,0.6048100000034538,0.6048100000034538,"{""attempts_missing_call_return"":0,""complete_seconds"":0.6048100000034538,""cost_scope"":""Completed coordinator calls returning newly_executed=false; kept outside primary execution cost"",""known_seconds"":0.6048100000034538,""prior_interruption_known_seconds"":0.0,""recorded_measurements"":3,""unknown_measurements"":0,""unknown_time_imputed"":false}"
ce907e94bf80bdb158c6b5b4,posterior,cuda-mala-sequential,1024,15,all_invocations,analyzed,valid,,12.900215299988304,12.900215299988304,"{""attempts_missing_call_return"":0,""complete_seconds"":12.900215299988304,""cost_scope"":""All coordinator calls, including additional verification; operational consumption, not standardized time-to-inference"",""known_seconds"":12.900215299988304,""prior_interruption_known_seconds"":0.0,""recorded_measurements"":4,""unknown_measurements"":0,""unknown_time_imputed"":false}"
82efabede30b2389576a7a72,posterior,cpu-rwm-sequential,1024,8,ordinary_workflow,analyzed,valid,,2.5899800999904983,2.5899800999904983,"{""attempts_missing_call_return"":0,""complete_seconds"":2.5899800999904983,""cost_scope"":""Sum ordinary subprocess creation-through-exit wall over every registered actual attempt; includes ordinary output/diagnostics, excludes outer audit and inter-call waiting"",""known_seconds"":2.5899800999904983,""prior_interruption_known_seconds"":0.0,""recorded_measurements"":1,""unknown_measurements"":0,""unknown_time_imputed"":false}"
82efabede30b2389576a7a72,posterior,cpu-rwm-sequential,1024,8,research_execution,analyzed,valid,,4.733365699998103,4.733365699998103,"{""attempts_missing_call_return"":0,""complete_seconds"":4.733365699998103,""cost_scope"":""Sum all coordinator run/retry calls except completed verification-only returns; includes recorded refusals/recovery/audit/sealing; excludes ledger writes, report observations and inter-call waiting"",""known_seconds"":4.733365699998103,""prior_interruption_known_seconds"":0.0,""recorded_measurements"":1,""unknown_measurements"":0,""unknown_time_imputed"":false}"
82efabede30b2389576a7a72,posterior,cpu-rwm-sequential,1024,8,additional_verification,analyzed,valid,,0.6014068999929805,0.6014068999929805,"{""attempts_missing_call_return"":0,""complete_seconds"":0.6014068999929805,""cost_scope"":""Completed coordinator calls returning newly_executed=false; kept outside primary execution cost"",""known_seconds"":0.6014068999929805,""prior_interruption_known_seconds"":0.0,""recorded_measurements"":3,""unknown_measurements"":0,""unknown_time_imputed"":false}"
82efabede30b2389576a7a72,posterior,cpu-rwm-sequential,1024,8,all_invocations,analyzed,valid,,5.3347725999910836,5.3347725999910836,"{""attempts_missing_call_return"":0,""complete_seconds"":5.3347725999910836,""cost_scope"":""All coordinator calls, including additional verification; operational consumption, not standardized time-to-inference"",""known_seconds"":5.3347725999910836,""prior_interruption_known_seconds"":0.0,""recorded_measurements"":4,""unknown_measurements"":0,""unknown_time_imputed"":false}"
1028c97b15fd9dfe4b4cd049,posterior,cuda-rwm-sequential,4096,13,ordinary_workflow,analyzed,valid,,6.77194139995845,6.77194139995845,"{""attempts_missing_call_return"":0,""complete_seconds"":6.77194139995845,""cost_scope"":""Sum ordinary subprocess creation-through-exit wall over every registered actual attempt; includes ordinary output/diagnostics, excludes outer audit and inter-call waiting"",""known_seconds"":6.77194139995845,""prior_interruption_known_seconds"":0.0,""recorded_measurements"":1,""unknown_measurements"":0,""unknown_time_imputed"":false}"
1028c97b15fd9dfe4b4cd049,posterior,cuda-rwm-sequential,4096,13,research_execution,analyzed,valid,,9.122176000033505,9.122176000033505,"{""attempts_missing_call_return"":0,""complete_seconds"":9.122176000033505,""cost_scope"":""Sum all coordinator run/retry calls except completed verification-only returns; includes recorded refusals/recovery/audit/sealing; excludes ledger writes, report observations and inter-call waiting"",""known_seconds"":9.122176000033505,""prior_interruption_known_seconds"":0.0,""recorded_measurements"":1,""unknown_measurements"":0,""unknown_time_imputed"":false}"
1028c97b15fd9dfe4b4cd049,posterior,cuda-rwm-sequential,4096,13,additional_verification,analyzed,valid,,0.6027665000074194,0.6027665000074194,"{""attempts_missing_call_return"":0,""complete_seconds"":0.6027665000074194,""cost_scope"":""Completed coordinator calls returning newly_executed=false; kept outside primary execution cost"",""known_seconds"":0.6027665000074194,""prior_interruption_known_seconds"":0.0,""recorded_measurements"":3,""unknown_measurements"":0,""unknown_time_imputed"":false}"
1028c97b15fd9dfe4b4cd049,posterior,cuda-rwm-sequential,4096,13,all_invocations,analyzed,valid,,9.724942500040925,9.724942500040925,"{""attempts_missing_call_return"":0,""complete_seconds"":9.724942500040925,""cost_scope"":""All coordinator calls, including additional verification; operational consumption, not standardized time-to-inference"",""known_seconds"":9.724942500040925,""prior_interruption_known_seconds"":0.0,""recorded_measurements"":4,""unknown_measurements"":0,""unknown_time_imputed"":false}"
c96dd90d45b2930507387964,posterior,cuda-rwm-online_picard,1024,12,ordinary_workflow,analyzed,valid,,3.8104531999561004,3.8104531999561004,"{""attempts_missing_call_return"":0,""complete_seconds"":3.8104531999561004,""cost_scope"":""Sum ordinary subprocess creation-through-exit wall over every registered actual attempt; includes ordinary output/diagnostics, excludes outer audit and inter-call waiting"",""known_seconds"":3.8104531999561004,""prior_interruption_known_seconds"":0.0,""recorded_measurements"":1,""unknown_measurements"":0,""unknown_time_imputed"":false}"
c96dd90d45b2930507387964,posterior,cuda-rwm-online_picard,1024,12,research_execution,analyzed,valid,,,6.038758600014262,"{""attempts_missing_call_return"":0,""complete_seconds"":null,""cost_scope"":""Sum all coordinator run/retry calls except completed verification-only returns; includes recorded refusals/recovery/audit/sealing; excludes ledger writes, report observations and inter-call waiting"",""known_seconds"":6.038758600014262,""prior_interruption_known_seconds"":0.0,""recorded_measurements"":1,""unknown_measurements"":1,""unknown_time_imputed"":false}"
c96dd90d45b2930507387964,posterior,cuda-rwm-online_picard,1024,12,additional_verification,analyzed,valid,,0.3933228000005329,0.3933228000005329,"{""attempts_missing_call_return"":0,""complete_seconds"":0.3933228000005329,""cost_scope"":""Completed coordinator calls returning newly_executed=false; kept outside primary execution cost"",""known_seconds"":0.3933228000005329,""prior_interruption_known_seconds"":0.0,""recorded_measurements"":2,""unknown_measurements"":0,""unknown_time_imputed"":false}"
c96dd90d45b2930507387964,posterior,cuda-rwm-online_picard,1024,12,all_invocations,analyzed,valid,,,6.432081400014795,"{""attempts_missing_call_return"":0,""complete_seconds"":null,""cost_scope"":""All coordinator calls, including additional verification; operational consumption, not standardized time-to-inference"",""known_seconds"":6.432081400014795,""prior_interruption_known_seconds"":0.0,""recorded_measurements"":3,""unknown_measurements"":1,""unknown_time_imputed"":false}"
824bb19b6271630c9282bdf2,posterior,cuda-rwm-sequential,4096,8,ordinary_workflow,analyzed,valid,,7.103905500029214,7.103905500029214,"{""attempts_missing_call_return"":0,""complete_seconds"":7.103905500029214,""cost_scope"":""Sum ordinary subprocess creation-through-exit wall over every registered actual attempt; includes ordinary output/diagnostics, excludes outer audit and inter-call waiting"",""known_seconds"":7.103905500029214,""prior_interruption_known_seconds"":0.0,""recorded_measurements"":1,""unknown_measurements"":0,""unknown_time_imputed"":false}"
824bb19b6271630c9282bdf2,posterior,cuda-rwm-sequential,4096,8,research_execution,analyzed,valid,,9.514559200033545,9.514559200033545,"{""attempts_missing_call_return"":0,""complete_seconds"":9.514559200033545,""cost_scope"":""Sum all coordinator run/retry calls except completed verification-only returns; includes recorded refusals/recovery/audit/sealing; excludes ledger writes, report observations and inter-call waiting"",""known_seconds"":9.514559200033545,""prior_interruption_known_seconds"":0.0,""recorded_measurements"":1,""unknown_measurements"":0,""unknown_time_imputed"":false}"
824bb19b6271630c9282bdf2,posterior,cuda-rwm-sequential,4096,8,additional_verification,analyzed,valid,,0.3857559999996738,0.3857559999996738,"{""attempts_missing_call_return"":0,""complete_seconds"":0.3857559999996738,""cost_scope"":""Completed coordinator calls returning newly_executed=false; kept outside primary execution cost"",""known_seconds"":0.3857559999996738,""prior_interruption_known_seconds"":0.0,""recorded_measurements"":2,""unknown_measurements"":0,""unknown_time_imputed"":false}"
824bb19b6271630c9282bdf2,posterior,cuda-rwm-sequential,4096,8,all_invocations,analyzed,valid,,9.90031520003322,9.90031520003322,"{""attempts_missing_call_return"":0,""complete_seconds"":9.90031520003322,""cost_scope"":""All coordinator calls, including additional verification; operational consumption, not standardized time-to-inference"",""known_seconds"":9.90031520003322,""prior_interruption_known_seconds"":0.0,""recorded_measurements"":3,""unknown_measurements"":0,""unknown_time_imputed"":false}"
a1dd2c6f20a77deb7e9b6f76,posterior,cuda-rwm-online_picard,4096,15,ordinary_workflow,analyzed,valid,,7.152950000017881,7.152950000017881,"{""attempts_missing_call_return"":0,""complete_seconds"":7.152950000017881,""cost_scope"":""Sum ordinary subprocess creation-through-exit wall over every registered actual attempt; includes ordinary output/diagnostics, excludes outer audit and inter-call waiting"",""known_seconds"":7.152950000017881,""prior_interruption_known_seconds"":0.0,""recorded_measurements"":1,""unknown_measurements"":0,""unknown_time_imputed"":false}"
a1dd2c6f20a77deb7e9b6f76,posterior,cuda-rwm-online_picard,4096,15,research_execution,analyzed,valid,,9.471276299969759,9.471276299969759,"{""attempts_missing_call_return"":0,""complete_seconds"":9.471276299969759,""cost_scope"":""Sum all coordinator run/retry calls except completed verification-only returns; includes recorded refusals/recovery/audit/sealing; excludes ledger writes, report observations and inter-call waiting"",""known_seconds"":9.471276299969759,""prior_interruption_known_seconds"":0.0,""recorded_measurements"":1,""unknown_measurements"":0,""unknown_time_imputed"":false}"
a1dd2c6f20a77deb7e9b6f76,posterior,cuda-rwm-online_picard,4096,15,additional_verification,analyzed,valid,,0.3898196999980428,0.3898196999980428,"{""attempts_missing_call_return"":0,""complete_seconds"":0.3898196999980428,""cost_scope"":""Completed coordinator calls returning newly_executed=false; kept outside primary execution cost"",""known_seconds"":0.3898196999980428,""prior_interruption_known_seconds"":0.0,""recorded_measurements"":2,""unknown_measurements"":0,""unknown_time_imputed"":false}"
a1dd2c6f20a77deb7e9b6f76,posterior,cuda-rwm-online_picard,4096,15,all_invocations,analyzed,valid,,9.861095999967802,9.861095999967802,"{""attempts_missing_call_return"":0,""complete_seconds"":9.861095999967802,""cost_scope"":""All coordinator calls, including additional verification; operational consumption, not standardized time-to-inference"",""known_seconds"":9.861095999967802,""prior_interruption_known_seconds"":0.0,""recorded_measurements"":3,""unknown_measurements"":0,""unknown_time_imputed"":false}"
b808c3bb80a2f0aef05ae596,posterior,cpu-rwm-sequential,1024,12,ordinary_workflow,analyzed,valid,,2.633776200003922,2.633776200003922,"{""attempts_missing_call_return"":0,""complete_seconds"":2.633776200003922,""cost_scope"":""Sum ordinary subprocess creation-through-exit wall over every registered actual attempt; includes ordinary output/diagnostics, excludes outer audit and inter-call waiting"",""known_seconds"":2.633776200003922,""prior_interruption_known_seconds"":0.0,""recorded_measurements"":1,""unknown_measurements"":0,""unknown_time_imputed"":false}"
b808c3bb80a2f0aef05ae596,posterior,cpu-rwm-sequential,1024,12,research_execution,analyzed,valid,,4.9915338000282645,4.9915338000282645,"{""attempts_missing_call_return"":0,""complete_seconds"":4.9915338000282645,""cost_scope"":""Sum all coordinator run/retry calls except completed verification-only returns; includes recorded refusals/recovery/audit/sealing; excludes ledger writes, report observations and inter-call waiting"",""known_seconds"":4.9915338000282645,""prior_interruption_known_seconds"":0.0,""recorded_measurements"":1,""unknown_measurements"":0,""unknown_time_imputed"":false}"
b808c3bb80a2f0aef05ae596,posterior,cpu-rwm-sequential,1024,12,additional_verification,analyzed,valid,,0.3779919999997219,0.3779919999997219,"{""attempts_missing_call_return"":0,""complete_seconds"":0.3779919999997219,""cost_scope"":""Completed coordinator calls returning newly_executed=false; kept outside primary execution cost"",""known_seconds"":0.3779919999997219,""prior_interruption_known_seconds"":0.0,""recorded_measurements"":2,""unknown_measurements"":0,""unknown_time_imputed"":false}"
b808c3bb80a2f0aef05ae596,posterior,cpu-rwm-sequential,1024,12,all_invocations,analyzed,valid,,5.369525800027986,5.369525800027986,"{""attempts_missing_call_return"":0,""complete_seconds"":5.369525800027986,""cost_scope"":""All coordinator calls, including additional verification; operational consumption, not standardized time-to-inference"",""known_seconds"":5.369525800027986,""prior_interruption_known_seconds"":0.0,""recorded_measurements"":3,""unknown_measurements"":0,""unknown_time_imputed"":false}"
5a2b041d3e4d72c6f8b0eb99,posterior,cpu-nuts-spawn_chains,4096,8,ordinary_workflow,analyzed,output_failure_unclassified,,48.5844413000159,48.5844413000159,"{""attempts_missing_call_return"":0,""complete_seconds"":48.5844413000159,""cost_scope"":""Sum ordinary subprocess creation-through-exit wall over every registered actual attempt; includes ordinary output/diagnostics, excludes outer audit and inter-call waiting"",""known_seconds"":48.5844413000159,""prior_interruption_known_seconds"":0.0,""recorded_measurements"":1,""unknown_measurements"":0,""unknown_time_imputed"":false}"
5a2b041d3e4d72c6f8b0eb99,posterior,cpu-nuts-spawn_chains,4096,8,research_execution,analyzed,output_failure_unclassified,,50.731741999974474,50.731741999974474,"{""attempts_missing_call_return"":0,""complete_seconds"":50.731741999974474,""cost_scope"":""Sum all coordinator run/retry calls except completed verification-only returns; includes recorded refusals/recovery/audit/sealing; excludes ledger writes, report observations and inter-call waiting"",""known_seconds"":50.731741999974474,""prior_interruption_known_seconds"":0.0,""recorded_measurements"":1,""unknown_measurements"":0,""unknown_time_imputed"":false}"
5a2b041d3e4d72c6f8b0eb99,posterior,cpu-nuts-spawn_chains,4096,8,additional_verification,analyzed,output_failure_unclassified,,0.3790750999987722,0.3790750999987722,"{""attempts_missing_call_return"":0,""complete_seconds"":0.3790750999987722,""cost_scope"":""Completed coordinator calls returning newly_executed=false; kept outside primary execution cost"",""known_seconds"":0.3790750999987722,""prior_interruption_known_seconds"":0.0,""recorded_measurements"":2,""unknown_measurements"":0,""unknown_time_imputed"":false}"
5a2b041d3e4d72c6f8b0eb99,posterior,cpu-nuts-spawn_chains,4096,8,all_invocations,analyzed,output_failure_unclassified,,51.11081709997325,51.11081709997325,"{""attempts_missing_call_return"":0,""complete_seconds"":51.11081709997325,""cost_scope"":""All coordinator calls, including additional verification; operational consumption, not standardized time-to-inference"",""known_seconds"":51.11081709997325,""prior_interruption_known_seconds"":0.0,""recorded_measurements"":3,""unknown_measurements"":0,""unknown_time_imputed"":false}"
a6e4a74b117980b1653f5241,posterior,cuda-mala-quasi_deer,1024,9,ordinary_workflow,analyzed,numerical_failure,,28.222662799991667,28.222662799991667,"{""attempts_missing_call_return"":0,""complete_seconds"":28.222662799991667,""cost_scope"":""Sum ordinary subprocess creation-through-exit wall over every registered actual attempt; includes ordinary output/diagnostics, excludes outer audit and inter-call waiting"",""known_seconds"":28.222662799991667,""prior_interruption_known_seconds"":0.0,""recorded_measurements"":1,""unknown_measurements"":0,""unknown_time_imputed"":false}"
a6e4a74b117980b1653f5241,posterior,cuda-mala-quasi_deer,1024,9,research_execution,analyzed,numerical_failure,,30.59564999997383,30.59564999997383,"{""attempts_missing_call_return"":0,""complete_seconds"":30.59564999997383,""cost_scope"":""Sum all coordinator run/retry calls except completed verification-only returns; includes recorded refusals/recovery/audit/sealing; excludes ledger writes, report observations and inter-call waiting"",""known_seconds"":30.59564999997383,""prior_interruption_known_seconds"":0.0,""recorded_measurements"":1,""unknown_measurements"":0,""unknown_time_imputed"":false}"
a6e4a74b117980b1653f5241,posterior,cuda-mala-quasi_deer,1024,9,additional_verification,analyzed,numerical_failure,,0.38061889999789855,0.38061889999789855,"{""attempts_missing_call_return"":0,""complete_seconds"":0.38061889999789855,""cost_scope"":""Completed coordinator calls returning newly_executed=false; kept outside primary execution cost"",""known_seconds"":0.38061889999789855,""prior_interruption_known_seconds"":0.0,""recorded_measurements"":2,""unknown_measurements"":0,""unknown_time_imputed"":false}"
a6e4a74b117980b1653f5241,posterior,cuda-mala-quasi_deer,1024,9,all_invocations,analyzed,numerical_failure,,30.97626889997173,30.97626889997173,"{""attempts_missing_call_return"":0,""complete_seconds"":30.97626889997173,""cost_scope"":""All coordinator calls, including additional verification; operational consumption, not standardized time-to-inference"",""known_seconds"":30.97626889997173,""prior_interruption_known_seconds"":0.0,""recorded_measurements"":3,""unknown_measurements"":0,""unknown_time_imputed"":false}"
cc2b97cb8d363bdf6e4837a3,posterior,cpu-rwm-sequential,4096,12,ordinary_workflow,analyzed,valid,,3.4362852000049315,3.4362852000049315,"{""attempts_missing_call_return"":0,""complete_seconds"":3.4362852000049315,""cost_scope"":""Sum ordinary subprocess creation-through-exit wall over every registered actual attempt; includes ordinary output/diagnostics, excludes outer audit and inter-call waiting"",""known_seconds"":3.4362852000049315,""prior_interruption_known_seconds"":0.0,""recorded_measurements"":1,""unknown_measurements"":0,""unknown_time_imputed"":false}"
cc2b97cb8d363bdf6e4837a3,posterior,cpu-rwm-sequential,4096,12,research_execution,analyzed,valid,,5.779348200012464,5.779348200012464,"{""attempts_missing_call_return"":0,""complete_seconds"":5.779348200012464,""cost_scope"":""Sum all coordinator run/retry calls except completed verification-only returns; includes recorded refusals/recovery/audit/sealing; excludes ledger writes, report observations and inter-call waiting"",""known_seconds"":5.779348200012464,""prior_interruption_known_seconds"":0.0,""recorded_measurements"":1,""unknown_measurements"":0,""unknown_time_imputed"":false}"
cc2b97cb8d363bdf6e4837a3,posterior,cpu-rwm-sequential,4096,12,additional_verification,analyzed,valid,,0.3978635999992548,0.3978635999992548,"{""attempts_missing_call_return"":0,""complete_seconds"":0.3978635999992548,""cost_scope"":""Completed coordinator calls returning newly_executed=false; kept outside primary execution cost"",""known_seconds"":0.3978635999992548,""prior_interruption_known_seconds"":0.0,""recorded_measurements"":2,""unknown_measurements"":0,""unknown_time_imputed"":false}"
cc2b97cb8d363bdf6e4837a3,posterior,cpu-rwm-sequential,4096,12,all_invocations,analyzed,valid,,6.177211800011719,6.177211800011719,"{""attempts_missing_call_return"":0,""complete_seconds"":6.177211800011719,""cost_scope"":""All coordinator calls, including additional verification; operational consumption, not standardized time-to-inference"",""known_seconds"":6.177211800011719,""prior_interruption_known_seconds"":0.0,""recorded_measurements"":3,""unknown_measurements"":0,""unknown_time_imputed"":false}"
7cf8aa22794d75c94c7ffbc0,posterior,cpu-rwm-online_picard,4096,14,ordinary_workflow,analyzed,valid,,3.936653100012336,3.936653100012336,"{""attempts_missing_call_return"":0,""complete_seconds"":3.936653100012336,""cost_scope"":""Sum ordinary subprocess creation-through-exit wall over every registered actual attempt; includes ordinary output/diagnostics, excludes outer audit and inter-call waiting"",""known_seconds"":3.936653100012336,""prior_interruption_known_seconds"":0.0,""recorded_measurements"":1,""unknown_measurements"":0,""unknown_time_imputed"":false}"
7cf8aa22794d75c94c7ffbc0,posterior,cpu-rwm-online_picard,4096,14,research_execution,analyzed,valid,,6.221089800004847,6.221089800004847,"{""attempts_missing_call_return"":0,""complete_seconds"":6.221089800004847,""cost_scope"":""Sum all coordinator run/retry calls except completed verification-only returns; includes recorded refusals/recovery/audit/sealing; excludes ledger writes, report observations and inter-call waiting"",""known_seconds"":6.221089800004847,""prior_interruption_known_seconds"":0.0,""recorded_measurements"":1,""unknown_measurements"":0,""unknown_time_imputed"":false}"
7cf8aa22794d75c94c7ffbc0,posterior,cpu-rwm-online_picard,4096,14,additional_verification,analyzed,valid,,0.38297460000012506,0.38297460000012506,"{""attempts_missing_call_return"":0,""complete_seconds"":0.38297460000012506,""cost_scope"":""Completed coordinator calls returning newly_executed=false; kept outside primary execution cost"",""known_seconds"":0.38297460000012506,""prior_interruption_known_seconds"":0.0,""recorded_measurements"":2,""unknown_measurements"":0,""unknown_time_imputed"":false}"
7cf8aa22794d75c94c7ffbc0,posterior,cpu-rwm-online_picard,4096,14,all_invocations,analyzed,valid,,6.604064400004972,6.604064400004972,"{""attempts_missing_call_return"":0,""complete_seconds"":6.604064400004972,""cost_scope"":""All coordinator calls, including additional verification; operational consumption, not standardized time-to-inference"",""known_seconds"":6.604064400004972,""prior_interruption_known_seconds"":0.0,""recorded_measurements"":3,""unknown_measurements"":0,""unknown_time_imputed"":false}"
ffd988ad8c3e7d3abddf50fd,posterior,cuda-rwm-online_picard,1024,10,ordinary_workflow,analyzed,valid,,3.6900376000558026,3.6900376000558026,"{""attempts_missing_call_return"":0,""complete_seconds"":3.6900376000558026,""cost_scope"":""Sum ordinary subprocess creation-through-exit wall over every registered actual attempt; includes ordinary output/diagnostics, excludes outer audit and inter-call waiting"",""known_seconds"":3.6900376000558026,""prior_interruption_known_seconds"":0.0,""recorded_measurements"":1,""unknown_measurements"":0,""unknown_time_imputed"":false}"
ffd988ad8c3e7d3abddf50fd,posterior,cuda-rwm-online_picard,1024,10,research_execution,analyzed,valid,,5.903360899945255,5.903360899945255,"{""attempts_missing_call_return"":0,""complete_seconds"":5.903360899945255,""cost_scope"":""Sum all coordinator run/retry calls except completed verification-only returns; includes recorded refusals/recovery/audit/sealing; excludes ledger writes, report observations and inter-call waiting"",""known_seconds"":5.903360899945255,""prior_interruption_known_seconds"":0.0,""recorded_measurements"":1,""unknown_measurements"":0,""unknown_time_imputed"":false}"
ffd988ad8c3e7d3abddf50fd,posterior,cuda-rwm-online_picard,1024,10,additional_verification,analyzed,valid,,0.3864750999991884,0.3864750999991884,"{""attempts_missing_call_return"":0,""complete_seconds"":0.3864750999991884,""cost_scope"":""Completed coordinator calls returning newly_executed=false; kept outside primary execution cost"",""known_seconds"":0.3864750999991884,""prior_interruption_known_seconds"":0.0,""recorded_measurements"":2,""unknown_measurements"":0,""unknown_time_imputed"":false}"
ffd988ad8c3e7d3abddf50fd,posterior,cuda-rwm-online_picard,1024,10,all_invocations,analyzed,valid,,6.289835999944444,6.289835999944444,"{""attempts_missing_call_return"":0,""complete_seconds"":6.289835999944444,""cost_scope"":""All coordinator calls, including additional verification; operational consumption, not standardized time-to-inference"",""known_seconds"":6.289835999944444,""prior_interruption_known_seconds"":0.0,""recorded_measurements"":3,""unknown_measurements"":0,""unknown_time_imputed"":false}"
c8b727f44e23db6344fd4fcf,posterior,cpu-mala-quasi_deer,1024,8,ordinary_workflow,analyzed,valid,,13.346873799979221,13.346873799979221,"{""attempts_missing_call_return"":0,""complete_seconds"":13.346873799979221,""cost_scope"":""Sum ordinary subprocess creation-through-exit wall over every registered actual attempt; includes ordinary output/diagnostics, excludes outer audit and inter-call waiting"",""known_seconds"":13.346873799979221,""prior_interruption_known_seconds"":0.0,""recorded_measurements"":1,""unknown_measurements"":0,""unknown_time_imputed"":false}"
c8b727f44e23db6344fd4fcf,posterior,cpu-mala-quasi_deer,1024,8,research_execution,analyzed,valid,,15.694557899958454,15.694557899958454,"{""attempts_missing_call_return"":0,""complete_seconds"":15.694557899958454,""cost_scope"":""Sum all coordinator run/retry calls except completed verification-only returns; includes recorded refusals/recovery/audit/sealing; excludes ledger writes, report observations and inter-call waiting"",""known_seconds"":15.694557899958454,""prior_interruption_known_seconds"":0.0,""recorded_measurements"":1,""unknown_measurements"":0,""unknown_time_imputed"":false}"
c8b727f44e23db6344fd4fcf,posterior,cpu-mala-quasi_deer,1024,8,additional_verification,analyzed,valid,,0.3726245999987441,0.3726245999987441,"{""attempts_missing_call_return"":0,""complete_seconds"":0.3726245999987441,""cost_scope"":""Completed coordinator calls returning newly_executed=false; kept outside primary execution cost"",""known_seconds"":0.3726245999987441,""prior_interruption_known_seconds"":0.0,""recorded_measurements"":2,""unknown_measurements"":0,""unknown_time_imputed"":false}"
c8b727f44e23db6344fd4fcf,posterior,cpu-mala-quasi_deer,1024,8,all_invocations,analyzed,valid,,16.067182499957198,16.067182499957198,"{""attempts_missing_call_return"":0,""complete_seconds"":16.067182499957198,""cost_scope"":""All coordinator calls, including additional verification; operational consumption, not standardized time-to-inference"",""known_seconds"":16.067182499957198,""prior_interruption_known_seconds"":0.0,""recorded_measurements"":3,""unknown_measurements"":0,""unknown_time_imputed"":false}"
9fc8e7056902bb63a13795ac,posterior,cpu-nuts-spawn_chains,1024,12,ordinary_workflow,analyzed,valid,,22.024725800030865,22.024725800030865,"{""attempts_missing_call_return"":0,""complete_seconds"":22.024725800030865,""cost_scope"":""Sum ordinary subprocess creation-through-exit wall over every registered actual attempt; includes ordinary output/diagnostics, excludes outer audit and inter-call waiting"",""known_seconds"":22.024725800030865,""prior_interruption_known_seconds"":0.0,""recorded_measurements"":1,""unknown_measurements"":0,""unknown_time_imputed"":false}"
9fc8e7056902bb63a13795ac,posterior,cpu-nuts-spawn_chains,1024,12,research_execution,analyzed,valid,,24.289896000002045,24.289896000002045,"{""attempts_missing_call_return"":0,""complete_seconds"":24.289896000002045,""cost_scope"":""Sum all coordinator run/retry calls except completed verification-only returns; includes recorded refusals/recovery/audit/sealing; excludes ledger writes, report observations and inter-call waiting"",""known_seconds"":24.289896000002045,""prior_interruption_known_seconds"":0.0,""recorded_measurements"":1,""unknown_measurements"":0,""unknown_time_imputed"":false}"
9fc8e7056902bb63a13795ac,posterior,cpu-nuts-spawn_chains,1024,12,additional_verification,analyzed,valid,,0.41143100000317645,0.41143100000317645,"{""attempts_missing_call_return"":0,""complete_seconds"":0.41143100000317645,""cost_scope"":""Completed coordinator calls returning newly_executed=false; kept outside primary execution cost"",""known_seconds"":0.41143100000317645,""prior_interruption_known_seconds"":0.0,""recorded_measurements"":2,""unknown_measurements"":0,""unknown_time_imputed"":false}"
9fc8e7056902bb63a13795ac,posterior,cpu-nuts-spawn_chains,1024,12,all_invocations,analyzed,valid,,24.70132700000522,24.70132700000522,"{""attempts_missing_call_return"":0,""complete_seconds"":24.70132700000522,""cost_scope"":""All coordinator calls, including additional verification; operational consumption, not standardized time-to-inference"",""known_seconds"":24.70132700000522,""prior_interruption_known_seconds"":0.0,""recorded_measurements"":3,""unknown_measurements"":0,""unknown_time_imputed"":false}"
ab10f348223070d5a62902b5,posterior,cpu-nuts-spawn_chains,4096,10,ordinary_workflow,analyzed,output_failure_unclassified,,125.71358939999482,125.71358939999482,"{""attempts_missing_call_return"":0,""complete_seconds"":125.71358939999482,""cost_scope"":""Sum ordinary subprocess creation-through-exit wall over every registered actual attempt; includes ordinary output/diagnostics, excludes outer audit and inter-call waiting"",""known_seconds"":125.71358939999482,""prior_interruption_known_seconds"":0.0,""recorded_measurements"":1,""unknown_measurements"":0,""unknown_time_imputed"":false}"
ab10f348223070d5a62902b5,posterior,cpu-nuts-spawn_chains,4096,10,research_execution,analyzed,output_failure_unclassified,,127.78718970000045,127.78718970000045,"{""attempts_missing_call_return"":0,""complete_seconds"":127.78718970000045,""cost_scope"":""Sum all coordinator run/retry calls except completed verification-only returns; includes recorded refusals/recovery/audit/sealing; excludes ledger writes, report observations and inter-call waiting"",""known_seconds"":127.78718970000045,""prior_interruption_known_seconds"":0.0,""recorded_measurements"":1,""unknown_measurements"":0,""unknown_time_imputed"":false}"
ab10f348223070d5a62902b5,posterior,cpu-nuts-spawn_chains,4096,10,additional_verification,analyzed,output_failure_unclassified,,0.3889973999985159,0.3889973999985159,"{""attempts_missing_call_return"":0,""complete_seconds"":0.3889973999985159,""cost_scope"":""Completed coordinator calls returning newly_executed=false; kept outside primary execution cost"",""known_seconds"":0.3889973999985159,""prior_interruption_known_seconds"":0.0,""recorded_measurements"":2,""unknown_measurements"":0,""unknown_time_imputed"":false}"
ab10f348223070d5a62902b5,posterior,cpu-nuts-spawn_chains,4096,10,all_invocations,analyzed,output_failure_unclassified,,128.17618709999897,128.17618709999897,"{""attempts_missing_call_return"":0,""complete_seconds"":128.17618709999897,""cost_scope"":""All coordinator calls, including additional verification; operational consumption, not standardized time-to-inference"",""known_seconds"":128.17618709999897,""prior_interruption_known_seconds"":0.0,""recorded_measurements"":3,""unknown_measurements"":0,""unknown_time_imputed"":false}"
4f980881ba6655536490b19c,posterior,cuda-mala-sequential,4096,15,ordinary_workflow,analyzed,valid,,22.206490899960045,22.206490899960045,"{""attempts_missing_call_return"":0,""complete_seconds"":22.206490899960045,""cost_scope"":""Sum ordinary subprocess creation-through-exit wall over every registered actual attempt; includes ordinary output/diagnostics, excludes outer audit and inter-call waiting"",""known_seconds"":22.206490899960045,""prior_interruption_known_seconds"":0.0,""recorded_measurements"":1,""unknown_measurements"":0,""unknown_time_imputed"":false}"
4f980881ba6655536490b19c,posterior,cuda-mala-sequential,4096,15,research_execution,analyzed,valid,,25.081950899970252,25.081950899970252,"{""attempts_missing_call_return"":0,""complete_seconds"":25.081950899970252,""cost_scope"":""Sum all coordinator run/retry calls except completed verification-only returns; includes recorded refusals/recovery/audit/sealing; excludes ledger writes, report observations and inter-call waiting"",""known_seconds"":25.081950899970252,""prior_interruption_known_seconds"":0.0,""recorded_measurements"":1,""unknown_measurements"":0,""unknown_time_imputed"":false}"
4f980881ba6655536490b19c,posterior,cuda-mala-sequential,4096,15,additional_verification,analyzed,valid,,0.3835542999986501,0.3835542999986501,"{""attempts_missing_call_return"":0,""complete_seconds"":0.3835542999986501,""cost_scope"":""Completed coordinator calls returning newly_executed=false; kept outside primary execution cost"",""known_seconds"":0.3835542999986501,""prior_interruption_known_seconds"":0.0,""recorded_measurements"":2,""unknown_measurements"":0,""unknown_time_imputed"":false}"
4f980881ba6655536490b19c,posterior,cuda-mala-sequential,4096,15,all_invocations,analyzed,valid,,25.465505199968902,25.465505199968902,"{""attempts_missing_call_return"":0,""complete_seconds"":25.465505199968902,""cost_scope"":""All coordinator calls, including additional verification; operational consumption, not standardized time-to-inference"",""known_seconds"":25.465505199968902,""prior_interruption_known_seconds"":0.0,""recorded_measurements"":3,""unknown_measurements"":0,""unknown_time_imputed"":false}"
cf684964e50695696cb929d6,posterior,cpu-rwm-online_picard,1024,9,ordinary_workflow,analyzed,valid,,2.711346800031606,2.711346800031606,"{""attempts_missing_call_return"":0,""complete_seconds"":2.711346800031606,""cost_scope"":""Sum ordinary subprocess creation-through-exit wall over every registered actual attempt; includes ordinary output/diagnostics, excludes outer audit and inter-call waiting"",""known_seconds"":2.711346800031606,""prior_interruption_known_seconds"":0.0,""recorded_measurements"":1,""unknown_measurements"":0,""unknown_time_imputed"":false}"
cf684964e50695696cb929d6,posterior,cpu-rwm-online_picard,1024,9,research_execution,analyzed,valid,,4.952817099983804,4.952817099983804,"{""attempts_missing_call_return"":0,""complete_seconds"":4.952817099983804,""cost_scope"":""Sum all coordinator run/retry calls except completed verification-only returns; includes recorded refusals/recovery/audit/sealing; excludes ledger writes, report observations and inter-call waiting"",""known_seconds"":4.952817099983804,""prior_interruption_known_seconds"":0.0,""recorded_measurements"":1,""unknown_measurements"":0,""unknown_time_imputed"":false}"
cf684964e50695696cb929d6,posterior,cpu-rwm-online_picard,1024,9,additional_verification,analyzed,valid,,0.37469819999751053,0.37469819999751053,"{""attempts_missing_call_return"":0,""complete_seconds"":0.37469819999751053,""cost_scope"":""Completed coordinator calls returning newly_executed=false; kept outside primary execution cost"",""known_seconds"":0.37469819999751053,""prior_interruption_known_seconds"":0.0,""recorded_measurements"":2,""unknown_measurements"":0,""unknown_time_imputed"":false}"
cf684964e50695696cb929d6,posterior,cpu-rwm-online_picard,1024,9,all_invocations,analyzed,valid,,5.3275152999813145,5.3275152999813145,"{""attempts_missing_call_return"":0,""complete_seconds"":5.3275152999813145,""cost_scope"":""All coordinator calls, including additional verification; operational consumption, not standardized time-to-inference"",""known_seconds"":5.3275152999813145,""prior_interruption_known_seconds"":0.0,""recorded_measurements"":3,""unknown_measurements"":0,""unknown_time_imputed"":false}"
488aab3a510fc52bac85b4fd,posterior,cuda-rwm-sequential,1024,9,ordinary_workflow,analyzed,valid,,3.781859499984421,3.781859499984421,"{""attempts_missing_call_return"":0,""complete_seconds"":3.781859499984421,""cost_scope"":""Sum ordinary subprocess creation-through-exit wall over every registered actual attempt; includes ordinary output/diagnostics, excludes outer audit and inter-call waiting"",""known_seconds"":3.781859499984421,""prior_interruption_known_seconds"":0.0,""recorded_measurements"":1,""unknown_measurements"":0,""unknown_time_imputed"":false}"
488aab3a510fc52bac85b4fd,posterior,cuda-rwm-sequential,1024,9,research_execution,analyzed,valid,,5.894550400029402,5.894550400029402,"{""attempts_missing_call_return"":0,""complete_seconds"":5.894550400029402,""cost_scope"":""Sum all coordinator run/retry calls except completed verification-only returns; includes recorded refusals/recovery/audit/sealing; excludes ledger writes, report observations and inter-call waiting"",""known_seconds"":5.894550400029402,""prior_interruption_known_seconds"":0.0,""recorded_measurements"":1,""unknown_measurements"":0,""unknown_time_imputed"":false}"
488aab3a510fc52bac85b4fd,posterior,cuda-rwm-sequential,1024,9,additional_verification,analyzed,valid,,0.3832864000014524,0.3832864000014524,"{""attempts_missing_call_return"":0,""complete_seconds"":0.3832864000014524,""cost_scope"":""Completed coordinator calls returning newly_executed=false; kept outside primary execution cost"",""known_seconds"":0.3832864000014524,""prior_interruption_known_seconds"":0.0,""recorded_measurements"":2,""unknown_measurements"":0,""unknown_time_imputed"":false}"
488aab3a510fc52bac85b4fd,posterior,cuda-rwm-sequential,1024,9,all_invocations,analyzed,valid,,6.277836800030855,6.277836800030855,"{""attempts_missing_call_return"":0,""complete_seconds"":6.277836800030855,""cost_scope"":""All coordinator calls, including additional verification; operational consumption, not standardized time-to-inference"",""known_seconds"":6.277836800030855,""prior_interruption_known_seconds"":0.0,""recorded_measurements"":3,""unknown_measurements"":0,""unknown_time_imputed"":false}"
2fa9a7d72414da2fb4d58de0,posterior,cuda-mala-sequential,1024,11,ordinary_workflow,analyzed,valid,,9.573583800054621,9.573583800054621,"{""attempts_missing_call_return"":0,""complete_seconds"":9.573583800054621,""cost_scope"":""Sum ordinary subprocess creation-through-exit wall over every registered actual attempt; includes ordinary output/diagnostics, excludes outer audit and inter-call waiting"",""known_seconds"":9.573583800054621,""prior_interruption_known_seconds"":0.0,""recorded_measurements"":1,""unknown_measurements"":0,""unknown_time_imputed"":false}"
2fa9a7d72414da2fb4d58de0,posterior,cuda-mala-sequential,1024,11,research_execution,analyzed,valid,,11.90887029998703,11.90887029998703,"{""attempts_missing_call_return"":0,""complete_seconds"":11.90887029998703,""cost_scope"":""Sum all coordinator run/retry calls except completed verification-only returns; includes recorded refusals/recovery/audit/sealing; excludes ledger writes, report observations and inter-call waiting"",""known_seconds"":11.90887029998703,""prior_interruption_known_seconds"":0.0,""recorded_measurements"":1,""unknown_measurements"":0,""unknown_time_imputed"":false}"
2fa9a7d72414da2fb4d58de0,posterior,cuda-mala-sequential,1024,11,additional_verification,analyzed,valid,,0.38144219999958295,0.38144219999958295,"{""attempts_missing_call_return"":0,""complete_seconds"":0.38144219999958295,""cost_scope"":""Completed coordinator calls returning newly_executed=false; kept outside primary execution cost"",""known_seconds"":0.38144219999958295,""prior_interruption_known_seconds"":0.0,""recorded_measurements"":2,""unknown_measurements"":0,""unknown_time_imputed"":false}"
2fa9a7d72414da2fb4d58de0,posterior,cuda-mala-sequential,1024,11,all_invocations,analyzed,valid,,12.290312499986612,12.290312499986612,"{""attempts_missing_call_return"":0,""complete_seconds"":12.290312499986612,""cost_scope"":""All coordinator calls, including additional verification; operational consumption, not standardized time-to-inference"",""known_seconds"":12.290312499986612,""prior_interruption_known_seconds"":0.0,""recorded_measurements"":3,""unknown_measurements"":0,""unknown_time_imputed"":false}"
afa7af5354f24ea781611653,posterior,cpu-mala-sequential,4096,12,ordinary_workflow,analyzed,valid,,8.76409660000354,8.76409660000354,"{""attempts_missing_call_return"":0,""complete_seconds"":8.76409660000354,""cost_scope"":""Sum ordinary subprocess creation-through-exit wall over every registered actual attempt; includes ordinary output/diagnostics, excludes outer audit and inter-call waiting"",""known_seconds"":8.76409660000354,""prior_interruption_known_seconds"":0.0,""recorded_measurements"":1,""unknown_measurements"":0,""unknown_time_imputed"":false}"
afa7af5354f24ea781611653,posterior,cpu-mala-sequential,4096,12,research_execution,analyzed,valid,,11.65217339998344,11.65217339998344,"{""attempts_missing_call_return"":0,""complete_seconds"":11.65217339998344,""cost_scope"":""Sum all coordinator run/retry calls except completed verification-only returns; includes recorded refusals/recovery/audit/sealing; excludes ledger writes, report observations and inter-call waiting"",""known_seconds"":11.65217339998344,""prior_interruption_known_seconds"":0.0,""recorded_measurements"":1,""unknown_measurements"":0,""unknown_time_imputed"":false}"
afa7af5354f24ea781611653,posterior,cpu-mala-sequential,4096,12,additional_verification,analyzed,valid,,0.3895146000013483,0.3895146000013483,"{""attempts_missing_call_return"":0,""complete_seconds"":0.3895146000013483,""cost_scope"":""Completed coordinator calls returning newly_executed=false; kept outside primary execution cost"",""known_seconds"":0.3895146000013483,""prior_interruption_known_seconds"":0.0,""recorded_measurements"":2,""unknown_measurements"":0,""unknown_time_imputed"":false}"
afa7af5354f24ea781611653,posterior,cpu-mala-sequential,4096,12,all_invocations,analyzed,valid,,12.041687999984788,12.041687999984788,"{""attempts_missing_call_return"":0,""complete_seconds"":12.041687999984788,""cost_scope"":""All coordinator calls, including additional verification; operational consumption, not standardized time-to-inference"",""known_seconds"":12.041687999984788,""prior_interruption_known_seconds"":0.0,""recorded_measurements"":3,""unknown_measurements"":0,""unknown_time_imputed"":false}"
8b387ed69a426678538c0e91,posterior,cpu-mala-sequential,1024,11,ordinary_workflow,analyzed,valid,,4.822456899972167,4.822456899972167,"{""attempts_missing_call_return"":0,""complete_seconds"":4.822456899972167,""cost_scope"":""Sum ordinary subprocess creation-through-exit wall over every registered actual attempt; includes ordinary output/diagnostics, excludes outer audit and inter-call waiting"",""known_seconds"":4.822456899972167,""prior_interruption_known_seconds"":0.0,""recorded_measurements"":1,""unknown_measurements"":0,""unknown_time_imputed"":false}"
8b387ed69a426678538c0e91,posterior,cpu-mala-sequential,1024,11,research_execution,analyzed,valid,,7.129661600047257,7.129661600047257,"{""attempts_missing_call_return"":0,""complete_seconds"":7.129661600047257,""cost_scope"":""Sum all coordinator run/retry calls except completed verification-only returns; includes recorded refusals/recovery/audit/sealing; excludes ledger writes, report observations and inter-call waiting"",""known_seconds"":7.129661600047257,""prior_interruption_known_seconds"":0.0,""recorded_measurements"":1,""unknown_measurements"":0,""unknown_time_imputed"":false}"
8b387ed69a426678538c0e91,posterior,cpu-mala-sequential,1024,11,additional_verification,analyzed,valid,,0.3832270000011704,0.3832270000011704,"{""attempts_missing_call_return"":0,""complete_seconds"":0.3832270000011704,""cost_scope"":""Completed coordinator calls returning newly_executed=false; kept outside primary execution cost"",""known_seconds"":0.3832270000011704,""prior_interruption_known_seconds"":0.0,""recorded_measurements"":2,""unknown_measurements"":0,""unknown_time_imputed"":false}"
8b387ed69a426678538c0e91,posterior,cpu-mala-sequential,1024,11,all_invocations,analyzed,valid,,7.512888600048427,7.512888600048427,"{""attempts_missing_call_return"":0,""complete_seconds"":7.512888600048427,""cost_scope"":""All coordinator calls, including additional verification; operational consumption, not standardized time-to-inference"",""known_seconds"":7.512888600048427,""prior_interruption_known_seconds"":0.0,""recorded_measurements"":3,""unknown_measurements"":0,""unknown_time_imputed"":false}"
89ba69c3dd83a29ad04a9a2e,posterior,cuda-mala-quasi_deer,1024,10,ordinary_workflow,analyzed,valid,,23.380631300038658,23.380631300038658,"{""attempts_missing_call_return"":0,""complete_seconds"":23.380631300038658,""cost_scope"":""Sum ordinary subprocess creation-through-exit wall over every registered actual attempt; includes ordinary output/diagnostics, excludes outer audit and inter-call waiting"",""known_seconds"":23.380631300038658,""prior_interruption_known_seconds"":0.0,""recorded_measurements"":1,""unknown_measurements"":0,""unknown_time_imputed"":false}"
89ba69c3dd83a29ad04a9a2e,posterior,cuda-mala-quasi_deer,1024,10,research_execution,analyzed,valid,,25.812264500011224,25.812264500011224,"{""attempts_missing_call_return"":0,""complete_seconds"":25.812264500011224,""cost_scope"":""Sum all coordinator run/retry calls except completed verification-only returns; includes recorded refusals/recovery/audit/sealing; excludes ledger writes, report observations and inter-call waiting"",""known_seconds"":25.812264500011224,""prior_interruption_known_seconds"":0.0,""recorded_measurements"":1,""unknown_measurements"":0,""unknown_time_imputed"":false}"
89ba69c3dd83a29ad04a9a2e,posterior,cuda-mala-quasi_deer,1024,10,additional_verification,analyzed,valid,,0.38661750000028405,0.38661750000028405,"{""attempts_missing_call_return"":0,""complete_seconds"":0.38661750000028405,""cost_scope"":""Completed coordinator calls returning newly_executed=false; kept outside primary execution cost"",""known_seconds"":0.38661750000028405,""prior_interruption_known_seconds"":0.0,""recorded_measurements"":2,""unknown_measurements"":0,""unknown_time_imputed"":false}"
89ba69c3dd83a29ad04a9a2e,posterior,cuda-mala-quasi_deer,1024,10,all_invocations,analyzed,valid,,26.19888200001151,26.19888200001151,"{""attempts_missing_call_return"":0,""complete_seconds"":26.19888200001151,""cost_scope"":""All coordinator calls, including additional verification; operational consumption, not standardized time-to-inference"",""known_seconds"":26.19888200001151,""prior_interruption_known_seconds"":0.0,""recorded_measurements"":3,""unknown_measurements"":0,""unknown_time_imputed"":false}"
0eb9ef2e28735793d7cd847c,posterior,cpu-mala-quasi_deer,1024,9,ordinary_workflow,analyzed,numerical_failure,,17.0214245999814,17.0214245999814,"{""attempts_missing_call_return"":0,""complete_seconds"":17.0214245999814,""cost_scope"":""Sum ordinary subprocess creation-through-exit wall over every registered actual attempt; includes ordinary output/diagnostics, excludes outer audit and inter-call waiting"",""known_seconds"":17.0214245999814,""prior_interruption_known_seconds"":0.0,""recorded_measurements"":1,""unknown_measurements"":0,""unknown_time_imputed"":false}"
0eb9ef2e28735793d7cd847c,posterior,cpu-mala-quasi_deer,1024,9,research_execution,analyzed,numerical_failure,,19.342387599986978,19.342387599986978,"{""attempts_missing_call_return"":0,""complete_seconds"":19.342387599986978,""cost_scope"":""Sum all coordinator run/retry calls except completed verification-only returns; includes recorded refusals/recovery/audit/sealing; excludes ledger writes, report observations and inter-call waiting"",""known_seconds"":19.342387599986978,""prior_interruption_known_seconds"":0.0,""recorded_measurements"":1,""unknown_measurements"":0,""unknown_time_imputed"":false}"
0eb9ef2e28735793d7cd847c,posterior,cpu-mala-quasi_deer,1024,9,additional_verification,analyzed,numerical_failure,,0.38788840000052005,0.38788840000052005,"{""attempts_missing_call_return"":0,""complete_seconds"":0.38788840000052005,""cost_scope"":""Completed coordinator calls returning newly_executed=false; kept outside primary execution cost"",""known_seconds"":0.38788840000052005,""prior_interruption_known_seconds"":0.0,""recorded_measurements"":2,""unknown_measurements"":0,""unknown_time_imputed"":false}"
0eb9ef2e28735793d7cd847c,posterior,cpu-mala-quasi_deer,1024,9,all_invocations,analyzed,numerical_failure,,19.730275999987498,19.730275999987498,"{""attempts_missing_call_return"":0,""complete_seconds"":19.730275999987498,""cost_scope"":""All coordinator calls, including additional verification; operational consumption, not standardized time-to-inference"",""known_seconds"":19.730275999987498,""prior_interruption_known_seconds"":0.0,""recorded_measurements"":3,""unknown_measurements"":0,""unknown_time_imputed"":false}"
156b72020bedaaeed7d55c4f,posterior,cpu-mala-sequential,1024,14,ordinary_workflow,analyzed,valid,,4.792945199995302,4.792945199995302,"{""attempts_missing_call_return"":0,""complete_seconds"":4.792945199995302,""cost_scope"":""Sum ordinary subprocess creation-through-exit wall over every registered actual attempt; includes ordinary output/diagnostics, excludes outer audit and inter-call waiting"",""known_seconds"":4.792945199995302,""prior_interruption_known_seconds"":0.0,""recorded_measurements"":1,""unknown_measurements"":0,""unknown_time_imputed"":false}"
156b72020bedaaeed7d55c4f,posterior,cpu-mala-sequential,1024,14,research_execution,analyzed,valid,,7.108710500004236,7.108710500004236,"{""attempts_missing_call_return"":0,""complete_seconds"":7.108710500004236,""cost_scope"":""Sum all coordinator run/retry calls except completed verification-only returns; includes recorded refusals/recovery/audit/sealing; excludes ledger writes, report observations and inter-call waiting"",""known_seconds"":7.108710500004236,""prior_interruption_known_seconds"":0.0,""recorded_measurements"":1,""unknown_measurements"":0,""unknown_time_imputed"":false}"
156b72020bedaaeed7d55c4f,posterior,cpu-mala-sequential,1024,14,additional_verification,analyzed,valid,,0.38440490000266436,0.38440490000266436,"{""attempts_missing_call_return"":0,""complete_seconds"":0.38440490000266436,""cost_scope"":""Completed coordinator calls returning newly_executed=false; kept outside primary execution cost"",""known_seconds"":0.38440490000266436,""prior_interruption_known_seconds"":0.0,""recorded_measurements"":2,""unknown_measurements"":0,""unknown_time_imputed"":false}"
156b72020bedaaeed7d55c4f,posterior,cpu-mala-sequential,1024,14,all_invocations,analyzed,valid,,7.4931154000069,7.4931154000069,"{""attempts_missing_call_return"":0,""complete_seconds"":7.4931154000069,""cost_scope"":""All coordinator calls, including additional verification; operational consumption, not standardized time-to-inference"",""known_seconds"":7.4931154000069,""prior_interruption_known_seconds"":0.0,""recorded_measurements"":3,""unknown_measurements"":0,""unknown_time_imputed"":false}"
7d7e8d81e7e9bdd338388909,posterior,cpu-nuts-spawn_chains,1024,14,ordinary_workflow,analyzed,valid,,42.655998899950646,42.655998899950646,"{""attempts_missing_call_return"":0,""complete_seconds"":42.655998899950646,""cost_scope"":""Sum ordinary subprocess creation-through-exit wall over every registered actual attempt; includes ordinary output/diagnostics, excludes outer audit and inter-call waiting"",""known_seconds"":42.655998899950646,""prior_interruption_known_seconds"":0.0,""recorded_measurements"":1,""unknown_measurements"":0,""unknown_time_imputed"":false}"
7d7e8d81e7e9bdd338388909,posterior,cpu-nuts-spawn_chains,1024,14,research_execution,analyzed,valid,,44.91288330004318,44.91288330004318,"{""attempts_missing_call_return"":0,""complete_seconds"":44.91288330004318,""cost_scope"":""Sum all coordinator run/retry calls except completed verification-only returns; includes recorded refusals/recovery/audit/sealing; excludes ledger writes, report observations and inter-call waiting"",""known_seconds"":44.91288330004318,""prior_interruption_known_seconds"":0.0,""recorded_measurements"":1,""unknown_measurements"":0,""unknown_time_imputed"":false}"
7d7e8d81e7e9bdd338388909,posterior,cpu-nuts-spawn_chains,1024,14,additional_verification,analyzed,valid,,0.427207400000043,0.427207400000043,"{""attempts_missing_call_return"":0,""complete_seconds"":0.427207400000043,""cost_scope"":""Completed coordinator calls returning newly_executed=false; kept outside primary execution cost"",""known_seconds"":0.427207400000043,""prior_interruption_known_seconds"":0.0,""recorded_measurements"":2,""unknown_measurements"":0,""unknown_time_imputed"":false}"
7d7e8d81e7e9bdd338388909,posterior,cpu-nuts-spawn_chains,1024,14,all_invocations,analyzed,valid,,45.34009070004322,45.34009070004322,"{""attempts_missing_call_return"":0,""complete_seconds"":45.34009070004322,""cost_scope"":""All coordinator calls, including additional verification; operational consumption, not standardized time-to-inference"",""known_seconds"":45.34009070004322,""prior_interruption_known_seconds"":0.0,""recorded_measurements"":3,""unknown_measurements"":0,""unknown_time_imputed"":false}"
5a0827e6a682379407528dd1,posterior,cpu-mala-sequential,4096,8,ordinary_workflow,analyzed,valid,,8.742205399961676,8.742205399961676,"{""attempts_missing_call_return"":0,""complete_seconds"":8.742205399961676,""cost_scope"":""Sum ordinary subprocess creation-through-exit wall over every registered actual attempt; includes ordinary output/diagnostics, excludes outer audit and inter-call waiting"",""known_seconds"":8.742205399961676,""prior_interruption_known_seconds"":0.0,""recorded_measurements"":1,""unknown_measurements"":0,""unknown_time_imputed"":false}"
5a0827e6a682379407528dd1,posterior,cpu-mala-sequential,4096,8,research_execution,analyzed,valid,,11.454797399987001,11.454797399987001,"{""attempts_missing_call_return"":0,""complete_seconds"":11.454797399987001,""cost_scope"":""Sum all coordinator run/retry calls except completed verification-only returns; includes recorded refusals/recovery/audit/sealing; excludes ledger writes, report observations and inter-call waiting"",""known_seconds"":11.454797399987001,""prior_interruption_known_seconds"":0.0,""recorded_measurements"":1,""unknown_measurements"":0,""unknown_time_imputed"":false}"
5a0827e6a682379407528dd1,posterior,cpu-mala-sequential,4096,8,additional_verification,analyzed,valid,,0.4085497000032774,0.4085497000032774,"{""attempts_missing_call_return"":0,""complete_seconds"":0.4085497000032774,""cost_scope"":""Completed coordinator calls returning newly_executed=false; kept outside primary execution cost"",""known_seconds"":0.4085497000032774,""prior_interruption_known_seconds"":0.0,""recorded_measurements"":2,""unknown_measurements"":0,""unknown_time_imputed"":false}"
5a0827e6a682379407528dd1,posterior,cpu-mala-sequential,4096,8,all_invocations,analyzed,valid,,11.863347099990278,11.863347099990278,"{""attempts_missing_call_return"":0,""complete_seconds"":11.863347099990278,""cost_scope"":""All coordinator calls, including additional verification; operational consumption, not standardized time-to-inference"",""known_seconds"":11.863347099990278,""prior_interruption_known_seconds"":0.0,""recorded_measurements"":3,""unknown_measurements"":0,""unknown_time_imputed"":false}"
12636718987f9401c019372f,posterior,cpu-mala-quasi_deer,4096,13,ordinary_workflow,analyzed,valid,,43.632723000016995,43.632723000016995,"{""attempts_missing_call_return"":0,""complete_seconds"":43.632723000016995,""cost_scope"":""Sum ordinary subprocess creation-through-exit wall over every registered actual attempt; includes ordinary output/diagnostics, excludes outer audit and inter-call waiting"",""known_seconds"":43.632723000016995,""prior_interruption_known_seconds"":0.0,""recorded_measurements"":1,""unknown_measurements"":0,""unknown_time_imputed"":false}"
12636718987f9401c019372f,posterior,cpu-mala-quasi_deer,4096,13,research_execution,analyzed,valid,,46.47277799999574,46.47277799999574,"{""attempts_missing_call_return"":0,""complete_seconds"":46.47277799999574,""cost_scope"":""Sum all coordinator run/retry calls except completed verification-only returns; includes recorded refusals/recovery/audit/sealing; excludes ledger writes, report observations and inter-call waiting"",""known_seconds"":46.47277799999574,""prior_interruption_known_seconds"":0.0,""recorded_measurements"":1,""unknown_measurements"":0,""unknown_time_imputed"":false}"
12636718987f9401c019372f,posterior,cpu-mala-quasi_deer,4096,13,additional_verification,analyzed,valid,,0.4017744999982824,0.4017744999982824,"{""attempts_missing_call_return"":0,""complete_seconds"":0.4017744999982824,""cost_scope"":""Completed coordinator calls returning newly_executed=false; kept outside primary execution cost"",""known_seconds"":0.4017744999982824,""prior_interruption_known_seconds"":0.0,""recorded_measurements"":2,""unknown_measurements"":0,""unknown_time_imputed"":false}"
12636718987f9401c019372f,posterior,cpu-mala-quasi_deer,4096,13,all_invocations,analyzed,valid,,46.874552499994024,46.874552499994024,"{""attempts_missing_call_return"":0,""complete_seconds"":46.874552499994024,""cost_scope"":""All coordinator calls, including additional verification; operational consumption, not standardized time-to-inference"",""known_seconds"":46.874552499994024,""prior_interruption_known_seconds"":0.0,""recorded_measurements"":3,""unknown_measurements"":0,""unknown_time_imputed"":false}"
84a0ceea83c388b41129fbae,posterior,cpu-mala-sequential,4096,9,ordinary_workflow,analyzed,valid,,8.688603700022213,8.688603700022213,"{""attempts_missing_call_return"":0,""complete_seconds"":8.688603700022213,""cost_scope"":""Sum ordinary subprocess creation-through-exit wall over every registered actual attempt; includes ordinary output/diagnostics, excludes outer audit and inter-call waiting"",""known_seconds"":8.688603700022213,""prior_interruption_known_seconds"":0.0,""recorded_measurements"":1,""unknown_measurements"":0,""unknown_time_imputed"":false}"
84a0ceea83c388b41129fbae,posterior,cpu-mala-sequential,4096,9,research_execution,analyzed,valid,,11.480236499977764,11.480236499977764,"{""attempts_missing_call_return"":0,""complete_seconds"":11.480236499977764,""cost_scope"":""Sum all coordinator run/retry calls except completed verification-only returns; includes recorded refusals/recovery/audit/sealing; excludes ledger writes, report observations and inter-call waiting"",""known_seconds"":11.480236499977764,""prior_interruption_known_seconds"":0.0,""recorded_measurements"":1,""unknown_measurements"":0,""unknown_time_imputed"":false}"
84a0ceea83c388b41129fbae,posterior,cpu-mala-sequential,4096,9,additional_verification,analyzed,valid,,0.4404762000021947,0.4404762000021947,"{""attempts_missing_call_return"":0,""complete_seconds"":0.4404762000021947,""cost_scope"":""Completed coordinator calls returning newly_executed=false; kept outside primary execution cost"",""known_seconds"":0.4404762000021947,""prior_interruption_known_seconds"":0.0,""recorded_measurements"":2,""unknown_measurements"":0,""unknown_time_imputed"":false}"
84a0ceea83c388b41129fbae,posterior,cpu-mala-sequential,4096,9,all_invocations,analyzed,valid,,11.920712699979958,11.920712699979958,"{""attempts_missing_call_return"":0,""complete_seconds"":11.920712699979958,""cost_scope"":""All coordinator calls, including additional verification; operational consumption, not standardized time-to-inference"",""known_seconds"":11.920712699979958,""prior_interruption_known_seconds"":0.0,""recorded_measurements"":3,""unknown_measurements"":0,""unknown_time_imputed"":false}"
f6eaf18b871386ec24a10f18,posterior,cuda-mala-quasi_deer,4096,9,ordinary_workflow,analyzed,numerical_failure,,67.35300120001193,67.35300120001193,"{""attempts_missing_call_return"":0,""complete_seconds"":67.35300120001193,""cost_scope"":""Sum ordinary subprocess creation-through-exit wall over every registered actual attempt; includes ordinary output/diagnostics, excludes outer audit and inter-call waiting"",""known_seconds"":67.35300120001193,""prior_interruption_known_seconds"":0.0,""recorded_measurements"":1,""unknown_measurements"":0,""unknown_time_imputed"":false}"
f6eaf18b871386ec24a10f18,posterior,cuda-mala-quasi_deer,4096,9,research_execution,analyzed,numerical_failure,,70.10591669997666,70.10591669997666,"{""attempts_missing_call_return"":0,""complete_seconds"":70.10591669997666,""cost_scope"":""Sum all coordinator run/retry calls except completed verification-only returns; includes recorded refusals/recovery/audit/sealing; excludes ledger writes, report observations and inter-call waiting"",""known_seconds"":70.10591669997666,""prior_interruption_known_seconds"":0.0,""recorded_measurements"":1,""unknown_measurements"":0,""unknown_time_imputed"":false}"
f6eaf18b871386ec24a10f18,posterior,cuda-mala-quasi_deer,4096,9,additional_verification,analyzed,numerical_failure,,0.38994069999898784,0.38994069999898784,"{""attempts_missing_call_return"":0,""complete_seconds"":0.38994069999898784,""cost_scope"":""Completed coordinator calls returning newly_executed=false; kept outside primary execution cost"",""known_seconds"":0.38994069999898784,""prior_interruption_known_seconds"":0.0,""recorded_measurements"":2,""unknown_measurements"":0,""unknown_time_imputed"":false}"
f6eaf18b871386ec24a10f18,posterior,cuda-mala-quasi_deer,4096,9,all_invocations,analyzed,numerical_failure,,70.49585739997565,70.49585739997565,"{""attempts_missing_call_return"":0,""complete_seconds"":70.49585739997565,""cost_scope"":""All coordinator calls, including additional verification; operational consumption, not standardized time-to-inference"",""known_seconds"":70.49585739997565,""prior_interruption_known_seconds"":0.0,""recorded_measurements"":3,""unknown_measurements"":0,""unknown_time_imputed"":false}"
88a6a523c6123fbf29c13d84,posterior,cuda-rwm-sequential,4096,12,ordinary_workflow,analyzed,valid,,6.4521471000043675,6.4521471000043675,"{""attempts_missing_call_return"":0,""complete_seconds"":6.4521471000043675,""cost_scope"":""Sum ordinary subprocess creation-through-exit wall over every registered actual attempt; includes ordinary output/diagnostics, excludes outer audit and inter-call waiting"",""known_seconds"":6.4521471000043675,""prior_interruption_known_seconds"":0.0,""recorded_measurements"":1,""unknown_measurements"":0,""unknown_time_imputed"":false}"
88a6a523c6123fbf29c13d84,posterior,cuda-rwm-sequential,4096,12,research_execution,analyzed,valid,,8.860420399985742,8.860420399985742,"{""attempts_missing_call_return"":0,""complete_seconds"":8.860420399985742,""cost_scope"":""Sum all coordinator run/retry calls except completed verification-only returns; includes recorded refusals/recovery/audit/sealing; excludes ledger writes, report observations and inter-call waiting"",""known_seconds"":8.860420399985742,""prior_interruption_known_seconds"":0.0,""recorded_measurements"":1,""unknown_measurements"":0,""unknown_time_imputed"":false}"
88a6a523c6123fbf29c13d84,posterior,cuda-rwm-sequential,4096,12,additional_verification,analyzed,valid,,0.41780130000006466,0.41780130000006466,"{""attempts_missing_call_return"":0,""complete_seconds"":0.41780130000006466,""cost_scope"":""Completed coordinator calls returning newly_executed=false; kept outside primary execution cost"",""known_seconds"":0.41780130000006466,""prior_interruption_known_seconds"":0.0,""recorded_measurements"":2,""unknown_measurements"":0,""unknown_time_imputed"":false}"
88a6a523c6123fbf29c13d84,posterior,cuda-rwm-sequential,4096,12,all_invocations,analyzed,valid,,9.278221699985806,9.278221699985806,"{""attempts_missing_call_return"":0,""complete_seconds"":9.278221699985806,""cost_scope"":""All coordinator calls, including additional verification; operational consumption, not standardized time-to-inference"",""known_seconds"":9.278221699985806,""prior_interruption_known_seconds"":0.0,""recorded_measurements"":3,""unknown_measurements"":0,""unknown_time_imputed"":false}"
c7e01488f9b242f1b429fbaa,posterior,cuda-mala-sequential,1024,13,ordinary_workflow,analyzed,valid,,8.126056300010532,8.126056300010532,"{""attempts_missing_call_return"":0,""complete_seconds"":8.126056300010532,""cost_scope"":""Sum ordinary subprocess creation-through-exit wall over every registered actual attempt; includes ordinary output/diagnostics, excludes outer audit and inter-call waiting"",""known_seconds"":8.126056300010532,""prior_interruption_known_seconds"":0.0,""recorded_measurements"":1,""unknown_measurements"":0,""unknown_time_imputed"":false}"
c7e01488f9b242f1b429fbaa,posterior,cuda-mala-sequential,1024,13,research_execution,analyzed,valid,,10.576583099958953,10.576583099958953,"{""attempts_missing_call_return"":0,""complete_seconds"":10.576583099958953,""cost_scope"":""Sum all coordinator run/retry calls except completed verification-only returns; includes recorded refusals/recovery/audit/sealing; excludes ledger writes, report observations and inter-call waiting"",""known_seconds"":10.576583099958953,""prior_interruption_known_seconds"":0.0,""recorded_measurements"":1,""unknown_measurements"":0,""unknown_time_imputed"":false}"
c7e01488f9b242f1b429fbaa,posterior,cuda-mala-sequential,1024,13,additional_verification,analyzed,valid,,0.3921556999976019,0.3921556999976019,"{""attempts_missing_call_return"":0,""complete_seconds"":0.3921556999976019,""cost_scope"":""Completed coordinator calls returning newly_executed=false; kept outside primary execution cost"",""known_seconds"":0.3921556999976019,""prior_interruption_known_seconds"":0.0,""recorded_measurements"":2,""unknown_measurements"":0,""unknown_time_imputed"":false}"
c7e01488f9b242f1b429fbaa,posterior,cuda-mala-sequential,1024,13,all_invocations,analyzed,valid,,10.968738799956554,10.968738799956554,"{""attempts_missing_call_return"":0,""complete_seconds"":10.968738799956554,""cost_scope"":""All coordinator calls, including additional verification; operational consumption, not standardized time-to-inference"",""known_seconds"":10.968738799956554,""prior_interruption_known_seconds"":0.0,""recorded_measurements"":3,""unknown_measurements"":0,""unknown_time_imputed"":false}"
b6edb5a086c30b22fd1e2666,posterior,cuda-mala-sequential,1024,9,ordinary_workflow,analyzed,valid,,9.478801699995529,9.478801699995529,"{""attempts_missing_call_return"":0,""complete_seconds"":9.478801699995529,""cost_scope"":""Sum ordinary subprocess creation-through-exit wall over every registered actual attempt; includes ordinary output/diagnostics, excludes outer audit and inter-call waiting"",""known_seconds"":9.478801699995529,""prior_interruption_known_seconds"":0.0,""recorded_measurements"":1,""unknown_measurements"":0,""unknown_time_imputed"":false}"
b6edb5a086c30b22fd1e2666,posterior,cuda-mala-sequential,1024,9,research_execution,analyzed,valid,,11.947223900002427,11.947223900002427,"{""attempts_missing_call_return"":0,""complete_seconds"":11.947223900002427,""cost_scope"":""Sum all coordinator run/retry calls except completed verification-only returns; includes recorded refusals/recovery/audit/sealing; excludes ledger writes, report observations and inter-call waiting"",""known_seconds"":11.947223900002427,""prior_interruption_known_seconds"":0.0,""recorded_measurements"":1,""unknown_measurements"":0,""unknown_time_imputed"":false}"
b6edb5a086c30b22fd1e2666,posterior,cuda-mala-sequential,1024,9,additional_verification,analyzed,valid,,0.36802129999796307,0.36802129999796307,"{""attempts_missing_call_return"":0,""complete_seconds"":0.36802129999796307,""cost_scope"":""Completed coordinator calls returning newly_executed=false; kept outside primary execution cost"",""known_seconds"":0.36802129999796307,""prior_interruption_known_seconds"":0.0,""recorded_measurements"":2,""unknown_measurements"":0,""unknown_time_imputed"":false}"
b6edb5a086c30b22fd1e2666,posterior,cuda-mala-sequential,1024,9,all_invocations,analyzed,valid,,12.31524520000039,12.31524520000039,"{""attempts_missing_call_return"":0,""complete_seconds"":12.31524520000039,""cost_scope"":""All coordinator calls, including additional verification; operational consumption, not standardized time-to-inference"",""known_seconds"":12.31524520000039,""prior_interruption_known_seconds"":0.0,""recorded_measurements"":3,""unknown_measurements"":0,""unknown_time_imputed"":false}"
0c02add540c8194d4e6125d6,posterior,cpu-rwm-online_picard,4096,11,ordinary_workflow,analyzed,valid,,3.9090421000146307,3.9090421000146307,"{""attempts_missing_call_return"":0,""complete_seconds"":3.9090421000146307,""cost_scope"":""Sum ordinary subprocess creation-through-exit wall over every registered actual attempt; includes ordinary output/diagnostics, excludes outer audit and inter-call waiting"",""known_seconds"":3.9090421000146307,""prior_interruption_known_seconds"":0.0,""recorded_measurements"":1,""unknown_measurements"":0,""unknown_time_imputed"":false}"
0c02add540c8194d4e6125d6,posterior,cpu-rwm-online_picard,4096,11,research_execution,analyzed,valid,,6.271379699988756,6.271379699988756,"{""attempts_missing_call_return"":0,""complete_seconds"":6.271379699988756,""cost_scope"":""Sum all coordinator run/retry calls except completed verification-only returns; includes recorded refusals/recovery/audit/sealing; excludes ledger writes, report observations and inter-call waiting"",""known_seconds"":6.271379699988756,""prior_interruption_known_seconds"":0.0,""recorded_measurements"":1,""unknown_measurements"":0,""unknown_time_imputed"":false}"
0c02add540c8194d4e6125d6,posterior,cpu-rwm-online_picard,4096,11,additional_verification,analyzed,valid,,0.4245604000025196,0.4245604000025196,"{""attempts_missing_call_return"":0,""complete_seconds"":0.4245604000025196,""cost_scope"":""Completed coordinator calls returning newly_executed=false; kept outside primary execution cost"",""known_seconds"":0.4245604000025196,""prior_interruption_known_seconds"":0.0,""recorded_measurements"":2,""unknown_measurements"":0,""unknown_time_imputed"":false}"
0c02add540c8194d4e6125d6,posterior,cpu-rwm-online_picard,4096,11,all_invocations,analyzed,valid,,6.695940099991276,6.695940099991276,"{""attempts_missing_call_return"":0,""complete_seconds"":6.695940099991276,""cost_scope"":""All coordinator calls, including additional verification; operational consumption, not standardized time-to-inference"",""known_seconds"":6.695940099991276,""prior_interruption_known_seconds"":0.0,""recorded_measurements"":3,""unknown_measurements"":0,""unknown_time_imputed"":false}"
c4fb46c825143577b4cd024e,posterior,cpu-rwm-sequential,4096,8,ordinary_workflow,analyzed,valid,,3.3931125000235625,3.3931125000235625,"{""attempts_missing_call_return"":0,""complete_seconds"":3.3931125000235625,""cost_scope"":""Sum ordinary subprocess creation-through-exit wall over every registered actual attempt; includes ordinary output/diagnostics, excludes outer audit and inter-call waiting"",""known_seconds"":3.3931125000235625,""prior_interruption_known_seconds"":0.0,""recorded_measurements"":1,""unknown_measurements"":0,""unknown_time_imputed"":false}"
c4fb46c825143577b4cd024e,posterior,cpu-rwm-sequential,4096,8,research_execution,analyzed,valid,,5.786439299990889,5.786439299990889,"{""attempts_missing_call_return"":0,""complete_seconds"":5.786439299990889,""cost_scope"":""Sum all coordinator run/retry calls except completed verification-only returns; includes recorded refusals/recovery/audit/sealing; excludes ledger writes, report observations and inter-call waiting"",""known_seconds"":5.786439299990889,""prior_interruption_known_seconds"":0.0,""recorded_measurements"":1,""unknown_measurements"":0,""unknown_time_imputed"":false}"
c4fb46c825143577b4cd024e,posterior,cpu-rwm-sequential,4096,8,additional_verification,analyzed,valid,,0.3645403999998962,0.3645403999998962,"{""attempts_missing_call_return"":0,""complete_seconds"":0.3645403999998962,""cost_scope"":""Completed coordinator calls returning newly_executed=false; kept outside primary execution cost"",""known_seconds"":0.3645403999998962,""prior_interruption_known_seconds"":0.0,""recorded_measurements"":2,""unknown_measurements"":0,""unknown_time_imputed"":false}"
c4fb46c825143577b4cd024e,posterior,cpu-rwm-sequential,4096,8,all_invocations,analyzed,valid,,6.150979699990785,6.150979699990785,"{""attempts_missing_call_return"":0,""complete_seconds"":6.150979699990785,""cost_scope"":""All coordinator calls, including additional verification; operational consumption, not standardized time-to-inference"",""known_seconds"":6.150979699990785,""prior_interruption_known_seconds"":0.0,""recorded_measurements"":3,""unknown_measurements"":0,""unknown_time_imputed"":false}"
719d0d1de694cf6b35cc621a,posterior,cpu-mala-sequential,4096,15,ordinary_workflow,analyzed,valid,,8.675508200016338,8.675508200016338,"{""attempts_missing_call_return"":0,""complete_seconds"":8.675508200016338,""cost_scope"":""Sum ordinary subprocess creation-through-exit wall over every registered actual attempt; includes ordinary output/diagnostics, excludes outer audit and inter-call waiting"",""known_seconds"":8.675508200016338,""prior_interruption_known_seconds"":0.0,""recorded_measurements"":1,""unknown_measurements"":0,""unknown_time_imputed"":false}"
719d0d1de694cf6b35cc621a,posterior,cpu-mala-sequential,4096,15,research_execution,analyzed,valid,,11.442492600006517,11.442492600006517,"{""attempts_missing_call_return"":0,""complete_seconds"":11.442492600006517,""cost_scope"":""Sum all coordinator run/retry calls except completed verification-only returns; includes recorded refusals/recovery/audit/sealing; excludes ledger writes, report observations and inter-call waiting"",""known_seconds"":11.442492600006517,""prior_interruption_known_seconds"":0.0,""recorded_measurements"":1,""unknown_measurements"":0,""unknown_time_imputed"":false}"
719d0d1de694cf6b35cc621a,posterior,cpu-mala-sequential,4096,15,additional_verification,analyzed,valid,,0.37089970000033645,0.37089970000033645,"{""attempts_missing_call_return"":0,""complete_seconds"":0.37089970000033645,""cost_scope"":""Completed coordinator calls returning newly_executed=false; kept outside primary execution cost"",""known_seconds"":0.37089970000033645,""prior_interruption_known_seconds"":0.0,""recorded_measurements"":2,""unknown_measurements"":0,""unknown_time_imputed"":false}"
719d0d1de694cf6b35cc621a,posterior,cpu-mala-sequential,4096,15,all_invocations,analyzed,valid,,11.813392300006853,11.813392300006853,"{""attempts_missing_call_return"":0,""complete_seconds"":11.813392300006853,""cost_scope"":""All coordinator calls, including additional verification; operational consumption, not standardized time-to-inference"",""known_seconds"":11.813392300006853,""prior_interruption_known_seconds"":0.0,""recorded_measurements"":3,""unknown_measurements"":0,""unknown_time_imputed"":false}"
dd16a2384d2b4795c68815f3,posterior,cuda-mala-quasi_deer,4096,14,ordinary_workflow,analyzed,numerical_failure,,76.82433650002349,76.82433650002349,"{""attempts_missing_call_return"":0,""complete_seconds"":76.82433650002349,""cost_scope"":""Sum ordinary subprocess creation-through-exit wall over every registered actual attempt; includes ordinary output/diagnostics, excludes outer audit and inter-call waiting"",""known_seconds"":76.82433650002349,""prior_interruption_known_seconds"":0.0,""recorded_measurements"":1,""unknown_measurements"":0,""unknown_time_imputed"":false}"
dd16a2384d2b4795c68815f3,posterior,cuda-mala-quasi_deer,4096,14,research_execution,analyzed,numerical_failure,,79.79472310002893,79.79472310002893,"{""attempts_missing_call_return"":0,""complete_seconds"":79.79472310002893,""cost_scope"":""Sum all coordinator run/retry calls except completed verification-only returns; includes recorded refusals/recovery/audit/sealing; excludes ledger writes, report observations and inter-call waiting"",""known_seconds"":79.79472310002893,""prior_interruption_known_seconds"":0.0,""recorded_measurements"":1,""unknown_measurements"":0,""unknown_time_imputed"":false}"
dd16a2384d2b4795c68815f3,posterior,cuda-mala-quasi_deer,4096,14,additional_verification,analyzed,numerical_failure,,0.37424209999880986,0.37424209999880986,"{""attempts_missing_call_return"":0,""complete_seconds"":0.37424209999880986,""cost_scope"":""Completed coordinator calls returning newly_executed=false; kept outside primary execution cost"",""known_seconds"":0.37424209999880986,""prior_interruption_known_seconds"":0.0,""recorded_measurements"":2,""unknown_measurements"":0,""unknown_time_imputed"":false}"
dd16a2384d2b4795c68815f3,posterior,cuda-mala-quasi_deer,4096,14,all_invocations,analyzed,numerical_failure,,80.16896520002774,80.16896520002774,"{""attempts_missing_call_return"":0,""complete_seconds"":80.16896520002774,""cost_scope"":""All coordinator calls, including additional verification; operational consumption, not standardized time-to-inference"",""known_seconds"":80.16896520002774,""prior_interruption_known_seconds"":0.0,""recorded_measurements"":3,""unknown_measurements"":0,""unknown_time_imputed"":false}"
79d4310b84f6794ba229970f,posterior,cpu-rwm-online_picard,1024,15,ordinary_workflow,analyzed,valid,,2.701209199964069,2.701209199964069,"{""attempts_missing_call_return"":0,""complete_seconds"":2.701209199964069,""cost_scope"":""Sum ordinary subprocess creation-through-exit wall over every registered actual attempt; includes ordinary output/diagnostics, excludes outer audit and inter-call waiting"",""known_seconds"":2.701209199964069,""prior_interruption_known_seconds"":0.0,""recorded_measurements"":1,""unknown_measurements"":0,""unknown_time_imputed"":false}"
79d4310b84f6794ba229970f,posterior,cpu-rwm-online_picard,1024,15,research_execution,analyzed,valid,,4.942083800036926,4.942083800036926,"{""attempts_missing_call_return"":0,""complete_seconds"":4.942083800036926,""cost_scope"":""Sum all coordinator run/retry calls except completed verification-only returns; includes recorded refusals/recovery/audit/sealing; excludes ledger writes, report observations and inter-call waiting"",""known_seconds"":4.942083800036926,""prior_interruption_known_seconds"":0.0,""recorded_measurements"":1,""unknown_measurements"":0,""unknown_time_imputed"":false}"
79d4310b84f6794ba229970f,posterior,cpu-rwm-online_picard,1024,15,additional_verification,analyzed,valid,,0.3654876000009608,0.3654876000009608,"{""attempts_missing_call_return"":0,""complete_seconds"":0.3654876000009608,""cost_scope"":""Completed coordinator calls returning newly_executed=false; kept outside primary execution cost"",""known_seconds"":0.3654876000009608,""prior_interruption_known_seconds"":0.0,""recorded_measurements"":2,""unknown_measurements"":0,""unknown_time_imputed"":false}"
79d4310b84f6794ba229970f,posterior,cpu-rwm-online_picard,1024,15,all_invocations,analyzed,valid,,5.307571400037887,5.307571400037887,"{""attempts_missing_call_return"":0,""complete_seconds"":5.307571400037887,""cost_scope"":""All coordinator calls, including additional verification; operational consumption, not standardized time-to-inference"",""known_seconds"":5.307571400037887,""prior_interruption_known_seconds"":0.0,""recorded_measurements"":3,""unknown_measurements"":0,""unknown_time_imputed"":false}"
640260da144294f2514d8c0f,posterior,cuda-mala-sequential,4096,12,ordinary_workflow,analyzed,valid,,21.163422099954914,21.163422099954914,"{""attempts_missing_call_return"":0,""complete_seconds"":21.163422099954914,""cost_scope"":""Sum ordinary subprocess creation-through-exit wall over every registered actual attempt; includes ordinary output/diagnostics, excludes outer audit and inter-call waiting"",""known_seconds"":21.163422099954914,""prior_interruption_known_seconds"":0.0,""recorded_measurements"":1,""unknown_measurements"":0,""unknown_time_imputed"":false}"
640260da144294f2514d8c0f,posterior,cuda-mala-sequential,4096,12,research_execution,analyzed,valid,,24.045974100008607,24.045974100008607,"{""attempts_missing_call_return"":0,""complete_seconds"":24.045974100008607,""cost_scope"":""Sum all coordinator run/retry calls except completed verification-only returns; includes recorded refusals/recovery/audit/sealing; excludes ledger writes, report observations and inter-call waiting"",""known_seconds"":24.045974100008607,""prior_interruption_known_seconds"":0.0,""recorded_measurements"":1,""unknown_measurements"":0,""unknown_time_imputed"":false}"
640260da144294f2514d8c0f,posterior,cuda-mala-sequential,4096,12,additional_verification,analyzed,valid,,0.36827160000211734,0.36827160000211734,"{""attempts_missing_call_return"":0,""complete_seconds"":0.36827160000211734,""cost_scope"":""Completed coordinator calls returning newly_executed=false; kept outside primary execution cost"",""known_seconds"":0.36827160000211734,""prior_interruption_known_seconds"":0.0,""recorded_measurements"":2,""unknown_measurements"":0,""unknown_time_imputed"":false}"
640260da144294f2514d8c0f,posterior,cuda-mala-sequential,4096,12,all_invocations,analyzed,valid,,24.414245700010724,24.414245700010724,"{""attempts_missing_call_return"":0,""complete_seconds"":24.414245700010724,""cost_scope"":""All coordinator calls, including additional verification; operational consumption, not standardized time-to-inference"",""known_seconds"":24.414245700010724,""prior_interruption_known_seconds"":0.0,""recorded_measurements"":3,""unknown_measurements"":0,""unknown_time_imputed"":false}"
851b735d457337dd6a2a5a42,posterior,cpu-rwm-sequential,1024,11,ordinary_workflow,analyzed,valid,,2.5541221000021324,2.5541221000021324,"{""attempts_missing_call_return"":0,""complete_seconds"":2.5541221000021324,""cost_scope"":""Sum ordinary subprocess creation-through-exit wall over every registered actual attempt; includes ordinary output/diagnostics, excludes outer audit and inter-call waiting"",""known_seconds"":2.5541221000021324,""prior_interruption_known_seconds"":0.0,""recorded_measurements"":1,""unknown_measurements"":0,""unknown_time_imputed"":false}"
851b735d457337dd6a2a5a42,posterior,cpu-rwm-sequential,1024,11,research_execution,analyzed,valid,,4.7224194999434985,4.7224194999434985,"{""attempts_missing_call_return"":0,""complete_seconds"":4.7224194999434985,""cost_scope"":""Sum all coordinator run/retry calls except completed verification-only returns; includes recorded refusals/recovery/audit/sealing; excludes ledger writes, report observations and inter-call waiting"",""known_seconds"":4.7224194999434985,""prior_interruption_known_seconds"":0.0,""recorded_measurements"":1,""unknown_measurements"":0,""unknown_time_imputed"":false}"
851b735d457337dd6a2a5a42,posterior,cpu-rwm-sequential,1024,11,additional_verification,analyzed,valid,,0.36743039999691973,0.36743039999691973,"{""attempts_missing_call_return"":0,""complete_seconds"":0.36743039999691973,""cost_scope"":""Completed coordinator calls returning newly_executed=false; kept outside primary execution cost"",""known_seconds"":0.36743039999691973,""prior_interruption_known_seconds"":0.0,""recorded_measurements"":2,""unknown_measurements"":0,""unknown_time_imputed"":false}"
851b735d457337dd6a2a5a42,posterior,cpu-rwm-sequential,1024,11,all_invocations,analyzed,valid,,5.089849899940418,5.089849899940418,"{""attempts_missing_call_return"":0,""complete_seconds"":5.089849899940418,""cost_scope"":""All coordinator calls, including additional verification; operational consumption, not standardized time-to-inference"",""known_seconds"":5.089849899940418,""prior_interruption_known_seconds"":0.0,""recorded_measurements"":3,""unknown_measurements"":0,""unknown_time_imputed"":false}"
72b445e23c706f5f7aee7929,posterior,cuda-mala-sequential,1024,12,ordinary_workflow,analyzed,valid,,9.791520899976604,9.791520899976604,"{""attempts_missing_call_return"":0,""complete_seconds"":9.791520899976604,""cost_scope"":""Sum ordinary subprocess creation-through-exit wall over every registered actual attempt; includes ordinary output/diagnostics, excludes outer audit and inter-call waiting"",""known_seconds"":9.791520899976604,""prior_interruption_known_seconds"":0.0,""recorded_measurements"":1,""unknown_measurements"":0,""unknown_time_imputed"":false}"
72b445e23c706f5f7aee7929,posterior,cuda-mala-sequential,1024,12,research_execution,analyzed,valid,,12.138583599997219,12.138583599997219,"{""attempts_missing_call_return"":0,""complete_seconds"":12.138583599997219,""cost_scope"":""Sum all coordinator run/retry calls except completed verification-only returns; includes recorded refusals/recovery/audit/sealing; excludes ledger writes, report observations and inter-call waiting"",""known_seconds"":12.138583599997219,""prior_interruption_known_seconds"":0.0,""recorded_measurements"":1,""unknown_measurements"":0,""unknown_time_imputed"":false}"
72b445e23c706f5f7aee7929,posterior,cuda-mala-sequential,1024,12,additional_verification,analyzed,valid,,0.37202009999873553,0.37202009999873553,"{""attempts_missing_call_return"":0,""complete_seconds"":0.37202009999873553,""cost_scope"":""Completed coordinator calls returning newly_executed=false; kept outside primary execution cost"",""known_seconds"":0.37202009999873553,""prior_interruption_known_seconds"":0.0,""recorded_measurements"":2,""unknown_measurements"":0,""unknown_time_imputed"":false}"
72b445e23c706f5f7aee7929,posterior,cuda-mala-sequential,1024,12,all_invocations,analyzed,valid,,12.510603699995954,12.510603699995954,"{""attempts_missing_call_return"":0,""complete_seconds"":12.510603699995954,""cost_scope"":""All coordinator calls, including additional verification; operational consumption, not standardized time-to-inference"",""known_seconds"":12.510603699995954,""prior_interruption_known_seconds"":0.0,""recorded_measurements"":3,""unknown_measurements"":0,""unknown_time_imputed"":false}"
7c0b011ed62000051e803542,posterior,cuda-mala-quasi_deer,4096,13,ordinary_workflow,analyzed,valid,,75.0444884999888,75.0444884999888,"{""attempts_missing_call_return"":0,""complete_seconds"":75.0444884999888,""cost_scope"":""Sum ordinary subprocess creation-through-exit wall over every registered actual attempt; includes ordinary output/diagnostics, excludes outer audit and inter-call waiting"",""known_seconds"":75.0444884999888,""prior_interruption_known_seconds"":0.0,""recorded_measurements"":1,""unknown_measurements"":0,""unknown_time_imputed"":false}"
7c0b011ed62000051e803542,posterior,cuda-mala-quasi_deer,4096,13,research_execution,analyzed,valid,,78.03068939998047,78.03068939998047,"{""attempts_missing_call_return"":0,""complete_seconds"":78.03068939998047,""cost_scope"":""Sum all coordinator run/retry calls except completed verification-only returns; includes recorded refusals/recovery/audit/sealing; excludes ledger writes, report observations and inter-call waiting"",""known_seconds"":78.03068939998047,""prior_interruption_known_seconds"":0.0,""recorded_measurements"":1,""unknown_measurements"":0,""unknown_time_imputed"":false}"
7c0b011ed62000051e803542,posterior,cuda-mala-quasi_deer,4096,13,additional_verification,analyzed,valid,,0.3754825999994864,0.3754825999994864,"{""attempts_missing_call_return"":0,""complete_seconds"":0.3754825999994864,""cost_scope"":""Completed coordinator calls returning newly_executed=false; kept outside primary execution cost"",""known_seconds"":0.3754825999994864,""prior_interruption_known_seconds"":0.0,""recorded_measurements"":2,""unknown_measurements"":0,""unknown_time_imputed"":false}"
7c0b011ed62000051e803542,posterior,cuda-mala-quasi_deer,4096,13,all_invocations,analyzed,valid,,78.40617199997996,78.40617199997996,"{""attempts_missing_call_return"":0,""complete_seconds"":78.40617199997996,""cost_scope"":""All coordinator calls, including additional verification; operational consumption, not standardized time-to-inference"",""known_seconds"":78.40617199997996,""prior_interruption_known_seconds"":0.0,""recorded_measurements"":3,""unknown_measurements"":0,""unknown_time_imputed"":false}"
2bf023fea37d64d4e425f818,posterior,cpu-rwm-online_picard,1024,12,ordinary_workflow,analyzed,valid,,2.697895499994047,2.697895499994047,"{""attempts_missing_call_return"":0,""complete_seconds"":2.697895499994047,""cost_scope"":""Sum ordinary subprocess creation-through-exit wall over every registered actual attempt; includes ordinary output/diagnostics, excludes outer audit and inter-call waiting"",""known_seconds"":2.697895499994047,""prior_interruption_known_seconds"":0.0,""recorded_measurements"":1,""unknown_measurements"":0,""unknown_time_imputed"":false}"
2bf023fea37d64d4e425f818,posterior,cpu-rwm-online_picard,1024,12,research_execution,analyzed,valid,,4.952795799996238,4.952795799996238,"{""attempts_missing_call_return"":0,""complete_seconds"":4.952795799996238,""cost_scope"":""Sum all coordinator run/retry calls except completed verification-only returns; includes recorded refusals/recovery/audit/sealing; excludes ledger writes, report observations and inter-call waiting"",""known_seconds"":4.952795799996238,""prior_interruption_known_seconds"":0.0,""recorded_measurements"":1,""unknown_measurements"":0,""unknown_time_imputed"":false}"
2bf023fea37d64d4e425f818,posterior,cpu-rwm-online_picard,1024,12,additional_verification,analyzed,valid,,0.3693357999982254,0.3693357999982254,"{""attempts_missing_call_return"":0,""complete_seconds"":0.3693357999982254,""cost_scope"":""Completed coordinator calls returning newly_executed=false; kept outside primary execution cost"",""known_seconds"":0.3693357999982254,""prior_interruption_known_seconds"":0.0,""recorded_measurements"":2,""unknown_measurements"":0,""unknown_time_imputed"":false}"
2bf023fea37d64d4e425f818,posterior,cpu-rwm-online_picard,1024,12,all_invocations,analyzed,valid,,5.322131599994464,5.322131599994464,"{""attempts_missing_call_return"":0,""complete_seconds"":5.322131599994464,""cost_scope"":""All coordinator calls, including additional verification; operational consumption, not standardized time-to-inference"",""known_seconds"":5.322131599994464,""prior_interruption_known_seconds"":0.0,""recorded_measurements"":3,""unknown_measurements"":0,""unknown_time_imputed"":false}"
fd6829b70e472e9c82d223f8,posterior,cuda-rwm-online_picard,4096,12,ordinary_workflow,analyzed,valid,,7.49374980002176,7.49374980002176,"{""attempts_missing_call_return"":0,""complete_seconds"":7.49374980002176,""cost_scope"":""Sum ordinary subprocess creation-through-exit wall over every registered actual attempt; includes ordinary output/diagnostics, excludes outer audit and inter-call waiting"",""known_seconds"":7.49374980002176,""prior_interruption_known_seconds"":0.0,""recorded_measurements"":1,""unknown_measurements"":0,""unknown_time_imputed"":false}"
fd6829b70e472e9c82d223f8,posterior,cuda-rwm-online_picard,4096,12,research_execution,analyzed,valid,,9.838748400041368,9.838748400041368,"{""attempts_missing_call_return"":0,""complete_seconds"":9.838748400041368,""cost_scope"":""Sum all coordinator run/retry calls except completed verification-only returns; includes recorded refusals/recovery/audit/sealing; excludes ledger writes, report observations and inter-call waiting"",""known_seconds"":9.838748400041368,""prior_interruption_known_seconds"":0.0,""recorded_measurements"":1,""unknown_measurements"":0,""unknown_time_imputed"":false}"
fd6829b70e472e9c82d223f8,posterior,cuda-rwm-online_picard,4096,12,additional_verification,analyzed,valid,,0.37978880000173376,0.37978880000173376,"{""attempts_missing_call_return"":0,""complete_seconds"":0.37978880000173376,""cost_scope"":""Completed coordinator calls returning newly_executed=false; kept outside primary execution cost"",""known_seconds"":0.37978880000173376,""prior_interruption_known_seconds"":0.0,""recorded_measurements"":2,""unknown_measurements"":0,""unknown_time_imputed"":false}"
fd6829b70e472e9c82d223f8,posterior,cuda-rwm-online_picard,4096,12,all_invocations,analyzed,valid,,10.218537200043102,10.218537200043102,"{""attempts_missing_call_return"":0,""complete_seconds"":10.218537200043102,""cost_scope"":""All coordinator calls, including additional verification; operational consumption, not standardized time-to-inference"",""known_seconds"":10.218537200043102,""prior_interruption_known_seconds"":0.0,""recorded_measurements"":3,""unknown_measurements"":0,""unknown_time_imputed"":false}"
6b1b577555f47ccf81518c83,posterior,cpu-nuts-spawn_chains,4096,13,ordinary_workflow,analyzed,output_failure_unclassified,,83.26363750000019,83.26363750000019,"{""attempts_missing_call_return"":0,""complete_seconds"":83.26363750000019,""cost_scope"":""Sum ordinary subprocess creation-through-exit wall over every registered actual attempt; includes ordinary output/diagnostics, excludes outer audit and inter-call waiting"",""known_seconds"":83.26363750000019,""prior_interruption_known_seconds"":0.0,""recorded_measurements"":1,""unknown_measurements"":0,""unknown_time_imputed"":false}"
6b1b577555f47ccf81518c83,posterior,cpu-nuts-spawn_chains,4096,13,research_execution,analyzed,output_failure_unclassified,,85.54529840004398,85.54529840004398,"{""attempts_missing_call_return"":0,""complete_seconds"":85.54529840004398,""cost_scope"":""Sum all coordinator run/retry calls except completed verification-only returns; includes recorded refusals/recovery/audit/sealing; excludes ledger writes, report observations and inter-call waiting"",""known_seconds"":85.54529840004398,""prior_interruption_known_seconds"":0.0,""recorded_measurements"":1,""unknown_measurements"":0,""unknown_time_imputed"":false}"
6b1b577555f47ccf81518c83,posterior,cpu-nuts-spawn_chains,4096,13,additional_verification,analyzed,output_failure_unclassified,,0.3949882000024445,0.3949882000024445,"{""attempts_missing_call_return"":0,""complete_seconds"":0.3949882000024445,""cost_scope"":""Completed coordinator calls returning newly_executed=false; kept outside primary execution cost"",""known_seconds"":0.3949882000024445,""prior_interruption_known_seconds"":0.0,""recorded_measurements"":2,""unknown_measurements"":0,""unknown_time_imputed"":false}"
6b1b577555f47ccf81518c83,posterior,cpu-nuts-spawn_chains,4096,13,all_invocations,analyzed,output_failure_unclassified,,85.94028660004642,85.94028660004642,"{""attempts_missing_call_return"":0,""complete_seconds"":85.94028660004642,""cost_scope"":""All coordinator calls, including additional verification; operational consumption, not standardized time-to-inference"",""known_seconds"":85.94028660004642,""prior_interruption_known_seconds"":0.0,""recorded_measurements"":3,""unknown_measurements"":0,""unknown_time_imputed"":false}"
563cfcb3457c61db54857e58,posterior,cuda-rwm-sequential,1024,12,ordinary_workflow,analyzed,valid,,3.6744889999972656,3.6744889999972656,"{""attempts_missing_call_return"":0,""complete_seconds"":3.6744889999972656,""cost_scope"":""Sum ordinary subprocess creation-through-exit wall over every registered actual attempt; includes ordinary output/diagnostics, excludes outer audit and inter-call waiting"",""known_seconds"":3.6744889999972656,""prior_interruption_known_seconds"":0.0,""recorded_measurements"":1,""unknown_measurements"":0,""unknown_time_imputed"":false}"
563cfcb3457c61db54857e58,posterior,cuda-rwm-sequential,1024,12,research_execution,analyzed,valid,,6.008230899984483,6.008230899984483,"{""attempts_missing_call_return"":0,""complete_seconds"":6.008230899984483,""cost_scope"":""Sum all coordinator run/retry calls except completed verification-only returns; includes recorded refusals/recovery/audit/sealing; excludes ledger writes, report observations and inter-call waiting"",""known_seconds"":6.008230899984483,""prior_interruption_known_seconds"":0.0,""recorded_measurements"":1,""unknown_measurements"":0,""unknown_time_imputed"":false}"
563cfcb3457c61db54857e58,posterior,cuda-rwm-sequential,1024,12,additional_verification,analyzed,valid,,0.38602519999949436,0.38602519999949436,"{""attempts_missing_call_return"":0,""complete_seconds"":0.38602519999949436,""cost_scope"":""Completed coordinator calls returning newly_executed=false; kept outside primary execution cost"",""known_seconds"":0.38602519999949436,""prior_interruption_known_seconds"":0.0,""recorded_measurements"":2,""unknown_measurements"":0,""unknown_time_imputed"":false}"
563cfcb3457c61db54857e58,posterior,cuda-rwm-sequential,1024,12,all_invocations,analyzed,valid,,6.394256099983977,6.394256099983977,"{""attempts_missing_call_return"":0,""complete_seconds"":6.394256099983977,""cost_scope"":""All coordinator calls, including additional verification; operational consumption, not standardized time-to-inference"",""known_seconds"":6.394256099983977,""prior_interruption_known_seconds"":0.0,""recorded_measurements"":3,""unknown_measurements"":0,""unknown_time_imputed"":false}"
42db33c9efb4b4d111bd7b78,posterior,cpu-mala-sequential,1024,8,ordinary_workflow,analyzed,valid,,4.7519879000028595,4.7519879000028595,"{""attempts_missing_call_return"":0,""complete_seconds"":4.7519879000028595,""cost_scope"":""Sum ordinary subprocess creation-through-exit wall over every registered actual attempt; includes ordinary output/diagnostics, excludes outer audit and inter-call waiting"",""known_seconds"":4.7519879000028595,""prior_interruption_known_seconds"":0.0,""recorded_measurements"":1,""unknown_measurements"":0,""unknown_time_imputed"":false}"
42db33c9efb4b4d111bd7b78,posterior,cpu-mala-sequential,1024,8,research_execution,analyzed,valid,,7.097039699961897,7.097039699961897,"{""attempts_missing_call_return"":0,""complete_seconds"":7.097039699961897,""cost_scope"":""Sum all coordinator run/retry calls except completed verification-only returns; includes recorded refusals/recovery/audit/sealing; excludes ledger writes, report observations and inter-call waiting"",""known_seconds"":7.097039699961897,""prior_interruption_known_seconds"":0.0,""recorded_measurements"":1,""unknown_measurements"":0,""unknown_time_imputed"":false}"
42db33c9efb4b4d111bd7b78,posterior,cpu-mala-sequential,1024,8,additional_verification,analyzed,valid,,0.3818273999995654,0.3818273999995654,"{""attempts_missing_call_return"":0,""complete_seconds"":0.3818273999995654,""cost_scope"":""Completed coordinator calls returning newly_executed=false; kept outside primary execution cost"",""known_seconds"":0.3818273999995654,""prior_interruption_known_seconds"":0.0,""recorded_measurements"":2,""unknown_measurements"":0,""unknown_time_imputed"":false}"
42db33c9efb4b4d111bd7b78,posterior,cpu-mala-sequential,1024,8,all_invocations,analyzed,valid,,7.478867099961462,7.478867099961462,"{""attempts_missing_call_return"":0,""complete_seconds"":7.478867099961462,""cost_scope"":""All coordinator calls, including additional verification; operational consumption, not standardized time-to-inference"",""known_seconds"":7.478867099961462,""prior_interruption_known_seconds"":0.0,""recorded_measurements"":3,""unknown_measurements"":0,""unknown_time_imputed"":false}"
916441d7bd1854527a84127e,posterior,cpu-mala-sequential,4096,14,ordinary_workflow,analyzed,valid,,8.185912500000086,8.185912500000086,"{""attempts_missing_call_return"":0,""complete_seconds"":8.185912500000086,""cost_scope"":""Sum ordinary subprocess creation-through-exit wall over every registered actual attempt; includes ordinary output/diagnostics, excludes outer audit and inter-call waiting"",""known_seconds"":8.185912500000086,""prior_interruption_known_seconds"":0.0,""recorded_measurements"":1,""unknown_measurements"":0,""unknown_time_imputed"":false}"
916441d7bd1854527a84127e,posterior,cpu-mala-sequential,4096,14,research_execution,analyzed,valid,,11.033445699999902,11.033445699999902,"{""attempts_missing_call_return"":0,""complete_seconds"":11.033445699999902,""cost_scope"":""Sum all coordinator run/retry calls except completed verification-only returns; includes recorded refusals/recovery/audit/sealing; excludes ledger writes, report observations and inter-call waiting"",""known_seconds"":11.033445699999902,""prior_interruption_known_seconds"":0.0,""recorded_measurements"":1,""unknown_measurements"":0,""unknown_time_imputed"":false}"
916441d7bd1854527a84127e,posterior,cpu-mala-sequential,4096,14,additional_verification,analyzed,valid,,0.1511835000019346,0.1511835000019346,"{""attempts_missing_call_return"":0,""complete_seconds"":0.1511835000019346,""cost_scope"":""Completed coordinator calls returning newly_executed=false; kept outside primary execution cost"",""known_seconds"":0.1511835000019346,""prior_interruption_known_seconds"":0.0,""recorded_measurements"":1,""unknown_measurements"":0,""unknown_time_imputed"":false}"
916441d7bd1854527a84127e,posterior,cpu-mala-sequential,4096,14,all_invocations,analyzed,valid,,11.184629200001837,11.184629200001837,"{""attempts_missing_call_return"":0,""complete_seconds"":11.184629200001837,""cost_scope"":""All coordinator calls, including additional verification; operational consumption, not standardized time-to-inference"",""known_seconds"":11.184629200001837,""prior_interruption_known_seconds"":0.0,""recorded_measurements"":2,""unknown_measurements"":0,""unknown_time_imputed"":false}"
c15ca740c34b62d1c87dfcea,posterior,cpu-mala-quasi_deer,4096,12,ordinary_workflow,analyzed,valid,,36.278042599999935,36.278042599999935,"{""attempts_missing_call_return"":0,""complete_seconds"":36.278042599999935,""cost_scope"":""Sum ordinary subprocess creation-through-exit wall over every registered actual attempt; includes ordinary output/diagnostics, excludes outer audit and inter-call waiting"",""known_seconds"":36.278042599999935,""prior_interruption_known_seconds"":0.0,""recorded_measurements"":1,""unknown_measurements"":0,""unknown_time_imputed"":false}"
c15ca740c34b62d1c87dfcea,posterior,cpu-mala-quasi_deer,4096,12,research_execution,analyzed,valid,,39.07333429999926,39.07333429999926,"{""attempts_missing_call_return"":0,""complete_seconds"":39.07333429999926,""cost_scope"":""Sum all coordinator run/retry calls except completed verification-only returns; includes recorded refusals/recovery/audit/sealing; excludes ledger writes, report observations and inter-call waiting"",""known_seconds"":39.07333429999926,""prior_interruption_known_seconds"":0.0,""recorded_measurements"":1,""unknown_measurements"":0,""unknown_time_imputed"":false}"
c15ca740c34b62d1c87dfcea,posterior,cpu-mala-quasi_deer,4096,12,additional_verification,analyzed,valid,,0.14591110000037588,0.14591110000037588,"{""attempts_missing_call_return"":0,""complete_seconds"":0.14591110000037588,""cost_scope"":""Completed coordinator calls returning newly_executed=false; kept outside primary execution cost"",""known_seconds"":0.14591110000037588,""prior_interruption_known_seconds"":0.0,""recorded_measurements"":1,""unknown_measurements"":0,""unknown_time_imputed"":false}"
c15ca740c34b62d1c87dfcea,posterior,cpu-mala-quasi_deer,4096,12,all_invocations,analyzed,valid,,39.219245399999636,39.219245399999636,"{""attempts_missing_call_return"":0,""complete_seconds"":39.219245399999636,""cost_scope"":""All coordinator calls, including additional verification; operational consumption, not standardized time-to-inference"",""known_seconds"":39.219245399999636,""prior_interruption_known_seconds"":0.0,""recorded_measurements"":2,""unknown_measurements"":0,""unknown_time_imputed"":false}"
a8cc4212d629b9a28f1d4bef,posterior,cpu-mala-quasi_deer,4096,14,ordinary_workflow,analyzed,numerical_failure,,37.003880300000674,37.003880300000674,"{""attempts_missing_call_return"":0,""complete_seconds"":37.003880300000674,""cost_scope"":""Sum ordinary subprocess creation-through-exit wall over every registered actual attempt; includes ordinary output/diagnostics, excludes outer audit and inter-call waiting"",""known_seconds"":37.003880300000674,""prior_interruption_known_seconds"":0.0,""recorded_measurements"":1,""unknown_measurements"":0,""unknown_time_imputed"":false}"
a8cc4212d629b9a28f1d4bef,posterior,cpu-mala-quasi_deer,4096,14,research_execution,analyzed,numerical_failure,,39.7505770000007,39.7505770000007,"{""attempts_missing_call_return"":0,""complete_seconds"":39.7505770000007,""cost_scope"":""Sum all coordinator run/retry calls except completed verification-only returns; includes recorded refusals/recovery/audit/sealing; excludes ledger writes, report observations and inter-call waiting"",""known_seconds"":39.7505770000007,""prior_interruption_known_seconds"":0.0,""recorded_measurements"":1,""unknown_measurements"":0,""unknown_time_imputed"":false}"
a8cc4212d629b9a28f1d4bef,posterior,cpu-mala-quasi_deer,4096,14,additional_verification,analyzed,numerical_failure,,0.14754229999743984,0.14754229999743984,"{""attempts_missing_call_return"":0,""complete_seconds"":0.14754229999743984,""cost_scope"":""Completed coordinator calls returning newly_executed=false; kept outside primary execution cost"",""known_seconds"":0.14754229999743984,""prior_interruption_known_seconds"":0.0,""recorded_measurements"":1,""unknown_measurements"":0,""unknown_time_imputed"":false}"
a8cc4212d629b9a28f1d4bef,posterior,cpu-mala-quasi_deer,4096,14,all_invocations,analyzed,numerical_failure,,39.89811929999814,39.89811929999814,"{""attempts_missing_call_return"":0,""complete_seconds"":39.89811929999814,""cost_scope"":""All coordinator calls, including additional verification; operational consumption, not standardized time-to-inference"",""known_seconds"":39.89811929999814,""prior_interruption_known_seconds"":0.0,""recorded_measurements"":2,""unknown_measurements"":0,""unknown_time_imputed"":false}"
7b9afa54bd97317046e8649b,posterior,cuda-rwm-sequential,4096,10,ordinary_workflow,analyzed,valid,,7.081774199999927,7.081774199999927,"{""attempts_missing_call_return"":0,""complete_seconds"":7.081774199999927,""cost_scope"":""Sum ordinary subprocess creation-through-exit wall over every registered actual attempt; includes ordinary output/diagnostics, excludes outer audit and inter-call waiting"",""known_seconds"":7.081774199999927,""prior_interruption_known_seconds"":0.0,""recorded_measurements"":1,""unknown_measurements"":0,""unknown_time_imputed"":false}"
7b9afa54bd97317046e8649b,posterior,cuda-rwm-sequential,4096,10,research_execution,analyzed,valid,,9.404533200000515,9.404533200000515,"{""attempts_missing_call_return"":0,""complete_seconds"":9.404533200000515,""cost_scope"":""Sum all coordinator run/retry calls except completed verification-only returns; includes recorded refusals/recovery/audit/sealing; excludes ledger writes, report observations and inter-call waiting"",""known_seconds"":9.404533200000515,""prior_interruption_known_seconds"":0.0,""recorded_measurements"":1,""unknown_measurements"":0,""unknown_time_imputed"":false}"
7b9afa54bd97317046e8649b,posterior,cuda-rwm-sequential,4096,10,additional_verification,analyzed,valid,,0.1499760000006063,0.1499760000006063,"{""attempts_missing_call_return"":0,""complete_seconds"":0.1499760000006063,""cost_scope"":""Completed coordinator calls returning newly_executed=false; kept outside primary execution cost"",""known_seconds"":0.1499760000006063,""prior_interruption_known_seconds"":0.0,""recorded_measurements"":1,""unknown_measurements"":0,""unknown_time_imputed"":false}"
7b9afa54bd97317046e8649b,posterior,cuda-rwm-sequential,4096,10,all_invocations,analyzed,valid,,9.554509200001121,9.554509200001121,"{""attempts_missing_call_return"":0,""complete_seconds"":9.554509200001121,""cost_scope"":""All coordinator calls, including additional verification; operational consumption, not standardized time-to-inference"",""known_seconds"":9.554509200001121,""prior_interruption_known_seconds"":0.0,""recorded_measurements"":2,""unknown_measurements"":0,""unknown_time_imputed"":false}"
a1441a69c95cfd99729111df,posterior,cpu-rwm-online_picard,1024,10,ordinary_workflow,analyzed,valid,,2.7113162000005104,2.7113162000005104,"{""attempts_missing_call_return"":0,""complete_seconds"":2.7113162000005104,""cost_scope"":""Sum ordinary subprocess creation-through-exit wall over every registered actual attempt; includes ordinary output/diagnostics, excludes outer audit and inter-call waiting"",""known_seconds"":2.7113162000005104,""prior_interruption_known_seconds"":0.0,""recorded_measurements"":1,""unknown_measurements"":0,""unknown_time_imputed"":false}"
a1441a69c95cfd99729111df,posterior,cpu-rwm-online_picard,1024,10,research_execution,analyzed,valid,,4.880329999999958,4.880329999999958,"{""attempts_missing_call_return"":0,""complete_seconds"":4.880329999999958,""cost_scope"":""Sum all coordinator run/retry calls except completed verification-only returns; includes recorded refusals/recovery/audit/sealing; excludes ledger writes, report observations and inter-call waiting"",""known_seconds"":4.880329999999958,""prior_interruption_known_seconds"":0.0,""recorded_measurements"":1,""unknown_measurements"":0,""unknown_time_imputed"":false}"
a1441a69c95cfd99729111df,posterior,cpu-rwm-online_picard,1024,10,additional_verification,analyzed,valid,,0.14660209999783547,0.14660209999783547,"{""attempts_missing_call_return"":0,""complete_seconds"":0.14660209999783547,""cost_scope"":""Completed coordinator calls returning newly_executed=false; kept outside primary execution cost"",""known_seconds"":0.14660209999783547,""prior_interruption_known_seconds"":0.0,""recorded_measurements"":1,""unknown_measurements"":0,""unknown_time_imputed"":false}"
a1441a69c95cfd99729111df,posterior,cpu-rwm-online_picard,1024,10,all_invocations,analyzed,valid,,5.026932099997794,5.026932099997794,"{""attempts_missing_call_return"":0,""complete_seconds"":5.026932099997794,""cost_scope"":""All coordinator calls, including additional verification; operational consumption, not standardized time-to-inference"",""known_seconds"":5.026932099997794,""prior_interruption_known_seconds"":0.0,""recorded_measurements"":2,""unknown_measurements"":0,""unknown_time_imputed"":false}"
200da2cb982accac433624cf,posterior,cuda-rwm-online_picard,4096,11,ordinary_workflow,analyzed,valid,,7.377955300000394,7.377955300000394,"{""attempts_missing_call_return"":0,""complete_seconds"":7.377955300000394,""cost_scope"":""Sum ordinary subprocess creation-through-exit wall over every registered actual attempt; includes ordinary output/diagnostics, excludes outer audit and inter-call waiting"",""known_seconds"":7.377955300000394,""prior_interruption_known_seconds"":0.0,""recorded_measurements"":1,""unknown_measurements"":0,""unknown_time_imputed"":false}"
200da2cb982accac433624cf,posterior,cuda-rwm-online_picard,4096,11,research_execution,analyzed,valid,,9.883544799999981,9.883544799999981,"{""attempts_missing_call_return"":0,""complete_seconds"":9.883544799999981,""cost_scope"":""Sum all coordinator run/retry calls except completed verification-only returns; includes recorded refusals/recovery/audit/sealing; excludes ledger writes, report observations and inter-call waiting"",""known_seconds"":9.883544799999981,""prior_interruption_known_seconds"":0.0,""recorded_measurements"":1,""unknown_measurements"":0,""unknown_time_imputed"":false}"
200da2cb982accac433624cf,posterior,cuda-rwm-online_picard,4096,11,additional_verification,analyzed,valid,,0.1762362999979814,0.1762362999979814,"{""attempts_missing_call_return"":0,""complete_seconds"":0.1762362999979814,""cost_scope"":""Completed coordinator calls returning newly_executed=false; kept outside primary execution cost"",""known_seconds"":0.1762362999979814,""prior_interruption_known_seconds"":0.0,""recorded_measurements"":1,""unknown_measurements"":0,""unknown_time_imputed"":false}"
200da2cb982accac433624cf,posterior,cuda-rwm-online_picard,4096,11,all_invocations,analyzed,valid,,10.059781099997963,10.059781099997963,"{""attempts_missing_call_return"":0,""complete_seconds"":10.059781099997963,""cost_scope"":""All coordinator calls, including additional verification; operational consumption, not standardized time-to-inference"",""known_seconds"":10.059781099997963,""prior_interruption_known_seconds"":0.0,""recorded_measurements"":2,""unknown_measurements"":0,""unknown_time_imputed"":false}"
e9febaa37e4ffc401def8744,posterior,cuda-mala-quasi_deer,1024,8,ordinary_workflow,analyzed,valid,,25.430279600000176,25.430279600000176,"{""attempts_missing_call_return"":0,""complete_seconds"":25.430279600000176,""cost_scope"":""Sum ordinary subprocess creation-through-exit wall over every registered actual attempt; includes ordinary output/diagnostics, excludes outer audit and inter-call waiting"",""known_seconds"":25.430279600000176,""prior_interruption_known_seconds"":0.0,""recorded_measurements"":1,""unknown_measurements"":0,""unknown_time_imputed"":false}"
e9febaa37e4ffc401def8744,posterior,cuda-mala-quasi_deer,1024,8,research_execution,analyzed,valid,,27.751927199999955,27.751927199999955,"{""attempts_missing_call_return"":0,""complete_seconds"":27.751927199999955,""cost_scope"":""Sum all coordinator run/retry calls except completed verification-only returns; includes recorded refusals/recovery/audit/sealing; excludes ledger writes, report observations and inter-call waiting"",""known_seconds"":27.751927199999955,""prior_interruption_known_seconds"":0.0,""recorded_measurements"":1,""unknown_measurements"":0,""unknown_time_imputed"":false}"
e9febaa37e4ffc401def8744,posterior,cuda-mala-quasi_deer,1024,8,additional_verification,analyzed,valid,,0.18407270000170683,0.18407270000170683,"{""attempts_missing_call_return"":0,""complete_seconds"":0.18407270000170683,""cost_scope"":""Completed coordinator calls returning newly_executed=false; kept outside primary execution cost"",""known_seconds"":0.18407270000170683,""prior_interruption_known_seconds"":0.0,""recorded_measurements"":1,""unknown_measurements"":0,""unknown_time_imputed"":false}"
e9febaa37e4ffc401def8744,posterior,cuda-mala-quasi_deer,1024,8,all_invocations,analyzed,valid,,27.93599990000166,27.93599990000166,"{""attempts_missing_call_return"":0,""complete_seconds"":27.93599990000166,""cost_scope"":""All coordinator calls, including additional verification; operational consumption, not standardized time-to-inference"",""known_seconds"":27.93599990000166,""prior_interruption_known_seconds"":0.0,""recorded_measurements"":2,""unknown_measurements"":0,""unknown_time_imputed"":false}"
be1403b8b192fd2a53dfb8c9,posterior,cuda-rwm-online_picard,1024,13,ordinary_workflow,analyzed,valid,,3.66943209999954,3.66943209999954,"{""attempts_missing_call_return"":0,""complete_seconds"":3.66943209999954,""cost_scope"":""Sum ordinary subprocess creation-through-exit wall over every registered actual attempt; includes ordinary output/diagnostics, excludes outer audit and inter-call waiting"",""known_seconds"":3.66943209999954,""prior_interruption_known_seconds"":0.0,""recorded_measurements"":1,""unknown_measurements"":0,""unknown_time_imputed"":false}"
be1403b8b192fd2a53dfb8c9,posterior,cuda-rwm-online_picard,1024,13,research_execution,analyzed,valid,,5.875428600000305,5.875428600000305,"{""attempts_missing_call_return"":0,""complete_seconds"":5.875428600000305,""cost_scope"":""Sum all coordinator run/retry calls except completed verification-only returns; includes recorded refusals/recovery/audit/sealing; excludes ledger writes, report observations and inter-call waiting"",""known_seconds"":5.875428600000305,""prior_interruption_known_seconds"":0.0,""recorded_measurements"":1,""unknown_measurements"":0,""unknown_time_imputed"":false}"
be1403b8b192fd2a53dfb8c9,posterior,cuda-rwm-online_picard,1024,13,additional_verification,analyzed,valid,,0.16145650000180467,0.16145650000180467,"{""attempts_missing_call_return"":0,""complete_seconds"":0.16145650000180467,""cost_scope"":""Completed coordinator calls returning newly_executed=false; kept outside primary execution cost"",""known_seconds"":0.16145650000180467,""prior_interruption_known_seconds"":0.0,""recorded_measurements"":1,""unknown_measurements"":0,""unknown_time_imputed"":false}"
be1403b8b192fd2a53dfb8c9,posterior,cuda-rwm-online_picard,1024,13,all_invocations,analyzed,valid,,6.0368851000021095,6.0368851000021095,"{""attempts_missing_call_return"":0,""complete_seconds"":6.0368851000021095,""cost_scope"":""All coordinator calls, including additional verification; operational consumption, not standardized time-to-inference"",""known_seconds"":6.0368851000021095,""prior_interruption_known_seconds"":0.0,""recorded_measurements"":2,""unknown_measurements"":0,""unknown_time_imputed"":false}"
a24ed0039f2fc69241a402f9,posterior,cpu-nuts-spawn_chains,1024,13,ordinary_workflow,analyzed,valid,,29.95403510000051,29.95403510000051,"{""attempts_missing_call_return"":0,""complete_seconds"":29.95403510000051,""cost_scope"":""Sum ordinary subprocess creation-through-exit wall over every registered actual attempt; includes ordinary output/diagnostics, excludes outer audit and inter-call waiting"",""known_seconds"":29.95403510000051,""prior_interruption_known_seconds"":0.0,""recorded_measurements"":1,""unknown_measurements"":0,""unknown_time_imputed"":false}"
a24ed0039f2fc69241a402f9,posterior,cpu-nuts-spawn_chains,1024,13,research_execution,analyzed,valid,,32.1895156999999,32.1895156999999,"{""attempts_missing_call_return"":0,""complete_seconds"":32.1895156999999,""cost_scope"":""Sum all coordinator run/retry calls except completed verification-only returns; includes recorded refusals/recovery/audit/sealing; excludes ledger writes, report observations and inter-call waiting"",""known_seconds"":32.1895156999999,""prior_interruption_known_seconds"":0.0,""recorded_measurements"":1,""unknown_measurements"":0,""unknown_time_imputed"":false}"
a24ed0039f2fc69241a402f9,posterior,cpu-nuts-spawn_chains,1024,13,additional_verification,analyzed,valid,,0.17462109999905806,0.17462109999905806,"{""attempts_missing_call_return"":0,""complete_seconds"":0.17462109999905806,""cost_scope"":""Completed coordinator calls returning newly_executed=false; kept outside primary execution cost"",""known_seconds"":0.17462109999905806,""prior_interruption_known_seconds"":0.0,""recorded_measurements"":1,""unknown_measurements"":0,""unknown_time_imputed"":false}"
a24ed0039f2fc69241a402f9,posterior,cpu-nuts-spawn_chains,1024,13,all_invocations,analyzed,valid,,32.36413679999896,32.36413679999896,"{""attempts_missing_call_return"":0,""complete_seconds"":32.36413679999896,""cost_scope"":""All coordinator calls, including additional verification; operational consumption, not standardized time-to-inference"",""known_seconds"":32.36413679999896,""prior_interruption_known_seconds"":0.0,""recorded_measurements"":2,""unknown_measurements"":0,""unknown_time_imputed"":false}"
0fb226e500e2d4624a4c1dd9,posterior,cpu-rwm-online_picard,4096,12,ordinary_workflow,analyzed,valid,,3.9321967000005316,3.9321967000005316,"{""attempts_missing_call_return"":0,""complete_seconds"":3.9321967000005316,""cost_scope"":""Sum ordinary subprocess creation-through-exit wall over every registered actual attempt; includes ordinary output/diagnostics, excludes outer audit and inter-call waiting"",""known_seconds"":3.9321967000005316,""prior_interruption_known_seconds"":0.0,""recorded_measurements"":1,""unknown_measurements"":0,""unknown_time_imputed"":false}"
0fb226e500e2d4624a4c1dd9,posterior,cpu-rwm-online_picard,4096,12,research_execution,analyzed,valid,,6.361124500000187,6.361124500000187,"{""attempts_missing_call_return"":0,""complete_seconds"":6.361124500000187,""cost_scope"":""Sum all coordinator run/retry calls except completed verification-only returns; includes recorded refusals/recovery/audit/sealing; excludes ledger writes, report observations and inter-call waiting"",""known_seconds"":6.361124500000187,""prior_interruption_known_seconds"":0.0,""recorded_measurements"":1,""unknown_measurements"":0,""unknown_time_imputed"":false}"
0fb226e500e2d4624a4c1dd9,posterior,cpu-rwm-online_picard,4096,12,additional_verification,analyzed,valid,,0.1661920000005921,0.1661920000005921,"{""attempts_missing_call_return"":0,""complete_seconds"":0.1661920000005921,""cost_scope"":""Completed coordinator calls returning newly_executed=false; kept outside primary execution cost"",""known_seconds"":0.1661920000005921,""prior_interruption_known_seconds"":0.0,""recorded_measurements"":1,""unknown_measurements"":0,""unknown_time_imputed"":false}"
0fb226e500e2d4624a4c1dd9,posterior,cpu-rwm-online_picard,4096,12,all_invocations,analyzed,valid,,6.527316500000779,6.527316500000779,"{""attempts_missing_call_return"":0,""complete_seconds"":6.527316500000779,""cost_scope"":""All coordinator calls, including additional verification; operational consumption, not standardized time-to-inference"",""known_seconds"":6.527316500000779,""prior_interruption_known_seconds"":0.0,""recorded_measurements"":2,""unknown_measurements"":0,""unknown_time_imputed"":false}"
9a5030fc576763fae04c1a76,posterior,cuda-rwm-online_picard,4096,9,ordinary_workflow,analyzed,valid,,6.9048720000000685,6.9048720000000685,"{""attempts_missing_call_return"":0,""complete_seconds"":6.9048720000000685,""cost_scope"":""Sum ordinary subprocess creation-through-exit wall over every registered actual attempt; includes ordinary output/diagnostics, excludes outer audit and inter-call waiting"",""known_seconds"":6.9048720000000685,""prior_interruption_known_seconds"":0.0,""recorded_measurements"":1,""unknown_measurements"":0,""unknown_time_imputed"":false}"
9a5030fc576763fae04c1a76,posterior,cuda-rwm-online_picard,4096,9,research_execution,analyzed,valid,,9.285020500000428,9.285020500000428,"{""attempts_missing_call_return"":0,""complete_seconds"":9.285020500000428,""cost_scope"":""Sum all coordinator run/retry calls except completed verification-only returns; includes recorded refusals/recovery/audit/sealing; excludes ledger writes, report observations and inter-call waiting"",""known_seconds"":9.285020500000428,""prior_interruption_known_seconds"":0.0,""recorded_measurements"":1,""unknown_measurements"":0,""unknown_time_imputed"":false}"
9a5030fc576763fae04c1a76,posterior,cuda-rwm-online_picard,4096,9,additional_verification,analyzed,valid,,0.18266769999900134,0.18266769999900134,"{""attempts_missing_call_return"":0,""complete_seconds"":0.18266769999900134,""cost_scope"":""Completed coordinator calls returning newly_executed=false; kept outside primary execution cost"",""known_seconds"":0.18266769999900134,""prior_interruption_known_seconds"":0.0,""recorded_measurements"":1,""unknown_measurements"":0,""unknown_time_imputed"":false}"
9a5030fc576763fae04c1a76,posterior,cuda-rwm-online_picard,4096,9,all_invocations,analyzed,valid,,9.46768819999943,9.46768819999943,"{""attempts_missing_call_return"":0,""complete_seconds"":9.46768819999943,""cost_scope"":""All coordinator calls, including additional verification; operational consumption, not standardized time-to-inference"",""known_seconds"":9.46768819999943,""prior_interruption_known_seconds"":0.0,""recorded_measurements"":2,""unknown_measurements"":0,""unknown_time_imputed"":false}"
6758484c85f575fc52bf20ca,posterior,cpu-rwm-sequential,4096,10,ordinary_workflow,analyzed,valid,,3.4144517999993695,3.4144517999993695,"{""attempts_missing_call_return"":0,""complete_seconds"":3.4144517999993695,""cost_scope"":""Sum ordinary subprocess creation-through-exit wall over every registered actual attempt; includes ordinary output/diagnostics, excludes outer audit and inter-call waiting"",""known_seconds"":3.4144517999993695,""prior_interruption_known_seconds"":0.0,""recorded_measurements"":1,""unknown_measurements"":0,""unknown_time_imputed"":false}"
6758484c85f575fc52bf20ca,posterior,cpu-rwm-sequential,4096,10,research_execution,analyzed,valid,,5.745842000000266,5.745842000000266,"{""attempts_missing_call_return"":0,""complete_seconds"":5.745842000000266,""cost_scope"":""Sum all coordinator run/retry calls except completed verification-only returns; includes recorded refusals/recovery/audit/sealing; excludes ledger writes, report observations and inter-call waiting"",""known_seconds"":5.745842000000266,""prior_interruption_known_seconds"":0.0,""recorded_measurements"":1,""unknown_measurements"":0,""unknown_time_imputed"":false}"
6758484c85f575fc52bf20ca,posterior,cpu-rwm-sequential,4096,10,additional_verification,analyzed,valid,,0.1668494000005012,0.1668494000005012,"{""attempts_missing_call_return"":0,""complete_seconds"":0.1668494000005012,""cost_scope"":""Completed coordinator calls returning newly_executed=false; kept outside primary execution cost"",""known_seconds"":0.1668494000005012,""prior_interruption_known_seconds"":0.0,""recorded_measurements"":1,""unknown_measurements"":0,""unknown_time_imputed"":false}"
6758484c85f575fc52bf20ca,posterior,cpu-rwm-sequential,4096,10,all_invocations,analyzed,valid,,5.912691400000767,5.912691400000767,"{""attempts_missing_call_return"":0,""complete_seconds"":5.912691400000767,""cost_scope"":""All coordinator calls, including additional verification; operational consumption, not standardized time-to-inference"",""known_seconds"":5.912691400000767,""prior_interruption_known_seconds"":0.0,""recorded_measurements"":2,""unknown_measurements"":0,""unknown_time_imputed"":false}"
e4513d1daa3fc7223bc619a8,posterior,cuda-mala-quasi_deer,1024,15,ordinary_workflow,analyzed,numerical_failure,,28.822548499999357,28.822548499999357,"{""attempts_missing_call_return"":0,""complete_seconds"":28.822548499999357,""cost_scope"":""Sum ordinary subprocess creation-through-exit wall over every registered actual attempt; includes ordinary output/diagnostics, excludes outer audit and inter-call waiting"",""known_seconds"":28.822548499999357,""prior_interruption_known_seconds"":0.0,""recorded_measurements"":1,""unknown_measurements"":0,""unknown_time_imputed"":false}"
e4513d1daa3fc7223bc619a8,posterior,cuda-mala-quasi_deer,1024,15,research_execution,analyzed,numerical_failure,,31.226541799999723,31.226541799999723,"{""attempts_missing_call_return"":0,""complete_seconds"":31.226541799999723,""cost_scope"":""Sum all coordinator run/retry calls except completed verification-only returns; includes recorded refusals/recovery/audit/sealing; excludes ledger writes, report observations and inter-call waiting"",""known_seconds"":31.226541799999723,""prior_interruption_known_seconds"":0.0,""recorded_measurements"":1,""unknown_measurements"":0,""unknown_time_imputed"":false}"
e4513d1daa3fc7223bc619a8,posterior,cuda-mala-quasi_deer,1024,15,additional_verification,analyzed,numerical_failure,,0.1649208999988332,0.1649208999988332,"{""attempts_missing_call_return"":0,""complete_seconds"":0.1649208999988332,""cost_scope"":""Completed coordinator calls returning newly_executed=false; kept outside primary execution cost"",""known_seconds"":0.1649208999988332,""prior_interruption_known_seconds"":0.0,""recorded_measurements"":1,""unknown_measurements"":0,""unknown_time_imputed"":false}"
e4513d1daa3fc7223bc619a8,posterior,cuda-mala-quasi_deer,1024,15,all_invocations,analyzed,numerical_failure,,31.391462699998556,31.391462699998556,"{""attempts_missing_call_return"":0,""complete_seconds"":31.391462699998556,""cost_scope"":""All coordinator calls, including additional verification; operational consumption, not standardized time-to-inference"",""known_seconds"":31.391462699998556,""prior_interruption_known_seconds"":0.0,""recorded_measurements"":2,""unknown_measurements"":0,""unknown_time_imputed"":false}"
d8c980698dc57c21d0832e8d,posterior,cuda-rwm-sequential,1024,15,ordinary_workflow,analyzed,valid,,3.7926268999999593,3.7926268999999593,"{""attempts_missing_call_return"":0,""complete_seconds"":3.7926268999999593,""cost_scope"":""Sum ordinary subprocess creation-through-exit wall over every registered actual attempt; includes ordinary output/diagnostics, excludes outer audit and inter-call waiting"",""known_seconds"":3.7926268999999593,""prior_interruption_known_seconds"":0.0,""recorded_measurements"":1,""unknown_measurements"":0,""unknown_time_imputed"":false}"
d8c980698dc57c21d0832e8d,posterior,cuda-rwm-sequential,1024,15,research_execution,analyzed,valid,,6.164390799999637,6.164390799999637,"{""attempts_missing_call_return"":0,""complete_seconds"":6.164390799999637,""cost_scope"":""Sum all coordinator run/retry calls except completed verification-only returns; includes recorded refusals/recovery/audit/sealing; excludes ledger writes, report observations and inter-call waiting"",""known_seconds"":6.164390799999637,""prior_interruption_known_seconds"":0.0,""recorded_measurements"":1,""unknown_measurements"":0,""unknown_time_imputed"":false}"
d8c980698dc57c21d0832e8d,posterior,cuda-rwm-sequential,1024,15,additional_verification,analyzed,valid,,0.1707931999990251,0.1707931999990251,"{""attempts_missing_call_return"":0,""complete_seconds"":0.1707931999990251,""cost_scope"":""Completed coordinator calls returning newly_executed=false; kept outside primary execution cost"",""known_seconds"":0.1707931999990251,""prior_interruption_known_seconds"":0.0,""recorded_measurements"":1,""unknown_measurements"":0,""unknown_time_imputed"":false}"
d8c980698dc57c21d0832e8d,posterior,cuda-rwm-sequential,1024,15,all_invocations,analyzed,valid,,6.335183999998662,6.335183999998662,"{""attempts_missing_call_return"":0,""complete_seconds"":6.335183999998662,""cost_scope"":""All coordinator calls, including additional verification; operational consumption, not standardized time-to-inference"",""known_seconds"":6.335183999998662,""prior_interruption_known_seconds"":0.0,""recorded_measurements"":2,""unknown_measurements"":0,""unknown_time_imputed"":false}"
3933cb94cd228d3caefb7032,posterior,cuda-rwm-sequential,1024,10,ordinary_workflow,analyzed,valid,,3.7674502999998367,3.7674502999998367,"{""attempts_missing_call_return"":0,""complete_seconds"":3.7674502999998367,""cost_scope"":""Sum ordinary subprocess creation-through-exit wall over every registered actual attempt; includes ordinary output/diagnostics, excludes outer audit and inter-call waiting"",""known_seconds"":3.7674502999998367,""prior_interruption_known_seconds"":0.0,""recorded_measurements"":1,""unknown_measurements"":0,""unknown_time_imputed"":false}"
3933cb94cd228d3caefb7032,posterior,cuda-rwm-sequential,1024,10,research_execution,analyzed,valid,,6.083617899999808,6.083617899999808,"{""attempts_missing_call_return"":0,""complete_seconds"":6.083617899999808,""cost_scope"":""Sum all coordinator run/retry calls except completed verification-only returns; includes recorded refusals/recovery/audit/sealing; excludes ledger writes, report observations and inter-call waiting"",""known_seconds"":6.083617899999808,""prior_interruption_known_seconds"":0.0,""recorded_measurements"":1,""unknown_measurements"":0,""unknown_time_imputed"":false}"
3933cb94cd228d3caefb7032,posterior,cuda-rwm-sequential,1024,10,additional_verification,analyzed,valid,,0.17223879999801284,0.17223879999801284,"{""attempts_missing_call_return"":0,""complete_seconds"":0.17223879999801284,""cost_scope"":""Completed coordinator calls returning newly_executed=false; kept outside primary execution cost"",""known_seconds"":0.17223879999801284,""prior_interruption_known_seconds"":0.0,""recorded_measurements"":1,""unknown_measurements"":0,""unknown_time_imputed"":false}"
3933cb94cd228d3caefb7032,posterior,cuda-rwm-sequential,1024,10,all_invocations,analyzed,valid,,6.255856699997821,6.255856699997821,"{""attempts_missing_call_return"":0,""complete_seconds"":6.255856699997821,""cost_scope"":""All coordinator calls, including additional verification; operational consumption, not standardized time-to-inference"",""known_seconds"":6.255856699997821,""prior_interruption_known_seconds"":0.0,""recorded_measurements"":2,""unknown_measurements"":0,""unknown_time_imputed"":false}"
c79ae8420e0f26e02ba74552,posterior,cuda-mala-quasi_deer,1024,14,ordinary_workflow,analyzed,valid,,27.55212180000035,27.55212180000035,"{""attempts_missing_call_return"":0,""complete_seconds"":27.55212180000035,""cost_scope"":""Sum ordinary subprocess creation-through-exit wall over every registered actual attempt; includes ordinary output/diagnostics, excludes outer audit and inter-call waiting"",""known_seconds"":27.55212180000035,""prior_interruption_known_seconds"":0.0,""recorded_measurements"":1,""unknown_measurements"":0,""unknown_time_imputed"":false}"
c79ae8420e0f26e02ba74552,posterior,cuda-mala-quasi_deer,1024,14,research_execution,analyzed,valid,,30.042284300000574,30.042284300000574,"{""attempts_missing_call_return"":0,""complete_seconds"":30.042284300000574,""cost_scope"":""Sum all coordinator run/retry calls except completed verification-only returns; includes recorded refusals/recovery/audit/sealing; excludes ledger writes, report observations and inter-call waiting"",""known_seconds"":30.042284300000574,""prior_interruption_known_seconds"":0.0,""recorded_measurements"":1,""unknown_measurements"":0,""unknown_time_imputed"":false}"
c79ae8420e0f26e02ba74552,posterior,cuda-mala-quasi_deer,1024,14,additional_verification,analyzed,valid,,0.14904759999990347,0.14904759999990347,"{""attempts_missing_call_return"":0,""complete_seconds"":0.14904759999990347,""cost_scope"":""Completed coordinator calls returning newly_executed=false; kept outside primary execution cost"",""known_seconds"":0.14904759999990347,""prior_interruption_known_seconds"":0.0,""recorded_measurements"":1,""unknown_measurements"":0,""unknown_time_imputed"":false}"
c79ae8420e0f26e02ba74552,posterior,cuda-mala-quasi_deer,1024,14,all_invocations,analyzed,valid,,30.191331900000478,30.191331900000478,"{""attempts_missing_call_return"":0,""complete_seconds"":30.191331900000478,""cost_scope"":""All coordinator calls, including additional verification; operational consumption, not standardized time-to-inference"",""known_seconds"":30.191331900000478,""prior_interruption_known_seconds"":0.0,""recorded_measurements"":2,""unknown_measurements"":0,""unknown_time_imputed"":false}"
29f49dd897f467dceb0e21f8,posterior,cpu-rwm-sequential,1024,10,ordinary_workflow,analyzed,valid,,2.5701091000000815,2.5701091000000815,"{""attempts_missing_call_return"":0,""complete_seconds"":2.5701091000000815,""cost_scope"":""Sum ordinary subprocess creation-through-exit wall over every registered actual attempt; includes ordinary output/diagnostics, excludes outer audit and inter-call waiting"",""known_seconds"":2.5701091000000815,""prior_interruption_known_seconds"":0.0,""recorded_measurements"":1,""unknown_measurements"":0,""unknown_time_imputed"":false}"
29f49dd897f467dceb0e21f8,posterior,cpu-rwm-sequential,1024,10,research_execution,analyzed,valid,,4.925125599999774,4.925125599999774,"{""attempts_missing_call_return"":0,""complete_seconds"":4.925125599999774,""cost_scope"":""Sum all coordinator run/retry calls except completed verification-only returns; includes recorded refusals/recovery/audit/sealing; excludes ledger writes, report observations and inter-call waiting"",""known_seconds"":4.925125599999774,""prior_interruption_known_seconds"":0.0,""recorded_measurements"":1,""unknown_measurements"":0,""unknown_time_imputed"":false}"
29f49dd897f467dceb0e21f8,posterior,cpu-rwm-sequential,1024,10,additional_verification,analyzed,valid,,0.14432160000069416,0.14432160000069416,"{""attempts_missing_call_return"":0,""complete_seconds"":0.14432160000069416,""cost_scope"":""Completed coordinator calls returning newly_executed=false; kept outside primary execution cost"",""known_seconds"":0.14432160000069416,""prior_interruption_known_seconds"":0.0,""recorded_measurements"":1,""unknown_measurements"":0,""unknown_time_imputed"":false}"
29f49dd897f467dceb0e21f8,posterior,cpu-rwm-sequential,1024,10,all_invocations,analyzed,valid,,5.069447200000468,5.069447200000468,"{""attempts_missing_call_return"":0,""complete_seconds"":5.069447200000468,""cost_scope"":""All coordinator calls, including additional verification; operational consumption, not standardized time-to-inference"",""known_seconds"":5.069447200000468,""prior_interruption_known_seconds"":0.0,""recorded_measurements"":2,""unknown_measurements"":0,""unknown_time_imputed"":false}"
f41838d6b69d3f492c5f05e8,posterior,cuda-rwm-sequential,4096,11,ordinary_workflow,analyzed,valid,,6.882510100000218,6.882510100000218,"{""attempts_missing_call_return"":0,""complete_seconds"":6.882510100000218,""cost_scope"":""Sum ordinary subprocess creation-through-exit wall over every registered actual attempt; includes ordinary output/diagnostics, excludes outer audit and inter-call waiting"",""known_seconds"":6.882510100000218,""prior_interruption_known_seconds"":0.0,""recorded_measurements"":1,""unknown_measurements"":0,""unknown_time_imputed"":false}"
f41838d6b69d3f492c5f05e8,posterior,cuda-rwm-sequential,4096,11,research_execution,analyzed,valid,,9.217428500000096,9.217428500000096,"{""attempts_missing_call_return"":0,""complete_seconds"":9.217428500000096,""cost_scope"":""Sum all coordinator run/retry calls except completed verification-only returns; includes recorded refusals/recovery/audit/sealing; excludes ledger writes, report observations and inter-call waiting"",""known_seconds"":9.217428500000096,""prior_interruption_known_seconds"":0.0,""recorded_measurements"":1,""unknown_measurements"":0,""unknown_time_imputed"":false}"
f41838d6b69d3f492c5f05e8,posterior,cuda-rwm-sequential,4096,11,additional_verification,analyzed,valid,,0.14602930000182823,0.14602930000182823,"{""attempts_missing_call_return"":0,""complete_seconds"":0.14602930000182823,""cost_scope"":""Completed coordinator calls returning newly_executed=false; kept outside primary execution cost"",""known_seconds"":0.14602930000182823,""prior_interruption_known_seconds"":0.0,""recorded_measurements"":1,""unknown_measurements"":0,""unknown_time_imputed"":false}"
f41838d6b69d3f492c5f05e8,posterior,cuda-rwm-sequential,4096,11,all_invocations,analyzed,valid,,9.363457800001925,9.363457800001925,"{""attempts_missing_call_return"":0,""complete_seconds"":9.363457800001925,""cost_scope"":""All coordinator calls, including additional verification; operational consumption, not standardized time-to-inference"",""known_seconds"":9.363457800001925,""prior_interruption_known_seconds"":0.0,""recorded_measurements"":2,""unknown_measurements"":0,""unknown_time_imputed"":false}"
9e2edd962693730dbb2c98a4,posterior,cpu-mala-quasi_deer,1024,13,ordinary_workflow,analyzed,valid,,13.9463453999997,13.9463453999997,"{""attempts_missing_call_return"":0,""complete_seconds"":13.9463453999997,""cost_scope"":""Sum ordinary subprocess creation-through-exit wall over every registered actual attempt; includes ordinary output/diagnostics, excludes outer audit and inter-call waiting"",""known_seconds"":13.9463453999997,""prior_interruption_known_seconds"":0.0,""recorded_measurements"":1,""unknown_measurements"":0,""unknown_time_imputed"":false}"
9e2edd962693730dbb2c98a4,posterior,cpu-mala-quasi_deer,1024,13,research_execution,analyzed,valid,,16.340876799999933,16.340876799999933,"{""attempts_missing_call_return"":0,""complete_seconds"":16.340876799999933,""cost_scope"":""Sum all coordinator run/retry calls except completed verification-only returns; includes recorded refusals/recovery/audit/sealing; excludes ledger writes, report observations and inter-call waiting"",""known_seconds"":16.340876799999933,""prior_interruption_known_seconds"":0.0,""recorded_measurements"":1,""unknown_measurements"":0,""unknown_time_imputed"":false}"
9e2edd962693730dbb2c98a4,posterior,cpu-mala-quasi_deer,1024,13,additional_verification,analyzed,valid,,0.14550779999990482,0.14550779999990482,"{""attempts_missing_call_return"":0,""complete_seconds"":0.14550779999990482,""cost_scope"":""Completed coordinator calls returning newly_executed=false; kept outside primary execution cost"",""known_seconds"":0.14550779999990482,""prior_interruption_known_seconds"":0.0,""recorded_measurements"":1,""unknown_measurements"":0,""unknown_time_imputed"":false}"
9e2edd962693730dbb2c98a4,posterior,cpu-mala-quasi_deer,1024,13,all_invocations,analyzed,valid,,16.486384599999838,16.486384599999838,"{""attempts_missing_call_return"":0,""complete_seconds"":16.486384599999838,""cost_scope"":""All coordinator calls, including additional verification; operational consumption, not standardized time-to-inference"",""known_seconds"":16.486384599999838,""prior_interruption_known_seconds"":0.0,""recorded_measurements"":2,""unknown_measurements"":0,""unknown_time_imputed"":false}"
a9ec495e3a891b415640b5e6,posterior,cuda-rwm-online_picard,4096,13,ordinary_workflow,analyzed,valid,,6.70764120000058,6.70764120000058,"{""attempts_missing_call_return"":0,""complete_seconds"":6.70764120000058,""cost_scope"":""Sum ordinary subprocess creation-through-exit wall over every registered actual attempt; includes ordinary output/diagnostics, excludes outer audit and inter-call waiting"",""known_seconds"":6.70764120000058,""prior_interruption_known_seconds"":0.0,""recorded_measurements"":1,""unknown_measurements"":0,""unknown_time_imputed"":false}"
a9ec495e3a891b415640b5e6,posterior,cuda-rwm-online_picard,4096,13,research_execution,analyzed,valid,,9.023801999999705,9.023801999999705,"{""attempts_missing_call_return"":0,""complete_seconds"":9.023801999999705,""cost_scope"":""Sum all coordinator run/retry calls except completed verification-only returns; includes recorded refusals/recovery/audit/sealing; excludes ledger writes, report observations and inter-call waiting"",""known_seconds"":9.023801999999705,""prior_interruption_known_seconds"":0.0,""recorded_measurements"":1,""unknown_measurements"":0,""unknown_time_imputed"":false}"
a9ec495e3a891b415640b5e6,posterior,cuda-rwm-online_picard,4096,13,additional_verification,analyzed,valid,,0.147002199999406,0.147002199999406,"{""attempts_missing_call_return"":0,""complete_seconds"":0.147002199999406,""cost_scope"":""Completed coordinator calls returning newly_executed=false; kept outside primary execution cost"",""known_seconds"":0.147002199999406,""prior_interruption_known_seconds"":0.0,""recorded_measurements"":1,""unknown_measurements"":0,""unknown_time_imputed"":false}"
a9ec495e3a891b415640b5e6,posterior,cuda-rwm-online_picard,4096,13,all_invocations,analyzed,valid,,9.170804199999111,9.170804199999111,"{""attempts_missing_call_return"":0,""complete_seconds"":9.170804199999111,""cost_scope"":""All coordinator calls, including additional verification; operational consumption, not standardized time-to-inference"",""known_seconds"":9.170804199999111,""prior_interruption_known_seconds"":0.0,""recorded_measurements"":2,""unknown_measurements"":0,""unknown_time_imputed"":false}"
816437b68df507df1ea001a4,posterior,cuda-mala-quasi_deer,4096,8,ordinary_workflow,analyzed,valid,,63.395083200000045,63.395083200000045,"{""attempts_missing_call_return"":0,""complete_seconds"":63.395083200000045,""cost_scope"":""Sum ordinary subprocess creation-through-exit wall over every registered actual attempt; includes ordinary output/diagnostics, excludes outer audit and inter-call waiting"",""known_seconds"":63.395083200000045,""prior_interruption_known_seconds"":0.0,""recorded_measurements"":1,""unknown_measurements"":0,""unknown_time_imputed"":false}"
816437b68df507df1ea001a4,posterior,cuda-mala-quasi_deer,4096,8,research_execution,analyzed,valid,,66.30593300000055,66.30593300000055,"{""attempts_missing_call_return"":0,""complete_seconds"":66.30593300000055,""cost_scope"":""Sum all coordinator run/retry calls except completed verification-only returns; includes recorded refusals/recovery/audit/sealing; excludes ledger writes, report observations and inter-call waiting"",""known_seconds"":66.30593300000055,""prior_interruption_known_seconds"":0.0,""recorded_measurements"":1,""unknown_measurements"":0,""unknown_time_imputed"":false}"
816437b68df507df1ea001a4,posterior,cuda-mala-quasi_deer,4096,8,additional_verification,analyzed,valid,,0.1535667000025569,0.1535667000025569,"{""attempts_missing_call_return"":0,""complete_seconds"":0.1535667000025569,""cost_scope"":""Completed coordinator calls returning newly_executed=false; kept outside primary execution cost"",""known_seconds"":0.1535667000025569,""prior_interruption_known_seconds"":0.0,""recorded_measurements"":1,""unknown_measurements"":0,""unknown_time_imputed"":false}"
816437b68df507df1ea001a4,posterior,cuda-mala-quasi_deer,4096,8,all_invocations,analyzed,valid,,66.45949970000311,66.45949970000311,"{""attempts_missing_call_return"":0,""complete_seconds"":66.45949970000311,""cost_scope"":""All coordinator calls, including additional verification; operational consumption, not standardized time-to-inference"",""known_seconds"":66.45949970000311,""prior_interruption_known_seconds"":0.0,""recorded_measurements"":2,""unknown_measurements"":0,""unknown_time_imputed"":false}"
66ce68102262c724e1ff766c,posterior,cpu-rwm-sequential,4096,11,ordinary_workflow,analyzed,valid,,3.393406099999993,3.393406099999993,"{""attempts_missing_call_return"":0,""complete_seconds"":3.393406099999993,""cost_scope"":""Sum ordinary subprocess creation-through-exit wall over every registered actual attempt; includes ordinary output/diagnostics, excludes outer audit and inter-call waiting"",""known_seconds"":3.393406099999993,""prior_interruption_known_seconds"":0.0,""recorded_measurements"":1,""unknown_measurements"":0,""unknown_time_imputed"":false}"
66ce68102262c724e1ff766c,posterior,cpu-rwm-sequential,4096,11,research_execution,analyzed,valid,,5.703261800001201,5.703261800001201,"{""attempts_missing_call_return"":0,""complete_seconds"":5.703261800001201,""cost_scope"":""Sum all coordinator run/retry calls except completed verification-only returns; includes recorded refusals/recovery/audit/sealing; excludes ledger writes, report observations and inter-call waiting"",""known_seconds"":5.703261800001201,""prior_interruption_known_seconds"":0.0,""recorded_measurements"":1,""unknown_measurements"":0,""unknown_time_imputed"":false}"
66ce68102262c724e1ff766c,posterior,cpu-rwm-sequential,4096,11,additional_verification,analyzed,valid,,0.14530840000224998,0.14530840000224998,"{""attempts_missing_call_return"":0,""complete_seconds"":0.14530840000224998,""cost_scope"":""Completed coordinator calls returning newly_executed=false; kept outside primary execution cost"",""known_seconds"":0.14530840000224998,""prior_interruption_known_seconds"":0.0,""recorded_measurements"":1,""unknown_measurements"":0,""unknown_time_imputed"":false}"
66ce68102262c724e1ff766c,posterior,cpu-rwm-sequential,4096,11,all_invocations,analyzed,valid,,5.848570200003451,5.848570200003451,"{""attempts_missing_call_return"":0,""complete_seconds"":5.848570200003451,""cost_scope"":""All coordinator calls, including additional verification; operational consumption, not standardized time-to-inference"",""known_seconds"":5.848570200003451,""prior_interruption_known_seconds"":0.0,""recorded_measurements"":2,""unknown_measurements"":0,""unknown_time_imputed"":false}"
474f01dafebac6d470762731,posterior,cpu-mala-quasi_deer,1024,10,ordinary_workflow,analyzed,valid,,13.443011400000614,13.443011400000614,"{""attempts_missing_call_return"":0,""complete_seconds"":13.443011400000614,""cost_scope"":""Sum ordinary subprocess creation-through-exit wall over every registered actual attempt; includes ordinary output/diagnostics, excludes outer audit and inter-call waiting"",""known_seconds"":13.443011400000614,""prior_interruption_known_seconds"":0.0,""recorded_measurements"":1,""unknown_measurements"":0,""unknown_time_imputed"":false}"
474f01dafebac6d470762731,posterior,cpu-mala-quasi_deer,1024,10,research_execution,analyzed,valid,,15.956025800000134,15.956025800000134,"{""attempts_missing_call_return"":0,""complete_seconds"":15.956025800000134,""cost_scope"":""Sum all coordinator run/retry calls except completed verification-only returns; includes recorded refusals/recovery/audit/sealing; excludes ledger writes, report observations and inter-call waiting"",""known_seconds"":15.956025800000134,""prior_interruption_known_seconds"":0.0,""recorded_measurements"":1,""unknown_measurements"":0,""unknown_time_imputed"":false}"
474f01dafebac6d470762731,posterior,cpu-mala-quasi_deer,1024,10,additional_verification,analyzed,valid,,0.14575580000018817,0.14575580000018817,"{""attempts_missing_call_return"":0,""complete_seconds"":0.14575580000018817,""cost_scope"":""Completed coordinator calls returning newly_executed=false; kept outside primary execution cost"",""known_seconds"":0.14575580000018817,""prior_interruption_known_seconds"":0.0,""recorded_measurements"":1,""unknown_measurements"":0,""unknown_time_imputed"":false}"
474f01dafebac6d470762731,posterior,cpu-mala-quasi_deer,1024,10,all_invocations,analyzed,valid,,16.101781600000322,16.101781600000322,"{""attempts_missing_call_return"":0,""complete_seconds"":16.101781600000322,""cost_scope"":""All coordinator calls, including additional verification; operational consumption, not standardized time-to-inference"",""known_seconds"":16.101781600000322,""prior_interruption_known_seconds"":0.0,""recorded_measurements"":2,""unknown_measurements"":0,""unknown_time_imputed"":false}"
4a5ad615d385f83ce45eb3b1,posterior,cuda-rwm-online_picard,1024,15,ordinary_workflow,analyzed,valid,,3.8026105999997526,3.8026105999997526,"{""attempts_missing_call_return"":0,""complete_seconds"":3.8026105999997526,""cost_scope"":""Sum ordinary subprocess creation-through-exit wall over every registered actual attempt; includes ordinary output/diagnostics, excludes outer audit and inter-call waiting"",""known_seconds"":3.8026105999997526,""prior_interruption_known_seconds"":0.0,""recorded_measurements"":1,""unknown_measurements"":0,""unknown_time_imputed"":false}"
4a5ad615d385f83ce45eb3b1,posterior,cuda-rwm-online_picard,1024,15,research_execution,analyzed,valid,,5.969700600000579,5.969700600000579,"{""attempts_missing_call_return"":0,""complete_seconds"":5.969700600000579,""cost_scope"":""Sum all coordinator run/retry calls except completed verification-only returns; includes recorded refusals/recovery/audit/sealing; excludes ledger writes, report observations and inter-call waiting"",""known_seconds"":5.969700600000579,""prior_interruption_known_seconds"":0.0,""recorded_measurements"":1,""unknown_measurements"":0,""unknown_time_imputed"":false}"
4a5ad615d385f83ce45eb3b1,posterior,cuda-rwm-online_picard,1024,15,additional_verification,analyzed,valid,,0.14681170000039856,0.14681170000039856,"{""attempts_missing_call_return"":0,""complete_seconds"":0.14681170000039856,""cost_scope"":""Completed coordinator calls returning newly_executed=false; kept outside primary execution cost"",""known_seconds"":0.14681170000039856,""prior_interruption_known_seconds"":0.0,""recorded_measurements"":1,""unknown_measurements"":0,""unknown_time_imputed"":false}"
4a5ad615d385f83ce45eb3b1,posterior,cuda-rwm-online_picard,1024,15,all_invocations,analyzed,valid,,6.116512300000977,6.116512300000977,"{""attempts_missing_call_return"":0,""complete_seconds"":6.116512300000977,""cost_scope"":""All coordinator calls, including additional verification; operational consumption, not standardized time-to-inference"",""known_seconds"":6.116512300000977,""prior_interruption_known_seconds"":0.0,""recorded_measurements"":2,""unknown_measurements"":0,""unknown_time_imputed"":false}"
ed4d8013e1dfb069645f0c21,posterior,cpu-rwm-sequential,1024,9,ordinary_workflow,analyzed,valid,,2.572617800000444,2.572617800000444,"{""attempts_missing_call_return"":0,""complete_seconds"":2.572617800000444,""cost_scope"":""Sum ordinary subprocess creation-through-exit wall over every registered actual attempt; includes ordinary output/diagnostics, excludes outer audit and inter-call waiting"",""known_seconds"":2.572617800000444,""prior_interruption_known_seconds"":0.0,""recorded_measurements"":1,""unknown_measurements"":0,""unknown_time_imputed"":false}"
ed4d8013e1dfb069645f0c21,posterior,cpu-rwm-sequential,1024,9,research_execution,analyzed,valid,,4.865212700000484,4.865212700000484,"{""attempts_missing_call_return"":0,""complete_seconds"":4.865212700000484,""cost_scope"":""Sum all coordinator run/retry calls except completed verification-only returns; includes recorded refusals/recovery/audit/sealing; excludes ledger writes, report observations and inter-call waiting"",""known_seconds"":4.865212700000484,""prior_interruption_known_seconds"":0.0,""recorded_measurements"":1,""unknown_measurements"":0,""unknown_time_imputed"":false}"
ed4d8013e1dfb069645f0c21,posterior,cpu-rwm-sequential,1024,9,additional_verification,analyzed,valid,,0.14315960000021732,0.14315960000021732,"{""attempts_missing_call_return"":0,""complete_seconds"":0.14315960000021732,""cost_scope"":""Completed coordinator calls returning newly_executed=false; kept outside primary execution cost"",""known_seconds"":0.14315960000021732,""prior_interruption_known_seconds"":0.0,""recorded_measurements"":1,""unknown_measurements"":0,""unknown_time_imputed"":false}"
ed4d8013e1dfb069645f0c21,posterior,cpu-rwm-sequential,1024,9,all_invocations,analyzed,valid,,5.008372300000701,5.008372300000701,"{""attempts_missing_call_return"":0,""complete_seconds"":5.008372300000701,""cost_scope"":""All coordinator calls, including additional verification; operational consumption, not standardized time-to-inference"",""known_seconds"":5.008372300000701,""prior_interruption_known_seconds"":0.0,""recorded_measurements"":2,""unknown_measurements"":0,""unknown_time_imputed"":false}"
f3975b7643fcf620672aa847,posterior,cpu-nuts-spawn_chains,1024,15,ordinary_workflow,analyzed,valid,,19.472537999999986,19.472537999999986,"{""attempts_missing_call_return"":0,""complete_seconds"":19.472537999999986,""cost_scope"":""Sum ordinary subprocess creation-through-exit wall over every registered actual attempt; includes ordinary output/diagnostics, excludes outer audit and inter-call waiting"",""known_seconds"":19.472537999999986,""prior_interruption_known_seconds"":0.0,""recorded_measurements"":1,""unknown_measurements"":0,""unknown_time_imputed"":false}"
f3975b7643fcf620672aa847,posterior,cpu-nuts-spawn_chains,1024,15,research_execution,analyzed,valid,,21.694532400000753,21.694532400000753,"{""attempts_missing_call_return"":0,""complete_seconds"":21.694532400000753,""cost_scope"":""Sum all coordinator run/retry calls except completed verification-only returns; includes recorded refusals/recovery/audit/sealing; excludes ledger writes, report observations and inter-call waiting"",""known_seconds"":21.694532400000753,""prior_interruption_known_seconds"":0.0,""recorded_measurements"":1,""unknown_measurements"":0,""unknown_time_imputed"":false}"
f3975b7643fcf620672aa847,posterior,cpu-nuts-spawn_chains,1024,15,additional_verification,analyzed,valid,,0.14700420000008307,0.14700420000008307,"{""attempts_missing_call_return"":0,""complete_seconds"":0.14700420000008307,""cost_scope"":""Completed coordinator calls returning newly_executed=false; kept outside primary execution cost"",""known_seconds"":0.14700420000008307,""prior_interruption_known_seconds"":0.0,""recorded_measurements"":1,""unknown_measurements"":0,""unknown_time_imputed"":false}"
f3975b7643fcf620672aa847,posterior,cpu-nuts-spawn_chains,1024,15,all_invocations,analyzed,valid,,21.841536600000836,21.841536600000836,"{""attempts_missing_call_return"":0,""complete_seconds"":21.841536600000836,""cost_scope"":""All coordinator calls, including additional verification; operational consumption, not standardized time-to-inference"",""known_seconds"":21.841536600000836,""prior_interruption_known_seconds"":0.0,""recorded_measurements"":2,""unknown_measurements"":0,""unknown_time_imputed"":false}"
d29bf51d2e19d0aebea03267,posterior,cuda-rwm-sequential,1024,8,ordinary_workflow,analyzed,valid,,3.7204781000000366,3.7204781000000366,"{""attempts_missing_call_return"":0,""complete_seconds"":3.7204781000000366,""cost_scope"":""Sum ordinary subprocess creation-through-exit wall over every registered actual attempt; includes ordinary output/diagnostics, excludes outer audit and inter-call waiting"",""known_seconds"":3.7204781000000366,""prior_interruption_known_seconds"":0.0,""recorded_measurements"":1,""unknown_measurements"":0,""unknown_time_imputed"":false}"
d29bf51d2e19d0aebea03267,posterior,cuda-rwm-sequential,1024,8,research_execution,analyzed,valid,,5.936677200001213,5.936677200001213,"{""attempts_missing_call_return"":0,""complete_seconds"":5.936677200001213,""cost_scope"":""Sum all coordinator run/retry calls except completed verification-only returns; includes recorded refusals/recovery/audit/sealing; excludes ledger writes, report observations and inter-call waiting"",""known_seconds"":5.936677200001213,""prior_interruption_known_seconds"":0.0,""recorded_measurements"":1,""unknown_measurements"":0,""unknown_time_imputed"":false}"
d29bf51d2e19d0aebea03267,posterior,cuda-rwm-sequential,1024,8,additional_verification,analyzed,valid,,0.15075190000061411,0.15075190000061411,"{""attempts_missing_call_return"":0,""complete_seconds"":0.15075190000061411,""cost_scope"":""Completed coordinator calls returning newly_executed=false; kept outside primary execution cost"",""known_seconds"":0.15075190000061411,""prior_interruption_known_seconds"":0.0,""recorded_measurements"":1,""unknown_measurements"":0,""unknown_time_imputed"":false}"
d29bf51d2e19d0aebea03267,posterior,cuda-rwm-sequential,1024,8,all_invocations,analyzed,valid,,6.0874291000018275,6.0874291000018275,"{""attempts_missing_call_return"":0,""complete_seconds"":6.0874291000018275,""cost_scope"":""All coordinator calls, including additional verification; operational consumption, not standardized time-to-inference"",""known_seconds"":6.0874291000018275,""prior_interruption_known_seconds"":0.0,""recorded_measurements"":2,""unknown_measurements"":0,""unknown_time_imputed"":false}"
66b6901c40fb5a045defa106,posterior,cpu-rwm-online_picard,1024,13,ordinary_workflow,analyzed,valid,,2.7147975000007136,2.7147975000007136,"{""attempts_missing_call_return"":0,""complete_seconds"":2.7147975000007136,""cost_scope"":""Sum ordinary subprocess creation-through-exit wall over every registered actual attempt; includes ordinary output/diagnostics, excludes outer audit and inter-call waiting"",""known_seconds"":2.7147975000007136,""prior_interruption_known_seconds"":0.0,""recorded_measurements"":1,""unknown_measurements"":0,""unknown_time_imputed"":false}"
66b6901c40fb5a045defa106,posterior,cpu-rwm-online_picard,1024,13,research_execution,analyzed,valid,,4.857191499999317,4.857191499999317,"{""attempts_missing_call_return"":0,""complete_seconds"":4.857191499999317,""cost_scope"":""Sum all coordinator run/retry calls except completed verification-only returns; includes recorded refusals/recovery/audit/sealing; excludes ledger writes, report observations and inter-call waiting"",""known_seconds"":4.857191499999317,""prior_interruption_known_seconds"":0.0,""recorded_measurements"":1,""unknown_measurements"":0,""unknown_time_imputed"":false}"
66b6901c40fb5a045defa106,posterior,cpu-rwm-online_picard,1024,13,additional_verification,analyzed,valid,,0.1483208999998169,0.1483208999998169,"{""attempts_missing_call_return"":0,""complete_seconds"":0.1483208999998169,""cost_scope"":""Completed coordinator calls returning newly_executed=false; kept outside primary execution cost"",""known_seconds"":0.1483208999998169,""prior_interruption_known_seconds"":0.0,""recorded_measurements"":1,""unknown_measurements"":0,""unknown_time_imputed"":false}"
66b6901c40fb5a045defa106,posterior,cpu-rwm-online_picard,1024,13,all_invocations,analyzed,valid,,5.005512399999134,5.005512399999134,"{""attempts_missing_call_return"":0,""complete_seconds"":5.005512399999134,""cost_scope"":""All coordinator calls, including additional verification; operational consumption, not standardized time-to-inference"",""known_seconds"":5.005512399999134,""prior_interruption_known_seconds"":0.0,""recorded_measurements"":2,""unknown_measurements"":0,""unknown_time_imputed"":false}"
88f1e77a49b3ae0071030caf,posterior,cpu-nuts-spawn_chains,4096,12,ordinary_workflow,analyzed,output_failure_unclassified,,56.568138000000545,56.568138000000545,"{""attempts_missing_call_return"":0,""complete_seconds"":56.568138000000545,""cost_scope"":""Sum ordinary subprocess creation-through-exit wall over every registered actual attempt; includes ordinary output/diagnostics, excludes outer audit and inter-call waiting"",""known_seconds"":56.568138000000545,""prior_interruption_known_seconds"":0.0,""recorded_measurements"":1,""unknown_measurements"":0,""unknown_time_imputed"":false}"
88f1e77a49b3ae0071030caf,posterior,cpu-nuts-spawn_chains,4096,12,research_execution,analyzed,output_failure_unclassified,,58.775818699999945,58.775818699999945,"{""attempts_missing_call_return"":0,""complete_seconds"":58.775818699999945,""cost_scope"":""Sum all coordinator run/retry calls except completed verification-only returns; includes recorded refusals/recovery/audit/sealing; excludes ledger writes, report observations and inter-call waiting"",""known_seconds"":58.775818699999945,""prior_interruption_known_seconds"":0.0,""recorded_measurements"":1,""unknown_measurements"":0,""unknown_time_imputed"":false}"
88f1e77a49b3ae0071030caf,posterior,cpu-nuts-spawn_chains,4096,12,additional_verification,analyzed,output_failure_unclassified,,0.14783379999789759,0.14783379999789759,"{""attempts_missing_call_return"":0,""complete_seconds"":0.14783379999789759,""cost_scope"":""Completed coordinator calls returning newly_executed=false; kept outside primary execution cost"",""known_seconds"":0.14783379999789759,""prior_interruption_known_seconds"":0.0,""recorded_measurements"":1,""unknown_measurements"":0,""unknown_time_imputed"":false}"
88f1e77a49b3ae0071030caf,posterior,cpu-nuts-spawn_chains,4096,12,all_invocations,analyzed,output_failure_unclassified,,58.92365249999784,58.92365249999784,"{""attempts_missing_call_return"":0,""complete_seconds"":58.92365249999784,""cost_scope"":""All coordinator calls, including additional verification; operational consumption, not standardized time-to-inference"",""known_seconds"":58.92365249999784,""prior_interruption_known_seconds"":0.0,""recorded_measurements"":2,""unknown_measurements"":0,""unknown_time_imputed"":false}"
cba7df381d1e1dd799a14699,posterior,cpu-rwm-sequential,4096,14,ordinary_workflow,analyzed,valid,,3.4090803999988566,3.4090803999988566,"{""attempts_missing_call_return"":0,""complete_seconds"":3.4090803999988566,""cost_scope"":""Sum ordinary subprocess creation-through-exit wall over every registered actual attempt; includes ordinary output/diagnostics, excludes outer audit and inter-call waiting"",""known_seconds"":3.4090803999988566,""prior_interruption_known_seconds"":0.0,""recorded_measurements"":1,""unknown_measurements"":0,""unknown_time_imputed"":false}"
cba7df381d1e1dd799a14699,posterior,cpu-rwm-sequential,4096,14,research_execution,analyzed,valid,,5.75185860000056,5.75185860000056,"{""attempts_missing_call_return"":0,""complete_seconds"":5.75185860000056,""cost_scope"":""Sum all coordinator run/retry calls except completed verification-only returns; includes recorded refusals/recovery/audit/sealing; excludes ledger writes, report observations and inter-call waiting"",""known_seconds"":5.75185860000056,""prior_interruption_known_seconds"":0.0,""recorded_measurements"":1,""unknown_measurements"":0,""unknown_time_imputed"":false}"
cba7df381d1e1dd799a14699,posterior,cpu-rwm-sequential,4096,14,additional_verification,analyzed,valid,,0.1447721000004094,0.1447721000004094,"{""attempts_missing_call_return"":0,""complete_seconds"":0.1447721000004094,""cost_scope"":""Completed coordinator calls returning newly_executed=false; kept outside primary execution cost"",""known_seconds"":0.1447721000004094,""prior_interruption_known_seconds"":0.0,""recorded_measurements"":1,""unknown_measurements"":0,""unknown_time_imputed"":false}"
cba7df381d1e1dd799a14699,posterior,cpu-rwm-sequential,4096,14,all_invocations,analyzed,valid,,5.896630700000969,5.896630700000969,"{""attempts_missing_call_return"":0,""complete_seconds"":5.896630700000969,""cost_scope"":""All coordinator calls, including additional verification; operational consumption, not standardized time-to-inference"",""known_seconds"":5.896630700000969,""prior_interruption_known_seconds"":0.0,""recorded_measurements"":2,""unknown_measurements"":0,""unknown_time_imputed"":false}"
a672f3c3cf5b2efbbc9913ab,posterior,cuda-rwm-sequential,1024,13,ordinary_workflow,analyzed,valid,,3.7428687999999966,3.7428687999999966,"{""attempts_missing_call_return"":0,""complete_seconds"":3.7428687999999966,""cost_scope"":""Sum ordinary subprocess creation-through-exit wall over every registered actual attempt; includes ordinary output/diagnostics, excludes outer audit and inter-call waiting"",""known_seconds"":3.7428687999999966,""prior_interruption_known_seconds"":0.0,""recorded_measurements"":1,""unknown_measurements"":0,""unknown_time_imputed"":false}"
a672f3c3cf5b2efbbc9913ab,posterior,cuda-rwm-sequential,1024,13,research_execution,analyzed,valid,,5.953161499999624,5.953161499999624,"{""attempts_missing_call_return"":0,""complete_seconds"":5.953161499999624,""cost_scope"":""Sum all coordinator run/retry calls except completed verification-only returns; includes recorded refusals/recovery/audit/sealing; excludes ledger writes, report observations and inter-call waiting"",""known_seconds"":5.953161499999624,""prior_interruption_known_seconds"":0.0,""recorded_measurements"":1,""unknown_measurements"":0,""unknown_time_imputed"":false}"
a672f3c3cf5b2efbbc9913ab,posterior,cuda-rwm-sequential,1024,13,additional_verification,analyzed,valid,,0.14685050000116462,0.14685050000116462,"{""attempts_missing_call_return"":0,""complete_seconds"":0.14685050000116462,""cost_scope"":""Completed coordinator calls returning newly_executed=false; kept outside primary execution cost"",""known_seconds"":0.14685050000116462,""prior_interruption_known_seconds"":0.0,""recorded_measurements"":1,""unknown_measurements"":0,""unknown_time_imputed"":false}"
a672f3c3cf5b2efbbc9913ab,posterior,cuda-rwm-sequential,1024,13,all_invocations,analyzed,valid,,6.100012000000788,6.100012000000788,"{""attempts_missing_call_return"":0,""complete_seconds"":6.100012000000788,""cost_scope"":""All coordinator calls, including additional verification; operational consumption, not standardized time-to-inference"",""known_seconds"":6.100012000000788,""prior_interruption_known_seconds"":0.0,""recorded_measurements"":2,""unknown_measurements"":0,""unknown_time_imputed"":false}"
c42141b3a5ea88407e95a3cd,posterior,cpu-mala-quasi_deer,4096,11,ordinary_workflow,analyzed,numerical_failure,,36.606715000001714,36.606715000001714,"{""attempts_missing_call_return"":0,""complete_seconds"":36.606715000001714,""cost_scope"":""Sum ordinary subprocess creation-through-exit wall over every registered actual attempt; includes ordinary output/diagnostics, excludes outer audit and inter-call waiting"",""known_seconds"":36.606715000001714,""prior_interruption_known_seconds"":0.0,""recorded_measurements"":1,""unknown_measurements"":0,""unknown_time_imputed"":false}"
c42141b3a5ea88407e95a3cd,posterior,cpu-mala-quasi_deer,4096,11,research_execution,analyzed,numerical_failure,,39.48646009999902,39.48646009999902,"{""attempts_missing_call_return"":0,""complete_seconds"":39.48646009999902,""cost_scope"":""Sum all coordinator run/retry calls except completed verification-only returns; includes recorded refusals/recovery/audit/sealing; excludes ledger writes, report observations and inter-call waiting"",""known_seconds"":39.48646009999902,""prior_interruption_known_seconds"":0.0,""recorded_measurements"":1,""unknown_measurements"":0,""unknown_time_imputed"":false}"
c42141b3a5ea88407e95a3cd,posterior,cpu-mala-quasi_deer,4096,11,additional_verification,analyzed,numerical_failure,,0.14749540000048,0.14749540000048,"{""attempts_missing_call_return"":0,""complete_seconds"":0.14749540000048,""cost_scope"":""Completed coordinator calls returning newly_executed=false; kept outside primary execution cost"",""known_seconds"":0.14749540000048,""prior_interruption_known_seconds"":0.0,""recorded_measurements"":1,""unknown_measurements"":0,""unknown_time_imputed"":false}"
c42141b3a5ea88407e95a3cd,posterior,cpu-mala-quasi_deer,4096,11,all_invocations,analyzed,numerical_failure,,39.6339554999995,39.6339554999995,"{""attempts_missing_call_return"":0,""complete_seconds"":39.6339554999995,""cost_scope"":""All coordinator calls, including additional verification; operational consumption, not standardized time-to-inference"",""known_seconds"":39.6339554999995,""prior_interruption_known_seconds"":0.0,""recorded_measurements"":2,""unknown_measurements"":0,""unknown_time_imputed"":false}"
b197fb548fbc5267eea41447,posterior,cuda-rwm-sequential,1024,11,ordinary_workflow,analyzed,valid,,3.758305299999847,3.758305299999847,"{""attempts_missing_call_return"":0,""complete_seconds"":3.758305299999847,""cost_scope"":""Sum ordinary subprocess creation-through-exit wall over every registered actual attempt; includes ordinary output/diagnostics, excludes outer audit and inter-call waiting"",""known_seconds"":3.758305299999847,""prior_interruption_known_seconds"":0.0,""recorded_measurements"":1,""unknown_measurements"":0,""unknown_time_imputed"":false}"
b197fb548fbc5267eea41447,posterior,cuda-rwm-sequential,1024,11,research_execution,analyzed,valid,,5.990754499998729,5.990754499998729,"{""attempts_missing_call_return"":0,""complete_seconds"":5.990754499998729,""cost_scope"":""Sum all coordinator run/retry calls except completed verification-only returns; includes recorded refusals/recovery/audit/sealing; excludes ledger writes, report observations and inter-call waiting"",""known_seconds"":5.990754499998729,""prior_interruption_known_seconds"":0.0,""recorded_measurements"":1,""unknown_measurements"":0,""unknown_time_imputed"":false}"
b197fb548fbc5267eea41447,posterior,cuda-rwm-sequential,1024,11,additional_verification,analyzed,valid,,0.1447361999998975,0.1447361999998975,"{""attempts_missing_call_return"":0,""complete_seconds"":0.1447361999998975,""cost_scope"":""Completed coordinator calls returning newly_executed=false; kept outside primary execution cost"",""known_seconds"":0.1447361999998975,""prior_interruption_known_seconds"":0.0,""recorded_measurements"":1,""unknown_measurements"":0,""unknown_time_imputed"":false}"
b197fb548fbc5267eea41447,posterior,cuda-rwm-sequential,1024,11,all_invocations,analyzed,valid,,6.135490699998627,6.135490699998627,"{""attempts_missing_call_return"":0,""complete_seconds"":6.135490699998627,""cost_scope"":""All coordinator calls, including additional verification; operational consumption, not standardized time-to-inference"",""known_seconds"":6.135490699998627,""prior_interruption_known_seconds"":0.0,""recorded_measurements"":2,""unknown_measurements"":0,""unknown_time_imputed"":false}"
137110bc9e50d2993dc0c21b,posterior,cpu-nuts-spawn_chains,1024,10,ordinary_workflow,analyzed,valid,,57.6005038000003,57.6005038000003,"{""attempts_missing_call_return"":0,""complete_seconds"":57.6005038000003,""cost_scope"":""Sum ordinary subprocess creation-through-exit wall over every registered actual attempt; includes ordinary output/diagnostics, excludes outer audit and inter-call waiting"",""known_seconds"":57.6005038000003,""prior_interruption_known_seconds"":0.0,""recorded_measurements"":1,""unknown_measurements"":0,""unknown_time_imputed"":false}"
137110bc9e50d2993dc0c21b,posterior,cpu-nuts-spawn_chains,1024,10,research_execution,analyzed,valid,,59.88294339999993,59.88294339999993,"{""attempts_missing_call_return"":0,""complete_seconds"":59.88294339999993,""cost_scope"":""Sum all coordinator run/retry calls except completed verification-only returns; includes recorded refusals/recovery/audit/sealing; excludes ledger writes, report observations and inter-call waiting"",""known_seconds"":59.88294339999993,""prior_interruption_known_seconds"":0.0,""recorded_measurements"":1,""unknown_measurements"":0,""unknown_time_imputed"":false}"
137110bc9e50d2993dc0c21b,posterior,cpu-nuts-spawn_chains,1024,10,additional_verification,analyzed,valid,,0.14779850000195438,0.14779850000195438,"{""attempts_missing_call_return"":0,""complete_seconds"":0.14779850000195438,""cost_scope"":""Completed coordinator calls returning newly_executed=false; kept outside primary execution cost"",""known_seconds"":0.14779850000195438,""prior_interruption_known_seconds"":0.0,""recorded_measurements"":1,""unknown_measurements"":0,""unknown_time_imputed"":false}"
137110bc9e50d2993dc0c21b,posterior,cpu-nuts-spawn_chains,1024,10,all_invocations,analyzed,valid,,60.030741900001885,60.030741900001885,"{""attempts_missing_call_return"":0,""complete_seconds"":60.030741900001885,""cost_scope"":""All coordinator calls, including additional verification; operational consumption, not standardized time-to-inference"",""known_seconds"":60.030741900001885,""prior_interruption_known_seconds"":0.0,""recorded_measurements"":2,""unknown_measurements"":0,""unknown_time_imputed"":false}"
1df1af5cb15f1c167e86b8bd,posterior,cuda-mala-quasi_deer,1024,13,ordinary_workflow,analyzed,valid,,23.589025799999945,23.589025799999945,"{""attempts_missing_call_return"":0,""complete_seconds"":23.589025799999945,""cost_scope"":""Sum ordinary subprocess creation-through-exit wall over every registered actual attempt; includes ordinary output/diagnostics, excludes outer audit and inter-call waiting"",""known_seconds"":23.589025799999945,""prior_interruption_known_seconds"":0.0,""recorded_measurements"":1,""unknown_measurements"":0,""unknown_time_imputed"":false}"
1df1af5cb15f1c167e86b8bd,posterior,cuda-mala-quasi_deer,1024,13,research_execution,analyzed,valid,,25.913230799998928,25.913230799998928,"{""attempts_missing_call_return"":0,""complete_seconds"":25.913230799998928,""cost_scope"":""Sum all coordinator run/retry calls except completed verification-only returns; includes recorded refusals/recovery/audit/sealing; excludes ledger writes, report observations and inter-call waiting"",""known_seconds"":25.913230799998928,""prior_interruption_known_seconds"":0.0,""recorded_measurements"":1,""unknown_measurements"":0,""unknown_time_imputed"":false}"
1df1af5cb15f1c167e86b8bd,posterior,cuda-mala-quasi_deer,1024,13,additional_verification,analyzed,valid,,0.1449006000002555,0.1449006000002555,"{""attempts_missing_call_return"":0,""complete_seconds"":0.1449006000002555,""cost_scope"":""Completed coordinator calls returning newly_executed=false; kept outside primary execution cost"",""known_seconds"":0.1449006000002555,""prior_interruption_known_seconds"":0.0,""recorded_measurements"":1,""unknown_measurements"":0,""unknown_time_imputed"":false}"
1df1af5cb15f1c167e86b8bd,posterior,cuda-mala-quasi_deer,1024,13,all_invocations,analyzed,valid,,26.058131399999183,26.058131399999183,"{""attempts_missing_call_return"":0,""complete_seconds"":26.058131399999183,""cost_scope"":""All coordinator calls, including additional verification; operational consumption, not standardized time-to-inference"",""known_seconds"":26.058131399999183,""prior_interruption_known_seconds"":0.0,""recorded_measurements"":2,""unknown_measurements"":0,""unknown_time_imputed"":false}"
6399c6a65d31ad50369c7936,posterior,cuda-rwm-online_picard,4096,14,ordinary_workflow,analyzed,valid,,6.723333800000546,6.723333800000546,"{""attempts_missing_call_return"":0,""complete_seconds"":6.723333800000546,""cost_scope"":""Sum ordinary subprocess creation-through-exit wall over every registered actual attempt; includes ordinary output/diagnostics, excludes outer audit and inter-call waiting"",""known_seconds"":6.723333800000546,""prior_interruption_known_seconds"":0.0,""recorded_measurements"":1,""unknown_measurements"":0,""unknown_time_imputed"":false}"
6399c6a65d31ad50369c7936,posterior,cuda-rwm-online_picard,4096,14,research_execution,analyzed,valid,,9.173502899999221,9.173502899999221,"{""attempts_missing_call_return"":0,""complete_seconds"":9.173502899999221,""cost_scope"":""Sum all coordinator run/retry calls except completed verification-only returns; includes recorded refusals/recovery/audit/sealing; excludes ledger writes, report observations and inter-call waiting"",""known_seconds"":9.173502899999221,""prior_interruption_known_seconds"":0.0,""recorded_measurements"":1,""unknown_measurements"":0,""unknown_time_imputed"":false}"
6399c6a65d31ad50369c7936,posterior,cuda-rwm-online_picard,4096,14,additional_verification,analyzed,valid,,0.14548650000142516,0.14548650000142516,"{""attempts_missing_call_return"":0,""complete_seconds"":0.14548650000142516,""cost_scope"":""Completed coordinator calls returning newly_executed=false; kept outside primary execution cost"",""known_seconds"":0.14548650000142516,""prior_interruption_known_seconds"":0.0,""recorded_measurements"":1,""unknown_measurements"":0,""unknown_time_imputed"":false}"
6399c6a65d31ad50369c7936,posterior,cuda-rwm-online_picard,4096,14,all_invocations,analyzed,valid,,9.318989400000646,9.318989400000646,"{""attempts_missing_call_return"":0,""complete_seconds"":9.318989400000646,""cost_scope"":""All coordinator calls, including additional verification; operational consumption, not standardized time-to-inference"",""known_seconds"":9.318989400000646,""prior_interruption_known_seconds"":0.0,""recorded_measurements"":2,""unknown_measurements"":0,""unknown_time_imputed"":false}"
f00e5015268f17b8285ab6c6,posterior,cuda-mala-quasi_deer,4096,11,ordinary_workflow,analyzed,numerical_failure,,68.63760010000078,68.63760010000078,"{""attempts_missing_call_return"":0,""complete_seconds"":68.63760010000078,""cost_scope"":""Sum ordinary subprocess creation-through-exit wall over every registered actual attempt; includes ordinary output/diagnostics, excludes outer audit and inter-call waiting"",""known_seconds"":68.63760010000078,""prior_interruption_known_seconds"":0.0,""recorded_measurements"":1,""unknown_measurements"":0,""unknown_time_imputed"":false}"
f00e5015268f17b8285ab6c6,posterior,cuda-mala-quasi_deer,4096,11,research_execution,analyzed,numerical_failure,,71.4779968999992,71.4779968999992,"{""attempts_missing_call_return"":0,""complete_seconds"":71.4779968999992,""cost_scope"":""Sum all coordinator run/retry calls except completed verification-only returns; includes recorded refusals/recovery/audit/sealing; excludes ledger writes, report observations and inter-call waiting"",""known_seconds"":71.4779968999992,""prior_interruption_known_seconds"":0.0,""recorded_measurements"":1,""unknown_measurements"":0,""unknown_time_imputed"":false}"
f00e5015268f17b8285ab6c6,posterior,cuda-mala-quasi_deer,4096,11,additional_verification,analyzed,numerical_failure,,0.1533942999994906,0.1533942999994906,"{""attempts_missing_call_return"":0,""complete_seconds"":0.1533942999994906,""cost_scope"":""Completed coordinator calls returning newly_executed=false; kept outside primary execution cost"",""known_seconds"":0.1533942999994906,""prior_interruption_known_seconds"":0.0,""recorded_measurements"":1,""unknown_measurements"":0,""unknown_time_imputed"":false}"
f00e5015268f17b8285ab6c6,posterior,cuda-mala-quasi_deer,4096,11,all_invocations,analyzed,numerical_failure,,71.63139119999869,71.63139119999869,"{""attempts_missing_call_return"":0,""complete_seconds"":71.63139119999869,""cost_scope"":""All coordinator calls, including additional verification; operational consumption, not standardized time-to-inference"",""known_seconds"":71.63139119999869,""prior_interruption_known_seconds"":0.0,""recorded_measurements"":2,""unknown_measurements"":0,""unknown_time_imputed"":false}"
d67aae43f47849c0c1a7cf95,posterior,cuda-rwm-online_picard,1024,9,ordinary_workflow,analyzed,valid,,3.797391599999173,3.797391599999173,"{""attempts_missing_call_return"":0,""complete_seconds"":3.797391599999173,""cost_scope"":""Sum ordinary subprocess creation-through-exit wall over every registered actual attempt; includes ordinary output/diagnostics, excludes outer audit and inter-call waiting"",""known_seconds"":3.797391599999173,""prior_interruption_known_seconds"":0.0,""recorded_measurements"":1,""unknown_measurements"":0,""unknown_time_imputed"":false}"
d67aae43f47849c0c1a7cf95,posterior,cuda-rwm-online_picard,1024,9,research_execution,analyzed,valid,,5.986651699999129,5.986651699999129,"{""attempts_missing_call_return"":0,""complete_seconds"":5.986651699999129,""cost_scope"":""Sum all coordinator run/retry calls except completed verification-only returns; includes recorded refusals/recovery/audit/sealing; excludes ledger writes, report observations and inter-call waiting"",""known_seconds"":5.986651699999129,""prior_interruption_known_seconds"":0.0,""recorded_measurements"":1,""unknown_measurements"":0,""unknown_time_imputed"":false}"
d67aae43f47849c0c1a7cf95,posterior,cuda-rwm-online_picard,1024,9,additional_verification,analyzed,valid,,0.14835880000100587,0.14835880000100587,"{""attempts_missing_call_return"":0,""complete_seconds"":0.14835880000100587,""cost_scope"":""Completed coordinator calls returning newly_executed=false; kept outside primary execution cost"",""known_seconds"":0.14835880000100587,""prior_interruption_known_seconds"":0.0,""recorded_measurements"":1,""unknown_measurements"":0,""unknown_time_imputed"":false}"
d67aae43f47849c0c1a7cf95,posterior,cuda-rwm-online_picard,1024,9,all_invocations,analyzed,valid,,6.135010500000135,6.135010500000135,"{""attempts_missing_call_return"":0,""complete_seconds"":6.135010500000135,""cost_scope"":""All coordinator calls, including additional verification; operational consumption, not standardized time-to-inference"",""known_seconds"":6.135010500000135,""prior_interruption_known_seconds"":0.0,""recorded_measurements"":2,""unknown_measurements"":0,""unknown_time_imputed"":false}"
106c6c0fd04035cd62d8b2c5,posterior,cuda-mala-sequential,4096,8,ordinary_workflow,analyzed,valid,,17.379479600000195,17.379479600000195,"{""attempts_missing_call_return"":0,""complete_seconds"":17.379479600000195,""cost_scope"":""Sum ordinary subprocess creation-through-exit wall over every registered actual attempt; includes ordinary output/diagnostics, excludes outer audit and inter-call waiting"",""known_seconds"":17.379479600000195,""prior_interruption_known_seconds"":0.0,""recorded_measurements"":1,""unknown_measurements"":0,""unknown_time_imputed"":false}"
106c6c0fd04035cd62d8b2c5,posterior,cuda-mala-sequential,4096,8,research_execution,analyzed,valid,,20.350152800001524,20.350152800001524,"{""attempts_missing_call_return"":0,""complete_seconds"":20.350152800001524,""cost_scope"":""Sum all coordinator run/retry calls except completed verification-only returns; includes recorded refusals/recovery/audit/sealing; excludes ledger writes, report observations and inter-call waiting"",""known_seconds"":20.350152800001524,""prior_interruption_known_seconds"":0.0,""recorded_measurements"":1,""unknown_measurements"":0,""unknown_time_imputed"":false}"
106c6c0fd04035cd62d8b2c5,posterior,cuda-mala-sequential,4096,8,additional_verification,analyzed,valid,,0.14714390000153799,0.14714390000153799,"{""attempts_missing_call_return"":0,""complete_seconds"":0.14714390000153799,""cost_scope"":""Completed coordinator calls returning newly_executed=false; kept outside primary execution cost"",""known_seconds"":0.14714390000153799,""prior_interruption_known_seconds"":0.0,""recorded_measurements"":1,""unknown_measurements"":0,""unknown_time_imputed"":false}"
106c6c0fd04035cd62d8b2c5,posterior,cuda-mala-sequential,4096,8,all_invocations,analyzed,valid,,20.497296700003062,20.497296700003062,"{""attempts_missing_call_return"":0,""complete_seconds"":20.497296700003062,""cost_scope"":""All coordinator calls, including additional verification; operational consumption, not standardized time-to-inference"",""known_seconds"":20.497296700003062,""prior_interruption_known_seconds"":0.0,""recorded_measurements"":2,""unknown_measurements"":0,""unknown_time_imputed"":false}"
7edd38899a5c3135671b49e5,posterior,cuda-mala-quasi_deer,1024,12,ordinary_workflow,analyzed,valid,,25.221290900000895,25.221290900000895,"{""attempts_missing_call_return"":0,""complete_seconds"":25.221290900000895,""cost_scope"":""Sum ordinary subprocess creation-through-exit wall over every registered actual attempt; includes ordinary output/diagnostics, excludes outer audit and inter-call waiting"",""known_seconds"":25.221290900000895,""prior_interruption_known_seconds"":0.0,""recorded_measurements"":1,""unknown_measurements"":0,""unknown_time_imputed"":false}"
7edd38899a5c3135671b49e5,posterior,cuda-mala-quasi_deer,1024,12,research_execution,analyzed,valid,,27.672817799999393,27.672817799999393,"{""attempts_missing_call_return"":0,""complete_seconds"":27.672817799999393,""cost_scope"":""Sum all coordinator run/retry calls except completed verification-only returns; includes recorded refusals/recovery/audit/sealing; excludes ledger writes, report observations and inter-call waiting"",""known_seconds"":27.672817799999393,""prior_interruption_known_seconds"":0.0,""recorded_measurements"":1,""unknown_measurements"":0,""unknown_time_imputed"":false}"
7edd38899a5c3135671b49e5,posterior,cuda-mala-quasi_deer,1024,12,additional_verification,analyzed,valid,,0.1448168999995687,0.1448168999995687,"{""attempts_missing_call_return"":0,""complete_seconds"":0.1448168999995687,""cost_scope"":""Completed coordinator calls returning newly_executed=false; kept outside primary execution cost"",""known_seconds"":0.1448168999995687,""prior_interruption_known_seconds"":0.0,""recorded_measurements"":1,""unknown_measurements"":0,""unknown_time_imputed"":false}"
7edd38899a5c3135671b49e5,posterior,cuda-mala-quasi_deer,1024,12,all_invocations,analyzed,valid,,27.817634699998962,27.817634699998962,"{""attempts_missing_call_return"":0,""complete_seconds"":27.817634699998962,""cost_scope"":""All coordinator calls, including additional verification; operational consumption, not standardized time-to-inference"",""known_seconds"":27.817634699998962,""prior_interruption_known_seconds"":0.0,""recorded_measurements"":2,""unknown_measurements"":0,""unknown_time_imputed"":false}"
8bab25d9f9f13848e20ab590,posterior,cpu-nuts-spawn_chains,4096,9,ordinary_workflow,analyzed,valid,,44.76242629999979,44.76242629999979,"{""attempts_missing_call_return"":0,""complete_seconds"":44.76242629999979,""cost_scope"":""Sum ordinary subprocess creation-through-exit wall over every registered actual attempt; includes ordinary output/diagnostics, excludes outer audit and inter-call waiting"",""known_seconds"":44.76242629999979,""prior_interruption_known_seconds"":0.0,""recorded_measurements"":1,""unknown_measurements"":0,""unknown_time_imputed"":false}"
8bab25d9f9f13848e20ab590,posterior,cpu-nuts-spawn_chains,4096,9,research_execution,analyzed,valid,,46.932188900000256,46.932188900000256,"{""attempts_missing_call_return"":0,""complete_seconds"":46.932188900000256,""cost_scope"":""Sum all coordinator run/retry calls except completed verification-only returns; includes recorded refusals/recovery/audit/sealing; excludes ledger writes, report observations and inter-call waiting"",""known_seconds"":46.932188900000256,""prior_interruption_known_seconds"":0.0,""recorded_measurements"":1,""unknown_measurements"":0,""unknown_time_imputed"":false}"
8bab25d9f9f13848e20ab590,posterior,cpu-nuts-spawn_chains,4096,9,additional_verification,analyzed,valid,,0.14874500000223634,0.14874500000223634,"{""attempts_missing_call_return"":0,""complete_seconds"":0.14874500000223634,""cost_scope"":""Completed coordinator calls returning newly_executed=false; kept outside primary execution cost"",""known_seconds"":0.14874500000223634,""prior_interruption_known_seconds"":0.0,""recorded_measurements"":1,""unknown_measurements"":0,""unknown_time_imputed"":false}"
8bab25d9f9f13848e20ab590,posterior,cpu-nuts-spawn_chains,4096,9,all_invocations,analyzed,valid,,47.08093390000249,47.08093390000249,"{""attempts_missing_call_return"":0,""complete_seconds"":47.08093390000249,""cost_scope"":""All coordinator calls, including additional verification; operational consumption, not standardized time-to-inference"",""known_seconds"":47.08093390000249,""prior_interruption_known_seconds"":0.0,""recorded_measurements"":2,""unknown_measurements"":0,""unknown_time_imputed"":false}"
0150c74f72e868e364ffc87f,posterior,cuda-mala-quasi_deer,1024,16,ordinary_workflow,analyzed,numerical_failure,,27.844710100000157,27.844710100000157,"{""attempts_missing_call_return"":0,""complete_seconds"":27.844710100000157,""cost_scope"":""Sum ordinary subprocess creation-through-exit wall over every registered actual attempt; includes ordinary output/diagnostics, excludes outer audit and inter-call waiting"",""known_seconds"":27.844710100000157,""prior_interruption_known_seconds"":0.0,""recorded_measurements"":1,""unknown_measurements"":0,""unknown_time_imputed"":false}"
0150c74f72e868e364ffc87f,posterior,cuda-mala-quasi_deer,1024,16,research_execution,analyzed,numerical_failure,,30.315509300000485,30.315509300000485,"{""attempts_missing_call_return"":0,""complete_seconds"":30.315509300000485,""cost_scope"":""Sum all coordinator run/retry calls except completed verification-only returns; includes recorded refusals/recovery/audit/sealing; excludes ledger writes, report observations and inter-call waiting"",""known_seconds"":30.315509300000485,""prior_interruption_known_seconds"":0.0,""recorded_measurements"":1,""unknown_measurements"":0,""unknown_time_imputed"":false}"
0150c74f72e868e364ffc87f,posterior,cuda-mala-quasi_deer,1024,16,additional_verification,analyzed,numerical_failure,,0.16221610000138753,0.16221610000138753,"{""attempts_missing_call_return"":0,""complete_seconds"":0.16221610000138753,""cost_scope"":""Completed coordinator calls returning newly_executed=false; kept outside primary execution cost"",""known_seconds"":0.16221610000138753,""prior_interruption_known_seconds"":0.0,""recorded_measurements"":1,""unknown_measurements"":0,""unknown_time_imputed"":false}"
0150c74f72e868e364ffc87f,posterior,cuda-mala-quasi_deer,1024,16,all_invocations,analyzed,numerical_failure,,30.477725400001873,30.477725400001873,"{""attempts_missing_call_return"":0,""complete_seconds"":30.477725400001873,""cost_scope"":""All coordinator calls, including additional verification; operational consumption, not standardized time-to-inference"",""known_seconds"":30.477725400001873,""prior_interruption_known_seconds"":0.0,""recorded_measurements"":2,""unknown_measurements"":0,""unknown_time_imputed"":false}"
d582b717235ed9a85af13735,posterior,cuda-rwm-online_picard,1024,23,ordinary_workflow,analyzed,valid,,3.769210699998439,3.769210699998439,"{""attempts_missing_call_return"":0,""complete_seconds"":3.769210699998439,""cost_scope"":""Sum ordinary subprocess creation-through-exit wall over every registered actual attempt; includes ordinary output/diagnostics, excludes outer audit and inter-call waiting"",""known_seconds"":3.769210699998439,""prior_interruption_known_seconds"":0.0,""recorded_measurements"":1,""unknown_measurements"":0,""unknown_time_imputed"":false}"
d582b717235ed9a85af13735,posterior,cuda-rwm-online_picard,1024,23,research_execution,analyzed,valid,,6.10342909999963,6.10342909999963,"{""attempts_missing_call_return"":0,""complete_seconds"":6.10342909999963,""cost_scope"":""Sum all coordinator run/retry calls except completed verification-only returns; includes recorded refusals/recovery/audit/sealing; excludes ledger writes, report observations and inter-call waiting"",""known_seconds"":6.10342909999963,""prior_interruption_known_seconds"":0.0,""recorded_measurements"":1,""unknown_measurements"":0,""unknown_time_imputed"":false}"
d582b717235ed9a85af13735,posterior,cuda-rwm-online_picard,1024,23,additional_verification,analyzed,valid,,0.15767020000203047,0.15767020000203047,"{""attempts_missing_call_return"":0,""complete_seconds"":0.15767020000203047,""cost_scope"":""Completed coordinator calls returning newly_executed=false; kept outside primary execution cost"",""known_seconds"":0.15767020000203047,""prior_interruption_known_seconds"":0.0,""recorded_measurements"":1,""unknown_measurements"":0,""unknown_time_imputed"":false}"
d582b717235ed9a85af13735,posterior,cuda-rwm-online_picard,1024,23,all_invocations,analyzed,valid,,6.261099300001661,6.261099300001661,"{""attempts_missing_call_return"":0,""complete_seconds"":6.261099300001661,""cost_scope"":""All coordinator calls, including additional verification; operational consumption, not standardized time-to-inference"",""known_seconds"":6.261099300001661,""prior_interruption_known_seconds"":0.0,""recorded_measurements"":2,""unknown_measurements"":0,""unknown_time_imputed"":false}"
13dc40e9839954085ca25402,posterior,cpu-mala-quasi_deer,1024,18,ordinary_workflow,analyzed,valid,,16.366156799998862,16.366156799998862,"{""attempts_missing_call_return"":0,""complete_seconds"":16.366156799998862,""cost_scope"":""Sum ordinary subprocess creation-through-exit wall over every registered actual attempt; includes ordinary output/diagnostics, excludes outer audit and inter-call waiting"",""known_seconds"":16.366156799998862,""prior_interruption_known_seconds"":0.0,""recorded_measurements"":1,""unknown_measurements"":0,""unknown_time_imputed"":false}"
13dc40e9839954085ca25402,posterior,cpu-mala-quasi_deer,1024,18,research_execution,analyzed,valid,,18.782172199998968,18.782172199998968,"{""attempts_missing_call_return"":0,""complete_seconds"":18.782172199998968,""cost_scope"":""Sum all coordinator run/retry calls except completed verification-only returns; includes recorded refusals/recovery/audit/sealing; excludes ledger writes, report observations and inter-call waiting"",""known_seconds"":18.782172199998968,""prior_interruption_known_seconds"":0.0,""recorded_measurements"":1,""unknown_measurements"":0,""unknown_time_imputed"":false}"
13dc40e9839954085ca25402,posterior,cpu-mala-quasi_deer,1024,18,additional_verification,analyzed,valid,,0.1566586000008101,0.1566586000008101,"{""attempts_missing_call_return"":0,""complete_seconds"":0.1566586000008101,""cost_scope"":""Completed coordinator calls returning newly_executed=false; kept outside primary execution cost"",""known_seconds"":0.1566586000008101,""prior_interruption_known_seconds"":0.0,""recorded_measurements"":1,""unknown_measurements"":0,""unknown_time_imputed"":false}"
13dc40e9839954085ca25402,posterior,cpu-mala-quasi_deer,1024,18,all_invocations,analyzed,valid,,18.938830799999778,18.938830799999778,"{""attempts_missing_call_return"":0,""complete_seconds"":18.938830799999778,""cost_scope"":""All coordinator calls, including additional verification; operational consumption, not standardized time-to-inference"",""known_seconds"":18.938830799999778,""prior_interruption_known_seconds"":0.0,""recorded_measurements"":2,""unknown_measurements"":0,""unknown_time_imputed"":false}"
37d6bd8e942e1651fe2386e3,posterior,cuda-mala-sequential,1024,20,ordinary_workflow,analyzed,valid,,9.317248900000777,9.317248900000777,"{""attempts_missing_call_return"":0,""complete_seconds"":9.317248900000777,""cost_scope"":""Sum ordinary subprocess creation-through-exit wall over every registered actual attempt; includes ordinary output/diagnostics, excludes outer audit and inter-call waiting"",""known_seconds"":9.317248900000777,""prior_interruption_known_seconds"":0.0,""recorded_measurements"":1,""unknown_measurements"":0,""unknown_time_imputed"":false}"
37d6bd8e942e1651fe2386e3,posterior,cuda-mala-sequential,1024,20,research_execution,analyzed,valid,,11.752910799999881,11.752910799999881,"{""attempts_missing_call_return"":0,""complete_seconds"":11.752910799999881,""cost_scope"":""Sum all coordinator run/retry calls except completed verification-only returns; includes recorded refusals/recovery/audit/sealing; excludes ledger writes, report observations and inter-call waiting"",""known_seconds"":11.752910799999881,""prior_interruption_known_seconds"":0.0,""recorded_measurements"":1,""unknown_measurements"":0,""unknown_time_imputed"":false}"
37d6bd8e942e1651fe2386e3,posterior,cuda-mala-sequential,1024,20,additional_verification,analyzed,valid,,0.15837810000084573,0.15837810000084573,"{""attempts_missing_call_return"":0,""complete_seconds"":0.15837810000084573,""cost_scope"":""Completed coordinator calls returning newly_executed=false; kept outside primary execution cost"",""known_seconds"":0.15837810000084573,""prior_interruption_known_seconds"":0.0,""recorded_measurements"":1,""unknown_measurements"":0,""unknown_time_imputed"":false}"
37d6bd8e942e1651fe2386e3,posterior,cuda-mala-sequential,1024,20,all_invocations,analyzed,valid,,11.911288900000727,11.911288900000727,"{""attempts_missing_call_return"":0,""complete_seconds"":11.911288900000727,""cost_scope"":""All coordinator calls, including additional verification; operational consumption, not standardized time-to-inference"",""known_seconds"":11.911288900000727,""prior_interruption_known_seconds"":0.0,""recorded_measurements"":2,""unknown_measurements"":0,""unknown_time_imputed"":false}"
23eb53b7bf3cab985d1f90f4,posterior,cpu-mala-sequential,4096,21,ordinary_workflow,analyzed,valid,,8.471871100000499,8.471871100000499,"{""attempts_missing_call_return"":0,""complete_seconds"":8.471871100000499,""cost_scope"":""Sum ordinary subprocess creation-through-exit wall over every registered actual attempt; includes ordinary output/diagnostics, excludes outer audit and inter-call waiting"",""known_seconds"":8.471871100000499,""prior_interruption_known_seconds"":0.0,""recorded_measurements"":1,""unknown_measurements"":0,""unknown_time_imputed"":false}"
23eb53b7bf3cab985d1f90f4,posterior,cpu-mala-sequential,4096,21,research_execution,analyzed,valid,,11.309835900001417,11.309835900001417,"{""attempts_missing_call_return"":0,""complete_seconds"":11.309835900001417,""cost_scope"":""Sum all coordinator run/retry calls except completed verification-only returns; includes recorded refusals/recovery/audit/sealing; excludes ledger writes, report observations and inter-call waiting"",""known_seconds"":11.309835900001417,""prior_interruption_known_seconds"":0.0,""recorded_measurements"":1,""unknown_measurements"":0,""unknown_time_imputed"":false}"
23eb53b7bf3cab985d1f90f4,posterior,cpu-mala-sequential,4096,21,additional_verification,analyzed,valid,,0.14824059999955352,0.14824059999955352,"{""attempts_missing_call_return"":0,""complete_seconds"":0.14824059999955352,""cost_scope"":""Completed coordinator calls returning newly_executed=false; kept outside primary execution cost"",""known_seconds"":0.14824059999955352,""prior_interruption_known_seconds"":0.0,""recorded_measurements"":1,""unknown_measurements"":0,""unknown_time_imputed"":false}"
23eb53b7bf3cab985d1f90f4,posterior,cpu-mala-sequential,4096,21,all_invocations,analyzed,valid,,11.45807650000097,11.45807650000097,"{""attempts_missing_call_return"":0,""complete_seconds"":11.45807650000097,""cost_scope"":""All coordinator calls, including additional verification; operational consumption, not standardized time-to-inference"",""known_seconds"":11.45807650000097,""prior_interruption_known_seconds"":0.0,""recorded_measurements"":2,""unknown_measurements"":0,""unknown_time_imputed"":false}"
38e49dcae29b854a5df76e80,posterior,cpu-rwm-sequential,1024,20,ordinary_workflow,analyzed,valid,,2.5772993999999017,2.5772993999999017,"{""attempts_missing_call_return"":0,""complete_seconds"":2.5772993999999017,""cost_scope"":""Sum ordinary subprocess creation-through-exit wall over every registered actual attempt; includes ordinary output/diagnostics, excludes outer audit and inter-call waiting"",""known_seconds"":2.5772993999999017,""prior_interruption_known_seconds"":0.0,""recorded_measurements"":1,""unknown_measurements"":0,""unknown_time_imputed"":false}"
38e49dcae29b854a5df76e80,posterior,cpu-rwm-sequential,1024,20,research_execution,analyzed,valid,,4.889836099999229,4.889836099999229,"{""attempts_missing_call_return"":0,""complete_seconds"":4.889836099999229,""cost_scope"":""Sum all coordinator run/retry calls except completed verification-only returns; includes recorded refusals/recovery/audit/sealing; excludes ledger writes, report observations and inter-call waiting"",""known_seconds"":4.889836099999229,""prior_interruption_known_seconds"":0.0,""recorded_measurements"":1,""unknown_measurements"":0,""unknown_time_imputed"":false}"
38e49dcae29b854a5df76e80,posterior,cpu-rwm-sequential,1024,20,additional_verification,analyzed,valid,,0.1426915000010922,0.1426915000010922,"{""attempts_missing_call_return"":0,""complete_seconds"":0.1426915000010922,""cost_scope"":""Completed coordinator calls returning newly_executed=false; kept outside primary execution cost"",""known_seconds"":0.1426915000010922,""prior_interruption_known_seconds"":0.0,""recorded_measurements"":1,""unknown_measurements"":0,""unknown_time_imputed"":false}"
38e49dcae29b854a5df76e80,posterior,cpu-rwm-sequential,1024,20,all_invocations,analyzed,valid,,5.032527600000321,5.032527600000321,"{""attempts_missing_call_return"":0,""complete_seconds"":5.032527600000321,""cost_scope"":""All coordinator calls, including additional verification; operational consumption, not standardized time-to-inference"",""known_seconds"":5.032527600000321,""prior_interruption_known_seconds"":0.0,""recorded_measurements"":2,""unknown_measurements"":0,""unknown_time_imputed"":false}"
42ded9ffe3a774aea1005c97,posterior,cpu-mala-quasi_deer,4096,21,ordinary_workflow,analyzed,numerical_failure,,37.09248829999888,37.09248829999888,"{""attempts_missing_call_return"":0,""complete_seconds"":37.09248829999888,""cost_scope"":""Sum ordinary subprocess creation-through-exit wall over every registered actual attempt; includes ordinary output/diagnostics, excludes outer audit and inter-call waiting"",""known_seconds"":37.09248829999888,""prior_interruption_known_seconds"":0.0,""recorded_measurements"":1,""unknown_measurements"":0,""unknown_time_imputed"":false}"
42ded9ffe3a774aea1005c97,posterior,cpu-mala-quasi_deer,4096,21,research_execution,analyzed,numerical_failure,,39.96276410000064,39.96276410000064,"{""attempts_missing_call_return"":0,""complete_seconds"":39.96276410000064,""cost_scope"":""Sum all coordinator run/retry calls except completed verification-only returns; includes recorded refusals/recovery/audit/sealing; excludes ledger writes, report observations and inter-call waiting"",""known_seconds"":39.96276410000064,""prior_interruption_known_seconds"":0.0,""recorded_measurements"":1,""unknown_measurements"":0,""unknown_time_imputed"":false}"
42ded9ffe3a774aea1005c97,posterior,cpu-mala-quasi_deer,4096,21,additional_verification,analyzed,numerical_failure,,0.1488988999990397,0.1488988999990397,"{""attempts_missing_call_return"":0,""complete_seconds"":0.1488988999990397,""cost_scope"":""Completed coordinator calls returning newly_executed=false; kept outside primary execution cost"",""known_seconds"":0.1488988999990397,""prior_interruption_known_seconds"":0.0,""recorded_measurements"":1,""unknown_measurements"":0,""unknown_time_imputed"":false}"
42ded9ffe3a774aea1005c97,posterior,cpu-mala-quasi_deer,4096,21,all_invocations,analyzed,numerical_failure,,40.11166299999968,40.11166299999968,"{""attempts_missing_call_return"":0,""complete_seconds"":40.11166299999968,""cost_scope"":""All coordinator calls, including additional verification; operational consumption, not standardized time-to-inference"",""known_seconds"":40.11166299999968,""prior_interruption_known_seconds"":0.0,""recorded_measurements"":2,""unknown_measurements"":0,""unknown_time_imputed"":false}"
9422c73c96047104cd9ce15a,posterior,cpu-rwm-sequential,1024,23,ordinary_workflow,analyzed,valid,,2.5625135000009323,2.5625135000009323,"{""attempts_missing_call_return"":0,""complete_seconds"":2.5625135000009323,""cost_scope"":""Sum ordinary subprocess creation-through-exit wall over every registered actual attempt; includes ordinary output/diagnostics, excludes outer audit and inter-call waiting"",""known_seconds"":2.5625135000009323,""prior_interruption_known_seconds"":0.0,""recorded_measurements"":1,""unknown_measurements"":0,""unknown_time_imputed"":false}"
9422c73c96047104cd9ce15a,posterior,cpu-rwm-sequential,1024,23,research_execution,analyzed,valid,,4.891618699999526,4.891618699999526,"{""attempts_missing_call_return"":0,""complete_seconds"":4.891618699999526,""cost_scope"":""Sum all coordinator run/retry calls except completed verification-only returns; includes recorded refusals/recovery/audit/sealing; excludes ledger writes, report observations and inter-call waiting"",""known_seconds"":4.891618699999526,""prior_interruption_known_seconds"":0.0,""recorded_measurements"":1,""unknown_measurements"":0,""unknown_time_imputed"":false}"
9422c73c96047104cd9ce15a,posterior,cpu-rwm-sequential,1024,23,additional_verification,analyzed,valid,,0.14599549999911687,0.14599549999911687,"{""attempts_missing_call_return"":0,""complete_seconds"":0.14599549999911687,""cost_scope"":""Completed coordinator calls returning newly_executed=false; kept outside primary execution cost"",""known_seconds"":0.14599549999911687,""prior_interruption_known_seconds"":0.0,""recorded_measurements"":1,""unknown_measurements"":0,""unknown_time_imputed"":false}"
9422c73c96047104cd9ce15a,posterior,cpu-rwm-sequential,1024,23,all_invocations,analyzed,valid,,5.037614199998643,5.037614199998643,"{""attempts_missing_call_return"":0,""complete_seconds"":5.037614199998643,""cost_scope"":""All coordinator calls, including additional verification; operational consumption, not standardized time-to-inference"",""known_seconds"":5.037614199998643,""prior_interruption_known_seconds"":0.0,""recorded_measurements"":2,""unknown_measurements"":0,""unknown_time_imputed"":false}"
c598579028cb875e193dbe61,posterior,cuda-rwm-online_picard,4096,16,ordinary_workflow,analyzed,valid,,7.574904600000082,7.574904600000082,"{""attempts_missing_call_return"":0,""complete_seconds"":7.574904600000082,""cost_scope"":""Sum ordinary subprocess creation-through-exit wall over every registered actual attempt; includes ordinary output/diagnostics, excludes outer audit and inter-call waiting"",""known_seconds"":7.574904600000082,""prior_interruption_known_seconds"":0.0,""recorded_measurements"":1,""unknown_measurements"":0,""unknown_time_imputed"":false}"
c598579028cb875e193dbe61,posterior,cuda-rwm-online_picard,4096,16,research_execution,analyzed,valid,,9.964200399999754,9.964200399999754,"{""attempts_missing_call_return"":0,""complete_seconds"":9.964200399999754,""cost_scope"":""Sum all coordinator run/retry calls except completed verification-only returns; includes recorded refusals/recovery/audit/sealing; excludes ledger writes, report observations and inter-call waiting"",""known_seconds"":9.964200399999754,""prior_interruption_known_seconds"":0.0,""recorded_measurements"":1,""unknown_measurements"":0,""unknown_time_imputed"":false}"
c598579028cb875e193dbe61,posterior,cuda-rwm-online_picard,4096,16,additional_verification,analyzed,valid,,0.1472247999990941,0.1472247999990941,"{""attempts_missing_call_return"":0,""complete_seconds"":0.1472247999990941,""cost_scope"":""Completed coordinator calls returning newly_executed=false; kept outside primary execution cost"",""known_seconds"":0.1472247999990941,""prior_interruption_known_seconds"":0.0,""recorded_measurements"":1,""unknown_measurements"":0,""unknown_time_imputed"":false}"
c598579028cb875e193dbe61,posterior,cuda-rwm-online_picard,4096,16,all_invocations,analyzed,valid,,10.111425199998848,10.111425199998848,"{""attempts_missing_call_return"":0,""complete_seconds"":10.111425199998848,""cost_scope"":""All coordinator calls, including additional verification; operational consumption, not standardized time-to-inference"",""known_seconds"":10.111425199998848,""prior_interruption_known_seconds"":0.0,""recorded_measurements"":2,""unknown_measurements"":0,""unknown_time_imputed"":false}"
99f23537196d9c58727fce88,posterior,cuda-rwm-online_picard,4096,18,ordinary_workflow,analyzed,valid,,7.017686099999992,7.017686099999992,"{""attempts_missing_call_return"":0,""complete_seconds"":7.017686099999992,""cost_scope"":""Sum ordinary subprocess creation-through-exit wall over every registered actual attempt; includes ordinary output/diagnostics, excludes outer audit and inter-call waiting"",""known_seconds"":7.017686099999992,""prior_interruption_known_seconds"":0.0,""recorded_measurements"":1,""unknown_measurements"":0,""unknown_time_imputed"":false}"
99f23537196d9c58727fce88,posterior,cuda-rwm-online_picard,4096,18,research_execution,analyzed,valid,,9.579225700001189,9.579225700001189,"{""attempts_missing_call_return"":0,""complete_seconds"":9.579225700001189,""cost_scope"":""Sum all coordinator run/retry calls except completed verification-only returns; includes recorded refusals/recovery/audit/sealing; excludes ledger writes, report observations and inter-call waiting"",""known_seconds"":9.579225700001189,""prior_interruption_known_seconds"":0.0,""recorded_measurements"":1,""unknown_measurements"":0,""unknown_time_imputed"":false}"
99f23537196d9c58727fce88,posterior,cuda-rwm-online_picard,4096,18,additional_verification,analyzed,valid,,0.14742479999767966,0.14742479999767966,"{""attempts_missing_call_return"":0,""complete_seconds"":0.14742479999767966,""cost_scope"":""Completed coordinator calls returning newly_executed=false; kept outside primary execution cost"",""known_seconds"":0.14742479999767966,""prior_interruption_known_seconds"":0.0,""recorded_measurements"":1,""unknown_measurements"":0,""unknown_time_imputed"":false}"
99f23537196d9c58727fce88,posterior,cuda-rwm-online_picard,4096,18,all_invocations,analyzed,valid,,9.726650499998868,9.726650499998868,"{""attempts_missing_call_return"":0,""complete_seconds"":9.726650499998868,""cost_scope"":""All coordinator calls, including additional verification; operational consumption, not standardized time-to-inference"",""known_seconds"":9.726650499998868,""prior_interruption_known_seconds"":0.0,""recorded_measurements"":2,""unknown_measurements"":0,""unknown_time_imputed"":false}"
f88f50147788ad114ec70408,posterior,cpu-nuts-spawn_chains,1024,22,ordinary_workflow,analyzed,valid,,21.034236299999975,21.034236299999975,"{""attempts_missing_call_return"":0,""complete_seconds"":21.034236299999975,""cost_scope"":""Sum ordinary subprocess creation-through-exit wall over every registered actual attempt; includes ordinary output/diagnostics, excludes outer audit and inter-call waiting"",""known_seconds"":21.034236299999975,""prior_interruption_known_seconds"":0.0,""recorded_measurements"":1,""unknown_measurements"":0,""unknown_time_imputed"":false}"
f88f50147788ad114ec70408,posterior,cpu-nuts-spawn_chains,1024,22,research_execution,analyzed,valid,,23.24123089999921,23.24123089999921,"{""attempts_missing_call_return"":0,""complete_seconds"":23.24123089999921,""cost_scope"":""Sum all coordinator run/retry calls except completed verification-only returns; includes recorded refusals/recovery/audit/sealing; excludes ledger writes, report observations and inter-call waiting"",""known_seconds"":23.24123089999921,""prior_interruption_known_seconds"":0.0,""recorded_measurements"":1,""unknown_measurements"":0,""unknown_time_imputed"":false}"
f88f50147788ad114ec70408,posterior,cpu-nuts-spawn_chains,1024,22,additional_verification,analyzed,valid,,0.15902810000261525,0.15902810000261525,"{""attempts_missing_call_return"":0,""complete_seconds"":0.15902810000261525,""cost_scope"":""Completed coordinator calls returning newly_executed=false; kept outside primary execution cost"",""known_seconds"":0.15902810000261525,""prior_interruption_known_seconds"":0.0,""recorded_measurements"":1,""unknown_measurements"":0,""unknown_time_imputed"":false}"
f88f50147788ad114ec70408,posterior,cpu-nuts-spawn_chains,1024,22,all_invocations,analyzed,valid,,23.400259000001824,23.400259000001824,"{""attempts_missing_call_return"":0,""complete_seconds"":23.400259000001824,""cost_scope"":""All coordinator calls, including additional verification; operational consumption, not standardized time-to-inference"",""known_seconds"":23.400259000001824,""prior_interruption_known_seconds"":0.0,""recorded_measurements"":2,""unknown_measurements"":0,""unknown_time_imputed"":false}"
b83008cbf547715e541b3ff8,posterior,cpu-rwm-sequential,4096,16,ordinary_workflow,analyzed,valid,,3.3948323000004166,3.3948323000004166,"{""attempts_missing_call_return"":0,""complete_seconds"":3.3948323000004166,""cost_scope"":""Sum ordinary subprocess creation-through-exit wall over every registered actual attempt; includes ordinary output/diagnostics, excludes outer audit and inter-call waiting"",""known_seconds"":3.3948323000004166,""prior_interruption_known_seconds"":0.0,""recorded_measurements"":1,""unknown_measurements"":0,""unknown_time_imputed"":false}"
b83008cbf547715e541b3ff8,posterior,cpu-rwm-sequential,4096,16,research_execution,analyzed,valid,,5.72983910000039,5.72983910000039,"{""attempts_missing_call_return"":0,""complete_seconds"":5.72983910000039,""cost_scope"":""Sum all coordinator run/retry calls except completed verification-only returns; includes recorded refusals/recovery/audit/sealing; excludes ledger writes, report observations and inter-call waiting"",""known_seconds"":5.72983910000039,""prior_interruption_known_seconds"":0.0,""recorded_measurements"":1,""unknown_measurements"":0,""unknown_time_imputed"":false}"
b83008cbf547715e541b3ff8,posterior,cpu-rwm-sequential,4096,16,additional_verification,analyzed,valid,,0.14411459999973886,0.14411459999973886,"{""attempts_missing_call_return"":0,""complete_seconds"":0.14411459999973886,""cost_scope"":""Completed coordinator calls returning newly_executed=false; kept outside primary execution cost"",""known_seconds"":0.14411459999973886,""prior_interruption_known_seconds"":0.0,""recorded_measurements"":1,""unknown_measurements"":0,""unknown_time_imputed"":false}"
b83008cbf547715e541b3ff8,posterior,cpu-rwm-sequential,4096,16,all_invocations,analyzed,valid,,5.873953700000129,5.873953700000129,"{""attempts_missing_call_return"":0,""complete_seconds"":5.873953700000129,""cost_scope"":""All coordinator calls, including additional verification; operational consumption, not standardized time-to-inference"",""known_seconds"":5.873953700000129,""prior_interruption_known_seconds"":0.0,""recorded_measurements"":2,""unknown_measurements"":0,""unknown_time_imputed"":false}"
df0fda47a4098ebf35f7ae24,posterior,cuda-mala-sequential,4096,18,ordinary_workflow,analyzed,valid,,20.983567700001004,20.983567700001004,"{""attempts_missing_call_return"":0,""complete_seconds"":20.983567700001004,""cost_scope"":""Sum ordinary subprocess creation-through-exit wall over every registered actual attempt; includes ordinary output/diagnostics, excludes outer audit and inter-call waiting"",""known_seconds"":20.983567700001004,""prior_interruption_known_seconds"":0.0,""recorded_measurements"":1,""unknown_measurements"":0,""unknown_time_imputed"":false}"
df0fda47a4098ebf35f7ae24,posterior,cuda-mala-sequential,4096,18,research_execution,analyzed,valid,,23.861353899999813,23.861353899999813,"{""attempts_missing_call_return"":0,""complete_seconds"":23.861353899999813,""cost_scope"":""Sum all coordinator run/retry calls except completed verification-only returns; includes recorded refusals/recovery/audit/sealing; excludes ledger writes, report observations and inter-call waiting"",""known_seconds"":23.861353899999813,""prior_interruption_known_seconds"":0.0,""recorded_measurements"":1,""unknown_measurements"":0,""unknown_time_imputed"":false}"
df0fda47a4098ebf35f7ae24,posterior,cuda-mala-sequential,4096,18,additional_verification,analyzed,valid,,0.14861240000027465,0.14861240000027465,"{""attempts_missing_call_return"":0,""complete_seconds"":0.14861240000027465,""cost_scope"":""Completed coordinator calls returning newly_executed=false; kept outside primary execution cost"",""known_seconds"":0.14861240000027465,""prior_interruption_known_seconds"":0.0,""recorded_measurements"":1,""unknown_measurements"":0,""unknown_time_imputed"":false}"
df0fda47a4098ebf35f7ae24,posterior,cuda-mala-sequential,4096,18,all_invocations,analyzed,valid,,24.009966300000087,24.009966300000087,"{""attempts_missing_call_return"":0,""complete_seconds"":24.009966300000087,""cost_scope"":""All coordinator calls, including additional verification; operational consumption, not standardized time-to-inference"",""known_seconds"":24.009966300000087,""prior_interruption_known_seconds"":0.0,""recorded_measurements"":2,""unknown_measurements"":0,""unknown_time_imputed"":false}"
c16ae929b023b1afd5d20cef,posterior,cuda-rwm-sequential,1024,22,ordinary_workflow,analyzed,valid,,3.70014639999863,3.70014639999863,"{""attempts_missing_call_return"":0,""complete_seconds"":3.70014639999863,""cost_scope"":""Sum ordinary subprocess creation-through-exit wall over every registered actual attempt; includes ordinary output/diagnostics, excludes outer audit and inter-call waiting"",""known_seconds"":3.70014639999863,""prior_interruption_known_seconds"":0.0,""recorded_measurements"":1,""unknown_measurements"":0,""unknown_time_imputed"":false}"
c16ae929b023b1afd5d20cef,posterior,cuda-rwm-sequential,1024,22,research_execution,analyzed,valid,,6.045839399997931,6.045839399997931,"{""attempts_missing_call_return"":0,""complete_seconds"":6.045839399997931,""cost_scope"":""Sum all coordinator run/retry calls except completed verification-only returns; includes recorded refusals/recovery/audit/sealing; excludes ledger writes, report observations and inter-call waiting"",""known_seconds"":6.045839399997931,""prior_interruption_known_seconds"":0.0,""recorded_measurements"":1,""unknown_measurements"":0,""unknown_time_imputed"":false}"
c16ae929b023b1afd5d20cef,posterior,cuda-rwm-sequential,1024,22,additional_verification,analyzed,valid,,0.1441755000014382,0.1441755000014382,"{""attempts_missing_call_return"":0,""complete_seconds"":0.1441755000014382,""cost_scope"":""Completed coordinator calls returning newly_executed=false; kept outside primary execution cost"",""known_seconds"":0.1441755000014382,""prior_interruption_known_seconds"":0.0,""recorded_measurements"":1,""unknown_measurements"":0,""unknown_time_imputed"":false}"
c16ae929b023b1afd5d20cef,posterior,cuda-rwm-sequential,1024,22,all_invocations,analyzed,valid,,6.190014899999369,6.190014899999369,"{""attempts_missing_call_return"":0,""complete_seconds"":6.190014899999369,""cost_scope"":""All coordinator calls, including additional verification; operational consumption, not standardized time-to-inference"",""known_seconds"":6.190014899999369,""prior_interruption_known_seconds"":0.0,""recorded_measurements"":2,""unknown_measurements"":0,""unknown_time_imputed"":false}"
54e9cab172ead2d190abcecc,posterior,cuda-mala-quasi_deer,1024,21,ordinary_workflow,analyzed,valid,,18.87449320000087,18.87449320000087,"{""attempts_missing_call_return"":0,""complete_seconds"":18.87449320000087,""cost_scope"":""Sum ordinary subprocess creation-through-exit wall over every registered actual attempt; includes ordinary output/diagnostics, excludes outer audit and inter-call waiting"",""known_seconds"":18.87449320000087,""prior_interruption_known_seconds"":0.0,""recorded_measurements"":1,""unknown_measurements"":0,""unknown_time_imputed"":false}"
54e9cab172ead2d190abcecc,posterior,cuda-mala-quasi_deer,1024,21,research_execution,analyzed,valid,,21.40854380000019,21.40854380000019,"{""attempts_missing_call_return"":0,""complete_seconds"":21.40854380000019,""cost_scope"":""Sum all coordinator run/retry calls except completed verification-only returns; includes recorded refusals/recovery/audit/sealing; excludes ledger writes, report observations and inter-call waiting"",""known_seconds"":21.40854380000019,""prior_interruption_known_seconds"":0.0,""recorded_measurements"":1,""unknown_measurements"":0,""unknown_time_imputed"":false}"
54e9cab172ead2d190abcecc,posterior,cuda-mala-quasi_deer,1024,21,additional_verification,analyzed,valid,,0.14463460000115447,0.14463460000115447,"{""attempts_missing_call_return"":0,""complete_seconds"":0.14463460000115447,""cost_scope"":""Completed coordinator calls returning newly_executed=false; kept outside primary execution cost"",""known_seconds"":0.14463460000115447,""prior_interruption_known_seconds"":0.0,""recorded_measurements"":1,""unknown_measurements"":0,""unknown_time_imputed"":false}"
54e9cab172ead2d190abcecc,posterior,cuda-mala-quasi_deer,1024,21,all_invocations,analyzed,valid,,21.553178400001343,21.553178400001343,"{""attempts_missing_call_return"":0,""complete_seconds"":21.553178400001343,""cost_scope"":""All coordinator calls, including additional verification; operational consumption, not standardized time-to-inference"",""known_seconds"":21.553178400001343,""prior_interruption_known_seconds"":0.0,""recorded_measurements"":2,""unknown_measurements"":0,""unknown_time_imputed"":false}"
fafd7a76dffa5f46ac412ebe,posterior,cpu-rwm-online_picard,4096,23,ordinary_workflow,analyzed,valid,,3.8063206000006176,3.8063206000006176,"{""attempts_missing_call_return"":0,""complete_seconds"":3.8063206000006176,""cost_scope"":""Sum ordinary subprocess creation-through-exit wall over every registered actual attempt; includes ordinary output/diagnostics, excludes outer audit and inter-call waiting"",""known_seconds"":3.8063206000006176,""prior_interruption_known_seconds"":0.0,""recorded_measurements"":1,""unknown_measurements"":0,""unknown_time_imputed"":false}"
fafd7a76dffa5f46ac412ebe,posterior,cpu-rwm-online_picard,4096,23,research_execution,analyzed,valid,,6.361285799997859,6.361285799997859,"{""attempts_missing_call_return"":0,""complete_seconds"":6.361285799997859,""cost_scope"":""Sum all coordinator run/retry calls except completed verification-only returns; includes recorded refusals/recovery/audit/sealing; excludes ledger writes, report observations and inter-call waiting"",""known_seconds"":6.361285799997859,""prior_interruption_known_seconds"":0.0,""recorded_measurements"":1,""unknown_measurements"":0,""unknown_time_imputed"":false}"
fafd7a76dffa5f46ac412ebe,posterior,cpu-rwm-online_picard,4096,23,additional_verification,analyzed,valid,,0.15540509999846108,0.15540509999846108,"{""attempts_missing_call_return"":0,""complete_seconds"":0.15540509999846108,""cost_scope"":""Completed coordinator calls returning newly_executed=false; kept outside primary execution cost"",""known_seconds"":0.15540509999846108,""prior_interruption_known_seconds"":0.0,""recorded_measurements"":1,""unknown_measurements"":0,""unknown_time_imputed"":false}"
fafd7a76dffa5f46ac412ebe,posterior,cpu-rwm-online_picard,4096,23,all_invocations,analyzed,valid,,6.51669089999632,6.51669089999632,"{""attempts_missing_call_return"":0,""complete_seconds"":6.51669089999632,""cost_scope"":""All coordinator calls, including additional verification; operational consumption, not standardized time-to-inference"",""known_seconds"":6.51669089999632,""prior_interruption_known_seconds"":0.0,""recorded_measurements"":2,""unknown_measurements"":0,""unknown_time_imputed"":false}"
1269022c979a49eab1e134aa,posterior,cuda-mala-sequential,4096,17,ordinary_workflow,analyzed,valid,,20.530040000001463,20.530040000001463,"{""attempts_missing_call_return"":0,""complete_seconds"":20.530040000001463,""cost_scope"":""Sum ordinary subprocess creation-through-exit wall over every registered actual attempt; includes ordinary output/diagnostics, excludes outer audit and inter-call waiting"",""known_seconds"":20.530040000001463,""prior_interruption_known_seconds"":0.0,""recorded_measurements"":1,""unknown_measurements"":0,""unknown_time_imputed"":false}"
1269022c979a49eab1e134aa,posterior,cuda-mala-sequential,4096,17,research_execution,analyzed,valid,,23.42548280000119,23.42548280000119,"{""attempts_missing_call_return"":0,""complete_seconds"":23.42548280000119,""cost_scope"":""Sum all coordinator run/retry calls except completed verification-only returns; includes recorded refusals/recovery/audit/sealing; excludes ledger writes, report observations and inter-call waiting"",""known_seconds"":23.42548280000119,""prior_interruption_known_seconds"":0.0,""recorded_measurements"":1,""unknown_measurements"":0,""unknown_time_imputed"":false}"
1269022c979a49eab1e134aa,posterior,cuda-mala-sequential,4096,17,additional_verification,analyzed,valid,,0.14528700000300887,0.14528700000300887,"{""attempts_missing_call_return"":0,""complete_seconds"":0.14528700000300887,""cost_scope"":""Completed coordinator calls returning newly_executed=false; kept outside primary execution cost"",""known_seconds"":0.14528700000300887,""prior_interruption_known_seconds"":0.0,""recorded_measurements"":1,""unknown_measurements"":0,""unknown_time_imputed"":false}"
1269022c979a49eab1e134aa,posterior,cuda-mala-sequential,4096,17,all_invocations,analyzed,valid,,23.5707698000042,23.5707698000042,"{""attempts_missing_call_return"":0,""complete_seconds"":23.5707698000042,""cost_scope"":""All coordinator calls, including additional verification; operational consumption, not standardized time-to-inference"",""known_seconds"":23.5707698000042,""prior_interruption_known_seconds"":0.0,""recorded_measurements"":2,""unknown_measurements"":0,""unknown_time_imputed"":false}"
33400b25543382ce639a878b,posterior,cpu-mala-sequential,1024,16,ordinary_workflow,analyzed,valid,,4.749118700001418,4.749118700001418,"{""attempts_missing_call_return"":0,""complete_seconds"":4.749118700001418,""cost_scope"":""Sum ordinary subprocess creation-through-exit wall over every registered actual attempt; includes ordinary output/diagnostics, excludes outer audit and inter-call waiting"",""known_seconds"":4.749118700001418,""prior_interruption_known_seconds"":0.0,""recorded_measurements"":1,""unknown_measurements"":0,""unknown_time_imputed"":false}"
33400b25543382ce639a878b,posterior,cpu-mala-sequential,1024,16,research_execution,analyzed,valid,,7.220969000001787,7.220969000001787,"{""attempts_missing_call_return"":0,""complete_seconds"":7.220969000001787,""cost_scope"":""Sum all coordinator run/retry calls except completed verification-only returns; includes recorded refusals/recovery/audit/sealing; excludes ledger writes, report observations and inter-call waiting"",""known_seconds"":7.220969000001787,""prior_interruption_known_seconds"":0.0,""recorded_measurements"":1,""unknown_measurements"":0,""unknown_time_imputed"":false}"
33400b25543382ce639a878b,posterior,cpu-mala-sequential,1024,16,additional_verification,analyzed,valid,,0.14617730000099982,0.14617730000099982,"{""attempts_missing_call_return"":0,""complete_seconds"":0.14617730000099982,""cost_scope"":""Completed coordinator calls returning newly_executed=false; kept outside primary execution cost"",""known_seconds"":0.14617730000099982,""prior_interruption_known_seconds"":0.0,""recorded_measurements"":1,""unknown_measurements"":0,""unknown_time_imputed"":false}"
33400b25543382ce639a878b,posterior,cpu-mala-sequential,1024,16,all_invocations,analyzed,valid,,7.367146300002787,7.367146300002787,"{""attempts_missing_call_return"":0,""complete_seconds"":7.367146300002787,""cost_scope"":""All coordinator calls, including additional verification; operational consumption, not standardized time-to-inference"",""known_seconds"":7.367146300002787,""prior_interruption_known_seconds"":0.0,""recorded_measurements"":2,""unknown_measurements"":0,""unknown_time_imputed"":false}"
2fa26e3c632dd45407e161ad,posterior,cpu-rwm-online_picard,4096,18,ordinary_workflow,analyzed,valid,,3.9478440999992017,3.9478440999992017,"{""attempts_missing_call_return"":0,""complete_seconds"":3.9478440999992017,""cost_scope"":""Sum ordinary subprocess creation-through-exit wall over every registered actual attempt; includes ordinary output/diagnostics, excludes outer audit and inter-call waiting"",""known_seconds"":3.9478440999992017,""prior_interruption_known_seconds"":0.0,""recorded_measurements"":1,""unknown_measurements"":0,""unknown_time_imputed"":false}"
2fa26e3c632dd45407e161ad,posterior,cpu-rwm-online_picard,4096,18,research_execution,analyzed,valid,,6.3539203999971505,6.3539203999971505,"{""attempts_missing_call_return"":0,""complete_seconds"":6.3539203999971505,""cost_scope"":""Sum all coordinator run/retry calls except completed verification-only returns; includes recorded refusals/recovery/audit/sealing; excludes ledger writes, report observations and inter-call waiting"",""known_seconds"":6.3539203999971505,""prior_interruption_known_seconds"":0.0,""recorded_measurements"":1,""unknown_measurements"":0,""unknown_time_imputed"":false}"
2fa26e3c632dd45407e161ad,posterior,cpu-rwm-online_picard,4096,18,additional_verification,analyzed,valid,,0.14526249999835272,0.14526249999835272,"{""attempts_missing_call_return"":0,""complete_seconds"":0.14526249999835272,""cost_scope"":""Completed coordinator calls returning newly_executed=false; kept outside primary execution cost"",""known_seconds"":0.14526249999835272,""prior_interruption_known_seconds"":0.0,""recorded_measurements"":1,""unknown_measurements"":0,""unknown_time_imputed"":false}"
2fa26e3c632dd45407e161ad,posterior,cpu-rwm-online_picard,4096,18,all_invocations,analyzed,valid,,6.499182899995503,6.499182899995503,"{""attempts_missing_call_return"":0,""complete_seconds"":6.499182899995503,""cost_scope"":""All coordinator calls, including additional verification; operational consumption, not standardized time-to-inference"",""known_seconds"":6.499182899995503,""prior_interruption_known_seconds"":0.0,""recorded_measurements"":2,""unknown_measurements"":0,""unknown_time_imputed"":false}"
e1dbf3ea0dc911f4091d1389,posterior,cpu-rwm-sequential,1024,21,ordinary_workflow,analyzed,valid,,2.6552014000008057,2.6552014000008057,"{""attempts_missing_call_return"":0,""complete_seconds"":2.6552014000008057,""cost_scope"":""Sum ordinary subprocess creation-through-exit wall over every registered actual attempt; includes ordinary output/diagnostics, excludes outer audit and inter-call waiting"",""known_seconds"":2.6552014000008057,""prior_interruption_known_seconds"":0.0,""recorded_measurements"":1,""unknown_measurements"":0,""unknown_time_imputed"":false}"
e1dbf3ea0dc911f4091d1389,posterior,cpu-rwm-sequential,1024,21,research_execution,analyzed,valid,,4.85209450000184,4.85209450000184,"{""attempts_missing_call_return"":0,""complete_seconds"":4.85209450000184,""cost_scope"":""Sum all coordinator run/retry calls except completed verification-only returns; includes recorded refusals/recovery/audit/sealing; excludes ledger writes, report observations and inter-call waiting"",""known_seconds"":4.85209450000184,""prior_interruption_known_seconds"":0.0,""recorded_measurements"":1,""unknown_measurements"":0,""unknown_time_imputed"":false}"
e1dbf3ea0dc911f4091d1389,posterior,cpu-rwm-sequential,1024,21,additional_verification,analyzed,valid,,0.14311620000080438,0.14311620000080438,"{""attempts_missing_call_return"":0,""complete_seconds"":0.14311620000080438,""cost_scope"":""Completed coordinator calls returning newly_executed=false; kept outside primary execution cost"",""known_seconds"":0.14311620000080438,""prior_interruption_known_seconds"":0.0,""recorded_measurements"":1,""unknown_measurements"":0,""unknown_time_imputed"":false}"
e1dbf3ea0dc911f4091d1389,posterior,cpu-rwm-sequential,1024,21,all_invocations,analyzed,valid,,4.995210700002644,4.995210700002644,"{""attempts_missing_call_return"":0,""complete_seconds"":4.995210700002644,""cost_scope"":""All coordinator calls, including additional verification; operational consumption, not standardized time-to-inference"",""known_seconds"":4.995210700002644,""prior_interruption_known_seconds"":0.0,""recorded_measurements"":2,""unknown_measurements"":0,""unknown_time_imputed"":false}"
f85b1ee45b828d9ffa0067f3,posterior,cpu-nuts-spawn_chains,1024,23,ordinary_workflow,analyzed,valid,,24.019637900000816,24.019637900000816,"{""attempts_missing_call_return"":0,""complete_seconds"":24.019637900000816,""cost_scope"":""Sum ordinary subprocess creation-through-exit wall over every registered actual attempt; includes ordinary output/diagnostics, excludes outer audit and inter-call waiting"",""known_seconds"":24.019637900000816,""prior_interruption_known_seconds"":0.0,""recorded_measurements"":1,""unknown_measurements"":0,""unknown_time_imputed"":false}"
f85b1ee45b828d9ffa0067f3,posterior,cpu-nuts-spawn_chains,1024,23,research_execution,analyzed,valid,,26.263577499998064,26.263577499998064,"{""attempts_missing_call_return"":0,""complete_seconds"":26.263577499998064,""cost_scope"":""Sum all coordinator run/retry calls except completed verification-only returns; includes recorded refusals/recovery/audit/sealing; excludes ledger writes, report observations and inter-call waiting"",""known_seconds"":26.263577499998064,""prior_interruption_known_seconds"":0.0,""recorded_measurements"":1,""unknown_measurements"":0,""unknown_time_imputed"":false}"
f85b1ee45b828d9ffa0067f3,posterior,cpu-nuts-spawn_chains,1024,23,additional_verification,analyzed,valid,,0.146496000001207,0.146496000001207,"{""attempts_missing_call_return"":0,""complete_seconds"":0.146496000001207,""cost_scope"":""Completed coordinator calls returning newly_executed=false; kept outside primary execution cost"",""known_seconds"":0.146496000001207,""prior_interruption_known_seconds"":0.0,""recorded_measurements"":1,""unknown_measurements"":0,""unknown_time_imputed"":false}"
f85b1ee45b828d9ffa0067f3,posterior,cpu-nuts-spawn_chains,1024,23,all_invocations,analyzed,valid,,26.41007349999927,26.41007349999927,"{""attempts_missing_call_return"":0,""complete_seconds"":26.41007349999927,""cost_scope"":""All coordinator calls, including additional verification; operational consumption, not standardized time-to-inference"",""known_seconds"":26.41007349999927,""prior_interruption_known_seconds"":0.0,""recorded_measurements"":2,""unknown_measurements"":0,""unknown_time_imputed"":false}"
4c748bd1e3367292dfae4b75,posterior,cuda-rwm-sequential,1024,21,ordinary_workflow,analyzed,valid,,3.8451076000019384,3.8451076000019384,"{""attempts_missing_call_return"":0,""complete_seconds"":3.8451076000019384,""cost_scope"":""Sum ordinary subprocess creation-through-exit wall over every registered actual attempt; includes ordinary output/diagnostics, excludes outer audit and inter-call waiting"",""known_seconds"":3.8451076000019384,""prior_interruption_known_seconds"":0.0,""recorded_measurements"":1,""unknown_measurements"":0,""unknown_time_imputed"":false}"
4c748bd1e3367292dfae4b75,posterior,cuda-rwm-sequential,1024,21,research_execution,analyzed,valid,,6.001906500001496,6.001906500001496,"{""attempts_missing_call_return"":0,""complete_seconds"":6.001906500001496,""cost_scope"":""Sum all coordinator run/retry calls except completed verification-only returns; includes recorded refusals/recovery/audit/sealing; excludes ledger writes, report observations and inter-call waiting"",""known_seconds"":6.001906500001496,""prior_interruption_known_seconds"":0.0,""recorded_measurements"":1,""unknown_measurements"":0,""unknown_time_imputed"":false}"
4c748bd1e3367292dfae4b75,posterior,cuda-rwm-sequential,1024,21,additional_verification,analyzed,valid,,0.14758160000201315,0.14758160000201315,"{""attempts_missing_call_return"":0,""complete_seconds"":0.14758160000201315,""cost_scope"":""Completed coordinator calls returning newly_executed=false; kept outside primary execution cost"",""known_seconds"":0.14758160000201315,""prior_interruption_known_seconds"":0.0,""recorded_measurements"":1,""unknown_measurements"":0,""unknown_time_imputed"":false}"
4c748bd1e3367292dfae4b75,posterior,cuda-rwm-sequential,1024,21,all_invocations,analyzed,valid,,6.149488100003509,6.149488100003509,"{""attempts_missing_call_return"":0,""complete_seconds"":6.149488100003509,""cost_scope"":""All coordinator calls, including additional verification; operational consumption, not standardized time-to-inference"",""known_seconds"":6.149488100003509,""prior_interruption_known_seconds"":0.0,""recorded_measurements"":2,""unknown_measurements"":0,""unknown_time_imputed"":false}"
272ee8c15be4ad5eb3525727,posterior,cuda-mala-sequential,4096,22,ordinary_workflow,analyzed,valid,,20.4463431999975,20.4463431999975,"{""attempts_missing_call_return"":0,""complete_seconds"":20.4463431999975,""cost_scope"":""Sum ordinary subprocess creation-through-exit wall over every registered actual attempt; includes ordinary output/diagnostics, excludes outer audit and inter-call waiting"",""known_seconds"":20.4463431999975,""prior_interruption_known_seconds"":0.0,""recorded_measurements"":1,""unknown_measurements"":0,""unknown_time_imputed"":false}"
272ee8c15be4ad5eb3525727,posterior,cuda-mala-sequential,4096,22,research_execution,analyzed,valid,,23.196450399998866,23.196450399998866,"{""attempts_missing_call_return"":0,""complete_seconds"":23.196450399998866,""cost_scope"":""Sum all coordinator run/retry calls except completed verification-only returns; includes recorded refusals/recovery/audit/sealing; excludes ledger writes, report observations and inter-call waiting"",""known_seconds"":23.196450399998866,""prior_interruption_known_seconds"":0.0,""recorded_measurements"":1,""unknown_measurements"":0,""unknown_time_imputed"":false}"
272ee8c15be4ad5eb3525727,posterior,cuda-mala-sequential,4096,22,additional_verification,analyzed,valid,,0.14758549999896786,0.14758549999896786,"{""attempts_missing_call_return"":0,""complete_seconds"":0.14758549999896786,""cost_scope"":""Completed coordinator calls returning newly_executed=false; kept outside primary execution cost"",""known_seconds"":0.14758549999896786,""prior_interruption_known_seconds"":0.0,""recorded_measurements"":1,""unknown_measurements"":0,""unknown_time_imputed"":false}"
272ee8c15be4ad5eb3525727,posterior,cuda-mala-sequential,4096,22,all_invocations,analyzed,valid,,23.344035899997834,23.344035899997834,"{""attempts_missing_call_return"":0,""complete_seconds"":23.344035899997834,""cost_scope"":""All coordinator calls, including additional verification; operational consumption, not standardized time-to-inference"",""known_seconds"":23.344035899997834,""prior_interruption_known_seconds"":0.0,""recorded_measurements"":2,""unknown_measurements"":0,""unknown_time_imputed"":false}"
bf76259dda115b26d5bb9f09,posterior,cpu-nuts-spawn_chains,4096,20,ordinary_workflow,analyzed,valid,,71.20990950000123,71.20990950000123,"{""attempts_missing_call_return"":0,""complete_seconds"":71.20990950000123,""cost_scope"":""Sum ordinary subprocess creation-through-exit wall over every registered actual attempt; includes ordinary output/diagnostics, excludes outer audit and inter-call waiting"",""known_seconds"":71.20990950000123,""prior_interruption_known_seconds"":0.0,""recorded_measurements"":1,""unknown_measurements"":0,""unknown_time_imputed"":false}"
bf76259dda115b26d5bb9f09,posterior,cpu-nuts-spawn_chains,4096,20,research_execution,analyzed,valid,,73.48460089999935,73.48460089999935,"{""attempts_missing_call_return"":0,""complete_seconds"":73.48460089999935,""cost_scope"":""Sum all coordinator run/retry calls except completed verification-only returns; includes recorded refusals/recovery/audit/sealing; excludes ledger writes, report observations and inter-call waiting"",""known_seconds"":73.48460089999935,""prior_interruption_known_seconds"":0.0,""recorded_measurements"":1,""unknown_measurements"":0,""unknown_time_imputed"":false}"
bf76259dda115b26d5bb9f09,posterior,cpu-nuts-spawn_chains,4096,20,additional_verification,analyzed,valid,,0.14827669999795035,0.14827669999795035,"{""attempts_missing_call_return"":0,""complete_seconds"":0.14827669999795035,""cost_scope"":""Completed coordinator calls returning newly_executed=false; kept outside primary execution cost"",""known_seconds"":0.14827669999795035,""prior_interruption_known_seconds"":0.0,""recorded_measurements"":1,""unknown_measurements"":0,""unknown_time_imputed"":false}"
bf76259dda115b26d5bb9f09,posterior,cpu-nuts-spawn_chains,4096,20,all_invocations,analyzed,valid,,73.6328775999973,73.6328775999973,"{""attempts_missing_call_return"":0,""complete_seconds"":73.6328775999973,""cost_scope"":""All coordinator calls, including additional verification; operational consumption, not standardized time-to-inference"",""known_seconds"":73.6328775999973,""prior_interruption_known_seconds"":0.0,""recorded_measurements"":2,""unknown_measurements"":0,""unknown_time_imputed"":false}"
524ae728813a2a5d9b186332,posterior,cpu-mala-quasi_deer,4096,20,ordinary_workflow,analyzed,valid,,33.13392190000013,33.13392190000013,"{""attempts_missing_call_return"":0,""complete_seconds"":33.13392190000013,""cost_scope"":""Sum ordinary subprocess creation-through-exit wall over every registered actual attempt; includes ordinary output/diagnostics, excludes outer audit and inter-call waiting"",""known_seconds"":33.13392190000013,""prior_interruption_known_seconds"":0.0,""recorded_measurements"":1,""unknown_measurements"":0,""unknown_time_imputed"":false}"
524ae728813a2a5d9b186332,posterior,cpu-mala-quasi_deer,4096,20,research_execution,analyzed,valid,,35.92094949999955,35.92094949999955,"{""attempts_missing_call_return"":0,""complete_seconds"":35.92094949999955,""cost_scope"":""Sum all coordinator run/retry calls except completed verification-only returns; includes recorded refusals/recovery/audit/sealing; excludes ledger writes, report observations and inter-call waiting"",""known_seconds"":35.92094949999955,""prior_interruption_known_seconds"":0.0,""recorded_measurements"":1,""unknown_measurements"":0,""unknown_time_imputed"":false}"
524ae728813a2a5d9b186332,posterior,cpu-mala-quasi_deer,4096,20,additional_verification,analyzed,valid,,0.14495329999772366,0.14495329999772366,"{""attempts_missing_call_return"":0,""complete_seconds"":0.14495329999772366,""cost_scope"":""Completed coordinator calls returning newly_executed=false; kept outside primary execution cost"",""known_seconds"":0.14495329999772366,""prior_interruption_known_seconds"":0.0,""recorded_measurements"":1,""unknown_measurements"":0,""unknown_time_imputed"":false}"
524ae728813a2a5d9b186332,posterior,cpu-mala-quasi_deer,4096,20,all_invocations,analyzed,valid,,36.065902799997275,36.065902799997275,"{""attempts_missing_call_return"":0,""complete_seconds"":36.065902799997275,""cost_scope"":""All coordinator calls, including additional verification; operational consumption, not standardized time-to-inference"",""known_seconds"":36.065902799997275,""prior_interruption_known_seconds"":0.0,""recorded_measurements"":2,""unknown_measurements"":0,""unknown_time_imputed"":false}"
8c9e836c19597769738da79b,posterior,cpu-mala-sequential,1024,17,ordinary_workflow,analyzed,valid,,4.769742500000575,4.769742500000575,"{""attempts_missing_call_return"":0,""complete_seconds"":4.769742500000575,""cost_scope"":""Sum ordinary subprocess creation-through-exit wall over every registered actual attempt; includes ordinary output/diagnostics, excludes outer audit and inter-call waiting"",""known_seconds"":4.769742500000575,""prior_interruption_known_seconds"":0.0,""recorded_measurements"":1,""unknown_measurements"":0,""unknown_time_imputed"":false}"
8c9e836c19597769738da79b,posterior,cpu-mala-sequential,1024,17,research_execution,analyzed,valid,,7.232594900000549,7.232594900000549,"{""attempts_missing_call_return"":0,""complete_seconds"":7.232594900000549,""cost_scope"":""Sum all coordinator run/retry calls except completed verification-only returns; includes recorded refusals/recovery/audit/sealing; excludes ledger writes, report observations and inter-call waiting"",""known_seconds"":7.232594900000549,""prior_interruption_known_seconds"":0.0,""recorded_measurements"":1,""unknown_measurements"":0,""unknown_time_imputed"":false}"
8c9e836c19597769738da79b,posterior,cpu-mala-sequential,1024,17,additional_verification,analyzed,valid,,0.1423796000017319,0.1423796000017319,"{""attempts_missing_call_return"":0,""complete_seconds"":0.1423796000017319,""cost_scope"":""Completed coordinator calls returning newly_executed=false; kept outside primary execution cost"",""known_seconds"":0.1423796000017319,""prior_interruption_known_seconds"":0.0,""recorded_measurements"":1,""unknown_measurements"":0,""unknown_time_imputed"":false}"
8c9e836c19597769738da79b,posterior,cpu-mala-sequential,1024,17,all_invocations,analyzed,valid,,7.374974500002281,7.374974500002281,"{""attempts_missing_call_return"":0,""complete_seconds"":7.374974500002281,""cost_scope"":""All coordinator calls, including additional verification; operational consumption, not standardized time-to-inference"",""known_seconds"":7.374974500002281,""prior_interruption_known_seconds"":0.0,""recorded_measurements"":2,""unknown_measurements"":0,""unknown_time_imputed"":false}"
59f5b966ab5e4352d03f0978,posterior,cpu-mala-quasi_deer,4096,18,ordinary_workflow,analyzed,valid,,44.61064989999795,44.61064989999795,"{""attempts_missing_call_return"":0,""complete_seconds"":44.61064989999795,""cost_scope"":""Sum ordinary subprocess creation-through-exit wall over every registered actual attempt; includes ordinary output/diagnostics, excludes outer audit and inter-call waiting"",""known_seconds"":44.61064989999795,""prior_interruption_known_seconds"":0.0,""recorded_measurements"":1,""unknown_measurements"":0,""unknown_time_imputed"":false}"
59f5b966ab5e4352d03f0978,posterior,cpu-mala-quasi_deer,4096,18,research_execution,analyzed,valid,,47.65080449999732,47.65080449999732,"{""attempts_missing_call_return"":0,""complete_seconds"":47.65080449999732,""cost_scope"":""Sum all coordinator run/retry calls except completed verification-only returns; includes recorded refusals/recovery/audit/sealing; excludes ledger writes, report observations and inter-call waiting"",""known_seconds"":47.65080449999732,""prior_interruption_known_seconds"":0.0,""recorded_measurements"":1,""unknown_measurements"":0,""unknown_time_imputed"":false}"
59f5b966ab5e4352d03f0978,posterior,cpu-mala-quasi_deer,4096,18,additional_verification,analyzed,valid,,0.14309209999919403,0.14309209999919403,"{""attempts_missing_call_return"":0,""complete_seconds"":0.14309209999919403,""cost_scope"":""Completed coordinator calls returning newly_executed=false; kept outside primary execution cost"",""known_seconds"":0.14309209999919403,""prior_interruption_known_seconds"":0.0,""recorded_measurements"":1,""unknown_measurements"":0,""unknown_time_imputed"":false}"
59f5b966ab5e4352d03f0978,posterior,cpu-mala-quasi_deer,4096,18,all_invocations,analyzed,valid,,47.793896599996515,47.793896599996515,"{""attempts_missing_call_return"":0,""complete_seconds"":47.793896599996515,""cost_scope"":""All coordinator calls, including additional verification; operational consumption, not standardized time-to-inference"",""known_seconds"":47.793896599996515,""prior_interruption_known_seconds"":0.0,""recorded_measurements"":2,""unknown_measurements"":0,""unknown_time_imputed"":false}"
fef5d31a42dcbd563c9127be,posterior,cpu-nuts-spawn_chains,1024,17,ordinary_workflow,analyzed,valid,,38.9028223000023,38.9028223000023,"{""attempts_missing_call_return"":0,""complete_seconds"":38.9028223000023,""cost_scope"":""Sum ordinary subprocess creation-through-exit wall over every registered actual attempt; includes ordinary output/diagnostics, excludes outer audit and inter-call waiting"",""known_seconds"":38.9028223000023,""prior_interruption_known_seconds"":0.0,""recorded_measurements"":1,""unknown_measurements"":0,""unknown_time_imputed"":false}"
fef5d31a42dcbd563c9127be,posterior,cpu-nuts-spawn_chains,1024,17,research_execution,analyzed,valid,,41.21389289999934,41.21389289999934,"{""attempts_missing_call_return"":0,""complete_seconds"":41.21389289999934,""cost_scope"":""Sum all coordinator run/retry calls except completed verification-only returns; includes recorded refusals/recovery/audit/sealing; excludes ledger writes, report observations and inter-call waiting"",""known_seconds"":41.21389289999934,""prior_interruption_known_seconds"":0.0,""recorded_measurements"":1,""unknown_measurements"":0,""unknown_time_imputed"":false}"
fef5d31a42dcbd563c9127be,posterior,cpu-nuts-spawn_chains,1024,17,additional_verification,analyzed,valid,,0.14561809999941033,0.14561809999941033,"{""attempts_missing_call_return"":0,""complete_seconds"":0.14561809999941033,""cost_scope"":""Completed coordinator calls returning newly_executed=false; kept outside primary execution cost"",""known_seconds"":0.14561809999941033,""prior_interruption_known_seconds"":0.0,""recorded_measurements"":1,""unknown_measurements"":0,""unknown_time_imputed"":false}"
fef5d31a42dcbd563c9127be,posterior,cpu-nuts-spawn_chains,1024,17,all_invocations,analyzed,valid,,41.35951099999875,41.35951099999875,"{""attempts_missing_call_return"":0,""complete_seconds"":41.35951099999875,""cost_scope"":""All coordinator calls, including additional verification; operational consumption, not standardized time-to-inference"",""known_seconds"":41.35951099999875,""prior_interruption_known_seconds"":0.0,""recorded_measurements"":2,""unknown_measurements"":0,""unknown_time_imputed"":false}"
50cdda5f3792b5b81f2ed9b3,posterior,cuda-rwm-sequential,1024,23,ordinary_workflow,analyzed,valid,,3.7246922999984236,3.7246922999984236,"{""attempts_missing_call_return"":0,""complete_seconds"":3.7246922999984236,""cost_scope"":""Sum ordinary subprocess creation-through-exit wall over every registered actual attempt; includes ordinary output/diagnostics, excludes outer audit and inter-call waiting"",""known_seconds"":3.7246922999984236,""prior_interruption_known_seconds"":0.0,""recorded_measurements"":1,""unknown_measurements"":0,""unknown_time_imputed"":false}"
50cdda5f3792b5b81f2ed9b3,posterior,cuda-rwm-sequential,1024,23,research_execution,analyzed,valid,,5.956580699999904,5.956580699999904,"{""attempts_missing_call_return"":0,""complete_seconds"":5.956580699999904,""cost_scope"":""Sum all coordinator run/retry calls except completed verification-only returns; includes recorded refusals/recovery/audit/sealing; excludes ledger writes, report observations and inter-call waiting"",""known_seconds"":5.956580699999904,""prior_interruption_known_seconds"":0.0,""recorded_measurements"":1,""unknown_measurements"":0,""unknown_time_imputed"":false}"
50cdda5f3792b5b81f2ed9b3,posterior,cuda-rwm-sequential,1024,23,additional_verification,analyzed,valid,,0.14843439999822294,0.14843439999822294,"{""attempts_missing_call_return"":0,""complete_seconds"":0.14843439999822294,""cost_scope"":""Completed coordinator calls returning newly_executed=false; kept outside primary execution cost"",""known_seconds"":0.14843439999822294,""prior_interruption_known_seconds"":0.0,""recorded_measurements"":1,""unknown_measurements"":0,""unknown_time_imputed"":false}"
50cdda5f3792b5b81f2ed9b3,posterior,cuda-rwm-sequential,1024,23,all_invocations,analyzed,valid,,6.105015099998127,6.105015099998127,"{""attempts_missing_call_return"":0,""complete_seconds"":6.105015099998127,""cost_scope"":""All coordinator calls, including additional verification; operational consumption, not standardized time-to-inference"",""known_seconds"":6.105015099998127,""prior_interruption_known_seconds"":0.0,""recorded_measurements"":2,""unknown_measurements"":0,""unknown_time_imputed"":false}"
88418f046abff86b5fdeeb0f,posterior,cpu-mala-quasi_deer,1024,19,ordinary_workflow,analyzed,valid,,3.4929670999990776,3.4929670999990776,"{""attempts_missing_call_return"":0,""complete_seconds"":3.4929670999990776,""cost_scope"":""Sum ordinary subprocess creation-through-exit wall over every registered actual attempt; includes ordinary output/diagnostics, excludes outer audit and inter-call waiting"",""known_seconds"":3.4929670999990776,""prior_interruption_known_seconds"":0.0,""recorded_measurements"":1,""unknown_measurements"":0,""unknown_time_imputed"":false}"
88418f046abff86b5fdeeb0f,posterior,cpu-mala-quasi_deer,1024,19,research_execution,analyzed,valid,,5.9408638999993855,5.9408638999993855,"{""attempts_missing_call_return"":0,""complete_seconds"":5.9408638999993855,""cost_scope"":""Sum all coordinator run/retry calls except completed verification-only returns; includes recorded refusals/recovery/audit/sealing; excludes ledger writes, report observations and inter-call waiting"",""known_seconds"":5.9408638999993855,""prior_interruption_known_seconds"":0.0,""recorded_measurements"":1,""unknown_measurements"":0,""unknown_time_imputed"":false}"
88418f046abff86b5fdeeb0f,posterior,cpu-mala-quasi_deer,1024,19,additional_verification,analyzed,valid,,0.14438919999884092,0.14438919999884092,"{""attempts_missing_call_return"":0,""complete_seconds"":0.14438919999884092,""cost_scope"":""Completed coordinator calls returning newly_executed=false; kept outside primary execution cost"",""known_seconds"":0.14438919999884092,""prior_interruption_known_seconds"":0.0,""recorded_measurements"":1,""unknown_measurements"":0,""unknown_time_imputed"":false}"
88418f046abff86b5fdeeb0f,posterior,cpu-mala-quasi_deer,1024,19,all_invocations,analyzed,valid,,6.085253099998226,6.085253099998226,"{""attempts_missing_call_return"":0,""complete_seconds"":6.085253099998226,""cost_scope"":""All coordinator calls, including additional verification; operational consumption, not standardized time-to-inference"",""known_seconds"":6.085253099998226,""prior_interruption_known_seconds"":0.0,""recorded_measurements"":2,""unknown_measurements"":0,""unknown_time_imputed"":false}"
a4cc7d7cff477262f528808a,posterior,cpu-mala-quasi_deer,1024,17,ordinary_workflow,analyzed,numerical_failure,,17.05590149999989,17.05590149999989,"{""attempts_missing_call_return"":0,""complete_seconds"":17.05590149999989,""cost_scope"":""Sum ordinary subprocess creation-through-exit wall over every registered actual attempt; includes ordinary output/diagnostics, excludes outer audit and inter-call waiting"",""known_seconds"":17.05590149999989,""prior_interruption_known_seconds"":0.0,""recorded_measurements"":1,""unknown_measurements"":0,""unknown_time_imputed"":false}"
a4cc7d7cff477262f528808a,posterior,cpu-mala-quasi_deer,1024,17,research_execution,analyzed,numerical_failure,,19.36269149999862,19.36269149999862,"{""attempts_missing_call_return"":0,""complete_seconds"":19.36269149999862,""cost_scope"":""Sum all coordinator run/retry calls except completed verification-only returns; includes recorded refusals/recovery/audit/sealing; excludes ledger writes, report observations and inter-call waiting"",""known_seconds"":19.36269149999862,""prior_interruption_known_seconds"":0.0,""recorded_measurements"":1,""unknown_measurements"":0,""unknown_time_imputed"":false}"
a4cc7d7cff477262f528808a,posterior,cpu-mala-quasi_deer,1024,17,additional_verification,analyzed,numerical_failure,,0.1452157999992778,0.1452157999992778,"{""attempts_missing_call_return"":0,""complete_seconds"":0.1452157999992778,""cost_scope"":""Completed coordinator calls returning newly_executed=false; kept outside primary execution cost"",""known_seconds"":0.1452157999992778,""prior_interruption_known_seconds"":0.0,""recorded_measurements"":1,""unknown_measurements"":0,""unknown_time_imputed"":false}"
a4cc7d7cff477262f528808a,posterior,cpu-mala-quasi_deer,1024,17,all_invocations,analyzed,numerical_failure,,19.507907299997896,19.507907299997896,"{""attempts_missing_call_return"":0,""complete_seconds"":19.507907299997896,""cost_scope"":""All coordinator calls, including additional verification; operational consumption, not standardized time-to-inference"",""known_seconds"":19.507907299997896,""prior_interruption_known_seconds"":0.0,""recorded_measurements"":2,""unknown_measurements"":0,""unknown_time_imputed"":false}"
f84bbb5d5ab342849c5f5a3e,posterior,cuda-mala-sequential,1024,21,ordinary_workflow,analyzed,valid,,9.291739899999811,9.291739899999811,"{""attempts_missing_call_return"":0,""complete_seconds"":9.291739899999811,""cost_scope"":""Sum ordinary subprocess creation-through-exit wall over every registered actual attempt; includes ordinary output/diagnostics, excludes outer audit and inter-call waiting"",""known_seconds"":9.291739899999811,""prior_interruption_known_seconds"":0.0,""recorded_measurements"":1,""unknown_measurements"":0,""unknown_time_imputed"":false}"
f84bbb5d5ab342849c5f5a3e,posterior,cuda-mala-sequential,1024,21,research_execution,analyzed,valid,,11.632061500000418,11.632061500000418,"{""attempts_missing_call_return"":0,""complete_seconds"":11.632061500000418,""cost_scope"":""Sum all coordinator run/retry calls except completed verification-only returns; includes recorded refusals/recovery/audit/sealing; excludes ledger writes, report observations and inter-call waiting"",""known_seconds"":11.632061500000418,""prior_interruption_known_seconds"":0.0,""recorded_measurements"":1,""unknown_measurements"":0,""unknown_time_imputed"":false}"
f84bbb5d5ab342849c5f5a3e,posterior,cuda-mala-sequential,1024,21,additional_verification,analyzed,valid,,0.14471449999837205,0.14471449999837205,"{""attempts_missing_call_return"":0,""complete_seconds"":0.14471449999837205,""cost_scope"":""Completed coordinator calls returning newly_executed=false; kept outside primary execution cost"",""known_seconds"":0.14471449999837205,""prior_interruption_known_seconds"":0.0,""recorded_measurements"":1,""unknown_measurements"":0,""unknown_time_imputed"":false}"
f84bbb5d5ab342849c5f5a3e,posterior,cuda-mala-sequential,1024,21,all_invocations,analyzed,valid,,11.77677599999879,11.77677599999879,"{""attempts_missing_call_return"":0,""complete_seconds"":11.77677599999879,""cost_scope"":""All coordinator calls, including additional verification; operational consumption, not standardized time-to-inference"",""known_seconds"":11.77677599999879,""prior_interruption_known_seconds"":0.0,""recorded_measurements"":2,""unknown_measurements"":0,""unknown_time_imputed"":false}"
51ee2cecb71157a43c42cbd9,posterior,cpu-rwm-online_picard,1024,23,ordinary_workflow,analyzed,valid,,2.7237139999997453,2.7237139999997453,"{""attempts_missing_call_return"":0,""complete_seconds"":2.7237139999997453,""cost_scope"":""Sum ordinary subprocess creation-through-exit wall over every registered actual attempt; includes ordinary output/diagnostics, excludes outer audit and inter-call waiting"",""known_seconds"":2.7237139999997453,""prior_interruption_known_seconds"":0.0,""recorded_measurements"":1,""unknown_measurements"":0,""unknown_time_imputed"":false}"
51ee2cecb71157a43c42cbd9,posterior,cpu-rwm-online_picard,1024,23,research_execution,analyzed,valid,,5.140517200001341,5.140517200001341,"{""attempts_missing_call_return"":0,""complete_seconds"":5.140517200001341,""cost_scope"":""Sum all coordinator run/retry calls except completed verification-only returns; includes recorded refusals/recovery/audit/sealing; excludes ledger writes, report observations and inter-call waiting"",""known_seconds"":5.140517200001341,""prior_interruption_known_seconds"":0.0,""recorded_measurements"":1,""unknown_measurements"":0,""unknown_time_imputed"":false}"
51ee2cecb71157a43c42cbd9,posterior,cpu-rwm-online_picard,1024,23,additional_verification,analyzed,valid,,0.145743199998833,0.145743199998833,"{""attempts_missing_call_return"":0,""complete_seconds"":0.145743199998833,""cost_scope"":""Completed coordinator calls returning newly_executed=false; kept outside primary execution cost"",""known_seconds"":0.145743199998833,""prior_interruption_known_seconds"":0.0,""recorded_measurements"":1,""unknown_measurements"":0,""unknown_time_imputed"":false}"
51ee2cecb71157a43c42cbd9,posterior,cpu-rwm-online_picard,1024,23,all_invocations,analyzed,valid,,5.286260400000174,5.286260400000174,"{""attempts_missing_call_return"":0,""complete_seconds"":5.286260400000174,""cost_scope"":""All coordinator calls, including additional verification; operational consumption, not standardized time-to-inference"",""known_seconds"":5.286260400000174,""prior_interruption_known_seconds"":0.0,""recorded_measurements"":2,""unknown_measurements"":0,""unknown_time_imputed"":false}"
59f3cff1bf4b08b74383a076,posterior,cpu-nuts-spawn_chains,4096,17,ordinary_workflow,analyzed,valid,,150.16420189999917,150.16420189999917,"{""attempts_missing_call_return"":0,""complete_seconds"":150.16420189999917,""cost_scope"":""Sum ordinary subprocess creation-through-exit wall over every registered actual attempt; includes ordinary output/diagnostics, excludes outer audit and inter-call waiting"",""known_seconds"":150.16420189999917,""prior_interruption_known_seconds"":0.0,""recorded_measurements"":1,""unknown_measurements"":0,""unknown_time_imputed"":false}"
59f3cff1bf4b08b74383a076,posterior,cpu-nuts-spawn_chains,4096,17,research_execution,analyzed,valid,,152.32373339999685,152.32373339999685,"{""attempts_missing_call_return"":0,""complete_seconds"":152.32373339999685,""cost_scope"":""Sum all coordinator run/retry calls except completed verification-only returns; includes recorded refusals/recovery/audit/sealing; excludes ledger writes, report observations and inter-call waiting"",""known_seconds"":152.32373339999685,""prior_interruption_known_seconds"":0.0,""recorded_measurements"":1,""unknown_measurements"":0,""unknown_time_imputed"":false}"
59f3cff1bf4b08b74383a076,posterior,cpu-nuts-spawn_chains,4096,17,additional_verification,analyzed,valid,,0.15104779999819584,0.15104779999819584,"{""attempts_missing_call_return"":0,""complete_seconds"":0.15104779999819584,""cost_scope"":""Completed coordinator calls returning newly_executed=false; kept outside primary execution cost"",""known_seconds"":0.15104779999819584,""prior_interruption_known_seconds"":0.0,""recorded_measurements"":1,""unknown_measurements"":0,""unknown_time_imputed"":false}"
59f3cff1bf4b08b74383a076,posterior,cpu-nuts-spawn_chains,4096,17,all_invocations,analyzed,valid,,152.47478119999505,152.47478119999505,"{""attempts_missing_call_return"":0,""complete_seconds"":152.47478119999505,""cost_scope"":""All coordinator calls, including additional verification; operational consumption, not standardized time-to-inference"",""known_seconds"":152.47478119999505,""prior_interruption_known_seconds"":0.0,""recorded_measurements"":2,""unknown_measurements"":0,""unknown_time_imputed"":false}"
b12d3211ae9497428ad914a0,posterior,cpu-rwm-sequential,1024,18,ordinary_workflow,analyzed,valid,,2.604003399999783,2.604003399999783,"{""attempts_missing_call_return"":0,""complete_seconds"":2.604003399999783,""cost_scope"":""Sum ordinary subprocess creation-through-exit wall over every registered actual attempt; includes ordinary output/diagnostics, excludes outer audit and inter-call waiting"",""known_seconds"":2.604003399999783,""prior_interruption_known_seconds"":0.0,""recorded_measurements"":1,""unknown_measurements"":0,""unknown_time_imputed"":false}"
b12d3211ae9497428ad914a0,posterior,cpu-rwm-sequential,1024,18,research_execution,analyzed,valid,,4.895691000001534,4.895691000001534,"{""attempts_missing_call_return"":0,""complete_seconds"":4.895691000001534,""cost_scope"":""Sum all coordinator run/retry calls except completed verification-only returns; includes recorded refusals/recovery/audit/sealing; excludes ledger writes, report observations and inter-call waiting"",""known_seconds"":4.895691000001534,""prior_interruption_known_seconds"":0.0,""recorded_measurements"":1,""unknown_measurements"":0,""unknown_time_imputed"":false}"
b12d3211ae9497428ad914a0,posterior,cpu-rwm-sequential,1024,18,additional_verification,analyzed,valid,,0.14304730000003474,0.14304730000003474,"{""attempts_missing_call_return"":0,""complete_seconds"":0.14304730000003474,""cost_scope"":""Completed coordinator calls returning newly_executed=false; kept outside primary execution cost"",""known_seconds"":0.14304730000003474,""prior_interruption_known_seconds"":0.0,""recorded_measurements"":1,""unknown_measurements"":0,""unknown_time_imputed"":false}"
b12d3211ae9497428ad914a0,posterior,cpu-rwm-sequential,1024,18,all_invocations,analyzed,valid,,5.038738300001569,5.038738300001569,"{""attempts_missing_call_return"":0,""complete_seconds"":5.038738300001569,""cost_scope"":""All coordinator calls, including additional verification; operational consumption, not standardized time-to-inference"",""known_seconds"":5.038738300001569,""prior_interruption_known_seconds"":0.0,""recorded_measurements"":2,""unknown_measurements"":0,""unknown_time_imputed"":false}"
2a0f660330a2a7199d4b0802,posterior,cuda-rwm-online_picard,4096,23,ordinary_workflow,analyzed,valid,,7.2802029000013135,7.2802029000013135,"{""attempts_missing_call_return"":0,""complete_seconds"":7.2802029000013135,""cost_scope"":""Sum ordinary subprocess creation-through-exit wall over every registered actual attempt; includes ordinary output/diagnostics, excludes outer audit and inter-call waiting"",""known_seconds"":7.2802029000013135,""prior_interruption_known_seconds"":0.0,""recorded_measurements"":1,""unknown_measurements"":0,""unknown_time_imputed"":false}"
2a0f660330a2a7199d4b0802,posterior,cuda-rwm-online_picard,4096,23,research_execution,analyzed,valid,,9.616097699999955,9.616097699999955,"{""attempts_missing_call_return"":0,""complete_seconds"":9.616097699999955,""cost_scope"":""Sum all coordinator run/retry calls except completed verification-only returns; includes recorded refusals/recovery/audit/sealing; excludes ledger writes, report observations and inter-call waiting"",""known_seconds"":9.616097699999955,""prior_interruption_known_seconds"":0.0,""recorded_measurements"":1,""unknown_measurements"":0,""unknown_time_imputed"":false}"
2a0f660330a2a7199d4b0802,posterior,cuda-rwm-online_picard,4096,23,additional_verification,analyzed,valid,,0.14651170000070124,0.14651170000070124,"{""attempts_missing_call_return"":0,""complete_seconds"":0.14651170000070124,""cost_scope"":""Completed coordinator calls returning newly_executed=false; kept outside primary execution cost"",""known_seconds"":0.14651170000070124,""prior_interruption_known_seconds"":0.0,""recorded_measurements"":1,""unknown_measurements"":0,""unknown_time_imputed"":false}"
2a0f660330a2a7199d4b0802,posterior,cuda-rwm-online_picard,4096,23,all_invocations,analyzed,valid,,9.762609400000656,9.762609400000656,"{""attempts_missing_call_return"":0,""complete_seconds"":9.762609400000656,""cost_scope"":""All coordinator calls, including additional verification; operational consumption, not standardized time-to-inference"",""known_seconds"":9.762609400000656,""prior_interruption_known_seconds"":0.0,""recorded_measurements"":2,""unknown_measurements"":0,""unknown_time_imputed"":false}"
141a89a89ecd9914b746e3f4,posterior,cpu-mala-sequential,4096,23,ordinary_workflow,analyzed,valid,,8.516013899999962,8.516013899999962,"{""attempts_missing_call_return"":0,""complete_seconds"":8.516013899999962,""cost_scope"":""Sum ordinary subprocess creation-through-exit wall over every registered actual attempt; includes ordinary output/diagnostics, excludes outer audit and inter-call waiting"",""known_seconds"":8.516013899999962,""prior_interruption_known_seconds"":0.0,""recorded_measurements"":1,""unknown_measurements"":0,""unknown_time_imputed"":false}"
141a89a89ecd9914b746e3f4,posterior,cpu-mala-sequential,4096,23,research_execution,analyzed,valid,,11.301237200001196,11.301237200001196,"{""attempts_missing_call_return"":0,""complete_seconds"":11.301237200001196,""cost_scope"":""Sum all coordinator run/retry calls except completed verification-only returns; includes recorded refusals/recovery/audit/sealing; excludes ledger writes, report observations and inter-call waiting"",""known_seconds"":11.301237200001196,""prior_interruption_known_seconds"":0.0,""recorded_measurements"":1,""unknown_measurements"":0,""unknown_time_imputed"":false}"
141a89a89ecd9914b746e3f4,posterior,cpu-mala-sequential,4096,23,additional_verification,analyzed,valid,,0.14515019999817014,0.14515019999817014,"{""attempts_missing_call_return"":0,""complete_seconds"":0.14515019999817014,""cost_scope"":""Completed coordinator calls returning newly_executed=false; kept outside primary execution cost"",""known_seconds"":0.14515019999817014,""prior_interruption_known_seconds"":0.0,""recorded_measurements"":1,""unknown_measurements"":0,""unknown_time_imputed"":false}"
141a89a89ecd9914b746e3f4,posterior,cpu-mala-sequential,4096,23,all_invocations,analyzed,valid,,11.446387399999367,11.446387399999367,"{""attempts_missing_call_return"":0,""complete_seconds"":11.446387399999367,""cost_scope"":""All coordinator calls, including additional verification; operational consumption, not standardized time-to-inference"",""known_seconds"":11.446387399999367,""prior_interruption_known_seconds"":0.0,""recorded_measurements"":2,""unknown_measurements"":0,""unknown_time_imputed"":false}"
d6fa08bc88d5cf744f33aa16,posterior,cpu-nuts-spawn_chains,1024,18,ordinary_workflow,analyzed,valid,,30.771090100002766,30.771090100002766,"{""attempts_missing_call_return"":0,""complete_seconds"":30.771090100002766,""cost_scope"":""Sum ordinary subprocess creation-through-exit wall over every registered actual attempt; includes ordinary output/diagnostics, excludes outer audit and inter-call waiting"",""known_seconds"":30.771090100002766,""prior_interruption_known_seconds"":0.0,""recorded_measurements"":1,""unknown_measurements"":0,""unknown_time_imputed"":false}"
d6fa08bc88d5cf744f33aa16,posterior,cpu-nuts-spawn_chains,1024,18,research_execution,analyzed,valid,,32.98776709999947,32.98776709999947,"{""attempts_missing_call_return"":0,""complete_seconds"":32.98776709999947,""cost_scope"":""Sum all coordinator run/retry calls except completed verification-only returns; includes recorded refusals/recovery/audit/sealing; excludes ledger writes, report observations and inter-call waiting"",""known_seconds"":32.98776709999947,""prior_interruption_known_seconds"":0.0,""recorded_measurements"":1,""unknown_measurements"":0,""unknown_time_imputed"":false}"
d6fa08bc88d5cf744f33aa16,posterior,cpu-nuts-spawn_chains,1024,18,additional_verification,analyzed,valid,,0.14871800000037183,0.14871800000037183,"{""attempts_missing_call_return"":0,""complete_seconds"":0.14871800000037183,""cost_scope"":""Completed coordinator calls returning newly_executed=false; kept outside primary execution cost"",""known_seconds"":0.14871800000037183,""prior_interruption_known_seconds"":0.0,""recorded_measurements"":1,""unknown_measurements"":0,""unknown_time_imputed"":false}"
d6fa08bc88d5cf744f33aa16,posterior,cpu-nuts-spawn_chains,1024,18,all_invocations,analyzed,valid,,33.136485099999845,33.136485099999845,"{""attempts_missing_call_return"":0,""complete_seconds"":33.136485099999845,""cost_scope"":""All coordinator calls, including additional verification; operational consumption, not standardized time-to-inference"",""known_seconds"":33.136485099999845,""prior_interruption_known_seconds"":0.0,""recorded_measurements"":2,""unknown_measurements"":0,""unknown_time_imputed"":false}"
ad8c895f958caa1b745be51f,posterior,cpu-mala-sequential,1024,22,ordinary_workflow,analyzed,valid,,4.720820900001854,4.720820900001854,"{""attempts_missing_call_return"":0,""complete_seconds"":4.720820900001854,""cost_scope"":""Sum ordinary subprocess creation-through-exit wall over every registered actual attempt; includes ordinary output/diagnostics, excludes outer audit and inter-call waiting"",""known_seconds"":4.720820900001854,""prior_interruption_known_seconds"":0.0,""recorded_measurements"":1,""unknown_measurements"":0,""unknown_time_imputed"":false}"
ad8c895f958caa1b745be51f,posterior,cpu-mala-sequential,1024,22,research_execution,analyzed,valid,,7.208810499996616,7.208810499996616,"{""attempts_missing_call_return"":0,""complete_seconds"":7.208810499996616,""cost_scope"":""Sum all coordinator run/retry calls except completed verification-only returns; includes recorded refusals/recovery/audit/sealing; excludes ledger writes, report observations and inter-call waiting"",""known_seconds"":7.208810499996616,""prior_interruption_known_seconds"":0.0,""recorded_measurements"":1,""unknown_measurements"":0,""unknown_time_imputed"":false}"
ad8c895f958caa1b745be51f,posterior,cpu-mala-sequential,1024,22,additional_verification,analyzed,valid,,0.14823969999997644,0.14823969999997644,"{""attempts_missing_call_return"":0,""complete_seconds"":0.14823969999997644,""cost_scope"":""Completed coordinator calls returning newly_executed=false; kept outside primary execution cost"",""known_seconds"":0.14823969999997644,""prior_interruption_known_seconds"":0.0,""recorded_measurements"":1,""unknown_measurements"":0,""unknown_time_imputed"":false}"
ad8c895f958caa1b745be51f,posterior,cpu-mala-sequential,1024,22,all_invocations,analyzed,valid,,7.357050199996593,7.357050199996593,"{""attempts_missing_call_return"":0,""complete_seconds"":7.357050199996593,""cost_scope"":""All coordinator calls, including additional verification; operational consumption, not standardized time-to-inference"",""known_seconds"":7.357050199996593,""prior_interruption_known_seconds"":0.0,""recorded_measurements"":2,""unknown_measurements"":0,""unknown_time_imputed"":false}"
1d7b8ebdbe4da9a9d8e8444b,posterior,cuda-mala-quasi_deer,1024,19,ordinary_workflow,analyzed,valid,,4.275453300000663,4.275453300000663,"{""attempts_missing_call_return"":0,""complete_seconds"":4.275453300000663,""cost_scope"":""Sum ordinary subprocess creation-through-exit wall over every registered actual attempt; includes ordinary output/diagnostics, excludes outer audit and inter-call waiting"",""known_seconds"":4.275453300000663,""prior_interruption_known_seconds"":0.0,""recorded_measurements"":1,""unknown_measurements"":0,""unknown_time_imputed"":false}"
1d7b8ebdbe4da9a9d8e8444b,posterior,cuda-mala-quasi_deer,1024,19,research_execution,analyzed,valid,,6.622923699997045,6.622923699997045,"{""attempts_missing_call_return"":0,""complete_seconds"":6.622923699997045,""cost_scope"":""Sum all coordinator run/retry calls except completed verification-only returns; includes recorded refusals/recovery/audit/sealing; excludes ledger writes, report observations and inter-call waiting"",""known_seconds"":6.622923699997045,""prior_interruption_known_seconds"":0.0,""recorded_measurements"":1,""unknown_measurements"":0,""unknown_time_imputed"":false}"
1d7b8ebdbe4da9a9d8e8444b,posterior,cuda-mala-quasi_deer,1024,19,additional_verification,analyzed,valid,,0.1458630000015546,0.1458630000015546,"{""attempts_missing_call_return"":0,""complete_seconds"":0.1458630000015546,""cost_scope"":""Completed coordinator calls returning newly_executed=false; kept outside primary execution cost"",""known_seconds"":0.1458630000015546,""prior_interruption_known_seconds"":0.0,""recorded_measurements"":1,""unknown_measurements"":0,""unknown_time_imputed"":false}"
1d7b8ebdbe4da9a9d8e8444b,posterior,cuda-mala-quasi_deer,1024,19,all_invocations,analyzed,valid,,6.7687866999986,6.7687866999986,"{""attempts_missing_call_return"":0,""complete_seconds"":6.7687866999986,""cost_scope"":""All coordinator calls, including additional verification; operational consumption, not standardized time-to-inference"",""known_seconds"":6.7687866999986,""prior_interruption_known_seconds"":0.0,""recorded_measurements"":2,""unknown_measurements"":0,""unknown_time_imputed"":false}"
bed25ec637db71ef863125ea,posterior,cpu-rwm-sequential,4096,19,ordinary_workflow,analyzed,valid,,3.419192599998496,3.419192599998496,"{""attempts_missing_call_return"":0,""complete_seconds"":3.419192599998496,""cost_scope"":""Sum ordinary subprocess creation-through-exit wall over every registered actual attempt; includes ordinary output/diagnostics, excludes outer audit and inter-call waiting"",""known_seconds"":3.419192599998496,""prior_interruption_known_seconds"":0.0,""recorded_measurements"":1,""unknown_measurements"":0,""unknown_time_imputed"":false}"
bed25ec637db71ef863125ea,posterior,cpu-rwm-sequential,4096,19,research_execution,analyzed,valid,,5.951883199999429,5.951883199999429,"{""attempts_missing_call_return"":0,""complete_seconds"":5.951883199999429,""cost_scope"":""Sum all coordinator run/retry calls except completed verification-only returns; includes recorded refusals/recovery/audit/sealing; excludes ledger writes, report observations and inter-call waiting"",""known_seconds"":5.951883199999429,""prior_interruption_known_seconds"":0.0,""recorded_measurements"":1,""unknown_measurements"":0,""unknown_time_imputed"":false}"
bed25ec637db71ef863125ea,posterior,cpu-rwm-sequential,4096,19,additional_verification,analyzed,valid,,0.14419050000287825,0.14419050000287825,"{""attempts_missing_call_return"":0,""complete_seconds"":0.14419050000287825,""cost_scope"":""Completed coordinator calls returning newly_executed=false; kept outside primary execution cost"",""known_seconds"":0.14419050000287825,""prior_interruption_known_seconds"":0.0,""recorded_measurements"":1,""unknown_measurements"":0,""unknown_time_imputed"":false}"
bed25ec637db71ef863125ea,posterior,cpu-rwm-sequential,4096,19,all_invocations,analyzed,valid,,6.096073700002307,6.096073700002307,"{""attempts_missing_call_return"":0,""complete_seconds"":6.096073700002307,""cost_scope"":""All coordinator calls, including additional verification; operational consumption, not standardized time-to-inference"",""known_seconds"":6.096073700002307,""prior_interruption_known_seconds"":0.0,""recorded_measurements"":2,""unknown_measurements"":0,""unknown_time_imputed"":false}"
6eb000e6aa2516463ff3a2dd,posterior,cpu-rwm-sequential,4096,17,ordinary_workflow,analyzed,valid,,3.414878499999759,3.414878499999759,"{""attempts_missing_call_return"":0,""complete_seconds"":3.414878499999759,""cost_scope"":""Sum ordinary subprocess creation-through-exit wall over every registered actual attempt; includes ordinary output/diagnostics, excludes outer audit and inter-call waiting"",""known_seconds"":3.414878499999759,""prior_interruption_known_seconds"":0.0,""recorded_measurements"":1,""unknown_measurements"":0,""unknown_time_imputed"":false}"
6eb000e6aa2516463ff3a2dd,posterior,cpu-rwm-sequential,4096,17,research_execution,analyzed,valid,,5.927177600002324,5.927177600002324,"{""attempts_missing_call_return"":0,""complete_seconds"":5.927177600002324,""cost_scope"":""Sum all coordinator run/retry calls except completed verification-only returns; includes recorded refusals/recovery/audit/sealing; excludes ledger writes, report observations and inter-call waiting"",""known_seconds"":5.927177600002324,""prior_interruption_known_seconds"":0.0,""recorded_measurements"":1,""unknown_measurements"":0,""unknown_time_imputed"":false}"
6eb000e6aa2516463ff3a2dd,posterior,cpu-rwm-sequential,4096,17,additional_verification,analyzed,valid,,0.1445510000012291,0.1445510000012291,"{""attempts_missing_call_return"":0,""complete_seconds"":0.1445510000012291,""cost_scope"":""Completed coordinator calls returning newly_executed=false; kept outside primary execution cost"",""known_seconds"":0.1445510000012291,""prior_interruption_known_seconds"":0.0,""recorded_measurements"":1,""unknown_measurements"":0,""unknown_time_imputed"":false}"
6eb000e6aa2516463ff3a2dd,posterior,cpu-rwm-sequential,4096,17,all_invocations,analyzed,valid,,6.071728600003553,6.071728600003553,"{""attempts_missing_call_return"":0,""complete_seconds"":6.071728600003553,""cost_scope"":""All coordinator calls, including additional verification; operational consumption, not standardized time-to-inference"",""known_seconds"":6.071728600003553,""prior_interruption_known_seconds"":0.0,""recorded_measurements"":2,""unknown_measurements"":0,""unknown_time_imputed"":false}"
e5cacdc2c0583aead1f7f7aa,posterior,cuda-rwm-online_picard,1024,22,ordinary_workflow,analyzed,valid,,4.095039700001507,4.095039700001507,"{""attempts_missing_call_return"":0,""complete_seconds"":4.095039700001507,""cost_scope"":""Sum ordinary subprocess creation-through-exit wall over every registered actual attempt; includes ordinary output/diagnostics, excludes outer audit and inter-call waiting"",""known_seconds"":4.095039700001507,""prior_interruption_known_seconds"":0.0,""recorded_measurements"":1,""unknown_measurements"":0,""unknown_time_imputed"":false}"
e5cacdc2c0583aead1f7f7aa,posterior,cuda-rwm-online_picard,1024,22,research_execution,analyzed,valid,,6.366399599999568,6.366399599999568,"{""attempts_missing_call_return"":0,""complete_seconds"":6.366399599999568,""cost_scope"":""Sum all coordinator run/retry calls except completed verification-only returns; includes recorded refusals/recovery/audit/sealing; excludes ledger writes, report observations and inter-call waiting"",""known_seconds"":6.366399599999568,""prior_interruption_known_seconds"":0.0,""recorded_measurements"":1,""unknown_measurements"":0,""unknown_time_imputed"":false}"
e5cacdc2c0583aead1f7f7aa,posterior,cuda-rwm-online_picard,1024,22,additional_verification,analyzed,valid,,0.15367609999884735,0.15367609999884735,"{""attempts_missing_call_return"":0,""complete_seconds"":0.15367609999884735,""cost_scope"":""Completed coordinator calls returning newly_executed=false; kept outside primary execution cost"",""known_seconds"":0.15367609999884735,""prior_interruption_known_seconds"":0.0,""recorded_measurements"":1,""unknown_measurements"":0,""unknown_time_imputed"":false}"
e5cacdc2c0583aead1f7f7aa,posterior,cuda-rwm-online_picard,1024,22,all_invocations,analyzed,valid,,6.520075699998415,6.520075699998415,"{""attempts_missing_call_return"":0,""complete_seconds"":6.520075699998415,""cost_scope"":""All coordinator calls, including additional verification; operational consumption, not standardized time-to-inference"",""known_seconds"":6.520075699998415,""prior_interruption_known_seconds"":0.0,""recorded_measurements"":2,""unknown_measurements"":0,""unknown_time_imputed"":false}"
e14679a14bce37c75d57b53b,posterior,cuda-mala-sequential,1024,16,ordinary_workflow,analyzed,valid,,9.31152750000183,9.31152750000183,"{""attempts_missing_call_return"":0,""complete_seconds"":9.31152750000183,""cost_scope"":""Sum ordinary subprocess creation-through-exit wall over every registered actual attempt; includes ordinary output/diagnostics, excludes outer audit and inter-call waiting"",""known_seconds"":9.31152750000183,""prior_interruption_known_seconds"":0.0,""recorded_measurements"":1,""unknown_measurements"":0,""unknown_time_imputed"":false}"
e14679a14bce37c75d57b53b,posterior,cuda-mala-sequential,1024,16,research_execution,analyzed,valid,,11.839117999999871,11.839117999999871,"{""attempts_missing_call_return"":0,""complete_seconds"":11.839117999999871,""cost_scope"":""Sum all coordinator run/retry calls except completed verification-only returns; includes recorded refusals/recovery/audit/sealing; excludes ledger writes, report observations and inter-call waiting"",""known_seconds"":11.839117999999871,""prior_interruption_known_seconds"":0.0,""recorded_measurements"":1,""unknown_measurements"":0,""unknown_time_imputed"":false}"
e14679a14bce37c75d57b53b,posterior,cuda-mala-sequential,1024,16,additional_verification,analyzed,valid,,0.14928099999815458,0.14928099999815458,"{""attempts_missing_call_return"":0,""complete_seconds"":0.14928099999815458,""cost_scope"":""Completed coordinator calls returning newly_executed=false; kept outside primary execution cost"",""known_seconds"":0.14928099999815458,""prior_interruption_known_seconds"":0.0,""recorded_measurements"":1,""unknown_measurements"":0,""unknown_time_imputed"":false}"
e14679a14bce37c75d57b53b,posterior,cuda-mala-sequential,1024,16,all_invocations,analyzed,valid,,11.988398999998026,11.988398999998026,"{""attempts_missing_call_return"":0,""complete_seconds"":11.988398999998026,""cost_scope"":""All coordinator calls, including additional verification; operational consumption, not standardized time-to-inference"",""known_seconds"":11.988398999998026,""prior_interruption_known_seconds"":0.0,""recorded_measurements"":2,""unknown_measurements"":0,""unknown_time_imputed"":false}"
500e169144b0a93bddba1721,posterior,cuda-mala-quasi_deer,1024,17,ordinary_workflow,analyzed,numerical_failure,,29.353020899998228,29.353020899998228,"{""attempts_missing_call_return"":0,""complete_seconds"":29.353020899998228,""cost_scope"":""Sum ordinary subprocess creation-through-exit wall over every registered actual attempt; includes ordinary output/diagnostics, excludes outer audit and inter-call waiting"",""known_seconds"":29.353020899998228,""prior_interruption_known_seconds"":0.0,""recorded_measurements"":1,""unknown_measurements"":0,""unknown_time_imputed"":false}"
500e169144b0a93bddba1721,posterior,cuda-mala-quasi_deer,1024,17,research_execution,analyzed,numerical_failure,,31.75274790000185,31.75274790000185,"{""attempts_missing_call_return"":0,""complete_seconds"":31.75274790000185,""cost_scope"":""Sum all coordinator run/retry calls except completed verification-only returns; includes recorded refusals/recovery/audit/sealing; excludes ledger writes, report observations and inter-call waiting"",""known_seconds"":31.75274790000185,""prior_interruption_known_seconds"":0.0,""recorded_measurements"":1,""unknown_measurements"":0,""unknown_time_imputed"":false}"
500e169144b0a93bddba1721,posterior,cuda-mala-quasi_deer,1024,17,additional_verification,analyzed,numerical_failure,,0.1470316000013554,0.1470316000013554,"{""attempts_missing_call_return"":0,""complete_seconds"":0.1470316000013554,""cost_scope"":""Completed coordinator calls returning newly_executed=false; kept outside primary execution cost"",""known_seconds"":0.1470316000013554,""prior_interruption_known_seconds"":0.0,""recorded_measurements"":1,""unknown_measurements"":0,""unknown_time_imputed"":false}"
500e169144b0a93bddba1721,posterior,cuda-mala-quasi_deer,1024,17,all_invocations,analyzed,numerical_failure,,31.899779500003206,31.899779500003206,"{""attempts_missing_call_return"":0,""complete_seconds"":31.899779500003206,""cost_scope"":""All coordinator calls, including additional verification; operational consumption, not standardized time-to-inference"",""known_seconds"":31.899779500003206,""prior_interruption_known_seconds"":0.0,""recorded_measurements"":2,""unknown_measurements"":0,""unknown_time_imputed"":false}"
2d8b07856ec2dcd4fd144234,posterior,cpu-nuts-spawn_chains,1024,16,ordinary_workflow,analyzed,valid,,35.71218439999939,35.71218439999939,"{""attempts_missing_call_return"":0,""complete_seconds"":35.71218439999939,""cost_scope"":""Sum ordinary subprocess creation-through-exit wall over every registered actual attempt; includes ordinary output/diagnostics, excludes outer audit and inter-call waiting"",""known_seconds"":35.71218439999939,""prior_interruption_known_seconds"":0.0,""recorded_measurements"":1,""unknown_measurements"":0,""unknown_time_imputed"":false}"
2d8b07856ec2dcd4fd144234,posterior,cpu-nuts-spawn_chains,1024,16,research_execution,analyzed,valid,,37.92980630000238,37.92980630000238,"{""attempts_missing_call_return"":0,""complete_seconds"":37.92980630000238,""cost_scope"":""Sum all coordinator run/retry calls except completed verification-only returns; includes recorded refusals/recovery/audit/sealing; excludes ledger writes, report observations and inter-call waiting"",""known_seconds"":37.92980630000238,""prior_interruption_known_seconds"":0.0,""recorded_measurements"":1,""unknown_measurements"":0,""unknown_time_imputed"":false}"
2d8b07856ec2dcd4fd144234,posterior,cpu-nuts-spawn_chains,1024,16,additional_verification,analyzed,valid,,0.15089129999978468,0.15089129999978468,"{""attempts_missing_call_return"":0,""complete_seconds"":0.15089129999978468,""cost_scope"":""Completed coordinator calls returning newly_executed=false; kept outside primary execution cost"",""known_seconds"":0.15089129999978468,""prior_interruption_known_seconds"":0.0,""recorded_measurements"":1,""unknown_measurements"":0,""unknown_time_imputed"":false}"
2d8b07856ec2dcd4fd144234,posterior,cpu-nuts-spawn_chains,1024,16,all_invocations,analyzed,valid,,38.08069760000217,38.08069760000217,"{""attempts_missing_call_return"":0,""complete_seconds"":38.08069760000217,""cost_scope"":""All coordinator calls, including additional verification; operational consumption, not standardized time-to-inference"",""known_seconds"":38.08069760000217,""prior_interruption_known_seconds"":0.0,""recorded_measurements"":2,""unknown_measurements"":0,""unknown_time_imputed"":false}"
bc16c0b08fb8a0a185cc75ee,posterior,cuda-mala-quasi_deer,4096,18,ordinary_workflow,analyzed,valid,,78.64397129999998,78.64397129999998,"{""attempts_missing_call_return"":0,""complete_seconds"":78.64397129999998,""cost_scope"":""Sum ordinary subprocess creation-through-exit wall over every registered actual attempt; includes ordinary output/diagnostics, excludes outer audit and inter-call waiting"",""known_seconds"":78.64397129999998,""prior_interruption_known_seconds"":0.0,""recorded_measurements"":1,""unknown_measurements"":0,""unknown_time_imputed"":false}"
bc16c0b08fb8a0a185cc75ee,posterior,cuda-mala-quasi_deer,4096,18,research_execution,analyzed,valid,,81.5281587999998,81.5281587999998,"{""attempts_missing_call_return"":0,""complete_seconds"":81.5281587999998,""cost_scope"":""Sum all coordinator run/retry calls except completed verification-only returns; includes recorded refusals/recovery/audit/sealing; excludes ledger writes, report observations and inter-call waiting"",""known_seconds"":81.5281587999998,""prior_interruption_known_seconds"":0.0,""recorded_measurements"":1,""unknown_measurements"":0,""unknown_time_imputed"":false}"
bc16c0b08fb8a0a185cc75ee,posterior,cuda-mala-quasi_deer,4096,18,additional_verification,analyzed,valid,,0.1512640000000829,0.1512640000000829,"{""attempts_missing_call_return"":0,""complete_seconds"":0.1512640000000829,""cost_scope"":""Completed coordinator calls returning newly_executed=false; kept outside primary execution cost"",""known_seconds"":0.1512640000000829,""prior_interruption_known_seconds"":0.0,""recorded_measurements"":1,""unknown_measurements"":0,""unknown_time_imputed"":false}"
bc16c0b08fb8a0a185cc75ee,posterior,cuda-mala-quasi_deer,4096,18,all_invocations,analyzed,valid,,81.67942279999988,81.67942279999988,"{""attempts_missing_call_return"":0,""complete_seconds"":81.67942279999988,""cost_scope"":""All coordinator calls, including additional verification; operational consumption, not standardized time-to-inference"",""known_seconds"":81.67942279999988,""prior_interruption_known_seconds"":0.0,""recorded_measurements"":2,""unknown_measurements"":0,""unknown_time_imputed"":false}"
67d5d9fd28c9809988083087,posterior,cpu-rwm-online_picard,4096,16,ordinary_workflow,analyzed,valid,,3.9887624999973923,3.9887624999973923,"{""attempts_missing_call_return"":0,""complete_seconds"":3.9887624999973923,""cost_scope"":""Sum ordinary subprocess creation-through-exit wall over every registered actual attempt; includes ordinary output/diagnostics, excludes outer audit and inter-call waiting"",""known_seconds"":3.9887624999973923,""prior_interruption_known_seconds"":0.0,""recorded_measurements"":1,""unknown_measurements"":0,""unknown_time_imputed"":false}"
67d5d9fd28c9809988083087,posterior,cpu-rwm-online_picard,4096,16,research_execution,analyzed,valid,,6.351680100000522,6.351680100000522,"{""attempts_missing_call_return"":0,""complete_seconds"":6.351680100000522,""cost_scope"":""Sum all coordinator run/retry calls except completed verification-only returns; includes recorded refusals/recovery/audit/sealing; excludes ledger writes, report observations and inter-call waiting"",""known_seconds"":6.351680100000522,""prior_interruption_known_seconds"":0.0,""recorded_measurements"":1,""unknown_measurements"":0,""unknown_time_imputed"":false}"
67d5d9fd28c9809988083087,posterior,cpu-rwm-online_picard,4096,16,additional_verification,analyzed,valid,,0.14759870000125375,0.14759870000125375,"{""attempts_missing_call_return"":0,""complete_seconds"":0.14759870000125375,""cost_scope"":""Completed coordinator calls returning newly_executed=false; kept outside primary execution cost"",""known_seconds"":0.14759870000125375,""prior_interruption_known_seconds"":0.0,""recorded_measurements"":1,""unknown_measurements"":0,""unknown_time_imputed"":false}"
67d5d9fd28c9809988083087,posterior,cpu-rwm-online_picard,4096,16,all_invocations,analyzed,valid,,6.499278800001775,6.499278800001775,"{""attempts_missing_call_return"":0,""complete_seconds"":6.499278800001775,""cost_scope"":""All coordinator calls, including additional verification; operational consumption, not standardized time-to-inference"",""known_seconds"":6.499278800001775,""prior_interruption_known_seconds"":0.0,""recorded_measurements"":2,""unknown_measurements"":0,""unknown_time_imputed"":false}"
8e6c5a95f632dce721caf2f4,posterior,cpu-rwm-online_picard,4096,19,ordinary_workflow,analyzed,valid,,3.7561753999980283,3.7561753999980283,"{""attempts_missing_call_return"":0,""complete_seconds"":3.7561753999980283,""cost_scope"":""Sum ordinary subprocess creation-through-exit wall over every registered actual attempt; includes ordinary output/diagnostics, excludes outer audit and inter-call waiting"",""known_seconds"":3.7561753999980283,""prior_interruption_known_seconds"":0.0,""recorded_measurements"":1,""unknown_measurements"":0,""unknown_time_imputed"":false}"
8e6c5a95f632dce721caf2f4,posterior,cpu-rwm-online_picard,4096,19,research_execution,analyzed,valid,,6.142616900000576,6.142616900000576,"{""attempts_missing_call_return"":0,""complete_seconds"":6.142616900000576,""cost_scope"":""Sum all coordinator run/retry calls except completed verification-only returns; includes recorded refusals/recovery/audit/sealing; excludes ledger writes, report observations and inter-call waiting"",""known_seconds"":6.142616900000576,""prior_interruption_known_seconds"":0.0,""recorded_measurements"":1,""unknown_measurements"":0,""unknown_time_imputed"":false}"
8e6c5a95f632dce721caf2f4,posterior,cpu-rwm-online_picard,4096,19,additional_verification,analyzed,valid,,0.14561139999932493,0.14561139999932493,"{""attempts_missing_call_return"":0,""complete_seconds"":0.14561139999932493,""cost_scope"":""Completed coordinator calls returning newly_executed=false; kept outside primary execution cost"",""known_seconds"":0.14561139999932493,""prior_interruption_known_seconds"":0.0,""recorded_measurements"":1,""unknown_measurements"":0,""unknown_time_imputed"":false}"
8e6c5a95f632dce721caf2f4,posterior,cpu-rwm-online_picard,4096,19,all_invocations,analyzed,valid,,6.288228299999901,6.288228299999901,"{""attempts_missing_call_return"":0,""complete_seconds"":6.288228299999901,""cost_scope"":""All coordinator calls, including additional verification; operational consumption, not standardized time-to-inference"",""known_seconds"":6.288228299999901,""prior_interruption_known_seconds"":0.0,""recorded_measurements"":2,""unknown_measurements"":0,""unknown_time_imputed"":false}"
25c4929d220f793439584173,posterior,cpu-mala-quasi_deer,1024,20,ordinary_workflow,analyzed,valid,,13.629960199999914,13.629960199999914,"{""attempts_missing_call_return"":0,""complete_seconds"":13.629960199999914,""cost_scope"":""Sum ordinary subprocess creation-through-exit wall over every registered actual attempt; includes ordinary output/diagnostics, excludes outer audit and inter-call waiting"",""known_seconds"":13.629960199999914,""prior_interruption_known_seconds"":0.0,""recorded_measurements"":1,""unknown_measurements"":0,""unknown_time_imputed"":false}"
25c4929d220f793439584173,posterior,cpu-mala-quasi_deer,1024,20,research_execution,analyzed,valid,,15.96635420000166,15.96635420000166,"{""attempts_missing_call_return"":0,""complete_seconds"":15.96635420000166,""cost_scope"":""Sum all coordinator run/retry calls except completed verification-only returns; includes recorded refusals/recovery/audit/sealing; excludes ledger writes, report observations and inter-call waiting"",""known_seconds"":15.96635420000166,""prior_interruption_known_seconds"":0.0,""recorded_measurements"":1,""unknown_measurements"":0,""unknown_time_imputed"":false}"
25c4929d220f793439584173,posterior,cpu-mala-quasi_deer,1024,20,additional_verification,analyzed,valid,,0.14562559999831137,0.14562559999831137,"{""attempts_missing_call_return"":0,""complete_seconds"":0.14562559999831137,""cost_scope"":""Completed coordinator calls returning newly_executed=false; kept outside primary execution cost"",""known_seconds"":0.14562559999831137,""prior_interruption_known_seconds"":0.0,""recorded_measurements"":1,""unknown_measurements"":0,""unknown_time_imputed"":false}"
25c4929d220f793439584173,posterior,cpu-mala-quasi_deer,1024,20,all_invocations,analyzed,valid,,16.111979799999972,16.111979799999972,"{""attempts_missing_call_return"":0,""complete_seconds"":16.111979799999972,""cost_scope"":""All coordinator calls, including additional verification; operational consumption, not standardized time-to-inference"",""known_seconds"":16.111979799999972,""prior_interruption_known_seconds"":0.0,""recorded_measurements"":2,""unknown_measurements"":0,""unknown_time_imputed"":false}"
52de68a7483b1b933fa20ff8,posterior,cuda-rwm-sequential,1024,17,ordinary_workflow,analyzed,valid,,3.8129871000019193,3.8129871000019193,"{""attempts_missing_call_return"":0,""complete_seconds"":3.8129871000019193,""cost_scope"":""Sum ordinary subprocess creation-through-exit wall over every registered actual attempt; includes ordinary output/diagnostics, excludes outer audit and inter-call waiting"",""known_seconds"":3.8129871000019193,""prior_interruption_known_seconds"":0.0,""recorded_measurements"":1,""unknown_measurements"":0,""unknown_time_imputed"":false}"
52de68a7483b1b933fa20ff8,posterior,cuda-rwm-sequential,1024,17,research_execution,analyzed,valid,,6.118337500000052,6.118337500000052,"{""attempts_missing_call_return"":0,""complete_seconds"":6.118337500000052,""cost_scope"":""Sum all coordinator run/retry calls except completed verification-only returns; includes recorded refusals/recovery/audit/sealing; excludes ledger writes, report observations and inter-call waiting"",""known_seconds"":6.118337500000052,""prior_interruption_known_seconds"":0.0,""recorded_measurements"":1,""unknown_measurements"":0,""unknown_time_imputed"":false}"
52de68a7483b1b933fa20ff8,posterior,cuda-rwm-sequential,1024,17,additional_verification,analyzed,valid,,0.14306379999834462,0.14306379999834462,"{""attempts_missing_call_return"":0,""complete_seconds"":0.14306379999834462,""cost_scope"":""Completed coordinator calls returning newly_executed=false; kept outside primary execution cost"",""known_seconds"":0.14306379999834462,""prior_interruption_known_seconds"":0.0,""recorded_measurements"":1,""unknown_measurements"":0,""unknown_time_imputed"":false}"
52de68a7483b1b933fa20ff8,posterior,cuda-rwm-sequential,1024,17,all_invocations,analyzed,valid,,6.261401299998397,6.261401299998397,"{""attempts_missing_call_return"":0,""complete_seconds"":6.261401299998397,""cost_scope"":""All coordinator calls, including additional verification; operational consumption, not standardized time-to-inference"",""known_seconds"":6.261401299998397,""prior_interruption_known_seconds"":0.0,""recorded_measurements"":2,""unknown_measurements"":0,""unknown_time_imputed"":false}"
b8546f1c83d6e9b951f35949,posterior,cuda-rwm-sequential,4096,17,ordinary_workflow,analyzed,valid,,7.7598113999993075,7.7598113999993075,"{""attempts_missing_call_return"":0,""complete_seconds"":7.7598113999993075,""cost_scope"":""Sum ordinary subprocess creation-through-exit wall over every registered actual attempt; includes ordinary output/diagnostics, excludes outer audit and inter-call waiting"",""known_seconds"":7.7598113999993075,""prior_interruption_known_seconds"":0.0,""recorded_measurements"":1,""unknown_measurements"":0,""unknown_time_imputed"":false}"
b8546f1c83d6e9b951f35949,posterior,cuda-rwm-sequential,4096,17,research_execution,analyzed,valid,,10.30916299999808,10.30916299999808,"{""attempts_missing_call_return"":0,""complete_seconds"":10.30916299999808,""cost_scope"":""Sum all coordinator run/retry calls except completed verification-only returns; includes recorded refusals/recovery/audit/sealing; excludes ledger writes, report observations and inter-call waiting"",""known_seconds"":10.30916299999808,""prior_interruption_known_seconds"":0.0,""recorded_measurements"":1,""unknown_measurements"":0,""unknown_time_imputed"":false}"
b8546f1c83d6e9b951f35949,posterior,cuda-rwm-sequential,4096,17,additional_verification,analyzed,valid,,0.14661849999902188,0.14661849999902188,"{""attempts_missing_call_return"":0,""complete_seconds"":0.14661849999902188,""cost_scope"":""Completed coordinator calls returning newly_executed=false; kept outside primary execution cost"",""known_seconds"":0.14661849999902188,""prior_interruption_known_seconds"":0.0,""recorded_measurements"":1,""unknown_measurements"":0,""unknown_time_imputed"":false}"
b8546f1c83d6e9b951f35949,posterior,cuda-rwm-sequential,4096,17,all_invocations,analyzed,valid,,10.455781499997101,10.455781499997101,"{""attempts_missing_call_return"":0,""complete_seconds"":10.455781499997101,""cost_scope"":""All coordinator calls, including additional verification; operational consumption, not standardized time-to-inference"",""known_seconds"":10.455781499997101,""prior_interruption_known_seconds"":0.0,""recorded_measurements"":2,""unknown_measurements"":0,""unknown_time_imputed"":false}"
d4463b7931c232427541fb1a,posterior,cpu-mala-sequential,4096,17,ordinary_workflow,analyzed,valid,,8.536169499999232,8.536169499999232,"{""attempts_missing_call_return"":0,""complete_seconds"":8.536169499999232,""cost_scope"":""Sum ordinary subprocess creation-through-exit wall over every registered actual attempt; includes ordinary output/diagnostics, excludes outer audit and inter-call waiting"",""known_seconds"":8.536169499999232,""prior_interruption_known_seconds"":0.0,""recorded_measurements"":1,""unknown_measurements"":0,""unknown_time_imputed"":false}"
d4463b7931c232427541fb1a,posterior,cpu-mala-sequential,4096,17,research_execution,analyzed,valid,,11.498349199999211,11.498349199999211,"{""attempts_missing_call_return"":0,""complete_seconds"":11.498349199999211,""cost_scope"":""Sum all coordinator run/retry calls except completed verification-only returns; includes recorded refusals/recovery/audit/sealing; excludes ledger writes, report observations and inter-call waiting"",""known_seconds"":11.498349199999211,""prior_interruption_known_seconds"":0.0,""recorded_measurements"":1,""unknown_measurements"":0,""unknown_time_imputed"":false}"
d4463b7931c232427541fb1a,posterior,cpu-mala-sequential,4096,17,additional_verification,analyzed,valid,,0.14431870000044,0.14431870000044,"{""attempts_missing_call_return"":0,""complete_seconds"":0.14431870000044,""cost_scope"":""Completed coordinator calls returning newly_executed=false; kept outside primary execution cost"",""known_seconds"":0.14431870000044,""prior_interruption_known_seconds"":0.0,""recorded_measurements"":1,""unknown_measurements"":0,""unknown_time_imputed"":false}"
d4463b7931c232427541fb1a,posterior,cpu-mala-sequential,4096,17,all_invocations,analyzed,valid,,11.642667899999651,11.642667899999651,"{""attempts_missing_call_return"":0,""complete_seconds"":11.642667899999651,""cost_scope"":""All coordinator calls, including additional verification; operational consumption, not standardized time-to-inference"",""known_seconds"":11.642667899999651,""prior_interruption_known_seconds"":0.0,""recorded_measurements"":2,""unknown_measurements"":0,""unknown_time_imputed"":false}"
df98bc9b00d78a3c13e4221a,posterior,cpu-mala-sequential,4096,18,ordinary_workflow,analyzed,valid,,8.57404250000036,8.57404250000036,"{""attempts_missing_call_return"":0,""complete_seconds"":8.57404250000036,""cost_scope"":""Sum ordinary subprocess creation-through-exit wall over every registered actual attempt; includes ordinary output/diagnostics, excludes outer audit and inter-call waiting"",""known_seconds"":8.57404250000036,""prior_interruption_known_seconds"":0.0,""recorded_measurements"":1,""unknown_measurements"":0,""unknown_time_imputed"":false}"
df98bc9b00d78a3c13e4221a,posterior,cpu-mala-sequential,4096,18,research_execution,analyzed,valid,,11.33817949999866,11.33817949999866,"{""attempts_missing_call_return"":0,""complete_seconds"":11.33817949999866,""cost_scope"":""Sum all coordinator run/retry calls except completed verification-only returns; includes recorded refusals/recovery/audit/sealing; excludes ledger writes, report observations and inter-call waiting"",""known_seconds"":11.33817949999866,""prior_interruption_known_seconds"":0.0,""recorded_measurements"":1,""unknown_measurements"":0,""unknown_time_imputed"":false}"
df98bc9b00d78a3c13e4221a,posterior,cpu-mala-sequential,4096,18,additional_verification,analyzed,valid,,0.14362489999984973,0.14362489999984973,"{""attempts_missing_call_return"":0,""complete_seconds"":0.14362489999984973,""cost_scope"":""Completed coordinator calls returning newly_executed=false; kept outside primary execution cost"",""known_seconds"":0.14362489999984973,""prior_interruption_known_seconds"":0.0,""recorded_measurements"":1,""unknown_measurements"":0,""unknown_time_imputed"":false}"
df98bc9b00d78a3c13e4221a,posterior,cpu-mala-sequential,4096,18,all_invocations,analyzed,valid,,11.48180439999851,11.48180439999851,"{""attempts_missing_call_return"":0,""complete_seconds"":11.48180439999851,""cost_scope"":""All coordinator calls, including additional verification; operational consumption, not standardized time-to-inference"",""known_seconds"":11.48180439999851,""prior_interruption_known_seconds"":0.0,""recorded_measurements"":2,""unknown_measurements"":0,""unknown_time_imputed"":false}"
7fb59ae641c8805b970c2de4,posterior,cpu-rwm-online_picard,4096,22,ordinary_workflow,analyzed,valid,,4.02194430000236,4.02194430000236,"{""attempts_missing_call_return"":0,""complete_seconds"":4.02194430000236,""cost_scope"":""Sum ordinary subprocess creation-through-exit wall over every registered actual attempt; includes ordinary output/diagnostics, excludes outer audit and inter-call waiting"",""known_seconds"":4.02194430000236,""prior_interruption_known_seconds"":0.0,""recorded_measurements"":1,""unknown_measurements"":0,""unknown_time_imputed"":false}"
7fb59ae641c8805b970c2de4,posterior,cpu-rwm-online_picard,4096,22,research_execution,analyzed,valid,,6.571203200001037,6.571203200001037,"{""attempts_missing_call_return"":0,""complete_seconds"":6.571203200001037,""cost_scope"":""Sum all coordinator run/retry calls except completed verification-only returns; includes recorded refusals/recovery/audit/sealing; excludes ledger writes, report observations and inter-call waiting"",""known_seconds"":6.571203200001037,""prior_interruption_known_seconds"":0.0,""recorded_measurements"":1,""unknown_measurements"":0,""unknown_time_imputed"":false}"
7fb59ae641c8805b970c2de4,posterior,cpu-rwm-online_picard,4096,22,additional_verification,analyzed,valid,,0.145827599997574,0.145827599997574,"{""attempts_missing_call_return"":0,""complete_seconds"":0.145827599997574,""cost_scope"":""Completed coordinator calls returning newly_executed=false; kept outside primary execution cost"",""known_seconds"":0.145827599997574,""prior_interruption_known_seconds"":0.0,""recorded_measurements"":1,""unknown_measurements"":0,""unknown_time_imputed"":false}"
7fb59ae641c8805b970c2de4,posterior,cpu-rwm-online_picard,4096,22,all_invocations,analyzed,valid,,6.717030799998611,6.717030799998611,"{""attempts_missing_call_return"":0,""complete_seconds"":6.717030799998611,""cost_scope"":""All coordinator calls, including additional verification; operational consumption, not standardized time-to-inference"",""known_seconds"":6.717030799998611,""prior_interruption_known_seconds"":0.0,""recorded_measurements"":2,""unknown_measurements"":0,""unknown_time_imputed"":false}"
adbe15f9303b7e84dcaf79bc,posterior,cuda-rwm-sequential,4096,21,ordinary_workflow,analyzed,valid,,7.358581000000413,7.358581000000413,"{""attempts_missing_call_return"":0,""complete_seconds"":7.358581000000413,""cost_scope"":""Sum ordinary subprocess creation-through-exit wall over every registered actual attempt; includes ordinary output/diagnostics, excludes outer audit and inter-call waiting"",""known_seconds"":7.358581000000413,""prior_interruption_known_seconds"":0.0,""recorded_measurements"":1,""unknown_measurements"":0,""unknown_time_imputed"":false}"
adbe15f9303b7e84dcaf79bc,posterior,cuda-rwm-sequential,4096,21,research_execution,analyzed,valid,,9.834432599996944,9.834432599996944,"{""attempts_missing_call_return"":0,""complete_seconds"":9.834432599996944,""cost_scope"":""Sum all coordinator run/retry calls except completed verification-only returns; includes recorded refusals/recovery/audit/sealing; excludes ledger writes, report observations and inter-call waiting"",""known_seconds"":9.834432599996944,""prior_interruption_known_seconds"":0.0,""recorded_measurements"":1,""unknown_measurements"":0,""unknown_time_imputed"":false}"
adbe15f9303b7e84dcaf79bc,posterior,cuda-rwm-sequential,4096,21,additional_verification,analyzed,valid,,0.14645160000145552,0.14645160000145552,"{""attempts_missing_call_return"":0,""complete_seconds"":0.14645160000145552,""cost_scope"":""Completed coordinator calls returning newly_executed=false; kept outside primary execution cost"",""known_seconds"":0.14645160000145552,""prior_interruption_known_seconds"":0.0,""recorded_measurements"":1,""unknown_measurements"":0,""unknown_time_imputed"":false}"
adbe15f9303b7e84dcaf79bc,posterior,cuda-rwm-sequential,4096,21,all_invocations,analyzed,valid,,9.9808841999984,9.9808841999984,"{""attempts_missing_call_return"":0,""complete_seconds"":9.9808841999984,""cost_scope"":""All coordinator calls, including additional verification; operational consumption, not standardized time-to-inference"",""known_seconds"":9.9808841999984,""prior_interruption_known_seconds"":0.0,""recorded_measurements"":2,""unknown_measurements"":0,""unknown_time_imputed"":false}"
970d27a6524ac7784e6e5aa1,posterior,cpu-rwm-sequential,1024,16,ordinary_workflow,analyzed,valid,,2.581595700001344,2.581595700001344,"{""attempts_missing_call_return"":0,""complete_seconds"":2.581595700001344,""cost_scope"":""Sum ordinary subprocess creation-through-exit wall over every registered actual attempt; includes ordinary output/diagnostics, excludes outer audit and inter-call waiting"",""known_seconds"":2.581595700001344,""prior_interruption_known_seconds"":0.0,""recorded_measurements"":1,""unknown_measurements"":0,""unknown_time_imputed"":false}"
970d27a6524ac7784e6e5aa1,posterior,cpu-rwm-sequential,1024,16,research_execution,analyzed,valid,,4.868782499997906,4.868782499997906,"{""attempts_missing_call_return"":0,""complete_seconds"":4.868782499997906,""cost_scope"":""Sum all coordinator run/retry calls except completed verification-only returns; includes recorded refusals/recovery/audit/sealing; excludes ledger writes, report observations and inter-call waiting"",""known_seconds"":4.868782499997906,""prior_interruption_known_seconds"":0.0,""recorded_measurements"":1,""unknown_measurements"":0,""unknown_time_imputed"":false}"
970d27a6524ac7784e6e5aa1,posterior,cpu-rwm-sequential,1024,16,additional_verification,analyzed,valid,,0.1460853999997198,0.1460853999997198,"{""attempts_missing_call_return"":0,""complete_seconds"":0.1460853999997198,""cost_scope"":""Completed coordinator calls returning newly_executed=false; kept outside primary execution cost"",""known_seconds"":0.1460853999997198,""prior_interruption_known_seconds"":0.0,""recorded_measurements"":1,""unknown_measurements"":0,""unknown_time_imputed"":false}"
970d27a6524ac7784e6e5aa1,posterior,cpu-rwm-sequential,1024,16,all_invocations,analyzed,valid,,5.0148678999976255,5.0148678999976255,"{""attempts_missing_call_return"":0,""complete_seconds"":5.0148678999976255,""cost_scope"":""All coordinator calls, including additional verification; operational consumption, not standardized time-to-inference"",""known_seconds"":5.0148678999976255,""prior_interruption_known_seconds"":0.0,""recorded_measurements"":2,""unknown_measurements"":0,""unknown_time_imputed"":false}"
89462be0621bc211fac9a303,posterior,cuda-mala-sequential,1024,22,ordinary_workflow,analyzed,valid,,9.279489900000044,9.279489900000044,"{""attempts_missing_call_return"":0,""complete_seconds"":9.279489900000044,""cost_scope"":""Sum ordinary subprocess creation-through-exit wall over every registered actual attempt; includes ordinary output/diagnostics, excludes outer audit and inter-call waiting"",""known_seconds"":9.279489900000044,""prior_interruption_known_seconds"":0.0,""recorded_measurements"":1,""unknown_measurements"":0,""unknown_time_imputed"":false}"
89462be0621bc211fac9a303,posterior,cuda-mala-sequential,1024,22,research_execution,analyzed,valid,,11.700296299997717,11.700296299997717,"{""attempts_missing_call_return"":0,""complete_seconds"":11.700296299997717,""cost_scope"":""Sum all coordinator run/retry calls except completed verification-only returns; includes recorded refusals/recovery/audit/sealing; excludes ledger writes, report observations and inter-call waiting"",""known_seconds"":11.700296299997717,""prior_interruption_known_seconds"":0.0,""recorded_measurements"":1,""unknown_measurements"":0,""unknown_time_imputed"":false}"
89462be0621bc211fac9a303,posterior,cuda-mala-sequential,1024,22,additional_verification,analyzed,valid,,0.14619090000269352,0.14619090000269352,"{""attempts_missing_call_return"":0,""complete_seconds"":0.14619090000269352,""cost_scope"":""Completed coordinator calls returning newly_executed=false; kept outside primary execution cost"",""known_seconds"":0.14619090000269352,""prior_interruption_known_seconds"":0.0,""recorded_measurements"":1,""unknown_measurements"":0,""unknown_time_imputed"":false}"
89462be0621bc211fac9a303,posterior,cuda-mala-sequential,1024,22,all_invocations,analyzed,valid,,11.84648720000041,11.84648720000041,"{""attempts_missing_call_return"":0,""complete_seconds"":11.84648720000041,""cost_scope"":""All coordinator calls, including additional verification; operational consumption, not standardized time-to-inference"",""known_seconds"":11.84648720000041,""prior_interruption_known_seconds"":0.0,""recorded_measurements"":2,""unknown_measurements"":0,""unknown_time_imputed"":false}"
cb3e4b7992cc2092d9476092,posterior,cpu-mala-sequential,4096,16,ordinary_workflow,analyzed,valid,,8.559406600001239,8.559406600001239,"{""attempts_missing_call_return"":0,""complete_seconds"":8.559406600001239,""cost_scope"":""Sum ordinary subprocess creation-through-exit wall over every registered actual attempt; includes ordinary output/diagnostics, excludes outer audit and inter-call waiting"",""known_seconds"":8.559406600001239,""prior_interruption_known_seconds"":0.0,""recorded_measurements"":1,""unknown_measurements"":0,""unknown_time_imputed"":false}"
cb3e4b7992cc2092d9476092,posterior,cpu-mala-sequential,4096,16,research_execution,analyzed,valid,,11.534038699999655,11.534038699999655,"{""attempts_missing_call_return"":0,""complete_seconds"":11.534038699999655,""cost_scope"":""Sum all coordinator run/retry calls except completed verification-only returns; includes recorded refusals/recovery/audit/sealing; excludes ledger writes, report observations and inter-call waiting"",""known_seconds"":11.534038699999655,""prior_interruption_known_seconds"":0.0,""recorded_measurements"":1,""unknown_measurements"":0,""unknown_time_imputed"":false}"
cb3e4b7992cc2092d9476092,posterior,cpu-mala-sequential,4096,16,additional_verification,analyzed,valid,,0.1465624000011303,0.1465624000011303,"{""attempts_missing_call_return"":0,""complete_seconds"":0.1465624000011303,""cost_scope"":""Completed coordinator calls returning newly_executed=false; kept outside primary execution cost"",""known_seconds"":0.1465624000011303,""prior_interruption_known_seconds"":0.0,""recorded_measurements"":1,""unknown_measurements"":0,""unknown_time_imputed"":false}"
cb3e4b7992cc2092d9476092,posterior,cpu-mala-sequential,4096,16,all_invocations,analyzed,valid,,11.680601100000786,11.680601100000786,"{""attempts_missing_call_return"":0,""complete_seconds"":11.680601100000786,""cost_scope"":""All coordinator calls, including additional verification; operational consumption, not standardized time-to-inference"",""known_seconds"":11.680601100000786,""prior_interruption_known_seconds"":0.0,""recorded_measurements"":2,""unknown_measurements"":0,""unknown_time_imputed"":false}"
e311bfcf088e1c684306e773,posterior,cuda-mala-quasi_deer,1024,22,ordinary_workflow,analyzed,valid,,26.71880179999789,26.71880179999789,"{""attempts_missing_call_return"":0,""complete_seconds"":26.71880179999789,""cost_scope"":""Sum ordinary subprocess creation-through-exit wall over every registered actual attempt; includes ordinary output/diagnostics, excludes outer audit and inter-call waiting"",""known_seconds"":26.71880179999789,""prior_interruption_known_seconds"":0.0,""recorded_measurements"":1,""unknown_measurements"":0,""unknown_time_imputed"":false}"
e311bfcf088e1c684306e773,posterior,cuda-mala-quasi_deer,1024,22,research_execution,analyzed,valid,,29.16885909999837,29.16885909999837,"{""attempts_missing_call_return"":0,""complete_seconds"":29.16885909999837,""cost_scope"":""Sum all coordinator run/retry calls except completed verification-only returns; includes recorded refusals/recovery/audit/sealing; excludes ledger writes, report observations and inter-call waiting"",""known_seconds"":29.16885909999837,""prior_interruption_known_seconds"":0.0,""recorded_measurements"":1,""unknown_measurements"":0,""unknown_time_imputed"":false}"
e311bfcf088e1c684306e773,posterior,cuda-mala-quasi_deer,1024,22,additional_verification,analyzed,valid,,0.14531349999742815,0.14531349999742815,"{""attempts_missing_call_return"":0,""complete_seconds"":0.14531349999742815,""cost_scope"":""Completed coordinator calls returning newly_executed=false; kept outside primary execution cost"",""known_seconds"":0.14531349999742815,""prior_interruption_known_seconds"":0.0,""recorded_measurements"":1,""unknown_measurements"":0,""unknown_time_imputed"":false}"
e311bfcf088e1c684306e773,posterior,cuda-mala-quasi_deer,1024,22,all_invocations,analyzed,valid,,29.3141725999958,29.3141725999958,"{""attempts_missing_call_return"":0,""complete_seconds"":29.3141725999958,""cost_scope"":""All coordinator calls, including additional verification; operational consumption, not standardized time-to-inference"",""known_seconds"":29.3141725999958,""prior_interruption_known_seconds"":0.0,""recorded_measurements"":2,""unknown_measurements"":0,""unknown_time_imputed"":false}"
ec00cd55c4086b8d7a1a6dac,posterior,cpu-rwm-sequential,4096,23,ordinary_workflow,analyzed,valid,,3.397247900000366,3.397247900000366,"{""attempts_missing_call_return"":0,""complete_seconds"":3.397247900000366,""cost_scope"":""Sum ordinary subprocess creation-through-exit wall over every registered actual attempt; includes ordinary output/diagnostics, excludes outer audit and inter-call waiting"",""known_seconds"":3.397247900000366,""prior_interruption_known_seconds"":0.0,""recorded_measurements"":1,""unknown_measurements"":0,""unknown_time_imputed"":false}"
ec00cd55c4086b8d7a1a6dac,posterior,cpu-rwm-sequential,4096,23,research_execution,analyzed,valid,,5.72392740000214,5.72392740000214,"{""attempts_missing_call_return"":0,""complete_seconds"":5.72392740000214,""cost_scope"":""Sum all coordinator run/retry calls except completed verification-only returns; includes recorded refusals/recovery/audit/sealing; excludes ledger writes, report observations and inter-call waiting"",""known_seconds"":5.72392740000214,""prior_interruption_known_seconds"":0.0,""recorded_measurements"":1,""unknown_measurements"":0,""unknown_time_imputed"":false}"
ec00cd55c4086b8d7a1a6dac,posterior,cpu-rwm-sequential,4096,23,additional_verification,analyzed,valid,,0.14387100000021746,0.14387100000021746,"{""attempts_missing_call_return"":0,""complete_seconds"":0.14387100000021746,""cost_scope"":""Completed coordinator calls returning newly_executed=false; kept outside primary execution cost"",""known_seconds"":0.14387100000021746,""prior_interruption_known_seconds"":0.0,""recorded_measurements"":1,""unknown_measurements"":0,""unknown_time_imputed"":false}"
ec00cd55c4086b8d7a1a6dac,posterior,cpu-rwm-sequential,4096,23,all_invocations,analyzed,valid,,5.867798400002357,5.867798400002357,"{""attempts_missing_call_return"":0,""complete_seconds"":5.867798400002357,""cost_scope"":""All coordinator calls, including additional verification; operational consumption, not standardized time-to-inference"",""known_seconds"":5.867798400002357,""prior_interruption_known_seconds"":0.0,""recorded_measurements"":2,""unknown_measurements"":0,""unknown_time_imputed"":false}"
fc63c638541a0399fd7d7e2e,posterior,cuda-mala-quasi_deer,4096,19,ordinary_workflow,analyzed,valid,,6.243700099999842,6.243700099999842,"{""attempts_missing_call_return"":0,""complete_seconds"":6.243700099999842,""cost_scope"":""Sum ordinary subprocess creation-through-exit wall over every registered actual attempt; includes ordinary output/diagnostics, excludes outer audit and inter-call waiting"",""known_seconds"":6.243700099999842,""prior_interruption_known_seconds"":0.0,""recorded_measurements"":1,""unknown_measurements"":0,""unknown_time_imputed"":false}"
fc63c638541a0399fd7d7e2e,posterior,cuda-mala-quasi_deer,4096,19,research_execution,analyzed,valid,,9.197352600000158,9.197352600000158,"{""attempts_missing_call_return"":0,""complete_seconds"":9.197352600000158,""cost_scope"":""Sum all coordinator run/retry calls except completed verification-only returns; includes recorded refusals/recovery/audit/sealing; excludes ledger writes, report observations and inter-call waiting"",""known_seconds"":9.197352600000158,""prior_interruption_known_seconds"":0.0,""recorded_measurements"":1,""unknown_measurements"":0,""unknown_time_imputed"":false}"
fc63c638541a0399fd7d7e2e,posterior,cuda-mala-quasi_deer,4096,19,additional_verification,analyzed,valid,,0.14475920000040787,0.14475920000040787,"{""attempts_missing_call_return"":0,""complete_seconds"":0.14475920000040787,""cost_scope"":""Completed coordinator calls returning newly_executed=false; kept outside primary execution cost"",""known_seconds"":0.14475920000040787,""prior_interruption_known_seconds"":0.0,""recorded_measurements"":1,""unknown_measurements"":0,""unknown_time_imputed"":false}"
fc63c638541a0399fd7d7e2e,posterior,cuda-mala-quasi_deer,4096,19,all_invocations,analyzed,valid,,9.342111800000566,9.342111800000566,"{""attempts_missing_call_return"":0,""complete_seconds"":9.342111800000566,""cost_scope"":""All coordinator calls, including additional verification; operational consumption, not standardized time-to-inference"",""known_seconds"":9.342111800000566,""prior_interruption_known_seconds"":0.0,""recorded_measurements"":2,""unknown_measurements"":0,""unknown_time_imputed"":false}"
656e74e36f817454acf85623,posterior,cuda-rwm-sequential,1024,16,ordinary_workflow,analyzed,valid,,3.813305199997558,3.813305199997558,"{""attempts_missing_call_return"":0,""complete_seconds"":3.813305199997558,""cost_scope"":""Sum ordinary subprocess creation-through-exit wall over every registered actual attempt; includes ordinary output/diagnostics, excludes outer audit and inter-call waiting"",""known_seconds"":3.813305199997558,""prior_interruption_known_seconds"":0.0,""recorded_measurements"":1,""unknown_measurements"":0,""unknown_time_imputed"":false}"
656e74e36f817454acf85623,posterior,cuda-rwm-sequential,1024,16,research_execution,analyzed,valid,,6.185178300002008,6.185178300002008,"{""attempts_missing_call_return"":0,""complete_seconds"":6.185178300002008,""cost_scope"":""Sum all coordinator run/retry calls except completed verification-only returns; includes recorded refusals/recovery/audit/sealing; excludes ledger writes, report observations and inter-call waiting"",""known_seconds"":6.185178300002008,""prior_interruption_known_seconds"":0.0,""recorded_measurements"":1,""unknown_measurements"":0,""unknown_time_imputed"":false}"
656e74e36f817454acf85623,posterior,cuda-rwm-sequential,1024,16,additional_verification,analyzed,valid,,0.14510920000248007,0.14510920000248007,"{""attempts_missing_call_return"":0,""complete_seconds"":0.14510920000248007,""cost_scope"":""Completed coordinator calls returning newly_executed=false; kept outside primary execution cost"",""known_seconds"":0.14510920000248007,""prior_interruption_known_seconds"":0.0,""recorded_measurements"":1,""unknown_measurements"":0,""unknown_time_imputed"":false}"
656e74e36f817454acf85623,posterior,cuda-rwm-sequential,1024,16,all_invocations,analyzed,valid,,6.330287500004488,6.330287500004488,"{""attempts_missing_call_return"":0,""complete_seconds"":6.330287500004488,""cost_scope"":""All coordinator calls, including additional verification; operational consumption, not standardized time-to-inference"",""known_seconds"":6.330287500004488,""prior_interruption_known_seconds"":0.0,""recorded_measurements"":2,""unknown_measurements"":0,""unknown_time_imputed"":false}"
58eb5c9cc61841ff3d266cb9,posterior,cpu-rwm-online_picard,1024,19,ordinary_workflow,analyzed,valid,,2.6920280999984243,2.6920280999984243,"{""attempts_missing_call_return"":0,""complete_seconds"":2.6920280999984243,""cost_scope"":""Sum ordinary subprocess creation-through-exit wall over every registered actual attempt; includes ordinary output/diagnostics, excludes outer audit and inter-call waiting"",""known_seconds"":2.6920280999984243,""prior_interruption_known_seconds"":0.0,""recorded_measurements"":1,""unknown_measurements"":0,""unknown_time_imputed"":false}"
58eb5c9cc61841ff3d266cb9,posterior,cpu-rwm-online_picard,1024,19,research_execution,analyzed,valid,,5.069647399999667,5.069647399999667,"{""attempts_missing_call_return"":0,""complete_seconds"":5.069647399999667,""cost_scope"":""Sum all coordinator run/retry calls except completed verification-only returns; includes recorded refusals/recovery/audit/sealing; excludes ledger writes, report observations and inter-call waiting"",""known_seconds"":5.069647399999667,""prior_interruption_known_seconds"":0.0,""recorded_measurements"":1,""unknown_measurements"":0,""unknown_time_imputed"":false}"
58eb5c9cc61841ff3d266cb9,posterior,cpu-rwm-online_picard,1024,19,additional_verification,analyzed,valid,,0.14582869999867398,0.14582869999867398,"{""attempts_missing_call_return"":0,""complete_seconds"":0.14582869999867398,""cost_scope"":""Completed coordinator calls returning newly_executed=false; kept outside primary execution cost"",""known_seconds"":0.14582869999867398,""prior_interruption_known_seconds"":0.0,""recorded_measurements"":1,""unknown_measurements"":0,""unknown_time_imputed"":false}"
58eb5c9cc61841ff3d266cb9,posterior,cpu-rwm-online_picard,1024,19,all_invocations,analyzed,valid,,5.215476099998341,5.215476099998341,"{""attempts_missing_call_return"":0,""complete_seconds"":5.215476099998341,""cost_scope"":""All coordinator calls, including additional verification; operational consumption, not standardized time-to-inference"",""known_seconds"":5.215476099998341,""prior_interruption_known_seconds"":0.0,""recorded_measurements"":2,""unknown_measurements"":0,""unknown_time_imputed"":false}"
8f31660f0a669184da40be62,posterior,cpu-rwm-sequential,4096,20,ordinary_workflow,analyzed,valid,,3.408928000000742,3.408928000000742,"{""attempts_missing_call_return"":0,""complete_seconds"":3.408928000000742,""cost_scope"":""Sum ordinary subprocess creation-through-exit wall over every registered actual attempt; includes ordinary output/diagnostics, excludes outer audit and inter-call waiting"",""known_seconds"":3.408928000000742,""prior_interruption_known_seconds"":0.0,""recorded_measurements"":1,""unknown_measurements"":0,""unknown_time_imputed"":false}"
8f31660f0a669184da40be62,posterior,cpu-rwm-sequential,4096,20,research_execution,analyzed,valid,,5.932064500000706,5.932064500000706,"{""attempts_missing_call_return"":0,""complete_seconds"":5.932064500000706,""cost_scope"":""Sum all coordinator run/retry calls except completed verification-only returns; includes recorded refusals/recovery/audit/sealing; excludes ledger writes, report observations and inter-call waiting"",""known_seconds"":5.932064500000706,""prior_interruption_known_seconds"":0.0,""recorded_measurements"":1,""unknown_measurements"":0,""unknown_time_imputed"":false}"
8f31660f0a669184da40be62,posterior,cpu-rwm-sequential,4096,20,additional_verification,analyzed,valid,,0.14726670000163722,0.14726670000163722,"{""attempts_missing_call_return"":0,""complete_seconds"":0.14726670000163722,""cost_scope"":""Completed coordinator calls returning newly_executed=false; kept outside primary execution cost"",""known_seconds"":0.14726670000163722,""prior_interruption_known_seconds"":0.0,""recorded_measurements"":1,""unknown_measurements"":0,""unknown_time_imputed"":false}"
8f31660f0a669184da40be62,posterior,cpu-rwm-sequential,4096,20,all_invocations,analyzed,valid,,6.079331200002343,6.079331200002343,"{""attempts_missing_call_return"":0,""complete_seconds"":6.079331200002343,""cost_scope"":""All coordinator calls, including additional verification; operational consumption, not standardized time-to-inference"",""known_seconds"":6.079331200002343,""prior_interruption_known_seconds"":0.0,""recorded_measurements"":2,""unknown_measurements"":0,""unknown_time_imputed"":false}"
36a094441c653b61bab5baad,posterior,cuda-rwm-sequential,4096,18,ordinary_workflow,analyzed,valid,,7.110328999999183,7.110328999999183,"{""attempts_missing_call_return"":0,""complete_seconds"":7.110328999999183,""cost_scope"":""Sum ordinary subprocess creation-through-exit wall over every registered actual attempt; includes ordinary output/diagnostics, excludes outer audit and inter-call waiting"",""known_seconds"":7.110328999999183,""prior_interruption_known_seconds"":0.0,""recorded_measurements"":1,""unknown_measurements"":0,""unknown_time_imputed"":false}"
36a094441c653b61bab5baad,posterior,cuda-rwm-sequential,4096,18,research_execution,analyzed,valid,,9.5466121999998,9.5466121999998,"{""attempts_missing_call_return"":0,""complete_seconds"":9.5466121999998,""cost_scope"":""Sum all coordinator run/retry calls except completed verification-only returns; includes recorded refusals/recovery/audit/sealing; excludes ledger writes, report observations and inter-call waiting"",""known_seconds"":9.5466121999998,""prior_interruption_known_seconds"":0.0,""recorded_measurements"":1,""unknown_measurements"":0,""unknown_time_imputed"":false}"
36a094441c653b61bab5baad,posterior,cuda-rwm-sequential,4096,18,additional_verification,analyzed,valid,,0.1460763000031875,0.1460763000031875,"{""attempts_missing_call_return"":0,""complete_seconds"":0.1460763000031875,""cost_scope"":""Completed coordinator calls returning newly_executed=false; kept outside primary execution cost"",""known_seconds"":0.1460763000031875,""prior_interruption_known_seconds"":0.0,""recorded_measurements"":1,""unknown_measurements"":0,""unknown_time_imputed"":false}"
36a094441c653b61bab5baad,posterior,cuda-rwm-sequential,4096,18,all_invocations,analyzed,valid,,9.692688500002987,9.692688500002987,"{""attempts_missing_call_return"":0,""complete_seconds"":9.692688500002987,""cost_scope"":""All coordinator calls, including additional verification; operational consumption, not standardized time-to-inference"",""known_seconds"":9.692688500002987,""prior_interruption_known_seconds"":0.0,""recorded_measurements"":2,""unknown_measurements"":0,""unknown_time_imputed"":false}"
4763c9b09f80d607e478e084,posterior,cuda-rwm-sequential,4096,19,ordinary_workflow,analyzed,valid,,7.230987000002642,7.230987000002642,"{""attempts_missing_call_return"":0,""complete_seconds"":7.230987000002642,""cost_scope"":""Sum ordinary subprocess creation-through-exit wall over every registered actual attempt; includes ordinary output/diagnostics, excludes outer audit and inter-call waiting"",""known_seconds"":7.230987000002642,""prior_interruption_known_seconds"":0.0,""recorded_measurements"":1,""unknown_measurements"":0,""unknown_time_imputed"":false}"
4763c9b09f80d607e478e084,posterior,cuda-rwm-sequential,4096,19,research_execution,analyzed,valid,,9.598449799999798,9.598449799999798,"{""attempts_missing_call_return"":0,""complete_seconds"":9.598449799999798,""cost_scope"":""Sum all coordinator run/retry calls except completed verification-only returns; includes recorded refusals/recovery/audit/sealing; excludes ledger writes, report observations and inter-call waiting"",""known_seconds"":9.598449799999798,""prior_interruption_known_seconds"":0.0,""recorded_measurements"":1,""unknown_measurements"":0,""unknown_time_imputed"":false}"
4763c9b09f80d607e478e084,posterior,cuda-rwm-sequential,4096,19,additional_verification,analyzed,valid,,0.14514150000104564,0.14514150000104564,"{""attempts_missing_call_return"":0,""complete_seconds"":0.14514150000104564,""cost_scope"":""Completed coordinator calls returning newly_executed=false; kept outside primary execution cost"",""known_seconds"":0.14514150000104564,""prior_interruption_known_seconds"":0.0,""recorded_measurements"":1,""unknown_measurements"":0,""unknown_time_imputed"":false}"
4763c9b09f80d607e478e084,posterior,cuda-rwm-sequential,4096,19,all_invocations,analyzed,valid,,9.743591300000844,9.743591300000844,"{""attempts_missing_call_return"":0,""complete_seconds"":9.743591300000844,""cost_scope"":""All coordinator calls, including additional verification; operational consumption, not standardized time-to-inference"",""known_seconds"":9.743591300000844,""prior_interruption_known_seconds"":0.0,""recorded_measurements"":2,""unknown_measurements"":0,""unknown_time_imputed"":false}"
f522068915709c2e3de65596,posterior,cpu-mala-quasi_deer,1024,22,ordinary_workflow,analyzed,valid,,16.211335500000132,16.211335500000132,"{""attempts_missing_call_return"":0,""complete_seconds"":16.211335500000132,""cost_scope"":""Sum ordinary subprocess creation-through-exit wall over every registered actual attempt; includes ordinary output/diagnostics, excludes outer audit and inter-call waiting"",""known_seconds"":16.211335500000132,""prior_interruption_known_seconds"":0.0,""recorded_measurements"":1,""unknown_measurements"":0,""unknown_time_imputed"":false}"
f522068915709c2e3de65596,posterior,cpu-mala-quasi_deer,1024,22,research_execution,analyzed,valid,,18.69895499999984,18.69895499999984,"{""attempts_missing_call_return"":0,""complete_seconds"":18.69895499999984,""cost_scope"":""Sum all coordinator run/retry calls except completed verification-only returns; includes recorded refusals/recovery/audit/sealing; excludes ledger writes, report observations and inter-call waiting"",""known_seconds"":18.69895499999984,""prior_interruption_known_seconds"":0.0,""recorded_measurements"":1,""unknown_measurements"":0,""unknown_time_imputed"":false}"
f522068915709c2e3de65596,posterior,cpu-mala-quasi_deer,1024,22,additional_verification,analyzed,valid,,0.14534229999844683,0.14534229999844683,"{""attempts_missing_call_return"":0,""complete_seconds"":0.14534229999844683,""cost_scope"":""Completed coordinator calls returning newly_executed=false; kept outside primary execution cost"",""known_seconds"":0.14534229999844683,""prior_interruption_known_seconds"":0.0,""recorded_measurements"":1,""unknown_measurements"":0,""unknown_time_imputed"":false}"
f522068915709c2e3de65596,posterior,cpu-mala-quasi_deer,1024,22,all_invocations,analyzed,valid,,18.84429729999829,18.84429729999829,"{""attempts_missing_call_return"":0,""complete_seconds"":18.84429729999829,""cost_scope"":""All coordinator calls, including additional verification; operational consumption, not standardized time-to-inference"",""known_seconds"":18.84429729999829,""prior_interruption_known_seconds"":0.0,""recorded_measurements"":2,""unknown_measurements"":0,""unknown_time_imputed"":false}"
a2928366b4fce00778d8fc02,posterior,cpu-rwm-online_picard,1024,22,ordinary_workflow,analyzed,valid,,2.738567199998215,2.738567199998215,"{""attempts_missing_call_return"":0,""complete_seconds"":2.738567199998215,""cost_scope"":""Sum ordinary subprocess creation-through-exit wall over every registered actual attempt; includes ordinary output/diagnostics, excludes outer audit and inter-call waiting"",""known_seconds"":2.738567199998215,""prior_interruption_known_seconds"":0.0,""recorded_measurements"":1,""unknown_measurements"":0,""unknown_time_imputed"":false}"
a2928366b4fce00778d8fc02,posterior,cpu-rwm-online_picard,1024,22,research_execution,analyzed,valid,,5.087401900000259,5.087401900000259,"{""attempts_missing_call_return"":0,""complete_seconds"":5.087401900000259,""cost_scope"":""Sum all coordinator run/retry calls except completed verification-only returns; includes recorded refusals/recovery/audit/sealing; excludes ledger writes, report observations and inter-call waiting"",""known_seconds"":5.087401900000259,""prior_interruption_known_seconds"":0.0,""recorded_measurements"":1,""unknown_measurements"":0,""unknown_time_imputed"":false}"
a2928366b4fce00778d8fc02,posterior,cpu-rwm-online_picard,1024,22,additional_verification,analyzed,valid,,0.14396879999912926,0.14396879999912926,"{""attempts_missing_call_return"":0,""complete_seconds"":0.14396879999912926,""cost_scope"":""Completed coordinator calls returning newly_executed=false; kept outside primary execution cost"",""known_seconds"":0.14396879999912926,""prior_interruption_known_seconds"":0.0,""recorded_measurements"":1,""unknown_measurements"":0,""unknown_time_imputed"":false}"
a2928366b4fce00778d8fc02,posterior,cpu-rwm-online_picard,1024,22,all_invocations,analyzed,valid,,5.231370699999388,5.231370699999388,"{""attempts_missing_call_return"":0,""complete_seconds"":5.231370699999388,""cost_scope"":""All coordinator calls, including additional verification; operational consumption, not standardized time-to-inference"",""known_seconds"":5.231370699999388,""prior_interruption_known_seconds"":0.0,""recorded_measurements"":2,""unknown_measurements"":0,""unknown_time_imputed"":false}"
7921644a2e91d377320a3e66,posterior,cpu-nuts-spawn_chains,1024,19,ordinary_workflow,analyzed,valid,,54.766017800000554,54.766017800000554,"{""attempts_missing_call_return"":0,""complete_seconds"":54.766017800000554,""cost_scope"":""Sum ordinary subprocess creation-through-exit wall over every registered actual attempt; includes ordinary output/diagnostics, excludes outer audit and inter-call waiting"",""known_seconds"":54.766017800000554,""prior_interruption_known_seconds"":0.0,""recorded_measurements"":1,""unknown_measurements"":0,""unknown_time_imputed"":false}"
7921644a2e91d377320a3e66,posterior,cpu-nuts-spawn_chains,1024,19,research_execution,analyzed,valid,,57.02649240000028,57.02649240000028,"{""attempts_missing_call_return"":0,""complete_seconds"":57.02649240000028,""cost_scope"":""Sum all coordinator run/retry calls except completed verification-only returns; includes recorded refusals/recovery/audit/sealing; excludes ledger writes, report observations and inter-call waiting"",""known_seconds"":57.02649240000028,""prior_interruption_known_seconds"":0.0,""recorded_measurements"":1,""unknown_measurements"":0,""unknown_time_imputed"":false}"
7921644a2e91d377320a3e66,posterior,cpu-nuts-spawn_chains,1024,19,additional_verification,analyzed,valid,,0.14916019999873242,0.14916019999873242,"{""attempts_missing_call_return"":0,""complete_seconds"":0.14916019999873242,""cost_scope"":""Completed coordinator calls returning newly_executed=false; kept outside primary execution cost"",""known_seconds"":0.14916019999873242,""prior_interruption_known_seconds"":0.0,""recorded_measurements"":1,""unknown_measurements"":0,""unknown_time_imputed"":false}"
7921644a2e91d377320a3e66,posterior,cpu-nuts-spawn_chains,1024,19,all_invocations,analyzed,valid,,57.17565259999901,57.17565259999901,"{""attempts_missing_call_return"":0,""complete_seconds"":57.17565259999901,""cost_scope"":""All coordinator calls, including additional verification; operational consumption, not standardized time-to-inference"",""known_seconds"":57.17565259999901,""prior_interruption_known_seconds"":0.0,""recorded_measurements"":2,""unknown_measurements"":0,""unknown_time_imputed"":false}"
dab45be46e71da9cb3d42f6b,posterior,cpu-nuts-spawn_chains,4096,22,ordinary_workflow,analyzed,valid,,54.46505539999998,54.46505539999998,"{""attempts_missing_call_return"":0,""complete_seconds"":54.46505539999998,""cost_scope"":""Sum ordinary subprocess creation-through-exit wall over every registered actual attempt; includes ordinary output/diagnostics, excludes outer audit and inter-call waiting"",""known_seconds"":54.46505539999998,""prior_interruption_known_seconds"":0.0,""recorded_measurements"":1,""unknown_measurements"":0,""unknown_time_imputed"":false}"
dab45be46e71da9cb3d42f6b,posterior,cpu-nuts-spawn_chains,4096,22,research_execution,analyzed,valid,,56.702014799997414,56.702014799997414,"{""attempts_missing_call_return"":0,""complete_seconds"":56.702014799997414,""cost_scope"":""Sum all coordinator run/retry calls except completed verification-only returns; includes recorded refusals/recovery/audit/sealing; excludes ledger writes, report observations and inter-call waiting"",""known_seconds"":56.702014799997414,""prior_interruption_known_seconds"":0.0,""recorded_measurements"":1,""unknown_measurements"":0,""unknown_time_imputed"":false}"
dab45be46e71da9cb3d42f6b,posterior,cpu-nuts-spawn_chains,4096,22,additional_verification,analyzed,valid,,0.14818579999700887,0.14818579999700887,"{""attempts_missing_call_return"":0,""complete_seconds"":0.14818579999700887,""cost_scope"":""Completed coordinator calls returning newly_executed=false; kept outside primary execution cost"",""known_seconds"":0.14818579999700887,""prior_interruption_known_seconds"":0.0,""recorded_measurements"":1,""unknown_measurements"":0,""unknown_time_imputed"":false}"
dab45be46e71da9cb3d42f6b,posterior,cpu-nuts-spawn_chains,4096,22,all_invocations,analyzed,valid,,56.85020059999442,56.85020059999442,"{""attempts_missing_call_return"":0,""complete_seconds"":56.85020059999442,""cost_scope"":""All coordinator calls, including additional verification; operational consumption, not standardized time-to-inference"",""known_seconds"":56.85020059999442,""prior_interruption_known_seconds"":0.0,""recorded_measurements"":2,""unknown_measurements"":0,""unknown_time_imputed"":false}"
253867a474a64e8b1201370b,posterior,cuda-mala-quasi_deer,1024,23,ordinary_workflow,analyzed,numerical_failure,,29.927414300000237,29.927414300000237,"{""attempts_missing_call_return"":0,""complete_seconds"":29.927414300000237,""cost_scope"":""Sum ordinary subprocess creation-through-exit wall over every registered actual attempt; includes ordinary output/diagnostics, excludes outer audit and inter-call waiting"",""known_seconds"":29.927414300000237,""prior_interruption_known_seconds"":0.0,""recorded_measurements"":1,""unknown_measurements"":0,""unknown_time_imputed"":false}"
253867a474a64e8b1201370b,posterior,cuda-mala-quasi_deer,1024,23,research_execution,analyzed,numerical_failure,,32.46257030000197,32.46257030000197,"{""attempts_missing_call_return"":0,""complete_seconds"":32.46257030000197,""cost_scope"":""Sum all coordinator run/retry calls except completed verification-only returns; includes recorded refusals/recovery/audit/sealing; excludes ledger writes, report observations and inter-call waiting"",""known_seconds"":32.46257030000197,""prior_interruption_known_seconds"":0.0,""recorded_measurements"":1,""unknown_measurements"":0,""unknown_time_imputed"":false}"
253867a474a64e8b1201370b,posterior,cuda-mala-quasi_deer,1024,23,additional_verification,analyzed,numerical_failure,,0.14550790000066627,0.14550790000066627,"{""attempts_missing_call_return"":0,""complete_seconds"":0.14550790000066627,""cost_scope"":""Completed coordinator calls returning newly_executed=false; kept outside primary execution cost"",""known_seconds"":0.14550790000066627,""prior_interruption_known_seconds"":0.0,""recorded_measurements"":1,""unknown_measurements"":0,""unknown_time_imputed"":false}"
253867a474a64e8b1201370b,posterior,cuda-mala-quasi_deer,1024,23,all_invocations,analyzed,numerical_failure,,32.60807820000264,32.60807820000264,"{""attempts_missing_call_return"":0,""complete_seconds"":32.60807820000264,""cost_scope"":""All coordinator calls, including additional verification; operational consumption, not standardized time-to-inference"",""known_seconds"":32.60807820000264,""prior_interruption_known_seconds"":0.0,""recorded_measurements"":2,""unknown_measurements"":0,""unknown_time_imputed"":false}"
07dde2f93a01aa71066036f7,posterior,cuda-mala-quasi_deer,4096,23,ordinary_workflow,analyzed,numerical_failure,,80.68361599999844,80.68361599999844,"{""attempts_missing_call_return"":0,""complete_seconds"":80.68361599999844,""cost_scope"":""Sum ordinary subprocess creation-through-exit wall over every registered actual attempt; includes ordinary output/diagnostics, excludes outer audit and inter-call waiting"",""known_seconds"":80.68361599999844,""prior_interruption_known_seconds"":0.0,""recorded_measurements"":1,""unknown_measurements"":0,""unknown_time_imputed"":false}"
07dde2f93a01aa71066036f7,posterior,cuda-mala-quasi_deer,4096,23,research_execution,analyzed,numerical_failure,,83.51614039999913,83.51614039999913,"{""attempts_missing_call_return"":0,""complete_seconds"":83.51614039999913,""cost_scope"":""Sum all coordinator run/retry calls except completed verification-only returns; includes recorded refusals/recovery/audit/sealing; excludes ledger writes, report observations and inter-call waiting"",""known_seconds"":83.51614039999913,""prior_interruption_known_seconds"":0.0,""recorded_measurements"":1,""unknown_measurements"":0,""unknown_time_imputed"":false}"
07dde2f93a01aa71066036f7,posterior,cuda-mala-quasi_deer,4096,23,additional_verification,analyzed,numerical_failure,,0.14810969999962253,0.14810969999962253,"{""attempts_missing_call_return"":0,""complete_seconds"":0.14810969999962253,""cost_scope"":""Completed coordinator calls returning newly_executed=false; kept outside primary execution cost"",""known_seconds"":0.14810969999962253,""prior_interruption_known_seconds"":0.0,""recorded_measurements"":1,""unknown_measurements"":0,""unknown_time_imputed"":false}"
07dde2f93a01aa71066036f7,posterior,cuda-mala-quasi_deer,4096,23,all_invocations,analyzed,numerical_failure,,83.66425009999875,83.66425009999875,"{""attempts_missing_call_return"":0,""complete_seconds"":83.66425009999875,""cost_scope"":""All coordinator calls, including additional verification; operational consumption, not standardized time-to-inference"",""known_seconds"":83.66425009999875,""prior_interruption_known_seconds"":0.0,""recorded_measurements"":2,""unknown_measurements"":0,""unknown_time_imputed"":false}"
b894f099f0abb44fb674104c,posterior,cuda-mala-quasi_deer,1024,18,ordinary_workflow,analyzed,valid,,28.55461439999999,28.55461439999999,"{""attempts_missing_call_return"":0,""complete_seconds"":28.55461439999999,""cost_scope"":""Sum ordinary subprocess creation-through-exit wall over every registered actual attempt; includes ordinary output/diagnostics, excludes outer audit and inter-call waiting"",""known_seconds"":28.55461439999999,""prior_interruption_known_seconds"":0.0,""recorded_measurements"":1,""unknown_measurements"":0,""unknown_time_imputed"":false}"
b894f099f0abb44fb674104c,posterior,cuda-mala-quasi_deer,1024,18,research_execution,analyzed,valid,,31.0873528000011,31.0873528000011,"{""attempts_missing_call_return"":0,""complete_seconds"":31.0873528000011,""cost_scope"":""Sum all coordinator run/retry calls except completed verification-only returns; includes recorded refusals/recovery/audit/sealing; excludes ledger writes, report observations and inter-call waiting"",""known_seconds"":31.0873528000011,""prior_interruption_known_seconds"":0.0,""recorded_measurements"":1,""unknown_measurements"":0,""unknown_time_imputed"":false}"
b894f099f0abb44fb674104c,posterior,cuda-mala-quasi_deer,1024,18,additional_verification,analyzed,valid,,0.1494540000021516,0.1494540000021516,"{""attempts_missing_call_return"":0,""complete_seconds"":0.1494540000021516,""cost_scope"":""Completed coordinator calls returning newly_executed=false; kept outside primary execution cost"",""known_seconds"":0.1494540000021516,""prior_interruption_known_seconds"":0.0,""recorded_measurements"":1,""unknown_measurements"":0,""unknown_time_imputed"":false}"
b894f099f0abb44fb674104c,posterior,cuda-mala-quasi_deer,1024,18,all_invocations,analyzed,valid,,31.23680680000325,31.23680680000325,"{""attempts_missing_call_return"":0,""complete_seconds"":31.23680680000325,""cost_scope"":""All coordinator calls, including additional verification; operational consumption, not standardized time-to-inference"",""known_seconds"":31.23680680000325,""prior_interruption_known_seconds"":0.0,""recorded_measurements"":2,""unknown_measurements"":0,""unknown_time_imputed"":false}"
52b78d540ea1e363d3cfdca6,posterior,cpu-nuts-spawn_chains,4096,18,ordinary_workflow,analyzed,valid,,87.19967370000086,87.19967370000086,"{""attempts_missing_call_return"":0,""complete_seconds"":87.19967370000086,""cost_scope"":""Sum ordinary subprocess creation-through-exit wall over every registered actual attempt; includes ordinary output/diagnostics, excludes outer audit and inter-call waiting"",""known_seconds"":87.19967370000086,""prior_interruption_known_seconds"":0.0,""recorded_measurements"":1,""unknown_measurements"":0,""unknown_time_imputed"":false}"
52b78d540ea1e363d3cfdca6,posterior,cpu-nuts-spawn_chains,4096,18,research_execution,analyzed,valid,,89.44591759999821,89.44591759999821,"{""attempts_missing_call_return"":0,""complete_seconds"":89.44591759999821,""cost_scope"":""Sum all coordinator run/retry calls except completed verification-only returns; includes recorded refusals/recovery/audit/sealing; excludes ledger writes, report observations and inter-call waiting"",""known_seconds"":89.44591759999821,""prior_interruption_known_seconds"":0.0,""recorded_measurements"":1,""unknown_measurements"":0,""unknown_time_imputed"":false}"
52b78d540ea1e363d3cfdca6,posterior,cpu-nuts-spawn_chains,4096,18,additional_verification,analyzed,valid,,0.15220359999875654,0.15220359999875654,"{""attempts_missing_call_return"":0,""complete_seconds"":0.15220359999875654,""cost_scope"":""Completed coordinator calls returning newly_executed=false; kept outside primary execution cost"",""known_seconds"":0.15220359999875654,""prior_interruption_known_seconds"":0.0,""recorded_measurements"":1,""unknown_measurements"":0,""unknown_time_imputed"":false}"
52b78d540ea1e363d3cfdca6,posterior,cpu-nuts-spawn_chains,4096,18,all_invocations,analyzed,valid,,89.59812119999697,89.59812119999697,"{""attempts_missing_call_return"":0,""complete_seconds"":89.59812119999697,""cost_scope"":""All coordinator calls, including additional verification; operational consumption, not standardized time-to-inference"",""known_seconds"":89.59812119999697,""prior_interruption_known_seconds"":0.0,""recorded_measurements"":2,""unknown_measurements"":0,""unknown_time_imputed"":false}"
96580626f2b050bf7352d003,posterior,cuda-rwm-online_picard,1024,19,ordinary_workflow,analyzed,valid,,3.7486179000006814,3.7486179000006814,"{""attempts_missing_call_return"":0,""complete_seconds"":3.7486179000006814,""cost_scope"":""Sum ordinary subprocess creation-through-exit wall over every registered actual attempt; includes ordinary output/diagnostics, excludes outer audit and inter-call waiting"",""known_seconds"":3.7486179000006814,""prior_interruption_known_seconds"":0.0,""recorded_measurements"":1,""unknown_measurements"":0,""unknown_time_imputed"":false}"
96580626f2b050bf7352d003,posterior,cuda-rwm-online_picard,1024,19,research_execution,analyzed,valid,,5.981566599999496,5.981566599999496,"{""attempts_missing_call_return"":0,""complete_seconds"":5.981566599999496,""cost_scope"":""Sum all coordinator run/retry calls except completed verification-only returns; includes recorded refusals/recovery/audit/sealing; excludes ledger writes, report observations and inter-call waiting"",""known_seconds"":5.981566599999496,""prior_interruption_known_seconds"":0.0,""recorded_measurements"":1,""unknown_measurements"":0,""unknown_time_imputed"":false}"
96580626f2b050bf7352d003,posterior,cuda-rwm-online_picard,1024,19,additional_verification,analyzed,valid,,0.15146889999959967,0.15146889999959967,"{""attempts_missing_call_return"":0,""complete_seconds"":0.15146889999959967,""cost_scope"":""Completed coordinator calls returning newly_executed=false; kept outside primary execution cost"",""known_seconds"":0.15146889999959967,""prior_interruption_known_seconds"":0.0,""recorded_measurements"":1,""unknown_measurements"":0,""unknown_time_imputed"":false}"
96580626f2b050bf7352d003,posterior,cuda-rwm-online_picard,1024,19,all_invocations,analyzed,valid,,6.133035499999096,6.133035499999096,"{""attempts_missing_call_return"":0,""complete_seconds"":6.133035499999096,""cost_scope"":""All coordinator calls, including additional verification; operational consumption, not standardized time-to-inference"",""known_seconds"":6.133035499999096,""prior_interruption_known_seconds"":0.0,""recorded_measurements"":2,""unknown_measurements"":0,""unknown_time_imputed"":false}"
ed42976ab4cb05f9ed8dcad8,posterior,cpu-rwm-sequential,1024,22,ordinary_workflow,analyzed,valid,,2.5964167000020097,2.5964167000020097,"{""attempts_missing_call_return"":0,""complete_seconds"":2.5964167000020097,""cost_scope"":""Sum ordinary subprocess creation-through-exit wall over every registered actual attempt; includes ordinary output/diagnostics, excludes outer audit and inter-call waiting"",""known_seconds"":2.5964167000020097,""prior_interruption_known_seconds"":0.0,""recorded_measurements"":1,""unknown_measurements"":0,""unknown_time_imputed"":false}"
ed42976ab4cb05f9ed8dcad8,posterior,cpu-rwm-sequential,1024,22,research_execution,analyzed,valid,,4.864975599997706,4.864975599997706,"{""attempts_missing_call_return"":0,""complete_seconds"":4.864975599997706,""cost_scope"":""Sum all coordinator run/retry calls except completed verification-only returns; includes recorded refusals/recovery/audit/sealing; excludes ledger writes, report observations and inter-call waiting"",""known_seconds"":4.864975599997706,""prior_interruption_known_seconds"":0.0,""recorded_measurements"":1,""unknown_measurements"":0,""unknown_time_imputed"":false}"
ed42976ab4cb05f9ed8dcad8,posterior,cpu-rwm-sequential,1024,22,additional_verification,analyzed,valid,,0.14373189999969327,0.14373189999969327,"{""attempts_missing_call_return"":0,""complete_seconds"":0.14373189999969327,""cost_scope"":""Completed coordinator calls returning newly_executed=false; kept outside primary execution cost"",""known_seconds"":0.14373189999969327,""prior_interruption_known_seconds"":0.0,""recorded_measurements"":1,""unknown_measurements"":0,""unknown_time_imputed"":false}"
ed42976ab4cb05f9ed8dcad8,posterior,cpu-rwm-sequential,1024,22,all_invocations,analyzed,valid,,5.008707499997399,5.008707499997399,"{""attempts_missing_call_return"":0,""complete_seconds"":5.008707499997399,""cost_scope"":""All coordinator calls, including additional verification; operational consumption, not standardized time-to-inference"",""known_seconds"":5.008707499997399,""prior_interruption_known_seconds"":0.0,""recorded_measurements"":2,""unknown_measurements"":0,""unknown_time_imputed"":false}"
ca86c61a4bf6ee2e07b49aca,posterior,cuda-rwm-online_picard,1024,21,ordinary_workflow,analyzed,valid,,3.6591254999984812,3.6591254999984812,"{""attempts_missing_call_return"":0,""complete_seconds"":3.6591254999984812,""cost_scope"":""Sum ordinary subprocess creation-through-exit wall over every registered actual attempt; includes ordinary output/diagnostics, excludes outer audit and inter-call waiting"",""known_seconds"":3.6591254999984812,""prior_interruption_known_seconds"":0.0,""recorded_measurements"":1,""unknown_measurements"":0,""unknown_time_imputed"":false}"
ca86c61a4bf6ee2e07b49aca,posterior,cuda-rwm-online_picard,1024,21,research_execution,analyzed,valid,,5.985097899996617,5.985097899996617,"{""attempts_missing_call_return"":0,""complete_seconds"":5.985097899996617,""cost_scope"":""Sum all coordinator run/retry calls except completed verification-only returns; includes recorded refusals/recovery/audit/sealing; excludes ledger writes, report observations and inter-call waiting"",""known_seconds"":5.985097899996617,""prior_interruption_known_seconds"":0.0,""recorded_measurements"":1,""unknown_measurements"":0,""unknown_time_imputed"":false}"
ca86c61a4bf6ee2e07b49aca,posterior,cuda-rwm-online_picard,1024,21,additional_verification,analyzed,valid,,0.146435400001792,0.146435400001792,"{""attempts_missing_call_return"":0,""complete_seconds"":0.146435400001792,""cost_scope"":""Completed coordinator calls returning newly_executed=false; kept outside primary execution cost"",""known_seconds"":0.146435400001792,""prior_interruption_known_seconds"":0.0,""recorded_measurements"":1,""unknown_measurements"":0,""unknown_time_imputed"":false}"
ca86c61a4bf6ee2e07b49aca,posterior,cuda-rwm-online_picard,1024,21,all_invocations,analyzed,valid,,6.131533299998409,6.131533299998409,"{""attempts_missing_call_return"":0,""complete_seconds"":6.131533299998409,""cost_scope"":""All coordinator calls, including additional verification; operational consumption, not standardized time-to-inference"",""known_seconds"":6.131533299998409,""prior_interruption_known_seconds"":0.0,""recorded_measurements"":2,""unknown_measurements"":0,""unknown_time_imputed"":false}"
07382b99b34abe75de62c3e0,posterior,cuda-mala-sequential,1024,23,ordinary_workflow,analyzed,valid,,8.955284700001357,8.955284700001357,"{""attempts_missing_call_return"":0,""complete_seconds"":8.955284700001357,""cost_scope"":""Sum ordinary subprocess creation-through-exit wall over every registered actual attempt; includes ordinary output/diagnostics, excludes outer audit and inter-call waiting"",""known_seconds"":8.955284700001357,""prior_interruption_known_seconds"":0.0,""recorded_measurements"":1,""unknown_measurements"":0,""unknown_time_imputed"":false}"
07382b99b34abe75de62c3e0,posterior,cuda-mala-sequential,1024,23,research_execution,analyzed,valid,,11.382713299997704,11.382713299997704,"{""attempts_missing_call_return"":0,""complete_seconds"":11.382713299997704,""cost_scope"":""Sum all coordinator run/retry calls except completed verification-only returns; includes recorded refusals/recovery/audit/sealing; excludes ledger writes, report observations and inter-call waiting"",""known_seconds"":11.382713299997704,""prior_interruption_known_seconds"":0.0,""recorded_measurements"":1,""unknown_measurements"":0,""unknown_time_imputed"":false}"
07382b99b34abe75de62c3e0,posterior,cuda-mala-sequential,1024,23,additional_verification,analyzed,valid,,0.15131230000042706,0.15131230000042706,"{""attempts_missing_call_return"":0,""complete_seconds"":0.15131230000042706,""cost_scope"":""Completed coordinator calls returning newly_executed=false; kept outside primary execution cost"",""known_seconds"":0.15131230000042706,""prior_interruption_known_seconds"":0.0,""recorded_measurements"":1,""unknown_measurements"":0,""unknown_time_imputed"":false}"
07382b99b34abe75de62c3e0,posterior,cuda-mala-sequential,1024,23,all_invocations,analyzed,valid,,11.534025599998131,11.534025599998131,"{""attempts_missing_call_return"":0,""complete_seconds"":11.534025599998131,""cost_scope"":""All coordinator calls, including additional verification; operational consumption, not standardized time-to-inference"",""known_seconds"":11.534025599998131,""prior_interruption_known_seconds"":0.0,""recorded_measurements"":2,""unknown_measurements"":0,""unknown_time_imputed"":false}"
5d556805633c4f613a45c40f,posterior,cpu-nuts-spawn_chains,1024,21,ordinary_workflow,analyzed,valid,,29.301904300002207,29.301904300002207,"{""attempts_missing_call_return"":0,""complete_seconds"":29.301904300002207,""cost_scope"":""Sum ordinary subprocess creation-through-exit wall over every registered actual attempt; includes ordinary output/diagnostics, excludes outer audit and inter-call waiting"",""known_seconds"":29.301904300002207,""prior_interruption_known_seconds"":0.0,""recorded_measurements"":1,""unknown_measurements"":0,""unknown_time_imputed"":false}"
5d556805633c4f613a45c40f,posterior,cpu-nuts-spawn_chains,1024,21,research_execution,analyzed,valid,,31.596503900000243,31.596503900000243,"{""attempts_missing_call_return"":0,""complete_seconds"":31.596503900000243,""cost_scope"":""Sum all coordinator run/retry calls except completed verification-only returns; includes recorded refusals/recovery/audit/sealing; excludes ledger writes, report observations and inter-call waiting"",""known_seconds"":31.596503900000243,""prior_interruption_known_seconds"":0.0,""recorded_measurements"":1,""unknown_measurements"":0,""unknown_time_imputed"":false}"
5d556805633c4f613a45c40f,posterior,cpu-nuts-spawn_chains,1024,21,additional_verification,analyzed,valid,,0.1474844000003941,0.1474844000003941,"{""attempts_missing_call_return"":0,""complete_seconds"":0.1474844000003941,""cost_scope"":""Completed coordinator calls returning newly_executed=false; kept outside primary execution cost"",""known_seconds"":0.1474844000003941,""prior_interruption_known_seconds"":0.0,""recorded_measurements"":1,""unknown_measurements"":0,""unknown_time_imputed"":false}"
5d556805633c4f613a45c40f,posterior,cpu-nuts-spawn_chains,1024,21,all_invocations,analyzed,valid,,31.743988300000638,31.743988300000638,"{""attempts_missing_call_return"":0,""complete_seconds"":31.743988300000638,""cost_scope"":""All coordinator calls, including additional verification; operational consumption, not standardized time-to-inference"",""known_seconds"":31.743988300000638,""prior_interruption_known_seconds"":0.0,""recorded_measurements"":2,""unknown_measurements"":0,""unknown_time_imputed"":false}"
7f7a9930ab79ea5df1dacc0f,posterior,cuda-mala-quasi_deer,4096,20,ordinary_workflow,analyzed,valid,,57.43235510000159,57.43235510000159,"{""attempts_missing_call_return"":0,""complete_seconds"":57.43235510000159,""cost_scope"":""Sum ordinary subprocess creation-through-exit wall over every registered actual attempt; includes ordinary output/diagnostics, excludes outer audit and inter-call waiting"",""known_seconds"":57.43235510000159,""prior_interruption_known_seconds"":0.0,""recorded_measurements"":1,""unknown_measurements"":0,""unknown_time_imputed"":false}"
7f7a9930ab79ea5df1dacc0f,posterior,cuda-mala-quasi_deer,4096,20,research_execution,analyzed,valid,,60.25456370000029,60.25456370000029,"{""attempts_missing_call_return"":0,""complete_seconds"":60.25456370000029,""cost_scope"":""Sum all coordinator run/retry calls except completed verification-only returns; includes recorded refusals/recovery/audit/sealing; excludes ledger writes, report observations and inter-call waiting"",""known_seconds"":60.25456370000029,""prior_interruption_known_seconds"":0.0,""recorded_measurements"":1,""unknown_measurements"":0,""unknown_time_imputed"":false}"
7f7a9930ab79ea5df1dacc0f,posterior,cuda-mala-quasi_deer,4096,20,additional_verification,analyzed,valid,,0.14777279999907478,0.14777279999907478,"{""attempts_missing_call_return"":0,""complete_seconds"":0.14777279999907478,""cost_scope"":""Completed coordinator calls returning newly_executed=false; kept outside primary execution cost"",""known_seconds"":0.14777279999907478,""prior_interruption_known_seconds"":0.0,""recorded_measurements"":1,""unknown_measurements"":0,""unknown_time_imputed"":false}"
7f7a9930ab79ea5df1dacc0f,posterior,cuda-mala-quasi_deer,4096,20,all_invocations,analyzed,valid,,60.402336499999365,60.402336499999365,"{""attempts_missing_call_return"":0,""complete_seconds"":60.402336499999365,""cost_scope"":""All coordinator calls, including additional verification; operational consumption, not standardized time-to-inference"",""known_seconds"":60.402336499999365,""prior_interruption_known_seconds"":0.0,""recorded_measurements"":2,""unknown_measurements"":0,""unknown_time_imputed"":false}"
fc6869f832dfc142e09a8384,posterior,cpu-rwm-online_picard,1024,20,ordinary_workflow,analyzed,valid,,2.753923099997337,2.753923099997337,"{""attempts_missing_call_return"":0,""complete_seconds"":2.753923099997337,""cost_scope"":""Sum ordinary subprocess creation-through-exit wall over every registered actual attempt; includes ordinary output/diagnostics, excludes outer audit and inter-call waiting"",""known_seconds"":2.753923099997337,""prior_interruption_known_seconds"":0.0,""recorded_measurements"":1,""unknown_measurements"":0,""unknown_time_imputed"":false}"
fc6869f832dfc142e09a8384,posterior,cpu-rwm-online_picard,1024,20,research_execution,analyzed,valid,,5.0970109999980195,5.0970109999980195,"{""attempts_missing_call_return"":0,""complete_seconds"":5.0970109999980195,""cost_scope"":""Sum all coordinator run/retry calls except completed verification-only returns; includes recorded refusals/recovery/audit/sealing; excludes ledger writes, report observations and inter-call waiting"",""known_seconds"":5.0970109999980195,""prior_interruption_known_seconds"":0.0,""recorded_measurements"":1,""unknown_measurements"":0,""unknown_time_imputed"":false}"
fc6869f832dfc142e09a8384,posterior,cpu-rwm-online_picard,1024,20,additional_verification,analyzed,valid,,0.14354619999721763,0.14354619999721763,"{""attempts_missing_call_return"":0,""complete_seconds"":0.14354619999721763,""cost_scope"":""Completed coordinator calls returning newly_executed=false; kept outside primary execution cost"",""known_seconds"":0.14354619999721763,""prior_interruption_known_seconds"":0.0,""recorded_measurements"":1,""unknown_measurements"":0,""unknown_time_imputed"":false}"
fc6869f832dfc142e09a8384,posterior,cpu-rwm-online_picard,1024,20,all_invocations,analyzed,valid,,5.240557199995237,5.240557199995237,"{""attempts_missing_call_return"":0,""complete_seconds"":5.240557199995237,""cost_scope"":""All coordinator calls, including additional verification; operational consumption, not standardized time-to-inference"",""known_seconds"":5.240557199995237,""prior_interruption_known_seconds"":0.0,""recorded_measurements"":2,""unknown_measurements"":0,""unknown_time_imputed"":false}"
e8ef3f5312c0315334e4f19d,posterior,cpu-rwm-sequential,4096,21,ordinary_workflow,analyzed,valid,,3.3970308999996632,3.3970308999996632,"{""attempts_missing_call_return"":0,""complete_seconds"":3.3970308999996632,""cost_scope"":""Sum ordinary subprocess creation-through-exit wall over every registered actual attempt; includes ordinary output/diagnostics, excludes outer audit and inter-call waiting"",""known_seconds"":3.3970308999996632,""prior_interruption_known_seconds"":0.0,""recorded_measurements"":1,""unknown_measurements"":0,""unknown_time_imputed"":false}"
e8ef3f5312c0315334e4f19d,posterior,cpu-rwm-sequential,4096,21,research_execution,analyzed,valid,,5.910385700000916,5.910385700000916,"{""attempts_missing_call_return"":0,""complete_seconds"":5.910385700000916,""cost_scope"":""Sum all coordinator run/retry calls except completed verification-only returns; includes recorded refusals/recovery/audit/sealing; excludes ledger writes, report observations and inter-call waiting"",""known_seconds"":5.910385700000916,""prior_interruption_known_seconds"":0.0,""recorded_measurements"":1,""unknown_measurements"":0,""unknown_time_imputed"":false}"
e8ef3f5312c0315334e4f19d,posterior,cpu-rwm-sequential,4096,21,additional_verification,analyzed,valid,,0.14418250000016997,0.14418250000016997,"{""attempts_missing_call_return"":0,""complete_seconds"":0.14418250000016997,""cost_scope"":""Completed coordinator calls returning newly_executed=false; kept outside primary execution cost"",""known_seconds"":0.14418250000016997,""prior_interruption_known_seconds"":0.0,""recorded_measurements"":1,""unknown_measurements"":0,""unknown_time_imputed"":false}"
e8ef3f5312c0315334e4f19d,posterior,cpu-rwm-sequential,4096,21,all_invocations,analyzed,valid,,6.054568200001086,6.054568200001086,"{""attempts_missing_call_return"":0,""complete_seconds"":6.054568200001086,""cost_scope"":""All coordinator calls, including additional verification; operational consumption, not standardized time-to-inference"",""known_seconds"":6.054568200001086,""prior_interruption_known_seconds"":0.0,""recorded_measurements"":2,""unknown_measurements"":0,""unknown_time_imputed"":false}"
31e2a19d9af5ee2d70f2ecb0,posterior,cpu-nuts-spawn_chains,4096,21,ordinary_workflow,analyzed,valid,,76.68772069999977,76.68772069999977,"{""attempts_missing_call_return"":0,""complete_seconds"":76.68772069999977,""cost_scope"":""Sum ordinary subprocess creation-through-exit wall over every registered actual attempt; includes ordinary output/diagnostics, excludes outer audit and inter-call waiting"",""known_seconds"":76.68772069999977,""prior_interruption_known_seconds"":0.0,""recorded_measurements"":1,""unknown_measurements"":0,""unknown_time_imputed"":false}"
31e2a19d9af5ee2d70f2ecb0,posterior,cpu-nuts-spawn_chains,4096,21,research_execution,analyzed,valid,,79.03506270000071,79.03506270000071,"{""attempts_missing_call_return"":0,""complete_seconds"":79.03506270000071,""cost_scope"":""Sum all coordinator run/retry calls except completed verification-only returns; includes recorded refusals/recovery/audit/sealing; excludes ledger writes, report observations and inter-call waiting"",""known_seconds"":79.03506270000071,""prior_interruption_known_seconds"":0.0,""recorded_measurements"":1,""unknown_measurements"":0,""unknown_time_imputed"":false}"
31e2a19d9af5ee2d70f2ecb0,posterior,cpu-nuts-spawn_chains,4096,21,additional_verification,analyzed,valid,,0.15017420000003767,0.15017420000003767,"{""attempts_missing_call_return"":0,""complete_seconds"":0.15017420000003767,""cost_scope"":""Completed coordinator calls returning newly_executed=false; kept outside primary execution cost"",""known_seconds"":0.15017420000003767,""prior_interruption_known_seconds"":0.0,""recorded_measurements"":1,""unknown_measurements"":0,""unknown_time_imputed"":false}"
31e2a19d9af5ee2d70f2ecb0,posterior,cpu-nuts-spawn_chains,4096,21,all_invocations,analyzed,valid,,79.18523690000075,79.18523690000075,"{""attempts_missing_call_return"":0,""complete_seconds"":79.18523690000075,""cost_scope"":""All coordinator calls, including additional verification; operational consumption, not standardized time-to-inference"",""known_seconds"":79.18523690000075,""prior_interruption_known_seconds"":0.0,""recorded_measurements"":2,""unknown_measurements"":0,""unknown_time_imputed"":false}"
55aa7ef81fd042833bebf555,posterior,cpu-mala-quasi_deer,4096,16,ordinary_workflow,analyzed,numerical_failure,,42.74814229999902,42.74814229999902,"{""attempts_missing_call_return"":0,""complete_seconds"":42.74814229999902,""cost_scope"":""Sum ordinary subprocess creation-through-exit wall over every registered actual attempt; includes ordinary output/diagnostics, excludes outer audit and inter-call waiting"",""known_seconds"":42.74814229999902,""prior_interruption_known_seconds"":0.0,""recorded_measurements"":1,""unknown_measurements"":0,""unknown_time_imputed"":false}"
55aa7ef81fd042833bebf555,posterior,cpu-mala-quasi_deer,4096,16,research_execution,analyzed,numerical_failure,,45.76032380000106,45.76032380000106,"{""attempts_missing_call_return"":0,""complete_seconds"":45.76032380000106,""cost_scope"":""Sum all coordinator run/retry calls except completed verification-only returns; includes recorded refusals/recovery/audit/sealing; excludes ledger writes, report observations and inter-call waiting"",""known_seconds"":45.76032380000106,""prior_interruption_known_seconds"":0.0,""recorded_measurements"":1,""unknown_measurements"":0,""unknown_time_imputed"":false}"
55aa7ef81fd042833bebf555,posterior,cpu-mala-quasi_deer,4096,16,additional_verification,analyzed,numerical_failure,,0.14981479999914882,0.14981479999914882,"{""attempts_missing_call_return"":0,""complete_seconds"":0.14981479999914882,""cost_scope"":""Completed coordinator calls returning newly_executed=false; kept outside primary execution cost"",""known_seconds"":0.14981479999914882,""prior_interruption_known_seconds"":0.0,""recorded_measurements"":1,""unknown_measurements"":0,""unknown_time_imputed"":false}"
55aa7ef81fd042833bebf555,posterior,cpu-mala-quasi_deer,4096,16,all_invocations,analyzed,numerical_failure,,45.91013860000021,45.91013860000021,"{""attempts_missing_call_return"":0,""complete_seconds"":45.91013860000021,""cost_scope"":""All coordinator calls, including additional verification; operational consumption, not standardized time-to-inference"",""known_seconds"":45.91013860000021,""prior_interruption_known_seconds"":0.0,""recorded_measurements"":2,""unknown_measurements"":0,""unknown_time_imputed"":false}"
df4701d3ca0e4bd300f68273,posterior,cpu-rwm-online_picard,4096,21,ordinary_workflow,analyzed,valid,,3.804844599999342,3.804844599999342,"{""attempts_missing_call_return"":0,""complete_seconds"":3.804844599999342,""cost_scope"":""Sum ordinary subprocess creation-through-exit wall over every registered actual attempt; includes ordinary output/diagnostics, excludes outer audit and inter-call waiting"",""known_seconds"":3.804844599999342,""prior_interruption_known_seconds"":0.0,""recorded_measurements"":1,""unknown_measurements"":0,""unknown_time_imputed"":false}"
df4701d3ca0e4bd300f68273,posterior,cpu-rwm-online_picard,4096,21,research_execution,analyzed,valid,,6.3507728000004136,6.3507728000004136,"{""attempts_missing_call_return"":0,""complete_seconds"":6.3507728000004136,""cost_scope"":""Sum all coordinator run/retry calls except completed verification-only returns; includes recorded refusals/recovery/audit/sealing; excludes ledger writes, report observations and inter-call waiting"",""known_seconds"":6.3507728000004136,""prior_interruption_known_seconds"":0.0,""recorded_measurements"":1,""unknown_measurements"":0,""unknown_time_imputed"":false}"
df4701d3ca0e4bd300f68273,posterior,cpu-rwm-online_picard,4096,21,additional_verification,analyzed,valid,,0.143861199998355,0.143861199998355,"{""attempts_missing_call_return"":0,""complete_seconds"":0.143861199998355,""cost_scope"":""Completed coordinator calls returning newly_executed=false; kept outside primary execution cost"",""known_seconds"":0.143861199998355,""prior_interruption_known_seconds"":0.0,""recorded_measurements"":1,""unknown_measurements"":0,""unknown_time_imputed"":false}"
df4701d3ca0e4bd300f68273,posterior,cpu-rwm-online_picard,4096,21,all_invocations,analyzed,valid,,6.494633999998769,6.494633999998769,"{""attempts_missing_call_return"":0,""complete_seconds"":6.494633999998769,""cost_scope"":""All coordinator calls, including additional verification; operational consumption, not standardized time-to-inference"",""known_seconds"":6.494633999998769,""prior_interruption_known_seconds"":0.0,""recorded_measurements"":2,""unknown_measurements"":0,""unknown_time_imputed"":false}"
2b196129395195ab9baa1b86,posterior,cpu-mala-quasi_deer,4096,19,ordinary_workflow,analyzed,valid,,4.645725700000185,4.645725700000185,"{""attempts_missing_call_return"":0,""complete_seconds"":4.645725700000185,""cost_scope"":""Sum ordinary subprocess creation-through-exit wall over every registered actual attempt; includes ordinary output/diagnostics, excludes outer audit and inter-call waiting"",""known_seconds"":4.645725700000185,""prior_interruption_known_seconds"":0.0,""recorded_measurements"":1,""unknown_measurements"":0,""unknown_time_imputed"":false}"
2b196129395195ab9baa1b86,posterior,cpu-mala-quasi_deer,4096,19,research_execution,analyzed,valid,,7.43690979999883,7.43690979999883,"{""attempts_missing_call_return"":0,""complete_seconds"":7.43690979999883,""cost_scope"":""Sum all coordinator run/retry calls except completed verification-only returns; includes recorded refusals/recovery/audit/sealing; excludes ledger writes, report observations and inter-call waiting"",""known_seconds"":7.43690979999883,""prior_interruption_known_seconds"":0.0,""recorded_measurements"":1,""unknown_measurements"":0,""unknown_time_imputed"":false}"
2b196129395195ab9baa1b86,posterior,cpu-mala-quasi_deer,4096,19,additional_verification,analyzed,valid,,0.14407769999888842,0.14407769999888842,"{""attempts_missing_call_return"":0,""complete_seconds"":0.14407769999888842,""cost_scope"":""Completed coordinator calls returning newly_executed=false; kept outside primary execution cost"",""known_seconds"":0.14407769999888842,""prior_interruption_known_seconds"":0.0,""recorded_measurements"":1,""unknown_measurements"":0,""unknown_time_imputed"":false}"
2b196129395195ab9baa1b86,posterior,cpu-mala-quasi_deer,4096,19,all_invocations,analyzed,valid,,7.580987499997718,7.580987499997718,"{""attempts_missing_call_return"":0,""complete_seconds"":7.580987499997718,""cost_scope"":""All coordinator calls, including additional verification; operational consumption, not standardized time-to-inference"",""known_seconds"":7.580987499997718,""prior_interruption_known_seconds"":0.0,""recorded_measurements"":2,""unknown_measurements"":0,""unknown_time_imputed"":false}"
c07a791a6ccea440caf436ba,posterior,cpu-nuts-spawn_chains,4096,19,ordinary_workflow,analyzed,valid,,199.93249279999873,199.93249279999873,"{""attempts_missing_call_return"":0,""complete_seconds"":199.93249279999873,""cost_scope"":""Sum ordinary subprocess creation-through-exit wall over every registered actual attempt; includes ordinary output/diagnostics, excludes outer audit and inter-call waiting"",""known_seconds"":199.93249279999873,""prior_interruption_known_seconds"":0.0,""recorded_measurements"":1,""unknown_measurements"":0,""unknown_time_imputed"":false}"
c07a791a6ccea440caf436ba,posterior,cpu-nuts-spawn_chains,4096,19,research_execution,analyzed,valid,,202.08984599999894,202.08984599999894,"{""attempts_missing_call_return"":0,""complete_seconds"":202.08984599999894,""cost_scope"":""Sum all coordinator run/retry calls except completed verification-only returns; includes recorded refusals/recovery/audit/sealing; excludes ledger writes, report observations and inter-call waiting"",""known_seconds"":202.08984599999894,""prior_interruption_known_seconds"":0.0,""recorded_measurements"":1,""unknown_measurements"":0,""unknown_time_imputed"":false}"
c07a791a6ccea440caf436ba,posterior,cpu-nuts-spawn_chains,4096,19,additional_verification,analyzed,valid,,0.15309790000173962,0.15309790000173962,"{""attempts_missing_call_return"":0,""complete_seconds"":0.15309790000173962,""cost_scope"":""Completed coordinator calls returning newly_executed=false; kept outside primary execution cost"",""known_seconds"":0.15309790000173962,""prior_interruption_known_seconds"":0.0,""recorded_measurements"":1,""unknown_measurements"":0,""unknown_time_imputed"":false}"
c07a791a6ccea440caf436ba,posterior,cpu-nuts-spawn_chains,4096,19,all_invocations,analyzed,valid,,202.24294390000068,202.24294390000068,"{""attempts_missing_call_return"":0,""complete_seconds"":202.24294390000068,""cost_scope"":""All coordinator calls, including additional verification; operational consumption, not standardized time-to-inference"",""known_seconds"":202.24294390000068,""prior_interruption_known_seconds"":0.0,""recorded_measurements"":2,""unknown_measurements"":0,""unknown_time_imputed"":false}"
9d3aba50d622f0831781c35c,posterior,cpu-mala-sequential,1024,19,ordinary_workflow,analyzed,valid,,4.861966000000393,4.861966000000393,"{""attempts_missing_call_return"":0,""complete_seconds"":4.861966000000393,""cost_scope"":""Sum ordinary subprocess creation-through-exit wall over every registered actual attempt; includes ordinary output/diagnostics, excludes outer audit and inter-call waiting"",""known_seconds"":4.861966000000393,""prior_interruption_known_seconds"":0.0,""recorded_measurements"":1,""unknown_measurements"":0,""unknown_time_imputed"":false}"
9d3aba50d622f0831781c35c,posterior,cpu-mala-sequential,1024,19,research_execution,analyzed,valid,,7.286479000002146,7.286479000002146,"{""attempts_missing_call_return"":0,""complete_seconds"":7.286479000002146,""cost_scope"":""Sum all coordinator run/retry calls except completed verification-only returns; includes recorded refusals/recovery/audit/sealing; excludes ledger writes, report observations and inter-call waiting"",""known_seconds"":7.286479000002146,""prior_interruption_known_seconds"":0.0,""recorded_measurements"":1,""unknown_measurements"":0,""unknown_time_imputed"":false}"
9d3aba50d622f0831781c35c,posterior,cpu-mala-sequential,1024,19,additional_verification,analyzed,valid,,0.1421252000000095,0.1421252000000095,"{""attempts_missing_call_return"":0,""complete_seconds"":0.1421252000000095,""cost_scope"":""Completed coordinator calls returning newly_executed=false; kept outside primary execution cost"",""known_seconds"":0.1421252000000095,""prior_interruption_known_seconds"":0.0,""recorded_measurements"":1,""unknown_measurements"":0,""unknown_time_imputed"":false}"
9d3aba50d622f0831781c35c,posterior,cpu-mala-sequential,1024,19,all_invocations,analyzed,valid,,7.428604200002155,7.428604200002155,"{""attempts_missing_call_return"":0,""complete_seconds"":7.428604200002155,""cost_scope"":""All coordinator calls, including additional verification; operational consumption, not standardized time-to-inference"",""known_seconds"":7.428604200002155,""prior_interruption_known_seconds"":0.0,""recorded_measurements"":2,""unknown_measurements"":0,""unknown_time_imputed"":false}"
d0a493bbe723740b071624c7,posterior,cuda-mala-sequential,1024,19,ordinary_workflow,analyzed,valid,,9.139202399997885,9.139202399997885,"{""attempts_missing_call_return"":0,""complete_seconds"":9.139202399997885,""cost_scope"":""Sum ordinary subprocess creation-through-exit wall over every registered actual attempt; includes ordinary output/diagnostics, excludes outer audit and inter-call waiting"",""known_seconds"":9.139202399997885,""prior_interruption_known_seconds"":0.0,""recorded_measurements"":1,""unknown_measurements"":0,""unknown_time_imputed"":false}"
d0a493bbe723740b071624c7,posterior,cuda-mala-sequential,1024,19,research_execution,analyzed,valid,,11.558495900000707,11.558495900000707,"{""attempts_missing_call_return"":0,""complete_seconds"":11.558495900000707,""cost_scope"":""Sum all coordinator run/retry calls except completed verification-only returns; includes recorded refusals/recovery/audit/sealing; excludes ledger writes, report observations and inter-call waiting"",""known_seconds"":11.558495900000707,""prior_interruption_known_seconds"":0.0,""recorded_measurements"":1,""unknown_measurements"":0,""unknown_time_imputed"":false}"
d0a493bbe723740b071624c7,posterior,cuda-mala-sequential,1024,19,additional_verification,analyzed,valid,,0.1441926000006788,0.1441926000006788,"{""attempts_missing_call_return"":0,""complete_seconds"":0.1441926000006788,""cost_scope"":""Completed coordinator calls returning newly_executed=false; kept outside primary execution cost"",""known_seconds"":0.1441926000006788,""prior_interruption_known_seconds"":0.0,""recorded_measurements"":1,""unknown_measurements"":0,""unknown_time_imputed"":false}"
d0a493bbe723740b071624c7,posterior,cuda-mala-sequential,1024,19,all_invocations,analyzed,valid,,11.702688500001386,11.702688500001386,"{""attempts_missing_call_return"":0,""complete_seconds"":11.702688500001386,""cost_scope"":""All coordinator calls, including additional verification; operational consumption, not standardized time-to-inference"",""known_seconds"":11.702688500001386,""prior_interruption_known_seconds"":0.0,""recorded_measurements"":2,""unknown_measurements"":0,""unknown_time_imputed"":false}"
65a9506693ecc7fd27d30afd,posterior,cuda-rwm-online_picard,1024,16,ordinary_workflow,analyzed,valid,,3.9111188999995647,3.9111188999995647,"{""attempts_missing_call_return"":0,""complete_seconds"":3.9111188999995647,""cost_scope"":""Sum ordinary subprocess creation-through-exit wall over every registered actual attempt; includes ordinary output/diagnostics, excludes outer audit and inter-call waiting"",""known_seconds"":3.9111188999995647,""prior_interruption_known_seconds"":0.0,""recorded_measurements"":1,""unknown_measurements"":0,""unknown_time_imputed"":false}"
65a9506693ecc7fd27d30afd,posterior,cuda-rwm-online_picard,1024,16,research_execution,analyzed,valid,,6.284208000000945,6.284208000000945,"{""attempts_missing_call_return"":0,""complete_seconds"":6.284208000000945,""cost_scope"":""Sum all coordinator run/retry calls except completed verification-only returns; includes recorded refusals/recovery/audit/sealing; excludes ledger writes, report observations and inter-call waiting"",""known_seconds"":6.284208000000945,""prior_interruption_known_seconds"":0.0,""recorded_measurements"":1,""unknown_measurements"":0,""unknown_time_imputed"":false}"
65a9506693ecc7fd27d30afd,posterior,cuda-rwm-online_picard,1024,16,additional_verification,analyzed,valid,,0.14289569999891683,0.14289569999891683,"{""attempts_missing_call_return"":0,""complete_seconds"":0.14289569999891683,""cost_scope"":""Completed coordinator calls returning newly_executed=false; kept outside primary execution cost"",""known_seconds"":0.14289569999891683,""prior_interruption_known_seconds"":0.0,""recorded_measurements"":1,""unknown_measurements"":0,""unknown_time_imputed"":false}"
65a9506693ecc7fd27d30afd,posterior,cuda-rwm-online_picard,1024,16,all_invocations,analyzed,valid,,6.427103699999861,6.427103699999861,"{""attempts_missing_call_return"":0,""complete_seconds"":6.427103699999861,""cost_scope"":""All coordinator calls, including additional verification; operational consumption, not standardized time-to-inference"",""known_seconds"":6.427103699999861,""prior_interruption_known_seconds"":0.0,""recorded_measurements"":2,""unknown_measurements"":0,""unknown_time_imputed"":false}"
fb1304f618662bb02320edfb,posterior,cuda-mala-sequential,4096,20,ordinary_workflow,analyzed,valid,,20.164869700001873,20.164869700001873,"{""attempts_missing_call_return"":0,""complete_seconds"":20.164869700001873,""cost_scope"":""Sum ordinary subprocess creation-through-exit wall over every registered actual attempt; includes ordinary output/diagnostics, excludes outer audit and inter-call waiting"",""known_seconds"":20.164869700001873,""prior_interruption_known_seconds"":0.0,""recorded_measurements"":1,""unknown_measurements"":0,""unknown_time_imputed"":false}"
fb1304f618662bb02320edfb,posterior,cuda-mala-sequential,4096,20,research_execution,analyzed,valid,,23.008900699998776,23.008900699998776,"{""attempts_missing_call_return"":0,""complete_seconds"":23.008900699998776,""cost_scope"":""Sum all coordinator run/retry calls except completed verification-only returns; includes recorded refusals/recovery/audit/sealing; excludes ledger writes, report observations and inter-call waiting"",""known_seconds"":23.008900699998776,""prior_interruption_known_seconds"":0.0,""recorded_measurements"":1,""unknown_measurements"":0,""unknown_time_imputed"":false}"
fb1304f618662bb02320edfb,posterior,cuda-mala-sequential,4096,20,additional_verification,analyzed,valid,,0.1460597000004782,0.1460597000004782,"{""attempts_missing_call_return"":0,""complete_seconds"":0.1460597000004782,""cost_scope"":""Completed coordinator calls returning newly_executed=false; kept outside primary execution cost"",""known_seconds"":0.1460597000004782,""prior_interruption_known_seconds"":0.0,""recorded_measurements"":1,""unknown_measurements"":0,""unknown_time_imputed"":false}"
fb1304f618662bb02320edfb,posterior,cuda-mala-sequential,4096,20,all_invocations,analyzed,valid,,23.154960399999254,23.154960399999254,"{""attempts_missing_call_return"":0,""complete_seconds"":23.154960399999254,""cost_scope"":""All coordinator calls, including additional verification; operational consumption, not standardized time-to-inference"",""known_seconds"":23.154960399999254,""prior_interruption_known_seconds"":0.0,""recorded_measurements"":2,""unknown_measurements"":0,""unknown_time_imputed"":false}"
fc84958badfe0ca2380d3ca2,posterior,cuda-rwm-sequential,1024,20,ordinary_workflow,analyzed,valid,,3.71832159999758,3.71832159999758,"{""attempts_missing_call_return"":0,""complete_seconds"":3.71832159999758,""cost_scope"":""Sum ordinary subprocess creation-through-exit wall over every registered actual attempt; includes ordinary output/diagnostics, excludes outer audit and inter-call waiting"",""known_seconds"":3.71832159999758,""prior_interruption_known_seconds"":0.0,""recorded_measurements"":1,""unknown_measurements"":0,""unknown_time_imputed"":false}"
fc84958badfe0ca2380d3ca2,posterior,cuda-rwm-sequential,1024,20,research_execution,analyzed,valid,,6.069838700001128,6.069838700001128,"{""attempts_missing_call_return"":0,""complete_seconds"":6.069838700001128,""cost_scope"":""Sum all coordinator run/retry calls except completed verification-only returns; includes recorded refusals/recovery/audit/sealing; excludes ledger writes, report observations and inter-call waiting"",""known_seconds"":6.069838700001128,""prior_interruption_known_seconds"":0.0,""recorded_measurements"":1,""unknown_measurements"":0,""unknown_time_imputed"":false}"
fc84958badfe0ca2380d3ca2,posterior,cuda-rwm-sequential,1024,20,additional_verification,analyzed,valid,,0.14559310000186088,0.14559310000186088,"{""attempts_missing_call_return"":0,""complete_seconds"":0.14559310000186088,""cost_scope"":""Completed coordinator calls returning newly_executed=false; kept outside primary execution cost"",""known_seconds"":0.14559310000186088,""prior_interruption_known_seconds"":0.0,""recorded_measurements"":1,""unknown_measurements"":0,""unknown_time_imputed"":false}"
fc84958badfe0ca2380d3ca2,posterior,cuda-rwm-sequential,1024,20,all_invocations,analyzed,valid,,6.215431800002989,6.215431800002989,"{""attempts_missing_call_return"":0,""complete_seconds"":6.215431800002989,""cost_scope"":""All coordinator calls, including additional verification; operational consumption, not standardized time-to-inference"",""known_seconds"":6.215431800002989,""prior_interruption_known_seconds"":0.0,""recorded_measurements"":2,""unknown_measurements"":0,""unknown_time_imputed"":false}"
5a5602ff8a43681904195cba,posterior,cuda-rwm-online_picard,4096,19,ordinary_workflow,analyzed,valid,,7.176758300000074,7.176758300000074,"{""attempts_missing_call_return"":0,""complete_seconds"":7.176758300000074,""cost_scope"":""Sum ordinary subprocess creation-through-exit wall over every registered actual attempt; includes ordinary output/diagnostics, excludes outer audit and inter-call waiting"",""known_seconds"":7.176758300000074,""prior_interruption_known_seconds"":0.0,""recorded_measurements"":1,""unknown_measurements"":0,""unknown_time_imputed"":false}"
5a5602ff8a43681904195cba,posterior,cuda-rwm-online_picard,4096,19,research_execution,analyzed,valid,,9.731261499997345,9.731261499997345,"{""attempts_missing_call_return"":0,""complete_seconds"":9.731261499997345,""cost_scope"":""Sum all coordinator run/retry calls except completed verification-only returns; includes recorded refusals/recovery/audit/sealing; excludes ledger writes, report observations and inter-call waiting"",""known_seconds"":9.731261499997345,""prior_interruption_known_seconds"":0.0,""recorded_measurements"":1,""unknown_measurements"":0,""unknown_time_imputed"":false}"
5a5602ff8a43681904195cba,posterior,cuda-rwm-online_picard,4096,19,additional_verification,analyzed,valid,,0.1476022999995621,0.1476022999995621,"{""attempts_missing_call_return"":0,""complete_seconds"":0.1476022999995621,""cost_scope"":""Completed coordinator calls returning newly_executed=false; kept outside primary execution cost"",""known_seconds"":0.1476022999995621,""prior_interruption_known_seconds"":0.0,""recorded_measurements"":1,""unknown_measurements"":0,""unknown_time_imputed"":false}"
5a5602ff8a43681904195cba,posterior,cuda-rwm-online_picard,4096,19,all_invocations,analyzed,valid,,9.878863799996907,9.878863799996907,"{""attempts_missing_call_return"":0,""complete_seconds"":9.878863799996907,""cost_scope"":""All coordinator calls, including additional verification; operational consumption, not standardized time-to-inference"",""known_seconds"":9.878863799996907,""prior_interruption_known_seconds"":0.0,""recorded_measurements"":2,""unknown_measurements"":0,""unknown_time_imputed"":false}"
8ea7701b3f2be604cf9fbb2a,posterior,cuda-rwm-online_picard,1024,20,ordinary_workflow,analyzed,valid,,3.847986900000251,3.847986900000251,"{""attempts_missing_call_return"":0,""complete_seconds"":3.847986900000251,""cost_scope"":""Sum ordinary subprocess creation-through-exit wall over every registered actual attempt; includes ordinary output/diagnostics, excludes outer audit and inter-call waiting"",""known_seconds"":3.847986900000251,""prior_interruption_known_seconds"":0.0,""recorded_measurements"":1,""unknown_measurements"":0,""unknown_time_imputed"":false}"
8ea7701b3f2be604cf9fbb2a,posterior,cuda-rwm-online_picard,1024,20,research_execution,analyzed,valid,,6.048569300000963,6.048569300000963,"{""attempts_missing_call_return"":0,""complete_seconds"":6.048569300000963,""cost_scope"":""Sum all coordinator run/retry calls except completed verification-only returns; includes recorded refusals/recovery/audit/sealing; excludes ledger writes, report observations and inter-call waiting"",""known_seconds"":6.048569300000963,""prior_interruption_known_seconds"":0.0,""recorded_measurements"":1,""unknown_measurements"":0,""unknown_time_imputed"":false}"
8ea7701b3f2be604cf9fbb2a,posterior,cuda-rwm-online_picard,1024,20,additional_verification,analyzed,valid,,0.14486309999847435,0.14486309999847435,"{""attempts_missing_call_return"":0,""complete_seconds"":0.14486309999847435,""cost_scope"":""Completed coordinator calls returning newly_executed=false; kept outside primary execution cost"",""known_seconds"":0.14486309999847435,""prior_interruption_known_seconds"":0.0,""recorded_measurements"":1,""unknown_measurements"":0,""unknown_time_imputed"":false}"
8ea7701b3f2be604cf9fbb2a,posterior,cuda-rwm-online_picard,1024,20,all_invocations,analyzed,valid,,6.193432399999438,6.193432399999438,"{""attempts_missing_call_return"":0,""complete_seconds"":6.193432399999438,""cost_scope"":""All coordinator calls, including additional verification; operational consumption, not standardized time-to-inference"",""known_seconds"":6.193432399999438,""prior_interruption_known_seconds"":0.0,""recorded_measurements"":2,""unknown_measurements"":0,""unknown_time_imputed"":false}"
52a4c4c4e0b3d8fc6e3ea82e,posterior,cpu-mala-sequential,1024,21,ordinary_workflow,analyzed,valid,,4.70328309999968,4.70328309999968,"{""attempts_missing_call_return"":0,""complete_seconds"":4.70328309999968,""cost_scope"":""Sum ordinary subprocess creation-through-exit wall over every registered actual attempt; includes ordinary output/diagnostics, excludes outer audit and inter-call waiting"",""known_seconds"":4.70328309999968,""prior_interruption_known_seconds"":0.0,""recorded_measurements"":1,""unknown_measurements"":0,""unknown_time_imputed"":false}"
52a4c4c4e0b3d8fc6e3ea82e,posterior,cpu-mala-sequential,1024,21,research_execution,analyzed,valid,,7.043028300002334,7.043028300002334,"{""attempts_missing_call_return"":0,""complete_seconds"":7.043028300002334,""cost_scope"":""Sum all coordinator run/retry calls except completed verification-only returns; includes recorded refusals/recovery/audit/sealing; excludes ledger writes, report observations and inter-call waiting"",""known_seconds"":7.043028300002334,""prior_interruption_known_seconds"":0.0,""recorded_measurements"":1,""unknown_measurements"":0,""unknown_time_imputed"":false}"
52a4c4c4e0b3d8fc6e3ea82e,posterior,cpu-mala-sequential,1024,21,additional_verification,analyzed,valid,,0.14483219999965513,0.14483219999965513,"{""attempts_missing_call_return"":0,""complete_seconds"":0.14483219999965513,""cost_scope"":""Completed coordinator calls returning newly_executed=false; kept outside primary execution cost"",""known_seconds"":0.14483219999965513,""prior_interruption_known_seconds"":0.0,""recorded_measurements"":1,""unknown_measurements"":0,""unknown_time_imputed"":false}"
52a4c4c4e0b3d8fc6e3ea82e,posterior,cpu-mala-sequential,1024,21,all_invocations,analyzed,valid,,7.187860500001989,7.187860500001989,"{""attempts_missing_call_return"":0,""complete_seconds"":7.187860500001989,""cost_scope"":""All coordinator calls, including additional verification; operational consumption, not standardized time-to-inference"",""known_seconds"":7.187860500001989,""prior_interruption_known_seconds"":0.0,""recorded_measurements"":2,""unknown_measurements"":0,""unknown_time_imputed"":false}"
16a4d7ac895f86d179fe6a39,posterior,cpu-mala-quasi_deer,4096,17,ordinary_workflow,analyzed,numerical_failure,,45.88689440000235,45.88689440000235,"{""attempts_missing_call_return"":0,""complete_seconds"":45.88689440000235,""cost_scope"":""Sum ordinary subprocess creation-through-exit wall over every registered actual attempt; includes ordinary output/diagnostics, excludes outer audit and inter-call waiting"",""known_seconds"":45.88689440000235,""prior_interruption_known_seconds"":0.0,""recorded_measurements"":1,""unknown_measurements"":0,""unknown_time_imputed"":false}"
16a4d7ac895f86d179fe6a39,posterior,cpu-mala-quasi_deer,4096,17,research_execution,analyzed,numerical_failure,,48.67121540000153,48.67121540000153,"{""attempts_missing_call_return"":0,""complete_seconds"":48.67121540000153,""cost_scope"":""Sum all coordinator run/retry calls except completed verification-only returns; includes recorded refusals/recovery/audit/sealing; excludes ledger writes, report observations and inter-call waiting"",""known_seconds"":48.67121540000153,""prior_interruption_known_seconds"":0.0,""recorded_measurements"":1,""unknown_measurements"":0,""unknown_time_imputed"":false}"
16a4d7ac895f86d179fe6a39,posterior,cpu-mala-quasi_deer,4096,17,additional_verification,analyzed,numerical_failure,,0.14715660000001662,0.14715660000001662,"{""attempts_missing_call_return"":0,""complete_seconds"":0.14715660000001662,""cost_scope"":""Completed coordinator calls returning newly_executed=false; kept outside primary execution cost"",""known_seconds"":0.14715660000001662,""prior_interruption_known_seconds"":0.0,""recorded_measurements"":1,""unknown_measurements"":0,""unknown_time_imputed"":false}"
16a4d7ac895f86d179fe6a39,posterior,cpu-mala-quasi_deer,4096,17,all_invocations,analyzed,numerical_failure,,48.818372000001546,48.818372000001546,"{""attempts_missing_call_return"":0,""complete_seconds"":48.818372000001546,""cost_scope"":""All coordinator calls, including additional verification; operational consumption, not standardized time-to-inference"",""known_seconds"":48.818372000001546,""prior_interruption_known_seconds"":0.0,""recorded_measurements"":2,""unknown_measurements"":0,""unknown_time_imputed"":false}"
b82bb63e6eb3b4bbd069b4c0,posterior,cuda-rwm-sequential,4096,23,ordinary_workflow,analyzed,valid,,6.916229399997974,6.916229399997974,"{""attempts_missing_call_return"":0,""complete_seconds"":6.916229399997974,""cost_scope"":""Sum ordinary subprocess creation-through-exit wall over every registered actual attempt; includes ordinary output/diagnostics, excludes outer audit and inter-call waiting"",""known_seconds"":6.916229399997974,""prior_interruption_known_seconds"":0.0,""recorded_measurements"":1,""unknown_measurements"":0,""unknown_time_imputed"":false}"
b82bb63e6eb3b4bbd069b4c0,posterior,cuda-rwm-sequential,4096,23,research_execution,analyzed,valid,,9.25403759999972,9.25403759999972,"{""attempts_missing_call_return"":0,""complete_seconds"":9.25403759999972,""cost_scope"":""Sum all coordinator run/retry calls except completed verification-only returns; includes recorded refusals/recovery/audit/sealing; excludes ledger writes, report observations and inter-call waiting"",""known_seconds"":9.25403759999972,""prior_interruption_known_seconds"":0.0,""recorded_measurements"":1,""unknown_measurements"":0,""unknown_time_imputed"":false}"
b82bb63e6eb3b4bbd069b4c0,posterior,cuda-rwm-sequential,4096,23,additional_verification,analyzed,valid,,0.14504369999849587,0.14504369999849587,"{""attempts_missing_call_return"":0,""complete_seconds"":0.14504369999849587,""cost_scope"":""Completed coordinator calls returning newly_executed=false; kept outside primary execution cost"",""known_seconds"":0.14504369999849587,""prior_interruption_known_seconds"":0.0,""recorded_measurements"":1,""unknown_measurements"":0,""unknown_time_imputed"":false}"
b82bb63e6eb3b4bbd069b4c0,posterior,cuda-rwm-sequential,4096,23,all_invocations,analyzed,valid,,9.399081299998215,9.399081299998215,"{""attempts_missing_call_return"":0,""complete_seconds"":9.399081299998215,""cost_scope"":""All coordinator calls, including additional verification; operational consumption, not standardized time-to-inference"",""known_seconds"":9.399081299998215,""prior_interruption_known_seconds"":0.0,""recorded_measurements"":2,""unknown_measurements"":0,""unknown_time_imputed"":false}"
fc5121c6ee5feb6b90b573f3,posterior,cuda-mala-quasi_deer,4096,21,ordinary_workflow,analyzed,numerical_failure,,65.33972859999994,65.33972859999994,"{""attempts_missing_call_return"":0,""complete_seconds"":65.33972859999994,""cost_scope"":""Sum ordinary subprocess creation-through-exit wall over every registered actual attempt; includes ordinary output/diagnostics, excludes outer audit and inter-call waiting"",""known_seconds"":65.33972859999994,""prior_interruption_known_seconds"":0.0,""recorded_measurements"":1,""unknown_measurements"":0,""unknown_time_imputed"":false}"
fc5121c6ee5feb6b90b573f3,posterior,cuda-mala-quasi_deer,4096,21,research_execution,analyzed,numerical_failure,,68.30629620000036,68.30629620000036,"{""attempts_missing_call_return"":0,""complete_seconds"":68.30629620000036,""cost_scope"":""Sum all coordinator run/retry calls except completed verification-only returns; includes recorded refusals/recovery/audit/sealing; excludes ledger writes, report observations and inter-call waiting"",""known_seconds"":68.30629620000036,""prior_interruption_known_seconds"":0.0,""recorded_measurements"":1,""unknown_measurements"":0,""unknown_time_imputed"":false}"
fc5121c6ee5feb6b90b573f3,posterior,cuda-mala-quasi_deer,4096,21,additional_verification,analyzed,numerical_failure,,0.14752819999921485,0.14752819999921485,"{""attempts_missing_call_return"":0,""complete_seconds"":0.14752819999921485,""cost_scope"":""Completed coordinator calls returning newly_executed=false; kept outside primary execution cost"",""known_seconds"":0.14752819999921485,""prior_interruption_known_seconds"":0.0,""recorded_measurements"":1,""unknown_measurements"":0,""unknown_time_imputed"":false}"
fc5121c6ee5feb6b90b573f3,posterior,cuda-mala-quasi_deer,4096,21,all_invocations,analyzed,numerical_failure,,68.45382439999958,68.45382439999958,"{""attempts_missing_call_return"":0,""complete_seconds"":68.45382439999958,""cost_scope"":""All coordinator calls, including additional verification; operational consumption, not standardized time-to-inference"",""known_seconds"":68.45382439999958,""prior_interruption_known_seconds"":0.0,""recorded_measurements"":2,""unknown_measurements"":0,""unknown_time_imputed"":false}"
56a484d6646a18458585f06f,posterior,cpu-rwm-online_picard,1024,16,ordinary_workflow,analyzed,valid,,2.7204915000002075,2.7204915000002075,"{""attempts_missing_call_return"":0,""complete_seconds"":2.7204915000002075,""cost_scope"":""Sum ordinary subprocess creation-through-exit wall over every registered actual attempt; includes ordinary output/diagnostics, excludes outer audit and inter-call waiting"",""known_seconds"":2.7204915000002075,""prior_interruption_known_seconds"":0.0,""recorded_measurements"":1,""unknown_measurements"":0,""unknown_time_imputed"":false}"
56a484d6646a18458585f06f,posterior,cpu-rwm-online_picard,1024,16,research_execution,analyzed,valid,,5.08224269999846,5.08224269999846,"{""attempts_missing_call_return"":0,""complete_seconds"":5.08224269999846,""cost_scope"":""Sum all coordinator run/retry calls except completed verification-only returns; includes recorded refusals/recovery/audit/sealing; excludes ledger writes, report observations and inter-call waiting"",""known_seconds"":5.08224269999846,""prior_interruption_known_seconds"":0.0,""recorded_measurements"":1,""unknown_measurements"":0,""unknown_time_imputed"":false}"
56a484d6646a18458585f06f,posterior,cpu-rwm-online_picard,1024,16,additional_verification,analyzed,valid,,0.14497399999891059,0.14497399999891059,"{""attempts_missing_call_return"":0,""complete_seconds"":0.14497399999891059,""cost_scope"":""Completed coordinator calls returning newly_executed=false; kept outside primary execution cost"",""known_seconds"":0.14497399999891059,""prior_interruption_known_seconds"":0.0,""recorded_measurements"":1,""unknown_measurements"":0,""unknown_time_imputed"":false}"
56a484d6646a18458585f06f,posterior,cpu-rwm-online_picard,1024,16,all_invocations,analyzed,valid,,5.227216699997371,5.227216699997371,"{""attempts_missing_call_return"":0,""complete_seconds"":5.227216699997371,""cost_scope"":""All coordinator calls, including additional verification; operational consumption, not standardized time-to-inference"",""known_seconds"":5.227216699997371,""prior_interruption_known_seconds"":0.0,""recorded_measurements"":2,""unknown_measurements"":0,""unknown_time_imputed"":false}"
3b137b12ee1c6bd21c7e081b,posterior,cpu-rwm-online_picard,4096,17,ordinary_workflow,analyzed,valid,,3.9219344000011915,3.9219344000011915,"{""attempts_missing_call_return"":0,""complete_seconds"":3.9219344000011915,""cost_scope"":""Sum ordinary subprocess creation-through-exit wall over every registered actual attempt; includes ordinary output/diagnostics, excludes outer audit and inter-call waiting"",""known_seconds"":3.9219344000011915,""prior_interruption_known_seconds"":0.0,""recorded_measurements"":1,""unknown_measurements"":0,""unknown_time_imputed"":false}"
3b137b12ee1c6bd21c7e081b,posterior,cpu-rwm-online_picard,4096,17,research_execution,analyzed,valid,,6.37078780000229,6.37078780000229,"{""attempts_missing_call_return"":0,""complete_seconds"":6.37078780000229,""cost_scope"":""Sum all coordinator run/retry calls except completed verification-only returns; includes recorded refusals/recovery/audit/sealing; excludes ledger writes, report observations and inter-call waiting"",""known_seconds"":6.37078780000229,""prior_interruption_known_seconds"":0.0,""recorded_measurements"":1,""unknown_measurements"":0,""unknown_time_imputed"":false}"
3b137b12ee1c6bd21c7e081b,posterior,cpu-rwm-online_picard,4096,17,additional_verification,analyzed,valid,,0.14634519999890472,0.14634519999890472,"{""attempts_missing_call_return"":0,""complete_seconds"":0.14634519999890472,""cost_scope"":""Completed coordinator calls returning newly_executed=false; kept outside primary execution cost"",""known_seconds"":0.14634519999890472,""prior_interruption_known_seconds"":0.0,""recorded_measurements"":1,""unknown_measurements"":0,""unknown_time_imputed"":false}"
3b137b12ee1c6bd21c7e081b,posterior,cpu-rwm-online_picard,4096,17,all_invocations,analyzed,valid,,6.517133000001195,6.517133000001195,"{""attempts_missing_call_return"":0,""complete_seconds"":6.517133000001195,""cost_scope"":""All coordinator calls, including additional verification; operational consumption, not standardized time-to-inference"",""known_seconds"":6.517133000001195,""prior_interruption_known_seconds"":0.0,""recorded_measurements"":2,""unknown_measurements"":0,""unknown_time_imputed"":false}"
35ffd6ce075a0646e889f87a,posterior,cuda-rwm-online_picard,4096,20,ordinary_workflow,analyzed,valid,,7.601794499998505,7.601794499998505,"{""attempts_missing_call_return"":0,""complete_seconds"":7.601794499998505,""cost_scope"":""Sum ordinary subprocess creation-through-exit wall over every registered actual attempt; includes ordinary output/diagnostics, excludes outer audit and inter-call waiting"",""known_seconds"":7.601794499998505,""prior_interruption_known_seconds"":0.0,""recorded_measurements"":1,""unknown_measurements"":0,""unknown_time_imputed"":false}"
35ffd6ce075a0646e889f87a,posterior,cuda-rwm-online_picard,4096,20,research_execution,analyzed,valid,,9.949724899997818,9.949724899997818,"{""attempts_missing_call_return"":0,""complete_seconds"":9.949724899997818,""cost_scope"":""Sum all coordinator run/retry calls except completed verification-only returns; includes recorded refusals/recovery/audit/sealing; excludes ledger writes, report observations and inter-call waiting"",""known_seconds"":9.949724899997818,""prior_interruption_known_seconds"":0.0,""recorded_measurements"":1,""unknown_measurements"":0,""unknown_time_imputed"":false}"
35ffd6ce075a0646e889f87a,posterior,cuda-rwm-online_picard,4096,20,additional_verification,analyzed,valid,,0.1499502999977267,0.1499502999977267,"{""attempts_missing_call_return"":0,""complete_seconds"":0.1499502999977267,""cost_scope"":""Completed coordinator calls returning newly_executed=false; kept outside primary execution cost"",""known_seconds"":0.1499502999977267,""prior_interruption_known_seconds"":0.0,""recorded_measurements"":1,""unknown_measurements"":0,""unknown_time_imputed"":false}"
35ffd6ce075a0646e889f87a,posterior,cuda-rwm-online_picard,4096,20,all_invocations,analyzed,valid,,10.099675199995545,10.099675199995545,"{""attempts_missing_call_return"":0,""complete_seconds"":10.099675199995545,""cost_scope"":""All coordinator calls, including additional verification; operational consumption, not standardized time-to-inference"",""known_seconds"":10.099675199995545,""prior_interruption_known_seconds"":0.0,""recorded_measurements"":2,""unknown_measurements"":0,""unknown_time_imputed"":false}"
f994da7a8220d21cdaf5d242,posterior,cpu-nuts-spawn_chains,1024,20,ordinary_workflow,analyzed,valid,,32.17290380000122,32.17290380000122,"{""attempts_missing_call_return"":0,""complete_seconds"":32.17290380000122,""cost_scope"":""Sum ordinary subprocess creation-through-exit wall over every registered actual attempt; includes ordinary output/diagnostics, excludes outer audit and inter-call waiting"",""known_seconds"":32.17290380000122,""prior_interruption_known_seconds"":0.0,""recorded_measurements"":1,""unknown_measurements"":0,""unknown_time_imputed"":false}"
f994da7a8220d21cdaf5d242,posterior,cpu-nuts-spawn_chains,1024,20,research_execution,analyzed,valid,,34.43067760000122,34.43067760000122,"{""attempts_missing_call_return"":0,""complete_seconds"":34.43067760000122,""cost_scope"":""Sum all coordinator run/retry calls except completed verification-only returns; includes recorded refusals/recovery/audit/sealing; excludes ledger writes, report observations and inter-call waiting"",""known_seconds"":34.43067760000122,""prior_interruption_known_seconds"":0.0,""recorded_measurements"":1,""unknown_measurements"":0,""unknown_time_imputed"":false}"
f994da7a8220d21cdaf5d242,posterior,cpu-nuts-spawn_chains,1024,20,additional_verification,analyzed,valid,,0.14681230000132928,0.14681230000132928,"{""attempts_missing_call_return"":0,""complete_seconds"":0.14681230000132928,""cost_scope"":""Completed coordinator calls returning newly_executed=false; kept outside primary execution cost"",""known_seconds"":0.14681230000132928,""prior_interruption_known_seconds"":0.0,""recorded_measurements"":1,""unknown_measurements"":0,""unknown_time_imputed"":false}"
f994da7a8220d21cdaf5d242,posterior,cpu-nuts-spawn_chains,1024,20,all_invocations,analyzed,valid,,34.57748990000255,34.57748990000255,"{""attempts_missing_call_return"":0,""complete_seconds"":34.57748990000255,""cost_scope"":""All coordinator calls, including additional verification; operational consumption, not standardized time-to-inference"",""known_seconds"":34.57748990000255,""prior_interruption_known_seconds"":0.0,""recorded_measurements"":2,""unknown_measurements"":0,""unknown_time_imputed"":false}"
ca8c0331efbec2f294276716,posterior,cpu-mala-quasi_deer,1024,16,ordinary_workflow,analyzed,numerical_failure,,16.054609699996945,16.054609699996945,"{""attempts_missing_call_return"":0,""complete_seconds"":16.054609699996945,""cost_scope"":""Sum ordinary subprocess creation-through-exit wall over every registered actual attempt; includes ordinary output/diagnostics, excludes outer audit and inter-call waiting"",""known_seconds"":16.054609699996945,""prior_interruption_known_seconds"":0.0,""recorded_measurements"":1,""unknown_measurements"":0,""unknown_time_imputed"":false}"
ca8c0331efbec2f294276716,posterior,cpu-mala-quasi_deer,1024,16,research_execution,analyzed,numerical_failure,,18.513582899999165,18.513582899999165,"{""attempts_missing_call_return"":0,""complete_seconds"":18.513582899999165,""cost_scope"":""Sum all coordinator run/retry calls except completed verification-only returns; includes recorded refusals/recovery/audit/sealing; excludes ledger writes, report observations and inter-call waiting"",""known_seconds"":18.513582899999165,""prior_interruption_known_seconds"":0.0,""recorded_measurements"":1,""unknown_measurements"":0,""unknown_time_imputed"":false}"
ca8c0331efbec2f294276716,posterior,cpu-mala-quasi_deer,1024,16,additional_verification,analyzed,numerical_failure,,0.14331049999964307,0.14331049999964307,"{""attempts_missing_call_return"":0,""complete_seconds"":0.14331049999964307,""cost_scope"":""Completed coordinator calls returning newly_executed=false; kept outside primary execution cost"",""known_seconds"":0.14331049999964307,""prior_interruption_known_seconds"":0.0,""recorded_measurements"":1,""unknown_measurements"":0,""unknown_time_imputed"":false}"
ca8c0331efbec2f294276716,posterior,cpu-mala-quasi_deer,1024,16,all_invocations,analyzed,numerical_failure,,18.656893399998808,18.656893399998808,"{""attempts_missing_call_return"":0,""complete_seconds"":18.656893399998808,""cost_scope"":""All coordinator calls, including additional verification; operational consumption, not standardized time-to-inference"",""known_seconds"":18.656893399998808,""prior_interruption_known_seconds"":0.0,""recorded_measurements"":2,""unknown_measurements"":0,""unknown_time_imputed"":false}"
174186e890001e858aeb8335,posterior,cuda-mala-sequential,4096,23,ordinary_workflow,analyzed,valid,,20.972786899998027,20.972786899998027,"{""attempts_missing_call_return"":0,""complete_seconds"":20.972786899998027,""cost_scope"":""Sum ordinary subprocess creation-through-exit wall over every registered actual attempt; includes ordinary output/diagnostics, excludes outer audit and inter-call waiting"",""known_seconds"":20.972786899998027,""prior_interruption_known_seconds"":0.0,""recorded_measurements"":1,""unknown_measurements"":0,""unknown_time_imputed"":false}"
174186e890001e858aeb8335,posterior,cuda-mala-sequential,4096,23,research_execution,analyzed,valid,,23.97293659999923,23.97293659999923,"{""attempts_missing_call_return"":0,""complete_seconds"":23.97293659999923,""cost_scope"":""Sum all coordinator run/retry calls except completed verification-only returns; includes recorded refusals/recovery/audit/sealing; excludes ledger writes, report observations and inter-call waiting"",""known_seconds"":23.97293659999923,""prior_interruption_known_seconds"":0.0,""recorded_measurements"":1,""unknown_measurements"":0,""unknown_time_imputed"":false}"
174186e890001e858aeb8335,posterior,cuda-mala-sequential,4096,23,additional_verification,analyzed,valid,,0.14944850000028964,0.14944850000028964,"{""attempts_missing_call_return"":0,""complete_seconds"":0.14944850000028964,""cost_scope"":""Completed coordinator calls returning newly_executed=false; kept outside primary execution cost"",""known_seconds"":0.14944850000028964,""prior_interruption_known_seconds"":0.0,""recorded_measurements"":1,""unknown_measurements"":0,""unknown_time_imputed"":false}"
174186e890001e858aeb8335,posterior,cuda-mala-sequential,4096,23,all_invocations,analyzed,valid,,24.12238509999952,24.12238509999952,"{""attempts_missing_call_return"":0,""complete_seconds"":24.12238509999952,""cost_scope"":""All coordinator calls, including additional verification; operational consumption, not standardized time-to-inference"",""known_seconds"":24.12238509999952,""prior_interruption_known_seconds"":0.0,""recorded_measurements"":2,""unknown_measurements"":0,""unknown_time_imputed"":false}"
361a69ce24b31212e897403e,posterior,cuda-mala-sequential,4096,19,ordinary_workflow,analyzed,valid,,20.403941299999133,20.403941299999133,"{""attempts_missing_call_return"":0,""complete_seconds"":20.403941299999133,""cost_scope"":""Sum ordinary subprocess creation-through-exit wall over every registered actual attempt; includes ordinary output/diagnostics, excludes outer audit and inter-call waiting"",""known_seconds"":20.403941299999133,""prior_interruption_known_seconds"":0.0,""recorded_measurements"":1,""unknown_measurements"":0,""unknown_time_imputed"":false}"
361a69ce24b31212e897403e,posterior,cuda-mala-sequential,4096,19,research_execution,analyzed,valid,,23.374964099999488,23.374964099999488,"{""attempts_missing_call_return"":0,""complete_seconds"":23.374964099999488,""cost_scope"":""Sum all coordinator run/retry calls except completed verification-only returns; includes recorded refusals/recovery/audit/sealing; excludes ledger writes, report observations and inter-call waiting"",""known_seconds"":23.374964099999488,""prior_interruption_known_seconds"":0.0,""recorded_measurements"":1,""unknown_measurements"":0,""unknown_time_imputed"":false}"
361a69ce24b31212e897403e,posterior,cuda-mala-sequential,4096,19,additional_verification,analyzed,valid,,0.14824059999955352,0.14824059999955352,"{""attempts_missing_call_return"":0,""complete_seconds"":0.14824059999955352,""cost_scope"":""Completed coordinator calls returning newly_executed=false; kept outside primary execution cost"",""known_seconds"":0.14824059999955352,""prior_interruption_known_seconds"":0.0,""recorded_measurements"":1,""unknown_measurements"":0,""unknown_time_imputed"":false}"
361a69ce24b31212e897403e,posterior,cuda-mala-sequential,4096,19,all_invocations,analyzed,valid,,23.52320469999904,23.52320469999904,"{""attempts_missing_call_return"":0,""complete_seconds"":23.52320469999904,""cost_scope"":""All coordinator calls, including additional verification; operational consumption, not standardized time-to-inference"",""known_seconds"":23.52320469999904,""prior_interruption_known_seconds"":0.0,""recorded_measurements"":2,""unknown_measurements"":0,""unknown_time_imputed"":false}"
d42aa562e753063fc0dd0257,posterior,cuda-mala-quasi_deer,4096,22,ordinary_workflow,analyzed,valid,,75.05696259999968,75.05696259999968,"{""attempts_missing_call_return"":0,""complete_seconds"":75.05696259999968,""cost_scope"":""Sum ordinary subprocess creation-through-exit wall over every registered actual attempt; includes ordinary output/diagnostics, excludes outer audit and inter-call waiting"",""known_seconds"":75.05696259999968,""prior_interruption_known_seconds"":0.0,""recorded_measurements"":1,""unknown_measurements"":0,""unknown_time_imputed"":false}"
d42aa562e753063fc0dd0257,posterior,cuda-mala-quasi_deer,4096,22,research_execution,analyzed,valid,,78.04166059999989,78.04166059999989,"{""attempts_missing_call_return"":0,""complete_seconds"":78.04166059999989,""cost_scope"":""Sum all coordinator run/retry calls except completed verification-only returns; includes recorded refusals/recovery/audit/sealing; excludes ledger writes, report observations and inter-call waiting"",""known_seconds"":78.04166059999989,""prior_interruption_known_seconds"":0.0,""recorded_measurements"":1,""unknown_measurements"":0,""unknown_time_imputed"":false}"
d42aa562e753063fc0dd0257,posterior,cuda-mala-quasi_deer,4096,22,additional_verification,analyzed,valid,,0.14841639999940526,0.14841639999940526,"{""attempts_missing_call_return"":0,""complete_seconds"":0.14841639999940526,""cost_scope"":""Completed coordinator calls returning newly_executed=false; kept outside primary execution cost"",""known_seconds"":0.14841639999940526,""prior_interruption_known_seconds"":0.0,""recorded_measurements"":1,""unknown_measurements"":0,""unknown_time_imputed"":false}"
d42aa562e753063fc0dd0257,posterior,cuda-mala-quasi_deer,4096,22,all_invocations,analyzed,valid,,78.19007699999929,78.19007699999929,"{""attempts_missing_call_return"":0,""complete_seconds"":78.19007699999929,""cost_scope"":""All coordinator calls, including additional verification; operational consumption, not standardized time-to-inference"",""known_seconds"":78.19007699999929,""prior_interruption_known_seconds"":0.0,""recorded_measurements"":2,""unknown_measurements"":0,""unknown_time_imputed"":false}"
701af2589e9b39833e2d3a0c,posterior,cuda-rwm-sequential,4096,16,ordinary_workflow,analyzed,valid,,6.955698999998276,6.955698999998276,"{""attempts_missing_call_return"":0,""complete_seconds"":6.955698999998276,""cost_scope"":""Sum ordinary subprocess creation-through-exit wall over every registered actual attempt; includes ordinary output/diagnostics, excludes outer audit and inter-call waiting"",""known_seconds"":6.955698999998276,""prior_interruption_known_seconds"":0.0,""recorded_measurements"":1,""unknown_measurements"":0,""unknown_time_imputed"":false}"
701af2589e9b39833e2d3a0c,posterior,cuda-rwm-sequential,4096,16,research_execution,analyzed,valid,,9.478877099998499,9.478877099998499,"{""attempts_missing_call_return"":0,""complete_seconds"":9.478877099998499,""cost_scope"":""Sum all coordinator run/retry calls except completed verification-only returns; includes recorded refusals/recovery/audit/sealing; excludes ledger writes, report observations and inter-call waiting"",""known_seconds"":9.478877099998499,""prior_interruption_known_seconds"":0.0,""recorded_measurements"":1,""unknown_measurements"":0,""unknown_time_imputed"":false}"
701af2589e9b39833e2d3a0c,posterior,cuda-rwm-sequential,4096,16,additional_verification,analyzed,valid,,0.14493059999949764,0.14493059999949764,"{""attempts_missing_call_return"":0,""complete_seconds"":0.14493059999949764,""cost_scope"":""Completed coordinator calls returning newly_executed=false; kept outside primary execution cost"",""known_seconds"":0.14493059999949764,""prior_interruption_known_seconds"":0.0,""recorded_measurements"":1,""unknown_measurements"":0,""unknown_time_imputed"":false}"
701af2589e9b39833e2d3a0c,posterior,cuda-rwm-sequential,4096,16,all_invocations,analyzed,valid,,9.623807699997997,9.623807699997997,"{""attempts_missing_call_return"":0,""complete_seconds"":9.623807699997997,""cost_scope"":""All coordinator calls, including additional verification; operational consumption, not standardized time-to-inference"",""known_seconds"":9.623807699997997,""prior_interruption_known_seconds"":0.0,""recorded_measurements"":2,""unknown_measurements"":0,""unknown_time_imputed"":false}"
34efe2e8b34530de33d985dc,posterior,cuda-mala-quasi_deer,4096,17,ordinary_workflow,analyzed,numerical_failure,,79.37347289999889,79.37347289999889,"{""attempts_missing_call_return"":0,""complete_seconds"":79.37347289999889,""cost_scope"":""Sum ordinary subprocess creation-through-exit wall over every registered actual attempt; includes ordinary output/diagnostics, excludes outer audit and inter-call waiting"",""known_seconds"":79.37347289999889,""prior_interruption_known_seconds"":0.0,""recorded_measurements"":1,""unknown_measurements"":0,""unknown_time_imputed"":false}"
34efe2e8b34530de33d985dc,posterior,cuda-mala-quasi_deer,4096,17,research_execution,analyzed,numerical_failure,,82.35127360000115,82.35127360000115,"{""attempts_missing_call_return"":0,""complete_seconds"":82.35127360000115,""cost_scope"":""Sum all coordinator run/retry calls except completed verification-only returns; includes recorded refusals/recovery/audit/sealing; excludes ledger writes, report observations and inter-call waiting"",""known_seconds"":82.35127360000115,""prior_interruption_known_seconds"":0.0,""recorded_measurements"":1,""unknown_measurements"":0,""unknown_time_imputed"":false}"
34efe2e8b34530de33d985dc,posterior,cuda-mala-quasi_deer,4096,17,additional_verification,analyzed,numerical_failure,,0.14703820000067935,0.14703820000067935,"{""attempts_missing_call_return"":0,""complete_seconds"":0.14703820000067935,""cost_scope"":""Completed coordinator calls returning newly_executed=false; kept outside primary execution cost"",""known_seconds"":0.14703820000067935,""prior_interruption_known_seconds"":0.0,""recorded_measurements"":1,""unknown_measurements"":0,""unknown_time_imputed"":false}"
34efe2e8b34530de33d985dc,posterior,cuda-mala-quasi_deer,4096,17,all_invocations,analyzed,numerical_failure,,82.49831180000183,82.49831180000183,"{""attempts_missing_call_return"":0,""complete_seconds"":82.49831180000183,""cost_scope"":""All coordinator calls, including additional verification; operational consumption, not standardized time-to-inference"",""known_seconds"":82.49831180000183,""prior_interruption_known_seconds"":0.0,""recorded_measurements"":2,""unknown_measurements"":0,""unknown_time_imputed"":false}"
1972c817839bcac14e85e4ce,posterior,cpu-mala-sequential,1024,20,ordinary_workflow,analyzed,valid,,4.764124299999821,4.764124299999821,"{""attempts_missing_call_return"":0,""complete_seconds"":4.764124299999821,""cost_scope"":""Sum ordinary subprocess creation-through-exit wall over every registered actual attempt; includes ordinary output/diagnostics, excludes outer audit and inter-call waiting"",""known_seconds"":4.764124299999821,""prior_interruption_known_seconds"":0.0,""recorded_measurements"":1,""unknown_measurements"":0,""unknown_time_imputed"":false}"
1972c817839bcac14e85e4ce,posterior,cpu-mala-sequential,1024,20,research_execution,analyzed,valid,,7.219078099999024,7.219078099999024,"{""attempts_missing_call_return"":0,""complete_seconds"":7.219078099999024,""cost_scope"":""Sum all coordinator run/retry calls except completed verification-only returns; includes recorded refusals/recovery/audit/sealing; excludes ledger writes, report observations and inter-call waiting"",""known_seconds"":7.219078099999024,""prior_interruption_known_seconds"":0.0,""recorded_measurements"":1,""unknown_measurements"":0,""unknown_time_imputed"":false}"
1972c817839bcac14e85e4ce,posterior,cpu-mala-sequential,1024,20,additional_verification,analyzed,valid,,0.1431789000016579,0.1431789000016579,"{""attempts_missing_call_return"":0,""complete_seconds"":0.1431789000016579,""cost_scope"":""Completed coordinator calls returning newly_executed=false; kept outside primary execution cost"",""known_seconds"":0.1431789000016579,""prior_interruption_known_seconds"":0.0,""recorded_measurements"":1,""unknown_measurements"":0,""unknown_time_imputed"":false}"
1972c817839bcac14e85e4ce,posterior,cpu-mala-sequential,1024,20,all_invocations,analyzed,valid,,7.362257000000682,7.362257000000682,"{""attempts_missing_call_return"":0,""complete_seconds"":7.362257000000682,""cost_scope"":""All coordinator calls, including additional verification; operational consumption, not standardized time-to-inference"",""known_seconds"":7.362257000000682,""prior_interruption_known_seconds"":0.0,""recorded_measurements"":2,""unknown_measurements"":0,""unknown_time_imputed"":false}"
83bf168a84adc672c5aa0b69,posterior,cuda-mala-sequential,1024,17,ordinary_workflow,analyzed,valid,,8.969248699999298,8.969248699999298,"{""attempts_missing_call_return"":0,""complete_seconds"":8.969248699999298,""cost_scope"":""Sum ordinary subprocess creation-through-exit wall over every registered actual attempt; includes ordinary output/diagnostics, excludes outer audit and inter-call waiting"",""known_seconds"":8.969248699999298,""prior_interruption_known_seconds"":0.0,""recorded_measurements"":1,""unknown_measurements"":0,""unknown_time_imputed"":false}"
83bf168a84adc672c5aa0b69,posterior,cuda-mala-sequential,1024,17,research_execution,analyzed,valid,,11.332836500001576,11.332836500001576,"{""attempts_missing_call_return"":0,""complete_seconds"":11.332836500001576,""cost_scope"":""Sum all coordinator run/retry calls except completed verification-only returns; includes recorded refusals/recovery/audit/sealing; excludes ledger writes, report observations and inter-call waiting"",""known_seconds"":11.332836500001576,""prior_interruption_known_seconds"":0.0,""recorded_measurements"":1,""unknown_measurements"":0,""unknown_time_imputed"":false}"
83bf168a84adc672c5aa0b69,posterior,cuda-mala-sequential,1024,17,additional_verification,analyzed,valid,,0.14493030000085128,0.14493030000085128,"{""attempts_missing_call_return"":0,""complete_seconds"":0.14493030000085128,""cost_scope"":""Completed coordinator calls returning newly_executed=false; kept outside primary execution cost"",""known_seconds"":0.14493030000085128,""prior_interruption_known_seconds"":0.0,""recorded_measurements"":1,""unknown_measurements"":0,""unknown_time_imputed"":false}"
83bf168a84adc672c5aa0b69,posterior,cuda-mala-sequential,1024,17,all_invocations,analyzed,valid,,11.477766800002428,11.477766800002428,"{""attempts_missing_call_return"":0,""complete_seconds"":11.477766800002428,""cost_scope"":""All coordinator calls, including additional verification; operational consumption, not standardized time-to-inference"",""known_seconds"":11.477766800002428,""prior_interruption_known_seconds"":0.0,""recorded_measurements"":2,""unknown_measurements"":0,""unknown_time_imputed"":false}"
5f7be1ae0c7aa37649358a5a,posterior,cpu-rwm-online_picard,1024,17,ordinary_workflow,analyzed,valid,,2.692436199999065,2.692436199999065,"{""attempts_missing_call_return"":0,""complete_seconds"":2.692436199999065,""cost_scope"":""Sum ordinary subprocess creation-through-exit wall over every registered actual attempt; includes ordinary output/diagnostics, excludes outer audit and inter-call waiting"",""known_seconds"":2.692436199999065,""prior_interruption_known_seconds"":0.0,""recorded_measurements"":1,""unknown_measurements"":0,""unknown_time_imputed"":false}"
5f7be1ae0c7aa37649358a5a,posterior,cpu-rwm-online_picard,1024,17,research_execution,analyzed,valid,,4.8778458000015235,4.8778458000015235,"{""attempts_missing_call_return"":0,""complete_seconds"":4.8778458000015235,""cost_scope"":""Sum all coordinator run/retry calls except completed verification-only returns; includes recorded refusals/recovery/audit/sealing; excludes ledger writes, report observations and inter-call waiting"",""known_seconds"":4.8778458000015235,""prior_interruption_known_seconds"":0.0,""recorded_measurements"":1,""unknown_measurements"":0,""unknown_time_imputed"":false}"
5f7be1ae0c7aa37649358a5a,posterior,cpu-rwm-online_picard,1024,17,additional_verification,analyzed,valid,,0.1524864000020898,0.1524864000020898,"{""attempts_missing_call_return"":0,""complete_seconds"":0.1524864000020898,""cost_scope"":""Completed coordinator calls returning newly_executed=false; kept outside primary execution cost"",""known_seconds"":0.1524864000020898,""prior_interruption_known_seconds"":0.0,""recorded_measurements"":1,""unknown_measurements"":0,""unknown_time_imputed"":false}"
5f7be1ae0c7aa37649358a5a,posterior,cpu-rwm-online_picard,1024,17,all_invocations,analyzed,valid,,5.030332200003613,5.030332200003613,"{""attempts_missing_call_return"":0,""complete_seconds"":5.030332200003613,""cost_scope"":""All coordinator calls, including additional verification; operational consumption, not standardized time-to-inference"",""known_seconds"":5.030332200003613,""prior_interruption_known_seconds"":0.0,""recorded_measurements"":2,""unknown_measurements"":0,""unknown_time_imputed"":false}"
ade2e1c52e1c69baf6530433,posterior,cpu-mala-quasi_deer,1024,23,ordinary_workflow,analyzed,numerical_failure,,17.12026539999715,17.12026539999715,"{""attempts_missing_call_return"":0,""complete_seconds"":17.12026539999715,""cost_scope"":""Sum ordinary subprocess creation-through-exit wall over every registered actual attempt; includes ordinary output/diagnostics, excludes outer audit and inter-call waiting"",""known_seconds"":17.12026539999715,""prior_interruption_known_seconds"":0.0,""recorded_measurements"":1,""unknown_measurements"":0,""unknown_time_imputed"":false}"
ade2e1c52e1c69baf6530433,posterior,cpu-mala-quasi_deer,1024,23,research_execution,analyzed,numerical_failure,,19.6038802999974,19.6038802999974,"{""attempts_missing_call_return"":0,""complete_seconds"":19.6038802999974,""cost_scope"":""Sum all coordinator run/retry calls except completed verification-only returns; includes recorded refusals/recovery/audit/sealing; excludes ledger writes, report observations and inter-call waiting"",""known_seconds"":19.6038802999974,""prior_interruption_known_seconds"":0.0,""recorded_measurements"":1,""unknown_measurements"":0,""unknown_time_imputed"":false}"
ade2e1c52e1c69baf6530433,posterior,cpu-mala-quasi_deer,1024,23,additional_verification,analyzed,numerical_failure,,0.15054389999932027,0.15054389999932027,"{""attempts_missing_call_return"":0,""complete_seconds"":0.15054389999932027,""cost_scope"":""Completed coordinator calls returning newly_executed=false; kept outside primary execution cost"",""known_seconds"":0.15054389999932027,""prior_interruption_known_seconds"":0.0,""recorded_measurements"":1,""unknown_measurements"":0,""unknown_time_imputed"":false}"
ade2e1c52e1c69baf6530433,posterior,cpu-mala-quasi_deer,1024,23,all_invocations,analyzed,numerical_failure,,19.75442419999672,19.75442419999672,"{""attempts_missing_call_return"":0,""complete_seconds"":19.75442419999672,""cost_scope"":""All coordinator calls, including additional verification; operational consumption, not standardized time-to-inference"",""known_seconds"":19.75442419999672,""prior_interruption_known_seconds"":0.0,""recorded_measurements"":2,""unknown_measurements"":0,""unknown_time_imputed"":false}"
d2818d3aeee27e3179eb0004,posterior,cpu-nuts-spawn_chains,4096,16,ordinary_workflow,analyzed,valid,,68.78343860000314,68.78343860000314,"{""attempts_missing_call_return"":0,""complete_seconds"":68.78343860000314,""cost_scope"":""Sum ordinary subprocess creation-through-exit wall over every registered actual attempt; includes ordinary output/diagnostics, excludes outer audit and inter-call waiting"",""known_seconds"":68.78343860000314,""prior_interruption_known_seconds"":0.0,""recorded_measurements"":1,""unknown_measurements"":0,""unknown_time_imputed"":false}"
d2818d3aeee27e3179eb0004,posterior,cpu-nuts-spawn_chains,4096,16,research_execution,analyzed,valid,,71.1297768000004,71.1297768000004,"{""attempts_missing_call_return"":0,""complete_seconds"":71.1297768000004,""cost_scope"":""Sum all coordinator run/retry calls except completed verification-only returns; includes recorded refusals/recovery/audit/sealing; excludes ledger writes, report observations and inter-call waiting"",""known_seconds"":71.1297768000004,""prior_interruption_known_seconds"":0.0,""recorded_measurements"":1,""unknown_measurements"":0,""unknown_time_imputed"":false}"
d2818d3aeee27e3179eb0004,posterior,cpu-nuts-spawn_chains,4096,16,additional_verification,analyzed,valid,,0.15073250000205007,0.15073250000205007,"{""attempts_missing_call_return"":0,""complete_seconds"":0.15073250000205007,""cost_scope"":""Completed coordinator calls returning newly_executed=false; kept outside primary execution cost"",""known_seconds"":0.15073250000205007,""prior_interruption_known_seconds"":0.0,""recorded_measurements"":1,""unknown_measurements"":0,""unknown_time_imputed"":false}"
d2818d3aeee27e3179eb0004,posterior,cpu-nuts-spawn_chains,4096,16,all_invocations,analyzed,valid,,71.28050930000245,71.28050930000245,"{""attempts_missing_call_return"":0,""complete_seconds"":71.28050930000245,""cost_scope"":""All coordinator calls, including additional verification; operational consumption, not standardized time-to-inference"",""known_seconds"":71.28050930000245,""prior_interruption_known_seconds"":0.0,""recorded_measurements"":2,""unknown_measurements"":0,""unknown_time_imputed"":false}"
328814ed41f2d4a8b088f552,posterior,cpu-rwm-sequential,1024,17,ordinary_workflow,analyzed,valid,,2.5736039000003075,2.5736039000003075,"{""attempts_missing_call_return"":0,""complete_seconds"":2.5736039000003075,""cost_scope"":""Sum ordinary subprocess creation-through-exit wall over every registered actual attempt; includes ordinary output/diagnostics, excludes outer audit and inter-call waiting"",""known_seconds"":2.5736039000003075,""prior_interruption_known_seconds"":0.0,""recorded_measurements"":1,""unknown_measurements"":0,""unknown_time_imputed"":false}"
328814ed41f2d4a8b088f552,posterior,cpu-rwm-sequential,1024,17,research_execution,analyzed,valid,,4.886100100000476,4.886100100000476,"{""attempts_missing_call_return"":0,""complete_seconds"":4.886100100000476,""cost_scope"":""Sum all coordinator run/retry calls except completed verification-only returns; includes recorded refusals/recovery/audit/sealing; excludes ledger writes, report observations and inter-call waiting"",""known_seconds"":4.886100100000476,""prior_interruption_known_seconds"":0.0,""recorded_measurements"":1,""unknown_measurements"":0,""unknown_time_imputed"":false}"
328814ed41f2d4a8b088f552,posterior,cpu-rwm-sequential,1024,17,additional_verification,analyzed,valid,,0.14718100000027334,0.14718100000027334,"{""attempts_missing_call_return"":0,""complete_seconds"":0.14718100000027334,""cost_scope"":""Completed coordinator calls returning newly_executed=false; kept outside primary execution cost"",""known_seconds"":0.14718100000027334,""prior_interruption_known_seconds"":0.0,""recorded_measurements"":1,""unknown_measurements"":0,""unknown_time_imputed"":false}"
328814ed41f2d4a8b088f552,posterior,cpu-rwm-sequential,1024,17,all_invocations,analyzed,valid,,5.03328110000075,5.03328110000075,"{""attempts_missing_call_return"":0,""complete_seconds"":5.03328110000075,""cost_scope"":""All coordinator calls, including additional verification; operational consumption, not standardized time-to-inference"",""known_seconds"":5.03328110000075,""prior_interruption_known_seconds"":0.0,""recorded_measurements"":2,""unknown_measurements"":0,""unknown_time_imputed"":false}"
a8591ea354b96b2c53082613,posterior,cpu-rwm-sequential,4096,18,ordinary_workflow,analyzed,valid,,3.4109310999992886,3.4109310999992886,"{""attempts_missing_call_return"":0,""complete_seconds"":3.4109310999992886,""cost_scope"":""Sum ordinary subprocess creation-through-exit wall over every registered actual attempt; includes ordinary output/diagnostics, excludes outer audit and inter-call waiting"",""known_seconds"":3.4109310999992886,""prior_interruption_known_seconds"":0.0,""recorded_measurements"":1,""unknown_measurements"":0,""unknown_time_imputed"":false}"
a8591ea354b96b2c53082613,posterior,cpu-rwm-sequential,4096,18,research_execution,analyzed,valid,,5.921008099998289,5.921008099998289,"{""attempts_missing_call_return"":0,""complete_seconds"":5.921008099998289,""cost_scope"":""Sum all coordinator run/retry calls except completed verification-only returns; includes recorded refusals/recovery/audit/sealing; excludes ledger writes, report observations and inter-call waiting"",""known_seconds"":5.921008099998289,""prior_interruption_known_seconds"":0.0,""recorded_measurements"":1,""unknown_measurements"":0,""unknown_time_imputed"":false}"
a8591ea354b96b2c53082613,posterior,cpu-rwm-sequential,4096,18,additional_verification,analyzed,valid,,0.1466197000008833,0.1466197000008833,"{""attempts_missing_call_return"":0,""complete_seconds"":0.1466197000008833,""cost_scope"":""Completed coordinator calls returning newly_executed=false; kept outside primary execution cost"",""known_seconds"":0.1466197000008833,""prior_interruption_known_seconds"":0.0,""recorded_measurements"":1,""unknown_measurements"":0,""unknown_time_imputed"":false}"
a8591ea354b96b2c53082613,posterior,cpu-rwm-sequential,4096,18,all_invocations,analyzed,valid,,6.067627799999173,6.067627799999173,"{""attempts_missing_call_return"":0,""complete_seconds"":6.067627799999173,""cost_scope"":""All coordinator calls, including additional verification; operational consumption, not standardized time-to-inference"",""known_seconds"":6.067627799999173,""prior_interruption_known_seconds"":0.0,""recorded_measurements"":2,""unknown_measurements"":0,""unknown_time_imputed"":false}"
e42e38bb971638e734b91088,posterior,cpu-mala-sequential,4096,20,ordinary_workflow,analyzed,valid,,8.535656100000779,8.535656100000779,"{""attempts_missing_call_return"":0,""complete_seconds"":8.535656100000779,""cost_scope"":""Sum ordinary subprocess creation-through-exit wall over every registered actual attempt; includes ordinary output/diagnostics, excludes outer audit and inter-call waiting"",""known_seconds"":8.535656100000779,""prior_interruption_known_seconds"":0.0,""recorded_measurements"":1,""unknown_measurements"":0,""unknown_time_imputed"":false}"
e42e38bb971638e734b91088,posterior,cpu-mala-sequential,4096,20,research_execution,analyzed,valid,,11.507753400001093,11.507753400001093,"{""attempts_missing_call_return"":0,""complete_seconds"":11.507753400001093,""cost_scope"":""Sum all coordinator run/retry calls except completed verification-only returns; includes recorded refusals/recovery/audit/sealing; excludes ledger writes, report observations and inter-call waiting"",""known_seconds"":11.507753400001093,""prior_interruption_known_seconds"":0.0,""recorded_measurements"":1,""unknown_measurements"":0,""unknown_time_imputed"":false}"
e42e38bb971638e734b91088,posterior,cpu-mala-sequential,4096,20,additional_verification,analyzed,valid,,0.14214980000178912,0.14214980000178912,"{""attempts_missing_call_return"":0,""complete_seconds"":0.14214980000178912,""cost_scope"":""Completed coordinator calls returning newly_executed=false; kept outside primary execution cost"",""known_seconds"":0.14214980000178912,""prior_interruption_known_seconds"":0.0,""recorded_measurements"":1,""unknown_measurements"":0,""unknown_time_imputed"":false}"
e42e38bb971638e734b91088,posterior,cpu-mala-sequential,4096,20,all_invocations,analyzed,valid,,11.649903200002882,11.649903200002882,"{""attempts_missing_call_return"":0,""complete_seconds"":11.649903200002882,""cost_scope"":""All coordinator calls, including additional verification; operational consumption, not standardized time-to-inference"",""known_seconds"":11.649903200002882,""prior_interruption_known_seconds"":0.0,""recorded_measurements"":2,""unknown_measurements"":0,""unknown_time_imputed"":false}"
35e5896350a44a541af729d9,posterior,cpu-mala-quasi_deer,4096,22,ordinary_workflow,analyzed,valid,,43.85731610000221,43.85731610000221,"{""attempts_missing_call_return"":0,""complete_seconds"":43.85731610000221,""cost_scope"":""Sum ordinary subprocess creation-through-exit wall over every registered actual attempt; includes ordinary output/diagnostics, excludes outer audit and inter-call waiting"",""known_seconds"":43.85731610000221,""prior_interruption_known_seconds"":0.0,""recorded_measurements"":1,""unknown_measurements"":0,""unknown_time_imputed"":false}"
35e5896350a44a541af729d9,posterior,cpu-mala-quasi_deer,4096,22,research_execution,analyzed,valid,,46.791235100005,46.791235100005,"{""attempts_missing_call_return"":0,""complete_seconds"":46.791235100005,""cost_scope"":""Sum all coordinator run/retry calls except completed verification-only returns; includes recorded refusals/recovery/audit/sealing; excludes ledger writes, report observations and inter-call waiting"",""known_seconds"":46.791235100005,""prior_interruption_known_seconds"":0.0,""recorded_measurements"":1,""unknown_measurements"":0,""unknown_time_imputed"":false}"
35e5896350a44a541af729d9,posterior,cpu-mala-quasi_deer,4096,22,additional_verification,analyzed,valid,,0.14508280000154627,0.14508280000154627,"{""attempts_missing_call_return"":0,""complete_seconds"":0.14508280000154627,""cost_scope"":""Completed coordinator calls returning newly_executed=false; kept outside primary execution cost"",""known_seconds"":0.14508280000154627,""prior_interruption_known_seconds"":0.0,""recorded_measurements"":1,""unknown_measurements"":0,""unknown_time_imputed"":false}"
35e5896350a44a541af729d9,posterior,cpu-mala-quasi_deer,4096,22,all_invocations,analyzed,valid,,46.93631790000654,46.93631790000654,"{""attempts_missing_call_return"":0,""complete_seconds"":46.93631790000654,""cost_scope"":""All coordinator calls, including additional verification; operational consumption, not standardized time-to-inference"",""known_seconds"":46.93631790000654,""prior_interruption_known_seconds"":0.0,""recorded_measurements"":2,""unknown_measurements"":0,""unknown_time_imputed"":false}"
5aa0e68ca876aa88c7d3839a,posterior,cuda-rwm-online_picard,1024,18,ordinary_workflow,analyzed,valid,,3.8302550000007614,3.8302550000007614,"{""attempts_missing_call_return"":0,""complete_seconds"":3.8302550000007614,""cost_scope"":""Sum ordinary subprocess creation-through-exit wall over every registered actual attempt; includes ordinary output/diagnostics, excludes outer audit and inter-call waiting"",""known_seconds"":3.8302550000007614,""prior_interruption_known_seconds"":0.0,""recorded_measurements"":1,""unknown_measurements"":0,""unknown_time_imputed"":false}"
5aa0e68ca876aa88c7d3839a,posterior,cuda-rwm-online_picard,1024,18,research_execution,analyzed,valid,,6.054025700002967,6.054025700002967,"{""attempts_missing_call_return"":0,""complete_seconds"":6.054025700002967,""cost_scope"":""Sum all coordinator run/retry calls except completed verification-only returns; includes recorded refusals/recovery/audit/sealing; excludes ledger writes, report observations and inter-call waiting"",""known_seconds"":6.054025700002967,""prior_interruption_known_seconds"":0.0,""recorded_measurements"":1,""unknown_measurements"":0,""unknown_time_imputed"":false}"
5aa0e68ca876aa88c7d3839a,posterior,cuda-rwm-online_picard,1024,18,additional_verification,analyzed,valid,,0.14792189999934635,0.14792189999934635,"{""attempts_missing_call_return"":0,""complete_seconds"":0.14792189999934635,""cost_scope"":""Completed coordinator calls returning newly_executed=false; kept outside primary execution cost"",""known_seconds"":0.14792189999934635,""prior_interruption_known_seconds"":0.0,""recorded_measurements"":1,""unknown_measurements"":0,""unknown_time_imputed"":false}"
5aa0e68ca876aa88c7d3839a,posterior,cuda-rwm-online_picard,1024,18,all_invocations,analyzed,valid,,6.201947600002313,6.201947600002313,"{""attempts_missing_call_return"":0,""complete_seconds"":6.201947600002313,""cost_scope"":""All coordinator calls, including additional verification; operational consumption, not standardized time-to-inference"",""known_seconds"":6.201947600002313,""prior_interruption_known_seconds"":0.0,""recorded_measurements"":2,""unknown_measurements"":0,""unknown_time_imputed"":false}"
5f057c6105f108f77d2d2029,posterior,cuda-mala-sequential,4096,21,ordinary_workflow,analyzed,valid,,20.062219200000982,20.062219200000982,"{""attempts_missing_call_return"":0,""complete_seconds"":20.062219200000982,""cost_scope"":""Sum ordinary subprocess creation-through-exit wall over every registered actual attempt; includes ordinary output/diagnostics, excludes outer audit and inter-call waiting"",""known_seconds"":20.062219200000982,""prior_interruption_known_seconds"":0.0,""recorded_measurements"":1,""unknown_measurements"":0,""unknown_time_imputed"":false}"
5f057c6105f108f77d2d2029,posterior,cuda-mala-sequential,4096,21,research_execution,analyzed,valid,,22.824572600002284,22.824572600002284,"{""attempts_missing_call_return"":0,""complete_seconds"":22.824572600002284,""cost_scope"":""Sum all coordinator run/retry calls except completed verification-only returns; includes recorded refusals/recovery/audit/sealing; excludes ledger writes, report observations and inter-call waiting"",""known_seconds"":22.824572600002284,""prior_interruption_known_seconds"":0.0,""recorded_measurements"":1,""unknown_measurements"":0,""unknown_time_imputed"":false}"
5f057c6105f108f77d2d2029,posterior,cuda-mala-sequential,4096,21,additional_verification,analyzed,valid,,0.14555169999948703,0.14555169999948703,"{""attempts_missing_call_return"":0,""complete_seconds"":0.14555169999948703,""cost_scope"":""Completed coordinator calls returning newly_executed=false; kept outside primary execution cost"",""known_seconds"":0.14555169999948703,""prior_interruption_known_seconds"":0.0,""recorded_measurements"":1,""unknown_measurements"":0,""unknown_time_imputed"":false}"
5f057c6105f108f77d2d2029,posterior,cuda-mala-sequential,4096,21,all_invocations,analyzed,valid,,22.97012430000177,22.97012430000177,"{""attempts_missing_call_return"":0,""complete_seconds"":22.97012430000177,""cost_scope"":""All coordinator calls, including additional verification; operational consumption, not standardized time-to-inference"",""known_seconds"":22.97012430000177,""prior_interruption_known_seconds"":0.0,""recorded_measurements"":2,""unknown_measurements"":0,""unknown_time_imputed"":false}"
9001347a473e9c1510c18cd4,posterior,cuda-rwm-sequential,4096,20,ordinary_workflow,analyzed,valid,,7.280240300002333,7.280240300002333,"{""attempts_missing_call_return"":0,""complete_seconds"":7.280240300002333,""cost_scope"":""Sum ordinary subprocess creation-through-exit wall over every registered actual attempt; includes ordinary output/diagnostics, excludes outer audit and inter-call waiting"",""known_seconds"":7.280240300002333,""prior_interruption_known_seconds"":0.0,""recorded_measurements"":1,""unknown_measurements"":0,""unknown_time_imputed"":false}"
9001347a473e9c1510c18cd4,posterior,cuda-rwm-sequential,4096,20,research_execution,analyzed,valid,,9.616703300001973,9.616703300001973,"{""attempts_missing_call_return"":0,""complete_seconds"":9.616703300001973,""cost_scope"":""Sum all coordinator run/retry calls except completed verification-only returns; includes recorded refusals/recovery/audit/sealing; excludes ledger writes, report observations and inter-call waiting"",""known_seconds"":9.616703300001973,""prior_interruption_known_seconds"":0.0,""recorded_measurements"":1,""unknown_measurements"":0,""unknown_time_imputed"":false}"
9001347a473e9c1510c18cd4,posterior,cuda-rwm-sequential,4096,20,additional_verification,analyzed,valid,,0.1493512000015471,0.1493512000015471,"{""attempts_missing_call_return"":0,""complete_seconds"":0.1493512000015471,""cost_scope"":""Completed coordinator calls returning newly_executed=false; kept outside primary execution cost"",""known_seconds"":0.1493512000015471,""prior_interruption_known_seconds"":0.0,""recorded_measurements"":1,""unknown_measurements"":0,""unknown_time_imputed"":false}"
9001347a473e9c1510c18cd4,posterior,cuda-rwm-sequential,4096,20,all_invocations,analyzed,valid,,9.76605450000352,9.76605450000352,"{""attempts_missing_call_return"":0,""complete_seconds"":9.76605450000352,""cost_scope"":""All coordinator calls, including additional verification; operational consumption, not standardized time-to-inference"",""known_seconds"":9.76605450000352,""prior_interruption_known_seconds"":0.0,""recorded_measurements"":2,""unknown_measurements"":0,""unknown_time_imputed"":false}"
09285824d64d2bd5b13c8d7e,posterior,cpu-mala-sequential,1024,18,ordinary_workflow,analyzed,valid,,4.774467000002915,4.774467000002915,"{""attempts_missing_call_return"":0,""complete_seconds"":4.774467000002915,""cost_scope"":""Sum ordinary subprocess creation-through-exit wall over every registered actual attempt; includes ordinary output/diagnostics, excludes outer audit and inter-call waiting"",""known_seconds"":4.774467000002915,""prior_interruption_known_seconds"":0.0,""recorded_measurements"":1,""unknown_measurements"":0,""unknown_time_imputed"":false}"
09285824d64d2bd5b13c8d7e,posterior,cpu-mala-sequential,1024,18,research_execution,analyzed,valid,,7.2202773000026355,7.2202773000026355,"{""attempts_missing_call_return"":0,""complete_seconds"":7.2202773000026355,""cost_scope"":""Sum all coordinator run/retry calls except completed verification-only returns; includes recorded refusals/recovery/audit/sealing; excludes ledger writes, report observations and inter-call waiting"",""known_seconds"":7.2202773000026355,""prior_interruption_known_seconds"":0.0,""recorded_measurements"":1,""unknown_measurements"":0,""unknown_time_imputed"":false}"
09285824d64d2bd5b13c8d7e,posterior,cpu-mala-sequential,1024,18,additional_verification,analyzed,valid,,0.14625860000160174,0.14625860000160174,"{""attempts_missing_call_return"":0,""complete_seconds"":0.14625860000160174,""cost_scope"":""Completed coordinator calls returning newly_executed=false; kept outside primary execution cost"",""known_seconds"":0.14625860000160174,""prior_interruption_known_seconds"":0.0,""recorded_measurements"":1,""unknown_measurements"":0,""unknown_time_imputed"":false}"
09285824d64d2bd5b13c8d7e,posterior,cpu-mala-sequential,1024,18,all_invocations,analyzed,valid,,7.366535900004237,7.366535900004237,"{""attempts_missing_call_return"":0,""complete_seconds"":7.366535900004237,""cost_scope"":""All coordinator calls, including additional verification; operational consumption, not standardized time-to-inference"",""known_seconds"":7.366535900004237,""prior_interruption_known_seconds"":0.0,""recorded_measurements"":2,""unknown_measurements"":0,""unknown_time_imputed"":false}"
5166779e4e97448ccd1fa23a,posterior,cuda-rwm-online_picard,4096,17,ordinary_workflow,analyzed,valid,,7.067206500003522,7.067206500003522,"{""attempts_missing_call_return"":0,""complete_seconds"":7.067206500003522,""cost_scope"":""Sum ordinary subprocess creation-through-exit wall over every registered actual attempt; includes ordinary output/diagnostics, excludes outer audit and inter-call waiting"",""known_seconds"":7.067206500003522,""prior_interruption_known_seconds"":0.0,""recorded_measurements"":1,""unknown_measurements"":0,""unknown_time_imputed"":false}"
5166779e4e97448ccd1fa23a,posterior,cuda-rwm-online_picard,4096,17,research_execution,analyzed,valid,,9.431515900003433,9.431515900003433,"{""attempts_missing_call_return"":0,""complete_seconds"":9.431515900003433,""cost_scope"":""Sum all coordinator run/retry calls except completed verification-only returns; includes recorded refusals/recovery/audit/sealing; excludes ledger writes, report observations and inter-call waiting"",""known_seconds"":9.431515900003433,""prior_interruption_known_seconds"":0.0,""recorded_measurements"":1,""unknown_measurements"":0,""unknown_time_imputed"":false}"
5166779e4e97448ccd1fa23a,posterior,cuda-rwm-online_picard,4096,17,additional_verification,analyzed,valid,,0.1473258000005444,0.1473258000005444,"{""attempts_missing_call_return"":0,""complete_seconds"":0.1473258000005444,""cost_scope"":""Completed coordinator calls returning newly_executed=false; kept outside primary execution cost"",""known_seconds"":0.1473258000005444,""prior_interruption_known_seconds"":0.0,""recorded_measurements"":1,""unknown_measurements"":0,""unknown_time_imputed"":false}"
5166779e4e97448ccd1fa23a,posterior,cuda-rwm-online_picard,4096,17,all_invocations,analyzed,valid,,9.578841700003977,9.578841700003977,"{""attempts_missing_call_return"":0,""complete_seconds"":9.578841700003977,""cost_scope"":""All coordinator calls, including additional verification; operational consumption, not standardized time-to-inference"",""known_seconds"":9.578841700003977,""prior_interruption_known_seconds"":0.0,""recorded_measurements"":2,""unknown_measurements"":0,""unknown_time_imputed"":false}"
77bedf0ff142189dce1767e3,posterior,cpu-rwm-online_picard,4096,20,ordinary_workflow,analyzed,valid,,4.000337100005709,4.000337100005709,"{""attempts_missing_call_return"":0,""complete_seconds"":4.000337100005709,""cost_scope"":""Sum ordinary subprocess creation-through-exit wall over every registered actual attempt; includes ordinary output/diagnostics, excludes outer audit and inter-call waiting"",""known_seconds"":4.000337100005709,""prior_interruption_known_seconds"":0.0,""recorded_measurements"":1,""unknown_measurements"":0,""unknown_time_imputed"":false}"
77bedf0ff142189dce1767e3,posterior,cpu-rwm-online_picard,4096,20,research_execution,analyzed,valid,,6.547852000003331,6.547852000003331,"{""attempts_missing_call_return"":0,""complete_seconds"":6.547852000003331,""cost_scope"":""Sum all coordinator run/retry calls except completed verification-only returns; includes recorded refusals/recovery/audit/sealing; excludes ledger writes, report observations and inter-call waiting"",""known_seconds"":6.547852000003331,""prior_interruption_known_seconds"":0.0,""recorded_measurements"":1,""unknown_measurements"":0,""unknown_time_imputed"":false}"
77bedf0ff142189dce1767e3,posterior,cpu-rwm-online_picard,4096,20,additional_verification,analyzed,valid,,0.14334210000015446,0.14334210000015446,"{""attempts_missing_call_return"":0,""complete_seconds"":0.14334210000015446,""cost_scope"":""Completed coordinator calls returning newly_executed=false; kept outside primary execution cost"",""known_seconds"":0.14334210000015446,""prior_interruption_known_seconds"":0.0,""recorded_measurements"":1,""unknown_measurements"":0,""unknown_time_imputed"":false}"
77bedf0ff142189dce1767e3,posterior,cpu-rwm-online_picard,4096,20,all_invocations,analyzed,valid,,6.691194100003486,6.691194100003486,"{""attempts_missing_call_return"":0,""complete_seconds"":6.691194100003486,""cost_scope"":""All coordinator calls, including additional verification; operational consumption, not standardized time-to-inference"",""known_seconds"":6.691194100003486,""prior_interruption_known_seconds"":0.0,""recorded_measurements"":2,""unknown_measurements"":0,""unknown_time_imputed"":false}"
9de3a3745d32baacf8e61ca5,posterior,cuda-mala-quasi_deer,4096,16,ordinary_workflow,analyzed,numerical_failure,,74.27879899999971,74.27879899999971,"{""attempts_missing_call_return"":0,""complete_seconds"":74.27879899999971,""cost_scope"":""Sum ordinary subprocess creation-through-exit wall over every registered actual attempt; includes ordinary output/diagnostics, excludes outer audit and inter-call waiting"",""known_seconds"":74.27879899999971,""prior_interruption_known_seconds"":0.0,""recorded_measurements"":1,""unknown_measurements"":0,""unknown_time_imputed"":false}"
9de3a3745d32baacf8e61ca5,posterior,cuda-mala-quasi_deer,4096,16,research_execution,analyzed,numerical_failure,,77.31657620000624,77.31657620000624,"{""attempts_missing_call_return"":0,""complete_seconds"":77.31657620000624,""cost_scope"":""Sum all coordinator run/retry calls except completed verification-only returns; includes recorded refusals/recovery/audit/sealing; excludes ledger writes, report observations and inter-call waiting"",""known_seconds"":77.31657620000624,""prior_interruption_known_seconds"":0.0,""recorded_measurements"":1,""unknown_measurements"":0,""unknown_time_imputed"":false}"
9de3a3745d32baacf8e61ca5,posterior,cuda-mala-quasi_deer,4096,16,additional_verification,analyzed,numerical_failure,,0.14700470000025234,0.14700470000025234,"{""attempts_missing_call_return"":0,""complete_seconds"":0.14700470000025234,""cost_scope"":""Completed coordinator calls returning newly_executed=false; kept outside primary execution cost"",""known_seconds"":0.14700470000025234,""prior_interruption_known_seconds"":0.0,""recorded_measurements"":1,""unknown_measurements"":0,""unknown_time_imputed"":false}"
9de3a3745d32baacf8e61ca5,posterior,cuda-mala-quasi_deer,4096,16,all_invocations,analyzed,numerical_failure,,77.46358090000649,77.46358090000649,"{""attempts_missing_call_return"":0,""complete_seconds"":77.46358090000649,""cost_scope"":""All coordinator calls, including additional verification; operational consumption, not standardized time-to-inference"",""known_seconds"":77.46358090000649,""prior_interruption_known_seconds"":0.0,""recorded_measurements"":2,""unknown_measurements"":0,""unknown_time_imputed"":false}"
eab7b220fd3334b514a0d7bd,posterior,cpu-mala-sequential,1024,23,ordinary_workflow,analyzed,valid,,4.720988699998998,4.720988699998998,"{""attempts_missing_call_return"":0,""complete_seconds"":4.720988699998998,""cost_scope"":""Sum ordinary subprocess creation-through-exit wall over every registered actual attempt; includes ordinary output/diagnostics, excludes outer audit and inter-call waiting"",""known_seconds"":4.720988699998998,""prior_interruption_known_seconds"":0.0,""recorded_measurements"":1,""unknown_measurements"":0,""unknown_time_imputed"":false}"
eab7b220fd3334b514a0d7bd,posterior,cpu-mala-sequential,1024,23,research_execution,analyzed,valid,,7.243280700000469,7.243280700000469,"{""attempts_missing_call_return"":0,""complete_seconds"":7.243280700000469,""cost_scope"":""Sum all coordinator run/retry calls except completed verification-only returns; includes recorded refusals/recovery/audit/sealing; excludes ledger writes, report observations and inter-call waiting"",""known_seconds"":7.243280700000469,""prior_interruption_known_seconds"":0.0,""recorded_measurements"":1,""unknown_measurements"":0,""unknown_time_imputed"":false}"
eab7b220fd3334b514a0d7bd,posterior,cpu-mala-sequential,1024,23,additional_verification,analyzed,valid,,0.14771850000033737,0.14771850000033737,"{""attempts_missing_call_return"":0,""complete_seconds"":0.14771850000033737,""cost_scope"":""Completed coordinator calls returning newly_executed=false; kept outside primary execution cost"",""known_seconds"":0.14771850000033737,""prior_interruption_known_seconds"":0.0,""recorded_measurements"":1,""unknown_measurements"":0,""unknown_time_imputed"":false}"
eab7b220fd3334b514a0d7bd,posterior,cpu-mala-sequential,1024,23,all_invocations,analyzed,valid,,7.390999200000806,7.390999200000806,"{""attempts_missing_call_return"":0,""complete_seconds"":7.390999200000806,""cost_scope"":""All coordinator calls, including additional verification; operational consumption, not standardized time-to-inference"",""known_seconds"":7.390999200000806,""prior_interruption_known_seconds"":0.0,""recorded_measurements"":2,""unknown_measurements"":0,""unknown_time_imputed"":false}"
d827dba2dbc3aac4c03933c3,posterior,cpu-mala-quasi_deer,4096,23,ordinary_workflow,analyzed,numerical_failure,,45.76855269999942,45.76855269999942,"{""attempts_missing_call_return"":0,""complete_seconds"":45.76855269999942,""cost_scope"":""Sum ordinary subprocess creation-through-exit wall over every registered actual attempt; includes ordinary output/diagnostics, excludes outer audit and inter-call waiting"",""known_seconds"":45.76855269999942,""prior_interruption_known_seconds"":0.0,""recorded_measurements"":1,""unknown_measurements"":0,""unknown_time_imputed"":false}"
d827dba2dbc3aac4c03933c3,posterior,cpu-mala-quasi_deer,4096,23,research_execution,analyzed,numerical_failure,,48.713194800002384,48.713194800002384,"{""attempts_missing_call_return"":0,""complete_seconds"":48.713194800002384,""cost_scope"":""Sum all coordinator run/retry calls except completed verification-only returns; includes recorded refusals/recovery/audit/sealing; excludes ledger writes, report observations and inter-call waiting"",""known_seconds"":48.713194800002384,""prior_interruption_known_seconds"":0.0,""recorded_measurements"":1,""unknown_measurements"":0,""unknown_time_imputed"":false}"
d827dba2dbc3aac4c03933c3,posterior,cpu-mala-quasi_deer,4096,23,additional_verification,analyzed,numerical_failure,,0.14806269999826327,0.14806269999826327,"{""attempts_missing_call_return"":0,""complete_seconds"":0.14806269999826327,""cost_scope"":""Completed coordinator calls returning newly_executed=false; kept outside primary execution cost"",""known_seconds"":0.14806269999826327,""prior_interruption_known_seconds"":0.0,""recorded_measurements"":1,""unknown_measurements"":0,""unknown_time_imputed"":false}"
d827dba2dbc3aac4c03933c3,posterior,cpu-mala-quasi_deer,4096,23,all_invocations,analyzed,numerical_failure,,48.86125750000065,48.86125750000065,"{""attempts_missing_call_return"":0,""complete_seconds"":48.86125750000065,""cost_scope"":""All coordinator calls, including additional verification; operational consumption, not standardized time-to-inference"",""known_seconds"":48.86125750000065,""prior_interruption_known_seconds"":0.0,""recorded_measurements"":2,""unknown_measurements"":0,""unknown_time_imputed"":false}"
ff21580e5049cfe6ca53efb7,posterior,cuda-mala-sequential,4096,16,ordinary_workflow,analyzed,valid,,20.681229099995107,20.681229099995107,"{""attempts_missing_call_return"":0,""complete_seconds"":20.681229099995107,""cost_scope"":""Sum ordinary subprocess creation-through-exit wall over every registered actual attempt; includes ordinary output/diagnostics, excludes outer audit and inter-call waiting"",""known_seconds"":20.681229099995107,""prior_interruption_known_seconds"":0.0,""recorded_measurements"":1,""unknown_measurements"":0,""unknown_time_imputed"":false}"
ff21580e5049cfe6ca53efb7,posterior,cuda-mala-sequential,4096,16,research_execution,analyzed,valid,,23.456112600004417,23.456112600004417,"{""attempts_missing_call_return"":0,""complete_seconds"":23.456112600004417,""cost_scope"":""Sum all coordinator run/retry calls except completed verification-only returns; includes recorded refusals/recovery/audit/sealing; excludes ledger writes, report observations and inter-call waiting"",""known_seconds"":23.456112600004417,""prior_interruption_known_seconds"":0.0,""recorded_measurements"":1,""unknown_measurements"":0,""unknown_time_imputed"":false}"
ff21580e5049cfe6ca53efb7,posterior,cuda-mala-sequential,4096,16,additional_verification,analyzed,valid,,0.14525080000021262,0.14525080000021262,"{""attempts_missing_call_return"":0,""complete_seconds"":0.14525080000021262,""cost_scope"":""Completed coordinator calls returning newly_executed=false; kept outside primary execution cost"",""known_seconds"":0.14525080000021262,""prior_interruption_known_seconds"":0.0,""recorded_measurements"":1,""unknown_measurements"":0,""unknown_time_imputed"":false}"
ff21580e5049cfe6ca53efb7,posterior,cuda-mala-sequential,4096,16,all_invocations,analyzed,valid,,23.60136340000463,23.60136340000463,"{""attempts_missing_call_return"":0,""complete_seconds"":23.60136340000463,""cost_scope"":""All coordinator calls, including additional verification; operational consumption, not standardized time-to-inference"",""known_seconds"":23.60136340000463,""prior_interruption_known_seconds"":0.0,""recorded_measurements"":2,""unknown_measurements"":0,""unknown_time_imputed"":false}"
000db73992a4f8cb5680d1a7,posterior,cuda-rwm-online_picard,4096,22,ordinary_workflow,analyzed,valid,,7.412176300000283,7.412176300000283,"{""attempts_missing_call_return"":0,""complete_seconds"":7.412176300000283,""cost_scope"":""Sum ordinary subprocess creation-through-exit wall over every registered actual attempt; includes ordinary output/diagnostics, excludes outer audit and inter-call waiting"",""known_seconds"":7.412176300000283,""prior_interruption_known_seconds"":0.0,""recorded_measurements"":1,""unknown_measurements"":0,""unknown_time_imputed"":false}"
000db73992a4f8cb5680d1a7,posterior,cuda-rwm-online_picard,4096,22,research_execution,analyzed,valid,,9.87871919999452,9.87871919999452,"{""attempts_missing_call_return"":0,""complete_seconds"":9.87871919999452,""cost_scope"":""Sum all coordinator run/retry calls except completed verification-only returns; includes recorded refusals/recovery/audit/sealing; excludes ledger writes, report observations and inter-call waiting"",""known_seconds"":9.87871919999452,""prior_interruption_known_seconds"":0.0,""recorded_measurements"":1,""unknown_measurements"":0,""unknown_time_imputed"":false}"
000db73992a4f8cb5680d1a7,posterior,cuda-rwm-online_picard,4096,22,additional_verification,analyzed,valid,,0.14629950000016834,0.14629950000016834,"{""attempts_missing_call_return"":0,""complete_seconds"":0.14629950000016834,""cost_scope"":""Completed coordinator calls returning newly_executed=false; kept outside primary execution cost"",""known_seconds"":0.14629950000016834,""prior_interruption_known_seconds"":0.0,""recorded_measurements"":1,""unknown_measurements"":0,""unknown_time_imputed"":false}"
000db73992a4f8cb5680d1a7,posterior,cuda-rwm-online_picard,4096,22,all_invocations,analyzed,valid,,10.025018699994689,10.025018699994689,"{""attempts_missing_call_return"":0,""complete_seconds"":10.025018699994689,""cost_scope"":""All coordinator calls, including additional verification; operational consumption, not standardized time-to-inference"",""known_seconds"":10.025018699994689,""prior_interruption_known_seconds"":0.0,""recorded_measurements"":2,""unknown_measurements"":0,""unknown_time_imputed"":false}"
f967736f4a6f96868c4d0c15,posterior,cuda-rwm-sequential,1024,18,ordinary_workflow,analyzed,valid,,3.7449680999998236,3.7449680999998236,"{""attempts_missing_call_return"":0,""complete_seconds"":3.7449680999998236,""cost_scope"":""Sum ordinary subprocess creation-through-exit wall over every registered actual attempt; includes ordinary output/diagnostics, excludes outer audit and inter-call waiting"",""known_seconds"":3.7449680999998236,""prior_interruption_known_seconds"":0.0,""recorded_measurements"":1,""unknown_measurements"":0,""unknown_time_imputed"":false}"
f967736f4a6f96868c4d0c15,posterior,cuda-rwm-sequential,1024,18,research_execution,analyzed,valid,,6.071431800002756,6.071431800002756,"{""attempts_missing_call_return"":0,""complete_seconds"":6.071431800002756,""cost_scope"":""Sum all coordinator run/retry calls except completed verification-only returns; includes recorded refusals/recovery/audit/sealing; excludes ledger writes, report observations and inter-call waiting"",""known_seconds"":6.071431800002756,""prior_interruption_known_seconds"":0.0,""recorded_measurements"":1,""unknown_measurements"":0,""unknown_time_imputed"":false}"
f967736f4a6f96868c4d0c15,posterior,cuda-rwm-sequential,1024,18,additional_verification,analyzed,valid,,0.14838370000143186,0.14838370000143186,"{""attempts_missing_call_return"":0,""complete_seconds"":0.14838370000143186,""cost_scope"":""Completed coordinator calls returning newly_executed=false; kept outside primary execution cost"",""known_seconds"":0.14838370000143186,""prior_interruption_known_seconds"":0.0,""recorded_measurements"":1,""unknown_measurements"":0,""unknown_time_imputed"":false}"
f967736f4a6f96868c4d0c15,posterior,cuda-rwm-sequential,1024,18,all_invocations,analyzed,valid,,6.219815500004188,6.219815500004188,"{""attempts_missing_call_return"":0,""complete_seconds"":6.219815500004188,""cost_scope"":""All coordinator calls, including additional verification; operational consumption, not standardized time-to-inference"",""known_seconds"":6.219815500004188,""prior_interruption_known_seconds"":0.0,""recorded_measurements"":2,""unknown_measurements"":0,""unknown_time_imputed"":false}"
cd65de0b11ee7c3ca00356ea,posterior,cuda-rwm-online_picard,1024,17,ordinary_workflow,analyzed,valid,,3.7764157999990857,3.7764157999990857,"{""attempts_missing_call_return"":0,""complete_seconds"":3.7764157999990857,""cost_scope"":""Sum ordinary subprocess creation-through-exit wall over every registered actual attempt; includes ordinary output/diagnostics, excludes outer audit and inter-call waiting"",""known_seconds"":3.7764157999990857,""prior_interruption_known_seconds"":0.0,""recorded_measurements"":1,""unknown_measurements"":0,""unknown_time_imputed"":false}"
cd65de0b11ee7c3ca00356ea,posterior,cuda-rwm-online_picard,1024,17,research_execution,analyzed,valid,,5.964300200001162,5.964300200001162,"{""attempts_missing_call_return"":0,""complete_seconds"":5.964300200001162,""cost_scope"":""Sum all coordinator run/retry calls except completed verification-only returns; includes recorded refusals/recovery/audit/sealing; excludes ledger writes, report observations and inter-call waiting"",""known_seconds"":5.964300200001162,""prior_interruption_known_seconds"":0.0,""recorded_measurements"":1,""unknown_measurements"":0,""unknown_time_imputed"":false}"
cd65de0b11ee7c3ca00356ea,posterior,cuda-rwm-online_picard,1024,17,additional_verification,analyzed,valid,,0.14835950000269804,0.14835950000269804,"{""attempts_missing_call_return"":0,""complete_seconds"":0.14835950000269804,""cost_scope"":""Completed coordinator calls returning newly_executed=false; kept outside primary execution cost"",""known_seconds"":0.14835950000269804,""prior_interruption_known_seconds"":0.0,""recorded_measurements"":1,""unknown_measurements"":0,""unknown_time_imputed"":false}"
cd65de0b11ee7c3ca00356ea,posterior,cuda-rwm-online_picard,1024,17,all_invocations,analyzed,valid,,6.11265970000386,6.11265970000386,"{""attempts_missing_call_return"":0,""complete_seconds"":6.11265970000386,""cost_scope"":""All coordinator calls, including additional verification; operational consumption, not standardized time-to-inference"",""known_seconds"":6.11265970000386,""prior_interruption_known_seconds"":0.0,""recorded_measurements"":2,""unknown_measurements"":0,""unknown_time_imputed"":false}"
9d159f1e23c8fb195e4cd75d,posterior,cpu-mala-sequential,4096,19,ordinary_workflow,analyzed,valid,,8.473347499995725,8.473347499995725,"{""attempts_missing_call_return"":0,""complete_seconds"":8.473347499995725,""cost_scope"":""Sum ordinary subprocess creation-through-exit wall over every registered actual attempt; includes ordinary output/diagnostics, excludes outer audit and inter-call waiting"",""known_seconds"":8.473347499995725,""prior_interruption_known_seconds"":0.0,""recorded_measurements"":1,""unknown_measurements"":0,""unknown_time_imputed"":false}"
9d159f1e23c8fb195e4cd75d,posterior,cpu-mala-sequential,4096,19,research_execution,analyzed,valid,,11.287331400002586,11.287331400002586,"{""attempts_missing_call_return"":0,""complete_seconds"":11.287331400002586,""cost_scope"":""Sum all coordinator run/retry calls except completed verification-only returns; includes recorded refusals/recovery/audit/sealing; excludes ledger writes, report observations and inter-call waiting"",""known_seconds"":11.287331400002586,""prior_interruption_known_seconds"":0.0,""recorded_measurements"":1,""unknown_measurements"":0,""unknown_time_imputed"":false}"
9d159f1e23c8fb195e4cd75d,posterior,cpu-mala-sequential,4096,19,additional_verification,analyzed,valid,,0.147493200001918,0.147493200001918,"{""attempts_missing_call_return"":0,""complete_seconds"":0.147493200001918,""cost_scope"":""Completed coordinator calls returning newly_executed=false; kept outside primary execution cost"",""known_seconds"":0.147493200001918,""prior_interruption_known_seconds"":0.0,""recorded_measurements"":1,""unknown_measurements"":0,""unknown_time_imputed"":false}"
9d159f1e23c8fb195e4cd75d,posterior,cpu-mala-sequential,4096,19,all_invocations,analyzed,valid,,11.434824600004504,11.434824600004504,"{""attempts_missing_call_return"":0,""complete_seconds"":11.434824600004504,""cost_scope"":""All coordinator calls, including additional verification; operational consumption, not standardized time-to-inference"",""known_seconds"":11.434824600004504,""prior_interruption_known_seconds"":0.0,""recorded_measurements"":2,""unknown_measurements"":0,""unknown_time_imputed"":false}"
3d2dbe1715981aef746b52af,posterior,cpu-rwm-sequential,4096,22,ordinary_workflow,analyzed,valid,,3.382825500004401,3.382825500004401,"{""attempts_missing_call_return"":0,""complete_seconds"":3.382825500004401,""cost_scope"":""Sum ordinary subprocess creation-through-exit wall over every registered actual attempt; includes ordinary output/diagnostics, excludes outer audit and inter-call waiting"",""known_seconds"":3.382825500004401,""prior_interruption_known_seconds"":0.0,""recorded_measurements"":1,""unknown_measurements"":0,""unknown_time_imputed"":false}"
3d2dbe1715981aef746b52af,posterior,cpu-rwm-sequential,4096,22,research_execution,analyzed,valid,,5.720833500003209,5.720833500003209,"{""attempts_missing_call_return"":0,""complete_seconds"":5.720833500003209,""cost_scope"":""Sum all coordinator run/retry calls except completed verification-only returns; includes recorded refusals/recovery/audit/sealing; excludes ledger writes, report observations and inter-call waiting"",""known_seconds"":5.720833500003209,""prior_interruption_known_seconds"":0.0,""recorded_measurements"":1,""unknown_measurements"":0,""unknown_time_imputed"":false}"
3d2dbe1715981aef746b52af,posterior,cpu-rwm-sequential,4096,22,additional_verification,analyzed,valid,,0.14740570000139996,0.14740570000139996,"{""attempts_missing_call_return"":0,""complete_seconds"":0.14740570000139996,""cost_scope"":""Completed coordinator calls returning newly_executed=false; kept outside primary execution cost"",""known_seconds"":0.14740570000139996,""prior_interruption_known_seconds"":0.0,""recorded_measurements"":1,""unknown_measurements"":0,""unknown_time_imputed"":false}"
3d2dbe1715981aef746b52af,posterior,cpu-rwm-sequential,4096,22,all_invocations,analyzed,valid,,5.868239200004609,5.868239200004609,"{""attempts_missing_call_return"":0,""complete_seconds"":5.868239200004609,""cost_scope"":""All coordinator calls, including additional verification; operational consumption, not standardized time-to-inference"",""known_seconds"":5.868239200004609,""prior_interruption_known_seconds"":0.0,""recorded_measurements"":2,""unknown_measurements"":0,""unknown_time_imputed"":false}"
845f42d8781bea224ab9eead,posterior,cpu-rwm-online_picard,1024,18,ordinary_workflow,analyzed,valid,,2.7405713999978616,2.7405713999978616,"{""attempts_missing_call_return"":0,""complete_seconds"":2.7405713999978616,""cost_scope"":""Sum ordinary subprocess creation-through-exit wall over every registered actual attempt; includes ordinary output/diagnostics, excludes outer audit and inter-call waiting"",""known_seconds"":2.7405713999978616,""prior_interruption_known_seconds"":0.0,""recorded_measurements"":1,""unknown_measurements"":0,""unknown_time_imputed"":false}"
845f42d8781bea224ab9eead,posterior,cpu-rwm-online_picard,1024,18,research_execution,analyzed,valid,,5.0779466000021785,5.0779466000021785,"{""attempts_missing_call_return"":0,""complete_seconds"":5.0779466000021785,""cost_scope"":""Sum all coordinator run/retry calls except completed verification-only returns; includes recorded refusals/recovery/audit/sealing; excludes ledger writes, report observations and inter-call waiting"",""known_seconds"":5.0779466000021785,""prior_interruption_known_seconds"":0.0,""recorded_measurements"":1,""unknown_measurements"":0,""unknown_time_imputed"":false}"
845f42d8781bea224ab9eead,posterior,cpu-rwm-online_picard,1024,18,additional_verification,analyzed,valid,,0.14371110000138287,0.14371110000138287,"{""attempts_missing_call_return"":0,""complete_seconds"":0.14371110000138287,""cost_scope"":""Completed coordinator calls returning newly_executed=false; kept outside primary execution cost"",""known_seconds"":0.14371110000138287,""prior_interruption_known_seconds"":0.0,""recorded_measurements"":1,""unknown_measurements"":0,""unknown_time_imputed"":false}"
845f42d8781bea224ab9eead,posterior,cpu-rwm-online_picard,1024,18,all_invocations,analyzed,valid,,5.221657700003561,5.221657700003561,"{""attempts_missing_call_return"":0,""complete_seconds"":5.221657700003561,""cost_scope"":""All coordinator calls, including additional verification; operational consumption, not standardized time-to-inference"",""known_seconds"":5.221657700003561,""prior_interruption_known_seconds"":0.0,""recorded_measurements"":2,""unknown_measurements"":0,""unknown_time_imputed"":false}"
1c9caf2cde5160d1fbfcfeb7,posterior,cpu-mala-sequential,4096,22,ordinary_workflow,analyzed,valid,,8.465712700002769,8.465712700002769,"{""attempts_missing_call_return"":0,""complete_seconds"":8.465712700002769,""cost_scope"":""Sum ordinary subprocess creation-through-exit wall over every registered actual attempt; includes ordinary output/diagnostics, excludes outer audit and inter-call waiting"",""known_seconds"":8.465712700002769,""prior_interruption_known_seconds"":0.0,""recorded_measurements"":1,""unknown_measurements"":0,""unknown_time_imputed"":false}"
1c9caf2cde5160d1fbfcfeb7,posterior,cpu-mala-sequential,4096,22,research_execution,analyzed,valid,,11.296182100006263,11.296182100006263,"{""attempts_missing_call_return"":0,""complete_seconds"":11.296182100006263,""cost_scope"":""Sum all coordinator run/retry calls except completed verification-only returns; includes recorded refusals/recovery/audit/sealing; excludes ledger writes, report observations and inter-call waiting"",""known_seconds"":11.296182100006263,""prior_interruption_known_seconds"":0.0,""recorded_measurements"":1,""unknown_measurements"":0,""unknown_time_imputed"":false}"
1c9caf2cde5160d1fbfcfeb7,posterior,cpu-mala-sequential,4096,22,additional_verification,analyzed,valid,,0.14400000000023283,0.14400000000023283,"{""attempts_missing_call_return"":0,""complete_seconds"":0.14400000000023283,""cost_scope"":""Completed coordinator calls returning newly_executed=false; kept outside primary execution cost"",""known_seconds"":0.14400000000023283,""prior_interruption_known_seconds"":0.0,""recorded_measurements"":1,""unknown_measurements"":0,""unknown_time_imputed"":false}"
1c9caf2cde5160d1fbfcfeb7,posterior,cpu-mala-sequential,4096,22,all_invocations,analyzed,valid,,11.440182100006496,11.440182100006496,"{""attempts_missing_call_return"":0,""complete_seconds"":11.440182100006496,""cost_scope"":""All coordinator calls, including additional verification; operational consumption, not standardized time-to-inference"",""known_seconds"":11.440182100006496,""prior_interruption_known_seconds"":0.0,""recorded_measurements"":2,""unknown_measurements"":0,""unknown_time_imputed"":false}"
60fc6fcd816d4b7e595ad6b2,posterior,cpu-mala-quasi_deer,1024,21,ordinary_workflow,analyzed,valid,,11.17596319999575,11.17596319999575,"{""attempts_missing_call_return"":0,""complete_seconds"":11.17596319999575,""cost_scope"":""Sum ordinary subprocess creation-through-exit wall over every registered actual attempt; includes ordinary output/diagnostics, excludes outer audit and inter-call waiting"",""known_seconds"":11.17596319999575,""prior_interruption_known_seconds"":0.0,""recorded_measurements"":1,""unknown_measurements"":0,""unknown_time_imputed"":false}"
60fc6fcd816d4b7e595ad6b2,posterior,cpu-mala-quasi_deer,1024,21,research_execution,analyzed,valid,,13.604706199999782,13.604706199999782,"{""attempts_missing_call_return"":0,""complete_seconds"":13.604706199999782,""cost_scope"":""Sum all coordinator run/retry calls except completed verification-only returns; includes recorded refusals/recovery/audit/sealing; excludes ledger writes, report observations and inter-call waiting"",""known_seconds"":13.604706199999782,""prior_interruption_known_seconds"":0.0,""recorded_measurements"":1,""unknown_measurements"":0,""unknown_time_imputed"":false}"
60fc6fcd816d4b7e595ad6b2,posterior,cpu-mala-quasi_deer,1024,21,additional_verification,analyzed,valid,,0.1455863999981375,0.1455863999981375,"{""attempts_missing_call_return"":0,""complete_seconds"":0.1455863999981375,""cost_scope"":""Completed coordinator calls returning newly_executed=false; kept outside primary execution cost"",""known_seconds"":0.1455863999981375,""prior_interruption_known_seconds"":0.0,""recorded_measurements"":1,""unknown_measurements"":0,""unknown_time_imputed"":false}"
60fc6fcd816d4b7e595ad6b2,posterior,cpu-mala-quasi_deer,1024,21,all_invocations,analyzed,valid,,13.75029259999792,13.75029259999792,"{""attempts_missing_call_return"":0,""complete_seconds"":13.75029259999792,""cost_scope"":""All coordinator calls, including additional verification; operational consumption, not standardized time-to-inference"",""known_seconds"":13.75029259999792,""prior_interruption_known_seconds"":0.0,""recorded_measurements"":2,""unknown_measurements"":0,""unknown_time_imputed"":false}"
c5b7e61ccbb4ec16f5a1e699,posterior,cuda-rwm-online_picard,4096,21,ordinary_workflow,analyzed,valid,,6.839569899995695,6.839569899995695,"{""attempts_missing_call_return"":0,""complete_seconds"":6.839569899995695,""cost_scope"":""Sum ordinary subprocess creation-through-exit wall over every registered actual attempt; includes ordinary output/diagnostics, excludes outer audit and inter-call waiting"",""known_seconds"":6.839569899995695,""prior_interruption_known_seconds"":0.0,""recorded_measurements"":1,""unknown_measurements"":0,""unknown_time_imputed"":false}"
c5b7e61ccbb4ec16f5a1e699,posterior,cuda-rwm-online_picard,4096,21,research_execution,analyzed,valid,,9.25306150000688,9.25306150000688,"{""attempts_missing_call_return"":0,""complete_seconds"":9.25306150000688,""cost_scope"":""Sum all coordinator run/retry calls except completed verification-only returns; includes recorded refusals/recovery/audit/sealing; excludes ledger writes, report observations and inter-call waiting"",""known_seconds"":9.25306150000688,""prior_interruption_known_seconds"":0.0,""recorded_measurements"":1,""unknown_measurements"":0,""unknown_time_imputed"":false}"
c5b7e61ccbb4ec16f5a1e699,posterior,cuda-rwm-online_picard,4096,21,additional_verification,analyzed,valid,,0.14920229999916046,0.14920229999916046,"{""attempts_missing_call_return"":0,""complete_seconds"":0.14920229999916046,""cost_scope"":""Completed coordinator calls returning newly_executed=false; kept outside primary execution cost"",""known_seconds"":0.14920229999916046,""prior_interruption_known_seconds"":0.0,""recorded_measurements"":1,""unknown_measurements"":0,""unknown_time_imputed"":false}"
c5b7e61ccbb4ec16f5a1e699,posterior,cuda-rwm-online_picard,4096,21,all_invocations,analyzed,valid,,9.40226380000604,9.40226380000604,"{""attempts_missing_call_return"":0,""complete_seconds"":9.40226380000604,""cost_scope"":""All coordinator calls, including additional verification; operational consumption, not standardized time-to-inference"",""known_seconds"":9.40226380000604,""prior_interruption_known_seconds"":0.0,""recorded_measurements"":2,""unknown_measurements"":0,""unknown_time_imputed"":false}"
8dab8b492654b34070cbbe93,posterior,cpu-rwm-online_picard,1024,21,ordinary_workflow,analyzed,valid,,2.6807664999942062,2.6807664999942062,"{""attempts_missing_call_return"":0,""complete_seconds"":2.6807664999942062,""cost_scope"":""Sum ordinary subprocess creation-through-exit wall over every registered actual attempt; includes ordinary output/diagnostics, excludes outer audit and inter-call waiting"",""known_seconds"":2.6807664999942062,""prior_interruption_known_seconds"":0.0,""recorded_measurements"":1,""unknown_measurements"":0,""unknown_time_imputed"":false}"
8dab8b492654b34070cbbe93,posterior,cpu-rwm-online_picard,1024,21,research_execution,analyzed,valid,,4.886348400003044,4.886348400003044,"{""attempts_missing_call_return"":0,""complete_seconds"":4.886348400003044,""cost_scope"":""Sum all coordinator run/retry calls except completed verification-only returns; includes recorded refusals/recovery/audit/sealing; excludes ledger writes, report observations and inter-call waiting"",""known_seconds"":4.886348400003044,""prior_interruption_known_seconds"":0.0,""recorded_measurements"":1,""unknown_measurements"":0,""unknown_time_imputed"":false}"
8dab8b492654b34070cbbe93,posterior,cpu-rwm-online_picard,1024,21,additional_verification,analyzed,valid,,0.14437890000044717,0.14437890000044717,"{""attempts_missing_call_return"":0,""complete_seconds"":0.14437890000044717,""cost_scope"":""Completed coordinator calls returning newly_executed=false; kept outside primary execution cost"",""known_seconds"":0.14437890000044717,""prior_interruption_known_seconds"":0.0,""recorded_measurements"":1,""unknown_measurements"":0,""unknown_time_imputed"":false}"
8dab8b492654b34070cbbe93,posterior,cpu-rwm-online_picard,1024,21,all_invocations,analyzed,valid,,5.030727300003491,5.030727300003491,"{""attempts_missing_call_return"":0,""complete_seconds"":5.030727300003491,""cost_scope"":""All coordinator calls, including additional verification; operational consumption, not standardized time-to-inference"",""known_seconds"":5.030727300003491,""prior_interruption_known_seconds"":0.0,""recorded_measurements"":2,""unknown_measurements"":0,""unknown_time_imputed"":false}"
256bdfbaf30016093ce67aa3,posterior,cuda-rwm-sequential,1024,19,ordinary_workflow,analyzed,valid,,3.76179140000022,3.76179140000022,"{""attempts_missing_call_return"":0,""complete_seconds"":3.76179140000022,""cost_scope"":""Sum ordinary subprocess creation-through-exit wall over every registered actual attempt; includes ordinary output/diagnostics, excludes outer audit and inter-call waiting"",""known_seconds"":3.76179140000022,""prior_interruption_known_seconds"":0.0,""recorded_measurements"":1,""unknown_measurements"":0,""unknown_time_imputed"":false}"
256bdfbaf30016093ce67aa3,posterior,cuda-rwm-sequential,1024,19,research_execution,analyzed,valid,,6.133171900000889,6.133171900000889,"{""attempts_missing_call_return"":0,""complete_seconds"":6.133171900000889,""cost_scope"":""Sum all coordinator run/retry calls except completed verification-only returns; includes recorded refusals/recovery/audit/sealing; excludes ledger writes, report observations and inter-call waiting"",""known_seconds"":6.133171900000889,""prior_interruption_known_seconds"":0.0,""recorded_measurements"":1,""unknown_measurements"":0,""unknown_time_imputed"":false}"
256bdfbaf30016093ce67aa3,posterior,cuda-rwm-sequential,1024,19,additional_verification,analyzed,valid,,0.1498699999974633,0.1498699999974633,"{""attempts_missing_call_return"":0,""complete_seconds"":0.1498699999974633,""cost_scope"":""Completed coordinator calls returning newly_executed=false; kept outside primary execution cost"",""known_seconds"":0.1498699999974633,""prior_interruption_known_seconds"":0.0,""recorded_measurements"":1,""unknown_measurements"":0,""unknown_time_imputed"":false}"
256bdfbaf30016093ce67aa3,posterior,cuda-rwm-sequential,1024,19,all_invocations,analyzed,valid,,6.283041899998352,6.283041899998352,"{""attempts_missing_call_return"":0,""complete_seconds"":6.283041899998352,""cost_scope"":""All coordinator calls, including additional verification; operational consumption, not standardized time-to-inference"",""known_seconds"":6.283041899998352,""prior_interruption_known_seconds"":0.0,""recorded_measurements"":2,""unknown_measurements"":0,""unknown_time_imputed"":false}"
32a4c15133bd9d747ae982cd,posterior,cuda-mala-quasi_deer,1024,20,ordinary_workflow,analyzed,valid,,23.36095999999816,23.36095999999816,"{""attempts_missing_call_return"":0,""complete_seconds"":23.36095999999816,""cost_scope"":""Sum ordinary subprocess creation-through-exit wall over every registered actual attempt; includes ordinary output/diagnostics, excludes outer audit and inter-call waiting"",""known_seconds"":23.36095999999816,""prior_interruption_known_seconds"":0.0,""recorded_measurements"":1,""unknown_measurements"":0,""unknown_time_imputed"":false}"
32a4c15133bd9d747ae982cd,posterior,cuda-mala-quasi_deer,1024,20,research_execution,analyzed,valid,,25.757088599995768,25.757088599995768,"{""attempts_missing_call_return"":0,""complete_seconds"":25.757088599995768,""cost_scope"":""Sum all coordinator run/retry calls except completed verification-only returns; includes recorded refusals/recovery/audit/sealing; excludes ledger writes, report observations and inter-call waiting"",""known_seconds"":25.757088599995768,""prior_interruption_known_seconds"":0.0,""recorded_measurements"":1,""unknown_measurements"":0,""unknown_time_imputed"":false}"
32a4c15133bd9d747ae982cd,posterior,cuda-mala-quasi_deer,1024,20,additional_verification,analyzed,valid,,0.16831069999898318,0.16831069999898318,"{""attempts_missing_call_return"":0,""complete_seconds"":0.16831069999898318,""cost_scope"":""Completed coordinator calls returning newly_executed=false; kept outside primary execution cost"",""known_seconds"":0.16831069999898318,""prior_interruption_known_seconds"":0.0,""recorded_measurements"":1,""unknown_measurements"":0,""unknown_time_imputed"":false}"
32a4c15133bd9d747ae982cd,posterior,cuda-mala-quasi_deer,1024,20,all_invocations,analyzed,valid,,25.92539929999475,25.92539929999475,"{""attempts_missing_call_return"":0,""complete_seconds"":25.92539929999475,""cost_scope"":""All coordinator calls, including additional verification; operational consumption, not standardized time-to-inference"",""known_seconds"":25.92539929999475,""prior_interruption_known_seconds"":0.0,""recorded_measurements"":2,""unknown_measurements"":0,""unknown_time_imputed"":false}"
e70c5079628f44745d54bd9b,posterior,cuda-rwm-sequential,4096,22,ordinary_workflow,analyzed,valid,,7.374395099999674,7.374395099999674,"{""attempts_missing_call_return"":0,""complete_seconds"":7.374395099999674,""cost_scope"":""Sum ordinary subprocess creation-through-exit wall over every registered actual attempt; includes ordinary output/diagnostics, excludes outer audit and inter-call waiting"",""known_seconds"":7.374395099999674,""prior_interruption_known_seconds"":0.0,""recorded_measurements"":1,""unknown_measurements"":0,""unknown_time_imputed"":false}"
e70c5079628f44745d54bd9b,posterior,cuda-rwm-sequential,4096,22,research_execution,analyzed,valid,,9.707019100002071,9.707019100002071,"{""attempts_missing_call_return"":0,""complete_seconds"":9.707019100002071,""cost_scope"":""Sum all coordinator run/retry calls except completed verification-only returns; includes recorded refusals/recovery/audit/sealing; excludes ledger writes, report observations and inter-call waiting"",""known_seconds"":9.707019100002071,""prior_interruption_known_seconds"":0.0,""recorded_measurements"":1,""unknown_measurements"":0,""unknown_time_imputed"":false}"
e70c5079628f44745d54bd9b,posterior,cuda-rwm-sequential,4096,22,additional_verification,analyzed,valid,,0.16134539999984554,0.16134539999984554,"{""attempts_missing_call_return"":0,""complete_seconds"":0.16134539999984554,""cost_scope"":""Completed coordinator calls returning newly_executed=false; kept outside primary execution cost"",""known_seconds"":0.16134539999984554,""prior_interruption_known_seconds"":0.0,""recorded_measurements"":1,""unknown_measurements"":0,""unknown_time_imputed"":false}"
e70c5079628f44745d54bd9b,posterior,cuda-rwm-sequential,4096,22,all_invocations,analyzed,valid,,9.868364500001917,9.868364500001917,"{""attempts_missing_call_return"":0,""complete_seconds"":9.868364500001917,""cost_scope"":""All coordinator calls, including additional verification; operational consumption, not standardized time-to-inference"",""known_seconds"":9.868364500001917,""prior_interruption_known_seconds"":0.0,""recorded_measurements"":2,""unknown_measurements"":0,""unknown_time_imputed"":false}"
ce2154051cb89a6ae036d222,posterior,cuda-mala-sequential,1024,18,ordinary_workflow,analyzed,valid,,8.97579869999754,8.97579869999754,"{""attempts_missing_call_return"":0,""complete_seconds"":8.97579869999754,""cost_scope"":""Sum ordinary subprocess creation-through-exit wall over every registered actual attempt; includes ordinary output/diagnostics, excludes outer audit and inter-call waiting"",""known_seconds"":8.97579869999754,""prior_interruption_known_seconds"":0.0,""recorded_measurements"":1,""unknown_measurements"":0,""unknown_time_imputed"":false}"
ce2154051cb89a6ae036d222,posterior,cuda-mala-sequential,1024,18,research_execution,analyzed,valid,,11.434203900003922,11.434203900003922,"{""attempts_missing_call_return"":0,""complete_seconds"":11.434203900003922,""cost_scope"":""Sum all coordinator run/retry calls except completed verification-only returns; includes recorded refusals/recovery/audit/sealing; excludes ledger writes, report observations and inter-call waiting"",""known_seconds"":11.434203900003922,""prior_interruption_known_seconds"":0.0,""recorded_measurements"":1,""unknown_measurements"":0,""unknown_time_imputed"":false}"
ce2154051cb89a6ae036d222,posterior,cuda-mala-sequential,1024,18,additional_verification,analyzed,valid,,0.1582340999993903,0.1582340999993903,"{""attempts_missing_call_return"":0,""complete_seconds"":0.1582340999993903,""cost_scope"":""Completed coordinator calls returning newly_executed=false; kept outside primary execution cost"",""known_seconds"":0.1582340999993903,""prior_interruption_known_seconds"":0.0,""recorded_measurements"":1,""unknown_measurements"":0,""unknown_time_imputed"":false}"
ce2154051cb89a6ae036d222,posterior,cuda-mala-sequential,1024,18,all_invocations,analyzed,valid,,11.592438000003312,11.592438000003312,"{""attempts_missing_call_return"":0,""complete_seconds"":11.592438000003312,""cost_scope"":""All coordinator calls, including additional verification; operational consumption, not standardized time-to-inference"",""known_seconds"":11.592438000003312,""prior_interruption_known_seconds"":0.0,""recorded_measurements"":2,""unknown_measurements"":0,""unknown_time_imputed"":false}"
1757c9ba32459047ef8cd128,posterior,cpu-nuts-spawn_chains,4096,23,ordinary_workflow,analyzed,valid,,48.93724099999963,48.93724099999963,"{""attempts_missing_call_return"":0,""complete_seconds"":48.93724099999963,""cost_scope"":""Sum ordinary subprocess creation-through-exit wall over every registered actual attempt; includes ordinary output/diagnostics, excludes outer audit and inter-call waiting"",""known_seconds"":48.93724099999963,""prior_interruption_known_seconds"":0.0,""recorded_measurements"":1,""unknown_measurements"":0,""unknown_time_imputed"":false}"
1757c9ba32459047ef8cd128,posterior,cpu-nuts-spawn_chains,4096,23,research_execution,analyzed,valid,,51.141074899998785,51.141074899998785,"{""attempts_missing_call_return"":0,""complete_seconds"":51.141074899998785,""cost_scope"":""Sum all coordinator run/retry calls except completed verification-only returns; includes recorded refusals/recovery/audit/sealing; excludes ledger writes, report observations and inter-call waiting"",""known_seconds"":51.141074899998785,""prior_interruption_known_seconds"":0.0,""recorded_measurements"":1,""unknown_measurements"":0,""unknown_time_imputed"":false}"
1757c9ba32459047ef8cd128,posterior,cpu-nuts-spawn_chains,4096,23,additional_verification,analyzed,valid,,0.15792730000248412,0.15792730000248412,"{""attempts_missing_call_return"":0,""complete_seconds"":0.15792730000248412,""cost_scope"":""Completed coordinator calls returning newly_executed=false; kept outside primary execution cost"",""known_seconds"":0.15792730000248412,""prior_interruption_known_seconds"":0.0,""recorded_measurements"":1,""unknown_measurements"":0,""unknown_time_imputed"":false}"
1757c9ba32459047ef8cd128,posterior,cpu-nuts-spawn_chains,4096,23,all_invocations,analyzed,valid,,51.29900220000127,51.29900220000127,"{""attempts_missing_call_return"":0,""complete_seconds"":51.29900220000127,""cost_scope"":""All coordinator calls, including additional verification; operational consumption, not standardized time-to-inference"",""known_seconds"":51.29900220000127,""prior_interruption_known_seconds"":0.0,""recorded_measurements"":2,""unknown_measurements"":0,""unknown_time_imputed"":false}"
b5f01ce7c9cccbbab1e7b513,posterior,cpu-rwm-sequential,1024,19,ordinary_workflow,analyzed,valid,,2.5554192999989027,2.5554192999989027,"{""attempts_missing_call_return"":0,""complete_seconds"":2.5554192999989027,""cost_scope"":""Sum ordinary subprocess creation-through-exit wall over every registered actual attempt; includes ordinary output/diagnostics, excludes outer audit and inter-call waiting"",""known_seconds"":2.5554192999989027,""prior_interruption_known_seconds"":0.0,""recorded_measurements"":1,""unknown_measurements"":0,""unknown_time_imputed"":false}"
b5f01ce7c9cccbbab1e7b513,posterior,cpu-rwm-sequential,1024,19,research_execution,analyzed,valid,,4.923056300001917,4.923056300001917,"{""attempts_missing_call_return"":0,""complete_seconds"":4.923056300001917,""cost_scope"":""Sum all coordinator run/retry calls except completed verification-only returns; includes recorded refusals/recovery/audit/sealing; excludes ledger writes, report observations and inter-call waiting"",""known_seconds"":4.923056300001917,""prior_interruption_known_seconds"":0.0,""recorded_measurements"":1,""unknown_measurements"":0,""unknown_time_imputed"":false}"
b5f01ce7c9cccbbab1e7b513,posterior,cpu-rwm-sequential,1024,19,additional_verification,analyzed,valid,,0.1452694999970845,0.1452694999970845,"{""attempts_missing_call_return"":0,""complete_seconds"":0.1452694999970845,""cost_scope"":""Completed coordinator calls returning newly_executed=false; kept outside primary execution cost"",""known_seconds"":0.1452694999970845,""prior_interruption_known_seconds"":0.0,""recorded_measurements"":1,""unknown_measurements"":0,""unknown_time_imputed"":false}"
b5f01ce7c9cccbbab1e7b513,posterior,cpu-rwm-sequential,1024,19,all_invocations,analyzed,valid,,5.068325799999002,5.068325799999002,"{""attempts_missing_call_return"":0,""complete_seconds"":5.068325799999002,""cost_scope"":""All coordinator calls, including additional verification; operational consumption, not standardized time-to-inference"",""known_seconds"":5.068325799999002,""prior_interruption_known_seconds"":0.0,""recorded_measurements"":2,""unknown_measurements"":0,""unknown_time_imputed"":false}"
