model,workflow,budget,function,planned,valid,failed_or_unavailable,reference_point,reference_adequacy,reference_mcse,conditional_squared_discrepancy,unconditional_squared_discrepancy,squared_discrepancy_standard_error,reference_shift_min,reference_shift_max,reference_shift_is_confidence_interval,planning_repetitions_relative_25pct,planning_note
G1,rwm,256,standard_q1,4,4,0,0.0,analytic,0.0,0.014593883643547327,0.014593883643547327,0.005178681827335178,0.014593883643547327,0.014593883643547327,False,31,"Illustrative normal-approximation n from pilot squared-discrepancy variability; not a power calculation, bias bound, convergence test or automatic formal-study decision."
G1,rwm,256,standard_q1_squared,4,4,0,1.0,analytic,0.0,0.014147048974198202,0.014147048974198202,0.003871194754856935,0.014147048974198202,0.014147048974198202,False,19,"Illustrative normal-approximation n from pilot squared-discrepancy variability; not a power calculation, bias bound, convergence test or automatic formal-study decision."
G1,rwm,256,standard_q1_gt1,4,4,0,0.15865525393145707,analytic,0.0,0.0009257106986765869,0.0009257106986765869,0.0008539942208692542,0.0009257106986765869,0.0009257106986765869,False,210,"Illustrative normal-approximation n from pilot squared-discrepancy variability; not a power calculation, bias bound, convergence test or automatic formal-study decision."
G1,rwm,1024,standard_q1,4,4,0,0.0,analytic,0.0,0.011866319332401482,0.011866319332401482,0.007886903603061357,0.011866319332401482,0.011866319332401482,False,109,"Illustrative normal-approximation n from pilot squared-discrepancy variability; not a power calculation, bias bound, convergence test or automatic formal-study decision."
G1,rwm,1024,standard_q1_squared,4,4,0,1.0,analytic,0.0,0.005276898604875302,0.005276898604875302,0.004125518174048127,0.005276898604875302,0.005276898604875302,False,151,"Illustrative normal-approximation n from pilot squared-discrepancy variability; not a power calculation, bias bound, convergence test or automatic formal-study decision."
G1,rwm,1024,standard_q1_gt1,4,4,0,0.15865525393145707,analytic,0.0,0.0008914729254520136,0.0008914729254520136,0.0004763517161510888,0.0008914729254520136,0.0008914729254520136,False,71,"Illustrative normal-approximation n from pilot squared-discrepancy variability; not a power calculation, bias bound, convergence test or automatic formal-study decision."
G1,rwm,4096,standard_q1,4,4,0,0.0,analytic,0.0,0.0030821043533872574,0.0030821043533872574,0.0019930830272611257,0.0030821043533872574,0.0030821043533872574,False,103,"Illustrative normal-approximation n from pilot squared-discrepancy variability; not a power calculation, bias bound, convergence test or automatic formal-study decision."
G1,rwm,4096,standard_q1_squared,4,4,0,1.0,analytic,0.0,0.0017959882422743075,0.0017959882422743075,0.0012947548024304367,0.0017959882422743075,0.0017959882422743075,False,128,"Illustrative normal-approximation n from pilot squared-discrepancy variability; not a power calculation, bias bound, convergence test or automatic formal-study decision."
G1,rwm,4096,standard_q1_gt1,4,4,0,0.15865525393145707,analytic,0.0,0.00036489158433828316,0.00036489158433828316,9.564661096314733e-05,0.00036489158433828316,0.00036489158433828316,False,17,"Illustrative normal-approximation n from pilot squared-discrepancy variability; not a power calculation, bias bound, convergence test or automatic formal-study decision."
G1,mala,256,standard_q1,4,4,0,0.0,analytic,0.0,0.004695221781423593,0.004695221781423593,0.0018820197042125973,0.004695221781423593,0.004695221781423593,False,40,"Illustrative normal-approximation n from pilot squared-discrepancy variability; not a power calculation, bias bound, convergence test or automatic formal-study decision."
G1,mala,256,standard_q1_squared,4,4,0,1.0,analytic,0.0,0.002153228026424442,0.002153228026424442,0.001909666628328997,0.002153228026424442,0.002153228026424442,False,194,"Illustrative normal-approximation n from pilot squared-discrepancy variability; not a power calculation, bias bound, convergence test or automatic formal-study decision."
G1,mala,256,standard_q1_gt1,4,4,0,0.15865525393145707,analytic,0.0,0.0008095919145657753,0.0008095919145657753,0.000523560631362142,0.0008095919145657753,0.0008095919145657753,False,103,"Illustrative normal-approximation n from pilot squared-discrepancy variability; not a power calculation, bias bound, convergence test or automatic formal-study decision."
G1,mala,1024,standard_q1,4,4,0,0.0,analytic,0.0,0.0002180027131306827,0.0002180027131306827,0.0001240298949358832,0.0002180027131306827,0.0002180027131306827,False,80,"Illustrative normal-approximation n from pilot squared-discrepancy variability; not a power calculation, bias bound, convergence test or automatic formal-study decision."
G1,mala,1024,standard_q1_squared,4,4,0,1.0,analytic,0.0,0.0007819051931421974,0.0007819051931421974,0.00047911950382618294,0.0007819051931421974,0.0007819051931421974,False,93,"Illustrative normal-approximation n from pilot squared-discrepancy variability; not a power calculation, bias bound, convergence test or automatic formal-study decision."
G1,mala,1024,standard_q1_gt1,4,4,0,0.15865525393145707,analytic,0.0,1.767637310748014e-05,1.767637310748014e-05,1.0059076231827303e-05,1.767637310748014e-05,1.767637310748014e-05,False,80,"Illustrative normal-approximation n from pilot squared-discrepancy variability; not a power calculation, bias bound, convergence test or automatic formal-study decision."
G1,mala,4096,standard_q1,4,4,0,0.0,analytic,0.0,8.914299836555822e-05,8.914299836555822e-05,8.586096656983432e-05,8.914299836555822e-05,8.914299836555822e-05,False,229,"Illustrative normal-approximation n from pilot squared-discrepancy variability; not a power calculation, bias bound, convergence test or automatic formal-study decision."
G1,mala,4096,standard_q1_squared,4,4,0,1.0,analytic,0.0,0.00040315938386477774,0.00040315938386477774,0.0003630188197434895,0.00040315938386477774,0.00040315938386477774,False,200,"Illustrative normal-approximation n from pilot squared-discrepancy variability; not a power calculation, bias bound, convergence test or automatic formal-study decision."
G1,mala,4096,standard_q1_gt1,4,4,0,0.15865525393145707,analytic,0.0,2.918419367604398e-05,2.918419367604398e-05,2.0323215340532327e-05,2.918419367604398e-05,2.918419367604398e-05,False,120,"Illustrative normal-approximation n from pilot squared-discrepancy variability; not a power calculation, bias bound, convergence test or automatic formal-study decision."
G1,nuts,256,standard_q1,4,4,0,0.0,analytic,0.0,0.00031857219700838523,0.00031857219700838523,0.00020511022114574434,0.00031857219700838523,0.00031857219700838523,False,102,"Illustrative normal-approximation n from pilot squared-discrepancy variability; not a power calculation, bias bound, convergence test or automatic formal-study decision."
G1,nuts,256,standard_q1_squared,4,4,0,1.0,analytic,0.0,0.002246947335518086,0.002246947335518086,0.0012250012672228373,0.002246947335518086,0.002246947335518086,False,74,"Illustrative normal-approximation n from pilot squared-discrepancy variability; not a power calculation, bias bound, convergence test or automatic formal-study decision."
G1,nuts,256,standard_q1_gt1,4,4,0,0.15865525393145707,analytic,0.0,0.00012063217192717607,0.00012063217192717607,4.144611459862905e-05,0.00012063217192717607,0.00012063217192717607,False,30,"Illustrative normal-approximation n from pilot squared-discrepancy variability; not a power calculation, bias bound, convergence test or automatic formal-study decision."
G1,nuts,1024,standard_q1,4,4,0,0.0,analytic,0.0,1.7460516450952603e-05,1.7460516450952603e-05,1.5101902537746103e-05,1.7460516450952603e-05,1.7460516450952603e-05,False,184,"Illustrative normal-approximation n from pilot squared-discrepancy variability; not a power calculation, bias bound, convergence test or automatic formal-study decision."
G1,nuts,1024,standard_q1_squared,4,4,0,1.0,analytic,0.0,0.0011415541744299394,0.0011415541744299394,0.0003943986263477354,0.0011415541744299394,0.0011415541744299394,False,30,"Illustrative normal-approximation n from pilot squared-discrepancy variability; not a power calculation, bias bound, convergence test or automatic formal-study decision."
G1,nuts,1024,standard_q1_gt1,4,4,0,0.15865525393145707,analytic,0.0,6.116285755802949e-06,6.116285755802949e-06,2.5578759714223902e-06,6.116285755802949e-06,6.116285755802949e-06,False,44,"Illustrative normal-approximation n from pilot squared-discrepancy variability; not a power calculation, bias bound, convergence test or automatic formal-study decision."
G1,nuts,4096,standard_q1,4,4,0,0.0,analytic,0.0,2.0866923088157933e-05,2.0866923088157933e-05,1.2235566599487947e-05,2.0866923088157933e-05,2.0866923088157933e-05,False,85,"Illustrative normal-approximation n from pilot squared-discrepancy variability; not a power calculation, bias bound, convergence test or automatic formal-study decision."
G1,nuts,4096,standard_q1_squared,4,4,0,1.0,analytic,0.0,0.0003874159837108427,0.0003874159837108427,0.00013763945103120536,0.0003874159837108427,0.0003874159837108427,False,32,"Illustrative normal-approximation n from pilot squared-discrepancy variability; not a power calculation, bias bound, convergence test or automatic formal-study decision."
G1,nuts,4096,standard_q1_gt1,4,4,0,0.15865525393145707,analytic,0.0,2.265851434852137e-06,2.265851434852137e-06,3.7217491647773216e-07,2.265851434852137e-06,2.265851434852137e-06,False,7,"Illustrative normal-approximation n from pilot squared-discrepancy variability; not a power calculation, bias bound, convergence test or automatic formal-study decision."
G2,rwm,256,standard_q1,4,4,0,0.0,analytic,0.0,0.1840181570684898,0.1840181570684898,0.0842557457784747,0.1840181570684898,0.1840181570684898,False,52,"Illustrative normal-approximation n from pilot squared-discrepancy variability; not a power calculation, bias bound, convergence test or automatic formal-study decision."
G2,rwm,256,standard_q1_squared,4,4,0,1.0,analytic,0.0,0.15299041700181293,0.15299041700181293,0.09430913118508932,0.15299041700181293,0.15299041700181293,False,94,"Illustrative normal-approximation n from pilot squared-discrepancy variability; not a power calculation, bias bound, convergence test or automatic formal-study decision."
G2,rwm,256,standard_q1_gt1,4,4,0,0.15865525393145707,analytic,0.0,0.018100622345167728,0.018100622345167728,0.009921507679348188,0.018100622345167728,0.018100622345167728,False,74,"Illustrative normal-approximation n from pilot squared-discrepancy variability; not a power calculation, bias bound, convergence test or automatic formal-study decision."
G2,rwm,1024,standard_q1,4,4,0,0.0,analytic,0.0,0.046932959000671445,0.046932959000671445,0.023860980623132695,0.046932959000671445,0.046932959000671445,False,64,"Illustrative normal-approximation n from pilot squared-discrepancy variability; not a power calculation, bias bound, convergence test or automatic formal-study decision."
G2,rwm,1024,standard_q1_squared,4,4,0,1.0,analytic,0.0,0.07353005198150388,0.07353005198150388,0.05054348855314157,0.07353005198150388,0.07353005198150388,False,117,"Illustrative normal-approximation n from pilot squared-discrepancy variability; not a power calculation, bias bound, convergence test or automatic formal-study decision."
G2,rwm,1024,standard_q1_gt1,4,4,0,0.15865525393145707,analytic,0.0,0.008608749955952712,0.008608749955952712,0.00479083140340386,0.008608749955952712,0.008608749955952712,False,77,"Illustrative normal-approximation n from pilot squared-discrepancy variability; not a power calculation, bias bound, convergence test or automatic formal-study decision."
G2,rwm,4096,standard_q1,4,4,0,0.0,analytic,0.0,0.03136000207261088,0.03136000207261088,0.026034318155568368,0.03136000207261088,0.03136000207261088,False,170,"Illustrative normal-approximation n from pilot squared-discrepancy variability; not a power calculation, bias bound, convergence test or automatic formal-study decision."
G2,rwm,4096,standard_q1_squared,4,4,0,1.0,analytic,0.0,0.011397769725460418,0.011397769725460418,0.008318678201254303,0.011397769725460418,0.011397769725460418,False,131,"Illustrative normal-approximation n from pilot squared-discrepancy variability; not a power calculation, bias bound, convergence test or automatic formal-study decision."
G2,rwm,4096,standard_q1_gt1,4,4,0,0.15865525393145707,analytic,0.0,0.0024137872574307917,0.0024137872574307917,0.0013200183856460336,0.0024137872574307917,0.0024137872574307917,False,74,"Illustrative normal-approximation n from pilot squared-discrepancy variability; not a power calculation, bias bound, convergence test or automatic formal-study decision."
G2,mala,256,standard_q1,4,4,0,0.0,analytic,0.0,0.004752939479337695,0.004752939479337695,0.002661462391693161,0.004752939479337695,0.004752939479337695,False,78,"Illustrative normal-approximation n from pilot squared-discrepancy variability; not a power calculation, bias bound, convergence test or automatic formal-study decision."
G2,mala,256,standard_q1_squared,4,4,0,1.0,analytic,0.0,0.0004650640918672937,0.0004650640918672937,0.0003559153840572677,0.0004650640918672937,0.0004650640918672937,False,144,"Illustrative normal-approximation n from pilot squared-discrepancy variability; not a power calculation, bias bound, convergence test or automatic formal-study decision."
G2,mala,256,standard_q1_gt1,4,4,0,0.15865525393145707,analytic,0.0,0.0008246022505737602,0.0008246022505737602,0.000706513854068994,0.0008246022505737602,0.0008246022505737602,False,181,"Illustrative normal-approximation n from pilot squared-discrepancy variability; not a power calculation, bias bound, convergence test or automatic formal-study decision."
G2,mala,1024,standard_q1,4,4,0,0.0,analytic,0.0,0.002067028534636408,0.002067028534636408,0.001053057987552305,0.002067028534636408,0.002067028534636408,False,64,"Illustrative normal-approximation n from pilot squared-discrepancy variability; not a power calculation, bias bound, convergence test or automatic formal-study decision."
G2,mala,1024,standard_q1_squared,4,4,0,1.0,analytic,0.0,0.0015990137537236393,0.0015990137537236393,0.0009660262352068367,0.0015990137537236393,0.0015990137537236393,False,90,"Illustrative normal-approximation n from pilot squared-discrepancy variability; not a power calculation, bias bound, convergence test or automatic formal-study decision."
G2,mala,1024,standard_q1_gt1,4,4,0,0.15865525393145707,analytic,0.0,0.00015425085336722385,0.00015425085336722385,0.00010191827751963842,0.00015425085336722385,0.00015425085336722385,False,108,"Illustrative normal-approximation n from pilot squared-discrepancy variability; not a power calculation, bias bound, convergence test or automatic formal-study decision."
G2,mala,4096,standard_q1,4,4,0,0.0,analytic,0.0,0.000961580744905215,0.000961580744905215,0.0007329881838431173,0.000961580744905215,0.000961580744905215,False,143,"Illustrative normal-approximation n from pilot squared-discrepancy variability; not a power calculation, bias bound, convergence test or automatic formal-study decision."
G2,mala,4096,standard_q1_squared,4,4,0,1.0,analytic,0.0,0.0006350922979475106,0.0006350922979475106,0.00027366498391491624,0.0006350922979475106,0.0006350922979475106,False,46,"Illustrative normal-approximation n from pilot squared-discrepancy variability; not a power calculation, bias bound, convergence test or automatic formal-study decision."
G2,mala,4096,standard_q1_gt1,4,4,0,0.15865525393145707,analytic,0.0,0.00012475801907220956,0.00012475801907220956,8.407477488057355e-05,0.00012475801907220956,0.00012475801907220956,False,112,"Illustrative normal-approximation n from pilot squared-discrepancy variability; not a power calculation, bias bound, convergence test or automatic formal-study decision."
G2,nuts,256,standard_q1,4,4,0,0.0,analytic,0.0,0.0007279550419514076,0.0007279550419514076,0.000169005780063708,0.0007279550419514076,0.0007279550419514076,False,14,"Illustrative normal-approximation n from pilot squared-discrepancy variability; not a power calculation, bias bound, convergence test or automatic formal-study decision."
G2,nuts,256,standard_q1_squared,4,4,0,1.0,analytic,0.0,0.0015024465747069341,0.0015024465747069341,0.0006856939173003993,0.0015024465747069341,0.0015024465747069341,False,52,"Illustrative normal-approximation n from pilot squared-discrepancy variability; not a power calculation, bias bound, convergence test or automatic formal-study decision."
G2,nuts,256,standard_q1_gt1,4,4,0,0.15865525393145707,analytic,0.0,0.00018500562763942315,0.00018500562763942315,0.000145174424860391,0.00018500562763942315,0.00018500562763942315,False,152,"Illustrative normal-approximation n from pilot squared-discrepancy variability; not a power calculation, bias bound, convergence test or automatic formal-study decision."
G2,nuts,1024,standard_q1,4,4,0,0.0,analytic,0.0,0.00016183667508246988,0.00016183667508246988,0.00012568067561134793,0.00016183667508246988,0.00016183667508246988,False,149,"Illustrative normal-approximation n from pilot squared-discrepancy variability; not a power calculation, bias bound, convergence test or automatic formal-study decision."
G2,nuts,1024,standard_q1_squared,4,4,0,1.0,analytic,0.0,0.00137571249583356,0.00137571249583356,0.0010949296217508384,0.00137571249583356,0.00137571249583356,False,156,"Illustrative normal-approximation n from pilot squared-discrepancy variability; not a power calculation, bias bound, convergence test or automatic formal-study decision."
G2,nuts,1024,standard_q1_gt1,4,4,0,0.15865525393145707,analytic,0.0,4.58866151082277e-05,4.58866151082277e-05,1.4268074562581198e-05,4.58866151082277e-05,4.58866151082277e-05,False,24,"Illustrative normal-approximation n from pilot squared-discrepancy variability; not a power calculation, bias bound, convergence test or automatic formal-study decision."
G2,nuts,4096,standard_q1,4,4,0,0.0,analytic,0.0,6.0197249254406604e-05,6.0197249254406604e-05,2.801409748744528e-05,6.0197249254406604e-05,6.0197249254406604e-05,False,54,"Illustrative normal-approximation n from pilot squared-discrepancy variability; not a power calculation, bias bound, convergence test or automatic formal-study decision."
G2,nuts,4096,standard_q1_squared,4,4,0,1.0,analytic,0.0,0.00016647947871308697,0.00016647947871308697,6.378795300547022e-05,0.00016647947871308697,0.00016647947871308697,False,37,"Illustrative normal-approximation n from pilot squared-discrepancy variability; not a power calculation, bias bound, convergence test or automatic formal-study decision."
G2,nuts,4096,standard_q1_gt1,4,4,0,0.15865525393145707,analytic,0.0,8.040165556517284e-06,8.040165556517284e-06,5.791243495360906e-06,8.040165556517284e-06,8.040165556517284e-06,False,128,"Illustrative normal-approximation n from pilot squared-discrepancy variability; not a power calculation, bias bound, convergence test or automatic formal-study decision."
A1,rwm,256,standard_q1,4,4,0,0.0,analytic,0.0,0.26891528413935895,0.26891528413935895,0.1611621055404091,0.26891528413935895,0.26891528413935895,False,89,"Illustrative normal-approximation n from pilot squared-discrepancy variability; not a power calculation, bias bound, convergence test or automatic formal-study decision."
A1,rwm,256,standard_q1_squared,4,4,0,1.0,analytic,0.0,0.18607700507896796,0.18607700507896796,0.07537134593919581,0.18607700507896796,0.18607700507896796,False,41,"Illustrative normal-approximation n from pilot squared-discrepancy variability; not a power calculation, bias bound, convergence test or automatic formal-study decision."
A1,rwm,256,standard_q1_gt1,4,4,0,0.15865525393145707,analytic,0.0,0.02301840458762945,0.02301840458762945,0.014412318971302357,0.02301840458762945,0.02301840458762945,False,97,"Illustrative normal-approximation n from pilot squared-discrepancy variability; not a power calculation, bias bound, convergence test or automatic formal-study decision."
A1,rwm,1024,standard_q1,4,4,0,0.0,analytic,0.0,0.03414700814733378,0.03414700814733378,0.020329340772815292,0.03414700814733378,0.03414700814733378,False,88,"Illustrative normal-approximation n from pilot squared-discrepancy variability; not a power calculation, bias bound, convergence test or automatic formal-study decision."
A1,rwm,1024,standard_q1_squared,4,4,0,1.0,analytic,0.0,0.07875655434583995,0.07875655434583995,0.044672063220686196,0.07875655434583995,0.07875655434583995,False,80,"Illustrative normal-approximation n from pilot squared-discrepancy variability; not a power calculation, bias bound, convergence test or automatic formal-study decision."
A1,rwm,1024,standard_q1_gt1,4,4,0,0.15865525393145707,analytic,0.0,0.002438176458710571,0.002438176458710571,0.0010603417713416973,0.002438176458710571,0.002438176458710571,False,47,"Illustrative normal-approximation n from pilot squared-discrepancy variability; not a power calculation, bias bound, convergence test or automatic formal-study decision."
A1,rwm,4096,standard_q1,4,4,0,0.0,analytic,0.0,0.007398589098499172,0.007398589098499172,0.003262830855895566,0.007398589098499172,0.007398589098499172,False,48,"Illustrative normal-approximation n from pilot squared-discrepancy variability; not a power calculation, bias bound, convergence test or automatic formal-study decision."
A1,rwm,4096,standard_q1_squared,4,4,0,1.0,analytic,0.0,0.02112236307508394,0.02112236307508394,0.010203435800478314,0.02112236307508394,0.02112236307508394,False,58,"Illustrative normal-approximation n from pilot squared-discrepancy variability; not a power calculation, bias bound, convergence test or automatic formal-study decision."
A1,rwm,4096,standard_q1_gt1,4,4,0,0.15865525393145707,analytic,0.0,0.00045570824148298946,0.00045570824148298946,0.00036192305566208014,0.00045570824148298946,0.00045570824148298946,False,156,"Illustrative normal-approximation n from pilot squared-discrepancy variability; not a power calculation, bias bound, convergence test or automatic formal-study decision."
A1,mala,256,standard_q1,4,4,0,0.0,analytic,0.0,0.022265429032212458,0.022265429032212458,0.016275306741285113,0.022265429032212458,0.022265429032212458,False,132,"Illustrative normal-approximation n from pilot squared-discrepancy variability; not a power calculation, bias bound, convergence test or automatic formal-study decision."
A1,mala,256,standard_q1_squared,4,4,0,1.0,analytic,0.0,0.0010648805175906963,0.0010648805175906963,0.0007727959534305947,0.0010648805175906963,0.0010648805175906963,False,130,"Illustrative normal-approximation n from pilot squared-discrepancy variability; not a power calculation, bias bound, convergence test or automatic formal-study decision."
A1,mala,256,standard_q1_gt1,4,4,0,0.15865525393145707,analytic,0.0,0.0008679595663264927,0.0008679595663264927,0.0006942847042219034,0.0008679595663264927,0.0008679595663264927,False,158,"Illustrative normal-approximation n from pilot squared-discrepancy variability; not a power calculation, bias bound, convergence test or automatic formal-study decision."
A1,mala,1024,standard_q1,4,4,0,0.0,analytic,0.0,0.003427143512756493,0.003427143512756493,0.002061549843422717,0.003427143512756493,0.003427143512756493,False,89,"Illustrative normal-approximation n from pilot squared-discrepancy variability; not a power calculation, bias bound, convergence test or automatic formal-study decision."
A1,mala,1024,standard_q1_squared,4,4,0,1.0,analytic,0.0,0.0018270982992313854,0.0018270982992313854,0.0007157842860999225,0.0018270982992313854,0.0018270982992313854,False,38,"Illustrative normal-approximation n from pilot squared-discrepancy variability; not a power calculation, bias bound, convergence test or automatic formal-study decision."
A1,mala,1024,standard_q1_gt1,4,4,0,0.15865525393145707,analytic,0.0,0.00034134868884645465,0.00034134868884645465,0.000155968829425319,0.00034134868884645465,0.00034134868884645465,False,52,"Illustrative normal-approximation n from pilot squared-discrepancy variability; not a power calculation, bias bound, convergence test or automatic formal-study decision."
A1,mala,4096,standard_q1,4,4,0,0.0,analytic,0.0,0.0009259947232977387,0.0009259947232977387,0.0003950013971172042,0.0009259947232977387,0.0009259947232977387,False,45,"Illustrative normal-approximation n from pilot squared-discrepancy variability; not a power calculation, bias bound, convergence test or automatic formal-study decision."
A1,mala,4096,standard_q1_squared,4,4,0,1.0,analytic,0.0,0.0004905505335658139,0.0004905505335658139,0.00042094117444703443,0.0004905505335658139,0.0004905505335658139,False,182,"Illustrative normal-approximation n from pilot squared-discrepancy variability; not a power calculation, bias bound, convergence test or automatic formal-study decision."
A1,mala,4096,standard_q1_gt1,4,4,0,0.15865525393145707,analytic,0.0,0.00012019200679591162,0.00012019200679591162,4.651101872460865e-05,0.00012019200679591162,0.00012019200679591162,False,37,"Illustrative normal-approximation n from pilot squared-discrepancy variability; not a power calculation, bias bound, convergence test or automatic formal-study decision."
A1,nuts,256,standard_q1,4,4,0,0.0,analytic,0.0,0.00035020846722409824,0.00035020846722409824,0.0001686934332302178,0.00035020846722409824,0.00035020846722409824,False,58,"Illustrative normal-approximation n from pilot squared-discrepancy variability; not a power calculation, bias bound, convergence test or automatic formal-study decision."
A1,nuts,256,standard_q1_squared,4,4,0,1.0,analytic,0.0,0.00208532043861733,0.00208532043861733,0.00111136412643677,0.00208532043861733,0.00208532043861733,False,70,"Illustrative normal-approximation n from pilot squared-discrepancy variability; not a power calculation, bias bound, convergence test or automatic formal-study decision."
A1,nuts,256,standard_q1_gt1,4,4,0,0.15865525393145707,analytic,0.0,4.13183311718605e-05,4.13183311718605e-05,1.424939358863336e-05,4.13183311718605e-05,4.13183311718605e-05,False,30,"Illustrative normal-approximation n from pilot squared-discrepancy variability; not a power calculation, bias bound, convergence test or automatic formal-study decision."
A1,nuts,1024,standard_q1,4,4,0,0.0,analytic,0.0,1.551973421644852e-05,1.551973421644852e-05,8.499745482436056e-06,1.551973421644852e-05,1.551973421644852e-05,False,74,"Illustrative normal-approximation n from pilot squared-discrepancy variability; not a power calculation, bias bound, convergence test or automatic formal-study decision."
A1,nuts,1024,standard_q1_squared,4,4,0,1.0,analytic,0.0,0.0003618960357206242,0.0003618960357206242,0.0002855385796095485,0.0003618960357206242,0.0003618960357206242,False,154,"Illustrative normal-approximation n from pilot squared-discrepancy variability; not a power calculation, bias bound, convergence test or automatic formal-study decision."
A1,nuts,1024,standard_q1_gt1,4,4,0,0.15865525393145707,analytic,0.0,2.011776476312407e-05,2.011776476312407e-05,8.67775387382133e-06,2.011776476312407e-05,2.011776476312407e-05,False,46,"Illustrative normal-approximation n from pilot squared-discrepancy variability; not a power calculation, bias bound, convergence test or automatic formal-study decision."
A1,nuts,4096,standard_q1,4,4,0,0.0,analytic,0.0,4.343216387496269e-05,4.343216387496269e-05,3.074349019457323e-05,4.343216387496269e-05,4.343216387496269e-05,False,124,"Illustrative normal-approximation n from pilot squared-discrepancy variability; not a power calculation, bias bound, convergence test or automatic formal-study decision."
A1,nuts,4096,standard_q1_squared,4,4,0,1.0,analytic,0.0,0.00015536508702177748,0.00015536508702177748,8.508415063652393e-05,0.00015536508702177748,0.00015536508702177748,False,74,"Illustrative normal-approximation n from pilot squared-discrepancy variability; not a power calculation, bias bound, convergence test or automatic formal-study decision."
A1,nuts,4096,standard_q1_gt1,4,4,0,0.15865525393145707,analytic,0.0,7.750772044205695e-06,7.750772044205695e-06,2.307110630231961e-06,7.750772044205695e-06,7.750772044205695e-06,False,22,"Illustrative normal-approximation n from pilot squared-discrepancy variability; not a power calculation, bias bound, convergence test or automatic formal-study decision."
L1,rwm,256,q1,4,4,0,-0.2780655741279529,finite_mcmc,0.00038899606027532126,0.0010633521218391473,0.0010633521218391473,0.00038732070614007645,0.001026346100932482,0.0011015686862250905,False,33,"Illustrative normal-approximation n from pilot squared-discrepancy variability; not a power calculation, bias bound, convergence test or automatic formal-study decision."
L1,rwm,256,q2,4,4,0,-0.6788954260209844,finite_mcmc,0.0005002227859549134,0.0016731414339437307,0.0016731414339437307,0.0015125860885438847,0.0016457664145685107,0.001702518236003659,False,201,"Illustrative normal-approximation n from pilot squared-discrepancy variability; not a power calculation, bias bound, convergence test or automatic formal-study decision."
L1,rwm,256,sigmoid_q1,4,4,0,0.4317947518790173,finite_mcmc,9.405694023179964e-05,6.258743276602827e-05,6.258743276602827e-05,2.230099111497279e-05,6.040454574350352e-05,6.484109345259916e-05,False,32,"Illustrative normal-approximation n from pilot squared-discrepancy variability; not a power calculation, bias bound, convergence test or automatic formal-study decision."
L1,rwm,256,q1_positive,4,4,0,0.10919189453125,finite_mcmc,0.0007639814255156833,0.00014052167534828186,0.00014052167534828186,8.289011885233439e-05,0.00012998654153516227,0.00015572615010966522,False,86,"Illustrative normal-approximation n from pilot squared-discrepancy variability; not a power calculation, bias bound, convergence test or automatic formal-study decision."
L1,rwm,1024,q1,4,4,0,-0.2780655741279529,finite_mcmc,0.00038899606027532126,0.0003711937721166102,0.0003711937721166102,0.00015308159108602003,0.0003464210583503225,0.0003971770293621757,False,42,"Illustrative normal-approximation n from pilot squared-discrepancy variability; not a power calculation, bias bound, convergence test or automatic formal-study decision."
L1,rwm,1024,q2,4,4,0,-0.6788954260209844,finite_mcmc,0.0005002227859549134,1.5592807352775738e-05,1.5592807352775738e-05,6.320264498527925e-06,1.3026682833964878e-05,2.0160714556294502e-05,False,41,"Illustrative normal-approximation n from pilot squared-discrepancy variability; not a power calculation, bias bound, convergence test or automatic formal-study decision."
L1,rwm,1024,sigmoid_q1,4,4,0,0.4317947518790173,finite_mcmc,9.405694023179964e-05,2.174972028765015e-05,2.174972028765015e-05,8.925456843474676e-06,2.0293014385902822e-05,2.327719985344361e-05,False,42,"Illustrative normal-approximation n from pilot squared-discrepancy variability; not a power calculation, bias bound, convergence test or automatic formal-study decision."
L1,rwm,1024,q1_positive,4,4,0,0.10919189453125,finite_mcmc,0.0007639814255156833,0.00024748966097831726,0.00024748966097831726,0.00011046173428505576,0.00020879017285541546,0.00029085849004948283,False,49,"Illustrative normal-approximation n from pilot squared-discrepancy variability; not a power calculation, bias bound, convergence test or automatic formal-study decision."
L1,rwm,4096,q1,4,4,0,-0.2780655741279529,finite_mcmc,0.00038899606027532126,7.984443643937309e-05,7.984443643937309e-05,2.5077195047693028e-05,7.636247805354194e-05,8.453693830448197e-05,False,25,"Illustrative normal-approximation n from pilot squared-discrepancy variability; not a power calculation, bias bound, convergence test or automatic formal-study decision."
L1,rwm,4096,q2,4,4,0,-0.6788954260209844,finite_mcmc,0.0005002227859549134,0.00010471983068692003,0.00010471983068692003,5.424502363914778e-05,0.00010008199269960326,0.0001113594513589447,False,66,"Illustrative normal-approximation n from pilot squared-discrepancy variability; not a power calculation, bias bound, convergence test or automatic formal-study decision."
L1,rwm,4096,sigmoid_q1,4,4,0,0.4317947518790173,finite_mcmc,9.405694023179964e-05,4.81578055553624e-06,4.81578055553624e-06,1.4748843151705442e-06,4.60141397230659e-06,5.100920802812022e-06,False,24,"Illustrative normal-approximation n from pilot squared-discrepancy variability; not a power calculation, bias bound, convergence test or automatic formal-study decision."
L1,rwm,4096,q1_positive,4,4,0,0.10919189453125,finite_mcmc,0.0007639814255156833,0.0001080874353647232,0.0001080874353647232,4.811323640654837e-05,0.00010249505247351905,0.00011834915920419116,False,49,"Illustrative normal-approximation n from pilot squared-discrepancy variability; not a power calculation, bias bound, convergence test or automatic formal-study decision."
L1,mala,256,q1,4,4,0,-0.2780655741279529,finite_mcmc,0.00038899606027532126,0.00021178789476651184,0.00021178789476651184,8.712988111746469e-05,0.0002004856395019558,0.00022430069351034562,False,42,"Illustrative normal-approximation n from pilot squared-discrepancy variability; not a power calculation, bias bound, convergence test or automatic formal-study decision."
L1,mala,256,q2,4,4,0,-0.6788954260209844,finite_mcmc,0.0005002227859549134,4.810003895114403e-05,4.810003895114403e-05,2.050535714005383e-05,4.625474711694157e-05,5.194711347005439e-05,False,45,"Illustrative normal-approximation n from pilot squared-discrepancy variability; not a power calculation, bias bound, convergence test or automatic formal-study decision."
L1,mala,256,sigmoid_q1,4,4,0,0.4317947518790173,finite_mcmc,9.405694023179964e-05,1.2232793295087471e-05,1.2232793295087471e-05,5.079308938301035e-06,1.1557972459401767e-05,1.297838779481931e-05,False,43,"Illustrative normal-approximation n from pilot squared-discrepancy variability; not a power calculation, bias bound, convergence test or automatic formal-study decision."
L1,mala,256,q1_positive,4,4,0,0.10919189453125,finite_mcmc,0.0007639814255156833,0.00021243467926979065,0.00021243467926979065,0.00010897780227022035,0.0001832476551852921,0.000246291044302553,False,65,"Illustrative normal-approximation n from pilot squared-discrepancy variability; not a power calculation, bias bound, convergence test or automatic formal-study decision."
L1,mala,1024,q1,4,4,0,-0.2780655741279529,finite_mcmc,0.00038899606027532126,3.4348043254646816e-05,3.4348043254646816e-05,1.6308422631271787e-05,2.7611029514438206e-05,4.229560047413315e-05,False,56,"Illustrative normal-approximation n from pilot squared-discrepancy variability; not a power calculation, bias bound, convergence test or automatic formal-study decision."
L1,mala,1024,q2,4,4,0,-0.6788954260209844,finite_mcmc,0.0005002227859549134,2.3462545317389524e-05,2.3462545317389524e-05,9.133707925991898e-06,1.5380210837518375e-05,3.354666248196858e-05,False,38,"Illustrative normal-approximation n from pilot squared-discrepancy variability; not a power calculation, bias bound, convergence test or automatic formal-study decision."
L1,mala,1024,sigmoid_q1,4,4,0,0.4317947518790173,finite_mcmc,9.405694023179964e-05,2.0193410766886838e-06,2.0193410766886838e-06,9.286629344689831e-07,1.6191026114953772e-06,2.490353205928123e-06,False,52,"Illustrative normal-approximation n from pilot squared-discrepancy variability; not a power calculation, bias bound, convergence test or automatic formal-study decision."
L1,mala,1024,q1_positive,4,4,0,0.10919189453125,finite_mcmc,0.0007639814255156833,0.00010188296437263489,0.00010188296437263489,4.436715835548893e-05,8.351403664553613e-05,0.00012492123304799744,False,47,"Illustrative normal-approximation n from pilot squared-discrepancy variability; not a power calculation, bias bound, convergence test or automatic formal-study decision."
L1,mala,4096,q1,4,4,0,-0.2780655741279529,finite_mcmc,0.00038899606027532126,8.452239857262485e-07,8.452239857262485e-07,3.9583126663131314e-07,8.410029319187249e-07,1.5515874575926146e-06,False,54,"Illustrative normal-approximation n from pilot squared-discrepancy variability; not a power calculation, bias bound, convergence test or automatic formal-study decision."
L1,mala,4096,q2,4,4,0,-0.6788954260209844,finite_mcmc,0.0005002227859549134,1.6044540685327234e-05,1.6044540685327234e-05,4.3466444384844415e-06,9.306007950028382e-06,2.4784856105334e-05,False,19,"Illustrative normal-approximation n from pilot squared-discrepancy variability; not a power calculation, bias bound, convergence test or automatic formal-study decision."
L1,mala,4096,sigmoid_q1,4,4,0,0.4317947518790173,finite_mcmc,9.405694023179964e-05,4.6815656085484845e-08,4.6815656085484845e-08,2.074962202010229e-08,4.666216118746811e-08,8.686368888625463e-08,False,49,"Illustrative normal-approximation n from pilot squared-discrepancy variability; not a power calculation, bias bound, convergence test or automatic formal-study decision."
L1,mala,4096,q1_positive,4,4,0,0.10919189453125,finite_mcmc,0.0007639814255156833,1.1228956282138824e-05,1.1228956282138824e-05,6.474124832701227e-06,4.937127505757951e-06,2.2190126006783488e-05,False,82,"Illustrative normal-approximation n from pilot squared-discrepancy variability; not a power calculation, bias bound, convergence test or automatic formal-study decision."
L1,nuts,256,q1,4,4,0,-0.2780655741279529,finite_mcmc,0.00038899606027532126,2.760474751913492e-05,2.760474751913492e-05,1.882114533388889e-05,2.729797757709933e-05,2.9071829392120555e-05,False,115,"Illustrative normal-approximation n from pilot squared-discrepancy variability; not a power calculation, bias bound, convergence test or automatic formal-study decision."
L1,nuts,256,q2,4,4,0,-0.6788954260209844,finite_mcmc,0.0005002227859549134,1.6095224338759183e-05,1.6095224338759183e-05,1.0275614927664984e-05,1.1304551009949875e-05,2.2887680352276398e-05,False,101,"Illustrative normal-approximation n from pilot squared-discrepancy variability; not a power calculation, bias bound, convergence test or automatic formal-study decision."
L1,nuts,256,sigmoid_q1,4,4,0,0.4317947518790173,finite_mcmc,9.405694023179964e-05,1.7221678036681985e-06,1.7221678036681985e-06,1.0849069445903303e-06,1.7156985563817203e-06,1.7878152481795988e-06,False,98,"Illustrative normal-approximation n from pilot squared-discrepancy variability; not a power calculation, bias bound, convergence test or automatic formal-study decision."
L1,nuts,256,q1_positive,4,4,0,0.10919189453125,finite_mcmc,0.0007639814255156833,0.0002591349184513092,0.0002591349184513092,0.00014778196094195105,0.0002396468773079277,0.0002832923005429545,False,80,"Illustrative normal-approximation n from pilot squared-discrepancy variability; not a power calculation, bias bound, convergence test or automatic formal-study decision."
L1,nuts,1024,q1,4,4,0,-0.2780655741279529,finite_mcmc,0.00038899606027532126,1.7785884501458663e-06,1.7785884501458663e-06,7.075587391919345e-07,1.5720198697275972e-06,3.0910521694465405e-06,False,39,"Illustrative normal-approximation n from pilot squared-discrepancy variability; not a power calculation, bias bound, convergence test or automatic formal-study decision."
L1,nuts,1024,q2,4,4,0,-0.6788954260209844,finite_mcmc,0.0005002227859549134,9.687778192354462e-06,9.687778192354462e-06,5.93676241498109e-06,6.6353013743606115e-06,1.474203769505622e-05,False,93,"Illustrative normal-approximation n from pilot squared-discrepancy variability; not a power calculation, bias bound, convergence test or automatic formal-study decision."
L1,nuts,1024,sigmoid_q1,4,4,0,0.4317947518790173,finite_mcmc,9.405694023179964e-05,1.0887361379997105e-07,1.0887361379997105e-07,3.6031961886767394e-08,1.0321224854047883e-07,1.7256859175023467e-07,False,27,"Illustrative normal-approximation n from pilot squared-discrepancy variability; not a power calculation, bias bound, convergence test or automatic formal-study decision."
L1,nuts,1024,q1_positive,4,4,0,0.10919189453125,finite_mcmc,0.0007639814255156833,6.106868386268616e-05,6.106868386268616e-05,3.566155784514484e-05,4.381886955187015e-05,8.298783912176595e-05,False,84,"Illustrative normal-approximation n from pilot squared-discrepancy variability; not a power calculation, bias bound, convergence test or automatic formal-study decision."
L1,nuts,4096,q1,4,4,0,-0.2780655741279529,finite_mcmc,0.00038899606027532126,8.30953883324007e-07,8.30953883324007e-07,6.363941914897919e-07,7.118762020799535e-07,1.9731589718200684e-06,False,145,"Illustrative normal-approximation n from pilot squared-discrepancy variability; not a power calculation, bias bound, convergence test or automatic formal-study decision."
L1,nuts,4096,q2,4,4,0,-0.6788954260209844,finite_mcmc,0.0005002227859549134,7.389448939930349e-07,7.389448939930349e-07,2.508093186640069e-07,6.733378512382414e-07,2.252341928376721e-06,False,29,"Illustrative normal-approximation n from pilot squared-discrepancy variability; not a power calculation, bias bound, convergence test or automatic formal-study decision."
L1,nuts,4096,sigmoid_q1,4,4,0,0.4317947518790173,finite_mcmc,9.405694023179964e-05,5.028354878644873e-08,5.028354878644873e-08,4.005483813778528e-08,4.1922038242414214e-08,1.200731347156108e-07,False,157,"Illustrative normal-approximation n from pilot squared-discrepancy variability; not a power calculation, bias bound, convergence test or automatic formal-study decision."
L1,nuts,4096,q1_positive,4,4,0,0.10919189453125,finite_mcmc,0.0007639814255156833,4.123896360397339e-06,4.123896360397339e-06,3.420070112735791e-06,3.966502845287323e-06,7.670939702168866e-06,False,170,"Illustrative normal-approximation n from pilot squared-discrepancy variability; not a power calculation, bias bound, convergence test or automatic formal-study decision."
L2,rwm,256,q1,4,4,0,-0.3111767722693598,finite_mcmc,8.892829255519044e-05,5.926863806959037e-05,5.926863806959037e-05,2.0476043495352494e-05,5.807569085715381e-05,6.052485121176119e-05,False,30,"Illustrative normal-approximation n from pilot squared-discrepancy variability; not a power calculation, bias bound, convergence test or automatic formal-study decision."
L2,rwm,256,q2,4,4,0,-0.6005257632922614,finite_mcmc,0.00010191246932380079,5.319326955818589e-05,5.319326955818589e-05,2.0402779255612077e-05,5.254232628466151e-05,5.392730204293964e-05,False,37,"Illustrative normal-approximation n from pilot squared-discrepancy variability; not a power calculation, bias bound, convergence test or automatic formal-study decision."
L2,rwm,256,sigmoid_q1,4,4,0,0.42288078897091724,finite_mcmc,2.1694164929430826e-05,3.5072743099863306e-06,3.5072743099863306e-06,1.2129453809721898e-06,3.436939105931667e-06,3.5813746083768733e-06,False,30,"Illustrative normal-approximation n from pilot squared-discrepancy variability; not a power calculation, bias bound, convergence test or automatic formal-study decision."
L2,rwm,256,q1_positive,4,4,0,0.0,unresolved,,0.0,0.0,0.0,,,False,,"Illustrative normal-approximation n from pilot squared-discrepancy variability; not a power calculation, bias bound, convergence test or automatic formal-study decision."
L2,rwm,1024,q1,4,4,0,-0.3111767722693598,finite_mcmc,8.892829255519044e-05,2.258030846305566e-05,2.258030846305566e-05,1.1517770393893996e-05,2.256740442434374e-05,2.265234900162961e-05,False,64,"Illustrative normal-approximation n from pilot squared-discrepancy variability; not a power calculation, bias bound, convergence test or automatic formal-study decision."
L2,rwm,1024,q2,4,4,0,-0.6005257632922614,finite_mcmc,0.00010191246932380079,3.096074395140537e-05,3.096074395140537e-05,2.7064177210390097e-05,3.0524672362961654e-05,3.1479904751078454e-05,False,188,"Illustrative normal-approximation n from pilot squared-discrepancy variability; not a power calculation, bias bound, convergence test or automatic formal-study decision."
L2,rwm,1024,sigmoid_q1,4,4,0,0.42288078897091724,finite_mcmc,2.1694164929430826e-05,1.3523218336186219e-06,1.3523218336186219e-06,6.915524247105929e-07,1.3516410833858667e-06,1.356468487164581e-06,False,65,"Illustrative normal-approximation n from pilot squared-discrepancy variability; not a power calculation, bias bound, convergence test or automatic formal-study decision."
L2,rwm,1024,q1_positive,4,4,0,0.0,unresolved,,0.0,0.0,0.0,,,False,,"Illustrative normal-approximation n from pilot squared-discrepancy variability; not a power calculation, bias bound, convergence test or automatic formal-study decision."
L2,rwm,4096,q1,4,4,0,-0.3111767722693598,finite_mcmc,8.892829255519044e-05,7.627584192411073e-07,7.627584192411073e-07,4.2061933203969723e-07,7.158135596263847e-07,8.729692085900821e-07,False,75,"Illustrative normal-approximation n from pilot squared-discrepancy variability; not a power calculation, bias bound, convergence test or automatic formal-study decision."
L2,rwm,4096,q2,4,4,0,-0.6005257632922614,finite_mcmc,0.00010191246932380079,3.648149797526989e-06,3.648149797526989e-06,1.6548725991804888e-06,3.271847214382011e-06,4.107541591901336e-06,False,51,"Illustrative normal-approximation n from pilot squared-discrepancy variability; not a power calculation, bias bound, convergence test or automatic formal-study decision."
L2,rwm,4096,sigmoid_q1,4,4,0,0.42288078897091724,finite_mcmc,2.1694164929430826e-05,4.5779195222685076e-08,4.5779195222685076e-08,2.532280669238545e-08,4.2859506102377493e-08,5.246397867887167e-08,False,76,"Illustrative normal-approximation n from pilot squared-discrepancy variability; not a power calculation, bias bound, convergence test or automatic formal-study decision."
L2,rwm,4096,q1_positive,4,4,0,0.0,unresolved,,0.0,0.0,0.0,,,False,,"Illustrative normal-approximation n from pilot squared-discrepancy variability; not a power calculation, bias bound, convergence test or automatic formal-study decision."
L2,mala,256,q1,4,4,0,-0.3111767722693598,finite_mcmc,8.892829255519044e-05,1.0366351710413403e-05,1.0366351710413403e-05,7.618570347239835e-06,9.817599208309267e-06,1.0978370142251792e-05,False,133,"Illustrative normal-approximation n from pilot squared-discrepancy variability; not a power calculation, bias bound, convergence test or automatic formal-study decision."
L2,mala,256,q2,4,4,0,-0.6005257632922614,finite_mcmc,0.00010191246932380079,4.1543638621954156e-06,4.1543638621954156e-06,1.8693064204632934e-06,3.4559415825953495e-06,4.935875353024851e-06,False,50,"Illustrative normal-approximation n from pilot squared-discrepancy variability; not a power calculation, bias bound, convergence test or automatic formal-study decision."
L2,mala,256,sigmoid_q1,4,4,0,0.42288078897091724,finite_mcmc,2.1694164929430826e-05,6.141273522449833e-07,6.141273522449833e-07,4.517353378784284e-07,5.815565510592134e-07,6.504632477666321e-07,False,134,"Illustrative normal-approximation n from pilot squared-discrepancy variability; not a power calculation, bias bound, convergence test or automatic formal-study decision."
L2,mala,256,q1_positive,4,4,0,0.0,unresolved,,0.0,0.0,0.0,,,False,,"Illustrative normal-approximation n from pilot squared-discrepancy variability; not a power calculation, bias bound, convergence test or automatic formal-study decision."
L2,mala,1024,q1,4,4,0,-0.3111767722693598,finite_mcmc,8.892829255519044e-05,2.2929734075289718e-06,2.2929734075289718e-06,1.788836246182911e-06,1.956144857005026e-06,2.69306788778717e-06,False,150,"Illustrative normal-approximation n from pilot squared-discrepancy variability; not a power calculation, bias bound, convergence test or automatic formal-study decision."
L2,mala,1024,q2,4,4,0,-0.6005257632922614,finite_mcmc,0.00010191246932380079,2.1806004414042225e-06,2.1806004414042225e-06,1.1895271850225364e-06,2.117161440913024e-06,2.3271286531247906e-06,False,74,"Illustrative normal-approximation n from pilot squared-discrepancy variability; not a power calculation, bias bound, convergence test or automatic formal-study decision."
L2,mala,1024,sigmoid_q1,4,4,0,0.42288078897091724,finite_mcmc,2.1694164929430826e-05,1.364020260664296e-07,1.364020260664296e-07,1.0598837524478087e-07,1.162457071144029e-07,1.6032343935433533e-07,False,149,"Illustrative normal-approximation n from pilot squared-discrepancy variability; not a power calculation, bias bound, convergence test or automatic formal-study decision."
L2,mala,1024,q1_positive,4,4,0,0.0,unresolved,,0.0,0.0,0.0,,,False,,"Illustrative normal-approximation n from pilot squared-discrepancy variability; not a power calculation, bias bound, convergence test or automatic formal-study decision."
L2,mala,4096,q1,4,4,0,-0.3111767722693598,finite_mcmc,8.892829255519044e-05,7.011934623756286e-07,7.011934623756286e-07,1.5124669436159858e-07,6.172197758159915e-07,8.484330786695178e-07,False,12,"Illustrative normal-approximation n from pilot squared-discrepancy variability; not a power calculation, bias bound, convergence test or automatic formal-study decision."
L2,mala,4096,q2,4,4,0,-0.6005257632922614,finite_mcmc,0.00010191246932380079,5.4741679170016e-07,5.4741679170016e-07,4.085342620156372e-07,5.064488912955231e-07,6.714718879247623e-07,False,137,"Illustrative normal-approximation n from pilot squared-discrepancy variability; not a power calculation, bias bound, convergence test or automatic formal-study decision."
L2,mala,4096,sigmoid_q1,4,4,0,0.42288078897091724,finite_mcmc,2.1694164929430826e-05,4.13574083074875e-08,4.13574083074875e-08,8.895301050301486e-09,3.6387764260725416e-08,5.00921466901286e-08,False,12,"Illustrative normal-approximation n from pilot squared-discrepancy variability; not a power calculation, bias bound, convergence test or automatic formal-study decision."
L2,mala,4096,q1_positive,4,4,0,0.0,unresolved,,0.0,0.0,0.0,,,False,,"Illustrative normal-approximation n from pilot squared-discrepancy variability; not a power calculation, bias bound, convergence test or automatic formal-study decision."
L2,nuts,256,q1,4,4,0,-0.3111767722693598,finite_mcmc,8.892829255519044e-05,1.4431551994052574e-06,1.4431551994052574e-06,2.9868739136847383e-07,1.4399024740658795e-06,1.4950754357875922e-06,False,11,"Illustrative normal-approximation n from pilot squared-discrepancy variability; not a power calculation, bias bound, convergence test or automatic formal-study decision."
L2,nuts,256,q2,4,4,0,-0.6005257632922614,finite_mcmc,0.00010191246932380079,5.581684256719484e-07,5.581684256719484e-07,4.340979574689348e-07,4.40165348984862e-07,7.592607135884041e-07,False,149,"Illustrative normal-approximation n from pilot squared-discrepancy variability; not a power calculation, bias bound, convergence test or automatic formal-study decision."
L2,nuts,256,sigmoid_q1,4,4,0,0.42288078897091724,finite_mcmc,2.1694164929430826e-05,8.715546236903895e-08,8.715546236903895e-08,1.8184435421948194e-08,8.695019765655049e-08,9.028126414191356e-08,False,11,"Illustrative normal-approximation n from pilot squared-discrepancy variability; not a power calculation, bias bound, convergence test or automatic formal-study decision."
L2,nuts,256,q1_positive,4,4,0,0.0,unresolved,,0.0,0.0,0.0,,,False,,"Illustrative normal-approximation n from pilot squared-discrepancy variability; not a power calculation, bias bound, convergence test or automatic formal-study decision."
L2,nuts,1024,q1,4,4,0,-0.3111767722693598,finite_mcmc,8.892829255519044e-05,6.817211493711268e-07,6.817211493711268e-07,2.3318549198461266e-07,6.792559233877067e-07,7.310156438348709e-07,False,29,"Illustrative normal-approximation n from pilot squared-discrepancy variability; not a power calculation, bias bound, convergence test or automatic formal-study decision."
L2,nuts,1024,q2,4,4,0,-0.6005257632922614,finite_mcmc,0.00010191246932380079,1.4281922491521714e-07,1.4281922491521714e-07,6.289863448193362e-08,1.2525037181079162e-07,2.3839682316683387e-07,False,48,"Illustrative normal-approximation n from pilot squared-discrepancy variability; not a power calculation, bias bound, convergence test or automatic formal-study decision."
L2,nuts,1024,sigmoid_q1,4,4,0,0.42288078897091724,finite_mcmc,2.1694164929430826e-05,4.1354423796391124e-08,4.1354423796391124e-08,1.416846579402072e-08,4.121556362743941e-08,4.425953796516655e-08,False,29,"Illustrative normal-approximation n from pilot squared-discrepancy variability; not a power calculation, bias bound, convergence test or automatic formal-study decision."
L2,nuts,1024,q1_positive,4,4,0,0.0,unresolved,,0.0,0.0,0.0,,,False,,"Illustrative normal-approximation n from pilot squared-discrepancy variability; not a power calculation, bias bound, convergence test or automatic formal-study decision."
L2,nuts,4096,q1,4,4,0,-0.3111767722693598,finite_mcmc,8.892829255519044e-05,3.2133836345860776e-07,3.2133836345860776e-07,1.1240069540741757e-07,2.543243883856316e-07,4.516182682658362e-07,False,31,"Illustrative normal-approximation n from pilot squared-discrepancy variability; not a power calculation, bias bound, convergence test or automatic formal-study decision."
L2,nuts,4096,q2,4,4,0,-0.6005257632922614,finite_mcmc,0.00010191246932380079,8.823415445048024e-08,8.823415445048024e-08,7.014034121254948e-08,7.989823860418492e-08,1.669976980549325e-07,False,156,"Illustrative normal-approximation n from pilot squared-discrepancy variability; not a power calculation, bias bound, convergence test or automatic formal-study decision."
L2,nuts,4096,sigmoid_q1,4,4,0,0.42288078897091724,finite_mcmc,2.1694164929430826e-05,1.9329008953413962e-08,1.9329008953413962e-08,6.722223161841132e-09,1.5343362043957324e-08,2.707975019874962e-08,False,30,"Illustrative normal-approximation n from pilot squared-discrepancy variability; not a power calculation, bias bound, convergence test or automatic formal-study decision."
L2,nuts,4096,q1_positive,4,4,0,0.0,unresolved,,0.0,0.0,0.0,,,False,,"Illustrative normal-approximation n from pilot squared-discrepancy variability; not a power calculation, bias bound, convergence test or automatic formal-study decision."
H1,rwm,256,v_over_3,4,4,0,0.0,analytic,0.0,0.4884812811316646,0.4884812811316646,0.29340956598408274,0.4884812811316646,0.4884812811316646,False,89,"Illustrative normal-approximation n from pilot squared-discrepancy variability; not a power calculation, bias bound, convergence test or automatic formal-study decision."
H1,rwm,256,tanh_v_over_3,4,4,0,0.0,analytic,0.0,0.21680644082148745,0.21680644082148745,0.10930024471766289,0.21680644082148745,0.21680644082148745,False,63,"Illustrative normal-approximation n from pilot squared-discrepancy variability; not a power calculation, bias bound, convergence test or automatic formal-study decision."
H1,rwm,256,x1_positive,4,4,0,0.5,analytic,0.0,0.010689258575439453,0.010689258575439453,0.008782995844910395,0.010689258575439453,0.010689258575439453,False,166,"Illustrative normal-approximation n from pilot squared-discrepancy variability; not a power calculation, bias bound, convergence test or automatic formal-study decision."
H1,rwm,256,cos_z1,4,4,0,0.6065306597126334,analytic,0.0,0.02899891678920111,0.02899891678920111,0.024322484225750157,0.02899891678920111,0.02899891678920111,False,173,"Illustrative normal-approximation n from pilot squared-discrepancy variability; not a power calculation, bias bound, convergence test or automatic formal-study decision."
H1,rwm,1024,v_over_3,4,4,0,0.0,analytic,0.0,0.3987607605773354,0.3987607605773354,0.24480675585091258,0.3987607605773354,0.3987607605773354,False,93,"Illustrative normal-approximation n from pilot squared-discrepancy variability; not a power calculation, bias bound, convergence test or automatic formal-study decision."
H1,rwm,1024,tanh_v_over_3,4,4,0,0.0,analytic,0.0,0.17029922774659081,0.17029922774659081,0.07878175702942038,0.17029922774659081,0.17029922774659081,False,53,"Illustrative normal-approximation n from pilot squared-discrepancy variability; not a power calculation, bias bound, convergence test or automatic formal-study decision."
H1,rwm,1024,x1_positive,4,4,0,0.5,analytic,0.0,0.009667962789535522,0.009667962789535522,0.004381420108565493,0.009667962789535522,0.009667962789535522,False,51,"Illustrative normal-approximation n from pilot squared-discrepancy variability; not a power calculation, bias bound, convergence test or automatic formal-study decision."
H1,rwm,1024,cos_z1,4,4,0,0.6065306597126334,analytic,0.0,0.006861475457581206,0.006861475457581206,0.006426325112410217,0.006861475457581206,0.006861475457581206,False,216,"Illustrative normal-approximation n from pilot squared-discrepancy variability; not a power calculation, bias bound, convergence test or automatic formal-study decision."
H1,rwm,4096,v_over_3,4,4,0,0.0,analytic,0.0,0.143975865467745,0.143975865467745,0.04251301061845126,0.143975865467745,0.143975865467745,False,22,"Illustrative normal-approximation n from pilot squared-discrepancy variability; not a power calculation, bias bound, convergence test or automatic formal-study decision."
H1,rwm,4096,tanh_v_over_3,4,4,0,0.0,analytic,0.0,0.0749961134533081,0.0749961134533081,0.015432147432348893,0.0749961134533081,0.0749961134533081,False,11,"Illustrative normal-approximation n from pilot squared-discrepancy variability; not a power calculation, bias bound, convergence test or automatic formal-study decision."
H1,rwm,4096,x1_positive,4,4,0,0.5,analytic,0.0,0.003995982930064201,0.003995982930064201,0.0034044847816202843,0.003995982930064201,0.003995982930064201,False,179,"Illustrative normal-approximation n from pilot squared-discrepancy variability; not a power calculation, bias bound, convergence test or automatic formal-study decision."
H1,rwm,4096,cos_z1,4,4,0,0.6065306597126334,analytic,0.0,0.0008157659971039568,0.0008157659971039568,0.0002726258510936746,0.0008157659971039568,0.0008157659971039568,False,28,"Illustrative normal-approximation n from pilot squared-discrepancy variability; not a power calculation, bias bound, convergence test or automatic formal-study decision."
H1,mala,256,v_over_3,4,4,0,0.0,analytic,0.0,0.04223678348659357,0.04223678348659357,0.016061497030215876,0.04223678348659357,0.04223678348659357,False,36,"Illustrative normal-approximation n from pilot squared-discrepancy variability; not a power calculation, bias bound, convergence test or automatic formal-study decision."
H1,mala,256,tanh_v_over_3,4,4,0,0.0,analytic,0.0,0.0300458976885253,0.0300458976885253,0.012323169087128388,0.0300458976885253,0.0300458976885253,False,42,"Illustrative normal-approximation n from pilot squared-discrepancy variability; not a power calculation, bias bound, convergence test or automatic formal-study decision."
H1,mala,256,x1_positive,4,4,0,0.5,analytic,0.0,0.02489161491394043,0.02489161491394043,0.0072647650773110875,0.02489161491394043,0.02489161491394043,False,21,"Illustrative normal-approximation n from pilot squared-discrepancy variability; not a power calculation, bias bound, convergence test or automatic formal-study decision."
H1,mala,256,cos_z1,4,4,0,0.6065306597126334,analytic,0.0,0.1770587932505734,0.1770587932505734,0.11226156538211349,0.1770587932505734,0.1770587932505734,False,99,"Illustrative normal-approximation n from pilot squared-discrepancy variability; not a power calculation, bias bound, convergence test or automatic formal-study decision."
H1,mala,1024,v_over_3,4,4,0,0.0,analytic,0.0,0.03930959416515758,0.03930959416515758,0.027271815563432864,0.03930959416515758,0.03930959416515758,False,119,"Illustrative normal-approximation n from pilot squared-discrepancy variability; not a power calculation, bias bound, convergence test or automatic formal-study decision."
H1,mala,1024,tanh_v_over_3,4,4,0,0.0,analytic,0.0,0.025790590829357377,0.025790590829357377,0.016048219689588424,0.025790590829357377,0.025790590829357377,False,96,"Illustrative normal-approximation n from pilot squared-discrepancy variability; not a power calculation, bias bound, convergence test or automatic formal-study decision."
H1,mala,1024,x1_positive,4,4,0,0.5,analytic,0.0,0.019946187734603882,0.019946187734603882,0.013733735698980523,0.019946187734603882,0.019946187734603882,False,117,"Illustrative normal-approximation n from pilot squared-discrepancy variability; not a power calculation, bias bound, convergence test or automatic formal-study decision."
H1,mala,1024,cos_z1,4,4,0,0.6065306597126334,analytic,0.0,0.20501149977872726,0.20501149977872726,0.13655186464196403,0.20501149977872726,0.20501149977872726,False,110,"Illustrative normal-approximation n from pilot squared-discrepancy variability; not a power calculation, bias bound, convergence test or automatic formal-study decision."
H1,mala,4096,v_over_3,4,3,1,0.0,analytic,0.0,0.04946625120783031,,0.039193102924176916,0.04946625120783031,0.04946625120783031,False,,"Illustrative normal-approximation n from pilot squared-discrepancy variability; not a power calculation, bias bound, convergence test or automatic formal-study decision."
H1,mala,4096,tanh_v_over_3,4,3,1,0.0,analytic,0.0,0.03916165721092175,,0.032892877631413416,0.03916165721092175,0.03916165721092175,False,,"Illustrative normal-approximation n from pilot squared-discrepancy variability; not a power calculation, bias bound, convergence test or automatic formal-study decision."
H1,mala,4096,x1_positive,4,3,1,0.5,analytic,0.0,0.006881756087144216,,0.0018512055162506534,0.006881756087144216,0.006881756087144216,False,,"Illustrative normal-approximation n from pilot squared-discrepancy variability; not a power calculation, bias bound, convergence test or automatic formal-study decision."
H1,mala,4096,cos_z1,4,3,1,0.6065306597126334,analytic,0.0,0.05822813710139208,,0.048623845461966825,0.05822813710139208,0.05822813710139208,False,,"Illustrative normal-approximation n from pilot squared-discrepancy variability; not a power calculation, bias bound, convergence test or automatic formal-study decision."
H1,nuts,256,v_over_3,4,4,0,0.0,analytic,0.0,0.11431202941079237,0.11431202941079237,0.03754165110374703,0.11431202941079237,0.11431202941079237,False,27,"Illustrative normal-approximation n from pilot squared-discrepancy variability; not a power calculation, bias bound, convergence test or automatic formal-study decision."
H1,nuts,256,tanh_v_over_3,4,4,0,0.0,analytic,0.0,0.05209588047122321,0.05209588047122321,0.017849479134889514,0.05209588047122321,0.05209588047122321,False,29,"Illustrative normal-approximation n from pilot squared-discrepancy variability; not a power calculation, bias bound, convergence test or automatic formal-study decision."
H1,nuts,256,x1_positive,4,4,0,0.5,analytic,0.0,0.00011706352233886719,0.00011706352233886719,4.416238952910734e-05,0.00011706352233886719,0.00011706352233886719,False,35,"Illustrative normal-approximation n from pilot squared-discrepancy variability; not a power calculation, bias bound, convergence test or automatic formal-study decision."
H1,nuts,256,cos_z1,4,4,0,0.6065306597126334,analytic,0.0,0.001185407781706001,0.001185407781706001,0.0004001281967591345,0.001185407781706001,0.001185407781706001,False,29,"Illustrative normal-approximation n from pilot squared-discrepancy variability; not a power calculation, bias bound, convergence test or automatic formal-study decision."
H1,nuts,1024,v_over_3,4,4,0,0.0,analytic,0.0,0.14920274802632674,0.14920274802632674,0.03285922838222149,0.14920274802632674,0.14920274802632674,False,12,"Illustrative normal-approximation n from pilot squared-discrepancy variability; not a power calculation, bias bound, convergence test or automatic formal-study decision."
H1,nuts,1024,tanh_v_over_3,4,4,0,0.0,analytic,0.0,0.06390291905202218,0.06390291905202218,0.015133893008945264,0.06390291905202218,0.06390291905202218,False,14,"Illustrative normal-approximation n from pilot squared-discrepancy variability; not a power calculation, bias bound, convergence test or automatic formal-study decision."
H1,nuts,1024,x1_positive,4,4,0,0.5,analytic,0.0,0.0007921457290649414,0.0007921457290649414,0.0007329874641888975,0.0007921457290649414,0.0007921457290649414,False,211,"Illustrative normal-approximation n from pilot squared-discrepancy variability; not a power calculation, bias bound, convergence test or automatic formal-study decision."
H1,nuts,1024,cos_z1,4,4,0,0.6065306597126334,analytic,0.0,0.0002970635812207274,0.0002970635812207274,0.0001352803231871803,0.0002970635812207274,0.0002970635812207274,False,51,"Illustrative normal-approximation n from pilot squared-discrepancy variability; not a power calculation, bias bound, convergence test or automatic formal-study decision."
H1,nuts,4096,v_over_3,4,4,0,0.0,analytic,0.0,0.1213448019984601,0.1213448019984601,0.03992293381124984,0.1213448019984601,0.1213448019984601,False,27,"Illustrative normal-approximation n from pilot squared-discrepancy variability; not a power calculation, bias bound, convergence test or automatic formal-study decision."
H1,nuts,4096,tanh_v_over_3,4,4,0,0.0,analytic,0.0,0.050051018220269604,0.050051018220269604,0.018800578895313627,0.050051018220269604,0.050051018220269604,False,35,"Illustrative normal-approximation n from pilot squared-discrepancy variability; not a power calculation, bias bound, convergence test or automatic formal-study decision."
H1,nuts,4096,x1_positive,4,4,0,0.5,analytic,0.0,0.0006495658308267593,0.0006495658308267593,0.0005116885395135292,0.0006495658308267593,0.0006495658308267593,False,153,"Illustrative normal-approximation n from pilot squared-discrepancy variability; not a power calculation, bias bound, convergence test or automatic formal-study decision."
H1,nuts,4096,cos_z1,4,4,0,0.6065306597126334,analytic,0.0,9.99281750993477e-05,9.99281750993477e-05,5.362380779342772e-05,9.99281750993477e-05,9.99281750993477e-05,False,71,"Illustrative normal-approximation n from pilot squared-discrepancy variability; not a power calculation, bias bound, convergence test or automatic formal-study decision."
H2,rwm,256,v_over_3,4,4,0,0.0,analytic,0.0,0.19355824311102612,0.19355824311102612,0.0811809543055836,0.19355824311102612,0.19355824311102612,False,44,"Illustrative normal-approximation n from pilot squared-discrepancy variability; not a power calculation, bias bound, convergence test or automatic formal-study decision."
H2,rwm,256,tanh_v_over_3,4,4,0,0.0,analytic,0.0,0.06914098884099286,0.06914098884099286,0.025888791531905785,0.06914098884099286,0.06914098884099286,False,35,"Illustrative normal-approximation n from pilot squared-discrepancy variability; not a power calculation, bias bound, convergence test or automatic formal-study decision."
H2,rwm,256,x1_positive,4,4,0,0.5,analytic,0.0,0.005313396453857422,0.005313396453857422,0.002890475324050041,0.005313396453857422,0.005313396453857422,False,73,"Illustrative normal-approximation n from pilot squared-discrepancy variability; not a power calculation, bias bound, convergence test or automatic formal-study decision."
H2,rwm,256,cos_z1,4,4,0,0.6065306597126334,analytic,0.0,0.0008290715928932776,0.0008290715928932776,0.0003375788807006908,0.0008290715928932776,0.0008290715928932776,False,41,"Illustrative normal-approximation n from pilot squared-discrepancy variability; not a power calculation, bias bound, convergence test or automatic formal-study decision."
H2,rwm,1024,v_over_3,4,4,0,0.0,analytic,0.0,0.08830440431291317,0.08830440431291317,0.042352083908291586,0.08830440431291317,0.08830440431291317,False,57,"Illustrative normal-approximation n from pilot squared-discrepancy variability; not a power calculation, bias bound, convergence test or automatic formal-study decision."
H2,rwm,1024,tanh_v_over_3,4,4,0,0.0,analytic,0.0,0.03375175248282631,0.03375175248282631,0.016239307794836663,0.03375175248282631,0.03375175248282631,False,57,"Illustrative normal-approximation n from pilot squared-discrepancy variability; not a power calculation, bias bound, convergence test or automatic formal-study decision."
H2,rwm,1024,x1_positive,4,4,0,0.5,analytic,0.0,0.0009755790233612061,0.0009755790233612061,0.0006652798286474539,0.0009755790233612061,0.0009755790233612061,False,115,"Illustrative normal-approximation n from pilot squared-discrepancy variability; not a power calculation, bias bound, convergence test or automatic formal-study decision."
H2,rwm,1024,cos_z1,4,4,0,0.6065306597126334,analytic,0.0,0.0010997640558959964,0.0010997640558959964,0.0008127275421727064,0.0010997640558959964,0.0010997640558959964,False,135,"Illustrative normal-approximation n from pilot squared-discrepancy variability; not a power calculation, bias bound, convergence test or automatic formal-study decision."
H2,rwm,4096,v_over_3,4,4,0,0.0,analytic,0.0,0.0180003070642823,0.0180003070642823,0.004243416561597957,0.0180003070642823,0.0180003070642823,False,14,"Illustrative normal-approximation n from pilot squared-discrepancy variability; not a power calculation, bias bound, convergence test or automatic formal-study decision."
H2,rwm,4096,tanh_v_over_3,4,4,0,0.0,analytic,0.0,0.006977322331727535,0.006977322331727535,0.0020913203268862895,0.006977322331727535,0.006977322331727535,False,23,"Illustrative normal-approximation n from pilot squared-discrepancy variability; not a power calculation, bias bound, convergence test or automatic formal-study decision."
H2,rwm,4096,x1_positive,4,4,0,0.5,analytic,0.0,0.00036700256168842316,0.00036700256168842316,0.0002756758414153673,0.00036700256168842316,0.00036700256168842316,False,139,"Illustrative normal-approximation n from pilot squared-discrepancy variability; not a power calculation, bias bound, convergence test or automatic formal-study decision."
H2,rwm,4096,cos_z1,4,4,0,0.6065306597126334,analytic,0.0,7.300305074476448e-05,7.300305074476448e-05,3.754949499586636e-05,7.300305074476448e-05,7.300305074476448e-05,False,66,"Illustrative normal-approximation n from pilot squared-discrepancy variability; not a power calculation, bias bound, convergence test or automatic formal-study decision."
H2,mala,256,v_over_3,4,4,0,0.0,analytic,0.0,0.02752978261927354,0.02752978261927354,0.013587581130942388,0.02752978261927354,0.02752978261927354,False,60,"Illustrative normal-approximation n from pilot squared-discrepancy variability; not a power calculation, bias bound, convergence test or automatic formal-study decision."
H2,mala,256,tanh_v_over_3,4,4,0,0.0,analytic,0.0,0.009636740885892052,0.009636740885892052,0.005481334741132827,0.009636740885892052,0.009636740885892052,False,80,"Illustrative normal-approximation n from pilot squared-discrepancy variability; not a power calculation, bias bound, convergence test or automatic formal-study decision."
H2,mala,256,x1_positive,4,4,0,0.5,analytic,0.0,0.0006744861602783203,0.0006744861602783203,0.00038045338004613356,0.0006744861602783203,0.0006744861602783203,False,79,"Illustrative normal-approximation n from pilot squared-discrepancy variability; not a power calculation, bias bound, convergence test or automatic formal-study decision."
H2,mala,256,cos_z1,4,4,0,0.6065306597126334,analytic,0.0,0.00048628095455539844,0.00048628095455539844,0.00015578084752512522,0.00048628095455539844,0.00048628095455539844,False,26,"Illustrative normal-approximation n from pilot squared-discrepancy variability; not a power calculation, bias bound, convergence test or automatic formal-study decision."
H2,mala,1024,v_over_3,4,4,0,0.0,analytic,0.0,0.017695987484145508,0.017695987484145508,0.008127308017025773,0.017695987484145508,0.017695987484145508,False,52,"Illustrative normal-approximation n from pilot squared-discrepancy variability; not a power calculation, bias bound, convergence test or automatic formal-study decision."
H2,mala,1024,tanh_v_over_3,4,4,0,0.0,analytic,0.0,0.00633123060231457,0.00633123060231457,0.00287610794937874,0.00633123060231457,0.00633123060231457,False,51,"Illustrative normal-approximation n from pilot squared-discrepancy variability; not a power calculation, bias bound, convergence test or automatic formal-study decision."
H2,mala,1024,x1_positive,4,4,0,0.5,analytic,0.0,0.00032714009284973145,0.00032714009284973145,0.00015462403864648157,0.00032714009284973145,0.00032714009284973145,False,55,"Illustrative normal-approximation n from pilot squared-discrepancy variability; not a power calculation, bias bound, convergence test or automatic formal-study decision."
H2,mala,1024,cos_z1,4,4,0,0.6065306597126334,analytic,0.0,3.175344231097792e-05,3.175344231097792e-05,1.6488867345495856e-05,3.175344231097792e-05,3.175344231097792e-05,False,67,"Illustrative normal-approximation n from pilot squared-discrepancy variability; not a power calculation, bias bound, convergence test or automatic formal-study decision."
H2,mala,4096,v_over_3,4,4,0,0.0,analytic,0.0,0.008983150012506089,0.008983150012506089,0.0034684571051238674,0.008983150012506089,0.008983150012506089,False,37,"Illustrative normal-approximation n from pilot squared-discrepancy variability; not a power calculation, bias bound, convergence test or automatic formal-study decision."
H2,mala,4096,tanh_v_over_3,4,4,0,0.0,analytic,0.0,0.003519912037063001,0.003519912037063001,0.0012147045231822697,0.003519912037063001,0.003519912037063001,False,30,"Illustrative normal-approximation n from pilot squared-discrepancy variability; not a power calculation, bias bound, convergence test or automatic formal-study decision."
H2,mala,4096,x1_positive,4,4,0,0.5,analytic,0.0,2.6114284992218018e-05,2.6114284992218018e-05,1.7961581081906787e-05,2.6114284992218018e-05,2.6114284992218018e-05,False,117,"Illustrative normal-approximation n from pilot squared-discrepancy variability; not a power calculation, bias bound, convergence test or automatic formal-study decision."
H2,mala,4096,cos_z1,4,4,0,0.6065306597126334,analytic,0.0,2.5833163823034502e-05,2.5833163823034502e-05,1.2669910360930637e-05,2.5833163823034502e-05,2.5833163823034502e-05,False,60,"Illustrative normal-approximation n from pilot squared-discrepancy variability; not a power calculation, bias bound, convergence test or automatic formal-study decision."
H2,nuts,256,v_over_3,4,4,0,0.0,analytic,0.0,0.00044587598559373204,0.00044587598559373204,0.00018201178837704625,0.00044587598559373204,0.00044587598559373204,False,41,"Illustrative normal-approximation n from pilot squared-discrepancy variability; not a power calculation, bias bound, convergence test or automatic formal-study decision."
H2,nuts,256,tanh_v_over_3,4,4,0,0.0,analytic,0.0,0.00016467545076182671,0.00016467545076182671,7.989769568917409e-05,0.00016467545076182671,0.00016467545076182671,False,58,"Illustrative normal-approximation n from pilot squared-discrepancy variability; not a power calculation, bias bound, convergence test or automatic formal-study decision."
H2,nuts,256,x1_positive,4,4,0,0.5,analytic,0.0,3.266334533691406e-05,3.266334533691406e-05,1.6473901464066866e-05,3.266334533691406e-05,3.266334533691406e-05,False,63,"Illustrative normal-approximation n from pilot squared-discrepancy variability; not a power calculation, bias bound, convergence test or automatic formal-study decision."
H2,nuts,256,cos_z1,4,4,0,0.6065306597126334,analytic,0.0,0.00029326441310654664,0.00029326441310654664,0.00020985111509947094,0.00029326441310654664,0.00029326441310654664,False,126,"Illustrative normal-approximation n from pilot squared-discrepancy variability; not a power calculation, bias bound, convergence test or automatic formal-study decision."
H2,nuts,1024,v_over_3,4,4,0,0.0,analytic,0.0,0.00020871884200162146,0.00020871884200162146,9.585866315326093e-05,0.00020871884200162146,0.00020871884200162146,False,52,"Illustrative normal-approximation n from pilot squared-discrepancy variability; not a power calculation, bias bound, convergence test or automatic formal-study decision."
H2,nuts,1024,tanh_v_over_3,4,4,0,0.0,analytic,0.0,7.706438256362372e-05,7.706438256362372e-05,3.626940990646098e-05,7.706438256362372e-05,7.706438256362372e-05,False,55,"Illustrative normal-approximation n from pilot squared-discrepancy variability; not a power calculation, bias bound, convergence test or automatic formal-study decision."
H2,nuts,1024,x1_positive,4,4,0,0.5,analytic,0.0,2.4065375328063965e-05,2.4065375328063965e-05,2.0692648673176596e-05,2.4065375328063965e-05,2.4065375328063965e-05,False,182,"Illustrative normal-approximation n from pilot squared-discrepancy variability; not a power calculation, bias bound, convergence test or automatic formal-study decision."
H2,nuts,1024,cos_z1,4,4,0,0.6065306597126334,analytic,0.0,2.1110625954426597e-05,2.1110625954426597e-05,1.058417237304809e-05,2.1110625954426597e-05,2.1110625954426597e-05,False,62,"Illustrative normal-approximation n from pilot squared-discrepancy variability; not a power calculation, bias bound, convergence test or automatic formal-study decision."
H2,nuts,4096,v_over_3,4,4,0,0.0,analytic,0.0,9.215290170961075e-05,9.215290170961075e-05,4.133557161562434e-05,9.215290170961075e-05,9.215290170961075e-05,False,50,"Illustrative normal-approximation n from pilot squared-discrepancy variability; not a power calculation, bias bound, convergence test or automatic formal-study decision."
H2,nuts,4096,tanh_v_over_3,4,4,0,0.0,analytic,0.0,3.565798553500541e-05,3.565798553500541e-05,1.3235906825959228e-05,3.565798553500541e-05,3.565798553500541e-05,False,34,"Illustrative normal-approximation n from pilot squared-discrepancy variability; not a power calculation, bias bound, convergence test or automatic formal-study decision."
H2,nuts,4096,x1_positive,4,4,0,0.5,analytic,0.0,1.1818483471870422e-05,1.1818483471870422e-05,7.88057911463014e-06,1.1818483471870422e-05,1.1818483471870422e-05,False,110,"Illustrative normal-approximation n from pilot squared-discrepancy variability; not a power calculation, bias bound, convergence test or automatic formal-study decision."
H2,nuts,4096,cos_z1,4,4,0,0.6065306597126334,analytic,0.0,1.973593512030192e-05,1.973593512030192e-05,8.482885565130496e-06,1.973593512030192e-05,1.973593512030192e-05,False,46,"Illustrative normal-approximation n from pilot squared-discrepancy variability; not a power calculation, bias bound, convergence test or automatic formal-study decision."
M1,rwm,256,standard_q1,4,4,0,0.0,analytic,0.0,0.0005774938155026935,0.0005774938155026935,0.000527554020913068,0.0005774938155026935,0.0005774938155026935,False,206,"Illustrative normal-approximation n from pilot squared-discrepancy variability; not a power calculation, bias bound, convergence test or automatic formal-study decision."
M1,rwm,256,q1_positive,4,4,0,0.5,analytic,0.0,0.0,0.0,0.0,0.0,0.0,False,,"Illustrative normal-approximation n from pilot squared-discrepancy variability; not a power calculation, bias bound, convergence test or automatic formal-study decision."
M1,rwm,256,q2,4,4,0,0.0,analytic,0.0,0.007541661785256109,0.007541661785256109,0.004526085273553638,0.007541661785256109,0.007541661785256109,False,89,"Illustrative normal-approximation n from pilot squared-discrepancy variability; not a power calculation, bias bound, convergence test or automatic formal-study decision."
M1,rwm,256,q2_squared,4,4,0,1.0,analytic,0.0,0.02146422081509887,0.02146422081509887,0.0138490470300871,0.02146422081509887,0.02146422081509887,False,103,"Illustrative normal-approximation n from pilot squared-discrepancy variability; not a power calculation, bias bound, convergence test or automatic formal-study decision."
M1,rwm,1024,standard_q1,4,4,0,0.0,analytic,0.0,0.00039445158905751537,0.00039445158905751537,0.0003455117707046131,0.00039445158905751537,0.00039445158905751537,False,189,"Illustrative normal-approximation n from pilot squared-discrepancy variability; not a power calculation, bias bound, convergence test or automatic formal-study decision."
M1,rwm,1024,q1_positive,4,4,0,0.5,analytic,0.0,0.0,0.0,0.0,0.0,0.0,False,,"Illustrative normal-approximation n from pilot squared-discrepancy variability; not a power calculation, bias bound, convergence test or automatic formal-study decision."
M1,rwm,1024,q2,4,4,0,0.0,analytic,0.0,0.002180041022671269,0.002180041022671269,0.0009851493930904784,0.002180041022671269,0.002180041022671269,False,51,"Illustrative normal-approximation n from pilot squared-discrepancy variability; not a power calculation, bias bound, convergence test or automatic formal-study decision."
M1,rwm,1024,q2_squared,4,4,0,1.0,analytic,0.0,0.0018480313442915518,0.0018480313442915518,0.0016014119158090786,0.0018480313442915518,0.0018480313442915518,False,185,"Illustrative normal-approximation n from pilot squared-discrepancy variability; not a power calculation, bias bound, convergence test or automatic formal-study decision."
M1,rwm,4096,standard_q1,4,4,0,0.0,analytic,0.0,0.0001790572307120771,0.0001790572307120771,0.0001330502408936009,0.0001790572307120771,0.0001790572307120771,False,136,"Illustrative normal-approximation n from pilot squared-discrepancy variability; not a power calculation, bias bound, convergence test or automatic formal-study decision."
M1,rwm,4096,q1_positive,4,4,0,0.5,analytic,0.0,0.0,0.0,0.0,0.0,0.0,False,,"Illustrative normal-approximation n from pilot squared-discrepancy variability; not a power calculation, bias bound, convergence test or automatic formal-study decision."
M1,rwm,4096,q2,4,4,0,0.0,analytic,0.0,0.0019475788816951981,0.0019475788816951981,0.0012943228433942957,0.0019475788816951981,0.0019475788816951981,False,109,"Illustrative normal-approximation n from pilot squared-discrepancy variability; not a power calculation, bias bound, convergence test or automatic formal-study decision."
M1,rwm,4096,q2_squared,4,4,0,1.0,analytic,0.0,0.002144855067864367,0.002144855067864367,0.0012590575852619002,0.002144855067864367,0.002144855067864367,False,85,"Illustrative normal-approximation n from pilot squared-discrepancy variability; not a power calculation, bias bound, convergence test or automatic formal-study decision."
M1,mala,256,standard_q1,4,4,0,0.0,analytic,0.0,0.00014073585477513765,0.00014073585477513765,9.014615172912583e-05,0.00014073585477513765,0.00014073585477513765,False,101,"Illustrative normal-approximation n from pilot squared-discrepancy variability; not a power calculation, bias bound, convergence test or automatic formal-study decision."
M1,mala,256,q1_positive,4,4,0,0.5,analytic,0.0,0.0,0.0,0.0,0.0,0.0,False,,"Illustrative normal-approximation n from pilot squared-discrepancy variability; not a power calculation, bias bound, convergence test or automatic formal-study decision."
M1,mala,256,q2,4,4,0,0.0,analytic,0.0,0.003766355273168444,0.003766355273168444,0.0022025484963373544,0.003766355273168444,0.003766355273168444,False,85,"Illustrative normal-approximation n from pilot squared-discrepancy variability; not a power calculation, bias bound, convergence test or automatic formal-study decision."
M1,mala,256,q2_squared,4,4,0,1.0,analytic,0.0,0.013169260325394208,0.013169260325394208,0.0052088257139855905,0.013169260325394208,0.013169260325394208,False,39,"Illustrative normal-approximation n from pilot squared-discrepancy variability; not a power calculation, bias bound, convergence test or automatic formal-study decision."
M1,mala,1024,standard_q1,4,4,0,0.0,analytic,0.0,4.376335031977539e-05,4.376335031977539e-05,1.6760514339817047e-05,4.376335031977539e-05,4.376335031977539e-05,False,37,"Illustrative normal-approximation n from pilot squared-discrepancy variability; not a power calculation, bias bound, convergence test or automatic formal-study decision."
M1,mala,1024,q1_positive,4,4,0,0.5,analytic,0.0,0.0,0.0,0.0,0.0,0.0,False,,"Illustrative normal-approximation n from pilot squared-discrepancy variability; not a power calculation, bias bound, convergence test or automatic formal-study decision."
M1,mala,1024,q2,4,4,0,0.0,analytic,0.0,0.0008848848179970414,0.0008848848179970414,0.0006031301843791563,0.0008848848179970414,0.0008848848179970414,False,115,"Illustrative normal-approximation n from pilot squared-discrepancy variability; not a power calculation, bias bound, convergence test or automatic formal-study decision."
M1,mala,1024,q2_squared,4,4,0,1.0,analytic,0.0,0.002250645293099163,0.002250645293099163,0.0008545341765298286,0.002250645293099163,0.002250645293099163,False,36,"Illustrative normal-approximation n from pilot squared-discrepancy variability; not a power calculation, bias bound, convergence test or automatic formal-study decision."
M1,mala,4096,standard_q1,4,4,0,0.0,analytic,0.0,8.075290699973103e-06,8.075290699973103e-06,2.7343890878280903e-06,8.075290699973103e-06,8.075290699973103e-06,False,29,"Illustrative normal-approximation n from pilot squared-discrepancy variability; not a power calculation, bias bound, convergence test or automatic formal-study decision."
M1,mala,4096,q1_positive,4,4,0,0.5,analytic,0.0,0.0,0.0,0.0,0.0,0.0,False,,"Illustrative normal-approximation n from pilot squared-discrepancy variability; not a power calculation, bias bound, convergence test or automatic formal-study decision."
M1,mala,4096,q2,4,4,0,0.0,analytic,0.0,0.0002806592451722858,0.0002806592451722858,0.0002099030939136628,0.0002806592451722858,0.0002806592451722858,False,138,"Illustrative normal-approximation n from pilot squared-discrepancy variability; not a power calculation, bias bound, convergence test or automatic formal-study decision."
M1,mala,4096,q2_squared,4,4,0,1.0,analytic,0.0,0.0005320815079333952,0.0005320815079333952,0.00027986877355893025,0.0005320815079333952,0.0005320815079333952,False,69,"Illustrative normal-approximation n from pilot squared-discrepancy variability; not a power calculation, bias bound, convergence test or automatic formal-study decision."
M1,nuts,256,standard_q1,4,4,0,0.0,analytic,0.0,0.06120534370667688,0.06120534370667688,0.061174390617041434,0.06120534370667688,0.06120534370667688,False,246,"Illustrative normal-approximation n from pilot squared-discrepancy variability; not a power calculation, bias bound, convergence test or automatic formal-study decision."
M1,nuts,256,q1_positive,4,4,0,0.5,analytic,0.0,0.015625,0.015625,0.015625,0.015625,0.015625,False,246,"Illustrative normal-approximation n from pilot squared-discrepancy variability; not a power calculation, bias bound, convergence test or automatic formal-study decision."
M1,nuts,256,q2,4,4,0,0.0,analytic,0.0,0.00031526739864288193,0.00031526739864288193,0.00011355304872069966,0.00031526739864288193,0.00031526739864288193,False,32,"Illustrative normal-approximation n from pilot squared-discrepancy variability; not a power calculation, bias bound, convergence test or automatic formal-study decision."
M1,nuts,256,q2_squared,4,4,0,1.0,analytic,0.0,0.0034884526550215114,0.0034884526550215114,0.0031597510377618593,0.0034884526550215114,0.0034884526550215114,False,202,"Illustrative normal-approximation n from pilot squared-discrepancy variability; not a power calculation, bias bound, convergence test or automatic formal-study decision."
M1,nuts,1024,standard_q1,4,4,0,0.0,analytic,0.0,0.061263497925022885,0.061263497925022885,0.06126021762692532,0.061263497925022885,0.061263497925022885,False,246,"Illustrative normal-approximation n from pilot squared-discrepancy variability; not a power calculation, bias bound, convergence test or automatic formal-study decision."
M1,nuts,1024,q1_positive,4,4,0,0.5,analytic,0.0,0.015625,0.015625,0.015625,0.015625,0.015625,False,246,"Illustrative normal-approximation n from pilot squared-discrepancy variability; not a power calculation, bias bound, convergence test or automatic formal-study decision."
M1,nuts,1024,q2,4,4,0,0.0,analytic,0.0,3.538506143241353e-05,3.538506143241353e-05,1.8084506268169123e-05,3.538506143241353e-05,3.538506143241353e-05,False,65,"Illustrative normal-approximation n from pilot squared-discrepancy variability; not a power calculation, bias bound, convergence test or automatic formal-study decision."
M1,nuts,1024,q2_squared,4,4,0,1.0,analytic,0.0,0.0018834033413858257,0.0018834033413858257,0.001183711725216289,0.0018834033413858257,0.0018834033413858257,False,98,"Illustrative normal-approximation n from pilot squared-discrepancy variability; not a power calculation, bias bound, convergence test or automatic formal-study decision."
M1,nuts,4096,standard_q1,4,4,0,0.0,analytic,0.0,0.060532980397097196,0.060532980397097196,0.06053276919417687,0.060532980397097196,0.060532980397097196,False,246,"Illustrative normal-approximation n from pilot squared-discrepancy variability; not a power calculation, bias bound, convergence test or automatic formal-study decision."
M1,nuts,4096,q1_positive,4,4,0,0.5,analytic,0.0,0.015625,0.015625,0.015625,0.015625,0.015625,False,246,"Illustrative normal-approximation n from pilot squared-discrepancy variability; not a power calculation, bias bound, convergence test or automatic formal-study decision."
M1,nuts,4096,q2,4,4,0,0.0,analytic,0.0,2.4038857169116332e-05,2.4038857169116332e-05,1.0072606426300067e-05,2.4038857169116332e-05,2.4038857169116332e-05,False,44,"Illustrative normal-approximation n from pilot squared-discrepancy variability; not a power calculation, bias bound, convergence test or automatic formal-study decision."
M1,nuts,4096,q2_squared,4,4,0,1.0,analytic,0.0,0.00016393171029020342,0.00016393171029020342,0.00011560858124447307,0.00016393171029020342,0.00016393171029020342,False,123,"Illustrative normal-approximation n from pilot squared-discrepancy variability; not a power calculation, bias bound, convergence test or automatic formal-study decision."
W1,rwm,256,alpha,4,4,0,0.6065771117644989,numerical_uncertified,,4.136693590815164e-05,4.136693590815164e-05,3.079580916543631e-05,,,False,,"Illustrative normal-approximation n from pilot squared-discrepancy variability; not a power calculation, bias bound, convergence test or automatic formal-study decision."
W1,rwm,256,beta,4,4,0,-0.6229832495256747,numerical_uncertified,,5.3900265206318206e-05,5.3900265206318206e-05,4.0439575184809426e-05,,,False,,"Illustrative normal-approximation n from pilot squared-discrepancy variability; not a power calculation, bias bound, convergence test or automatic formal-study decision."
W1,rwm,256,alpha_squared,4,4,0,0.37157705510657857,numerical_uncertified,,5.844810518191213e-05,5.844810518191213e-05,4.358857699170086e-05,,,False,,"Illustrative normal-approximation n from pilot squared-discrepancy variability; not a power calculation, bias bound, convergence test or automatic formal-study decision."
W1,rwm,256,beta_squared,4,4,0,0.39761870777386443,numerical_uncertified,,7.844414071088467e-05,7.844414071088467e-05,5.277627554999504e-05,,,False,,"Illustrative normal-approximation n from pilot squared-discrepancy variability; not a power calculation, bias bound, convergence test or automatic formal-study decision."
W1,rwm,256,p_switch_0m,4,4,0,0.6470373970343255,numerical_uncertified,,2.1707387183401658e-06,2.1707387183401658e-06,1.6157132477272133e-06,,,False,,"Illustrative normal-approximation n from pilot squared-discrepancy variability; not a power calculation, bias bound, convergence test or automatic formal-study decision."
W1,rwm,256,p_switch_100m,4,4,0,0.49590258117089897,numerical_uncertified,,1.499608388091031e-06,1.499608388091031e-06,1.1775517189027437e-06,,,False,,"Illustrative normal-approximation n from pilot squared-discrepancy variability; not a power calculation, bias bound, convergence test or automatic formal-study decision."
W1,rwm,256,beta_positive,4,4,0,4.7672087565484905e-11,numerical_uncertified,,2.2726279328512606e-21,2.2726279328512606e-21,0.0,,,False,,"Illustrative normal-approximation n from pilot squared-discrepancy variability; not a power calculation, bias bound, convergence test or automatic formal-study decision."
W1,rwm,1024,alpha,4,4,0,0.6065771117644989,numerical_uncertified,,1.3072585203677136e-06,1.3072585203677136e-06,5.046187317534248e-07,,,False,,"Illustrative normal-approximation n from pilot squared-discrepancy variability; not a power calculation, bias bound, convergence test or automatic formal-study decision."
W1,rwm,1024,beta,4,4,0,-0.6229832495256747,numerical_uncertified,,1.264586409491997e-05,1.264586409491997e-05,7.821872105782147e-06,,,False,,"Illustrative normal-approximation n from pilot squared-discrepancy variability; not a power calculation, bias bound, convergence test or automatic formal-study decision."
W1,rwm,1024,alpha_squared,4,4,0,0.37157705510657857,numerical_uncertified,,2.0037547039640814e-06,2.0037547039640814e-06,7.32057018959786e-07,,,False,,"Illustrative normal-approximation n from pilot squared-discrepancy variability; not a power calculation, bias bound, convergence test or automatic formal-study decision."
W1,rwm,1024,beta_squared,4,4,0,0.39761870777386443,numerical_uncertified,,1.881241106211751e-05,1.881241106211751e-05,1.3323837308146821e-05,,,False,,"Illustrative normal-approximation n from pilot squared-discrepancy variability; not a power calculation, bias bound, convergence test or automatic formal-study decision."
W1,rwm,1024,p_switch_0m,4,4,0,0.6470373970343255,numerical_uncertified,,6.79878256190287e-08,6.79878256190287e-08,2.733466125880308e-08,,,False,,"Illustrative normal-approximation n from pilot squared-discrepancy variability; not a power calculation, bias bound, convergence test or automatic formal-study decision."
W1,rwm,1024,p_switch_100m,4,4,0,0.49590258117089897,numerical_uncertified,,4.80589307088339e-07,4.80589307088339e-07,3.238372602715893e-07,,,False,,"Illustrative normal-approximation n from pilot squared-discrepancy variability; not a power calculation, bias bound, convergence test or automatic formal-study decision."
W1,rwm,1024,beta_positive,4,4,0,4.7672087565484905e-11,numerical_uncertified,,2.2726279328512606e-21,2.2726279328512606e-21,0.0,,,False,,"Illustrative normal-approximation n from pilot squared-discrepancy variability; not a power calculation, bias bound, convergence test or automatic formal-study decision."
W1,rwm,4096,alpha,4,4,0,0.6065771117644989,numerical_uncertified,,2.3061904998962832e-06,2.3061904998962832e-06,1.6077053403041943e-06,,,False,,"Illustrative normal-approximation n from pilot squared-discrepancy variability; not a power calculation, bias bound, convergence test or automatic formal-study decision."
W1,rwm,4096,beta,4,4,0,-0.6229832495256747,numerical_uncertified,,6.604327197648337e-06,6.604327197648337e-06,4.4061359190364466e-06,,,False,,"Illustrative normal-approximation n from pilot squared-discrepancy variability; not a power calculation, bias bound, convergence test or automatic formal-study decision."
W1,rwm,4096,alpha_squared,4,4,0,0.37157705510657857,numerical_uncertified,,3.5504132370627126e-06,3.5504132370627126e-06,2.430805913956441e-06,,,False,,"Illustrative normal-approximation n from pilot squared-discrepancy variability; not a power calculation, bias bound, convergence test or automatic formal-study decision."
W1,rwm,4096,beta_squared,4,4,0,0.39761870777386443,numerical_uncertified,,9.833956825447553e-06,9.833956825447553e-06,6.3900159255634445e-06,,,False,,"Illustrative normal-approximation n from pilot squared-discrepancy variability; not a power calculation, bias bound, convergence test or automatic formal-study decision."
W1,rwm,4096,p_switch_0m,4,4,0,0.6470373970343255,numerical_uncertified,,1.191611984695443e-07,1.191611984695443e-07,8.327406555936882e-08,,,False,,"Illustrative normal-approximation n from pilot squared-discrepancy variability; not a power calculation, bias bound, convergence test or automatic formal-study decision."
W1,rwm,4096,p_switch_100m,4,4,0,0.49590258117089897,numerical_uncertified,,1.2208679668126725e-07,1.2208679668126725e-07,7.1189817163672e-08,,,False,,"Illustrative normal-approximation n from pilot squared-discrepancy variability; not a power calculation, bias bound, convergence test or automatic formal-study decision."
W1,rwm,4096,beta_positive,4,4,0,4.7672087565484905e-11,numerical_uncertified,,2.2726279328512606e-21,2.2726279328512606e-21,0.0,,,False,,"Illustrative normal-approximation n from pilot squared-discrepancy variability; not a power calculation, bias bound, convergence test or automatic formal-study decision."
W1,mala,256,alpha,4,4,0,0.6065771117644989,numerical_uncertified,,1.2284890450689372e-06,1.2284890450689372e-06,5.070334547918317e-07,,,False,,"Illustrative normal-approximation n from pilot squared-discrepancy variability; not a power calculation, bias bound, convergence test or automatic formal-study decision."
W1,mala,256,beta,4,4,0,-0.6229832495256747,numerical_uncertified,,1.0320370338252838e-05,1.0320370338252838e-05,1.9076826857153233e-06,,,False,,"Illustrative normal-approximation n from pilot squared-discrepancy variability; not a power calculation, bias bound, convergence test or automatic formal-study decision."
W1,mala,256,alpha_squared,4,4,0,0.37157705510657857,numerical_uncertified,,1.4256033647123461e-06,1.4256033647123461e-06,5.967888486132638e-07,,,False,,"Illustrative normal-approximation n from pilot squared-discrepancy variability; not a power calculation, bias bound, convergence test or automatic formal-study decision."
W1,mala,256,beta_squared,4,4,0,0.39761870777386443,numerical_uncertified,,1.483656205782355e-05,1.483656205782355e-05,1.8736745546374937e-06,,,False,,"Illustrative normal-approximation n from pilot squared-discrepancy variability; not a power calculation, bias bound, convergence test or automatic formal-study decision."
W1,mala,256,p_switch_0m,4,4,0,0.6470373970343255,numerical_uncertified,,6.663851823168764e-08,6.663851823168764e-08,2.742289571014722e-08,,,False,,"Illustrative normal-approximation n from pilot squared-discrepancy variability; not a power calculation, bias bound, convergence test or automatic formal-study decision."
W1,mala,256,p_switch_100m,4,4,0,0.49590258117089897,numerical_uncertified,,2.967827315745274e-07,2.967827315745274e-07,7.274266035592873e-08,,,False,,"Illustrative normal-approximation n from pilot squared-discrepancy variability; not a power calculation, bias bound, convergence test or automatic formal-study decision."
W1,mala,256,beta_positive,4,4,0,4.7672087565484905e-11,numerical_uncertified,,2.2726279328512606e-21,2.2726279328512606e-21,0.0,,,False,,"Illustrative normal-approximation n from pilot squared-discrepancy variability; not a power calculation, bias bound, convergence test or automatic formal-study decision."
W1,mala,1024,alpha,4,4,0,0.6065771117644989,numerical_uncertified,,7.104207237983282e-08,7.104207237983282e-08,3.093083501788183e-08,,,False,,"Illustrative normal-approximation n from pilot squared-discrepancy variability; not a power calculation, bias bound, convergence test or automatic formal-study decision."
W1,mala,1024,beta,4,4,0,-0.6229832495256747,numerical_uncertified,,1.1339140972750196e-06,1.1339140972750196e-06,7.126270939465574e-07,,,False,,"Illustrative normal-approximation n from pilot squared-discrepancy variability; not a power calculation, bias bound, convergence test or automatic formal-study decision."
W1,mala,1024,alpha_squared,4,4,0,0.37157705510657857,numerical_uncertified,,9.46654730205116e-08,9.46654730205116e-08,4.8726535020935965e-08,,,False,,"Illustrative normal-approximation n from pilot squared-discrepancy variability; not a power calculation, bias bound, convergence test or automatic formal-study decision."
W1,mala,1024,beta_squared,4,4,0,0.39761870777386443,numerical_uncertified,,1.5512573655098896e-06,1.5512573655098896e-06,1.0229725234355134e-06,,,False,,"Illustrative normal-approximation n from pilot squared-discrepancy variability; not a power calculation, bias bound, convergence test or automatic formal-study decision."
W1,mala,1024,p_switch_0m,4,4,0,0.6470373970343255,numerical_uncertified,,3.7969019095767995e-09,3.7969019095767995e-09,1.6105229682139772e-09,,,False,,"Illustrative normal-approximation n from pilot squared-discrepancy variability; not a power calculation, bias bound, convergence test or automatic formal-study decision."
W1,mala,1024,p_switch_100m,4,4,0,0.49590258117089897,numerical_uncertified,,5.381466690039515e-08,5.381466690039515e-08,2.656620333260989e-08,,,False,,"Illustrative normal-approximation n from pilot squared-discrepancy variability; not a power calculation, bias bound, convergence test or automatic formal-study decision."
W1,mala,1024,beta_positive,4,4,0,4.7672087565484905e-11,numerical_uncertified,,2.2726279328512606e-21,2.2726279328512606e-21,0.0,,,False,,"Illustrative normal-approximation n from pilot squared-discrepancy variability; not a power calculation, bias bound, convergence test or automatic formal-study decision."
W1,mala,4096,alpha,4,4,0,0.6065771117644989,numerical_uncertified,,5.89476285907187e-07,5.89476285907187e-07,2.259733237632367e-07,,,False,,"Illustrative normal-approximation n from pilot squared-discrepancy variability; not a power calculation, bias bound, convergence test or automatic formal-study decision."
W1,mala,4096,beta,4,4,0,-0.6229832495256747,numerical_uncertified,,1.0087744056545367e-06,1.0087744056545367e-06,7.681983806447251e-07,,,False,,"Illustrative normal-approximation n from pilot squared-discrepancy variability; not a power calculation, bias bound, convergence test or automatic formal-study decision."
W1,mala,4096,alpha_squared,4,4,0,0.37157705510657857,numerical_uncertified,,8.135525094733942e-07,8.135525094733942e-07,3.0534839344359514e-07,,,False,,"Illustrative normal-approximation n from pilot squared-discrepancy variability; not a power calculation, bias bound, convergence test or automatic formal-study decision."
W1,mala,4096,beta_squared,4,4,0,0.39761870777386443,numerical_uncertified,,1.4102604695231796e-06,1.4102604695231796e-06,9.81747778142947e-07,,,False,,"Illustrative normal-approximation n from pilot squared-discrepancy variability; not a power calculation, bias bound, convergence test or automatic formal-study decision."
W1,mala,4096,p_switch_0m,4,4,0,0.6470373970343255,numerical_uncertified,,3.109079325677429e-08,3.109079325677429e-08,1.1991348460820172e-08,,,False,,"Illustrative normal-approximation n from pilot squared-discrepancy variability; not a power calculation, bias bound, convergence test or automatic formal-study decision."
W1,mala,4096,p_switch_100m,4,4,0,0.49590258117089897,numerical_uncertified,,1.379565340425292e-08,1.379565340425292e-08,1.1179482296469112e-08,,,False,,"Illustrative normal-approximation n from pilot squared-discrepancy variability; not a power calculation, bias bound, convergence test or automatic formal-study decision."
W1,mala,4096,beta_positive,4,4,0,4.7672087565484905e-11,numerical_uncertified,,2.2726279328512606e-21,2.2726279328512606e-21,0.0,,,False,,"Illustrative normal-approximation n from pilot squared-discrepancy variability; not a power calculation, bias bound, convergence test or automatic formal-study decision."
W1,nuts,256,alpha,4,4,0,0.6065771117644989,numerical_uncertified,,1.2355782493030411e-06,1.2355782493030411e-06,1.1244330960610605e-06,,,False,,"Illustrative normal-approximation n from pilot squared-discrepancy variability; not a power calculation, bias bound, convergence test or automatic formal-study decision."
W1,nuts,256,beta,4,4,0,-0.6229832495256747,numerical_uncertified,,1.5098222211305656e-06,1.5098222211305656e-06,9.4021132329725e-07,,,False,,"Illustrative normal-approximation n from pilot squared-discrepancy variability; not a power calculation, bias bound, convergence test or automatic formal-study decision."
W1,nuts,256,alpha_squared,4,4,0,0.37157705510657857,numerical_uncertified,,1.6223410596341385e-06,1.6223410596341385e-06,1.38160236509261e-06,,,False,,"Illustrative normal-approximation n from pilot squared-discrepancy variability; not a power calculation, bias bound, convergence test or automatic formal-study decision."
W1,nuts,256,beta_squared,4,4,0,0.39761870777386443,numerical_uncertified,,1.8931384167679353e-06,1.8931384167679353e-06,1.3201532755304087e-06,,,False,,"Illustrative normal-approximation n from pilot squared-discrepancy variability; not a power calculation, bias bound, convergence test or automatic formal-study decision."
W1,nuts,256,p_switch_0m,4,4,0,0.6470373970343255,numerical_uncertified,,6.583378790434406e-08,6.583378790434406e-08,6.033979310132485e-08,,,False,,"Illustrative normal-approximation n from pilot squared-discrepancy variability; not a power calculation, bias bound, convergence test or automatic formal-study decision."
W1,nuts,256,p_switch_100m,4,4,0,0.49590258117089897,numerical_uncertified,,1.9406920583133737e-07,1.9406920583133737e-07,8.50304631615474e-08,,,False,,"Illustrative normal-approximation n from pilot squared-discrepancy variability; not a power calculation, bias bound, convergence test or automatic formal-study decision."
W1,nuts,256,beta_positive,4,4,0,4.7672087565484905e-11,numerical_uncertified,,2.2726279328512606e-21,2.2726279328512606e-21,0.0,,,False,,"Illustrative normal-approximation n from pilot squared-discrepancy variability; not a power calculation, bias bound, convergence test or automatic formal-study decision."
W1,nuts,1024,alpha,4,4,0,0.6065771117644989,numerical_uncertified,,1.7945308241676746e-06,1.7945308241676746e-06,1.0214267963316584e-06,,,False,,"Illustrative normal-approximation n from pilot squared-discrepancy variability; not a power calculation, bias bound, convergence test or automatic formal-study decision."
W1,nuts,1024,beta,4,4,0,-0.6229832495256747,numerical_uncertified,,1.1565852216855568e-06,1.1565852216855568e-06,7.42651158038036e-07,,,False,,"Illustrative normal-approximation n from pilot squared-discrepancy variability; not a power calculation, bias bound, convergence test or automatic formal-study decision."
W1,nuts,1024,alpha_squared,4,4,0,0.37157705510657857,numerical_uncertified,,2.8439418539837742e-06,2.8439418539837742e-06,1.6101156899785108e-06,,,False,,"Illustrative normal-approximation n from pilot squared-discrepancy variability; not a power calculation, bias bound, convergence test or automatic formal-study decision."
W1,nuts,1024,beta_squared,4,4,0,0.39761870777386443,numerical_uncertified,,1.860904486137926e-06,1.860904486137926e-06,1.1047649388347299e-06,,,False,,"Illustrative normal-approximation n from pilot squared-discrepancy variability; not a power calculation, bias bound, convergence test or automatic formal-study decision."
W1,nuts,1024,p_switch_0m,4,4,0,0.6470373970343255,numerical_uncertified,,9.225372558494742e-08,9.225372558494742e-08,5.260984242413864e-08,,,False,,"Illustrative normal-approximation n from pilot squared-discrepancy variability; not a power calculation, bias bound, convergence test or automatic formal-study decision."
W1,nuts,1024,p_switch_100m,4,4,0,0.49590258117089897,numerical_uncertified,,4.300111326170547e-08,4.300111326170547e-08,2.5642611709737577e-08,,,False,,"Illustrative normal-approximation n from pilot squared-discrepancy variability; not a power calculation, bias bound, convergence test or automatic formal-study decision."
W1,nuts,1024,beta_positive,4,4,0,4.7672087565484905e-11,numerical_uncertified,,2.2726279328512606e-21,2.2726279328512606e-21,0.0,,,False,,"Illustrative normal-approximation n from pilot squared-discrepancy variability; not a power calculation, bias bound, convergence test or automatic formal-study decision."
W1,nuts,4096,alpha,4,4,0,0.6065771117644989,numerical_uncertified,,7.07631432016063e-08,7.07631432016063e-08,2.7747041433729216e-08,,,False,,"Illustrative normal-approximation n from pilot squared-discrepancy variability; not a power calculation, bias bound, convergence test or automatic formal-study decision."
W1,nuts,4096,beta,4,4,0,-0.6229832495256747,numerical_uncertified,,9.112927008116002e-08,9.112927008116002e-08,7.771882595032067e-08,,,False,,"Illustrative normal-approximation n from pilot squared-discrepancy variability; not a power calculation, bias bound, convergence test or automatic formal-study decision."
W1,nuts,4096,alpha_squared,4,4,0,0.37157705510657857,numerical_uncertified,,8.765163849279688e-08,8.765163849279688e-08,2.86514175606323e-08,,,False,,"Illustrative normal-approximation n from pilot squared-discrepancy variability; not a power calculation, bias bound, convergence test or automatic formal-study decision."
W1,nuts,4096,beta_squared,4,4,0,0.39761870777386443,numerical_uncertified,,2.0082662435033583e-07,2.0082662435033583e-07,1.557246169597648e-07,,,False,,"Illustrative normal-approximation n from pilot squared-discrepancy variability; not a power calculation, bias bound, convergence test or automatic formal-study decision."
W1,nuts,4096,p_switch_0m,4,4,0,0.6470373970343255,numerical_uncertified,,3.798067517491152e-09,3.798067517491152e-09,1.534820457329081e-09,,,False,,"Illustrative normal-approximation n from pilot squared-discrepancy variability; not a power calculation, bias bound, convergence test or automatic formal-study decision."
W1,nuts,4096,p_switch_100m,4,4,0,0.49590258117089897,numerical_uncertified,,6.538064303637855e-09,6.538064303637855e-09,3.3683352186786602e-09,,,False,,"Illustrative normal-approximation n from pilot squared-discrepancy variability; not a power calculation, bias bound, convergence test or automatic formal-study decision."
W1,nuts,4096,beta_positive,4,4,0,4.7672087565484905e-11,numerical_uncertified,,2.2726279328512606e-21,2.2726279328512606e-21,0.0,,,False,,"Illustrative normal-approximation n from pilot squared-discrepancy variability; not a power calculation, bias bound, convergence test or automatic formal-study decision."
