id,batch,phase,model,replicate,workflow,budget,disposition,outcome,function_status
00088f5a35a41fad7ac72c3b,1,main,G1,14,cpu-nuts-spawn_chains,4096,analyzed,output_failure_unclassified,unavailable
000db73992a4f8cb5680d1a7,2,main,H1,22,cuda-rwm-online_picard,4096,analyzed,valid,completed
001597b4e5477af9edd342da,0,main,H1,3,cpu-mala-sequential,4096,analyzed,valid,completed
0021dad90a61842233f8e351,1,main,H2,11,cpu-mala-sequential,4096,analyzed,valid,completed
00266beef8dae361afe3a204,1,main,H2,10,cpu-rwm-sequential,1024,analyzed,valid,completed
003b2d6482ec432d84fc47c0,1,main,H1,10,cpu-mala-quasi_deer,4096,analyzed,numerical_failure,unavailable
006d829f1b54a12cb8adfa90,2,main,L1,21,cpu-rwm-sequential,1024,analyzed,valid,completed
00b32ac8625ffa20bafa4974,0,main,M1,6,cuda-rwm-sequential,4096,analyzed,valid,completed
00baf2fcf54721177fde19a8,0,main,L1,3,cpu-mala-quasi_deer,4096,analyzed,valid,completed
00c06f320f7847f68a655551,0,main,G1,7,cuda-rwm-online_picard,1024,analyzed,valid,completed
00c848b98fd2fd0cac700cff,2,main,G2,19,cuda-mala-sequential,4096,analyzed,valid,completed
00d8e609445e273aaa5f66b4,2,cache,G2,16,cpu-rwm-online_picard,4096,analyzed,measurement_available,unavailable
00e66fd6b792f06b5d024688,1,main,H2,8,cpu-rwm-online_picard,4096,analyzed,valid,completed
00e704a19830ee54568229fe,0,main,M1,3,cuda-mala-sequential,1024,analyzed,valid,completed
00ed3f94e408bc779829cfc1,0,main,M1,7,cpu-mala-sequential,1024,analyzed,valid,completed
00f6c08463874018f32fc5dd,0,cache,L2,0,cpu-mala-quasi_deer,1024,analyzed,measurement_available,unavailable
00fd02a7ab98850f92300141,2,main,H2,16,cpu-mala-quasi_deer,4096,analyzed,valid,completed
0103bc28d4b9a39f2ba671a8,1,main,G2,12,cpu-nuts-spawn_chains,1024,analyzed,valid,completed
011dbd3896213351871ab6d8,1,cache,W1,8,cuda-rwm-sequential,1024,analyzed,measurement_available,unavailable
01297e7f63486e77980cdb14,2,main,G1,17,cpu-mala-sequential,4096,analyzed,valid,completed
012ddeab60f1aaa149966ce1,0,main,G1,1,cpu-mala-quasi_deer,1024,analyzed,valid,completed
013b278c8e5f90c442c37fb6,0,main,H2,6,cpu-rwm-sequential,1024,analyzed,valid,completed
0144ecc30070c54f91ab66ae,0,main,H1,5,cpu-mala-quasi_deer,1024,analyzed,valid,completed
0150c74f72e868e364ffc87f,2,main,H1,16,cuda-mala-quasi_deer,1024,analyzed,numerical_failure,unavailable
01514ba3ab1dda27f0ea0f72,0,main,G1,0,cpu-mala-sequential,1024,analyzed,valid,completed
015d006d08b10b528f4ca02d,1,main,L2,13,cuda-rwm-sequential,1024,analyzed,valid,completed
015e00c0b44a47b689e2fde4,1,main,M1,12,cpu-nuts-spawn_chains,1024,analyzed,valid,completed
016032b017e7ffd18e9352d2,0,cache,W1,0,cpu-mala-quasi_deer,4096,analyzed,measurement_available,unavailable
01805b9395411c466559da60,0,main,L1,4,cuda-rwm-online_picard,4096,analyzed,valid,completed
018ea95a6b88b74aa8718031,0,main,L2,6,cuda-rwm-online_picard,1024,analyzed,valid,completed
019970fb8f5e26366b71c018,1,main,L2,11,cpu-nuts-spawn_chains,1024,analyzed,valid,completed
01b50aa815534f465a80036b,1,main,M1,12,cpu-mala-sequential,1024,analyzed,valid,completed
01bbbe8f79a305460a8a3347,0,main,G2,6,cpu-mala-quasi_deer,4096,analyzed,valid,completed
01c302a1da47933f18befe4d,2,main,L2,18,cuda-rwm-sequential,1024,analyzed,valid,completed
01ca271078c29c093b4bcd9a,2,main,A1,20,cuda-rwm-online_picard,1024,analyzed,valid,completed
01f57e63430c165785c66553,1,main,L1,13,cpu-nuts-spawn_chains,1024,analyzed,valid,completed
01ff8322118c15c8d2ea5d6f,2,main,M1,16,cpu-mala-sequential,4096,analyzed,valid,completed
02010b317b8762f94d4f701d,0,main,M1,0,cpu-rwm-online_picard,1024,analyzed,valid,completed
021dd87bc7b8fc3147377eeb,0,main,W1,1,cpu-rwm-sequential,4096,analyzed,valid,completed
021f8bf043fe2c93492598e3,1,main,A1,13,cuda-mala-quasi_deer,1024,analyzed,valid,completed
023df3909c353ac21f8a3b35,2,main,G1,21,cuda-rwm-online_picard,1024,analyzed,valid,completed
025200183d452dfd6b02d481,2,main,M1,22,cuda-mala-sequential,4096,analyzed,valid,completed
025d7dcc87f380c47c265a6f,2,main,G1,16,cuda-mala-sequential,1024,analyzed,valid,completed
029618f844dcc6ea3604c801,2,main,L2,23,cpu-rwm-sequential,1024,analyzed,valid,completed
02f7dc62259b1bc331f68bf0,0,main,L2,4,cpu-mala-quasi_deer,4096,analyzed,valid,completed
02ffb07d4a2a0c6ba22e0b25,1,main,L2,12,cpu-mala-quasi_deer,1024,analyzed,valid,completed
031076555c414e0f3588c24f,1,main,G1,15,cuda-mala-sequential,1024,analyzed,valid,completed
03149a809fa9c0ae5a4dacdc,2,cache,W1,16,cpu-mala-quasi_deer,4096,analyzed,measurement_available,unavailable
0319993c38dbc803ef669b29,2,main,H2,17,cuda-mala-sequential,1024,analyzed,valid,completed
0319c81cbefb8e7e251b5ede,1,main,H2,12,cpu-rwm-sequential,1024,analyzed,valid,completed
03274fd0c8f1354317c740f8,2,main,L2,21,cpu-mala-quasi_deer,1024,analyzed,valid,completed
03331aca7dee681ae468e4a8,0,main,A1,1,cpu-rwm-sequential,4096,analyzed,valid,completed
034b75562dfacde203dc730b,2,main,A1,20,cpu-rwm-online_picard,4096,analyzed,valid,completed
0356a469b58bde1fcc1f857c,1,main,W1,13,cpu-mala-quasi_deer,4096,analyzed,valid,completed
035abd6384ddd5a20e28a837,2,main,L2,18,cuda-mala-sequential,1024,analyzed,valid,completed
0364fd6a454856b48e0fb72b,2,cache,G2,23,cuda-rwm-online_picard,1024,analyzed,measurement_available,unavailable
0367d367472e5530ce870dfb,0,main,G1,6,cpu-rwm-online_picard,4096,analyzed,valid,completed
03b89d1aa4ed53565a3ee9ff,0,main,M1,4,cuda-mala-sequential,4096,analyzed,valid,completed
03c4a89b8bd62f3350ca1511,2,main,G1,23,cuda-mala-sequential,4096,analyzed,valid,completed
03c9c21bd270d1ec718b73a5,0,main,A1,1,cpu-mala-quasi_deer,1024,analyzed,valid,completed
03da8215e24f299bfaa9d7cf,2,main,H2,23,cpu-nuts-spawn_chains,1024,analyzed,valid,completed
03f298eca9dafd17041e61d8,0,main,H2,2,cpu-mala-sequential,1024,analyzed,valid,completed
03f3d55036a79cb0f3498e38,2,main,G1,21,cuda-rwm-sequential,4096,analyzed,valid,completed
0402e6cd1b18f517bb9e70f3,1,main,W1,11,cpu-mala-quasi_deer,4096,analyzed,valid,completed
04122f460877b59b0b270201,1,main,A1,13,cpu-rwm-sequential,1024,analyzed,valid,completed
042c55b0d3e293ba8c903411,1,main,L2,15,cpu-mala-quasi_deer,1024,analyzed,valid,completed
04347d3148ecb84dbae384a2,0,main,L2,2,cuda-mala-sequential,4096,analyzed,valid,completed
043852621c1f7715041df563,1,main,M1,13,cpu-rwm-online_picard,1024,analyzed,valid,completed
046b825d853c081fc0703d1c,0,main,H1,0,cuda-mala-quasi_deer,1024,analyzed,valid,completed
04772989936e83257a85c11f,1,main,W1,11,cuda-mala-quasi_deer,4096,analyzed,valid,completed
04788a9b07ff11716f034671,0,main,A1,0,cuda-rwm-online_picard,1024,analyzed,valid,completed
0479adaf5683f18c7a64ff71,1,main,G1,13,cpu-rwm-online_picard,1024,analyzed,valid,completed
049a564c7519662f0d374e41,2,main,W1,18,cpu-mala-sequential,4096,analyzed,valid,completed
04a13e032a51ed086e52efe3,0,main,H2,3,cuda-rwm-online_picard,4096,analyzed,valid,completed
04c996374832a38c2dfa92e0,1,main,H1,14,cpu-rwm-sequential,1024,analyzed,valid,completed
04cb105d8ec64fea3db46335,2,main,L2,18,cuda-mala-sequential,4096,analyzed,valid,completed
04d1232617379b58c4aca691,0,main,G1,4,cuda-mala-quasi_deer,4096,analyzed,valid,completed
04e8caee950e68313c94b1e0,2,main,L1,17,cuda-mala-sequential,1024,analyzed,valid,completed
04ecd588243821c75d43f602,0,main,G1,3,cpu-mala-sequential,1024,analyzed,valid,completed
0508a7ad6f22c85bc5824006,0,main,H1,6,cpu-mala-sequential,4096,analyzed,valid,completed
050ccafe96e4f173c78b40fe,0,main,H1,2,cuda-rwm-sequential,1024,analyzed,valid,completed
052053b159ad51e0f5207eee,0,main,W1,1,cuda-rwm-sequential,4096,analyzed,valid,completed
053ac5100fc8145a55659ffb,0,main,W1,3,cpu-mala-sequential,4096,analyzed,valid,completed
053bb5a3e5326ae28655de4b,0,main,H2,4,cpu-nuts-spawn_chains,4096,analyzed,output_failure_unclassified,unavailable
0550352d3b9b44bf927a81fd,2,main,G1,23,cpu-nuts-spawn_chains,1024,analyzed,valid,completed
055a19a0641ed3ea29383167,0,main,H2,6,cpu-rwm-online_picard,4096,analyzed,valid,completed
0560dc7a93e92c45b18aad52,1,main,W1,13,cuda-rwm-sequential,4096,analyzed,valid,completed
05634fa759c2eb397cd13c7e,1,main,G2,11,cpu-rwm-online_picard,1024,analyzed,valid,completed
05893e4226034b44eaf9302a,1,main,H2,15,cuda-rwm-online_picard,4096,analyzed,valid,completed
059794bf9a235d5bedf5b0cc,1,main,G1,11,cuda-rwm-online_picard,4096,analyzed,valid,completed
05b3f2c68a126b9b533e37d7,1,main,H1,10,cuda-mala-quasi_deer,4096,analyzed,numerical_failure,unavailable
05d6b41a24a44a4f0075928a,0,main,W1,4,cpu-mala-sequential,1024,analyzed,valid,completed
06081588f8fe74442be2b27c,0,cache,L2,0,cpu-rwm-online_picard,1024,analyzed,measurement_available,unavailable
060eabca4538dfe4145543ce,2,main,L1,20,cuda-rwm-sequential,4096,analyzed,valid,completed
0617e9a31aedfbaf09075b79,2,main,L1,19,cpu-mala-quasi_deer,4096,analyzed,valid,completed
0624785dab574b15cc652716,2,main,G1,16,cuda-rwm-sequential,4096,analyzed,valid,completed
06333f05021d1e53f79b8027,1,main,W1,8,cpu-nuts-spawn_chains,4096,analyzed,valid,completed
0638d9cf74c09c398a53ff38,0,main,G1,5,cuda-mala-sequential,4096,analyzed,valid,completed
064414754cdbbe914a6ef369,1,main,A1,10,cpu-nuts-spawn_chains,4096,analyzed,valid,completed
06444ff77ab6e0f403a5bf0f,1,main,G1,15,cuda-rwm-online_picard,1024,analyzed,valid,completed
0645edd609b60de9a2ee15eb,0,cache,W1,0,cuda-rwm-online_picard,4096,analyzed,measurement_available,unavailable
064c4d1ec74ebd0881a5657b,1,main,G2,10,cpu-rwm-sequential,1024,analyzed,valid,completed
065850b3a1c05482fc0d5547,0,main,H1,5,cpu-mala-sequential,1024,analyzed,valid,completed
068b8b5b75b2935ecad432e9,2,main,H2,20,cpu-rwm-online_picard,4096,analyzed,valid,completed
069a72c9636d19b40c1e98b9,1,main,G1,15,cpu-rwm-sequential,1024,analyzed,valid,completed
06aa82299c2afc1aafa1be03,0,main,W1,4,cpu-rwm-online_picard,4096,analyzed,valid,completed
06b3b02f612a4ed04560e295,2,cache,L2,16,cpu-rwm-online_picard,1024,analyzed,measurement_available,unavailable
06b7062dced183359657850e,0,main,G2,2,cuda-rwm-online_picard,4096,analyzed,valid,completed
06c0619e34394f3623139967,1,main,G2,15,cpu-nuts-spawn_chains,1024,analyzed,valid,completed
06cf404d1cff5c116a1b176f,2,main,A1,21,cpu-mala-quasi_deer,1024,analyzed,valid,completed
06d7940d6dc7d9aeba6f096a,1,main,H1,14,cuda-rwm-online_picard,1024,analyzed,valid,completed
071eb6c06e55715bee7342ee,1,main,G2,14,cpu-mala-quasi_deer,4096,analyzed,valid,completed
072d75e27e4d68b54d29f817,0,main,G2,1,cpu-mala-quasi_deer,1024,analyzed,valid,completed
073578b5307f9c1c77446a7c,1,main,A1,11,cuda-rwm-online_picard,1024,analyzed,valid,completed
0736db92962874a9d28797af,2,main,G2,19,cpu-nuts-spawn_chains,4096,analyzed,valid,completed
07382b99b34abe75de62c3e0,2,main,H1,23,cuda-mala-sequential,1024,analyzed,valid,completed
073bd2b01c96dfe3ee9eb815,1,main,H2,12,cuda-rwm-sequential,4096,analyzed,valid,completed
074a83e50483d31eaa6af111,1,main,M1,14,cpu-rwm-sequential,1024,analyzed,valid,completed
074bf16e4531286fd215b761,1,main,M1,15,cpu-nuts-spawn_chains,1024,analyzed,valid,completed
075fd0d50297d22b84a5771a,2,main,G1,17,cpu-rwm-sequential,1024,analyzed,valid,completed
07702bb4ae9e4745999ce52b,2,main,G2,18,cpu-mala-quasi_deer,4096,analyzed,valid,completed
0775bb8fcb8464fea83f2fb4,0,main,H1,1,cpu-mala-sequential,1024,analyzed,valid,completed
079735f62e68571d9bd53829,2,main,L2,20,cuda-mala-sequential,1024,analyzed,valid,completed
079a7cdf704e83869466eef8,1,main,L2,9,cpu-mala-quasi_deer,1024,analyzed,valid,completed
07aa7d413c38385a52fd7bbe,0,cache,G2,0,cpu-mala-quasi_deer,4096,analyzed,measurement_available,unavailable
07b4540a89d7ff7f995edde5,1,main,L1,8,cpu-mala-quasi_deer,1024,analyzed,valid,completed
07b9c5fcc7c571c49eb29dcd,2,main,L1,18,cuda-mala-quasi_deer,4096,analyzed,valid,completed
07cf4a188ba74f71fb1d0182,2,main,L2,22,cpu-rwm-online_picard,1024,analyzed,valid,completed
07d28ba15b8441544f7abe16,0,main,M1,3,cuda-rwm-online_picard,4096,analyzed,valid,completed
07dde2f93a01aa71066036f7,2,main,H1,23,cuda-mala-quasi_deer,4096,analyzed,numerical_failure,unavailable
07e31b44e3601de6ca3357f0,2,main,L2,18,cpu-rwm-online_picard,1024,analyzed,valid,completed
07e6d961efea61a1f6c4d537,2,main,H2,19,cuda-rwm-online_picard,4096,analyzed,valid,completed
07e718c13842fd48774484b5,0,main,H1,0,cuda-rwm-online_picard,4096,analyzed,valid,completed
07ff834f4ed851d57db59591,1,main,G1,8,cuda-rwm-sequential,4096,analyzed,valid,completed
08487264c592ac5f71c7e306,1,main,G2,15,cuda-rwm-online_picard,4096,analyzed,valid,completed
08564d1c9343ef8cf3202def,1,main,A1,9,cuda-rwm-sequential,4096,analyzed,valid,completed
085d69319633fe28b1ed893c,0,main,L1,6,cpu-mala-quasi_deer,4096,analyzed,valid,completed
086439c97aae0a825e95526f,0,main,A1,7,cpu-mala-quasi_deer,1024,analyzed,valid,completed
08723627d99a00642bee83f1,2,cache,W1,23,cpu-mala-quasi_deer,4096,analyzed,measurement_available,unavailable
087c90cf451f44616ba459fa,0,main,W1,6,cpu-nuts-spawn_chains,4096,analyzed,valid,completed
088fb903587bdcc0f255c2cd,2,main,M1,20,cpu-mala-quasi_deer,1024,analyzed,valid,completed
08bed03f470b16baeccb154b,0,cache,L2,0,cpu-rwm-sequential,4096,analyzed,measurement_available,unavailable
08ca2b195ff3bf0bd0aebea5,2,main,M1,21,cpu-rwm-sequential,1024,analyzed,valid,completed
08d01504e08c073904372800,1,cache,W1,8,cpu-rwm-online_picard,1024,analyzed,measurement_available,unavailable
08d99dd4b92a48dddb1c44e4,0,main,G2,0,cpu-mala-quasi_deer,1024,analyzed,valid,completed
08e640540361bde6edeaa859,0,main,L1,2,cuda-mala-quasi_deer,1024,analyzed,valid,completed
08eabe15a0e166c0265e0cd6,0,main,L1,5,cuda-rwm-online_picard,1024,analyzed,valid,completed
08f4255b3a09fccdbce10bbb,1,main,G2,11,cpu-mala-quasi_deer,1024,analyzed,valid,completed
090300f63445224b145bd2f1,0,main,W1,0,cuda-mala-sequential,4096,analyzed,valid,completed
0908de354d48923bf559cf3b,2,cache,G2,23,cpu-rwm-sequential,4096,analyzed,measurement_available,unavailable
090f7d8df739a18d4d03a9ae,0,cache,G1,0,cpu-mala-quasi_deer,4096,analyzed,measurement_available,unavailable
09285824d64d2bd5b13c8d7e,2,main,H1,18,cpu-mala-sequential,1024,analyzed,valid,completed
094b57e4577ee0d894f69e42,1,main,W1,13,cpu-rwm-online_picard,4096,analyzed,valid,completed
095cd408bc1c04ed88702054,0,main,H2,5,cuda-rwm-online_picard,1024,analyzed,valid,completed
095d631866de42696cff7bc1,2,main,L1,17,cpu-mala-sequential,1024,analyzed,valid,completed
09606bd1f50c35b2aa0e6bc3,0,main,A1,4,cuda-rwm-online_picard,1024,analyzed,valid,completed
0965dab176936c03a36dcc0e,0,main,W1,0,cuda-rwm-sequential,1024,analyzed,valid,completed
0966e20cca815cc9fb74aab2,1,main,L1,14,cpu-rwm-sequential,1024,analyzed,valid,completed
0968a3dd0ea70aec781af677,1,main,L2,12,cuda-mala-quasi_deer,1024,analyzed,valid,completed
096dde934c2c7dc928122231,2,cache,G2,23,cpu-mala-sequential,1024,analyzed,measurement_available,unavailable
096f5abd96329aca0f659227,1,main,A1,11,cuda-rwm-sequential,4096,analyzed,valid,completed
09700e8dee18e04a70a368c4,1,main,L2,11,cpu-nuts-spawn_chains,4096,analyzed,output_failure_unclassified,unavailable
09b6aa4c0e17645816f27bbb,0,main,H1,1,cuda-mala-sequential,1024,analyzed,valid,completed
09e7a35b181d0a26e6660ca4,2,main,G2,22,cpu-mala-sequential,4096,analyzed,valid,completed
0a275e8701c4827ccdc5cde7,1,main,H2,14,cpu-mala-sequential,1024,analyzed,valid,completed
0a42ac7e308454b86337af29,1,main,L2,13,cuda-mala-quasi_deer,4096,analyzed,valid,completed
0a4ca6c8a2642269649a314a,1,main,A1,14,cuda-mala-quasi_deer,1024,analyzed,valid,completed
0ac8d0dc989b81ca685f5f48,0,main,A1,1,cuda-mala-quasi_deer,1024,analyzed,valid,completed
0ad0a8ae5b3bd8771d605b40,2,main,M1,16,cuda-mala-sequential,4096,analyzed,valid,completed
0ae5e475dcd8caf0e5093793,1,main,L2,11,cpu-rwm-sequential,4096,analyzed,valid,completed
0ae63a9a69284016d1aa80f6,1,main,L2,12,cpu-mala-sequential,1024,analyzed,valid,completed
0aec8a3f735dca567ddeda12,2,main,M1,21,cpu-mala-quasi_deer,1024,analyzed,valid,completed
0af5b7b4839c5a9caea5c1b1,0,main,G2,2,cuda-mala-sequential,1024,analyzed,valid,completed
0af9651749c6eeca3309d173,1,main,G2,10,cuda-mala-quasi_deer,4096,analyzed,valid,completed
0b00c00a68722d3da6c66eda,0,main,G2,4,cpu-mala-quasi_deer,4096,analyzed,valid,completed
0b0556bed51f2cf4e1568514,1,main,W1,12,cuda-mala-sequential,4096,analyzed,valid,completed
0b058a98192494adbc2973eb,0,main,W1,1,cuda-mala-quasi_deer,4096,analyzed,valid,completed
0b1025b6e9c6750b5293053d,2,main,H2,17,cpu-mala-quasi_deer,1024,analyzed,valid,completed
0b2d55f2d169214743cf7374,2,main,A1,20,cpu-rwm-online_picard,1024,analyzed,valid,completed
0b36c49cf1733eee5a5aa5a4,1,main,A1,15,cpu-rwm-sequential,1024,analyzed,valid,completed
0b380261116c9ef1448af6b4,0,main,A1,1,cuda-rwm-sequential,1024,analyzed,valid,completed
0b5606c26f5ad418ffaf1eef,1,cache,W1,8,cuda-mala-sequential,4096,analyzed,measurement_available,unavailable
0b7127e4dcd9eb63ddad3df0,0,main,H1,7,cpu-rwm-sequential,4096,analyzed,valid,completed
0b720fb760696fc1e8816694,1,main,G1,12,cpu-mala-sequential,1024,analyzed,valid,completed
0b8e6dc37c400cacea777e55,1,main,A1,8,cpu-rwm-online_picard,1024,analyzed,valid,completed
0b9828083a8063b4437b8647,0,main,M1,1,cpu-rwm-sequential,1024,analyzed,valid,completed
0bdf13a1cd6c151639526d50,0,main,L1,2,cuda-rwm-online_picard,1024,analyzed,valid,completed
0bf04debdea0ffaf8b6dede5,1,main,W1,14,cpu-mala-sequential,4096,analyzed,valid,completed
0bf1aabe69d22d236137a0da,1,main,L1,15,cpu-nuts-spawn_chains,1024,analyzed,valid,completed
0c02ac606b62717a9ceaf29c,2,main,L2,16,cpu-mala-sequential,4096,analyzed,valid,completed
0c02add540c8194d4e6125d6,1,main,H1,11,cpu-rwm-online_picard,4096,analyzed,valid,completed
0c0694a9ffb9ca244458a171,1,main,A1,10,cuda-rwm-online_picard,4096,analyzed,valid,completed
0c11a5553d20817b4b47f337,2,cache,L2,23,cpu-rwm-sequential,4096,analyzed,measurement_available,unavailable
0c2bd9b166e5bb547120b1ee,1,main,W1,15,cuda-mala-quasi_deer,4096,analyzed,valid,completed
0c36da40384d0b1f792c8e06,1,main,A1,9,cuda-rwm-online_picard,1024,analyzed,valid,completed
0c44050a94d128fba840fca9,1,main,L1,12,cuda-mala-sequential,1024,analyzed,valid,completed
0ca8c25f22f31cf55a0d0b93,2,main,G2,21,cuda-mala-quasi_deer,4096,analyzed,valid,completed
0cb80a19377327877481e681,1,main,A1,13,cpu-nuts-spawn_chains,4096,analyzed,valid,completed
0cbed9499bb3bbfad8b8d5ce,2,main,H2,17,cpu-nuts-spawn_chains,1024,analyzed,valid,completed
0cd1bc5101c8275fd00494ec,2,main,A1,18,cpu-rwm-sequential,1024,analyzed,valid,completed
0ce54828f7adc7c4f5f3d3f1,2,main,L2,20,cpu-mala-quasi_deer,1024,analyzed,valid,completed
0cf1d0d5c1d4beb7ffd0b17a,1,main,A1,12,cpu-mala-quasi_deer,1024,analyzed,valid,completed
0cf2c625ce0f606368a97622,2,main,M1,22,cpu-rwm-online_picard,1024,analyzed,valid,completed
0d1a8f87d0d86611ef4dd5cc,1,cache,G2,8,cuda-mala-sequential,1024,analyzed,measurement_available,unavailable
0d38473435787316c74e1b70,1,main,L2,9,cuda-rwm-sequential,1024,analyzed,valid,completed
0d45e2c7d0df685b61b7c0ec,1,main,W1,8,cpu-nuts-spawn_chains,1024,analyzed,valid,completed
0d4dabb0c21cc15f68469bee,2,main,W1,21,cuda-mala-sequential,4096,analyzed,valid,completed
0d63007396b1fe98ef2e6a6b,1,main,G1,14,cuda-rwm-online_picard,1024,analyzed,valid,completed
0d65bdfae58798fbf9e36cd8,1,main,H2,13,cuda-mala-quasi_deer,4096,analyzed,valid,completed
0d660c04a7e71edb4031654f,0,main,G2,5,cuda-mala-sequential,1024,analyzed,valid,completed
0d7d307e14e1cd0acd70e0d3,0,main,L1,1,cuda-rwm-sequential,1024,analyzed,valid,completed
0d7e83c2b7ada564ada8bf9c,1,cache,L2,8,cpu-mala-sequential,4096,analyzed,measurement_available,unavailable
0d90103d1f5a2fdbe7d71f4c,0,main,H2,7,cuda-rwm-online_picard,4096,analyzed,valid,completed
0da4631f7b6740d5e394fd32,0,main,H1,6,cuda-rwm-online_picard,1024,analyzed,valid,completed
0daa4c9d838a82212fb0c8d2,1,main,L2,11,cuda-mala-sequential,1024,analyzed,valid,completed
0daba1b09f80b1eaff691f31,1,main,M1,15,cpu-rwm-sequential,4096,analyzed,valid,completed
0dac0c2b2c7934bc5816872a,1,main,M1,10,cuda-rwm-online_picard,4096,analyzed,valid,completed
0dac3a580d6d285e56886d7e,0,main,L2,1,cpu-nuts-spawn_chains,4096,analyzed,output_failure_unclassified,unavailable
0dbfee903d9794aa43840cf9,1,main,A1,11,cuda-mala-quasi_deer,4096,analyzed,valid,completed
0dd2ac88ca335817c90d9f24,0,main,W1,0,cuda-mala-quasi_deer,4096,analyzed,valid,completed
0de0b9f5aa9c5dba4bc9b91d,2,main,H2,20,cpu-mala-quasi_deer,1024,analyzed,valid,completed
0de8b3796c48e876a2e34c3a,1,main,A1,8,cpu-rwm-sequential,4096,analyzed,valid,completed
0debad124287233dcbced085,0,main,G1,2,cpu-nuts-spawn_chains,4096,analyzed,output_failure_unclassified,unavailable
0df47d2f5c8c1404e5bcac61,2,main,W1,17,cuda-mala-sequential,1024,analyzed,valid,completed
0e0ab7ef0a2925ce5744daa1,0,main,W1,1,cpu-nuts-spawn_chains,4096,analyzed,valid,completed
0e0ef7a3594329402b971f1c,2,main,L2,23,cuda-rwm-sequential,4096,analyzed,valid,completed
0e2e9ce420ccc057b1feb7b4,1,main,G1,14,cpu-mala-quasi_deer,4096,analyzed,valid,completed
0e2f084f711649524cdacb48,2,main,G1,23,cuda-mala-sequential,1024,analyzed,valid,completed
0e5f9b8619e2b717dae45b31,0,main,L2,1,cuda-rwm-sequential,1024,analyzed,valid,completed
0e66c460d287bc670e738b57,1,main,A1,8,cuda-mala-quasi_deer,4096,analyzed,valid,completed
0e706dd3a65f6a6acc36b4b7,2,main,L2,23,cpu-mala-quasi_deer,4096,analyzed,valid,completed
0e78e2f714f230179a21f086,0,main,G2,4,cuda-mala-sequential,1024,analyzed,valid,completed
0e8874ac97597823172cc229,0,main,W1,2,cpu-mala-quasi_deer,1024,analyzed,valid,completed
0eb9ef2e28735793d7cd847c,1,main,H1,9,cpu-mala-quasi_deer,1024,analyzed,numerical_failure,unavailable
0ed14fc86d5b8fce06eff936,2,main,L2,23,cuda-rwm-online_picard,1024,analyzed,valid,completed
0edb47b7cfceedce01a618cb,0,main,M1,2,cpu-mala-sequential,1024,analyzed,valid,completed
0ee08f6dd46235848901a5d4,0,main,W1,0,cpu-mala-quasi_deer,1024,analyzed,valid,completed
0eee47c84f073b548ba631ae,2,main,G1,19,cpu-nuts-spawn_chains,4096,analyzed,valid,completed
0eef36b9720a75d7e7ccc51b,1,main,G2,8,cpu-rwm-online_picard,1024,analyzed,valid,completed
0f0530444326871b51b98961,2,main,L2,18,cpu-mala-sequential,4096,analyzed,valid,completed
0f0cf5fd108250f86763d46f,2,main,W1,18,cpu-mala-quasi_deer,4096,analyzed,valid,completed
0f19fa78491793bd0622aa93,2,main,L1,23,cpu-rwm-sequential,1024,analyzed,valid,completed
0f1d09c93185f4da3a44a496,0,main,W1,5,cpu-rwm-online_picard,4096,analyzed,valid,completed
0f1ee17128c6a2079929d6bb,0,main,M1,0,cuda-rwm-sequential,1024,analyzed,valid,completed
0f323f59dd5fa5309182ff5f,0,main,M1,4,cpu-rwm-online_picard,1024,analyzed,valid,completed
0f34dcb3affecb6976fc0d24,0,main,H2,6,cuda-mala-quasi_deer,4096,analyzed,valid,completed
0f4ca5a81c0e44aca5af82e0,2,main,G2,22,cpu-rwm-online_picard,4096,analyzed,valid,completed
0f6242facb5cb937d193c35c,1,main,W1,13,cuda-mala-quasi_deer,4096,analyzed,valid,completed
0f6589fefcc71766d4034051,2,cache,G1,23,cuda-rwm-online_picard,1024,analyzed,measurement_available,unavailable
0f843e4ca5fafba16734e0fd,0,main,H2,3,cpu-mala-sequential,4096,analyzed,valid,completed
0f9d8fb5700532fc61a0703e,1,main,L2,9,cpu-mala-quasi_deer,4096,analyzed,valid,completed
0fa07a2816939b4d20403888,2,main,H2,18,cpu-mala-quasi_deer,1024,analyzed,valid,completed
0fb226e500e2d4624a4c1dd9,1,main,H1,12,cpu-rwm-online_picard,4096,analyzed,valid,completed
0fb5e31a19c4dd75dd09311b,1,main,G2,11,cuda-rwm-online_picard,4096,analyzed,valid,completed
0fb943484f740f47adfc97a2,2,main,H2,19,cuda-mala-sequential,1024,analyzed,valid,completed
0fdb0b659e43f6a513d360a7,2,main,G1,20,cpu-mala-quasi_deer,4096,analyzed,valid,completed
0ff24bf53b49bd7338903af7,2,main,G1,23,cpu-rwm-online_picard,1024,analyzed,valid,completed
0ffb7f9ee8fda5c55d0669d1,2,main,A1,21,cpu-mala-sequential,1024,analyzed,valid,completed
0ffbd5740d65086eeab6c0e5,2,main,L1,23,cpu-rwm-online_picard,4096,analyzed,valid,completed
100675b5f17ab03ce16e396c,0,main,H2,1,cpu-rwm-sequential,4096,analyzed,valid,completed
1026098de039c277f6a3beca,2,main,G1,18,cpu-nuts-spawn_chains,4096,analyzed,output_failure_unclassified,unavailable
1028c97b15fd9dfe4b4cd049,1,main,H1,13,cuda-rwm-sequential,4096,analyzed,valid,completed
1036d64a3184f2924957b838,0,main,M1,0,cpu-rwm-online_picard,4096,analyzed,valid,completed
106c6c0fd04035cd62d8b2c5,1,main,H1,8,cuda-mala-sequential,4096,analyzed,valid,completed
106d6d32a7f2d75538fc993a,0,main,H2,5,cuda-mala-quasi_deer,1024,analyzed,valid,completed
10a1734775002b1470e28c00,0,main,H1,6,cpu-nuts-spawn_chains,1024,analyzed,valid,completed
10a94a09acfe2582b1b8c7c4,2,main,H2,20,cpu-mala-quasi_deer,4096,analyzed,valid,completed
10c9b067b33430290c1f511a,1,main,G2,12,cpu-mala-sequential,1024,analyzed,valid,completed
10e84c93a8f84a8461702e23,0,main,A1,7,cuda-rwm-online_picard,4096,analyzed,valid,completed
10f5f33bdd06b494f85f932c,2,main,H2,20,cuda-rwm-online_picard,1024,analyzed,valid,completed
110da0b974db3e034408236d,2,main,M1,20,cpu-rwm-online_picard,1024,analyzed,valid,completed
111c935a32cb9e6fa2ffa6cc,2,main,M1,22,cuda-mala-quasi_deer,4096,analyzed,valid,completed
113fcc6c632017479a1d1956,1,main,H2,11,cuda-rwm-online_picard,1024,analyzed,valid,completed
1175a0a645c9debca2c54aaf,0,main,G2,3,cuda-rwm-online_picard,4096,analyzed,valid,completed
117aa8cb8d0192faa8975d24,1,main,G2,15,cuda-rwm-sequential,1024,analyzed,valid,completed
117dada9f3d6022a92dfdf6d,1,main,G1,15,cpu-nuts-spawn_chains,1024,analyzed,valid,completed
11c9aeaf7e368b170053a706,2,main,W1,23,cpu-nuts-spawn_chains,4096,analyzed,valid,completed
11cbd93aeaeceb53d7a82eb4,2,main,W1,20,cuda-rwm-online_picard,4096,analyzed,valid,completed
11cd92309ccbf6c4a50b1f47,1,main,L1,13,cuda-mala-quasi_deer,4096,analyzed,valid,completed
11cef8ec2d6e76c2ad1333e3,2,main,G1,17,cuda-mala-sequential,4096,analyzed,valid,completed
121ed6b5c007ba2cc123b76a,1,main,A1,13,cpu-mala-quasi_deer,1024,analyzed,valid,completed
1241c89ba0c90d91abff1c14,0,main,G2,1,cpu-mala-quasi_deer,4096,analyzed,valid,completed
1257bb64a82d063485654244,2,main,M1,19,cuda-rwm-sequential,1024,analyzed,valid,completed
12636718987f9401c019372f,1,main,H1,13,cpu-mala-quasi_deer,4096,analyzed,valid,completed
1269022c979a49eab1e134aa,2,main,H1,17,cuda-mala-sequential,4096,analyzed,valid,completed
1283cf040ba0a2b14d117390,0,main,A1,7,cpu-nuts-spawn_chains,1024,analyzed,valid,completed
128e71c6b289d837b4f0206c,1,main,W1,15,cuda-rwm-online_picard,1024,analyzed,valid,completed
129e9d3798a394a12065dd63,0,main,M1,5,cuda-rwm-online_picard,1024,analyzed,valid,completed
12b67d8c11b89117e85cacaf,0,main,H1,4,cpu-nuts-spawn_chains,1024,analyzed,valid,completed
12bcccce94038eec87ad6090,2,main,A1,23,cuda-rwm-online_picard,4096,analyzed,valid,completed
12be1ed32fdc9c532117dbe0,0,main,H2,0,cuda-mala-sequential,1024,analyzed,valid,completed
12c2996ac13e5b2d5a5b2dad,0,main,W1,5,cuda-mala-quasi_deer,4096,analyzed,valid,completed
12ca0f04fb1222d456c92a8a,2,main,G1,20,cuda-mala-sequential,4096,analyzed,valid,completed
12d95c8e22cbc6e02f4a1545,2,main,L1,20,cuda-mala-sequential,4096,analyzed,valid,completed
12da93460736f11bfa6bd2bf,1,main,H1,13,cpu-mala-sequential,4096,analyzed,valid,completed
12f6d8b22b14298f17e796d2,1,main,L1,10,cpu-nuts-spawn_chains,4096,analyzed,output_failure_unclassified,unavailable
1302bd0b248ef1ea9c7cf126,0,main,H2,2,cuda-rwm-sequential,4096,analyzed,valid,completed
13087a0d560b75fdf96a6eed,0,main,L1,0,cpu-rwm-online_picard,1024,analyzed,valid,completed
1308c41129fa2a718ea6e687,2,main,A1,16,cpu-rwm-sequential,4096,analyzed,valid,completed
13106cefba0949d272e9337b,0,main,W1,6,cuda-mala-quasi_deer,1024,analyzed,valid,completed
1312ea4039c4f01ac485757c,1,main,M1,10,cpu-mala-quasi_deer,4096,analyzed,valid,completed
13137c72b83eab0f5f19b984,2,main,G2,21,cpu-nuts-spawn_chains,4096,analyzed,valid,completed
1347674f0a3d7d234266a730,2,main,L2,20,cpu-mala-sequential,1024,analyzed,valid,completed
135bcdd687176204f02b845a,0,main,H1,7,cpu-mala-quasi_deer,4096,analyzed,valid,completed
135dfb2b1b31c2e8fabc42e8,1,main,A1,12,cuda-rwm-online_picard,4096,analyzed,valid,completed
137110bc9e50d2993dc0c21b,1,main,H1,10,cpu-nuts-spawn_chains,1024,analyzed,valid,completed
137507e73260ef47a858b8cb,0,main,A1,6,cpu-rwm-online_picard,4096,analyzed,valid,completed
13a12a7e8991320849f06e46,1,main,M1,13,cpu-mala-quasi_deer,1024,analyzed,valid,completed
13b91a84e4b11433c1e73b9f,2,main,L2,16,cpu-nuts-spawn_chains,4096,analyzed,valid,completed
13bf57fc5125fbbfa32fb8ea,0,main,G1,5,cpu-mala-quasi_deer,1024,analyzed,valid,completed
13dc40e9839954085ca25402,2,main,H1,18,cpu-mala-quasi_deer,1024,analyzed,valid,completed
13fcf7d49fd64901c35b027a,1,main,G2,11,cpu-rwm-sequential,4096,analyzed,valid,completed
13ffd1119bc8854f39591172,1,main,L2,9,cpu-rwm-online_picard,4096,analyzed,valid,completed
141a89a89ecd9914b746e3f4,2,main,H1,23,cpu-mala-sequential,4096,analyzed,valid,completed
145c64401ded799ac37fa6b4,2,main,G1,23,cpu-mala-quasi_deer,1024,analyzed,valid,completed
145ee4ea587d89ee72f9bc28,0,main,L2,0,cpu-mala-sequential,1024,analyzed,valid,completed
146bd131fca8d26812ae74e5,1,main,A1,12,cuda-mala-sequential,1024,analyzed,valid,completed
1476926d3a61f240a28fb726,0,main,M1,7,cpu-mala-sequential,4096,analyzed,valid,completed
14ac5a10adec59328bdd9b0e,2,main,H2,18,cuda-mala-quasi_deer,1024,analyzed,valid,completed
14c098674dea75271bbc449a,1,main,H2,10,cpu-nuts-spawn_chains,1024,analyzed,valid,completed
14c56c143a78e126bb9e9bcc,2,main,G2,21,cuda-rwm-sequential,1024,analyzed,valid,completed
14c7356dbcd6757a30df471d,1,main,L2,12,cpu-rwm-sequential,1024,analyzed,valid,completed
14cb3b5516279bf73da6fafc,2,main,M1,17,cuda-rwm-sequential,4096,analyzed,valid,completed
14d8300c934d3a9a779ff53f,2,main,G1,17,cpu-nuts-spawn_chains,1024,analyzed,valid,completed
14ea50a0f42c636dd1c0dc2b,1,main,L2,10,cpu-mala-quasi_deer,1024,analyzed,valid,completed
14f10353d3dd640d59b8893e,2,main,G1,16,cpu-nuts-spawn_chains,1024,analyzed,valid,completed
14f500826cf7b036a5007826,0,main,W1,6,cuda-mala-quasi_deer,4096,analyzed,valid,completed
14f6bb2f27c9067babf5c55e,0,main,G2,3,cuda-rwm-sequential,1024,analyzed,valid,completed
1505c367b9135ce180c5303b,1,main,W1,15,cuda-rwm-sequential,1024,analyzed,valid,completed
154f129c2d2f22225dc7611e,0,main,H2,6,cpu-rwm-online_picard,1024,analyzed,valid,completed
155c420e0ccf2c4bc8e6861f,0,main,H2,4,cpu-mala-sequential,4096,analyzed,valid,completed
1566aad1e418260a4dcdd242,1,main,L1,11,cpu-rwm-sequential,4096,analyzed,valid,completed
156b72020bedaaeed7d55c4f,1,main,H1,14,cpu-mala-sequential,1024,analyzed,valid,completed
156d145530a5df239d80a13c,1,main,L1,12,cpu-rwm-sequential,1024,analyzed,valid,completed
15749e5cc9e0ff5ccd5ec6d6,2,main,A1,17,cuda-rwm-online_picard,4096,analyzed,valid,completed
15793ab0c23669c9b4e9e094,1,main,A1,10,cpu-mala-sequential,4096,analyzed,valid,completed
1580e471e152c9b2ead48261,1,main,W1,14,cuda-rwm-sequential,4096,analyzed,valid,completed
158e56aee408c6e07fb4e5af,2,main,W1,22,cuda-rwm-sequential,4096,analyzed,valid,completed
159ff61120a1c158d5e1f014,1,main,L1,13,cpu-mala-quasi_deer,4096,analyzed,valid,completed
15a3c6e467b263af2f6697d0,0,main,M1,4,cpu-mala-sequential,4096,analyzed,valid,completed
15af9428bce09401e3460e9b,0,main,W1,7,cuda-rwm-sequential,4096,analyzed,valid,completed
15afd310c060b50dc13765e1,1,main,G1,14,cuda-rwm-sequential,4096,analyzed,valid,completed
15b46d139ec8476d6d67ad29,1,main,L2,8,cpu-rwm-online_picard,1024,analyzed,valid,completed
15ce9a7bd2939e7e24435829,2,main,H2,22,cuda-rwm-sequential,1024,analyzed,valid,completed
15d3ebb35aab570265020e36,0,main,A1,7,cpu-mala-sequential,1024,analyzed,valid,completed
15d73fd6b741cd4ea7b56f49,2,main,L1,18,cpu-rwm-sequential,4096,analyzed,valid,completed
16079f432e0a9fa6f39480cb,0,main,H1,5,cpu-mala-quasi_deer,4096,analyzed,valid,completed
160d5f96dad2c8a697b96224,2,main,W1,18,cpu-nuts-spawn_chains,1024,analyzed,valid,completed
16159fcbbf68516d022bf98b,1,main,L2,8,cpu-nuts-spawn_chains,4096,analyzed,output_failure_unclassified,unavailable
1617852a3f16c68309178227,2,main,H2,18,cpu-rwm-sequential,1024,analyzed,valid,completed
161961a926f8f4a0f3c82c10,1,main,W1,14,cpu-nuts-spawn_chains,4096,analyzed,valid,completed
162d86d4ce0ae35cb4609f1f,2,main,L1,16,cuda-mala-quasi_deer,4096,analyzed,valid,completed
1657e4f4cb526284556385b9,2,main,W1,19,cpu-rwm-online_picard,1024,analyzed,valid,completed
165fa9fbbd9d43a935da70d0,1,main,G1,13,cuda-mala-quasi_deer,4096,analyzed,valid,completed
1661c233142dfc27421f9b1b,2,main,L2,21,cpu-mala-sequential,1024,analyzed,valid,completed
16655efa5cf8194584baca32,2,main,M1,17,cpu-mala-quasi_deer,1024,analyzed,valid,completed
16a4d7ac895f86d179fe6a39,2,main,H1,17,cpu-mala-quasi_deer,4096,analyzed,numerical_failure,unavailable
16ab5cdd687e98eb30ebd53a,0,main,L2,6,cpu-nuts-spawn_chains,1024,analyzed,valid,completed
16b2959e60a342b018902504,0,main,G1,4,cpu-nuts-spawn_chains,1024,analyzed,valid,completed
16bc1edb545bad53bf8d780c,0,main,G1,0,cpu-nuts-spawn_chains,4096,analyzed,output_failure_unclassified,unavailable
16e33d06f5aff946db3d1379,0,cache,W1,0,cpu-rwm-online_picard,4096,analyzed,measurement_available,unavailable
16e4a36aac9bb83ad4b8d439,1,main,G2,10,cuda-mala-quasi_deer,1024,analyzed,valid,completed
16ed2fdfd71caf86193c80d3,1,main,M1,14,cpu-nuts-spawn_chains,4096,analyzed,output_failure_unclassified,unavailable
16fccbd608db2feb478fe736,2,main,M1,19,cpu-nuts-spawn_chains,4096,analyzed,valid,completed
1712cc22dadd4b51a0500841,0,main,L2,7,cpu-nuts-spawn_chains,1024,analyzed,valid,completed
171d297224bbb7154b538622,0,main,M1,6,cpu-mala-quasi_deer,1024,analyzed,valid,completed
171e8615caa4128c122e6f5c,1,main,L1,13,cuda-rwm-online_picard,1024,analyzed,valid,completed
174186e890001e858aeb8335,2,main,H1,23,cuda-mala-sequential,4096,analyzed,valid,completed
174d6f7b0cc8a0a478d9e5af,1,main,M1,15,cuda-mala-sequential,1024,analyzed,valid,completed
1757c9ba32459047ef8cd128,2,main,H1,23,cpu-nuts-spawn_chains,4096,analyzed,valid,completed
17713b941571a19c8e8655bd,2,main,A1,19,cpu-mala-sequential,4096,analyzed,valid,completed
17e013ef3a1a7e0e1f263a8d,2,main,W1,23,cuda-mala-sequential,4096,analyzed,valid,completed
17e877dfd5c47b5511667be8,2,main,M1,23,cpu-mala-quasi_deer,4096,analyzed,valid,completed
17fd263d77cfa6cc7fba795b,0,cache,L2,0,cpu-mala-quasi_deer,4096,analyzed,measurement_available,unavailable
181486fa597d9d01e6d1f68d,2,cache,L2,16,cuda-rwm-online_picard,4096,analyzed,measurement_available,unavailable
181a825d5bfdd46f0ad6afcc,0,main,L2,2,cuda-rwm-sequential,4096,analyzed,valid,completed
1822dedd0ac1466eb8f5d6a4,2,main,L1,21,cpu-mala-quasi_deer,1024,analyzed,valid,completed
1824662dc5877c61ab66c389,1,main,G1,15,cuda-rwm-online_picard,4096,analyzed,valid,completed
1832075707b403b4d3fab610,1,main,H2,10,cpu-rwm-sequential,4096,analyzed,valid,completed
1853c39be31268bcf73d311c,1,main,L1,12,cpu-rwm-online_picard,1024,analyzed,valid,completed
187025beb084243a39bc3bd4,2,main,A1,19,cuda-rwm-online_picard,1024,analyzed,valid,completed
18735d2f7cc5a22bf924a42b,0,main,L2,2,cpu-nuts-spawn_chains,4096,analyzed,output_failure_unclassified,unavailable
188450df196ecabcc408cf3b,1,main,G1,13,cpu-mala-sequential,1024,analyzed,valid,completed
1886856f7a09a7c0d8c4a9e4,1,main,G2,11,cpu-mala-sequential,1024,analyzed,valid,completed
18985e490732218a4310e737,0,main,H1,2,cpu-rwm-sequential,1024,analyzed,valid,completed
189db912df61560099a7fa07,2,main,W1,19,cpu-rwm-online_picard,4096,analyzed,valid,completed
18b8ef95c9f964772ffa291b,1,main,W1,8,cuda-rwm-sequential,4096,analyzed,valid,completed
18e5b06a1963258a5d1a5698,0,main,M1,2,cpu-mala-quasi_deer,1024,analyzed,valid,completed
18f8b30108b9ddd1402c59d1,2,main,L1,18,cpu-rwm-online_picard,4096,analyzed,valid,completed
19185a561efcfd3ecc7dd954,0,main,L1,4,cpu-nuts-spawn_chains,1024,analyzed,valid,completed
1938878434d656f87a28491e,0,main,A1,2,cpu-mala-quasi_deer,4096,analyzed,valid,completed
193fdb16c3a3be68550678ab,0,main,M1,7,cuda-rwm-online_picard,1024,analyzed,valid,completed
194457ca154bab789692dc89,2,main,G1,22,cpu-rwm-online_picard,1024,analyzed,valid,completed
19547e3aef584746623e2f2c,2,main,G2,22,cpu-nuts-spawn_chains,4096,analyzed,valid,completed
19639b9e6d033d1f4e3b61e7,1,main,L2,12,cpu-rwm-sequential,4096,analyzed,valid,completed
1972c817839bcac14e85e4ce,2,main,H1,20,cpu-mala-sequential,1024,analyzed,valid,completed
19b7a6b323df3b8cf2418a22,2,main,G2,17,cpu-mala-quasi_deer,1024,analyzed,valid,completed
19c0474c4a58b8bd710f2fd1,1,main,A1,14,cuda-rwm-online_picard,1024,analyzed,valid,completed
19d1e3375222aaaa6c2f1a03,0,main,G2,6,cuda-mala-quasi_deer,1024,analyzed,valid,completed
19eed2692877b5fcca524147,1,main,G2,12,cpu-mala-quasi_deer,1024,analyzed,valid,completed
1a1474c620baa670300819b2,2,main,H2,20,cuda-mala-sequential,1024,analyzed,valid,completed
1a4b2414a0c18bd84be4e148,0,main,G1,1,cpu-rwm-online_picard,1024,analyzed,valid,completed
1a50e8186d57b43323d4d054,0,main,G2,4,cpu-mala-sequential,4096,analyzed,valid,completed
1a512ca271b5f9f65ca3598f,0,main,L2,1,cpu-rwm-sequential,1024,analyzed,valid,completed
1a5135afb3f3393b0e00120b,1,main,L2,10,cpu-mala-sequential,4096,analyzed,valid,completed
1a7045cbf5e02b26f355859e,0,main,L2,2,cpu-rwm-sequential,4096,analyzed,valid,completed
1a731b86e0eec04ec903756b,0,main,W1,2,cuda-mala-quasi_deer,1024,analyzed,valid,completed
1a7ef7803080be340faa15f1,0,main,A1,3,cpu-rwm-online_picard,4096,analyzed,valid,completed
1a860c00c01d91d1353d24b4,1,main,G2,13,cuda-mala-quasi_deer,4096,analyzed,valid,completed
1a875660626bd24c96062269,0,main,M1,5,cuda-rwm-sequential,4096,analyzed,valid,completed
1a888a3b813e30153d7eaf0f,0,main,A1,6,cpu-nuts-spawn_chains,4096,analyzed,valid,completed
1a9599d90b53594af05aeca3,0,main,H2,3,cuda-mala-quasi_deer,1024,analyzed,valid,completed
1aa4bde264fb67e7a1c8d121,2,main,A1,23,cpu-rwm-online_picard,1024,analyzed,valid,completed
1aa659a529d6c15d95a07dd3,0,main,G2,7,cuda-rwm-sequential,4096,analyzed,valid,completed
1aa838bcfe7f71474fa9b6d9,2,main,A1,17,cuda-mala-quasi_deer,1024,analyzed,valid,completed
1ab2b8fb685a9c7ca0ad659e,0,main,L1,2,cpu-rwm-online_picard,4096,analyzed,valid,completed
1ad2ab7e29f1e8a7a2cb9eb3,0,main,A1,3,cuda-mala-quasi_deer,4096,analyzed,valid,completed
1ad9fc2e0964807827609914,0,main,L2,5,cuda-rwm-online_picard,4096,analyzed,valid,completed
1ae6348ed9c384818c5e41b0,1,main,A1,9,cpu-rwm-online_picard,4096,analyzed,valid,completed
1af8681ffbd91ba869490b53,0,main,L2,4,cpu-rwm-sequential,4096,analyzed,valid,completed
1afaff27116a979390a4f93c,2,main,L2,20,cuda-mala-quasi_deer,4096,analyzed,valid,completed
1b0678e6641936abb95d69c0,2,main,G1,22,cuda-mala-sequential,1024,analyzed,valid,completed
1b14a9b6c1e5c2272f2af07e,1,main,H2,10,cpu-mala-quasi_deer,1024,analyzed,valid,completed
1b1ea546f67c4d839136d938,1,main,W1,14,cpu-rwm-online_picard,1024,analyzed,valid,completed
1b25072d6350c9502c8d39a6,0,main,W1,3,cuda-mala-quasi_deer,4096,analyzed,valid,completed
1b5fa41e8528b720ba2a1063,1,main,W1,14,cpu-rwm-sequential,4096,analyzed,valid,completed
1b6519a3ceec50144a256328,1,main,M1,8,cpu-rwm-online_picard,1024,analyzed,valid,completed
1b68b177e84f3d90f2ffe24b,1,main,W1,15,cuda-rwm-online_picard,4096,analyzed,valid,completed
1b69e87594ae6f38f2695b53,2,main,G1,17,cpu-mala-sequential,1024,analyzed,valid,completed
1b82cd0e123a454d8cdf6688,2,main,H2,19,cuda-mala-quasi_deer,1024,analyzed,valid,completed
1b8f58f83c55e5b5a46a499e,2,main,W1,16,cuda-rwm-sequential,1024,analyzed,valid,completed
1ba80f9a2729fd08cd0f93c4,0,main,H2,0,cpu-rwm-online_picard,4096,analyzed,valid,completed
1bc1eccf282a9be5f1c68565,1,main,L1,9,cpu-mala-quasi_deer,1024,analyzed,valid,completed
1bcc5d0b295f1000ded8923c,1,main,G2,14,cpu-mala-sequential,1024,analyzed,valid,completed
1bd1144237caeabc93bda566,2,main,W1,22,cpu-rwm-online_picard,1024,analyzed,valid,completed
1be654bb8c0bc59cd3079a87,2,main,L2,23,cpu-mala-quasi_deer,1024,analyzed,valid,completed
1bebecc1d5b1777613d4cb6f,2,main,H2,16,cuda-mala-sequential,1024,analyzed,valid,completed
1bf7d6e6bcd2bfeb6bd41bdd,1,main,W1,10,cuda-mala-quasi_deer,1024,analyzed,valid,completed
1c01d54297d95814966fb92b,2,main,L2,22,cuda-mala-quasi_deer,4096,analyzed,valid,completed
1c04e5a483260735b9e0f5ae,2,main,W1,22,cpu-mala-quasi_deer,4096,analyzed,valid,completed
1c309e64f1651b788ccd35f2,2,main,M1,19,cpu-rwm-online_picard,1024,analyzed,valid,completed
1c34b1ab6d20cbd62b5c95fc,0,main,H2,4,cuda-rwm-online_picard,1024,analyzed,valid,completed
1c502262daea8fae9bf230ec,1,main,G2,15,cpu-rwm-online_picard,4096,analyzed,valid,completed
1c5179c436a3efbf0f07089a,1,main,H2,10,cpu-mala-sequential,4096,analyzed,valid,completed
1c55a52478fcf78d79bb62aa,1,main,W1,8,cuda-rwm-sequential,1024,analyzed,valid,completed
1c6b50e78e80304d3d26d8cd,1,main,G2,13,cpu-mala-quasi_deer,1024,analyzed,valid,completed
1c7cf4108ff4dd7f947d4ab6,1,main,H2,9,cpu-rwm-online_picard,1024,analyzed,valid,completed
1c957375f70694e60d83897f,2,main,G1,21,cpu-mala-quasi_deer,4096,analyzed,valid,completed
1c96c893ebcd6abf132cbdfd,2,main,W1,19,cpu-mala-quasi_deer,1024,analyzed,valid,completed
1c9caf2cde5160d1fbfcfeb7,2,main,H1,22,cpu-mala-sequential,4096,analyzed,valid,completed
1c9cc2fe13db79f4994374aa,2,main,A1,19,cpu-rwm-online_picard,4096,analyzed,valid,completed
1c9ded77590d06df61156c39,1,main,M1,10,cpu-rwm-online_picard,1024,analyzed,valid,completed
1c9e09180e4ff3b9686a27f3,1,main,G2,14,cpu-rwm-sequential,4096,analyzed,valid,completed
1c9fc5faafe3f6682c6f12f3,0,main,M1,4,cpu-nuts-spawn_chains,1024,analyzed,valid,completed
1cba90e15005d5c2e6ec9c79,0,main,H2,4,cpu-mala-quasi_deer,4096,analyzed,valid,completed
1cca59fe743f56283a601b4f,0,main,L1,1,cuda-rwm-online_picard,4096,analyzed,valid,completed
1ccf50164e3790fbcdfd9cc9,2,main,M1,16,cuda-rwm-online_picard,4096,analyzed,valid,completed
1cd60570d868456928c42df8,2,main,G2,17,cuda-mala-sequential,4096,analyzed,valid,completed
1cdd76ebc7fe926d3a2701c4,0,main,G1,6,cpu-nuts-spawn_chains,4096,analyzed,output_failure_unclassified,unavailable
1cf07c5319d1dab7f09a6716,2,main,L1,22,cpu-rwm-online_picard,1024,analyzed,valid,completed
1cf13b293faf9115c9313f30,2,main,L1,16,cpu-mala-sequential,1024,analyzed,valid,completed
1d02dfdc16a2e5716ee62b97,2,main,H2,17,cpu-mala-sequential,1024,analyzed,valid,completed
1d13e0943fc137c14b757ffa,0,main,H1,3,cpu-nuts-spawn_chains,4096,analyzed,output_failure_unclassified,unavailable
1d17e07cfde0f2ea2874b897,1,main,L1,10,cpu-mala-quasi_deer,1024,analyzed,valid,completed
1d3d58a5d5f66f627833a2b4,0,main,L1,3,cuda-mala-sequential,1024,analyzed,valid,completed
1d4cecd9746e9b661380ba81,0,main,L1,4,cpu-mala-sequential,4096,analyzed,valid,completed
1d4db06a54a8411985a3a396,2,main,G1,17,cpu-rwm-sequential,4096,analyzed,valid,completed
1d4f44520c829aeba0eaf29b,1,main,H2,8,cpu-nuts-spawn_chains,1024,analyzed,valid,completed
1d728ea434692a15d3ae2885,1,main,A1,12,cpu-rwm-sequential,1024,analyzed,valid,completed
1d74375b1fe9a8d4de61b04e,2,main,L2,18,cpu-rwm-online_picard,4096,analyzed,valid,completed
1d7b8ebdbe4da9a9d8e8444b,2,main,H1,19,cuda-mala-quasi_deer,1024,analyzed,valid,completed
1d80321aae16ad46fdcbbc1d,0,main,A1,0,cpu-rwm-sequential,4096,analyzed,valid,completed
1d88314ff06ce10aa2e7f43a,0,main,A1,3,cpu-rwm-sequential,4096,analyzed,valid,completed
1d944ffb18428be9c5bd79d3,1,main,L2,8,cuda-rwm-online_picard,4096,analyzed,valid,completed
1d9e7d51a0adee24eaa0ad96,1,main,G2,8,cuda-mala-sequential,4096,analyzed,valid,completed
1da4ad2a724566a8e43a2e26,0,main,G2,2,cpu-mala-sequential,1024,analyzed,valid,completed
1da6cf95c9b483188a40b7d4,1,main,M1,14,cuda-mala-sequential,4096,analyzed,valid,completed
1db703e71b01e64f5daf4ee7,2,cache,G1,23,cuda-mala-sequential,4096,analyzed,measurement_available,unavailable
1dd6b44281eaae5922fedc0b,1,cache,W1,8,cpu-rwm-sequential,4096,analyzed,measurement_available,unavailable
1de2cadba8378984e373405f,2,main,W1,17,cpu-mala-quasi_deer,1024,analyzed,valid,completed
1df1af5cb15f1c167e86b8bd,1,main,H1,13,cuda-mala-quasi_deer,1024,analyzed,valid,completed
1dfd16869a3f8766b292b784,1,main,L2,8,cpu-mala-sequential,1024,analyzed,valid,completed
1e0309e86a287ca8dfdbffaa,0,main,H1,7,cpu-mala-sequential,4096,analyzed,valid,completed
1e04532c2f09a2fb4480f524,2,main,G2,18,cuda-rwm-sequential,4096,analyzed,valid,completed
1e1fa08799070905980fe73a,1,main,M1,14,cuda-rwm-sequential,4096,analyzed,valid,completed
1e38828cc3db15748882876a,2,main,G2,23,cuda-mala-sequential,4096,analyzed,valid,completed
1e3ca1267e2536817d9b97c8,0,main,M1,5,cuda-mala-quasi_deer,4096,analyzed,valid,completed
1e41bb2d554fed0306626ef6,2,main,L2,17,cpu-mala-sequential,1024,analyzed,valid,completed
1e6c53538e8c8638a1ad8e2e,1,main,G2,14,cpu-nuts-spawn_chains,4096,analyzed,valid,completed
1e9c8e2be43166312c884b1f,2,main,G1,21,cuda-rwm-online_picard,4096,analyzed,valid,completed
1ea404a29b68ddb522d285af,2,main,W1,17,cpu-nuts-spawn_chains,1024,analyzed,valid,completed
1eb3ac6479ab5b45a68032ab,1,main,L1,10,cpu-mala-quasi_deer,4096,analyzed,valid,completed
1eb7994312c70a45f7263893,1,main,A1,11,cuda-mala-quasi_deer,1024,analyzed,valid,completed
1eb884f7b81f881a8a7f8416,1,main,L1,9,cuda-mala-quasi_deer,4096,analyzed,valid,completed
1ec0e3d7fd9cd25e635d100e,0,main,L1,7,cpu-rwm-sequential,1024,analyzed,valid,completed
1ecab477fc718bc0102283dc,0,main,H1,6,cuda-mala-sequential,1024,analyzed,valid,completed
1ecacb608f9901dbaa68df4b,1,main,W1,11,cuda-rwm-online_picard,1024,analyzed,valid,completed
1ed997157d7fbb49b91e3fe6,1,main,M1,15,cuda-mala-quasi_deer,4096,analyzed,valid,completed
1f1af65b004075230dc89cfc,2,main,W1,22,cpu-mala-sequential,1024,analyzed,valid,completed
1f276725e82508a2c088d0b0,1,main,M1,9,cpu-rwm-sequential,4096,analyzed,valid,completed
1f54dc797ebc780738408f97,2,main,W1,18,cpu-nuts-spawn_chains,4096,analyzed,valid,completed
1f769fba6d087c993f7e12c2,0,main,L2,4,cpu-nuts-spawn_chains,4096,analyzed,output_failure_unclassified,unavailable
1f76dc1a35b1c554f3b503f8,1,main,L1,14,cpu-rwm-sequential,4096,analyzed,valid,completed
1f7a408f1b197cc96ed326f8,1,main,L2,10,cuda-rwm-online_picard,1024,analyzed,valid,completed
1f7f3b673768fbd4a0d27926,1,main,L1,11,cpu-rwm-online_picard,1024,analyzed,valid,completed
1f97287c1ed76410942f87f4,2,main,G2,23,cuda-mala-quasi_deer,1024,analyzed,valid,completed
1fa862d6708e154e5f5c675d,2,cache,W1,16,cuda-mala-quasi_deer,1024,analyzed,measurement_available,unavailable
1fcdda3401413f8ec8940a60,1,main,G1,8,cpu-mala-sequential,4096,analyzed,valid,completed
1fd3022dfe77ff36c7c7d655,1,main,A1,8,cuda-rwm-online_picard,4096,analyzed,valid,completed
1fe8a15f6b31eeb1178cd2f9,1,cache,W1,8,cpu-mala-sequential,4096,analyzed,measurement_available,unavailable
200da2cb982accac433624cf,1,main,H1,11,cuda-rwm-online_picard,4096,analyzed,valid,completed
201d06e72b47f45676da49ad,2,main,L1,16,cuda-rwm-online_picard,1024,analyzed,valid,completed
2062d42a2e407e0240aff443,1,main,A1,11,cpu-mala-quasi_deer,4096,analyzed,valid,completed
20633f3a365ffe9f7457b420,1,main,L2,15,cuda-mala-sequential,1024,analyzed,valid,completed
206d3af2ee6d2559ef7879b5,1,main,L1,9,cpu-nuts-spawn_chains,1024,analyzed,valid,completed
20706504bc9680a78acc4d66,1,main,G2,12,cuda-mala-quasi_deer,1024,analyzed,valid,completed
207fed4b48cd5c74caaaed32,0,main,H1,3,cpu-rwm-sequential,1024,analyzed,valid,completed
208637d676f07071f37c3f15,0,main,H1,1,cpu-rwm-online_picard,1024,analyzed,valid,completed
208dedd0b4e1db96ca9fce6c,2,main,H2,18,cuda-rwm-online_picard,4096,analyzed,valid,completed
20913f496c19086b3c92e4e3,2,main,L1,19,cuda-rwm-sequential,1024,analyzed,valid,completed
209e4c506a028d67bdcc2d80,1,main,W1,10,cpu-nuts-spawn_chains,4096,analyzed,valid,completed
20a12f598315967ac702eb77,0,main,G2,4,cpu-mala-sequential,1024,analyzed,valid,completed
20e4e95dd5bfb16f7c3b51b5,2,main,H2,16,cpu-rwm-sequential,4096,analyzed,valid,completed
20e8fbced4b75e56c675cb81,1,main,G2,8,cuda-mala-quasi_deer,1024,analyzed,valid,completed
20e99370a69d09bd56eaf748,1,main,H2,11,cpu-nuts-spawn_chains,4096,analyzed,output_failure_unclassified,unavailable
20eba6fa0eadf85627f65e52,0,cache,W1,0,cuda-rwm-online_picard,1024,analyzed,measurement_available,unavailable
2112843d1c3160de57ef3b05,2,main,A1,22,cuda-mala-sequential,1024,analyzed,valid,completed
212402f196e8ff9b8bfcc1d4,2,cache,W1,16,cuda-mala-sequential,1024,analyzed,measurement_available,unavailable
2129a12b7d0a61d355946ed8,0,main,W1,2,cuda-rwm-online_picard,4096,analyzed,valid,completed
212e1fe84708f8b424cb6383,0,main,H2,5,cuda-rwm-online_picard,4096,analyzed,valid,completed
2135e5df03f9e158078937fe,0,main,L1,7,cpu-rwm-online_picard,1024,analyzed,valid,completed
21366df5fe1fe92cb228339a,0,main,L2,1,cpu-mala-quasi_deer,1024,analyzed,valid,completed
2139e717c7b25ad3968438dd,2,main,L1,22,cuda-mala-quasi_deer,4096,analyzed,valid,completed
213e315fbf8dc8365fc3d629,1,main,H2,15,cpu-rwm-sequential,4096,analyzed,valid,completed
2163d44a3087d7a1ee8a01f3,2,main,H2,22,cpu-mala-sequential,4096,analyzed,valid,completed
216a535018ef471ea9afeb67,0,main,H2,4,cuda-rwm-sequential,1024,analyzed,valid,completed
217d375ca6f70512c6653868,0,main,W1,1,cpu-rwm-sequential,1024,analyzed,valid,completed
21aee76f5d97845b4c7d174e,2,main,A1,20,cuda-rwm-sequential,4096,analyzed,valid,completed
21b76aa3795e0bb7e84bfbc5,2,main,M1,22,cuda-rwm-sequential,1024,analyzed,valid,completed
21b7dd44b8d897d4e0c09756,1,main,G1,10,cpu-mala-sequential,4096,analyzed,valid,completed
21c153ad565b0057ea90edb5,1,main,L2,12,cuda-rwm-sequential,4096,analyzed,valid,completed
21e8e1a1b4a0254b0a1e96d0,0,main,G2,7,cpu-mala-quasi_deer,4096,analyzed,valid,completed
21fe142bfe0291d8b4d03132,2,main,L1,16,cuda-mala-sequential,4096,analyzed,valid,completed
223196d58af87e624864888a,2,main,M1,21,cpu-nuts-spawn_chains,4096,analyzed,output_failure_unclassified,unavailable
224200b8ba12b7276d4a9ea7,2,main,L2,20,cuda-rwm-sequential,4096,analyzed,valid,completed
224ab7ef445ce9f7ee1e77e0,1,main,H2,10,cuda-rwm-online_picard,1024,analyzed,valid,completed
225ab7f8f29836db1a89682f,0,main,M1,2,cuda-rwm-sequential,1024,analyzed,valid,completed
2266e45ff58fa6bc6e04b3d8,1,main,H1,15,cpu-nuts-spawn_chains,4096,analyzed,output_failure_unclassified,unavailable
226d2dba97e8b09f68c6bb04,0,main,L2,7,cuda-mala-sequential,1024,analyzed,valid,completed
2293e8b5654078963b5fed8e,2,main,G2,17,cpu-rwm-online_picard,4096,analyzed,valid,completed
22a7eb20b49f36dbc308c90f,1,main,H2,8,cuda-rwm-sequential,4096,analyzed,valid,completed
22ab58cf57af7329091fe109,0,main,W1,7,cuda-rwm-online_picard,4096,analyzed,valid,completed
22ddaf0c9760bc30b47040af,1,main,L1,13,cuda-rwm-sequential,4096,analyzed,valid,completed
22e2b2b35c49427feeab3442,2,main,H2,22,cpu-rwm-online_picard,4096,analyzed,valid,completed
22e4f7e4647d4b9f5b21929d,0,main,H1,1,cpu-rwm-online_picard,4096,analyzed,valid,completed
22ed8c117a22fee2e8397add,0,main,G1,2,cuda-rwm-sequential,1024,analyzed,valid,completed
22f1d27efd8c1df881e70e34,0,main,M1,3,cuda-rwm-sequential,4096,analyzed,valid,completed
22f36260e1dc571713e0d51c,1,main,G1,10,cpu-rwm-sequential,4096,analyzed,valid,completed
22fcc9ba8dc08cd7147494df,1,main,H2,9,cpu-mala-sequential,4096,analyzed,valid,completed
230365430ef94b3660d65bda,1,main,L2,15,cuda-rwm-online_picard,4096,analyzed,valid,completed
230fa1133594c076146cfbf0,2,main,A1,20,cuda-mala-sequential,1024,analyzed,valid,completed
230fa2df70f0e5aa1250c982,1,main,H2,15,cuda-mala-sequential,4096,analyzed,valid,completed
231b4b2ef1de33dc9aba3ad3,0,main,M1,1,cpu-nuts-spawn_chains,1024,analyzed,valid,completed
2330e678e5a1b05158d1b122,1,main,H2,10,cuda-mala-quasi_deer,4096,analyzed,valid,completed
2333dc41b095a03365a7c24b,0,main,G1,0,cpu-rwm-online_picard,1024,analyzed,valid,completed
2338c5013029d0172ca8dc40,2,main,A1,21,cuda-rwm-sequential,4096,analyzed,valid,completed
233c771f9e68b8237c7a50d2,2,main,H2,18,cpu-rwm-online_picard,1024,analyzed,valid,completed
233fd7d09c4e43e41bede845,1,main,W1,10,cuda-rwm-sequential,1024,analyzed,valid,completed
234cd4d048cfaa123f6f304d,2,main,H2,22,cuda-mala-quasi_deer,4096,analyzed,valid,completed
23669f427f9af6b3e1d7a94e,0,main,H1,1,cpu-mala-quasi_deer,1024,analyzed,valid,completed
23789a7c2b59d1bc56a81f33,1,main,L1,13,cpu-rwm-sequential,1024,analyzed,valid,completed
238768029825fff9da46cc1b,2,main,G1,21,cpu-rwm-online_picard,4096,analyzed,valid,completed
23a19a3213c1d3b8064242c2,2,main,L1,22,cuda-rwm-online_picard,4096,analyzed,valid,completed
23a6f372253eb4cc571562eb,0,main,L2,1,cuda-mala-quasi_deer,4096,analyzed,valid,completed
23a9afcfe04c740ac81c7f96,0,main,A1,1,cuda-mala-sequential,1024,analyzed,valid,completed
23bae25acceebb5a0aa2a49c,0,main,A1,3,cuda-rwm-online_picard,4096,analyzed,valid,completed
23c1dc2e16736d7ecf638054,1,main,G2,14,cuda-rwm-sequential,1024,analyzed,valid,completed
23dadf8e9893f628f012fc94,2,main,M1,18,cpu-nuts-spawn_chains,4096,analyzed,valid,completed
23eb53b7bf3cab985d1f90f4,2,main,H1,21,cpu-mala-sequential,4096,analyzed,valid,completed
23efc11455d565955a4d5500,1,main,H1,9,cpu-rwm-online_picard,4096,analyzed,valid,completed
23f1f9f96b9c150546b4fe1b,1,main,H2,12,cpu-nuts-spawn_chains,4096,analyzed,output_failure_unclassified,unavailable
23fb5c551d9ffec80f97427a,1,main,A1,9,cuda-rwm-online_picard,4096,analyzed,valid,completed
23fcbae14f10625e4a5e55cf,1,main,G1,15,cuda-mala-quasi_deer,1024,analyzed,valid,completed
2402b65e27c5d1258810e92b,2,main,H2,22,cpu-rwm-online_picard,1024,analyzed,valid,completed
2429323d9d17ad90bc33f839,1,cache,G2,8,cpu-mala-quasi_deer,1024,analyzed,measurement_available,unavailable
244583fdf7eed4a4f378bbf2,1,main,G1,14,cpu-rwm-sequential,1024,analyzed,valid,completed
245653691ff7462fe671d22f,0,main,G2,7,cuda-mala-quasi_deer,1024,analyzed,valid,completed
248ef35bba90cc386d3a7e2f,0,main,L1,6,cpu-rwm-online_picard,4096,analyzed,valid,completed
249f203a1d59c5d64b0d3f32,0,main,W1,0,cpu-rwm-online_picard,4096,analyzed,valid,completed
24e857485b196b34f2677a1c,1,main,G1,8,cuda-mala-quasi_deer,4096,analyzed,valid,completed
25053f324990ad206e7df64c,1,main,W1,15,cuda-mala-sequential,1024,analyzed,valid,completed
2518b3bc5624ab57f7944d8f,0,main,L2,5,cpu-nuts-spawn_chains,4096,analyzed,output_failure_unclassified,unavailable
252387a066003c955eeae073,1,main,W1,10,cuda-mala-sequential,1024,analyzed,valid,completed
2536c4c232065746916a0d4b,2,main,M1,18,cuda-rwm-sequential,4096,analyzed,valid,completed
253867a474a64e8b1201370b,2,main,H1,23,cuda-mala-quasi_deer,1024,analyzed,numerical_failure,unavailable
2541b9615b58bfde2cba340a,2,cache,W1,16,cpu-mala-sequential,4096,analyzed,measurement_available,unavailable
25508776e9abb8db2f398bda,2,cache,G1,23,cuda-mala-sequential,1024,analyzed,measurement_available,unavailable
255828839e4025cf3d5a7847,1,main,L1,14,cuda-rwm-sequential,1024,analyzed,valid,completed
255a570c409f2dad53875d45,0,main,L2,1,cuda-rwm-sequential,4096,analyzed,valid,completed
256bdfbaf30016093ce67aa3,2,main,H1,19,cuda-rwm-sequential,1024,analyzed,valid,completed
258bdbc92c69fd527a3aa06b,0,main,G2,6,cuda-mala-sequential,4096,analyzed,valid,completed
2590bbff8c4b75fc010480d5,0,main,G2,2,cuda-mala-quasi_deer,1024,analyzed,valid,completed
2595365ddcbd3ff35ed2aa79,1,main,L2,11,cuda-mala-quasi_deer,1024,analyzed,valid,completed
259bd33e342ccf076249b47c,2,cache,L2,23,cpu-rwm-online_picard,4096,analyzed,measurement_available,unavailable
259fb7cecb9711b002a0f914,2,main,G2,22,cpu-rwm-sequential,1024,analyzed,valid,completed
25a1befa2901aa491b3beb2f,1,main,L2,13,cpu-rwm-sequential,4096,analyzed,valid,completed
25c4929d220f793439584173,2,main,H1,20,cpu-mala-quasi_deer,1024,analyzed,valid,completed
25e78813bdf6177670f9ae7f,2,main,L1,16,cpu-rwm-sequential,4096,analyzed,valid,completed
2609f8689f3b1f81ec6e8fe9,2,main,G2,16,cpu-rwm-online_picard,4096,analyzed,valid,completed
260e0770628461bfad4cb957,0,main,H2,2,cpu-mala-sequential,4096,analyzed,valid,completed
26194a4fd714b54fae1a3362,0,main,A1,5,cuda-rwm-sequential,1024,analyzed,valid,completed
26271cda43c11667bc3f7685,1,main,M1,12,cpu-mala-quasi_deer,4096,analyzed,valid,completed
264126a371b69b9633ce04ea,1,main,L2,15,cpu-rwm-online_picard,4096,analyzed,valid,completed
26421843c9b6ae113110bef9,0,main,L1,6,cpu-mala-quasi_deer,1024,analyzed,valid,completed
264514e947ab9d3dec1b48bc,2,main,G2,20,cpu-rwm-online_picard,1024,analyzed,valid,completed
265691e81f18fd542bd50766,0,main,L2,1,cpu-mala-quasi_deer,4096,analyzed,valid,completed
26615ff508af35b25be5d190,2,main,L2,21,cpu-rwm-sequential,4096,analyzed,valid,completed
269febe37872ffeff97070bf,1,main,G2,9,cuda-mala-quasi_deer,1024,analyzed,valid,completed
26a2a23bca23423d0fea67c2,1,main,M1,9,cpu-mala-quasi_deer,1024,analyzed,valid,completed
26a43d0b94b78ef7b23e76b9,0,main,L2,6,cpu-mala-quasi_deer,4096,analyzed,valid,completed
26af4d90c86915af0dcf8a91,1,main,H2,14,cuda-rwm-sequential,4096,analyzed,valid,completed
26bea09e379fa74f5fd8850a,1,cache,G2,8,cuda-mala-sequential,4096,analyzed,measurement_available,unavailable
26e060f1f8109f251b78b497,1,main,G1,8,cpu-mala-quasi_deer,1024,analyzed,valid,completed
271263489cb0a912a423d43b,2,main,L2,21,cpu-rwm-sequential,1024,analyzed,valid,completed
27181fd98c0303843787695d,1,main,H1,10,cpu-mala-sequential,4096,analyzed,valid,completed
272ee8c15be4ad5eb3525727,2,main,H1,22,cuda-mala-sequential,4096,analyzed,valid,completed
274c6ef06afbec04ff39b678,2,main,H2,16,cpu-rwm-sequential,1024,analyzed,valid,completed
274fc3d8590460e553d3ae63,0,main,H1,5,cuda-mala-sequential,4096,analyzed,valid,completed
27610d5096975bd06178fe30,0,main,L1,1,cuda-mala-sequential,4096,analyzed,valid,completed
2761f7761de3bd8f322ca882,2,main,A1,22,cpu-mala-sequential,4096,analyzed,valid,completed
27653105ceb693d1690ab486,2,main,W1,16,cuda-mala-sequential,4096,analyzed,valid,completed
277e5cf2dc6c507782881399,1,main,L1,12,cpu-mala-quasi_deer,4096,analyzed,valid,completed
2796265696c3d38bc9f528b4,2,main,H2,20,cuda-mala-quasi_deer,4096,analyzed,valid,completed
279bd9870c316e3c3690c4e8,1,main,H1,12,cuda-mala-quasi_deer,4096,analyzed,valid,completed
279cb1e6bc98bffa100fb01d,1,main,G2,15,cuda-rwm-sequential,4096,analyzed,valid,completed
27a845e78efcb294a602f375,1,main,H2,14,cpu-mala-quasi_deer,4096,analyzed,valid,completed
27abf646b6c2d3c41ddbae9d,0,main,A1,1,cpu-mala-sequential,4096,analyzed,valid,completed
27ad4f7ab716657c24e238c1,0,main,M1,1,cuda-rwm-sequential,4096,analyzed,valid,completed
27c44fe3367077a72f672b74,0,main,M1,4,cpu-mala-sequential,1024,analyzed,valid,completed
27c873931360b35094f3283e,1,main,A1,10,cuda-mala-sequential,1024,analyzed,valid,completed
27cb4912fb6acd27d1582d52,2,main,L1,22,cpu-rwm-sequential,1024,analyzed,valid,completed
27d05d0ec6177563d530131f,2,main,L1,22,cuda-rwm-online_picard,1024,analyzed,valid,completed
27d9a57da48f4414655eac1d,2,main,L2,19,cpu-nuts-spawn_chains,1024,analyzed,valid,completed
27f4afa4f4c3824950768eab,2,main,W1,22,cuda-rwm-sequential,1024,analyzed,valid,completed
281d3279d74efd595815cccf,2,main,G1,19,cpu-rwm-online_picard,4096,analyzed,valid,completed
2830f7cd9dab380c3f6d0ed2,1,main,H2,9,cpu-mala-quasi_deer,1024,analyzed,valid,completed
28325f46620698c7dff8354b,2,main,L2,21,cpu-rwm-online_picard,4096,analyzed,valid,completed
283a35d9de2fd84e6ef1fbf0,2,main,L1,20,cuda-rwm-online_picard,4096,analyzed,valid,completed
283c07cdf8137bbe74ba0385,1,cache,L2,8,cpu-mala-quasi_deer,1024,analyzed,measurement_available,unavailable
28460bd231c44673b68bda94,1,main,L2,13,cuda-mala-quasi_deer,1024,analyzed,valid,completed
28600b3375f151a2e659d546,0,main,H2,4,cpu-nuts-spawn_chains,1024,analyzed,valid,completed
286650ec805255b1ca117c85,2,main,G2,17,cpu-mala-quasi_deer,4096,analyzed,valid,completed
2877eb5352124318a039a591,2,main,L1,16,cpu-mala-quasi_deer,1024,analyzed,valid,completed
289a81dd58cad1407ad4ca8b,2,cache,G2,16,cpu-rwm-online_picard,1024,analyzed,measurement_available,unavailable
289b8fe9bf7e8623862696ce,2,main,G2,21,cpu-mala-quasi_deer,4096,analyzed,valid,completed
289c012e0142efbc82c5339e,2,cache,G1,16,cpu-mala-sequential,1024,analyzed,measurement_available,unavailable
28abff657c205fc067e5d5d6,2,main,A1,19,cuda-rwm-sequential,1024,analyzed,valid,completed
28af580a7d3c31c9f4b18df6,2,main,M1,17,cpu-mala-quasi_deer,4096,analyzed,valid,completed
28c1cb5d22c96bf55174aad0,0,main,L2,5,cpu-rwm-sequential,4096,analyzed,valid,completed
28c5ff22f51382e1df3e262c,0,main,W1,0,cpu-nuts-spawn_chains,1024,analyzed,valid,completed
28f0cd7095e6a7c13723c31e,1,main,H1,13,cpu-rwm-sequential,4096,analyzed,valid,completed
28f290b650e829f090d79eec,1,main,G2,11,cuda-rwm-online_picard,1024,analyzed,valid,completed
28f7815a780dfa93d2d11148,2,cache,G1,16,cpu-rwm-online_picard,1024,analyzed,measurement_available,unavailable
28ff17ed2b99aaa27160794c,0,main,H1,6,cuda-mala-quasi_deer,1024,analyzed,valid,completed
290576256c1d0a9116e24f15,0,main,A1,2,cpu-rwm-online_picard,1024,analyzed,valid,completed
29109d09c77705b879ba66b6,1,main,H1,9,cpu-mala-quasi_deer,4096,analyzed,numerical_failure,unavailable
291917a750e862d410f72a6b,1,main,G1,12,cpu-mala-sequential,4096,analyzed,valid,completed
29243600e79ccabad9ab1678,2,main,M1,18,cuda-rwm-online_picard,1024,analyzed,valid,completed
29466717d59d2f8a6854f451,2,main,H2,17,cuda-mala-quasi_deer,1024,analyzed,valid,completed
295f512c11844b2ef742a137,2,main,H2,22,cpu-mala-quasi_deer,1024,analyzed,valid,completed
296eb74fcd1075f18a20246e,0,main,G2,1,cuda-rwm-sequential,4096,analyzed,valid,completed
29871f28efb943e033896323,0,main,L2,1,cpu-rwm-online_picard,1024,analyzed,valid,completed
298c90036885214e25bc9d91,2,main,G2,18,cpu-rwm-sequential,1024,analyzed,valid,completed
2996a721efd41311d2c02114,1,main,A1,10,cpu-rwm-online_picard,1024,analyzed,valid,completed
299f871c39ba9af7cca5ea1a,1,main,G2,11,cpu-rwm-sequential,1024,analyzed,valid,completed
299fdd3dacc647de25267b53,0,main,L1,5,cuda-rwm-sequential,4096,analyzed,valid,completed
29b48e74a0132a305c948e4b,2,main,G1,16,cpu-rwm-sequential,4096,analyzed,valid,completed
29d101bb390fe72fc2f59618,1,cache,G2,8,cpu-mala-sequential,1024,analyzed,measurement_available,unavailable
29d25b504f0f47969d98d77b,1,main,M1,8,cuda-mala-quasi_deer,1024,analyzed,valid,completed
29f49dd897f467dceb0e21f8,1,main,H1,10,cpu-rwm-sequential,1024,analyzed,valid,completed
29f6f4a846fab56829388dd5,1,main,H2,11,cpu-rwm-sequential,1024,analyzed,valid,completed
2a0ed60646ae403ae6e8afa0,2,main,L2,17,cpu-rwm-online_picard,1024,analyzed,valid,completed
2a0f137a62e8514178814507,2,cache,G2,23,cpu-rwm-sequential,1024,analyzed,measurement_available,unavailable
2a0f660330a2a7199d4b0802,2,main,H1,23,cuda-rwm-online_picard,4096,analyzed,valid,completed
2a5ec47e0566b26c0769c57d,1,main,G2,15,cuda-mala-quasi_deer,4096,analyzed,valid,completed
2a6e154af69a1a906bc64d33,1,main,M1,13,cpu-nuts-spawn_chains,4096,analyzed,output_failure_unclassified,unavailable
2aa37c0dd4cb94b0fce8822b,0,main,G2,4,cuda-rwm-sequential,1024,analyzed,valid,completed
2aa62dd211a445ed5ccd206d,1,main,G1,15,cpu-rwm-online_picard,1024,analyzed,valid,completed
2ab155f9492ca8af02599d47,2,main,L1,23,cpu-mala-quasi_deer,1024,analyzed,valid,completed
2aca33512822f2149a1a41fa,1,main,H2,14,cuda-rwm-online_picard,4096,analyzed,valid,completed
2ad09a634aa6642989c7e619,1,main,A1,10,cpu-mala-quasi_deer,4096,analyzed,valid,completed
2ad292e7f661469af7b9c43e,0,main,G2,4,cpu-rwm-sequential,1024,analyzed,valid,completed
2add6af0c9dd6fa67bfdf881,0,main,W1,3,cpu-rwm-sequential,1024,analyzed,valid,completed
2ae9a2210a01e8cacaddbdee,1,main,M1,15,cpu-mala-sequential,4096,analyzed,valid,completed
2af3212cd4be9a01e31d8593,0,main,L2,0,cpu-mala-quasi_deer,4096,analyzed,valid,completed
2b0eb7a84e03eb7caa74176f,1,cache,L2,8,cuda-rwm-online_picard,1024,analyzed,measurement_available,unavailable
2b196129395195ab9baa1b86,2,main,H1,19,cpu-mala-quasi_deer,4096,analyzed,valid,completed
2b3f414062efcfddb0d7aa84,2,main,L1,21,cuda-mala-sequential,1024,analyzed,valid,completed
2b46927e47f3e374807e84c0,1,main,M1,8,cuda-mala-quasi_deer,4096,analyzed,valid,completed
2b4d58c1869e3b422d67cf0f,2,main,L2,17,cuda-mala-quasi_deer,1024,analyzed,valid,completed
2b72acb4fb866e6c0e5ca856,1,main,A1,13,cpu-mala-sequential,4096,analyzed,valid,completed
2b759769a93c6ed9941de4fb,0,main,H1,2,cuda-rwm-sequential,4096,analyzed,valid,completed
2b792daf733c8979da36e09a,0,main,A1,0,cpu-rwm-online_picard,4096,analyzed,valid,completed
2b81f7386641af4b7d154c92,0,main,H1,3,cuda-rwm-sequential,4096,analyzed,valid,completed
2ba8849dcebd78f8b02d16c0,0,main,M1,5,cuda-rwm-sequential,1024,analyzed,valid,completed
2bb362c5c63e868a85578485,2,main,W1,22,cuda-rwm-online_picard,4096,analyzed,valid,completed
2bb9b110d9707518004618d2,2,cache,W1,23,cpu-rwm-sequential,4096,analyzed,measurement_available,unavailable
2bc7f75cfb7ad53027cb8b7d,0,main,L2,5,cuda-mala-sequential,1024,analyzed,valid,completed
2bceb3fe1ce07e54aaf466fd,1,main,G1,10,cuda-rwm-online_picard,4096,analyzed,valid,completed
2bda9ad8332cffea07ea8454,2,main,G1,21,cuda-mala-quasi_deer,1024,analyzed,valid,completed
2bdcd106f5a2eb237ddea27d,1,main,W1,10,cuda-rwm-online_picard,1024,analyzed,valid,completed
2be8ac5ed2e66a6d546bdc54,2,main,H2,23,cpu-nuts-spawn_chains,4096,analyzed,valid,completed
2bf023fea37d64d4e425f818,1,main,H1,12,cpu-rwm-online_picard,1024,analyzed,valid,completed
2c129e4938a3aeca0569ba75,1,main,G1,15,cuda-rwm-sequential,4096,analyzed,valid,completed
2c12c2da3b5c0a3a59acce9a,0,main,H2,7,cpu-rwm-online_picard,1024,analyzed,valid,completed
2c4807c07ff852114cc9fd43,2,main,W1,19,cuda-mala-sequential,4096,analyzed,valid,completed
2c4bd10645d4b1aadceb9804,0,main,G1,7,cuda-mala-quasi_deer,1024,analyzed,valid,completed
2c4f3d26b474761fcfa9b978,2,main,M1,22,cpu-mala-quasi_deer,4096,analyzed,valid,completed
2c680105673a91111ac4232f,0,main,L1,2,cuda-mala-sequential,1024,analyzed,valid,completed
2c786206e1e8f51c8423d770,1,main,G2,11,cuda-mala-quasi_deer,1024,analyzed,valid,completed
2c83781b7323c9b8da3096fb,0,main,L2,0,cpu-nuts-spawn_chains,4096,analyzed,output_failure_unclassified,unavailable
2cba6222e64b90bf53f70168,0,cache,G1,0,cuda-rwm-online_picard,4096,analyzed,measurement_available,unavailable
2cc63cdad976b0f850d39148,1,main,H2,13,cuda-rwm-online_picard,4096,analyzed,valid,completed
2ccecb5a99bcaa0bb881edc4,0,main,W1,6,cuda-mala-sequential,1024,analyzed,valid,completed
2cd07a3dd3b84ecfde8331ed,0,main,L2,0,cuda-mala-quasi_deer,1024,analyzed,valid,completed
2cd084b337cfe5bd9b3cc10d,1,main,G2,8,cpu-mala-sequential,4096,analyzed,valid,completed
2cdaaec79769008f7c5b0116,1,main,M1,11,cpu-mala-quasi_deer,4096,analyzed,valid,completed
2d045b8d5466d3f3e8038b68,0,main,M1,4,cuda-rwm-sequential,4096,analyzed,valid,completed
2d07d9b1b7ae8f9490219e09,2,main,L2,21,cuda-mala-sequential,4096,analyzed,valid,completed
2d255147c8fe00d5c7877406,2,cache,L2,23,cpu-rwm-online_picard,1024,analyzed,measurement_available,unavailable
2d430df54a70ae84f3ac29f9,2,main,L2,21,cpu-nuts-spawn_chains,1024,analyzed,valid,completed
2d4e5cd4685844759eb9198a,1,cache,L2,8,cuda-mala-quasi_deer,4096,analyzed,measurement_available,unavailable
2d509d67cb5585c1c7df3f0a,2,main,W1,22,cuda-mala-quasi_deer,4096,analyzed,valid,completed
2d6184069bc3b897eddb3545,1,main,L2,14,cpu-rwm-online_picard,1024,analyzed,valid,completed
2d6253af919273f6c92acd7b,2,main,G2,22,cpu-mala-quasi_deer,4096,analyzed,valid,completed
2d6743997c481c6096964771,0,main,G1,4,cpu-rwm-sequential,1024,analyzed,valid,completed
2d69850ccf5a448c778cad2a,2,main,A1,20,cuda-rwm-online_picard,4096,analyzed,valid,completed
2d7e5bf74d1806e2ff0f7f63,2,main,M1,19,cpu-mala-sequential,1024,analyzed,valid,completed
2d88eb10b8e86002a8f84038,1,main,G2,9,cuda-mala-quasi_deer,4096,analyzed,valid,completed
2d8b07856ec2dcd4fd144234,2,main,H1,16,cpu-nuts-spawn_chains,1024,analyzed,valid,completed
2d9d9e8ee39ea909e4aede1a,1,main,W1,12,cuda-rwm-online_picard,1024,analyzed,valid,completed
2da238a5629d0a669a914732,2,main,L2,22,cpu-rwm-sequential,4096,analyzed,valid,completed
2dc2ebbd2c0a19b2ad157ed5,0,main,H1,5,cuda-mala-quasi_deer,1024,analyzed,valid,completed
2dc89e689951fd517bb666fc,0,main,H1,6,cpu-rwm-online_picard,1024,analyzed,valid,completed
2dcfdd2e940c2ab79fa01c1a,1,main,A1,12,cuda-mala-quasi_deer,1024,analyzed,valid,completed
2dd0ab71135bea9de1df81d4,2,main,G1,16,cuda-mala-sequential,4096,analyzed,valid,completed
2dd566d981fccae53e3a7d83,0,cache,G2,0,cuda-rwm-sequential,1024,analyzed,measurement_available,unavailable
2de25e07265d3a9577beacef,2,main,G2,20,cpu-mala-sequential,1024,analyzed,valid,completed
2de8d7ea864b47da4554b80a,2,main,A1,19,cpu-rwm-sequential,4096,analyzed,valid,completed
2df57292999ca3203456ec31,2,main,H2,23,cuda-mala-quasi_deer,1024,analyzed,valid,completed
2dfcf0f62901ded896534bab,1,main,M1,12,cpu-nuts-spawn_chains,4096,analyzed,valid,completed
2e03838dbc26fb52ce4627da,2,main,A1,17,cpu-mala-sequential,4096,analyzed,valid,completed
2e2f4981c2533976bceeea07,1,main,H2,13,cpu-rwm-online_picard,1024,analyzed,valid,completed
2e3bf896522e70bfdc3095d8,2,main,L2,18,cuda-rwm-online_picard,4096,analyzed,valid,completed
2e4147752c302ad616f8d85f,1,main,M1,8,cpu-nuts-spawn_chains,4096,analyzed,output_failure_unclassified,unavailable
2e4e04ead899c4be892e04ff,1,main,H2,15,cpu-mala-sequential,4096,analyzed,valid,completed
2e5eb5498f4af8670ff5e66e,1,main,H2,9,cuda-mala-sequential,1024,analyzed,valid,completed
2e6814ca7b5e9528177e4184,2,cache,G2,16,cpu-mala-quasi_deer,1024,analyzed,measurement_available,unavailable
2e6be55c2f4e040fb9465200,1,main,G2,14,cpu-mala-sequential,4096,analyzed,valid,completed
2e6fd95a4560b0e1557a53f0,0,cache,G2,0,cuda-mala-sequential,4096,analyzed,measurement_available,unavailable
2e7387ff435f952d1cd5697a,1,main,G2,15,cpu-rwm-sequential,1024,analyzed,valid,completed
2ea2c20454ea3472175633f5,0,main,M1,3,cpu-mala-sequential,1024,analyzed,valid,completed
2eb29b1956c5275f8b78d5d9,1,cache,G2,8,cpu-rwm-online_picard,1024,analyzed,measurement_available,unavailable
2ec751649bcf9736985c5324,0,main,G1,5,cpu-mala-sequential,1024,analyzed,valid,completed
2ec98664aa2ab0869b31e1c9,2,main,L2,19,cuda-mala-sequential,1024,analyzed,valid,completed
2ecf5afe0074745e5e76315f,0,main,L2,4,cpu-mala-sequential,4096,analyzed,valid,completed
2f2b130cc4be69de62416515,0,main,G2,2,cuda-rwm-online_picard,1024,analyzed,valid,completed
2f32105c283a6c6f873a3a6f,2,main,H2,16,cpu-mala-sequential,1024,analyzed,valid,completed
2f3502531a0ae2819d624403,1,main,G1,10,cpu-mala-quasi_deer,1024,analyzed,valid,completed
2f442331b55b0aa79d3a118e,0,main,A1,6,cpu-nuts-spawn_chains,1024,analyzed,valid,completed
2f4d9fdab466d4cb439aa3dd,2,main,W1,22,cpu-rwm-online_picard,4096,analyzed,valid,completed
2f51b055dcc97bb7337abf13,2,main,L2,20,cpu-rwm-online_picard,1024,analyzed,valid,completed
2f611efe8cdbf9e9ae39d994,1,main,G1,12,cuda-rwm-online_picard,4096,analyzed,valid,completed
2f89e12fa82962bea5b05eb3,2,main,W1,17,cpu-mala-sequential,1024,analyzed,valid,completed
2f9c0fde6c011bc32d278624,2,main,M1,22,cuda-rwm-sequential,4096,analyzed,valid,completed
2fa26e3c632dd45407e161ad,2,main,H1,18,cpu-rwm-online_picard,4096,analyzed,valid,completed
2fa5fc1e3c2371397d3db0e6,0,main,A1,1,cuda-mala-sequential,4096,analyzed,valid,completed
2fa9442c0d23e7a64f954447,2,main,A1,21,cpu-rwm-online_picard,1024,analyzed,valid,completed
2fa9a7d72414da2fb4d58de0,1,main,H1,11,cuda-mala-sequential,1024,analyzed,valid,completed
2fb31b3351f279cbb1b0a70c,0,main,L1,6,cuda-mala-sequential,1024,analyzed,valid,completed
2fc953ae0f76c9b93ece4a76,1,cache,W1,8,cpu-mala-quasi_deer,1024,analyzed,measurement_available,unavailable
2fcbf138c76bd15bbaa7e127,2,main,M1,18,cpu-mala-quasi_deer,1024,analyzed,valid,completed
2fd068d73aa0189ef1708b80,0,main,L2,0,cuda-mala-sequential,1024,analyzed,valid,completed
2ff52cdd52b38031fcb74471,0,main,L1,0,cuda-mala-sequential,1024,analyzed,valid,completed
2ffbc2b38328f8b0f40e949e,0,main,L2,7,cuda-rwm-online_picard,4096,analyzed,valid,completed
3024eafe5e170fc3a7e69dcc,1,main,M1,10,cpu-nuts-spawn_chains,4096,analyzed,output_failure_unclassified,unavailable
302ac04445331f941455ec77,2,main,G2,23,cuda-mala-sequential,1024,analyzed,valid,completed
3032cad74b434ddda253ee5c,1,main,A1,9,cpu-rwm-online_picard,1024,analyzed,valid,completed
3034180ae35ab5d59cb3d7bf,0,main,L1,7,cuda-mala-quasi_deer,4096,analyzed,valid,completed
304fcce8e6d3d5e293bceac1,0,main,M1,7,cpu-rwm-sequential,1024,analyzed,valid,completed
307249328a6cddb174eab68c,0,cache,G1,0,cpu-mala-quasi_deer,1024,analyzed,measurement_available,unavailable
307a2fc3b3a296a2591039d7,2,main,L2,16,cpu-mala-quasi_deer,4096,analyzed,valid,completed
308fd093d05464ced3156ee6,2,main,G2,22,cpu-mala-sequential,1024,analyzed,valid,completed
30925979437302360c6b0e76,0,main,G2,4,cuda-mala-quasi_deer,4096,analyzed,valid,completed
309675de5ec7ab6ace39bde6,1,main,W1,11,cuda-mala-sequential,1024,analyzed,valid,completed
309b4d46a53640960eb62d7d,0,main,G2,7,cpu-rwm-sequential,4096,analyzed,valid,completed
309d795b48862c2245714c68,0,main,H1,4,cuda-rwm-online_picard,1024,analyzed,valid,completed
30c53db64878d9ee9a31d307,1,main,H1,13,cpu-rwm-online_picard,4096,analyzed,valid,completed
30d859357696c731409e0854,0,main,A1,0,cpu-mala-sequential,4096,analyzed,valid,completed
30d89493d959822bc8c7ecec,2,main,G1,19,cuda-rwm-sequential,1024,analyzed,valid,completed
30ecf04a4e508b1264738dc3,0,main,L1,1,cpu-mala-quasi_deer,1024,analyzed,valid,completed
310f3b8f50ee45ac53829620,2,main,M1,23,cpu-mala-sequential,1024,analyzed,valid,completed
31233d4a67bd67682ea323f2,0,main,G2,6,cuda-rwm-sequential,1024,analyzed,valid,completed
3126d9385b31aa4b3831f191,0,main,L2,5,cpu-mala-sequential,1024,analyzed,valid,completed
31273a367be0f50fb9d6075a,0,main,M1,1,cuda-rwm-online_picard,1024,analyzed,valid,completed
3131bcafeb98389ab367bd21,1,main,L1,15,cuda-mala-quasi_deer,1024,analyzed,valid,completed
313754006fecef54cdfcac27,2,main,L2,19,cpu-mala-quasi_deer,1024,analyzed,valid,completed
31378f22fb22117f15e9a639,1,main,W1,14,cpu-mala-quasi_deer,4096,analyzed,valid,completed
3142da42e97e774899a5c3bf,1,main,M1,13,cpu-rwm-sequential,4096,analyzed,valid,completed
31466be5c3d528b9e1ca440d,0,main,A1,5,cpu-mala-quasi_deer,1024,analyzed,valid,completed
314b602082101c12e9678ea1,2,main,G2,16,cuda-mala-quasi_deer,1024,analyzed,valid,completed
316ab3e8e5cc234b3f01b9f4,0,main,L2,0,cuda-rwm-sequential,4096,analyzed,valid,completed
317c05d3d27fb0c2d73e559f,0,main,G2,2,cuda-rwm-sequential,1024,analyzed,valid,completed
31855cee2a91ea365a9c7771,2,main,G2,18,cpu-rwm-online_picard,1024,analyzed,valid,completed
319321ab7a3e57f4eaefdd9c,1,main,H2,9,cuda-mala-quasi_deer,1024,analyzed,valid,completed
3197bccd31e873aeab4165a1,0,cache,G2,0,cpu-rwm-sequential,1024,analyzed,measurement_available,unavailable
319ce3d32e43a44c50612ea9,1,main,L2,14,cpu-rwm-online_picard,4096,analyzed,valid,completed
31b0ddcd0124399447e0cae0,2,main,L2,22,cuda-rwm-sequential,4096,analyzed,valid,completed
31b5d346a43093a6b86f305b,0,main,A1,0,cuda-rwm-online_picard,4096,analyzed,valid,completed
31b68f88cad63a06f0285b30,2,main,H2,22,cuda-mala-sequential,1024,analyzed,valid,completed
31babdd9f2f5e9cafa28ff91,1,main,G1,10,cuda-mala-quasi_deer,4096,analyzed,valid,completed
31d7847052ee593fce972b41,1,main,L1,14,cpu-mala-sequential,4096,analyzed,valid,completed
31e1506ba4604517d5e5a6da,0,main,A1,5,cuda-mala-quasi_deer,4096,analyzed,valid,completed
31e2a19d9af5ee2d70f2ecb0,2,main,H1,21,cpu-nuts-spawn_chains,4096,analyzed,valid,completed
31f762a934804c0d9c41b887,0,main,L1,3,cuda-rwm-online_picard,4096,analyzed,valid,completed
31ff4bcc076489b10b85ecb3,1,main,G1,9,cpu-nuts-spawn_chains,1024,analyzed,valid,completed
320631ccc5de541a1f5f4947,2,main,G2,16,cpu-mala-sequential,1024,analyzed,valid,completed
3216f628955d12cb099a433d,2,cache,L2,23,cuda-mala-sequential,4096,analyzed,measurement_available,unavailable
3224d71ac825b8876891a99d,0,cache,G2,0,cpu-rwm-online_picard,4096,analyzed,measurement_available,unavailable
322a8fc32c726a8d8b6a329f,1,main,W1,8,cpu-rwm-sequential,1024,analyzed,valid,completed
322ef2a7eac3c3e91c45498f,0,main,W1,6,cuda-rwm-sequential,4096,analyzed,valid,completed
323bce57c8750bd117fc0fb6,2,cache,G2,16,cpu-mala-sequential,4096,analyzed,measurement_available,unavailable
324d5e75c774256be540b231,0,main,H2,2,cpu-rwm-sequential,1024,analyzed,valid,completed
328245b8124decab3d28e544,1,main,M1,8,cpu-rwm-sequential,1024,analyzed,valid,completed
328814ed41f2d4a8b088f552,2,main,H1,17,cpu-rwm-sequential,1024,analyzed,valid,completed
328c59d1b24c55d9e7896eb1,1,main,L1,9,cpu-rwm-online_picard,1024,analyzed,valid,completed
328db13985747e4605beeb62,1,main,G2,15,cuda-mala-sequential,1024,analyzed,valid,completed
329474c3e4bf2a56632fcf96,1,main,M1,12,cuda-rwm-sequential,4096,analyzed,valid,completed
329e981c7188d58f6d0e25db,1,main,W1,15,cuda-mala-quasi_deer,1024,analyzed,valid,completed
32a4c15133bd9d747ae982cd,2,main,H1,20,cuda-mala-quasi_deer,1024,analyzed,valid,completed
32c29638c0a36dc16dd48110,1,main,W1,9,cpu-rwm-sequential,4096,analyzed,valid,completed
32c2f99076611f43a90fb37a,1,main,H1,11,cpu-mala-sequential,4096,analyzed,numerical_failure,unavailable
32db06dca5c24f8515da2461,1,main,L2,10,cpu-rwm-online_picard,4096,analyzed,valid,completed
32e6e862e56c45b56d87d49c,2,main,A1,17,cpu-rwm-sequential,1024,analyzed,valid,completed
32ecf5ae8b3fbd1d7d05f719,1,main,M1,10,cuda-mala-quasi_deer,1024,analyzed,valid,completed
32ede4838484b05e9bcc1c03,0,main,H1,4,cpu-rwm-sequential,1024,analyzed,valid,completed
32ffcaf58b371256b8363cf0,0,main,L1,3,cuda-mala-quasi_deer,1024,analyzed,valid,completed
331c3cc5366b406841cf1280,1,main,M1,9,cpu-mala-sequential,1024,analyzed,valid,completed
331cfe98f4218dd5bf1e2079,1,main,L1,9,cuda-rwm-online_picard,4096,analyzed,valid,completed
3323501d1dcdce062958670c,0,main,W1,4,cuda-rwm-sequential,1024,analyzed,valid,completed
33400b25543382ce639a878b,2,main,H1,16,cpu-mala-sequential,1024,analyzed,valid,completed
3353fccd875219f5c07af62e,1,main,M1,11,cpu-mala-quasi_deer,1024,analyzed,valid,completed
336703ed73132310ecd2b1bb,1,main,G1,14,cuda-mala-sequential,4096,analyzed,valid,completed
3369822cb647f380ff1139fc,2,main,M1,20,cuda-mala-quasi_deer,1024,analyzed,valid,completed
3371e9941dfbb890c2115963,1,main,L1,12,cpu-nuts-spawn_chains,4096,analyzed,output_failure_unclassified,unavailable
3377b8f63c01e07589f0d7a6,2,cache,G2,23,cuda-rwm-sequential,4096,analyzed,measurement_available,unavailable
337c9fa6fa062a50abd69168,1,main,W1,9,cpu-mala-quasi_deer,4096,analyzed,valid,completed
33d2023b8cdd98966ea27715,1,main,L1,12,cuda-mala-quasi_deer,1024,analyzed,valid,completed
33d333127ddbddd8993369bd,1,main,M1,11,cuda-rwm-sequential,4096,analyzed,valid,completed
33d9f32f417c7e9fa9277f6f,1,main,H2,13,cpu-mala-quasi_deer,1024,analyzed,valid,completed
33e0e3a94b5b6f292fea898d,2,main,A1,23,cpu-mala-quasi_deer,1024,analyzed,valid,completed
33e2ca296a5e8ff170853377,0,main,H1,4,cpu-mala-quasi_deer,4096,analyzed,numerical_failure,unavailable
33e4769823a908cbe8b78ef9,1,main,L1,8,cuda-mala-sequential,4096,analyzed,valid,completed
33f64db78c00fc7414d89072,0,main,M1,6,cuda-rwm-sequential,1024,analyzed,valid,completed
33f9580e2ea4a08d6d6290ad,0,main,G2,3,cpu-rwm-online_picard,4096,analyzed,valid,completed
33ff1be9f9c9528dca575ce6,0,main,A1,3,cpu-mala-quasi_deer,1024,analyzed,valid,completed
340b62b5fa31974d39561471,1,main,H2,9,cuda-rwm-online_picard,1024,analyzed,valid,completed
340cffd424a94f561933a0f3,1,main,L2,13,cpu-rwm-online_picard,4096,analyzed,valid,completed
341929007fdb51399a166abf,1,main,A1,15,cpu-nuts-spawn_chains,4096,analyzed,valid,completed
341ef6a424918d44fd9739c6,2,main,G1,22,cpu-rwm-online_picard,4096,analyzed,valid,completed
342803fb3ab2cc4fc6be22c9,2,main,W1,20,cpu-nuts-spawn_chains,1024,analyzed,valid,completed
34617fdd4f2ec7e34fb0bfd5,1,main,W1,10,cuda-rwm-online_picard,4096,analyzed,valid,completed
346277461824ea126789d7eb,0,main,L2,6,cuda-rwm-sequential,4096,analyzed,valid,completed
348adf7fa93c652734187b1e,2,main,W1,18,cpu-mala-sequential,1024,analyzed,valid,completed
34ac115c280f9beb303dfc55,2,main,L1,18,cuda-rwm-sequential,4096,analyzed,valid,completed
34bb9d93af86377adf194178,1,main,H2,15,cpu-nuts-spawn_chains,4096,analyzed,output_failure_unclassified,unavailable
34bec38a29c9889775f3bf41,1,main,L2,9,cuda-rwm-sequential,4096,analyzed,valid,completed
34dd248b70919ea6c4b92372,0,cache,W1,0,cuda-mala-sequential,1024,analyzed,measurement_available,unavailable
34efe2e8b34530de33d985dc,2,main,H1,17,cuda-mala-quasi_deer,4096,analyzed,numerical_failure,unavailable
34faf412fdaa9f0069270a96,0,main,A1,3,cpu-mala-quasi_deer,4096,analyzed,valid,completed
351fd2ce1cd70ce2a2083ea2,0,main,L1,2,cpu-rwm-sequential,1024,analyzed,valid,completed
35209712e2c207f6b3a881e0,0,main,H2,7,cpu-mala-sequential,4096,analyzed,valid,completed
35355541d0645b0240490e29,2,cache,G2,16,cpu-rwm-sequential,1024,analyzed,measurement_available,unavailable
3538a24cdc3ffe877d035500,0,main,G1,3,cuda-rwm-sequential,1024,analyzed,valid,completed
3541fc6d2e104ed7a757502d,2,main,A1,21,cuda-mala-quasi_deer,4096,analyzed,valid,completed
354bfe248dc67fdd9458741b,1,main,G1,13,cuda-rwm-sequential,4096,analyzed,valid,completed
3550753bf0ed543689c1d986,0,cache,W1,0,cpu-rwm-sequential,4096,analyzed,measurement_available,unavailable
356152d508445d2678ad64d4,1,main,W1,10,cpu-rwm-online_picard,4096,analyzed,valid,completed
356c7b52314e96c324ec1681,2,main,H2,23,cpu-rwm-online_picard,1024,analyzed,valid,completed
3576fe5a2a2abfff2a4c151f,1,main,H1,11,cuda-rwm-online_picard,1024,analyzed,valid,completed
3584acc9bd93e78407430bba,0,main,G1,7,cpu-rwm-sequential,1024,analyzed,valid,completed
35ab7ace9eb4885e0cce4223,2,main,W1,22,cuda-mala-sequential,4096,analyzed,valid,completed
35b3f1996a7dfba1e6ea2953,0,main,H2,4,cpu-rwm-online_picard,1024,analyzed,valid,completed
35cab8316fabdaa81b123183,0,main,G2,2,cuda-mala-quasi_deer,4096,analyzed,valid,completed
35d44be9e10f38a7c3e3b131,1,main,G1,14,cpu-nuts-spawn_chains,1024,analyzed,valid,completed
35e5896350a44a541af729d9,2,main,H1,22,cpu-mala-quasi_deer,4096,analyzed,valid,completed
35eac4f1129c26fc55e661a9,2,main,M1,18,cpu-mala-quasi_deer,4096,analyzed,valid,completed
35ec6aaeb9819dfadf10e35d,2,main,A1,21,cpu-nuts-spawn_chains,1024,analyzed,valid,completed
35f48c8f6751d6cb551e5e71,2,main,A1,23,cpu-nuts-spawn_chains,4096,analyzed,valid,completed
35ffd6ce075a0646e889f87a,2,main,H1,20,cuda-rwm-online_picard,4096,analyzed,valid,completed
361a69ce24b31212e897403e,2,main,H1,19,cuda-mala-sequential,4096,analyzed,valid,completed
36329a1c6d5619a5f0950c7d,0,main,M1,3,cpu-rwm-online_picard,4096,analyzed,valid,completed
365d082b28044455c80bf1e3,1,main,G2,12,cuda-rwm-online_picard,1024,analyzed,valid,completed
365fb0697e431a63f8b6a8c6,0,main,H2,6,cpu-mala-sequential,1024,analyzed,valid,completed
368079d36dedb4dc6d75b3ba,1,main,H2,13,cpu-rwm-sequential,1024,analyzed,valid,completed
3683215ec589e9b107e8a8f1,2,cache,L2,16,cuda-rwm-online_picard,1024,analyzed,measurement_available,unavailable
368ad06a1c5f658a7b7f72c5,2,main,H2,20,cpu-nuts-spawn_chains,1024,analyzed,valid,completed
36a094441c653b61bab5baad,2,main,H1,18,cuda-rwm-sequential,4096,analyzed,valid,completed
36af767d705f3575032ade3a,2,main,G1,23,cuda-mala-quasi_deer,4096,analyzed,valid,completed
36b751a56e24b1620153762f,2,main,A1,18,cpu-nuts-spawn_chains,4096,analyzed,valid,completed
36cfdb3e795b14b50e52b690,0,main,H2,7,cpu-rwm-sequential,1024,analyzed,valid,completed
36efa74eb5163cd4ddbfbf6b,2,main,M1,22,cuda-mala-sequential,1024,analyzed,valid,completed
3700ece727896e4ce16ebc92,0,main,M1,5,cpu-rwm-sequential,4096,analyzed,valid,completed
3700f13edd2e6959f47d3c1b,2,cache,G2,23,cuda-rwm-sequential,1024,analyzed,measurement_available,unavailable
37020f59d00fcf7a0fdf75e2,1,main,M1,10,cpu-mala-sequential,4096,analyzed,valid,completed
370b2cd0a1a536397623d9b7,2,main,G2,23,cpu-nuts-spawn_chains,1024,analyzed,valid,completed
373c33301f0fd101dd535e18,1,main,W1,9,cuda-rwm-online_picard,4096,analyzed,valid,completed
3743089ed6ec4bcccd21319b,2,cache,L2,16,cuda-mala-quasi_deer,4096,analyzed,measurement_available,unavailable
3748b2dd6420ad932ba18171,2,main,G1,20,cuda-rwm-online_picard,4096,analyzed,valid,completed
374b78fe2b977e473bed66f8,1,main,G2,10,cpu-nuts-spawn_chains,4096,analyzed,valid,completed
374bd3b5799a9416f4e8b6ee,2,main,H2,17,cpu-nuts-spawn_chains,4096,analyzed,valid,completed
3753d240e29eb4beece08d68,0,main,M1,2,cuda-mala-quasi_deer,4096,analyzed,valid,completed
3773ca4b624b76d195e76c18,1,main,W1,10,cuda-mala-sequential,4096,analyzed,valid,completed
3775cbab2098cdbd605d4a60,0,cache,L2,0,cuda-rwm-online_picard,4096,analyzed,measurement_available,unavailable
377b28f3fc4b609272ebcf51,0,main,L2,7,cpu-nuts-spawn_chains,4096,analyzed,output_failure_unclassified,unavailable
3786f8df4d34474483f16abb,2,main,L1,21,cpu-nuts-spawn_chains,1024,analyzed,valid,completed
37a4d8baedf90a1ca6d16b10,1,main,A1,15,cpu-mala-sequential,4096,analyzed,valid,completed
37bbcb5bc4a9222162a18ae0,2,main,L1,23,cpu-mala-quasi_deer,4096,analyzed,valid,completed
37bca2d7bdeff46293ff6edf,1,main,H2,15,cuda-mala-quasi_deer,4096,analyzed,valid,completed
37bdd4f2925f92a9a08e621c,1,main,A1,13,cpu-rwm-sequential,4096,analyzed,valid,completed
37d63393a46712965f0141be,0,main,H1,7,cuda-mala-sequential,1024,analyzed,valid,completed
37d6bd8e942e1651fe2386e3,2,main,H1,20,cuda-mala-sequential,1024,analyzed,valid,completed
37dca0f09c0b6a523ec3108c,0,main,L1,4,cuda-rwm-online_picard,1024,analyzed,valid,completed
37de9fb8e60759fdf317fa5f,2,cache,W1,16,cuda-rwm-online_picard,1024,analyzed,measurement_available,unavailable
37e6a82853c441a5db59c386,0,main,W1,0,cpu-rwm-online_picard,1024,analyzed,valid,completed
37e868bc69aa5d363aa98928,2,cache,L2,16,cuda-rwm-sequential,4096,analyzed,measurement_available,unavailable
37f5dea95577858e896a64fa,0,main,G1,3,cpu-rwm-sequential,4096,analyzed,valid,completed
37f780262bfc53264041d69c,0,main,H1,3,cuda-rwm-online_picard,1024,analyzed,valid,completed
380e1d3761cfed95b51e7ce3,1,main,G1,13,cuda-mala-sequential,1024,analyzed,valid,completed
38122823d4de1e044dfb8fba,0,main,H1,2,cpu-mala-sequential,4096,analyzed,valid,completed
3816b87dce98e08cbc472ea7,1,cache,G1,8,cpu-mala-quasi_deer,1024,analyzed,measurement_available,unavailable
381cd0a9043e9aa7e612c022,0,main,L1,4,cuda-mala-quasi_deer,1024,analyzed,valid,completed
38526ab616621067fd00a66c,0,main,L1,4,cpu-mala-sequential,1024,analyzed,valid,completed
38597056d7be13051fc4667f,0,main,L1,4,cpu-rwm-online_picard,1024,analyzed,valid,completed
38910a2389754f30d507e189,2,main,G1,20,cuda-mala-quasi_deer,4096,analyzed,valid,completed
38ad4bf8714b5f47e80d8496,0,main,H2,0,cpu-rwm-online_picard,1024,analyzed,valid,completed
38c1bd0291c80567f984faf5,2,main,G2,19,cpu-rwm-sequential,4096,analyzed,valid,completed
38c41b9fa005c04b6874e5f5,0,main,A1,3,cpu-nuts-spawn_chains,4096,analyzed,valid,completed
38cd1509c403b59f5a501223,1,main,A1,11,cpu-nuts-spawn_chains,1024,analyzed,valid,completed
38e49dcae29b854a5df76e80,2,main,H1,20,cpu-rwm-sequential,1024,analyzed,valid,completed
38f471333f18eea38ec35cf9,0,cache,G2,0,cpu-mala-quasi_deer,1024,analyzed,measurement_available,unavailable
38fb59d04e5e29830927c634,2,main,G1,17,cuda-mala-quasi_deer,1024,analyzed,valid,completed
38fba89cd798b0c2202fe6a6,1,main,L2,8,cpu-rwm-sequential,4096,analyzed,valid,completed
3903d1524d4001f4670babad,2,main,L1,23,cpu-rwm-sequential,4096,analyzed,valid,completed
3905838596c1a942c56a69e0,2,main,L2,19,cuda-rwm-sequential,4096,analyzed,valid,completed
3918967a36c554e0ce28c57c,0,main,A1,6,cuda-mala-sequential,1024,analyzed,valid,completed
3919bc7b31c10c9b5f599f8f,1,main,L2,8,cuda-rwm-online_picard,1024,analyzed,valid,completed
3922b3695780fa169efe6ad4,0,main,W1,2,cpu-mala-sequential,4096,analyzed,valid,completed
3929f1eabbcb0dc135f8ec2b,2,main,G1,20,cuda-mala-quasi_deer,1024,analyzed,valid,completed
392bf34374a461879a6eb384,0,main,M1,0,cuda-rwm-online_picard,4096,analyzed,valid,completed
3933cb94cd228d3caefb7032,1,main,H1,10,cuda-rwm-sequential,1024,analyzed,valid,completed
394aa55584b5b070b747ad4b,1,main,G2,8,cpu-rwm-online_picard,4096,analyzed,valid,completed
3963d9381d753540878a029e,2,cache,G1,23,cpu-rwm-sequential,4096,analyzed,measurement_available,unavailable
39cdb9fcf4e461a186f8bcc8,0,main,W1,3,cpu-rwm-online_picard,4096,analyzed,valid,completed
39e93c36dd0f5f88575c6bcd,1,main,G2,12,cpu-rwm-online_picard,1024,analyzed,valid,completed
39fd2a61b53a48efa8b698ac,1,main,M1,13,cuda-mala-quasi_deer,4096,analyzed,valid,completed
3a0459280978e2671dc93bd2,0,main,W1,1,cuda-rwm-online_picard,4096,analyzed,valid,completed
3a0596218870acf732928e8d,0,main,A1,1,cpu-mala-quasi_deer,4096,analyzed,valid,completed
3a08566b4d8adcc0f019e8a2,1,main,M1,10,cpu-rwm-sequential,1024,analyzed,valid,completed
3a1a94f3b02cca0cf5defd84,1,main,L1,9,cuda-mala-sequential,4096,analyzed,valid,completed
3a759dfdf2a6dd48da107f53,1,main,H2,11,cpu-nuts-spawn_chains,1024,analyzed,valid,completed
3abcad5f3079526a767be878,2,main,A1,17,cuda-rwm-sequential,4096,analyzed,valid,completed
3ad88fb380913dc2ff889adf,0,main,L2,3,cpu-rwm-online_picard,4096,analyzed,valid,completed
3affd73b120b85e896773b03,1,main,A1,14,cuda-mala-quasi_deer,4096,analyzed,valid,completed
3b016892c7d8e7aff7c74423,2,main,W1,21,cpu-mala-quasi_deer,1024,analyzed,valid,completed
3b137b12ee1c6bd21c7e081b,2,main,H1,17,cpu-rwm-online_picard,4096,analyzed,valid,completed
3b347a5b9263eefb7e43aa8a,2,main,H2,18,cuda-mala-sequential,4096,analyzed,valid,completed
3b40f7092bd85fc1bf2d3703,2,main,L1,17,cuda-mala-sequential,4096,analyzed,valid,completed
3b566a767a2a6f9465828a52,0,main,M1,0,cpu-mala-sequential,1024,analyzed,valid,completed
3b7c32b39b8ef82d76b3fa05,0,main,G1,6,cuda-mala-quasi_deer,1024,analyzed,valid,completed
3b8ef28c490877839ecd75a4,0,main,W1,5,cpu-nuts-spawn_chains,4096,analyzed,valid,completed
3ba4668ff778a3e7af16f339,2,main,W1,22,cuda-mala-quasi_deer,1024,analyzed,valid,completed
3ba78bf763b14d52cd5cd9a6,2,main,W1,22,cpu-nuts-spawn_chains,1024,analyzed,valid,completed
3bab6a3d92db85d0286e7ecb,0,main,G1,3,cpu-nuts-spawn_chains,1024,analyzed,valid,completed
3bb02a22ee562ed49bea681d,0,main,H1,3,cpu-nuts-spawn_chains,1024,analyzed,valid,completed
3bbc356f4170156946f7dfb2,2,cache,L2,16,cpu-rwm-online_picard,4096,analyzed,measurement_available,unavailable
3bc20409e98cc0c3f50069c4,0,main,H1,5,cpu-rwm-sequential,4096,analyzed,valid,completed
3bd0d219ee6bc3ca58f44fa3,1,main,W1,12,cpu-mala-quasi_deer,1024,analyzed,valid,completed
3be45895f9e515d681818c74,1,main,W1,15,cpu-mala-quasi_deer,4096,analyzed,valid,completed
3be611787461433b6051316c,1,main,H2,9,cuda-rwm-online_picard,4096,analyzed,valid,completed
3be8e9278cf357d6baf9240e,0,main,L1,6,cpu-rwm-sequential,1024,analyzed,valid,completed
3c03a59e409b8a669119e77d,0,main,L1,7,cpu-mala-quasi_deer,1024,analyzed,valid,completed
3c153df7e19bce74a8a9689c,2,main,G2,16,cpu-rwm-online_picard,1024,analyzed,valid,completed
3c2ea71b4169cbdb8546901f,1,main,A1,12,cuda-rwm-sequential,1024,analyzed,valid,completed
3c390c6576a9d74a5a5f94e4,1,cache,L2,8,cpu-mala-quasi_deer,4096,analyzed,measurement_available,unavailable
3c3c284b6e70556c3624997d,0,main,G1,2,cpu-rwm-sequential,4096,analyzed,valid,completed
3c3c9089786b97e326e6d1de,2,main,G2,19,cpu-mala-sequential,4096,analyzed,valid,completed
3c579e49a40cd42e1d3652d7,0,main,H2,7,cuda-rwm-online_picard,1024,analyzed,valid,completed
3c711def700dcc50eb30791f,2,main,L2,19,cuda-mala-quasi_deer,1024,analyzed,valid,completed
3c81fee755544a021819720d,1,main,H2,8,cpu-mala-sequential,1024,analyzed,valid,completed
3c95347ef020252008448b1c,1,main,M1,14,cuda-mala-quasi_deer,4096,analyzed,valid,completed
3cc80990c748b3d86a3241e8,2,main,L2,21,cpu-nuts-spawn_chains,4096,analyzed,valid,completed
3cdc38ac0eab4abef754dd4d,1,main,G2,13,cuda-rwm-online_picard,1024,analyzed,valid,completed
3ce8e2dae135b3ca590cfde2,2,cache,W1,23,cpu-rwm-online_picard,1024,analyzed,measurement_available,unavailable
3d00a759f1e78c4ea189bf20,0,main,L1,2,cuda-mala-sequential,4096,analyzed,valid,completed
3d00f2e634b7baab942a266d,0,cache,L2,0,cuda-rwm-online_picard,1024,analyzed,measurement_available,unavailable
3d01d98b3f20a6f720dc4f2b,0,main,H2,2,cuda-mala-sequential,1024,analyzed,valid,completed
3d2dbe1715981aef746b52af,2,main,H1,22,cpu-rwm-sequential,4096,analyzed,valid,completed
3d3284095687603c1e3b49a7,2,cache,L2,23,cuda-mala-quasi_deer,1024,analyzed,measurement_available,unavailable
3d5fe5d598e56d426e3b2f1c,1,cache,W1,8,cuda-rwm-online_picard,4096,analyzed,measurement_available,unavailable
3d650f583ce0c4ea001a5335,0,main,L2,3,cpu-mala-sequential,1024,analyzed,valid,completed
3d67b42eca815446d2d33330,1,main,M1,9,cpu-nuts-spawn_chains,1024,analyzed,valid,completed
3d69564281c670709bf03435,0,main,W1,4,cpu-nuts-spawn_chains,4096,analyzed,valid,completed
3d75eba05ec22de1f1f442c9,0,main,H2,5,cuda-mala-quasi_deer,4096,analyzed,valid,completed
3da3494a0e46267f82997ebd,0,cache,G1,0,cpu-rwm-online_picard,4096,analyzed,measurement_available,unavailable
3da9446de4e81bcdbf5933e0,0,main,H1,6,cpu-rwm-online_picard,4096,analyzed,valid,completed
3dacfd4c274810300f746767,2,cache,W1,23,cpu-mala-sequential,1024,analyzed,measurement_available,unavailable
3dbf664b857cb74001aa5c09,2,cache,G1,16,cpu-rwm-sequential,4096,analyzed,measurement_available,unavailable
3ddb38d1906eff39c87c437f,1,main,G2,12,cpu-nuts-spawn_chains,4096,analyzed,valid,completed
3e0164f473791a185ab8f56c,0,main,A1,0,cuda-mala-quasi_deer,4096,analyzed,valid,completed
3e200bed1c72286bc2386451,0,main,A1,0,cuda-rwm-sequential,4096,analyzed,valid,completed
3e248862f1c88b879e6fabea,1,main,H2,9,cpu-mala-quasi_deer,4096,analyzed,valid,completed
3e28f2ac6719683e72fd715f,0,main,L1,6,cpu-nuts-spawn_chains,1024,analyzed,valid,completed
3e2c2bd337b73ba1a229480e,1,main,L1,10,cpu-rwm-sequential,4096,analyzed,valid,completed
3e322bb3f963dcea37ced6c6,0,main,G2,5,cuda-rwm-online_picard,4096,analyzed,valid,completed
3e351b399dd34bb4976ee67d,2,main,A1,19,cuda-mala-quasi_deer,4096,analyzed,valid,completed
3e39b10f62643f5ab82f92af,0,cache,L2,0,cpu-rwm-online_picard,4096,analyzed,measurement_available,unavailable
3e5a2c3a4e69ac41aa8c42bb,2,main,W1,20,cpu-rwm-sequential,4096,analyzed,valid,completed
3e74ab5941b5426baaeabd89,0,main,L1,6,cuda-mala-quasi_deer,1024,analyzed,valid,completed
3e81424264f681c96a4cea15,2,main,G2,16,cuda-rwm-online_picard,4096,analyzed,valid,completed
3e97adc9eaefb0c509e01620,2,main,M1,18,cuda-rwm-sequential,1024,analyzed,valid,completed
3ea71bdca085ee2510041eaf,1,main,H1,11,cuda-mala-quasi_deer,1024,analyzed,valid,completed
3eb496ada534417139bea427,2,cache,G1,16,cuda-rwm-sequential,4096,analyzed,measurement_available,unavailable
3ec5b79e25476b07a9fc214e,2,main,G2,23,cpu-rwm-online_picard,4096,analyzed,valid,completed
3ed75940dee760440b5b0c50,0,main,G1,7,cuda-mala-sequential,4096,analyzed,valid,completed
3ededc5513be739de02c4592,2,main,L1,18,cpu-nuts-spawn_chains,4096,analyzed,valid,completed
3eea1f776c93fd48ee167c9b,2,main,G1,18,cuda-mala-quasi_deer,1024,analyzed,valid,completed
3f0071af308a03dc58f32978,1,main,W1,15,cpu-rwm-sequential,1024,analyzed,valid,completed
3f01c318201df089709d2e4b,0,main,G1,0,cpu-rwm-sequential,4096,analyzed,valid,completed
3f03284fc086b23ea465ae9a,1,main,H2,13,cpu-mala-sequential,4096,analyzed,valid,completed
3f0635d5f35a42fa1f33c019,0,main,L2,7,cpu-mala-sequential,4096,analyzed,valid,completed
3f0ce87b4e102657162b4e31,1,main,L1,15,cuda-mala-sequential,1024,analyzed,valid,completed
3f1ef97025e5682168eb5136,2,main,H2,19,cuda-rwm-online_picard,1024,analyzed,valid,completed
3f3de70e887eda609f9083f2,2,main,A1,18,cpu-rwm-online_picard,1024,analyzed,valid,completed
3f46414c2b056bba307e2fe0,0,main,G1,3,cpu-rwm-online_picard,1024,analyzed,valid,completed
3f4bbe49e12c70ffb7efc3b2,1,main,G2,13,cuda-mala-quasi_deer,1024,analyzed,valid,completed
3f4c22d9d8885d3fdb154538,2,main,G1,19,cuda-rwm-online_picard,1024,analyzed,valid,completed
3f956d208f996b288c8ca5ea,0,main,M1,7,cpu-mala-quasi_deer,1024,analyzed,valid,completed
3facdf9780489a77f8aef6fa,2,main,A1,16,cpu-rwm-sequential,1024,analyzed,valid,completed
3fc802b7b3404915e26518fd,1,main,L1,8,cuda-mala-sequential,1024,analyzed,valid,completed
3fcd3115fa558d5890a0c88b,0,main,L1,5,cuda-rwm-online_picard,4096,analyzed,valid,completed
3ff68b6797c88ebedaaa0875,2,main,M1,23,cpu-mala-sequential,4096,analyzed,valid,completed
4010945014f07bf492dfab4e,2,cache,G1,16,cuda-mala-quasi_deer,4096,analyzed,measurement_available,unavailable
401eb01099cfd6a281d3f0ba,0,main,A1,5,cpu-nuts-spawn_chains,1024,analyzed,valid,completed
404c5eb2a8dbab03e7c1fadf,1,main,L1,12,cpu-rwm-sequential,4096,analyzed,valid,completed
4056c74d5499ad338656a26f,2,main,L2,17,cuda-rwm-online_picard,1024,analyzed,valid,completed
405c28403240a0625e93adf8,0,main,W1,1,cuda-rwm-online_picard,1024,analyzed,valid,completed
4060ec2f0e748e116b527e04,0,main,L2,0,cuda-rwm-sequential,1024,analyzed,valid,completed
406679f35055287f8e812bab,1,cache,L2,8,cuda-mala-sequential,1024,analyzed,measurement_available,unavailable
40967dbf3396a77353c707d8,2,main,H2,22,cuda-rwm-online_picard,1024,analyzed,valid,completed
409b590d6055603ebb0eaa6b,0,cache,L2,0,cuda-mala-sequential,4096,analyzed,measurement_available,unavailable
40a078d6bd9bc53caa530f3e,2,cache,G2,16,cpu-rwm-sequential,4096,analyzed,measurement_available,unavailable
40a2a44cbe0cda94bfb03116,2,main,L2,23,cpu-nuts-spawn_chains,4096,analyzed,output_failure_unclassified,unavailable
40ae2e89951b83bcf9e0bdeb,1,main,W1,13,cpu-rwm-sequential,4096,analyzed,valid,completed
40c62bf66de50dab27dbc6ef,0,main,H2,1,cpu-nuts-spawn_chains,4096,analyzed,output_failure_unclassified,unavailable
40e3af16ad131cadc860d02f,1,main,L1,8,cuda-mala-quasi_deer,1024,analyzed,valid,completed
40faee30696a1614fe1b4b01,1,main,G2,13,cpu-nuts-spawn_chains,4096,analyzed,valid,completed
410d426325c54875eed3879b,1,main,H2,12,cuda-mala-quasi_deer,1024,analyzed,valid,completed
412aa5515f40c220da6e65ae,0,main,H1,7,cpu-mala-quasi_deer,1024,analyzed,valid,completed
4132f809a65c6797bdec4065,1,main,G2,10,cpu-mala-sequential,1024,analyzed,valid,completed
41560a303de4d61bd1960d8e,1,main,G1,8,cpu-rwm-sequential,1024,analyzed,valid,completed
41666575f9f84e18271308b5,0,main,G2,6,cuda-mala-sequential,1024,analyzed,valid,completed
419b7bdb7592a722dd4efc1e,1,main,H2,8,cuda-mala-quasi_deer,4096,analyzed,valid,completed
41d3980d8c2c851ed8f03934,0,main,H1,0,cuda-rwm-sequential,1024,analyzed,valid,completed
41eed4cccb1896696da1fe1e,1,main,H1,11,cpu-rwm-online_picard,1024,analyzed,valid,completed
420b4bd4bd97d7202fd8248f,0,main,H1,0,cpu-mala-sequential,4096,analyzed,valid,completed
421752a20c9ad8a3445df762,0,main,H1,7,cpu-rwm-online_picard,4096,analyzed,valid,completed
421a5d7e4a4c2b3285150a62,0,main,H2,5,cuda-mala-sequential,4096,analyzed,valid,completed
422b2fd622e612e94e3bbba1,1,main,A1,8,cuda-mala-sequential,4096,analyzed,valid,completed
422d466b31d7a82ddac7dc94,1,main,A1,12,cuda-rwm-sequential,4096,analyzed,valid,completed
4246606cb62a4b89ee37a854,1,main,M1,10,cuda-rwm-sequential,1024,analyzed,valid,completed
424ad5eb8cd92ec70e0625de,1,main,L2,9,cpu-mala-sequential,4096,analyzed,valid,completed
424d20390d88d6b97e3e0f7c,0,main,G2,0,cpu-rwm-sequential,4096,analyzed,valid,completed
4256dfbb3aac7a43211885f0,0,main,W1,4,cpu-nuts-spawn_chains,1024,analyzed,valid,completed
42580d14259af7b2796f7133,0,main,M1,0,cuda-mala-quasi_deer,1024,analyzed,valid,completed
426e7f152bc61a6245f35ff0,2,main,L1,21,cuda-mala-quasi_deer,1024,analyzed,valid,completed
42c3383edc42e0b74f8bbacb,2,main,L2,17,cpu-rwm-sequential,1024,analyzed,valid,completed
42d3b75277445f4587bdae09,2,cache,W1,16,cpu-mala-sequential,1024,analyzed,measurement_available,unavailable
42d98cb9acbb616ffc93da89,0,main,H1,2,cpu-rwm-online_picard,4096,analyzed,valid,completed
42db33c9efb4b4d111bd7b78,1,main,H1,8,cpu-mala-sequential,1024,analyzed,valid,completed
42ded9ffe3a774aea1005c97,2,main,H1,21,cpu-mala-quasi_deer,4096,analyzed,numerical_failure,unavailable
42f05487a73923848a989996,2,cache,L2,16,cuda-mala-sequential,4096,analyzed,measurement_available,unavailable
4331b8077f70b1773874fbf7,0,main,L1,7,cpu-mala-sequential,1024,analyzed,valid,completed
4339002948c9f4bf38b2eb9c,1,main,H2,15,cpu-mala-quasi_deer,4096,analyzed,valid,completed
433afc87c543fc7b27535259,2,main,W1,21,cpu-mala-quasi_deer,4096,analyzed,valid,completed
4342f91c8cd44b3e03a7a406,1,main,G2,11,cuda-mala-quasi_deer,4096,analyzed,valid,completed
4359ed797d4bf6cf23fd5d0e,0,cache,G1,0,cuda-rwm-sequential,1024,analyzed,measurement_available,unavailable
436c383aeda67b5d6cf75375,2,main,G2,23,cpu-nuts-spawn_chains,4096,analyzed,valid,completed
437010cdbbcd7e3449516f56,1,main,L1,12,cpu-mala-sequential,1024,analyzed,valid,completed
4374603381d501d3b770ece3,2,main,W1,21,cuda-rwm-sequential,4096,analyzed,valid,completed
438331e3a44b3d38fd0dec48,2,main,L1,23,cuda-mala-quasi_deer,4096,analyzed,valid,completed
439dc78a30628067277a7fcd,1,main,L1,15,cpu-nuts-spawn_chains,4096,analyzed,output_failure_unclassified,unavailable
43a605a6ff1eaa0870d01bbe,2,cache,L2,23,cuda-mala-quasi_deer,4096,analyzed,measurement_available,unavailable
43a7047405dc09aab31914d2,0,main,G2,0,cpu-mala-quasi_deer,4096,analyzed,valid,completed
43a9b75c0d7d7ce7ba68180f,0,main,H2,5,cpu-nuts-spawn_chains,4096,analyzed,output_failure_unclassified,unavailable
43dc5b0697127c187b9bcfb5,0,main,L2,5,cpu-mala-quasi_deer,1024,analyzed,valid,completed
43e1ed8c1286fe649cef9e79,0,main,H2,5,cpu-mala-sequential,1024,analyzed,valid,completed
443728fd4c14b4475770fb6c,0,main,H2,7,cpu-rwm-sequential,4096,analyzed,valid,completed
4442c00644199437a95432db,2,cache,L2,16,cuda-mala-quasi_deer,1024,analyzed,measurement_available,unavailable
4442eec94486e73c7362c351,1,main,G2,13,cuda-mala-sequential,4096,analyzed,valid,completed
44585712ef3a63dfeb9d9277,1,main,G1,10,cpu-rwm-online_picard,1024,analyzed,valid,completed
445859ee8c2172590b72c169,1,main,M1,11,cpu-rwm-online_picard,1024,analyzed,valid,completed
4468197420d592739062e096,1,main,H1,15,cpu-mala-quasi_deer,1024,analyzed,numerical_failure,unavailable
4475609027fa26d388f43116,1,main,W1,11,cpu-nuts-spawn_chains,1024,analyzed,valid,completed
447b6435fbc74a2bd111a2ed,2,main,G1,18,cpu-rwm-sequential,4096,analyzed,valid,completed
4496a3db894bb22474bf2657,2,main,G2,21,cpu-rwm-online_picard,4096,analyzed,valid,completed
44977ae2b27d7b324b2d2ce5,0,main,H2,1,cpu-rwm-online_picard,4096,analyzed,valid,completed
449beb6a698af20d510bc284,2,cache,G1,16,cpu-mala-sequential,4096,analyzed,measurement_available,unavailable
44b289cfc72b4cdff8ff9ac7,0,main,G1,0,cuda-mala-quasi_deer,4096,analyzed,valid,completed
44c2afff3adbfbd187460d2f,0,main,M1,3,cuda-mala-quasi_deer,4096,analyzed,valid,completed
44c69d457ab0dbf7f1f91427,0,main,M1,7,cpu-rwm-online_picard,4096,analyzed,valid,completed
45074e2c3ef1ff8e5124d37d,1,main,A1,8,cuda-mala-quasi_deer,1024,analyzed,valid,completed
45117516b3ab5c1fb86ec1ee,0,main,G2,4,cuda-rwm-online_picard,1024,analyzed,valid,completed
45283b4e37f07dd35a3a350b,0,main,H1,1,cuda-rwm-sequential,1024,analyzed,valid,completed
4533e0f1a4e5081c46db0cc5,2,cache,G2,16,cuda-mala-sequential,1024,analyzed,measurement_available,unavailable
453fd914e50859d450051bdb,1,main,L2,13,cuda-rwm-sequential,4096,analyzed,valid,completed
454412039467595cdcd9b795,1,main,W1,15,cpu-rwm-online_picard,1024,analyzed,valid,completed
456440c9ee7983ba3dc98523,2,main,G2,19,cuda-mala-quasi_deer,4096,analyzed,valid,completed
456aa16e3b1df367ab84d505,1,main,L2,12,cpu-nuts-spawn_chains,1024,analyzed,valid,completed
456f9816f89211130f3e3b47,1,main,H1,11,cuda-mala-sequential,4096,analyzed,numerical_failure,unavailable
45a36f119c3ce6b50f7899b2,1,main,L2,13,cuda-rwm-online_picard,1024,analyzed,valid,completed
45baa6cdd58d42d9889fb342,2,main,L2,19,cpu-mala-quasi_deer,4096,analyzed,valid,completed
45be8bf91b96551b703f716f,2,main,L1,20,cpu-mala-sequential,4096,analyzed,valid,completed
45c9728511624bea5e3ec739,2,main,A1,20,cuda-mala-quasi_deer,1024,analyzed,valid,completed
45ca65d648a5f1a4873aec47,1,main,G2,9,cuda-mala-sequential,1024,analyzed,valid,completed
45d04edf9a07bea2ba6af8d2,1,main,G2,15,cpu-rwm-sequential,4096,analyzed,valid,completed
45d56d8995df117a092bbea0,0,main,G1,1,cpu-mala-sequential,4096,analyzed,valid,completed
45d641f2f9b79358e026db63,1,main,G2,9,cpu-rwm-sequential,4096,analyzed,valid,completed
45d76d38010de26138fe0464,1,main,M1,13,cuda-mala-sequential,4096,analyzed,valid,completed
45e29f56dc7b826fa188e296,2,cache,L2,23,cpu-rwm-sequential,1024,analyzed,measurement_available,unavailable
45e88ccc406dd8fd4ec13af8,2,main,L1,21,cpu-nuts-spawn_chains,4096,analyzed,output_failure_unclassified,unavailable
45e9c493044e190af8ffa648,0,main,W1,4,cuda-mala-quasi_deer,1024,analyzed,valid,completed
46104ab24650aa790374e754,0,main,A1,2,cpu-mala-quasi_deer,1024,analyzed,valid,completed
464ccf37005956bc616475e4,0,main,M1,5,cuda-mala-sequential,4096,analyzed,valid,completed
464eea15e9cb017897d6bb24,2,main,G1,22,cpu-nuts-spawn_chains,4096,analyzed,valid,completed
46734042001d7971a197947c,1,cache,W1,8,cuda-mala-quasi_deer,4096,analyzed,measurement_available,unavailable
468ba8924deac02724f1dfad,1,main,W1,9,cpu-mala-sequential,1024,analyzed,valid,completed
469159346bd1eb4b91088917,1,main,L2,12,cuda-mala-sequential,1024,analyzed,valid,completed
4696dfd28f706941795b3f0b,0,main,L2,0,cpu-rwm-online_picard,1024,analyzed,valid,completed
46a6af11453dc2b53387618a,2,main,G2,19,cpu-mala-sequential,1024,analyzed,valid,completed
46e28ce99468934686aad3f9,2,main,W1,21,cuda-mala-sequential,1024,analyzed,valid,completed
470113594d534e6acd4cfd1e,2,main,A1,18,cuda-rwm-online_picard,4096,analyzed,valid,completed
4723b884a041dda4d74ebc07,2,main,W1,18,cuda-mala-sequential,4096,analyzed,valid,completed
472b902a425ae5575324cd27,0,main,A1,0,cpu-nuts-spawn_chains,1024,analyzed,valid,completed
473adb66d0b37c5a773c28f0,1,main,H2,11,cuda-rwm-online_picard,4096,analyzed,valid,completed
474d6ced98761c87c21da86d,0,main,W1,0,cuda-rwm-online_picard,4096,analyzed,valid,completed
474f01dafebac6d470762731,1,main,H1,10,cpu-mala-quasi_deer,1024,analyzed,valid,completed
47588926f3cddd9f73550c6d,2,main,A1,22,cpu-nuts-spawn_chains,1024,analyzed,valid,completed
4763c9b09f80d607e478e084,2,main,H1,19,cuda-rwm-sequential,4096,analyzed,valid,completed
476a903c17a10668225471bf,2,main,L2,19,cpu-rwm-online_picard,4096,analyzed,valid,completed
4779949158905e0f8f4ffd0e,1,main,M1,15,cpu-nuts-spawn_chains,4096,analyzed,output_failure_unclassified,unavailable
479986775189c7ef9c5c71ff,2,main,A1,22,cuda-mala-quasi_deer,1024,analyzed,valid,completed
47b278740aec70ec36942917,0,main,L2,5,cuda-rwm-online_picard,1024,analyzed,valid,completed
47da36ba862457edb9a2e5dc,2,main,A1,16,cuda-rwm-sequential,1024,analyzed,valid,completed
47e108f22edfaebe76657d0c,0,main,A1,6,cuda-mala-quasi_deer,4096,analyzed,valid,completed
48041e99918aacc937085fc3,2,main,W1,18,cpu-rwm-sequential,1024,analyzed,valid,completed
4808035b2adabf8948b7903c,2,main,L2,16,cuda-mala-sequential,4096,analyzed,valid,completed
480e8ff0aa183a0c10585804,2,main,L2,23,cpu-mala-sequential,4096,analyzed,valid,completed
4810d6ca827714c470d0a8b0,1,main,M1,11,cuda-mala-quasi_deer,4096,analyzed,valid,completed
482194f6a3010f3d1c2de260,1,main,M1,11,cpu-nuts-spawn_chains,4096,analyzed,output_failure_unclassified,unavailable
482803c94ffd710090d9464e,1,main,L1,11,cuda-rwm-online_picard,1024,analyzed,valid,completed
483912851eb8b27f1ed242d7,1,main,A1,9,cpu-mala-sequential,4096,analyzed,valid,completed
4854899a0fcc9913b9db7068,0,main,G2,7,cuda-rwm-online_picard,4096,analyzed,valid,completed
487edab862f47fa4395738a6,0,main,H2,2,cpu-rwm-sequential,4096,analyzed,valid,completed
488aab3a510fc52bac85b4fd,1,main,H1,9,cuda-rwm-sequential,1024,analyzed,valid,completed
491d039b817e42d13a055585,2,main,M1,17,cuda-mala-sequential,4096,analyzed,valid,completed
4924bdf8509ba8ec42ed9533,0,main,H2,0,cpu-rwm-sequential,1024,analyzed,valid,completed
492be96e7f4838036f8daabb,2,main,W1,20,cuda-mala-quasi_deer,4096,analyzed,valid,completed
492cd7dcd1e7c7fff4fe6d09,2,main,G2,18,cuda-mala-sequential,1024,analyzed,valid,completed
493723403a76292a477f29b3,1,main,G2,9,cpu-rwm-sequential,1024,analyzed,valid,completed
494063b47123cbfe7d43ae3b,1,main,W1,13,cuda-mala-quasi_deer,1024,analyzed,valid,completed
4941f3b0861788c8ee9907b9,1,main,M1,11,cpu-mala-sequential,1024,analyzed,valid,completed
496666b8a5866544f3341447,2,main,G1,16,cpu-nuts-spawn_chains,4096,analyzed,output_failure_unclassified,unavailable
4976e5d2504d936f45fe48f2,0,main,L2,2,cpu-mala-quasi_deer,1024,analyzed,valid,completed
4978f1d5b40af22a5c6b9d9b,0,main,G1,6,cpu-mala-sequential,4096,analyzed,valid,completed
49a1cd807ec02877861e9758,2,main,G1,21,cuda-mala-quasi_deer,4096,analyzed,valid,completed
49a345151eb46c686c8d2f99,2,main,L2,21,cuda-rwm-sequential,1024,analyzed,valid,completed
49b1e67ccc5435938eb90e31,0,main,L2,0,cuda-mala-quasi_deer,4096,analyzed,valid,completed
49b6c456e6e031776520a84e,0,main,W1,7,cuda-rwm-online_picard,1024,analyzed,valid,completed
49ce112f7e9d03731ace80bf,0,main,H1,2,cpu-rwm-sequential,4096,analyzed,valid,completed
49d181f95dc65ac0c9aad525,2,main,A1,20,cpu-mala-sequential,4096,analyzed,valid,completed
49d66d59471f262459f0b803,1,main,W1,8,cpu-mala-quasi_deer,1024,analyzed,valid,completed
49df6c739adb14fdb6be3c64,1,main,G1,12,cuda-mala-sequential,1024,analyzed,valid,completed
49e70c9655d7cd51f93cf961,2,main,A1,17,cpu-nuts-spawn_chains,1024,analyzed,valid,completed
49fe3fd413e159023589551d,1,main,G2,9,cpu-mala-sequential,1024,analyzed,valid,completed
4a03a644ff6012a727295bcf,0,main,W1,1,cpu-mala-quasi_deer,1024,analyzed,valid,completed
4a1d4dfbc7c2ee4c0ffb8cf5,2,cache,W1,23,cuda-rwm-online_picard,4096,analyzed,measurement_available,unavailable
4a27588d90de265d74531c3a,1,main,M1,10,cuda-mala-sequential,4096,analyzed,valid,completed
4a28441bbf965815eba07050,2,main,M1,18,cpu-mala-sequential,4096,analyzed,valid,completed
4a37efc1a1eb664561eb7b4f,2,main,G2,17,cuda-mala-quasi_deer,4096,analyzed,valid,completed
4a5ad615d385f83ce45eb3b1,1,main,H1,15,cuda-rwm-online_picard,1024,analyzed,valid,completed
4a70c9678e59dda0b43582b5,1,main,W1,11,cuda-mala-quasi_deer,1024,analyzed,valid,completed
4a7f470248b6db4938258986,2,main,M1,21,cuda-rwm-sequential,4096,analyzed,valid,completed
4a81f622a498f9ab04d2ab47,2,main,L2,23,cuda-mala-sequential,4096,analyzed,valid,completed
4a84cbf495ecc6520345c4b8,1,main,M1,14,cpu-rwm-online_picard,4096,analyzed,valid,completed
4a91ebe726fba216a134a14d,2,main,H2,20,cpu-mala-sequential,1024,analyzed,valid,completed
4aac361ee1eda82fe93b7240,1,main,L1,8,cpu-nuts-spawn_chains,1024,analyzed,valid,completed
4ac63fe4c08cc19396fc99bf,1,main,L1,15,cpu-rwm-sequential,4096,analyzed,valid,completed
4ae3227f9ad38a14378c4515,2,main,L1,17,cpu-rwm-online_picard,1024,analyzed,valid,completed
4aeb381701562795114754a1,1,main,L1,10,cpu-mala-sequential,1024,analyzed,valid,completed
4b09648fc1a63f03507d85ce,2,cache,G2,16,cuda-rwm-online_picard,1024,analyzed,measurement_available,unavailable
4b0b2eb0b830576344a9b608,2,main,H2,23,cpu-mala-quasi_deer,1024,analyzed,valid,completed
4b1b0c8ad7fa178ba8ed0f82,2,main,L1,17,cpu-rwm-sequential,4096,analyzed,valid,completed
4b2727559f2a820ce76aa3fc,0,main,G2,7,cpu-nuts-spawn_chains,4096,analyzed,valid,completed
4b3838d8fcaab411ecae44c8,1,main,H2,15,cuda-rwm-sequential,1024,analyzed,valid,completed
4b75e597176600d5f58c5a29,2,cache,G1,23,cuda-rwm-sequential,1024,analyzed,measurement_available,unavailable
4b884425ce0b8b51e3af7488,1,main,H2,14,cpu-mala-sequential,4096,analyzed,valid,completed
4b8e18f7e80da64fd0f3893f,0,main,G2,5,cpu-mala-quasi_deer,1024,analyzed,valid,completed
4ba2ef28a24e62b5ab28eec6,2,main,M1,19,cpu-nuts-spawn_chains,1024,analyzed,valid,completed
4bba1a2a2774118d7297eb10,1,main,A1,11,cuda-mala-sequential,4096,analyzed,valid,completed
4bc70568e033bafd6e3f4378,1,main,L2,8,cpu-mala-quasi_deer,1024,analyzed,valid,completed
4bd166b10537e7004fcf60b4,0,main,H2,0,cpu-nuts-spawn_chains,4096,analyzed,output_failure_unclassified,unavailable
4bde77814e7b7e7a5a02d256,1,main,L2,12,cpu-rwm-online_picard,1024,analyzed,valid,completed
4bef92ea3524e16a2896978b,1,main,M1,15,cuda-mala-sequential,4096,analyzed,valid,completed
4c18b25bde89bf7bcbe31c0e,2,main,G2,21,cpu-rwm-sequential,4096,analyzed,valid,completed
4c1ed1ebdabfcf65e5e23557,1,main,G1,14,cuda-mala-quasi_deer,4096,analyzed,valid,completed
4c1fdd60885f6b8a03dff267,1,main,L1,13,cpu-mala-quasi_deer,1024,analyzed,valid,completed
4c25df973a09fbbcc9cf95d8,0,main,A1,1,cuda-rwm-sequential,4096,analyzed,valid,completed
4c29e562c44f5213f24293b2,2,main,A1,18,cpu-mala-sequential,4096,analyzed,valid,completed
4c39f9fb66da1373be7514e4,1,main,W1,14,cuda-mala-quasi_deer,1024,analyzed,valid,completed
4c3d82eab3274357d065d6a3,2,main,H2,19,cpu-mala-quasi_deer,1024,analyzed,valid,completed
4c40d8a2620051b5f7e0c94d,0,main,A1,5,cpu-rwm-online_picard,1024,analyzed,valid,completed
4c748bd1e3367292dfae4b75,2,main,H1,21,cuda-rwm-sequential,1024,analyzed,valid,completed
4c76632dab48c5637e9f9858,1,main,G2,10,cpu-mala-quasi_deer,1024,analyzed,valid,completed
4c7aa926796595844f7204e9,1,main,L1,9,cpu-nuts-spawn_chains,4096,analyzed,output_failure_unclassified,unavailable
4c89b1ae7a49cecdf88ed33c,0,main,A1,7,cuda-rwm-sequential,1024,analyzed,valid,completed
4ca18b66a278d5fb10ace86a,0,main,G2,0,cuda-mala-quasi_deer,1024,analyzed,valid,completed
4caa9f6842b1a56225233be4,1,main,M1,11,cpu-nuts-spawn_chains,1024,analyzed,valid,completed
4cb9e36e430a029d22f923dc,1,main,L2,10,cuda-rwm-sequential,4096,analyzed,valid,completed
4ccec3f691c87105c8ecf818,2,main,L1,18,cuda-rwm-sequential,1024,analyzed,valid,completed
4ce568941ac52dccb34add94,2,main,A1,19,cuda-mala-quasi_deer,1024,analyzed,valid,completed
4ce580979bbdd36d144c4989,1,main,G1,13,cuda-rwm-sequential,1024,analyzed,valid,completed
4cea3c1b0d8b6e87dd13386d,2,main,G2,17,cpu-rwm-sequential,4096,analyzed,valid,completed
4cf049ee2f1c36aafc533a27,2,main,G2,17,cpu-mala-sequential,1024,analyzed,valid,completed
4d154f0084015a22654585ae,1,cache,W1,8,cpu-rwm-sequential,1024,analyzed,measurement_available,unavailable
4d198df3d7d055370a06ab38,0,main,G1,1,cuda-mala-sequential,4096,analyzed,valid,completed
4d1ef04748a456e2977878f4,1,main,G1,10,cpu-rwm-online_picard,4096,analyzed,valid,completed
4d214edce0171e5af78e50fe,2,main,M1,20,cpu-nuts-spawn_chains,4096,analyzed,output_failure_unclassified,unavailable
4d302c5e1df0605c7af67b30,2,main,L2,22,cpu-mala-sequential,1024,analyzed,valid,completed
4d362c1aa192355032ad2638,2,main,W1,19,cuda-rwm-online_picard,4096,analyzed,valid,completed
4d36ca75ba6858f9a70ab5d0,0,main,M1,3,cpu-rwm-online_picard,1024,analyzed,valid,completed
4d3a6c1452124ecca15a83a6,0,main,M1,1,cuda-mala-sequential,1024,analyzed,valid,completed
4d4de68708ec3853629213c3,2,main,L1,16,cpu-rwm-sequential,1024,analyzed,valid,completed
4d69fa78f4a4847834d6aa69,2,main,L2,16,cpu-rwm-sequential,1024,analyzed,valid,completed
4d7a608a0d3d1a1493db9bbc,1,main,H2,11,cuda-rwm-sequential,1024,analyzed,valid,completed
4d7df68b2d133c92e4f3447f,1,main,H2,14,cuda-rwm-online_picard,1024,analyzed,valid,completed
4d8d30be2e7319ea504f1181,1,main,G2,11,cpu-nuts-spawn_chains,4096,analyzed,valid,completed
4d977147ee6abeed456c13e3,0,main,G1,3,cpu-nuts-spawn_chains,4096,analyzed,output_failure_unclassified,unavailable
4dc156844c8f1003e47a3726,1,main,G2,14,cuda-mala-sequential,4096,analyzed,valid,completed
4dd14b5c5fcaa8fcd2afbdbc,1,main,W1,14,cuda-mala-sequential,1024,analyzed,valid,completed
4df6e2db486176c74c63f6a9,2,main,H2,16,cuda-mala-quasi_deer,1024,analyzed,valid,completed
4e3a65f5c91ee2c3b82584c9,0,main,A1,4,cpu-nuts-spawn_chains,4096,analyzed,valid,completed
4e3ab306414959bce7e09043,2,cache,L2,23,cpu-mala-quasi_deer,1024,analyzed,measurement_available,unavailable
4e487dcfd20c048de1e8d382,0,main,L1,1,cpu-mala-sequential,1024,analyzed,valid,completed
4e5de8b745b7d401e629c8e3,0,main,M1,5,cuda-mala-sequential,1024,analyzed,valid,completed
4e8746cc41cd54e1ef458fea,0,main,G2,4,cuda-mala-quasi_deer,1024,analyzed,valid,completed
4e8bb62c914b6ef44dd2110c,2,main,L2,18,cpu-mala-quasi_deer,4096,analyzed,valid,completed
4e8c3c5b5995a26a3340170b,1,main,G1,11,cpu-rwm-sequential,1024,analyzed,valid,completed
4e9439a8c525ccd62e0b17a7,2,cache,L2,16,cuda-mala-sequential,1024,analyzed,measurement_available,unavailable
4ea11cba296ef360d2e1f5dc,0,main,A1,7,cpu-mala-quasi_deer,4096,analyzed,valid,completed
4ec0eafcf03ed2b0bf38e17e,1,main,G1,9,cpu-rwm-online_picard,1024,analyzed,valid,completed
4ed6e6681b90aba2cf7d10d9,1,main,L1,9,cpu-mala-sequential,4096,analyzed,valid,completed
4ef00036f6f00eca0d4faadd,1,main,H1,9,cuda-rwm-sequential,4096,analyzed,valid,completed
4f29ffb31ad60c0a509f8291,2,main,H2,17,cpu-mala-quasi_deer,4096,analyzed,valid,completed
4f53db2d2ebb30d5238d3d5b,1,main,L2,15,cpu-nuts-spawn_chains,4096,analyzed,output_failure_unclassified,unavailable
4f559bf5014a791a1fe76f9c,2,main,W1,23,cuda-mala-sequential,1024,analyzed,valid,completed
4f59b278b815a11e2b7bc970,1,main,L2,14,cpu-mala-quasi_deer,1024,analyzed,valid,completed
4f5bb1c4c17d18f883ba47bd,2,main,G1,22,cpu-mala-sequential,1024,analyzed,valid,completed
4f63d14df5e37ccdc28cc23c,2,main,G2,22,cpu-rwm-online_picard,1024,analyzed,valid,completed
4f6f00b409e52dab795530bd,1,main,G2,8,cpu-nuts-spawn_chains,1024,analyzed,valid,completed
4f7891157018b441b3acdb7f,1,main,L2,10,cpu-nuts-spawn_chains,4096,analyzed,output_failure_unclassified,unavailable
4f81a573cb416cd419990612,0,main,H2,3,cuda-mala-sequential,1024,analyzed,valid,completed
4f96785643be7e9d353aeabe,2,main,A1,19,cuda-rwm-online_picard,4096,analyzed,valid,completed
4f980881ba6655536490b19c,1,main,H1,15,cuda-mala-sequential,4096,analyzed,valid,completed
4f99245ea276138d492cce69,0,main,W1,0,cpu-rwm-sequential,1024,analyzed,valid,completed
4fa3ee963816bd0515fc0073,2,main,A1,20,cpu-nuts-spawn_chains,1024,analyzed,valid,completed
4fb007574794dc2973f68128,1,main,M1,8,cpu-mala-quasi_deer,1024,analyzed,valid,completed
4fb05402936bf0d6ff6fc13b,1,main,L1,8,cuda-rwm-online_picard,1024,analyzed,valid,completed
4fba8814ec4ae3d1b0ba2018,1,main,L2,12,cuda-mala-quasi_deer,4096,analyzed,valid,completed
4fd1af844ecc3e3edbbe7c3b,1,main,H2,11,cpu-rwm-sequential,4096,analyzed,valid,completed
4fec2f7e02f7cc9f42f0c12f,2,cache,W1,23,cpu-mala-sequential,4096,analyzed,measurement_available,unavailable
4fef9a6d7922867b52b22398,1,main,G2,12,cpu-rwm-sequential,4096,analyzed,valid,completed
4ff3c191d6c3c112f82be1ee,2,cache,L2,16,cpu-mala-sequential,1024,analyzed,measurement_available,unavailable
50010bdea983f9753dd39fb3,1,main,L2,11,cpu-mala-sequential,4096,analyzed,valid,completed
500e169144b0a93bddba1721,2,main,H1,17,cuda-mala-quasi_deer,1024,analyzed,numerical_failure,unavailable
500e3589de1b9e2222ff1e27,1,main,M1,10,cpu-nuts-spawn_chains,1024,analyzed,valid,completed
50127e52101acec708325229,1,cache,L2,8,cpu-rwm-sequential,4096,analyzed,measurement_available,unavailable
501dce51740a00a857d2668f,2,main,A1,18,cuda-mala-quasi_deer,1024,analyzed,valid,completed
502da92149d0fb4fe1a7a6e9,0,cache,G1,0,cpu-mala-sequential,1024,analyzed,measurement_available,unavailable
502fb90b5f9c4ce82fb50131,0,main,M1,3,cpu-nuts-spawn_chains,4096,analyzed,output_failure_unclassified,unavailable
5034273258ce45ab363eecb6,1,main,L1,8,cpu-nuts-spawn_chains,4096,analyzed,output_failure_unclassified,unavailable
5038530cc10a2e37b40855f7,0,main,A1,1,cuda-mala-quasi_deer,4096,analyzed,valid,completed
503a082eb80cf9f5c3fa3456,2,main,A1,16,cpu-mala-sequential,4096,analyzed,valid,completed
504449dd1bffa4f7d1327c0a,1,main,W1,11,cuda-rwm-online_picard,4096,analyzed,valid,completed
5048edb94c357e92a574f95d,0,main,G2,5,cpu-rwm-online_picard,1024,analyzed,valid,completed
505f5cdb945cd4fca782da17,1,main,L2,11,cuda-rwm-sequential,1024,analyzed,valid,completed
506d10201f01b75a8766cb0b,0,main,G2,4,cuda-rwm-online_picard,4096,analyzed,valid,completed
5090488c17dd304106876918,1,main,W1,8,cpu-rwm-sequential,4096,analyzed,valid,completed
50935a52fe4015e0b0a6376d,0,main,M1,1,cuda-mala-quasi_deer,1024,analyzed,valid,completed
5094eccbc4519685d9d66d57,0,main,H1,4,cuda-rwm-sequential,1024,analyzed,valid,completed
5098091767360f7458097548,0,main,W1,2,cpu-nuts-spawn_chains,1024,analyzed,valid,completed
50ae4941ebd723a06ef13169,0,main,G2,2,cuda-rwm-sequential,4096,analyzed,valid,completed
50bd140c02287de765684272,0,main,G1,5,cuda-rwm-sequential,1024,analyzed,valid,completed
50c7db8831e885bb7b813e9e,0,main,W1,2,cuda-mala-sequential,1024,analyzed,valid,completed
50cbcd343d3a282002477b07,0,cache,L2,0,cpu-mala-sequential,1024,analyzed,measurement_available,unavailable
50cdda5f3792b5b81f2ed9b3,2,main,H1,23,cuda-rwm-sequential,1024,analyzed,valid,completed
50e12bd87b02d594545a3fee,1,main,A1,15,cpu-mala-quasi_deer,1024,analyzed,valid,completed
511da0c73a74ec2c6bdda5b4,2,main,W1,16,cpu-rwm-online_picard,1024,analyzed,valid,completed
51338ddd8c5ede30abb75b76,0,main,L2,2,cpu-mala-sequential,4096,analyzed,valid,completed
513c16ca1824057411d11868,0,main,H1,2,cuda-rwm-online_picard,4096,analyzed,valid,completed
514b97a9b5dc6ba75f51b473,2,main,A1,21,cuda-mala-sequential,4096,analyzed,valid,completed
515faa13508807da90bbb288,0,main,M1,1,cpu-rwm-online_picard,1024,analyzed,valid,completed
5166779e4e97448ccd1fa23a,2,main,H1,17,cuda-rwm-online_picard,4096,analyzed,valid,completed
5170296d6bc7d45dc39af94d,1,main,L2,9,cuda-mala-sequential,1024,analyzed,valid,completed
51a7f8aa0ada9af143c1a1eb,1,main,M1,15,cuda-rwm-online_picard,4096,analyzed,valid,completed
51addb1cc8474e68dbea3b83,0,main,A1,7,cuda-rwm-sequential,4096,analyzed,valid,completed
51bca7b5b78baa1b25279668,2,main,H2,18,cuda-mala-sequential,1024,analyzed,valid,completed
51d36c1e2a8433b38142568b,0,main,L1,6,cuda-rwm-online_picard,4096,analyzed,valid,completed
51e56be32f4dbb2bbf0d242d,0,main,L2,5,cuda-rwm-sequential,1024,analyzed,valid,completed
51ee2cecb71157a43c42cbd9,2,main,H1,23,cpu-rwm-online_picard,1024,analyzed,valid,completed
520160ca1df6396416e0682d,1,cache,W1,8,cuda-rwm-sequential,4096,analyzed,measurement_available,unavailable
520f956e276c1c243d302c96,0,main,L2,2,cpu-nuts-spawn_chains,1024,analyzed,valid,completed
524ae728813a2a5d9b186332,2,main,H1,20,cpu-mala-quasi_deer,4096,analyzed,valid,completed
5259f5897609d74be2a898da,0,main,A1,0,cpu-rwm-online_picard,1024,analyzed,valid,completed
527224808f3d9371353fc305,2,main,G2,18,cpu-mala-quasi_deer,1024,analyzed,valid,completed
5272e12299ed6530fd7d35a5,2,main,H2,18,cpu-mala-sequential,1024,analyzed,valid,completed
52747e0890931c5267fc723d,0,main,G1,5,cpu-nuts-spawn_chains,4096,analyzed,output_failure_unclassified,unavailable
5279f2a545294f5906e6bad4,0,main,H2,6,cpu-mala-quasi_deer,4096,analyzed,valid,completed
529090a1464b7bf990cc0a77,2,main,H2,20,cuda-mala-quasi_deer,1024,analyzed,valid,completed
52a4c4c4e0b3d8fc6e3ea82e,2,main,H1,21,cpu-mala-sequential,1024,analyzed,valid,completed
52aee5699980ec758d2cf935,2,main,A1,16,cuda-mala-sequential,4096,analyzed,valid,completed
52b78d540ea1e363d3cfdca6,2,main,H1,18,cpu-nuts-spawn_chains,4096,analyzed,valid,completed
52c3b799ee8e1982439a5bd5,2,main,G2,16,cpu-rwm-sequential,4096,analyzed,valid,completed
52de68a7483b1b933fa20ff8,2,main,H1,17,cuda-rwm-sequential,1024,analyzed,valid,completed
52df660e8e91ebcd695f6f92,0,main,H2,3,cpu-mala-sequential,1024,analyzed,valid,completed
52e4793184db494d30cfd772,2,main,A1,19,cuda-mala-sequential,4096,analyzed,valid,completed
52edbac99d9efbd596a34701,2,main,G1,17,cuda-mala-quasi_deer,4096,analyzed,valid,completed
530b6f221bb347d2ad501f1f,0,main,H2,2,cuda-rwm-sequential,1024,analyzed,valid,completed
531a90b73f807c7f96429043,2,main,G2,17,cuda-rwm-sequential,4096,analyzed,valid,completed
5321a84f11028528ce340fcf,0,main,G2,7,cuda-mala-sequential,1024,analyzed,valid,completed
532436555e6f90003741af2d,2,main,M1,20,cuda-rwm-sequential,4096,analyzed,valid,completed
532632d2f4bd59601958f1d7,2,main,L1,23,cpu-rwm-online_picard,1024,analyzed,valid,completed
533f9bd303457281346c3c0d,1,main,L2,10,cpu-rwm-online_picard,1024,analyzed,valid,completed
533fc296a3c64089c34c8427,0,main,G2,5,cuda-rwm-online_picard,1024,analyzed,valid,completed
53430fec98dd54eb34bad0ce,2,main,G1,17,cuda-rwm-sequential,1024,analyzed,valid,completed
5350067ddd59f34a060e542d,2,cache,W1,23,cuda-rwm-sequential,4096,analyzed,measurement_available,unavailable
5385fe596ab4cbb001cc62bc,1,main,H2,14,cpu-rwm-sequential,1024,analyzed,valid,completed
53a654c66270da66020e5a90,0,main,G2,2,cpu-mala-quasi_deer,4096,analyzed,valid,completed
53ae72e126da7b455562f58e,2,main,G2,18,cpu-nuts-spawn_chains,4096,analyzed,valid,completed
53b0aa603beaf60c971dd558,2,main,M1,19,cuda-mala-quasi_deer,1024,analyzed,valid,completed
53b348838358797f1160497e,0,main,L2,7,cpu-rwm-sequential,1024,analyzed,valid,completed
53ecc2cb746c726f6e711d62,0,main,H2,3,cpu-rwm-sequential,1024,analyzed,valid,completed
53f640505c4b29d9c3f2ea82,2,cache,L2,23,cpu-mala-sequential,4096,analyzed,measurement_available,unavailable
53f84517d8cb5edcb92e68ea,2,main,G2,20,cpu-mala-sequential,4096,analyzed,valid,completed
54065330ed097311e977b96f,2,main,A1,22,cuda-rwm-online_picard,1024,analyzed,valid,completed
541dabbb39fb2fbdbb5e1190,0,main,G2,6,cpu-mala-quasi_deer,1024,analyzed,valid,completed
5424ee49e36be5f2c243baf6,0,main,L1,6,cpu-mala-sequential,4096,analyzed,valid,completed
548ac82f6044a542121a9d8f,1,main,G2,12,cuda-mala-sequential,1024,analyzed,valid,completed
54a271defc88d4c2cae11ec2,0,main,L1,6,cuda-rwm-sequential,4096,analyzed,valid,completed
54c7182b10a01a42a61df4a9,1,main,L2,14,cpu-nuts-spawn_chains,1024,analyzed,valid,completed
54cfc272ae2c48fc1f0f4f00,2,cache,G2,16,cuda-rwm-online_picard,4096,analyzed,measurement_available,unavailable
54e9cab172ead2d190abcecc,2,main,H1,21,cuda-mala-quasi_deer,1024,analyzed,valid,completed
54ec2dbf86f5102478d66a8f,2,main,M1,18,cpu-rwm-online_picard,1024,analyzed,valid,completed
54f8b5d328b6942e775829f2,0,cache,L2,0,cuda-mala-sequential,1024,analyzed,measurement_available,unavailable
5522d316aa353709e70a5f5c,1,main,A1,10,cpu-mala-sequential,1024,analyzed,valid,completed
5536479bc39863613a7cff3e,2,main,L2,19,cuda-rwm-online_picard,1024,analyzed,valid,completed
554be47681825dd5e190213a,0,main,L1,2,cuda-rwm-online_picard,4096,analyzed,valid,completed
5587e1eccca583f5fe041bd7,2,main,H2,19,cuda-rwm-sequential,4096,analyzed,valid,completed
55aa7ef81fd042833bebf555,2,main,H1,16,cpu-mala-quasi_deer,4096,analyzed,numerical_failure,unavailable
55b94dd251894da454bdd12b,2,main,A1,20,cpu-mala-sequential,1024,analyzed,valid,completed
55c772421801fbaa70b8d503,1,main,A1,12,cpu-rwm-online_picard,4096,analyzed,valid,completed
55f5acde94a7a344c53141dd,1,main,L2,14,cuda-mala-quasi_deer,4096,analyzed,valid,completed
560196af5857046625f91aff,2,main,M1,17,cpu-mala-sequential,4096,analyzed,valid,completed
5602cc960fe0a591b35af0be,1,cache,G1,8,cpu-rwm-online_picard,4096,analyzed,measurement_available,unavailable
562dd2b961df22e5b2f16a07,1,main,A1,14,cpu-nuts-spawn_chains,4096,analyzed,valid,completed
563cfcb3457c61db54857e58,1,main,H1,12,cuda-rwm-sequential,1024,analyzed,valid,completed
564fc15d63f1a8c7f17cf973,2,main,M1,16,cuda-mala-quasi_deer,1024,analyzed,valid,completed
5659d1aa467a649ca9933697,2,main,A1,17,cuda-mala-sequential,4096,analyzed,valid,completed
565bf9f7789937f01e3b1a79,1,cache,G2,8,cpu-rwm-sequential,1024,analyzed,measurement_available,unavailable
5664bae3cc3119d58f3823a4,1,main,A1,12,cuda-mala-quasi_deer,4096,analyzed,valid,completed
566e98e83121391da7d2470c,0,main,W1,7,cuda-mala-quasi_deer,4096,analyzed,valid,completed
568a40903d8240f561aa7227,0,main,G1,4,cpu-rwm-online_picard,4096,analyzed,valid,completed
569499ada61185499719aec9,2,main,M1,23,cuda-mala-sequential,4096,analyzed,valid,completed
56a484d6646a18458585f06f,2,main,H1,16,cpu-rwm-online_picard,1024,analyzed,valid,completed
56a6ddbe8395a02b2c0fea39,2,main,H2,17,cpu-mala-sequential,4096,analyzed,valid,completed
56aa8093f1beba472525b93e,0,main,G2,7,cpu-rwm-online_picard,1024,analyzed,valid,completed
56e0bdc75465bece1c58adf0,2,main,L2,23,cpu-nuts-spawn_chains,1024,analyzed,valid,completed
56f85dbfb52a47c47ff455d7,1,main,L2,15,cuda-rwm-sequential,1024,analyzed,valid,completed
5719f55819f81deb94362061,0,main,A1,2,cuda-mala-quasi_deer,1024,analyzed,valid,completed
572285b76e67b31c2166da40,0,main,W1,7,cpu-nuts-spawn_chains,4096,analyzed,valid,completed
5731d66cf52d8121174df462,1,main,M1,13,cpu-mala-sequential,1024,analyzed,valid,completed
573885bbadac79fed27e9105,0,main,H2,5,cpu-rwm-online_picard,1024,analyzed,valid,completed
5746229ed17259f7094b40cb,0,main,W1,7,cpu-rwm-online_picard,4096,analyzed,valid,completed
576298097fe8be2d7d260adb,0,main,G1,5,cpu-mala-quasi_deer,4096,analyzed,valid,completed
57653071d6b068db7a7d908b,2,main,L1,22,cpu-mala-sequential,4096,analyzed,valid,completed
5765ab084591709efc82aa6b,1,main,A1,8,cpu-rwm-online_picard,4096,analyzed,valid,completed
57792c2a45369a36eb384ae2,0,main,G2,1,cuda-mala-sequential,4096,analyzed,valid,completed
5783268cc259eb9e584291a1,0,main,L1,3,cpu-rwm-sequential,4096,analyzed,valid,completed
57864b398ba1354092144d06,1,main,L2,13,cpu-mala-quasi_deer,1024,analyzed,valid,completed
578b0eeef07e8a5df9dad246,0,main,H2,4,cuda-mala-sequential,4096,analyzed,valid,completed
5798d3a93beb059e1efbe058,2,main,W1,20,cuda-rwm-sequential,1024,analyzed,valid,completed
57a15503bf1c94d5bd4fe549,0,main,G1,2,cpu-mala-sequential,1024,analyzed,valid,completed
57ae5e2bd6b748af8c155391,0,main,W1,7,cpu-rwm-sequential,4096,analyzed,valid,completed
57bac64fd9d0428e04b501d7,1,main,G1,9,cuda-mala-sequential,1024,analyzed,valid,completed
57c150ec358d62fd875864cd,0,main,H2,0,cuda-mala-sequential,4096,analyzed,valid,completed
57cd2a308984b7b84aa28959,0,main,L1,3,cuda-mala-sequential,4096,analyzed,valid,completed
57d09dcc1c89419785432e2a,2,main,H2,16,cuda-mala-quasi_deer,4096,analyzed,valid,completed
57df6855c87841f5cbf75b8a,2,main,M1,22,cpu-nuts-spawn_chains,4096,analyzed,output_failure_unclassified,unavailable
57fb67ffff3818a663942946,0,main,G1,0,cuda-rwm-online_picard,4096,analyzed,valid,completed
580967671eae16a73c9b52e0,2,main,G2,20,cuda-rwm-online_picard,4096,analyzed,valid,completed
5817883ebe5aa673b51e75b0,0,main,G2,4,cpu-nuts-spawn_chains,1024,analyzed,valid,completed
583932d0f62090296679c834,2,main,W1,19,cuda-rwm-sequential,4096,analyzed,valid,completed
584cee741ffc96874a896467,0,main,L1,4,cpu-rwm-sequential,1024,analyzed,valid,completed
58632f0e00aa1be32a41e127,1,main,L1,11,cuda-mala-sequential,1024,analyzed,valid,completed
586ba2df585d34795674f05a,2,main,W1,18,cuda-mala-quasi_deer,4096,analyzed,valid,completed
5880403f28a58695dd13faa5,2,main,L1,20,cpu-nuts-spawn_chains,4096,analyzed,valid,completed
5888b0a8635aa61637c612f7,1,main,A1,11,cpu-mala-quasi_deer,1024,analyzed,valid,completed
5898610e5e78c3727f76b231,0,main,G2,6,cuda-rwm-sequential,4096,analyzed,valid,completed
589cc34d16c42d3c901d5d43,2,cache,G1,23,cuda-rwm-online_picard,4096,analyzed,measurement_available,unavailable
58b0b68ddd2ac3bd89489554,1,main,G1,14,cuda-mala-quasi_deer,1024,analyzed,valid,completed
58b3059ddb97467440f4acb4,1,main,A1,10,cpu-mala-quasi_deer,1024,analyzed,valid,completed
58bee3aa475636c2cc647eb9,0,main,G2,0,cuda-rwm-online_picard,1024,analyzed,valid,completed
58e1d814dd40a32708dbf0f5,0,main,G1,7,cuda-rwm-sequential,1024,analyzed,valid,completed
58e92a01e5ae3f08676784ff,0,main,W1,5,cuda-rwm-sequential,1024,analyzed,valid,completed
58eb5c9cc61841ff3d266cb9,2,main,H1,19,cpu-rwm-online_picard,1024,analyzed,valid,completed
58f57056d5702365d9b3f50e,0,main,L1,5,cuda-rwm-sequential,1024,analyzed,valid,completed
590c058f11da3775dab72884,2,main,L2,19,cpu-rwm-sequential,4096,analyzed,valid,completed
59179ee00422ccb82dc75c88,0,main,G1,5,cpu-rwm-online_picard,4096,analyzed,valid,completed
593bb557e6df4a56306e6f7e,1,main,A1,8,cpu-mala-sequential,1024,analyzed,valid,completed
5948b5ab4fd6dd3bcc3c5c9d,1,main,G1,12,cuda-mala-sequential,4096,analyzed,valid,completed
594d4dade78e977064299d5d,2,main,M1,17,cpu-rwm-sequential,1024,analyzed,valid,completed
5969591ded4f11beeba7f411,1,main,H1,8,cpu-rwm-online_picard,4096,analyzed,valid,completed
5986a2639084972ab8df6fb3,1,main,G1,8,cpu-rwm-online_picard,1024,analyzed,valid,completed
59b1d1af3a2419af7268d010,0,main,H2,7,cpu-mala-quasi_deer,4096,analyzed,valid,completed
59b8065b0d60e0221b256ac9,0,main,L1,7,cpu-nuts-spawn_chains,4096,analyzed,output_failure_unclassified,unavailable
59c00ca45ebfe901c073433a,1,cache,W1,8,cuda-rwm-online_picard,1024,analyzed,measurement_available,unavailable
59c6aef31d4521e6d0a935bc,1,main,L1,15,cpu-rwm-sequential,1024,analyzed,valid,completed
59ca3cff6b2808557cd8f979,2,main,A1,17,cpu-rwm-online_picard,1024,analyzed,valid,completed
59f3cff1bf4b08b74383a076,2,main,H1,17,cpu-nuts-spawn_chains,4096,analyzed,valid,completed
59f5b966ab5e4352d03f0978,2,main,H1,18,cpu-mala-quasi_deer,4096,analyzed,valid,completed
59f899482cf700fe50256146,2,main,L1,16,cuda-rwm-sequential,1024,analyzed,valid,completed
5a0827e6a682379407528dd1,1,main,H1,8,cpu-mala-sequential,4096,analyzed,valid,completed
5a14cbefb57dc1b944ab1afb,2,main,L1,21,cuda-rwm-sequential,1024,analyzed,valid,completed
5a1bbbc36893b7c0733f1af9,0,main,M1,4,cpu-mala-quasi_deer,1024,analyzed,valid,completed
5a2b041d3e4d72c6f8b0eb99,1,main,H1,8,cpu-nuts-spawn_chains,4096,analyzed,output_failure_unclassified,unavailable
5a2d67d505f62c7cf547c7a0,0,cache,G1,0,cuda-mala-quasi_deer,4096,analyzed,measurement_available,unavailable
5a41cce136c548a31165e1d2,1,main,L1,9,cpu-rwm-sequential,4096,analyzed,valid,completed
5a55617f90cdb6ccf1844851,0,main,L1,2,cpu-mala-quasi_deer,1024,analyzed,valid,completed
5a5602ff8a43681904195cba,2,main,H1,19,cuda-rwm-online_picard,4096,analyzed,valid,completed
5a6a00d6371503d9ae9bee97,1,main,L2,11,cpu-rwm-sequential,1024,analyzed,valid,completed
5aa0e68ca876aa88c7d3839a,2,main,H1,18,cuda-rwm-online_picard,1024,analyzed,valid,completed
5aa740570c766a661b15700f,1,main,H2,12,cpu-mala-quasi_deer,4096,analyzed,valid,completed
5abe656177eb07f9cd37d26e,0,main,L2,7,cuda-mala-quasi_deer,1024,analyzed,valid,completed
5abfbc16a4dfb1fa2c866096,0,cache,G1,0,cpu-rwm-online_picard,1024,analyzed,measurement_available,unavailable
5ac6b876ebb136ff2855aa6f,2,main,M1,23,cpu-nuts-spawn_chains,1024,analyzed,valid,completed
5acdc5689e9a88002a4810c8,1,main,M1,12,cpu-mala-sequential,4096,analyzed,valid,completed
5ad429fc632ac1f52939868a,1,main,G1,13,cpu-nuts-spawn_chains,4096,analyzed,output_failure_unclassified,unavailable
5ad4acb5273636a006aba569,2,main,L1,20,cuda-mala-quasi_deer,4096,analyzed,valid,completed
5af46f1845e60b9171310f55,1,main,H2,14,cpu-nuts-spawn_chains,1024,analyzed,valid,completed
5afe349b244c7debd68fbc2c,0,main,H2,5,cpu-mala-sequential,4096,analyzed,valid,completed
5b173c7a2bdf99a46ab24da2,0,main,M1,5,cpu-rwm-sequential,1024,analyzed,valid,completed
5b2cef6f7a63cb1e3853b839,0,main,L2,1,cpu-rwm-sequential,4096,analyzed,valid,completed
5b32ccd6e891518fdce3753b,0,main,L1,3,cpu-nuts-spawn_chains,4096,analyzed,output_failure_unclassified,unavailable
5b387b06950fe2fc8d85d057,1,main,W1,15,cuda-rwm-sequential,4096,analyzed,valid,completed
5b967ec19975f2162e1adc50,0,main,M1,0,cuda-mala-sequential,1024,analyzed,valid,completed
5b972fd6f9cc4e30bb6910b2,2,main,M1,16,cuda-mala-sequential,1024,analyzed,valid,completed
5bb100a9c30d136e9677d7b4,2,main,A1,19,cpu-mala-quasi_deer,4096,analyzed,valid,completed
5bb78293534e15ae0b193511,0,main,H1,2,cpu-mala-sequential,1024,analyzed,valid,completed
5bbf27ed61d35d2ae8cb0112,2,main,M1,23,cpu-mala-quasi_deer,1024,analyzed,valid,completed
5bccbdf8038e4317ae82f0a0,0,main,L1,1,cpu-rwm-sequential,1024,analyzed,valid,completed
5bce532cadeff373b89ca87c,1,main,L2,13,cpu-rwm-online_picard,1024,analyzed,valid,completed
5be78393a4b8092573c2352e,2,main,M1,21,cuda-rwm-online_picard,1024,analyzed,valid,completed
5bf998ea73a6179c0c9a7020,2,main,G1,18,cpu-mala-quasi_deer,1024,analyzed,valid,completed
5c2a8a840bed71dc15e74cc5,2,main,G1,18,cpu-mala-quasi_deer,4096,analyzed,valid,completed
5c3367787bdb11c12a560085,0,main,A1,2,cpu-mala-sequential,1024,analyzed,valid,completed
5c3bfb1380697297cc935dfc,0,main,L2,5,cpu-nuts-spawn_chains,1024,analyzed,valid,completed
5c5d47a7168bd0c206adb6d5,1,main,L1,10,cpu-mala-sequential,4096,analyzed,valid,completed
5ca260eb60ba0c95d0c948e8,0,main,G2,3,cuda-mala-quasi_deer,1024,analyzed,valid,completed
5ca559c0bba7062783556887,0,main,G1,2,cuda-rwm-online_picard,1024,analyzed,valid,completed
5ca6818a7337f46018179fe6,1,cache,L2,8,cuda-rwm-sequential,4096,analyzed,measurement_available,unavailable
5cd6b0302fbcb50706e07aad,0,main,G1,4,cpu-nuts-spawn_chains,4096,analyzed,output_failure_unclassified,unavailable
5cd819e078c99cf39895b398,0,main,M1,4,cpu-nuts-spawn_chains,4096,analyzed,output_failure_unclassified,unavailable
5cda8cc293e4f9e3a4f9519a,2,main,G2,22,cuda-rwm-online_picard,1024,analyzed,valid,completed
5cf254abee44e6366695c7a6,0,main,A1,4,cpu-rwm-sequential,4096,analyzed,valid,completed
5cfac41b4a3bdcb98d40d2e4,0,main,L1,1,cuda-rwm-sequential,4096,analyzed,valid,completed
5d0e3a5e3cff3264b6358eed,1,main,G1,8,cpu-nuts-spawn_chains,4096,analyzed,output_failure_unclassified,unavailable
5d248d52e8762bfbd01d8fbb,0,main,H2,0,cuda-rwm-sequential,4096,analyzed,valid,completed
5d556805633c4f613a45c40f,2,main,H1,21,cpu-nuts-spawn_chains,1024,analyzed,valid,completed
5d5cb3927a804452d89df930,0,main,L2,3,cpu-rwm-sequential,4096,analyzed,valid,completed
5d5f7dee35c59b90cc219d1e,1,main,W1,13,cuda-mala-sequential,4096,analyzed,valid,completed
5d6744696b5b1826be8a212f,0,main,G2,5,cpu-mala-sequential,1024,analyzed,valid,completed
5db97397efaee8f8b55e73e7,0,main,L1,5,cpu-rwm-sequential,1024,analyzed,valid,completed
5dbad4677bedf63726c0ba64,2,main,L1,22,cuda-rwm-sequential,1024,analyzed,valid,completed
5dc9ebe1e0ee1720c91b3155,2,main,G2,18,cpu-rwm-sequential,4096,analyzed,valid,completed
5ddcbd02bfa1563bfc288b7e,2,cache,G1,23,cpu-mala-quasi_deer,1024,analyzed,measurement_available,unavailable
5de0f41de0c3675c61340812,1,main,G1,9,cuda-rwm-sequential,1024,analyzed,valid,completed
5e098f9884a7a967ca834d6f,1,main,G1,13,cpu-mala-quasi_deer,1024,analyzed,valid,completed
5e1c4a0267cc6e86008902d4,2,main,G1,17,cpu-rwm-online_picard,1024,analyzed,valid,completed
5e24d12fd389129a65985570,0,main,L2,1,cuda-rwm-online_picard,1024,analyzed,valid,completed
5e2afce71dd5cbd0823cdbf5,2,main,L2,17,cuda-mala-sequential,4096,analyzed,valid,completed
5e2ce5fd142136119a7e88d5,2,main,L2,22,cpu-rwm-online_picard,4096,analyzed,valid,completed
5e3d26a10480cb555fd70b83,1,main,H2,13,cpu-mala-quasi_deer,4096,analyzed,valid,completed
5e3f18c7623a4cfe964fb3df,1,cache,G1,8,cpu-rwm-online_picard,1024,analyzed,measurement_available,unavailable
5e43403a9cc36d501e09dcfd,2,cache,G1,16,cuda-mala-sequential,4096,analyzed,measurement_available,unavailable
5e463adee52fc0a2048e673f,2,main,A1,23,cpu-rwm-sequential,4096,analyzed,valid,completed
5e571b7b1ad76efcfbcf8be3,0,main,L2,3,cuda-mala-quasi_deer,1024,analyzed,valid,completed
5e687122cfde3fdbb189aebb,1,main,G1,9,cpu-mala-sequential,1024,analyzed,valid,completed
5e6c4e044035c2814f2f4496,0,main,G2,0,cuda-rwm-sequential,1024,analyzed,valid,completed
5e84e0f61593b7ae83cf3e62,2,main,M1,17,cpu-rwm-online_picard,1024,analyzed,valid,completed
5e89b214e1997f0a1533eb1d,1,main,L2,9,cpu-mala-sequential,1024,analyzed,valid,completed
5e93db842f72d0005f5e0b12,1,main,L2,15,cuda-rwm-sequential,4096,analyzed,valid,completed
5e94cbc967dfcb7949823165,2,main,W1,17,cuda-mala-quasi_deer,1024,analyzed,valid,completed
5eb39db514ffadf3a52c2d1f,0,main,W1,1,cpu-nuts-spawn_chains,1024,analyzed,valid,completed
5ebf418f07476e221dddccd1,1,main,A1,15,cuda-rwm-sequential,4096,analyzed,valid,completed
5ec10439657ccced681abb97,1,main,L2,10,cpu-rwm-sequential,1024,analyzed,valid,completed
5ec896cc66e2f693e007ce5b,2,main,G2,16,cpu-nuts-spawn_chains,4096,analyzed,valid,completed
5edc36015f3ae1f2b33c2713,1,main,A1,9,cuda-mala-sequential,4096,analyzed,valid,completed
5ef082478edeb339108c8190,1,main,L1,14,cpu-nuts-spawn_chains,4096,analyzed,output_failure_unclassified,unavailable
5f057c6105f108f77d2d2029,2,main,H1,21,cuda-mala-sequential,4096,analyzed,valid,completed
5f1ec43375284b7f146fc5b6,1,main,L1,8,cpu-mala-sequential,1024,analyzed,valid,completed
5f207430d619467ef8f62f81,2,main,H2,20,cpu-rwm-sequential,4096,analyzed,valid,completed
5f3f31ebcfd71097bdedadb7,2,main,A1,22,cuda-rwm-sequential,1024,analyzed,valid,completed
5f435699437a03077ff72112,0,main,G1,6,cpu-rwm-sequential,4096,analyzed,valid,completed
5f66ddbced570cd5e70906f6,1,main,M1,12,cpu-rwm-online_picard,4096,analyzed,valid,completed
5f7be1ae0c7aa37649358a5a,2,main,H1,17,cpu-rwm-online_picard,1024,analyzed,valid,completed
5f7cb3320a99e61c19aafa5c,0,main,G2,0,cuda-rwm-online_picard,4096,analyzed,valid,completed
5f7eaf58b879010b583b3468,2,main,L2,20,cpu-rwm-sequential,1024,analyzed,valid,completed
5f8387a94ff3d06e49221a81,2,main,A1,23,cuda-mala-sequential,4096,analyzed,valid,completed
5f9958dcd6ed656b9fd47b5c,2,main,L1,19,cuda-mala-sequential,1024,analyzed,valid,completed
5fbe4ef68652ac5e0b61868b,0,main,M1,0,cpu-mala-quasi_deer,1024,analyzed,valid,completed
5fecee067522dec7f081955f,2,main,G1,23,cpu-rwm-sequential,1024,analyzed,valid,completed
5ff17859e2b8c93cca6ce272,1,main,A1,12,cpu-rwm-online_picard,1024,analyzed,valid,completed
60018263831c788bee863a89,1,cache,L2,8,cpu-rwm-sequential,1024,analyzed,measurement_available,unavailable
60089e19c2233ef72e948c36,0,main,G2,2,cpu-nuts-spawn_chains,4096,analyzed,valid,completed
602055a9bf46930a3d08ef4c,0,main,L2,2,cpu-rwm-online_picard,1024,analyzed,valid,completed
602b3b0777805a0dec1b78bb,2,main,G2,20,cuda-rwm-sequential,1024,analyzed,valid,completed
605801104eff9726474c171f,0,main,L1,6,cuda-mala-sequential,4096,analyzed,valid,completed
606a2ea953f32b8029315665,2,main,L2,20,cuda-mala-sequential,4096,analyzed,valid,completed
606f7da9afd4c7a0378af03b,2,main,M1,21,cpu-rwm-sequential,4096,analyzed,valid,completed
608d20ef1235c4c1f63a3ba6,1,cache,G2,8,cuda-mala-quasi_deer,1024,analyzed,measurement_available,unavailable
609979d9ffb59952c403b963,0,main,H2,3,cuda-rwm-online_picard,1024,analyzed,valid,completed
609deab5a79a5f53c4f723f4,1,main,G1,10,cpu-nuts-spawn_chains,4096,analyzed,output_failure_unclassified,unavailable
60a32b85a67e7b2229d831ef,1,main,G2,12,cuda-rwm-sequential,4096,analyzed,valid,completed
60c6500ca284b5c1d857f715,0,main,M1,3,cuda-mala-quasi_deer,1024,analyzed,valid,completed
60dddebb3a6265693e623caa,0,main,G2,3,cuda-rwm-online_picard,1024,analyzed,valid,completed
60f9b2326bfbcb1939911e8e,0,main,A1,2,cpu-mala-sequential,4096,analyzed,valid,completed
60fb702fc766c1e145a7cb28,0,main,H2,0,cuda-mala-quasi_deer,4096,analyzed,valid,completed
60fc6fcd816d4b7e595ad6b2,2,main,H1,21,cpu-mala-quasi_deer,1024,analyzed,valid,completed
6101db4c24d2338133d448a0,1,main,H2,13,cpu-rwm-online_picard,4096,analyzed,valid,completed
610befb111b40e970327bf96,0,cache,W1,0,cuda-mala-sequential,4096,analyzed,measurement_available,unavailable
611f371ce73600900dc85b0a,2,main,A1,18,cuda-mala-sequential,1024,analyzed,valid,completed
61240d2cd58cde063590f3c3,1,main,W1,12,cpu-rwm-online_picard,1024,analyzed,valid,completed
61254c0258a1cec564a7c593,2,main,H2,16,cpu-rwm-online_picard,4096,analyzed,valid,completed
612592fc59b6f3422192e569,2,main,L1,20,cuda-rwm-sequential,1024,analyzed,valid,completed
61308b3cacd3ac6efaff304d,2,main,G1,20,cuda-rwm-online_picard,1024,analyzed,valid,completed
614ddb5fd23ea7eea0f21b8e,0,main,H2,1,cpu-mala-sequential,4096,analyzed,valid,completed
6159587de19bdc94b155366c,0,main,H1,0,cpu-mala-quasi_deer,1024,analyzed,valid,completed
615f58a944ec242fc1d98224,0,main,M1,1,cuda-rwm-online_picard,4096,analyzed,valid,completed
61655f964b0d276b3438161c,2,main,G2,18,cuda-rwm-sequential,1024,analyzed,valid,completed
616938720ed23ee0690a4322,2,main,H2,21,cpu-mala-sequential,1024,analyzed,valid,completed
61715f86f85dd3f3307e5544,2,main,G1,22,cuda-mala-quasi_deer,4096,analyzed,valid,completed
61747f4136043c55181bd256,0,main,G2,4,cpu-nuts-spawn_chains,4096,analyzed,valid,completed
6181e0c764f4a108a028fc01,2,main,L2,18,cpu-nuts-spawn_chains,1024,analyzed,valid,completed
619818fa1145795a1247bc51,2,main,H2,16,cuda-mala-sequential,4096,analyzed,valid,completed
61a292df52e1aa66a2afc978,2,main,G2,21,cpu-nuts-spawn_chains,1024,analyzed,valid,completed
61b3b401e2a90025d2a87d9f,2,main,H2,18,cuda-rwm-sequential,1024,analyzed,valid,completed
61be9974fa0ebaab0e51f9dc,1,main,W1,9,cuda-mala-quasi_deer,1024,analyzed,valid,completed
61bede24d224e5e06ea7d648,0,main,L2,2,cuda-rwm-online_picard,1024,analyzed,valid,completed
61c4809aed6648af8d3d1c61,2,main,M1,17,cpu-rwm-sequential,4096,analyzed,valid,completed
61e8b8e70f1287b718d588db,2,main,L2,16,cuda-mala-sequential,1024,analyzed,valid,completed
61f808470c824c04d1364074,1,main,W1,13,cpu-nuts-spawn_chains,4096,analyzed,valid,completed
6201f3f239339b6eba1daf86,2,main,L1,19,cpu-mala-sequential,1024,analyzed,valid,completed
620dc8fe0873938e6b11e431,2,main,A1,16,cpu-mala-quasi_deer,1024,analyzed,valid,completed
62105a1523d33a369a9c0399,1,main,A1,9,cuda-mala-sequential,1024,analyzed,valid,completed
6210f52c210e196d1356dbb5,1,main,W1,9,cuda-mala-sequential,4096,analyzed,valid,completed
6220f63da6cf85e9f2d00216,1,main,A1,10,cpu-rwm-sequential,1024,analyzed,valid,completed
6220fa67458545702b8464ec,0,main,G2,4,cpu-rwm-sequential,4096,analyzed,valid,completed
622a7dd8d15f017c197ddfdc,1,main,H2,10,cpu-rwm-online_picard,4096,analyzed,valid,completed
622b9ce19dc4eb6f3b090fce,1,main,G2,8,cpu-mala-quasi_deer,1024,analyzed,valid,completed
6244a2559902363fa77e0669,2,main,M1,18,cpu-rwm-sequential,4096,analyzed,valid,completed
624ad64d9b4d22cf16d14d5d,2,main,H2,21,cpu-rwm-online_picard,4096,analyzed,valid,completed
624ca9f10f4e1e2d988f4714,1,main,W1,10,cpu-mala-quasi_deer,4096,analyzed,valid,completed
6264ba7087bcb58a1bdeaa60,1,cache,L2,8,cuda-rwm-sequential,1024,analyzed,measurement_available,unavailable
626580fc4e15c8b494dc3a5b,2,main,W1,16,cuda-rwm-online_picard,1024,analyzed,valid,completed
626da89f25e460f8d4e942d3,1,main,G1,12,cuda-mala-quasi_deer,1024,analyzed,valid,completed
6288e36de0641eb942c7166f,1,main,H2,15,cpu-rwm-online_picard,1024,analyzed,valid,completed
62900952acd143ffd32665fd,0,main,H1,2,cpu-nuts-spawn_chains,4096,analyzed,output_failure_unclassified,unavailable
6294e87e6c65fb4ba2e4f160,1,main,G1,13,cpu-rwm-sequential,4096,analyzed,valid,completed
62a3f29e60138ca15309e606,1,main,G2,10,cpu-mala-quasi_deer,4096,analyzed,valid,completed
62b1ac06c284e27e6f310bf6,2,main,L1,19,cpu-nuts-spawn_chains,4096,analyzed,valid,completed
62bdcbd1baf8eb62d468a122,2,main,A1,22,cpu-rwm-online_picard,1024,analyzed,valid,completed
62e9833696020606c0d2658d,1,main,G2,9,cuda-rwm-sequential,4096,analyzed,valid,completed
62ed78f0d2806fefd6d9b544,2,cache,G1,23,cpu-mala-sequential,1024,analyzed,measurement_available,unavailable
62f9bd04f2a7c2cb48108494,0,main,L1,5,cpu-mala-sequential,1024,analyzed,valid,completed
62fd72575cdeb473e4267eab,1,main,L2,11,cuda-rwm-online_picard,4096,analyzed,valid,completed
62fe00ff2976d6ebc5ef06a1,0,main,L1,1,cuda-mala-quasi_deer,4096,analyzed,valid,completed
631c62d8fdc5a69a0a773c84,0,cache,G2,0,cpu-rwm-sequential,4096,analyzed,measurement_available,unavailable
63242e6d32c1df04820e6ac8,2,main,L2,18,cpu-mala-quasi_deer,1024,analyzed,valid,completed
633b38b63fbeaf67d669001c,0,main,H1,3,cuda-mala-sequential,4096,analyzed,valid,completed
6345227aae8fea63a36a5f1d,1,main,M1,13,cuda-mala-quasi_deer,1024,analyzed,valid,completed
635251e0072909b4af8ef6af,1,main,G1,10,cuda-rwm-sequential,4096,analyzed,valid,completed
6399c6a65d31ad50369c7936,1,main,H1,14,cuda-rwm-online_picard,4096,analyzed,valid,completed
63ddde672944cd7fb299d88d,1,main,L2,11,cuda-mala-quasi_deer,4096,analyzed,valid,completed
640260da144294f2514d8c0f,1,main,H1,12,cuda-mala-sequential,4096,analyzed,valid,completed
643e2bdcd0207b1dbd256037,0,main,H1,0,cpu-rwm-sequential,4096,analyzed,valid,completed
643f6d98df291b43aa25ea4a,1,main,A1,11,cpu-rwm-sequential,1024,analyzed,valid,completed
64528b9c920583a5c7334c36,2,main,L2,18,cpu-rwm-sequential,4096,analyzed,valid,completed
645c03d27c3dcf9e3fb86fd3,1,main,G1,12,cpu-rwm-online_picard,1024,analyzed,valid,completed
64606325490e2bf9a2db0331,1,main,M1,8,cuda-mala-sequential,4096,analyzed,valid,completed
64608102fc14b292e5d61cbf,1,main,L1,11,cpu-mala-sequential,1024,analyzed,valid,completed
646aaf3b128a50262c6163c8,1,main,G2,12,cuda-rwm-sequential,1024,analyzed,valid,completed
6485a8a1272200c453f45c91,2,main,H2,19,cpu-mala-sequential,4096,analyzed,valid,completed
648dc0407aae61602cae478f,2,main,G2,21,cuda-mala-sequential,4096,analyzed,valid,completed
6490aad504ef329b6384fe84,1,main,G2,8,cuda-rwm-sequential,1024,analyzed,valid,completed
649a7424aa08a3c4c3b8fd5d,1,main,L1,9,cpu-rwm-online_picard,4096,analyzed,valid,completed
64b1f519c7657ea5462fd6f3,1,main,A1,15,cpu-mala-quasi_deer,4096,analyzed,valid,completed
64b2f44958e099ab6c349e17,1,cache,G2,8,cuda-mala-quasi_deer,4096,analyzed,measurement_available,unavailable
64b996c167eb33e1d546d82b,0,main,G1,4,cpu-mala-quasi_deer,1024,analyzed,valid,completed
64c1ff83d502e90a8359413a,2,main,M1,18,cuda-mala-quasi_deer,4096,analyzed,valid,completed
64c3aa69a784974ddad9b0fe,0,main,L1,0,cuda-rwm-online_picard,4096,analyzed,valid,completed
64cceef6b43fcedbb7bbcb93,2,cache,W1,23,cuda-mala-sequential,1024,analyzed,measurement_available,unavailable
64d0c70e7d30f997ec0937ff,2,main,A1,16,cuda-rwm-online_picard,1024,analyzed,valid,completed
650e3409e57d711db8f44db2,1,main,H2,14,cpu-rwm-sequential,4096,analyzed,valid,completed
6528031210c1ea4ce712ab66,0,main,W1,5,cpu-rwm-sequential,1024,analyzed,valid,completed
653c15e1c104d61ded6f6987,0,main,A1,2,cpu-nuts-spawn_chains,4096,analyzed,valid,completed
655be093c2edf5aa0c5ca4c9,1,main,L2,14,cpu-mala-sequential,4096,analyzed,valid,completed
656e74e36f817454acf85623,2,main,H1,16,cuda-rwm-sequential,1024,analyzed,valid,completed
6577450cc853bd7fdc5cb927,0,main,A1,3,cuda-mala-quasi_deer,1024,analyzed,valid,completed
658d66880f26c836a6b6e9b5,1,main,A1,15,cpu-nuts-spawn_chains,1024,analyzed,valid,completed
659aec2325b81039a84a468a,1,main,L1,12,cuda-mala-quasi_deer,4096,analyzed,valid,completed
65a4ac9cf403add3a72b3078,2,cache,W1,16,cpu-rwm-sequential,4096,analyzed,measurement_available,unavailable
65a9506693ecc7fd27d30afd,2,main,H1,16,cuda-rwm-online_picard,1024,analyzed,valid,completed
65b6218f09ec05626226aa07,2,main,L1,22,cuda-rwm-sequential,4096,analyzed,valid,completed
65b622d3d2746f8c3892c662,2,main,G1,23,cuda-mala-quasi_deer,1024,analyzed,valid,completed
65ef0d3cb152ed2e93f3d14e,0,main,W1,5,cpu-mala-quasi_deer,4096,analyzed,valid,completed
65feb800a26646d5c2154497,2,main,L1,21,cuda-mala-sequential,4096,analyzed,valid,completed
66013604b7ae7e0be661ebbd,0,main,L1,7,cpu-mala-sequential,4096,analyzed,valid,completed
660d8ed90b950faea556c91f,1,main,A1,12,cpu-mala-sequential,1024,analyzed,valid,completed
6612165ee82b7e39b5d0ba3d,0,main,L1,2,cpu-rwm-online_picard,1024,analyzed,valid,completed
6649ae8a807f8ce37ecb6614,0,main,G1,6,cpu-rwm-online_picard,1024,analyzed,valid,completed
664aa120088138aa742f46c2,2,main,G1,23,cuda-rwm-online_picard,4096,analyzed,valid,completed
664b6e8618fbc885e5611507,2,main,H2,21,cuda-rwm-online_picard,4096,analyzed,valid,completed
6659cf48c3722e9df6d8fbf3,1,main,L1,14,cpu-mala-sequential,1024,analyzed,valid,completed
6665f86a123c55835992600e,2,main,M1,19,cpu-rwm-sequential,4096,analyzed,valid,completed
666fdc24c1784dff35296987,1,main,L2,9,cuda-mala-quasi_deer,1024,analyzed,valid,completed
6681e5d23850c2ee04ab44f3,2,main,G2,22,cpu-nuts-spawn_chains,1024,analyzed,valid,completed
669050a18a02a5fd9a41f0a9,2,main,W1,22,cpu-nuts-spawn_chains,4096,analyzed,valid,completed
669ae674fd1763b37cbc2560,1,main,A1,14,cuda-mala-sequential,4096,analyzed,valid,completed
66b6901c40fb5a045defa106,1,main,H1,13,cpu-rwm-online_picard,1024,analyzed,valid,completed
66c552053967ce2413fcdfe7,0,main,W1,7,cpu-mala-quasi_deer,1024,analyzed,valid,completed
66c9e36a400e6f5083917ccf,1,main,H2,13,cuda-mala-quasi_deer,1024,analyzed,valid,completed
66ce68102262c724e1ff766c,1,main,H1,11,cpu-rwm-sequential,4096,analyzed,valid,completed
672001208fb7b2b807d87ea4,2,main,L1,20,cuda-rwm-online_picard,1024,analyzed,valid,completed
67327aca3f6821d3b9e67dfb,1,main,G1,13,cpu-mala-quasi_deer,4096,analyzed,valid,completed
673d39a4d4217e6a1cb96644,1,main,W1,12,cpu-mala-quasi_deer,4096,analyzed,valid,completed
6758484c85f575fc52bf20ca,1,main,H1,10,cpu-rwm-sequential,4096,analyzed,valid,completed
677ed0f167eac3a5a841f5f9,2,main,G1,22,cuda-mala-sequential,4096,analyzed,valid,completed
67896da5a73cff364685c96d,2,main,A1,20,cuda-rwm-sequential,1024,analyzed,valid,completed
678b407b764bb89e0bbbf592,0,main,A1,5,cpu-rwm-sequential,1024,analyzed,valid,completed
678ccb65c34dee3d259d6eeb,1,main,L2,15,cpu-mala-sequential,4096,analyzed,valid,completed
67cfd90a1862a94311bd1639,0,main,H2,1,cuda-rwm-online_picard,1024,analyzed,valid,completed
67d5d9fd28c9809988083087,2,main,H1,16,cpu-rwm-online_picard,4096,analyzed,valid,completed
67e653e4fe9046bd2f45f653,0,main,G2,5,cpu-mala-sequential,4096,analyzed,valid,completed
67f2d5bdc2664c0473561394,0,main,H1,7,cuda-mala-sequential,4096,analyzed,valid,completed
680233fb311470c2f50d9bcf,0,main,G1,5,cuda-mala-sequential,1024,analyzed,valid,completed
681f50faf837916ca69158e4,2,main,L1,23,cuda-rwm-sequential,1024,analyzed,valid,completed
6824d1f7ad387e5c26c1793c,0,main,A1,6,cpu-mala-sequential,1024,analyzed,valid,completed
6826978ec18c47bdffee955d,0,main,H2,2,cpu-nuts-spawn_chains,4096,analyzed,output_failure_unclassified,unavailable
68342ffce5549e40f1e4f27f,1,main,L2,8,cuda-mala-sequential,1024,analyzed,valid,completed
68504e40661943bc2f750665,0,main,A1,6,cpu-mala-quasi_deer,1024,analyzed,valid,completed
685bed964f5624008532bb10,1,main,H2,9,cpu-rwm-online_picard,4096,analyzed,valid,completed
685d1745bbc8a8249c906357,2,main,H2,23,cuda-mala-quasi_deer,4096,analyzed,valid,completed
68781210b981c7e312f3eb0f,1,main,H2,10,cpu-mala-sequential,1024,analyzed,valid,completed
68b35477b4a95387c9b4b1ef,0,main,H2,4,cpu-mala-sequential,1024,analyzed,valid,completed
68c0d590bfaf2c8e082e8718,2,main,G2,21,cuda-rwm-online_picard,1024,analyzed,valid,completed
68db746d2755d6c4339bfc52,2,main,L1,22,cuda-mala-sequential,1024,analyzed,valid,completed
68f7298bf6d18e8b1be5bd41,1,main,W1,14,cuda-rwm-sequential,1024,analyzed,valid,completed
690ccf29f2e4ed899caf9585,2,main,W1,20,cuda-mala-sequential,4096,analyzed,valid,completed
691f429bc72fa2d74d45c2a8,0,main,H2,6,cuda-rwm-online_picard,1024,analyzed,valid,completed
6940fd508dcad2bc9826ced2,2,main,W1,20,cpu-nuts-spawn_chains,4096,analyzed,valid,completed
6941c556ad72de72b0be291c,1,main,G2,14,cpu-rwm-online_picard,1024,analyzed,valid,completed
6943d97b396fd8ad295350b5,1,main,G2,10,cuda-rwm-sequential,1024,analyzed,valid,completed
69465f6909f2f510ab42c4b8,0,main,H1,3,cpu-mala-quasi_deer,1024,analyzed,numerical_failure,unavailable
6953c5206583c244a00bcd18,2,main,H2,17,cuda-rwm-online_picard,1024,analyzed,valid,completed
695d600f6e83f751aefe45ef,1,main,W1,13,cpu-rwm-sequential,1024,analyzed,valid,completed
6961f9eebdf00530fe8c362a,0,main,W1,0,cpu-mala-sequential,1024,analyzed,valid,completed
6975abbe124ad16df71c0b24,1,main,H2,10,cuda-mala-quasi_deer,1024,analyzed,valid,completed
69803ed97e1390d3eba801e2,0,main,H1,0,cpu-rwm-online_picard,1024,analyzed,valid,completed
69a60f9afe29fe4cd2811895,0,main,L1,5,cpu-mala-quasi_deer,4096,analyzed,valid,completed
69b5ae29a14b9615def41e69,2,main,W1,18,cuda-rwm-sequential,1024,analyzed,valid,completed
69b660ba753d5438289813ec,1,main,W1,11,cpu-rwm-online_picard,4096,analyzed,valid,completed
69d12bb849de629b58c48bf6,1,cache,G1,8,cpu-mala-sequential,1024,analyzed,measurement_available,unavailable
69d438e483cb94df37382581,2,main,L1,19,cuda-mala-sequential,4096,analyzed,valid,completed
6a4677c2b5dd7edbe2dfe9e9,2,main,A1,16,cpu-rwm-online_picard,1024,analyzed,valid,completed
6a512eb7e91a11cfa4279b8a,2,main,L1,17,cuda-rwm-sequential,4096,analyzed,valid,completed
6a5232ab7be0824fdd1234c9,0,main,G2,6,cpu-rwm-sequential,4096,analyzed,valid,completed
6a5db690a1b9d8c75bf6ef73,2,main,M1,23,cuda-mala-quasi_deer,1024,analyzed,valid,completed
6a6d49882651cd552ac040a9,1,main,M1,10,cuda-rwm-online_picard,1024,analyzed,valid,completed
6aab46ed9318a5949cc6e64a,1,main,G1,12,cuda-rwm-sequential,1024,analyzed,valid,completed
6ae78b1ec1897fe3d4db06ad,0,main,G2,1,cpu-nuts-spawn_chains,4096,analyzed,valid,completed
6af181f2628b5e5a036f4425,2,main,G1,22,cpu-nuts-spawn_chains,1024,analyzed,valid,completed
6afc211cff8a714a53dbc3db,2,main,L1,21,cpu-mala-quasi_deer,4096,analyzed,valid,completed
6affdbebc05f31782bce1582,2,main,G2,22,cuda-rwm-online_picard,4096,analyzed,valid,completed
6b07b2e52fee81c61f8f72e6,1,main,H2,11,cpu-mala-quasi_deer,4096,analyzed,valid,completed
6b10b312265368f88a4bb7c6,2,main,W1,22,cpu-mala-sequential,4096,analyzed,valid,completed
6b1b577555f47ccf81518c83,1,main,H1,13,cpu-nuts-spawn_chains,4096,analyzed,output_failure_unclassified,unavailable
6b25969a2269c0e3f0208c88,0,main,A1,0,cuda-mala-quasi_deer,1024,analyzed,valid,completed
6b2d76490fa5ec9063f5d0bb,1,cache,L2,8,cuda-mala-quasi_deer,1024,analyzed,measurement_available,unavailable
6b386470ec1ce624b0faef15,0,main,G1,6,cpu-nuts-spawn_chains,1024,analyzed,valid,completed
6b4e135a4ffaa14d2e97b476,0,main,H1,6,cpu-mala-quasi_deer,1024,analyzed,valid,completed
6b51cda683c30ee4b09a2abe,2,main,G1,19,cuda-mala-sequential,1024,analyzed,valid,completed
6b66eb499d3f0f2ee7f5c26b,1,main,M1,11,cuda-mala-sequential,1024,analyzed,valid,completed
6b6fd297c14d6b51133786c2,2,main,M1,23,cuda-rwm-sequential,4096,analyzed,valid,completed
6ba017b2b202a6d34674422c,0,main,G1,2,cpu-rwm-online_picard,1024,analyzed,valid,completed
6bb7159543db4c53368ea9b5,1,main,A1,15,cuda-mala-sequential,1024,analyzed,valid,completed
6bc361c34f6c2388f0b1dc83,0,main,G1,5,cpu-rwm-sequential,1024,analyzed,valid,completed
6bcb59fedeb0917bb79d7645,0,main,W1,0,cuda-mala-sequential,1024,analyzed,valid,completed
6bd9aa024b4994e2bbfe34e5,0,cache,G2,0,cuda-mala-sequential,1024,analyzed,measurement_available,unavailable
6be377f4678dd07c08e6fa48,0,main,A1,2,cuda-mala-quasi_deer,4096,analyzed,valid,completed
6be88711bc4eb4fe686c0682,2,main,G2,19,cuda-rwm-sequential,1024,analyzed,valid,completed
6bf9de32f6a3bb6218b7b070,2,main,M1,19,cuda-rwm-online_picard,4096,analyzed,valid,completed
6c11cacf728c1d910974a426,1,main,A1,8,cpu-nuts-spawn_chains,4096,analyzed,valid,completed
6c18c9c2aba5429a49c8046b,1,main,G2,8,cuda-rwm-sequential,4096,analyzed,valid,completed
6c19f7eb1a95806a215ec352,1,main,L1,10,cuda-mala-quasi_deer,1024,analyzed,valid,completed
6c1acca263b9b1a51dd0c544,0,main,G2,2,cpu-rwm-sequential,1024,analyzed,valid,completed
6c1cfdba2339060e0116f0b5,2,main,G1,21,cuda-mala-sequential,1024,analyzed,valid,completed
6c2e169cfcc0fb35539df843,0,main,H1,5,cpu-rwm-online_picard,1024,analyzed,valid,completed
6c2eb6e35ff6fab2645c29c0,2,main,W1,21,cpu-rwm-sequential,1024,analyzed,valid,completed
6c5dc92212e15d2f745bbfb9,0,main,W1,3,cpu-mala-quasi_deer,1024,analyzed,valid,completed
6c7d7d6d9cee185ded194259,1,main,L1,10,cuda-rwm-online_picard,1024,analyzed,valid,completed
6c861183248461bfea755a8c,1,main,L2,13,cpu-nuts-spawn_chains,1024,analyzed,valid,completed
6c9b02a1f14f00697e9da2d9,0,main,G1,1,cuda-mala-quasi_deer,4096,analyzed,valid,completed
6c9f562d1aa0b6b107120269,0,main,L1,5,cuda-mala-sequential,4096,analyzed,valid,completed
6ca45c338b37bcd622b737d6,0,main,G1,3,cpu-rwm-online_picard,4096,analyzed,valid,completed
6cb291f7a981440dc0a5eb6f,0,main,L2,2,cpu-mala-sequential,1024,analyzed,valid,completed
6cb55432e1275774af863c1e,1,main,L1,14,cpu-mala-quasi_deer,1024,analyzed,valid,completed
6cbd517bcd06a66a5e975250,2,main,L1,19,cuda-rwm-online_picard,4096,analyzed,valid,completed
6ce408f0b88df82e5242ce81,0,main,A1,5,cpu-rwm-online_picard,4096,analyzed,valid,completed
6cf51f3da311871a42b1c45a,2,main,A1,21,cuda-rwm-online_picard,4096,analyzed,valid,completed
6d14565aafdc00f4e61275b8,1,main,A1,9,cpu-nuts-spawn_chains,4096,analyzed,valid,completed
6d2cc97721d9aabc6f94aff7,2,cache,G1,16,cpu-rwm-sequential,1024,analyzed,measurement_available,unavailable
6d2fc2c11e20166344d00584,1,main,L2,15,cpu-mala-quasi_deer,4096,analyzed,valid,completed
6d66275b90a8d13bc50029fb,1,main,A1,10,cuda-rwm-sequential,4096,analyzed,valid,completed
6d7ad1e74f1d7bb7e4244341,0,main,G2,3,cpu-mala-quasi_deer,4096,analyzed,valid,completed
6d827fb9d4a261c4be1d2d64,0,main,G1,6,cuda-mala-sequential,4096,analyzed,valid,completed
6da3ce245361e9ad7772cba7,2,main,L2,17,cpu-rwm-sequential,4096,analyzed,valid,completed
6da3f9ebacba62ac8b629e66,1,main,A1,15,cuda-rwm-online_picard,1024,analyzed,valid,completed
6db35a2275ac81f9317312c0,1,main,G1,15,cpu-nuts-spawn_chains,4096,analyzed,output_failure_unclassified,unavailable
6db45687c7781a32d422252c,0,main,G2,6,cpu-rwm-online_picard,4096,analyzed,valid,completed
6db5130ad2983d3c4dd2b4d2,0,main,H2,1,cpu-mala-sequential,1024,analyzed,valid,completed
6dc87e6e8e83e8724712bc41,1,main,H2,10,cpu-nuts-spawn_chains,4096,analyzed,output_failure_unclassified,unavailable
6dce102953c9291569e5a897,0,main,A1,1,cpu-nuts-spawn_chains,4096,analyzed,valid,completed
6de632e702053985af29c29d,0,main,M1,1,cpu-mala-sequential,4096,analyzed,valid,completed
6df5e81cae2bd820d5f3945d,1,main,A1,15,cuda-rwm-sequential,1024,analyzed,valid,completed
6df62e4e2f1bfe775f2f0ce6,0,main,L2,4,cuda-rwm-online_picard,1024,analyzed,valid,completed
6dfefa01bd12986263069886,0,main,L1,7,cuda-mala-quasi_deer,1024,analyzed,valid,completed
6e0c73e08de5cb9ddf949060,2,main,W1,17,cuda-mala-sequential,4096,analyzed,valid,completed
6e1dc8d52b4c3b6ccc157cfd,0,main,W1,5,cuda-rwm-online_picard,1024,analyzed,valid,completed
6e2cf50da36e81bb3593d189,2,main,L2,18,cuda-rwm-sequential,4096,analyzed,valid,completed
6e432aaad06196ffdaa1fe54,2,main,G2,23,cpu-mala-sequential,1024,analyzed,valid,completed
6e76c15b92465e79ef09f83d,1,main,G2,10,cuda-rwm-online_picard,4096,analyzed,valid,completed
6e8a633cffa7329c41e82b3a,2,main,W1,16,cuda-rwm-online_picard,4096,analyzed,valid,completed
6e8dc3f149aa8394bb5b3243,1,main,L2,8,cuda-rwm-sequential,1024,analyzed,valid,completed
6ea573338d844343877b633d,0,main,L1,1,cuda-mala-quasi_deer,1024,analyzed,valid,completed
6ead5650e62014bb506b4cec,0,main,H1,6,cpu-rwm-sequential,4096,analyzed,valid,completed
6eb000e6aa2516463ff3a2dd,2,main,H1,17,cpu-rwm-sequential,4096,analyzed,valid,completed
6eb6309df8afed922566a75f,0,main,H1,7,cuda-rwm-online_picard,1024,analyzed,valid,completed
6ec21cae310dad888fd9d14e,0,main,H2,5,cuda-mala-sequential,1024,analyzed,valid,completed
6eccb3b6a5acbf98380d7c91,1,main,H1,11,cpu-nuts-spawn_chains,1024,analyzed,valid,completed
6ed6f9e1a0202947305dbf27,1,main,H2,15,cuda-mala-quasi_deer,1024,analyzed,valid,completed
6edfee80945d43239522c538,2,main,G2,21,cpu-rwm-online_picard,1024,analyzed,valid,completed
6ef867d63a1ec7f93f16426e,0,main,H2,5,cpu-mala-quasi_deer,1024,analyzed,valid,completed
6f16d53b511d397af74f115a,2,main,W1,22,cpu-mala-quasi_deer,1024,analyzed,valid,completed
6f2377f6eea7fc5d64a3c4be,0,main,G1,0,cpu-mala-sequential,4096,analyzed,valid,completed
6f23e4fa8667c2b2dd47a98f,1,main,H1,15,cpu-rwm-sequential,4096,analyzed,valid,completed
6f37ee139675d319fcbef6f7,0,main,W1,4,cuda-mala-sequential,4096,analyzed,valid,completed
6f7ad7dfb07bab5a731ca767,1,main,G2,13,cpu-rwm-online_picard,1024,analyzed,valid,completed
6f7b87b4140d78bd74b758e2,2,main,H2,22,cuda-rwm-online_picard,4096,analyzed,valid,completed
6f7dd722b1ef973ea2a3ec7f,0,main,M1,6,cuda-mala-quasi_deer,4096,analyzed,valid,completed
6fac3b0fba6555fb3b8aa5a4,0,main,H1,3,cuda-rwm-online_picard,4096,analyzed,valid,completed
6fadaf9865c4f2ea1e2ac424,2,main,G1,19,cpu-mala-quasi_deer,4096,analyzed,valid,completed
6fbfed82a4b04567e2d9c5f3,0,main,H1,2,cuda-mala-quasi_deer,1024,analyzed,valid,completed
6fc06f1ff6fd50f1a6be3cbb,1,main,G2,14,cuda-rwm-online_picard,4096,analyzed,valid,completed
6fd7e13c8fdae9551a88d600,1,main,A1,12,cpu-rwm-sequential,4096,analyzed,valid,completed
6fe2ba5e1bc794621c3a062b,0,main,H2,4,cuda-mala-quasi_deer,1024,analyzed,valid,completed
6fe845b403586a074693db51,1,main,M1,15,cpu-mala-quasi_deer,4096,analyzed,valid,completed
701af2589e9b39833e2d3a0c,2,main,H1,16,cuda-rwm-sequential,4096,analyzed,valid,completed
702a4299139da8c530e4b75b,1,main,G1,12,cpu-nuts-spawn_chains,1024,analyzed,valid,completed
703d9ed46d74f9c6a960ec15,0,main,L2,3,cpu-nuts-spawn_chains,1024,analyzed,valid,completed
70535d4b79f505c2fe14d4ef,0,main,W1,3,cuda-rwm-online_picard,1024,analyzed,valid,completed
7060f8c1c5378e364519c745,0,main,M1,2,cpu-nuts-spawn_chains,1024,analyzed,valid,completed
70b08d01b24b6b7c7da08907,0,main,M1,5,cpu-nuts-spawn_chains,4096,analyzed,output_failure_unclassified,unavailable
70ba7297d91cac15900ca53c,2,main,G2,23,cuda-rwm-sequential,4096,analyzed,valid,completed
70d46238823198de982c68a9,2,main,L2,20,cuda-rwm-sequential,1024,analyzed,valid,completed
70d8ab271ea6daf173f52aa4,2,main,A1,19,cpu-rwm-sequential,1024,analyzed,valid,completed
70deaed87a044f614b67dfd9,1,main,M1,9,cuda-mala-quasi_deer,1024,analyzed,valid,completed
70e18bb952e1285129297d78,2,main,L2,22,cuda-mala-sequential,4096,analyzed,valid,completed
70ea890719bd7ea6df4aff66,2,main,L2,19,cpu-rwm-online_picard,1024,analyzed,valid,completed
70ee9850c05a5bf2994935d0,0,main,L1,1,cpu-rwm-online_picard,4096,analyzed,valid,completed
70fb7315024d79325113bfee,2,cache,G2,23,cpu-rwm-online_picard,4096,analyzed,measurement_available,unavailable
7105803bddd3a9cb0ab5d5a7,1,main,L1,14,cpu-rwm-online_picard,1024,analyzed,valid,completed
710dd9963c70f0093729deee,0,main,A1,3,cuda-rwm-sequential,4096,analyzed,valid,completed
713274dda1987130042be6a6,2,main,G1,19,cpu-mala-sequential,1024,analyzed,valid,completed
7140a2329ec7cd232c73d8b9,1,main,W1,13,cpu-rwm-online_picard,1024,analyzed,valid,completed
7142045405483bb62c698837,2,main,G2,16,cuda-rwm-sequential,1024,analyzed,valid,completed
714d75dcf0a04bee200230a7,0,main,H2,5,cpu-rwm-sequential,4096,analyzed,valid,completed
7163d9dc0ce4f9fd56e8ef0e,0,main,H1,4,cpu-mala-sequential,4096,analyzed,valid,completed
71736dfe0fb3b24741f88991,2,main,L1,20,cpu-mala-quasi_deer,1024,analyzed,valid,completed
717a46d27b8f9f697aceb759,2,main,G2,21,cuda-mala-sequential,1024,analyzed,valid,completed
717e9429cbf12fae74da6654,2,main,A1,22,cuda-rwm-online_picard,4096,analyzed,valid,completed
7187a183dbcc65ee52ee3850,0,main,G1,3,cuda-mala-sequential,4096,analyzed,valid,completed
718961abc3fa28464bdd893b,2,main,H2,18,cpu-rwm-online_picard,4096,analyzed,valid,completed
719d0d1de694cf6b35cc621a,1,main,H1,15,cpu-mala-sequential,4096,analyzed,valid,completed
71a6717f7600f8b9bb557b6b,1,main,L2,10,cuda-mala-quasi_deer,4096,analyzed,valid,completed
71b168bcc66a0a1454c3c720,0,main,L2,3,cpu-nuts-spawn_chains,4096,analyzed,output_failure_unclassified,unavailable
71c8be0256108b18ef714701,1,main,M1,12,cuda-mala-sequential,1024,analyzed,valid,completed
71cf34f3ff772cbe83fc3c1b,2,main,L1,16,cpu-nuts-spawn_chains,4096,analyzed,output_failure_unclassified,unavailable
71ebdf3670141a5d9acfa9dc,0,main,L1,7,cpu-rwm-online_picard,4096,analyzed,valid,completed
72048b718136c001c8e41613,0,main,H1,1,cuda-rwm-online_picard,1024,analyzed,valid,completed
72083562a04734f684711b53,2,main,L1,19,cpu-rwm-sequential,4096,analyzed,valid,completed
721e1b1d402bf1cec3c80809,0,main,A1,5,cuda-rwm-sequential,4096,analyzed,valid,completed
722c7b52b63d1380348e2160,1,main,H2,13,cuda-mala-sequential,1024,analyzed,valid,completed
724a41a506e6681bfd1627f3,2,main,H2,21,cuda-mala-sequential,1024,analyzed,valid,completed
726e93349fdb5a82900393c7,1,cache,G2,8,cpu-rwm-sequential,4096,analyzed,measurement_available,unavailable
7270132a30adc3b182ad07e9,1,main,L1,9,cpu-mala-quasi_deer,4096,analyzed,valid,completed
72720e46e717a4c3ea1f84af,2,main,W1,19,cuda-mala-sequential,1024,analyzed,valid,completed
727419dd0299712f4baeef52,0,main,W1,3,cuda-rwm-sequential,1024,analyzed,valid,completed
727e7bec67572c0f269c79cf,2,main,W1,17,cuda-rwm-online_picard,1024,analyzed,valid,completed
727fa65a39260bb977f5961e,2,main,M1,18,cuda-mala-quasi_deer,1024,analyzed,valid,completed
7283a44f80a00d7b230b71ce,0,main,H1,4,cuda-mala-quasi_deer,1024,analyzed,numerical_failure,unavailable
72a9bd20e9059b0dd54e9d7b,1,main,H2,10,cuda-rwm-sequential,1024,analyzed,valid,completed
72ab45762a7f23bc7f099cee,1,main,G2,13,cpu-mala-sequential,4096,analyzed,valid,completed
72b0dc880a245a538554dd65,0,main,G2,6,cpu-mala-sequential,1024,analyzed,valid,completed
72b445e23c706f5f7aee7929,1,main,H1,12,cuda-mala-sequential,1024,analyzed,valid,completed
72b7f089198008c8dda94a4c,0,main,A1,7,cpu-mala-sequential,4096,analyzed,valid,completed
72d127170399811c6689c96c,0,main,W1,5,cpu-rwm-sequential,4096,analyzed,valid,completed
72dcaf8d2cd4ea868d5fd9d2,1,main,M1,12,cpu-rwm-sequential,1024,analyzed,valid,completed
72dd9ba66e7a718d1cd817a3,1,main,H2,10,cpu-rwm-online_picard,1024,analyzed,valid,completed
72ee25a185cb1d7e47a339f7,1,main,G1,10,cuda-mala-quasi_deer,1024,analyzed,valid,completed
72f41745ec0e6b1a3ca71462,0,cache,G1,0,cpu-rwm-sequential,1024,analyzed,measurement_available,unavailable
7313eb040449b61c3a98607a,2,main,G1,19,cuda-mala-sequential,4096,analyzed,valid,completed
7315244747dd33d0698372c8,2,main,H2,16,cpu-nuts-spawn_chains,1024,analyzed,valid,completed
732ff12a7fa766a9b37bd204,0,main,H2,4,cuda-rwm-sequential,4096,analyzed,valid,completed
734aec0c099263f58b853a8c,2,main,G1,19,cpu-rwm-sequential,4096,analyzed,valid,completed
735bdc3d6e6d4bc42c593331,1,main,L1,13,cpu-mala-sequential,4096,analyzed,valid,completed
735c598afdd7de09f5a80a73,0,main,L1,0,cpu-rwm-sequential,1024,analyzed,valid,completed
73616b17cc23eef878ea5dd1,2,main,H2,23,cpu-rwm-online_picard,4096,analyzed,valid,completed
7364f1586bc2d4e6d4a9b854,2,main,A1,18,cpu-rwm-sequential,4096,analyzed,valid,completed
73765fd0c61671c93c93381b,2,main,L1,23,cuda-mala-sequential,4096,analyzed,valid,completed
7378d1690def7c001ea2253f,0,main,L1,1,cpu-rwm-sequential,4096,analyzed,valid,completed
7382e3d002c0a339806635e9,0,main,W1,6,cuda-mala-sequential,4096,analyzed,valid,completed
7387e25c153c2a434974787a,1,main,L1,10,cuda-rwm-sequential,4096,analyzed,valid,completed
738ec3f2222a7059b5e52848,0,main,L2,4,cpu-rwm-sequential,1024,analyzed,valid,completed
738eecff41c61dfbf4f5caec,1,main,G2,14,cpu-mala-quasi_deer,1024,analyzed,valid,completed
738eeea3a0fba800cfd9a23d,1,main,H2,12,cpu-rwm-sequential,4096,analyzed,valid,completed
739b45e144255e8eb60e34a1,0,main,W1,1,cuda-rwm-sequential,1024,analyzed,valid,completed
73c3835fbb8ea021f1df7946,2,main,L2,16,cuda-rwm-online_picard,1024,analyzed,valid,completed
73c7afb336f795daa25554f9,0,main,L2,7,cuda-rwm-sequential,4096,analyzed,valid,completed
73e6358b8cee34418796139f,0,main,W1,4,cuda-rwm-online_picard,4096,analyzed,valid,completed
73ecba03018eee4c29706d1f,1,main,G1,8,cuda-rwm-sequential,1024,analyzed,valid,completed
73ed04a446964cb554009f0c,0,main,L2,2,cuda-rwm-online_picard,4096,analyzed,valid,completed
73f99b8dff2cd8b6079641fe,0,main,A1,2,cuda-mala-sequential,4096,analyzed,valid,completed
7407f360a604062961d4cd91,2,main,A1,21,cuda-mala-sequential,1024,analyzed,valid,completed
74094f1136aa119862a2386a,1,cache,G2,8,cpu-rwm-online_picard,4096,analyzed,measurement_available,unavailable
7421766f691862292d324c55,0,main,M1,7,cuda-rwm-sequential,4096,analyzed,valid,completed
743054284ae89168bc555c01,2,main,M1,16,cpu-rwm-sequential,4096,analyzed,valid,completed
74397ede880250efc4988135,1,main,A1,8,cpu-mala-quasi_deer,1024,analyzed,valid,completed
7445c7c8ced7bbd1bd6780d3,2,main,G1,23,cuda-rwm-sequential,4096,analyzed,valid,completed
7445f88e7e14b105b170ea93,2,main,G2,19,cpu-mala-quasi_deer,1024,analyzed,valid,completed
744e6deb680e391e80703bb7,2,main,W1,22,cpu-rwm-sequential,4096,analyzed,valid,completed
7452ab1a2b636a43988a2ae2,2,main,W1,23,cuda-rwm-sequential,4096,analyzed,valid,completed
74551536b0cb7eb43e3d5f9f,2,main,G2,18,cuda-rwm-online_picard,4096,analyzed,valid,completed
746342923beb86ada0d57270,2,main,M1,20,cpu-rwm-online_picard,4096,analyzed,valid,completed
7485df53188830fe3ddeb7db,2,main,G2,18,cpu-rwm-online_picard,4096,analyzed,valid,completed
749d448e6a31cf676be239f5,1,main,H2,8,cpu-rwm-sequential,4096,analyzed,valid,completed
74a34fbe4316232068570cb0,1,main,L1,9,cuda-rwm-sequential,1024,analyzed,valid,completed
74b0900615c8050abf4f210a,2,main,L2,19,cpu-nuts-spawn_chains,4096,analyzed,valid,completed
74b18fc5e612fb3c66cab290,0,main,M1,7,cuda-rwm-online_picard,4096,analyzed,valid,completed
74bd7c5b2b8b49630232199e,2,main,A1,19,cpu-rwm-online_picard,1024,analyzed,valid,completed
74d04223fd253635543817ad,1,main,A1,15,cpu-mala-sequential,1024,analyzed,valid,completed
74ee423dfbb2d66c97526248,0,main,G1,2,cpu-mala-quasi_deer,4096,analyzed,valid,completed
74eefc5cfc307e89d28d1a40,2,main,A1,16,cuda-mala-sequential,1024,analyzed,valid,completed
74f22c34bf2617516d287b52,0,main,W1,3,cpu-nuts-spawn_chains,1024,analyzed,valid,completed
74fa16acfa80e50e106259d3,0,main,H2,0,cpu-nuts-spawn_chains,1024,analyzed,valid,completed
74fa9802fcc80ee6e312064c,2,main,G1,20,cpu-nuts-spawn_chains,1024,analyzed,valid,completed
750ad945d5f719524bf39a3d,0,main,L1,0,cpu-mala-quasi_deer,1024,analyzed,valid,completed
752ef45de5dfa62268666447,0,main,G1,7,cuda-mala-sequential,1024,analyzed,valid,completed
7531fcaf0374c8c7e9226515,1,main,L2,12,cpu-mala-sequential,4096,analyzed,valid,completed
753898827f55c7596426c5cb,2,main,W1,20,cuda-mala-quasi_deer,1024,analyzed,valid,completed
754305255d89989312eb97de,2,main,W1,23,cuda-rwm-online_picard,4096,analyzed,valid,completed
754766e62df35634b7ba125e,2,cache,W1,23,cuda-mala-quasi_deer,4096,analyzed,measurement_available,unavailable
7555a5a9b03498103683293a,1,main,G1,13,cuda-rwm-online_picard,1024,analyzed,valid,completed
75566eee6966e0bee7362250,1,main,H1,8,cpu-rwm-online_picard,1024,analyzed,valid,completed
7567359bc1d59d90c5e0f067,1,main,W1,14,cpu-mala-sequential,1024,analyzed,valid,completed
75678d8103170e7156abd96f,2,main,L1,23,cpu-mala-sequential,4096,analyzed,valid,completed
757f2eb2dbcab3789d932f8c,1,main,L1,15,cpu-mala-sequential,4096,analyzed,valid,completed
75bb5e4aa59cf9de7576ce4a,0,main,L1,4,cpu-rwm-sequential,4096,analyzed,valid,completed
75c00887d81234a88072bd56,2,main,A1,17,cuda-rwm-online_picard,1024,analyzed,valid,completed
75e927467e9d2d993f5d41b2,1,main,G1,12,cpu-mala-quasi_deer,1024,analyzed,valid,completed
75ea2a84be5fce78a805b386,2,main,L2,18,cpu-mala-sequential,1024,analyzed,valid,completed
75ecfa76b9318158097a4100,0,main,G2,4,cpu-rwm-online_picard,4096,analyzed,valid,completed
76002ce1fdedfa573d6ac4f8,1,main,L2,14,cuda-rwm-sequential,1024,analyzed,valid,completed
760a74a0e01283efbc4e069a,0,main,H2,1,cuda-mala-quasi_deer,1024,analyzed,valid,completed
761bb055cac896596d472965,0,main,L2,4,cpu-rwm-online_picard,4096,analyzed,valid,completed
76231154067c8e1c3b272037,2,main,L2,17,cuda-rwm-sequential,4096,analyzed,valid,completed
76286af80ae8ff25b523e831,1,cache,G1,8,cuda-mala-sequential,1024,analyzed,measurement_available,unavailable
7641da98866c8a26bce10a7e,2,main,G1,21,cuda-rwm-sequential,1024,analyzed,valid,completed
7658103957a2fca18c72bd63,1,cache,W1,8,cpu-mala-sequential,1024,analyzed,measurement_available,unavailable
76595151babe0f473c317f24,2,main,H2,19,cuda-rwm-sequential,1024,analyzed,valid,completed
76734f08430c6f4343332cb4,0,main,H1,7,cpu-mala-sequential,1024,analyzed,valid,completed
767e7cc12a99c7f480ab82ca,1,main,H2,11,cuda-mala-quasi_deer,1024,analyzed,valid,completed
768e3a548e21358fd9b6e9a2,0,main,M1,1,cuda-rwm-sequential,1024,analyzed,valid,completed
76a6c08db4c3f5f88c2d4c75,1,main,L2,8,cpu-nuts-spawn_chains,1024,analyzed,valid,completed
76be00fa2f64f84ab5325ae9,0,main,M1,7,cuda-mala-quasi_deer,4096,analyzed,valid,completed
76bec31c722cbeab34c429f7,0,main,G1,1,cpu-rwm-sequential,4096,analyzed,valid,completed
76e0d89d9b35eb97cf07f568,1,main,A1,13,cuda-rwm-online_picard,1024,analyzed,valid,completed
77036f341bc73e15c9151543,2,main,A1,17,cpu-rwm-online_picard,4096,analyzed,valid,completed
770c059f595de085161bf385,2,main,H2,19,cpu-nuts-spawn_chains,4096,analyzed,valid,completed
770f778dddb097d1341a7024,2,main,L1,23,cpu-mala-sequential,1024,analyzed,valid,completed
771eeb570759cb5ddab72a19,0,main,G2,7,cpu-mala-sequential,1024,analyzed,valid,completed
7722cc27d6cae7d0d953666b,2,main,M1,17,cuda-rwm-online_picard,4096,analyzed,valid,completed
773306950d4be7f482acb195,1,main,A1,10,cuda-rwm-online_picard,1024,analyzed,valid,completed
77350bd90e7df7d437aabc67,1,main,H2,8,cuda-mala-quasi_deer,1024,analyzed,valid,completed
7739db6216038b4b7e0b7e9f,0,main,W1,1,cpu-rwm-online_picard,1024,analyzed,valid,completed
7744a7ad045992cfc0ea14ba,0,main,A1,4,cpu-rwm-online_picard,1024,analyzed,valid,completed
775ceb072b9b6365433f1d65,0,cache,G2,0,cuda-rwm-sequential,4096,analyzed,measurement_available,unavailable
776c1067d922619a9ca71f78,1,main,L1,15,cpu-mala-quasi_deer,1024,analyzed,valid,completed
77864f02df3fa232cd391afa,0,main,G2,2,cuda-mala-sequential,4096,analyzed,valid,completed
779299ae0b5b8c5aec9c4552,2,main,L2,16,cpu-rwm-online_picard,1024,analyzed,valid,completed
779f58e92816b6745181c9e1,1,main,W1,10,cpu-rwm-sequential,4096,analyzed,valid,completed
77bedf0ff142189dce1767e3,2,main,H1,20,cpu-rwm-online_picard,4096,analyzed,valid,completed
77ccf79bf395cb91e179b034,1,main,H2,8,cuda-rwm-online_picard,1024,analyzed,valid,completed
77fafaee1ef9e3e3b0b9b43f,0,main,L1,6,cuda-rwm-online_picard,1024,analyzed,valid,completed
77fe056742e0e4922b77d1db,1,main,L1,12,cuda-rwm-online_picard,1024,analyzed,valid,completed
77fedfb932e011de51062d33,0,main,G2,2,cpu-rwm-online_picard,1024,analyzed,valid,completed
780b6bfba00cab946ea573b6,0,main,A1,1,cpu-rwm-sequential,1024,analyzed,valid,completed
781ace0a05a35177c346e355,2,main,L2,17,cuda-rwm-sequential,1024,analyzed,valid,completed
78203a7e8abdb246c393a511,2,main,W1,19,cuda-rwm-online_picard,1024,analyzed,valid,completed
7827fda25cef4e3d0df3cdf5,1,main,L2,12,cuda-rwm-online_picard,1024,analyzed,valid,completed
782f3ce0ecb9d79ae70f85cf,1,main,H2,9,cuda-mala-sequential,4096,analyzed,valid,completed
783333be494c8d049398b400,2,main,L2,16,cuda-rwm-online_picard,4096,analyzed,valid,completed
784def8a4d09ff2f904e8b73,1,main,L1,15,cpu-rwm-online_picard,4096,analyzed,valid,completed
786dc342b7a56d146e1b3812,0,main,H1,3,cuda-mala-quasi_deer,4096,analyzed,numerical_failure,unavailable
787e48f248295b385c700267,0,main,H2,7,cpu-nuts-spawn_chains,4096,analyzed,output_failure_unclassified,unavailable
7882e93c45a80e83a395959c,0,main,H2,0,cuda-mala-quasi_deer,1024,analyzed,valid,completed
788d1c0aa7fafb613a3b6898,2,main,L1,21,cuda-rwm-sequential,4096,analyzed,valid,completed
788f9defb5cbeade4eae4c30,0,main,W1,7,cpu-rwm-sequential,1024,analyzed,valid,completed
789130cb67cb7716b5764448,0,main,W1,6,cpu-rwm-online_picard,4096,analyzed,valid,completed
78aaf224cf6eafb2d4393a25,1,main,H2,14,cpu-rwm-online_picard,4096,analyzed,valid,completed
78ad460c7abb825efb6360f0,0,main,M1,2,cpu-mala-quasi_deer,4096,analyzed,valid,completed
79037ed081ab81e481efe0a1,2,main,H2,17,cuda-mala-sequential,4096,analyzed,valid,completed
790458c042f476939f7c3491,2,main,L1,19,cuda-rwm-online_picard,1024,analyzed,valid,completed
7911968b214897b438eeb0e4,0,main,A1,6,cuda-mala-quasi_deer,1024,analyzed,valid,completed
7915036d0e308c7914a48199,0,main,H1,3,cuda-mala-sequential,1024,analyzed,valid,completed
791cb5ccb5eda7b411ce5c36,0,main,G1,3,cuda-mala-quasi_deer,4096,analyzed,valid,completed
7921644a2e91d377320a3e66,2,main,H1,19,cpu-nuts-spawn_chains,1024,analyzed,valid,completed
7934e0cb84f416b038a9e51f,2,main,G2,23,cpu-rwm-sequential,4096,analyzed,valid,completed
793d264d11e2dcff167c28e2,2,main,G1,18,cuda-mala-sequential,4096,analyzed,valid,completed
797ced2cd20b7d5e936b64e6,0,main,M1,7,cuda-rwm-sequential,1024,analyzed,valid,completed
79c4e07c25f0f29f1db0e876,1,main,M1,9,cpu-rwm-online_picard,1024,analyzed,valid,completed
79c90e846abc54757bd57d42,0,main,G1,6,cpu-rwm-sequential,1024,analyzed,valid,completed
79d4310b84f6794ba229970f,1,main,H1,15,cpu-rwm-online_picard,1024,analyzed,valid,completed
79de39267bbd4f27b4d63350,2,cache,G2,23,cuda-rwm-online_picard,4096,analyzed,measurement_available,unavailable
79dee28de93b8b7f34f7e5cb,0,main,H2,6,cuda-rwm-sequential,4096,analyzed,valid,completed
79f6de10a33602fc12a675f7,2,main,G1,18,cuda-rwm-online_picard,1024,analyzed,valid,completed
79fce4526f00f82cc49398ab,0,main,L2,2,cpu-rwm-sequential,1024,analyzed,valid,completed
79fefeaca931f2ee1e803924,2,main,L2,22,cpu-mala-sequential,4096,analyzed,valid,completed
7a01795b066a7f8aaf3c2c79,2,main,L2,20,cuda-mala-quasi_deer,1024,analyzed,valid,completed
7a08e73265b56ff57005bb9b,0,main,L2,4,cpu-rwm-online_picard,1024,analyzed,valid,completed
7a116e823f104e31565bfa82,0,main,H1,4,cuda-mala-sequential,1024,analyzed,valid,completed
7a18fdf68d3c4ca90b371316,1,main,M1,10,cpu-rwm-sequential,4096,analyzed,valid,completed
7a34295d3d2243eeddb957a1,1,cache,G1,8,cpu-rwm-sequential,1024,analyzed,measurement_available,unavailable
7a3f7577b50e430ffdf64178,1,main,H2,14,cpu-rwm-online_picard,1024,analyzed,valid,completed
7a5c160b42a5e1184737416d,1,main,H2,10,cuda-rwm-sequential,4096,analyzed,valid,completed
7a773254f136a5c72b2a782f,1,main,G2,13,cuda-rwm-online_picard,4096,analyzed,valid,completed
7a7dda01aeec46303a8c09fd,1,main,L1,15,cuda-rwm-online_picard,1024,analyzed,valid,completed
7a80a4f6565a58c07a9efdf1,0,main,H1,7,cuda-mala-quasi_deer,4096,analyzed,valid,completed
7a88d076b66017532b8461a2,1,main,G1,13,cuda-mala-sequential,4096,analyzed,valid,completed
7a8c043a0348ebb7830ffee7,2,main,L2,22,cuda-mala-sequential,1024,analyzed,valid,completed
7a90b3e9af776a3a9a6db14e,1,main,L2,13,cpu-nuts-spawn_chains,4096,analyzed,output_failure_unclassified,unavailable
7a967a79f29a667b231e8457,2,main,W1,18,cpu-rwm-online_picard,1024,analyzed,valid,completed
7aa2ee96c6b2b2b3a42fc75c,2,main,L2,20,cpu-nuts-spawn_chains,1024,analyzed,valid,completed
7aab13175fe00247b98fa40c,0,main,M1,6,cpu-rwm-online_picard,4096,analyzed,valid,completed
7ab5528576d5fd34c0c199c3,0,main,L1,3,cpu-mala-sequential,4096,analyzed,valid,completed
7ac37a34c8f75d79d337ecd1,1,main,A1,14,cpu-rwm-sequential,1024,analyzed,valid,completed
7ad6d6d260e84d235243cb58,0,main,L2,5,cpu-mala-sequential,4096,analyzed,valid,completed
7ad95ffd4fc2df86ac1e1a63,0,main,A1,4,cpu-mala-sequential,4096,analyzed,valid,completed
7ae312e3e43a8d8dad989b45,2,main,L2,17,cpu-nuts-spawn_chains,1024,analyzed,valid,completed
7ae9d57c098c75704107624d,0,main,A1,7,cuda-mala-sequential,4096,analyzed,valid,completed
7aebb8de3933f9ae868167c5,0,main,G1,2,cuda-rwm-online_picard,4096,analyzed,valid,completed
7af0af4af5566aa9a8509cc7,0,main,A1,1,cuda-rwm-online_picard,4096,analyzed,valid,completed
7afbe6913ff98af71d6fefce,0,main,W1,3,cpu-nuts-spawn_chains,4096,analyzed,valid,completed
7b05ebbc1ceac05dd8847756,0,main,G1,6,cuda-rwm-online_picard,1024,analyzed,valid,completed
7b1923b4c7171f7d1784fe5f,0,main,G2,7,cuda-rwm-online_picard,1024,analyzed,valid,completed
7b23de90dd7b67ffa3c6af09,0,main,L2,0,cpu-mala-sequential,4096,analyzed,valid,completed
7b2af56400bdf7247ce33439,1,main,H2,12,cpu-mala-sequential,4096,analyzed,valid,completed
7b3ce96d30cf48ebd7d9d4e3,2,main,H2,23,cuda-rwm-online_picard,4096,analyzed,valid,completed
7b41c9f47513c92aa1c1c5ad,2,main,A1,23,cpu-mala-sequential,1024,analyzed,valid,completed
7b5eeca9fbd16d74a0041d1f,1,main,M1,15,cpu-mala-quasi_deer,1024,analyzed,valid,completed
7b604727578b94e129e0e0a0,1,main,A1,13,cuda-rwm-sequential,4096,analyzed,valid,completed
7b6af50c9b50efdb38a32a66,2,cache,L2,16,cpu-mala-quasi_deer,1024,analyzed,measurement_available,unavailable
7b82cea988ef47cb68e74c9e,0,main,H2,3,cpu-mala-quasi_deer,1024,analyzed,valid,completed
7b8595443efd874f0191b76c,1,main,L1,8,cuda-rwm-online_picard,4096,analyzed,valid,completed
7b89417ca071781ba42aac22,0,main,L2,0,cuda-rwm-online_picard,4096,analyzed,valid,completed
7b8cf17ac61de91051cd1b0c,1,main,G2,13,cpu-rwm-online_picard,4096,analyzed,valid,completed
7b9afa54bd97317046e8649b,1,main,H1,10,cuda-rwm-sequential,4096,analyzed,valid,completed
7b9e1ea7e08b9a6d52a8e3df,2,main,G1,16,cuda-mala-quasi_deer,1024,analyzed,valid,completed
7ba708f5cbcd87431327611a,0,main,L2,5,cpu-mala-quasi_deer,4096,analyzed,valid,completed
7baa78670eab54b3191ebd50,0,main,A1,5,cpu-rwm-sequential,4096,analyzed,valid,completed
7bcbdc2b404a6bcb0da8c002,2,main,G2,17,cpu-rwm-online_picard,1024,analyzed,valid,completed
7bd247f929c59b32383ebc32,1,main,L1,11,cpu-rwm-sequential,1024,analyzed,valid,completed
7bf9b8e570721201406d9352,1,main,G1,11,cpu-mala-sequential,4096,analyzed,valid,completed
7c0b011ed62000051e803542,1,main,H1,13,cuda-mala-quasi_deer,4096,analyzed,valid,completed
7c0c7a5ca9cf8661e0bbe3d2,1,main,W1,10,cpu-nuts-spawn_chains,1024,analyzed,valid,completed
7c1b90ea24fe191359ec5752,2,cache,G1,23,cuda-rwm-sequential,4096,analyzed,measurement_available,unavailable
7c1ffa636531222ce3f98b33,1,main,M1,9,cpu-nuts-spawn_chains,4096,analyzed,output_failure_unclassified,unavailable
7c2332fee434c609a4cb1e26,2,main,L1,18,cuda-mala-quasi_deer,1024,analyzed,valid,completed
7c2533ba6065a37f16ee2619,0,main,A1,0,cpu-mala-sequential,1024,analyzed,valid,completed
7c334339c07ef4b01e40d847,2,main,H2,22,cpu-mala-quasi_deer,4096,analyzed,valid,completed
7c43c46d131dd511a6420eb1,2,main,A1,22,cpu-rwm-online_picard,4096,analyzed,valid,completed
7c4ff16ef4a10ec8574e262f,0,main,A1,1,cpu-rwm-online_picard,4096,analyzed,valid,completed
7c674b8e7b81dfc9d5295c5c,2,main,G1,23,cpu-rwm-online_picard,4096,analyzed,valid,completed
7c6e174a3b4daeef0f1bf3c4,0,main,H1,7,cuda-rwm-online_picard,4096,analyzed,valid,completed
7c6eef7c6136986ebf93fc18,0,main,L2,6,cpu-mala-sequential,1024,analyzed,valid,completed
7c87f3f6e06d7eb836a9da06,0,main,W1,5,cpu-mala-quasi_deer,1024,analyzed,valid,completed
7c9d6d97fd83428a0aa9c443,1,main,L1,8,cuda-rwm-sequential,4096,analyzed,valid,completed
7ca0610eab94a7c166f0562c,2,cache,G2,16,cuda-mala-quasi_deer,4096,analyzed,measurement_available,unavailable
7ca5a30c3772992652a26c4b,0,main,M1,3,cpu-mala-quasi_deer,4096,analyzed,valid,completed
7cc4014849d722aa561af9eb,0,main,H2,1,cuda-rwm-sequential,4096,analyzed,valid,completed
7cd7a7740b850541e93443d4,2,cache,G1,16,cuda-mala-sequential,1024,analyzed,measurement_available,unavailable
7cde32bca7fc1d8e16cdf2cd,0,main,G2,3,cuda-mala-sequential,4096,analyzed,valid,completed
7ce3db5f085541f88b884c86,1,main,G2,10,cpu-nuts-spawn_chains,1024,analyzed,valid,completed
7cf8aa22794d75c94c7ffbc0,1,main,H1,14,cpu-rwm-online_picard,4096,analyzed,valid,completed
7d01f9b1ee3b4e5a8cb48d19,2,main,H2,16,cpu-rwm-online_picard,1024,analyzed,valid,completed
7d0245a03920642ac349e1c3,2,main,A1,20,cpu-rwm-sequential,4096,analyzed,valid,completed
7d1aa47ee9e6cffd3843cddf,2,main,G2,22,cuda-mala-quasi_deer,1024,analyzed,valid,completed
7d21bffa7644fac9994f39f5,0,main,M1,6,cuda-rwm-online_picard,1024,analyzed,valid,completed
7d2cb4f4b30f0fe88b8e73d5,1,main,M1,9,cpu-rwm-online_picard,4096,analyzed,valid,completed
7d3163f286c42ef9be286a1b,1,main,G2,15,cpu-rwm-online_picard,1024,analyzed,valid,completed
7d3efe83464ab6cac67eab07,0,main,G1,5,cuda-mala-quasi_deer,1024,analyzed,valid,completed
7d509ada9e94758ed87242ef,1,main,G1,10,cuda-rwm-sequential,1024,analyzed,valid,completed
7d5bf5d1e2bc0ad662263296,0,main,A1,3,cuda-mala-sequential,4096,analyzed,valid,completed
7d778873d57609a5b1570fab,2,main,L2,23,cuda-mala-quasi_deer,4096,analyzed,valid,completed
7d79e9f872e167684ddc657f,0,main,L1,1,cpu-nuts-spawn_chains,4096,analyzed,output_failure_unclassified,unavailable
7d7ad1c3dff7b7f9f4fd1b8f,2,main,G2,23,cuda-mala-quasi_deer,4096,analyzed,valid,completed
7d7e8d81e7e9bdd338388909,1,main,H1,14,cpu-nuts-spawn_chains,1024,analyzed,valid,completed
7d85caea576061f98fe865fc,2,main,L1,17,cpu-mala-sequential,4096,analyzed,valid,completed
7da2a048468c0c55f28abc19,1,main,G1,13,cuda-rwm-online_picard,4096,analyzed,valid,completed
7dad1683234310caf8027f94,0,cache,W1,0,cuda-rwm-sequential,1024,analyzed,measurement_available,unavailable
7dbb0e72b9164100b4d36a7d,2,cache,G1,16,cuda-rwm-sequential,1024,analyzed,measurement_available,unavailable
7dc02892efbdff015d4e6afd,2,main,H2,21,cpu-mala-quasi_deer,1024,analyzed,valid,completed
7dc12bb1899a832362206c8f,2,main,G2,16,cuda-rwm-sequential,4096,analyzed,valid,completed
7e0223102dcc255bf1e03638,0,cache,W1,0,cpu-mala-sequential,4096,analyzed,measurement_available,unavailable
7e0248de1d453e3dc5878538,1,main,G1,8,cuda-mala-quasi_deer,1024,analyzed,valid,completed
7e2ddd219e8913b0e5ff6114,1,main,G1,12,cpu-mala-quasi_deer,4096,analyzed,valid,completed
7e316b30e65340a47a2f7ca6,0,main,M1,3,cuda-rwm-sequential,1024,analyzed,valid,completed
7e4017d4a854057b0bbdbac4,2,main,G1,17,cuda-rwm-online_picard,4096,analyzed,valid,completed
7e5141a1759fa29b13af01fe,2,main,G1,16,cuda-rwm-online_picard,4096,analyzed,valid,completed
7e53db4e38777b93cf809263,1,main,G2,13,cpu-rwm-sequential,4096,analyzed,valid,completed
7e5a0f06c53dfa587a3df7ee,0,main,L2,4,cuda-mala-quasi_deer,1024,analyzed,valid,completed
7e609db353f781175ca892a8,2,main,H2,17,cuda-rwm-sequential,4096,analyzed,valid,completed
7e6199c930f4630c1e58dc77,0,main,M1,4,cuda-rwm-sequential,1024,analyzed,valid,completed
7e73543ffec3a6cd36f64d4f,0,main,G1,5,cpu-mala-sequential,4096,analyzed,valid,completed
7ea1caebc9600b2d826c5242,0,main,M1,0,cuda-mala-quasi_deer,4096,analyzed,valid,completed
7ea959312b2545b20fec9040,1,cache,W1,8,cuda-mala-quasi_deer,1024,analyzed,measurement_available,unavailable
7eb73c9056e3563530bf7e37,1,main,W1,11,cpu-rwm-sequential,4096,analyzed,valid,completed
7ecf8c41e9129e529cce49e5,1,main,M1,13,cuda-rwm-sequential,4096,analyzed,valid,completed
7ecfa67b53fad2c42f47c045,1,main,L2,15,cpu-rwm-sequential,1024,analyzed,valid,completed
7edd38899a5c3135671b49e5,1,main,H1,12,cuda-mala-quasi_deer,1024,analyzed,valid,completed
7ee90af691cef618c4fc4ed6,1,main,W1,11,cuda-rwm-sequential,4096,analyzed,valid,completed
7ef101a20089d80ab1635eaf,0,main,G2,4,cuda-rwm-sequential,4096,analyzed,valid,completed
7f0093ca62fe76fa952ce827,2,main,G2,17,cpu-nuts-spawn_chains,4096,analyzed,valid,completed
7f02cca6f2b923e0ac1737ae,2,main,G2,17,cpu-rwm-sequential,1024,analyzed,valid,completed
7f02efa2a30e8717cc2fdd5a,1,main,G1,11,cuda-mala-sequential,1024,analyzed,valid,completed
7f13621664e72354d3e1db2b,0,main,L2,4,cpu-mala-sequential,1024,analyzed,valid,completed
7f1b94c50d8ca00d75926375,0,main,L2,3,cuda-rwm-online_picard,4096,analyzed,valid,completed
7f21186564caabbcedf6843a,0,main,M1,0,cpu-mala-sequential,4096,analyzed,valid,completed
7f2cf1c79b31640bb12d17fd,2,cache,G1,23,cpu-mala-quasi_deer,4096,analyzed,measurement_available,unavailable
7f2ffcba2d735be662ea4458,2,main,M1,21,cuda-mala-sequential,1024,analyzed,valid,completed
7f5e6f57adb06130237b1d0f,0,main,H2,7,cuda-rwm-sequential,1024,analyzed,valid,completed
7f7a9930ab79ea5df1dacc0f,2,main,H1,20,cuda-mala-quasi_deer,4096,analyzed,valid,completed
7f7ea7485c1f5ba89600585e,0,main,L2,1,cpu-nuts-spawn_chains,1024,analyzed,valid,completed
7f916a106f690cc689c74345,0,main,G2,7,cpu-rwm-sequential,1024,analyzed,valid,completed
7f971f800d9ffe1366f8aeb2,0,main,H1,5,cuda-mala-quasi_deer,4096,analyzed,valid,completed
7f9c9ce15d2d3a06a083d0d7,1,main,M1,8,cpu-rwm-sequential,4096,analyzed,valid,completed
7fa18598169560bde6e28be8,1,main,L1,10,cuda-mala-quasi_deer,4096,analyzed,valid,completed
7fa7092d13a6142f12402e8b,0,main,W1,6,cpu-mala-quasi_deer,4096,analyzed,valid,completed
7fb59ae641c8805b970c2de4,2,main,H1,22,cpu-rwm-online_picard,4096,analyzed,valid,completed
7fcbcca8a4becd14e722530d,1,main,L1,9,cuda-rwm-sequential,4096,analyzed,valid,completed
7fd96956b8abe51bf925809c,2,main,L1,23,cuda-rwm-sequential,4096,analyzed,valid,completed
7fdb5b6ebedd113434958e7f,1,main,L2,12,cpu-mala-quasi_deer,4096,analyzed,valid,completed
7fdd5b39bffd0924de67138f,0,main,A1,6,cuda-rwm-sequential,1024,analyzed,valid,completed
7fddf83147efc191e934cd71,1,cache,W1,8,cuda-mala-sequential,1024,analyzed,measurement_available,unavailable
7feb3d3ee104d2b585c176d6,0,cache,L2,0,cpu-mala-sequential,4096,analyzed,measurement_available,unavailable
7ffe80f13e85e3bdfdff4e2a,0,main,L1,4,cuda-mala-sequential,4096,analyzed,valid,completed
8014bad3ec33ae70fbbfe59f,1,main,G1,14,cuda-rwm-online_picard,4096,analyzed,valid,completed
8016711f0504f9675c55531c,2,main,M1,23,cuda-rwm-online_picard,4096,analyzed,valid,completed
80370ca61a90529f09d942cb,1,main,L1,8,cuda-rwm-sequential,1024,analyzed,valid,completed
80398a41683ee7e24d75b4ba,0,main,L2,4,cuda-mala-sequential,1024,analyzed,valid,completed
806cc6a1b86eaa122e4b9f7f,2,main,W1,16,cpu-rwm-online_picard,4096,analyzed,valid,completed
80cae7e258cecea24a965a82,1,main,H2,15,cpu-nuts-spawn_chains,1024,analyzed,valid,completed
80d6507e8fb994548f70091c,1,main,L1,9,cuda-mala-sequential,1024,analyzed,valid,completed
80e2572e41ff0d8e6c8ff86c,1,main,W1,9,cpu-mala-sequential,4096,analyzed,valid,completed
80ef3ccd87a18fa3b584ed48,2,main,G2,22,cuda-mala-sequential,1024,analyzed,valid,completed
8122e046d0a1a46caf489b7c,1,main,L2,14,cuda-mala-sequential,4096,analyzed,valid,completed
812602cf78b2ba57da81e39f,1,main,G1,9,cpu-rwm-sequential,4096,analyzed,valid,completed
81277dfef9b5bf6b99be7375,1,main,A1,10,cpu-nuts-spawn_chains,1024,analyzed,valid,completed
812f54003d6442efe4019486,2,main,A1,16,cuda-rwm-online_picard,4096,analyzed,valid,completed
81501d9257f3037f25a589a6,2,main,G1,22,cpu-mala-sequential,4096,analyzed,valid,completed
815f6a9f5464745064c27ea2,2,main,H2,18,cuda-rwm-online_picard,1024,analyzed,valid,completed
81611926a7c8d95592ae1a8a,0,main,G2,1,cuda-mala-sequential,1024,analyzed,valid,completed
81624a23a54b3a9319eab9d8,2,main,G2,20,cpu-rwm-online_picard,4096,analyzed,valid,completed
816437b68df507df1ea001a4,1,main,H1,8,cuda-mala-quasi_deer,4096,analyzed,valid,completed
817a0b8f117ee227c7f76483,0,main,M1,2,cuda-mala-sequential,1024,analyzed,valid,completed
817f6bfc473ed1f17ab94141,1,main,A1,8,cuda-mala-sequential,1024,analyzed,valid,completed
81911106af6293e8062c8e7e,1,main,H1,9,cpu-nuts-spawn_chains,1024,analyzed,valid,completed
81949c80d34eb37d812fd81f,1,main,G1,10,cpu-mala-sequential,1024,analyzed,valid,completed
81ace628ede1474eeb16e8c2,2,main,G2,17,cuda-rwm-online_picard,1024,analyzed,valid,completed
81c704b7668b261eac4b9281,2,main,G1,17,cuda-mala-sequential,1024,analyzed,valid,completed
81c718effac08aba2e48c7e9,2,main,H2,23,cpu-rwm-sequential,4096,analyzed,valid,completed
81e57e5bc5a60f876b0c6e18,2,main,L2,21,cuda-mala-sequential,1024,analyzed,valid,completed
820fbe14d76b52bd7c1ca3b9,2,main,G2,16,cpu-mala-quasi_deer,4096,analyzed,valid,completed
821793266954d84a73f41e63,0,main,L2,4,cuda-mala-quasi_deer,4096,analyzed,valid,completed
821a87904d9c31a8f99c3a5c,1,main,M1,8,cuda-rwm-online_picard,4096,analyzed,valid,completed
824bb19b6271630c9282bdf2,1,main,H1,8,cuda-rwm-sequential,4096,analyzed,valid,completed
825d740476e9af569b6a0900,1,main,M1,12,cuda-rwm-online_picard,4096,analyzed,valid,completed
8292a12846d8e655e8f7535d,2,main,M1,22,cuda-rwm-online_picard,1024,analyzed,valid,completed
82956c8423a44d061b78d19b,2,main,L1,19,cpu-mala-sequential,4096,analyzed,valid,completed
829baa83cac0fb706a5fec53,1,main,L2,15,cpu-mala-sequential,1024,analyzed,valid,completed
82a3a2eaa9501c8320181932,0,main,M1,5,cpu-rwm-online_picard,1024,analyzed,valid,completed
82ad5c8be1e871c7ede76859,2,main,A1,20,cuda-mala-sequential,4096,analyzed,valid,completed
82bb9470fdb89c7bbbf50f17,0,main,H2,1,cpu-mala-quasi_deer,4096,analyzed,valid,completed
82c8640bc8e9ffe562501a53,1,cache,G2,8,cpu-mala-sequential,4096,analyzed,measurement_available,unavailable
82d4f83bd5a8dd355474c2c3,1,main,A1,10,cpu-rwm-sequential,4096,analyzed,valid,completed
82e75362a6bc3208577c6dbe,1,main,G1,11,cuda-mala-quasi_deer,4096,analyzed,valid,completed
82efabede30b2389576a7a72,1,main,H1,8,cpu-rwm-sequential,1024,analyzed,valid,completed
82f5bcbbe0ec5e8d0518e9bb,2,main,A1,22,cpu-rwm-sequential,4096,analyzed,valid,completed
8304a88f6edb55480dc0c8a7,1,main,L2,15,cuda-mala-sequential,4096,analyzed,valid,completed
8349122ff64696238df0cdf0,0,main,L2,4,cpu-mala-quasi_deer,1024,analyzed,valid,completed
835dda8f3b723e5e0ecf796d,2,main,M1,20,cuda-rwm-online_picard,4096,analyzed,valid,completed
8362fa842d2518702c50d046,0,main,A1,5,cuda-rwm-online_picard,4096,analyzed,valid,completed
8395a836a57c5914f9096c44,1,main,G1,9,cuda-mala-quasi_deer,1024,analyzed,valid,completed
839c3ca9a94d68498b7b24cd,1,main,H1,10,cpu-mala-sequential,1024,analyzed,valid,completed
83a6b408cccbb94d75b398fa,0,main,G2,1,cuda-rwm-sequential,1024,analyzed,valid,completed
83ac6ecf976332bcc3d5fcdf,1,main,G1,11,cuda-rwm-online_picard,1024,analyzed,valid,completed
83b4280fc4f0357157f448c3,0,main,L1,2,cuda-mala-quasi_deer,4096,analyzed,valid,completed
83bf168a84adc672c5aa0b69,2,main,H1,17,cuda-mala-sequential,1024,analyzed,valid,completed
83dfc17c3cac49d60c6cff37,0,main,L1,4,cuda-rwm-sequential,1024,analyzed,valid,completed
83f9aeb2f332a909c588d9f9,2,main,H2,19,cpu-mala-sequential,1024,analyzed,valid,completed
8423d7067c220fe24f4f0168,2,main,A1,22,cuda-mala-quasi_deer,4096,analyzed,valid,completed
84349101bc373879df6bc53f,0,main,A1,3,cpu-rwm-online_picard,1024,analyzed,valid,completed
8451bb76748e5854089d6d42,2,main,W1,17,cuda-rwm-sequential,4096,analyzed,valid,completed
845908b496005b92cd449bc8,2,main,L2,17,cpu-mala-quasi_deer,1024,analyzed,valid,completed
845e8b6be71fd138efa0cd6d,2,main,L2,17,cpu-mala-sequential,4096,analyzed,valid,completed
845f42d8781bea224ab9eead,2,main,H1,18,cpu-rwm-online_picard,1024,analyzed,valid,completed
847eb5e03381506ad55fe431,0,main,L1,0,cuda-rwm-sequential,1024,analyzed,valid,completed
8490e7f447690d3c3d0594be,2,main,H2,17,cuda-rwm-online_picard,4096,analyzed,valid,completed
8493f45f980dd44bd857fd18,1,main,G2,11,cuda-mala-sequential,1024,analyzed,valid,completed
84a0ceea83c388b41129fbae,1,main,H1,9,cpu-mala-sequential,4096,analyzed,valid,completed
84bc0b1236e654a832a74bbd,2,main,A1,21,cpu-nuts-spawn_chains,4096,analyzed,valid,completed
84c34b0cbec84994c3e9bb0c,0,main,W1,7,cuda-mala-quasi_deer,1024,analyzed,valid,completed
84c579ef92d2911464c3848e,0,main,L1,5,cpu-mala-sequential,4096,analyzed,valid,completed
84dd43ab86cdc9499ed42c7c,0,main,W1,2,cpu-mala-sequential,1024,analyzed,valid,completed
84e309aa91b28b624a332865,1,main,A1,8,cpu-mala-sequential,4096,analyzed,valid,completed
850636093db88ccbc666cc1d,2,main,G1,22,cuda-rwm-online_picard,1024,analyzed,valid,completed
851b735d457337dd6a2a5a42,1,main,H1,11,cpu-rwm-sequential,1024,analyzed,valid,completed
851ba9a20f122992c8ff1e38,1,main,L2,10,cpu-nuts-spawn_chains,1024,analyzed,valid,completed
8521ccd8a2bdf07d4c9e0456,2,main,W1,21,cuda-mala-quasi_deer,1024,analyzed,valid,completed
852a5fd6183b1f507c41b860,1,main,L1,9,cuda-rwm-online_picard,1024,analyzed,valid,completed
853a587ce71c73f32bfcf30d,2,main,G1,22,cpu-mala-quasi_deer,4096,analyzed,valid,completed
85431a94fd46fb145a4c5d7d,1,main,W1,14,cpu-rwm-sequential,1024,analyzed,valid,completed
854c95c71cfeceda5a8da660,1,main,M1,9,cuda-mala-quasi_deer,4096,analyzed,valid,completed
854da53c49c877412263aaa7,1,main,M1,15,cpu-rwm-online_picard,4096,analyzed,valid,completed
857e01638ea96d94fd6fb142,1,main,A1,14,cpu-rwm-online_picard,4096,analyzed,valid,completed
85b11f15e96d7a02598c76db,0,main,G2,7,cpu-mala-quasi_deer,1024,analyzed,valid,completed
85b458232ef81306ca1fa546,1,main,L2,13,cpu-mala-sequential,4096,analyzed,valid,completed
85bd623951953b798e7d94ec,0,main,W1,2,cpu-rwm-sequential,4096,analyzed,valid,completed
85c9d473253ba6966fb7bbef,1,main,L1,13,cuda-mala-quasi_deer,1024,analyzed,valid,completed
85e2d31fc56c093e42c39c36,2,main,W1,21,cuda-rwm-online_picard,1024,analyzed,valid,completed
85ee4ea735a72e17edcecf8c,1,main,L1,14,cuda-mala-sequential,4096,analyzed,valid,completed
85eefb2ea9eeedd066e1752b,2,main,L1,23,cuda-rwm-online_picard,1024,analyzed,valid,completed
85f2ae8d42a41c6fe6d9fd3b,0,main,G1,0,cuda-rwm-sequential,1024,analyzed,valid,completed
85f42f273c33f58c8de59cd6,0,main,H2,4,cpu-mala-quasi_deer,1024,analyzed,valid,completed
862825db06589c3e892d1259,2,main,L2,22,cuda-rwm-online_picard,4096,analyzed,valid,completed
8630ada62841ac908d5ad783,1,main,G2,15,cpu-mala-sequential,4096,analyzed,valid,completed
86344d855b17e31da686eb7d,2,main,L1,20,cpu-rwm-online_picard,1024,analyzed,valid,completed
8641eba0c4161658c31737b4,2,main,M1,20,cuda-rwm-online_picard,1024,analyzed,valid,completed
8646a444f5365d89dea46f9a,2,main,W1,19,cpu-rwm-sequential,1024,analyzed,valid,completed
8650d6ac8c11495a4edff698,1,main,L2,13,cpu-mala-quasi_deer,4096,analyzed,valid,completed
866983be21237d532b2e1b38,2,cache,G1,23,cpu-rwm-sequential,1024,analyzed,measurement_available,unavailable
867b347c22fb6824108cad66,2,main,M1,21,cpu-mala-sequential,4096,analyzed,valid,completed
867d5ef62d8003d18c3a324d,2,main,L2,18,cuda-mala-quasi_deer,4096,analyzed,valid,completed
86a3acf9b134346cfdaad9cc,1,main,M1,14,cpu-mala-sequential,1024,analyzed,valid,completed
86cfd32a2d85d58541ea33e7,1,main,L1,14,cuda-rwm-online_picard,1024,analyzed,valid,completed
86d0b055d4f5aa4cada667c7,0,main,A1,2,cuda-mala-sequential,1024,analyzed,valid,completed
86d7c98c56c491efc43f1165,0,main,G2,7,cuda-rwm-sequential,1024,analyzed,valid,completed
86fad20fb90fd06766825e84,2,main,M1,16,cpu-nuts-spawn_chains,4096,analyzed,output_failure_unclassified,unavailable
871596927ab2e160e1cc2eb4,0,main,H1,6,cpu-rwm-sequential,1024,analyzed,valid,completed
875c88fe830e1d4a6c38b1d5,1,main,G2,15,cpu-mala-sequential,1024,analyzed,valid,completed
8773ffe5ce0d82122b034fd4,1,main,L1,11,cpu-nuts-spawn_chains,4096,analyzed,valid,completed
87743ce1f549cbd01d97cb9b,0,main,G2,3,cpu-rwm-sequential,1024,analyzed,valid,completed
877c69b0f906629e17923883,1,main,G2,11,cpu-rwm-online_picard,4096,analyzed,valid,completed
87840c80eea29b898c9bbbbd,0,main,M1,5,cpu-mala-quasi_deer,4096,analyzed,valid,completed
87984ee9a08c8ca4ed6a498a,2,main,M1,21,cpu-rwm-online_picard,1024,analyzed,valid,completed
879a10ca6c5c8f99da4afbe9,1,main,A1,15,cuda-mala-quasi_deer,1024,analyzed,valid,completed
87b4a932e9ab02f5223cb47f,2,main,M1,16,cpu-mala-quasi_deer,4096,analyzed,valid,completed
87b89803f37395f9ace23e6c,0,main,G1,2,cpu-mala-sequential,4096,analyzed,valid,completed
87cadab2ecc29654512cdffc,1,main,H2,13,cuda-rwm-online_picard,1024,analyzed,valid,completed
87d2a5f5809f78b3495df5d1,1,cache,G1,8,cuda-mala-quasi_deer,1024,analyzed,measurement_available,unavailable
8819a4bfae10eeeb47306ca9,1,main,H1,14,cpu-rwm-online_picard,1024,analyzed,valid,completed
881f129c233847d0438eec0d,2,main,M1,20,cpu-nuts-spawn_chains,1024,analyzed,valid,completed
881fc6ece1ca67938e41ba87,1,main,L1,15,cpu-mala-sequential,1024,analyzed,valid,completed
883426a0c9f596b412d9aed3,2,main,W1,21,cuda-rwm-sequential,1024,analyzed,valid,completed
88418f046abff86b5fdeeb0f,2,main,H1,19,cpu-mala-quasi_deer,1024,analyzed,valid,completed
884b24702631860709d6ab7b,1,main,L2,11,cpu-rwm-online_picard,4096,analyzed,valid,completed
888db8f513bb74a4740762b1,1,main,W1,10,cpu-rwm-online_picard,1024,analyzed,valid,completed
888eedc81eb9663ea3959d80,0,main,G1,0,cpu-rwm-online_picard,4096,analyzed,valid,completed
8893868a999e7b36b0986514,1,main,G2,15,cuda-mala-sequential,4096,analyzed,valid,completed
8897d4c5c3f8c3174c0cefaf,0,main,L1,7,cuda-rwm-online_picard,1024,analyzed,valid,completed
8899cfe328e12489ac0b8f44,0,main,L2,3,cuda-rwm-sequential,1024,analyzed,valid,completed
889bc16f238214d1ff0f4746,2,main,H2,17,cpu-rwm-online_picard,4096,analyzed,valid,completed
88a59628e83d729562b1d323,0,main,G1,0,cuda-mala-sequential,4096,analyzed,valid,completed
88a6a523c6123fbf29c13d84,1,main,H1,12,cuda-rwm-sequential,4096,analyzed,valid,completed
88f1e77a49b3ae0071030caf,1,main,H1,12,cpu-nuts-spawn_chains,4096,analyzed,output_failure_unclassified,unavailable
88f92c48429b360ea7a189c5,1,cache,G2,8,cuda-rwm-sequential,1024,analyzed,measurement_available,unavailable
88fe7bb4cb9ef1290cc5d1cf,0,main,H2,6,cuda-mala-sequential,1024,analyzed,valid,completed
893b5bec1d9584096df2adc5,0,main,L2,2,cuda-mala-quasi_deer,4096,analyzed,valid,completed
89462be0621bc211fac9a303,2,main,H1,22,cuda-mala-sequential,1024,analyzed,valid,completed
89465090e52a2a4c86dedab8,0,main,M1,7,cpu-rwm-sequential,4096,analyzed,valid,completed
8971364c6d5296c0676c3a51,0,main,A1,4,cpu-mala-quasi_deer,1024,analyzed,valid,completed
89882a33dfa8b9fa30a9760f,2,main,M1,19,cpu-mala-quasi_deer,4096,analyzed,valid,completed
898afd50aae2facc78b06c6f,0,main,W1,6,cpu-nuts-spawn_chains,1024,analyzed,valid,completed
899b090cbb54834ac47dce80,0,main,A1,2,cpu-rwm-sequential,4096,analyzed,valid,completed
89aa58ea986725577e9ee877,2,cache,G2,23,cpu-rwm-online_picard,1024,analyzed,measurement_available,unavailable
89ba69c3dd83a29ad04a9a2e,1,main,H1,10,cuda-mala-quasi_deer,1024,analyzed,valid,completed
89ba91ccd161667194cc0a66,1,main,G1,11,cpu-rwm-online_picard,4096,analyzed,valid,completed
89c325f8460eaa4d27394c34,0,main,G2,2,cpu-nuts-spawn_chains,1024,analyzed,valid,completed
89dc53e422fa22cd49b56b1d,1,main,L2,12,cuda-mala-sequential,4096,analyzed,valid,completed
89e5d3e8e962e3b3b54f92e0,0,main,H1,7,cuda-rwm-sequential,1024,analyzed,valid,completed
89f25300be83abc11a13c3d1,0,main,W1,2,cuda-mala-sequential,4096,analyzed,valid,completed
89f7537f0e1ed8789a6790aa,2,main,A1,19,cpu-nuts-spawn_chains,1024,analyzed,valid,completed
8a1c9b882e9a06fb8f23c1a0,0,main,G1,0,cpu-mala-quasi_deer,4096,analyzed,valid,completed
8a25e813e59cb23502dc0039,0,main,G2,3,cuda-rwm-sequential,4096,analyzed,valid,completed
8a3284452c47a4746f90e374,1,main,H2,15,cpu-rwm-sequential,1024,analyzed,valid,completed
8a40b75ad24cf28b4193a6ed,0,main,H1,2,cpu-nuts-spawn_chains,1024,analyzed,valid,completed
8a612e417c5a70110c0871cc,0,cache,G2,0,cuda-rwm-online_picard,4096,analyzed,measurement_available,unavailable
8a629ec7e6dd3f86f3b1b841,1,main,M1,11,cuda-rwm-online_picard,1024,analyzed,valid,completed
8a69bf9c9facb65f455b74eb,2,main,H2,21,cpu-nuts-spawn_chains,1024,analyzed,valid,completed
8a6bc2de3dd80525f81fb49a,1,main,A1,9,cuda-mala-quasi_deer,4096,analyzed,valid,completed
8a70e4550bddaa212e0cd7c0,0,main,G1,4,cuda-rwm-online_picard,1024,analyzed,valid,completed
8a8172964f05015641b581cb,0,main,L1,3,cpu-rwm-online_picard,4096,analyzed,valid,completed
8aa50c8417af9be5bc6a54f5,2,main,L2,16,cpu-mala-quasi_deer,1024,analyzed,valid,completed
8ab94e4272f4396d8b119f7d,0,main,G2,1,cuda-rwm-online_picard,1024,analyzed,valid,completed
8ad2e6690282c6ce39a08c8f,0,main,G2,6,cuda-rwm-online_picard,1024,analyzed,valid,completed
8ae178c419e9a72aac7577c8,2,main,M1,21,cpu-mala-sequential,1024,analyzed,valid,completed
8ae4b8940b7470306150139c,0,main,W1,4,cuda-rwm-online_picard,1024,analyzed,valid,completed
8aeb1829b94471d197d63c57,0,main,W1,3,cuda-mala-quasi_deer,1024,analyzed,valid,completed
8aeba21f814043d802a9e0fc,0,main,L1,5,cpu-rwm-sequential,4096,analyzed,valid,completed
8b0a0868a0b7e0de3f92eb6d,0,main,W1,5,cpu-mala-sequential,4096,analyzed,valid,completed
8b14d5443b114b5a114a18d3,0,main,G2,5,cuda-rwm-sequential,4096,analyzed,valid,completed
8b1b2ccd8e261a91c53509b4,1,main,G2,10,cuda-rwm-sequential,4096,analyzed,valid,completed
8b387ed69a426678538c0e91,1,main,H1,11,cpu-mala-sequential,1024,analyzed,valid,completed
8b4fc0f8622e595684f612fb,0,main,L1,3,cpu-rwm-online_picard,1024,analyzed,valid,completed
8b5559eb950c6054d2d3064f,1,main,M1,10,cpu-mala-sequential,1024,analyzed,valid,completed
8b6be05d9c4891047766ce07,2,main,W1,17,cpu-mala-quasi_deer,4096,analyzed,valid,completed
8b7d43464a1c1454c98d635c,2,main,L2,20,cpu-rwm-sequential,4096,analyzed,valid,completed
8b8de4548c2787842bdccb9a,2,main,L2,18,cpu-rwm-sequential,1024,analyzed,valid,completed
8b9233918258fd15cb0bd300,0,main,M1,0,cpu-nuts-spawn_chains,4096,analyzed,output_failure_unclassified,unavailable
8b9d1677da0420a25ad4a170,0,main,L1,7,cpu-nuts-spawn_chains,1024,analyzed,valid,completed
8bab25d9f9f13848e20ab590,1,main,H1,9,cpu-nuts-spawn_chains,4096,analyzed,valid,completed
8bab5c09c37c40278d813efe,2,main,L1,21,cpu-rwm-online_picard,1024,analyzed,valid,completed
8baee40885bed4bed8050536,1,main,H2,11,cpu-rwm-online_picard,1024,analyzed,valid,completed
8bc28de71074092af13b3d0a,2,main,G2,23,cuda-rwm-online_picard,4096,analyzed,valid,completed
8bca48d747233f95a9ef1932,1,main,G1,12,cuda-mala-quasi_deer,4096,analyzed,valid,completed
8bd0fd937608acf8a202084f,1,cache,G1,8,cuda-rwm-sequential,1024,analyzed,measurement_available,unavailable
8bd76217d3f8a7e1597ff6cb,1,main,W1,8,cpu-mala-sequential,1024,analyzed,valid,completed
8bf4975aaa6e4ebea9a7a3d9,0,main,H1,3,cuda-rwm-sequential,1024,analyzed,valid,completed
8bfc653e240a5fa55e8e4488,2,main,H2,16,cuda-rwm-sequential,4096,analyzed,valid,completed
8c17bf521a4ee4a411570a73,1,cache,L2,8,cuda-mala-sequential,4096,analyzed,measurement_available,unavailable
8c30d20fa922b145d98d5416,2,main,L1,20,cpu-nuts-spawn_chains,1024,analyzed,valid,completed
8c5234995f11c10169fac7f2,0,main,A1,4,cuda-mala-quasi_deer,4096,analyzed,valid,completed
8c547b80d3abe95a44983452,1,main,G1,13,cpu-nuts-spawn_chains,1024,analyzed,valid,completed
8c58a4f6f7db461243a704e0,0,main,A1,7,cuda-mala-sequential,1024,analyzed,valid,completed
8c65566fffc67bdf4307c4fe,0,main,L2,0,cpu-rwm-sequential,1024,analyzed,valid,completed
8c719c70f2dd267ed4bc1138,1,main,H1,14,cpu-mala-quasi_deer,1024,analyzed,valid,completed
8c7e01ec560708caf1fdc6cf,2,main,M1,19,cpu-mala-quasi_deer,1024,analyzed,valid,completed
8c81bbecf461f8a36991882f,2,cache,G1,23,cpu-rwm-online_picard,4096,analyzed,measurement_available,unavailable
8c8292638cbaea0f842ed162,1,main,L2,10,cuda-mala-sequential,4096,analyzed,valid,completed
8c82b68833d9c347c2f76684,2,main,G1,19,cpu-mala-sequential,4096,analyzed,valid,completed
8c9d631540961d76724c2e66,1,main,M1,11,cuda-mala-sequential,4096,analyzed,valid,completed
8c9e836c19597769738da79b,2,main,H1,17,cpu-mala-sequential,1024,analyzed,valid,completed
8ca324f679c9068433e8c9a9,0,main,H1,0,cpu-rwm-online_picard,4096,analyzed,valid,completed
8cb323457b6e0762f6d9f15e,1,main,G2,12,cpu-rwm-sequential,1024,analyzed,valid,completed
8cbf862d3ea95a1f69ff85e8,0,main,H1,5,cpu-rwm-online_picard,4096,analyzed,valid,completed
8cd7b5c5cbd08a7995fddc0f,1,main,G1,9,cpu-mala-quasi_deer,4096,analyzed,valid,completed
8cda730ba8396bfca480c89f,2,main,A1,20,cpu-rwm-sequential,1024,analyzed,valid,completed
8cf4185335ba7ba655e9f282,0,main,G1,6,cuda-mala-sequential,1024,analyzed,valid,completed
8cfad9f1839776fdeb0deed6,0,main,A1,2,cuda-rwm-sequential,4096,analyzed,valid,completed
8d13e6eb28b6890a0afba310,2,cache,G2,23,cpu-mala-quasi_deer,4096,analyzed,measurement_available,unavailable
8d27eabeebca92d559940cd7,2,main,A1,18,cuda-rwm-sequential,1024,analyzed,valid,completed
8d4ae7cc81ef61c9da358237,2,main,W1,16,cuda-mala-quasi_deer,4096,analyzed,valid,completed
8d4fb9c948392235173e3c8e,0,main,G2,0,cpu-rwm-sequential,1024,analyzed,valid,completed
8d54140f8d342b3eb54c2460,2,main,M1,21,cuda-mala-quasi_deer,4096,analyzed,valid,completed
8d72fd59a89b03a73c0fb1af,1,main,G1,9,cpu-mala-quasi_deer,1024,analyzed,valid,completed
8d79e587c630f9d2a5df51ec,2,main,G2,16,cuda-mala-sequential,1024,analyzed,valid,completed
8da33a64827da1a5bb539f48,2,main,M1,16,cpu-rwm-online_picard,4096,analyzed,valid,completed
8da5b9566b4472e3bd3a5b3a,0,main,W1,5,cpu-rwm-online_picard,1024,analyzed,valid,completed
8da81719072012b896f531f4,0,main,H1,4,cuda-rwm-sequential,4096,analyzed,valid,completed
8dab8b492654b34070cbbe93,2,main,H1,21,cpu-rwm-online_picard,1024,analyzed,valid,completed
8db238d4f7feffc435603829,0,main,L1,1,cuda-rwm-online_picard,1024,analyzed,valid,completed
8db7d1ecf68fca0988cd509a,2,main,G1,16,cuda-mala-quasi_deer,4096,analyzed,valid,completed
8dbe3ccc89e565dc52038db6,2,main,A1,19,cpu-mala-quasi_deer,1024,analyzed,valid,completed
8dc865242ebdd8d78c144f9c,0,main,G1,4,cuda-mala-sequential,4096,analyzed,valid,completed
8dd33eacf835eedbd232559a,1,main,G2,9,cpu-nuts-spawn_chains,1024,analyzed,valid,completed
8ddceffc58679efa9ffadee2,0,main,G1,4,cpu-rwm-sequential,4096,analyzed,valid,completed
8ddf36663bdaacc5eed3644c,2,main,G2,16,cuda-mala-quasi_deer,4096,analyzed,valid,completed
8de11ce08ffff71c23816ae2,0,main,L1,0,cpu-rwm-sequential,4096,analyzed,valid,completed
8e2c0e2a6c1755263bc5bc2d,0,main,G2,1,cpu-rwm-sequential,1024,analyzed,valid,completed
8e52ee18147458ee4e81fb84,1,main,G2,13,cuda-rwm-sequential,4096,analyzed,valid,completed
8e5a1bda4194b67e867927e3,2,main,A1,22,cuda-mala-sequential,4096,analyzed,valid,completed
8e5f76732b423c0870c3c490,1,main,W1,9,cpu-nuts-spawn_chains,4096,analyzed,valid,completed
8e6c5a95f632dce721caf2f4,2,main,H1,19,cpu-rwm-online_picard,4096,analyzed,valid,completed
8e9f710269372c3d74b0f682,2,main,A1,23,cpu-rwm-online_picard,4096,analyzed,valid,completed
8ea749728bcb399103719a16,0,main,L2,5,cuda-rwm-sequential,4096,analyzed,valid,completed
8ea7701b3f2be604cf9fbb2a,2,main,H1,20,cuda-rwm-online_picard,1024,analyzed,valid,completed
8eb3ca7c7513bf9d587519bb,1,main,G1,9,cpu-mala-sequential,4096,analyzed,valid,completed
8edb4f90a7f9f10eb1faf899,0,main,L2,5,cuda-mala-sequential,4096,analyzed,valid,completed
8edcd6ad07dc0890dc0f404c,0,main,W1,0,cuda-mala-quasi_deer,1024,analyzed,valid,completed
8ee136cd4bcc43292e10d106,1,main,L1,13,cuda-rwm-sequential,1024,analyzed,valid,completed
8ef4baca00447607850de0e1,0,main,M1,0,cpu-rwm-sequential,1024,analyzed,valid,completed
8efd53576cb74ebd18944161,2,main,G2,21,cuda-rwm-sequential,4096,analyzed,valid,completed
8efded6b8ec8d9c84f419852,2,main,W1,16,cpu-mala-quasi_deer,1024,analyzed,valid,completed
8f195df990948b1c1ae49f98,0,main,M1,4,cuda-mala-sequential,1024,analyzed,valid,completed
8f31660f0a669184da40be62,2,main,H1,20,cpu-rwm-sequential,4096,analyzed,valid,completed
8f534c6f02420426b76dc47b,0,main,M1,1,cpu-mala-sequential,1024,analyzed,valid,completed
8f5c5156ef96fce904b46dac,0,main,M1,2,cuda-rwm-online_picard,4096,analyzed,valid,completed
8f6055ef2acaa13bd1ea86fd,1,main,A1,12,cpu-nuts-spawn_chains,4096,analyzed,valid,completed
8fa030cc047d3789646498f7,1,main,L2,12,cpu-rwm-online_picard,4096,analyzed,valid,completed
8faa42e77a4571dc89f9aa6a,2,main,L1,19,cpu-rwm-sequential,1024,analyzed,valid,completed
8fbed1bacbf29176c46487b5,0,main,H1,0,cuda-mala-quasi_deer,4096,analyzed,valid,completed
8fc04579662c906bdb79356b,2,main,M1,16,cuda-rwm-sequential,1024,analyzed,valid,completed
8fe446d206f2586449c765a8,1,main,L2,14,cpu-rwm-sequential,4096,analyzed,valid,completed
9001347a473e9c1510c18cd4,2,main,H1,20,cuda-rwm-sequential,4096,analyzed,valid,completed
90099fed557aa7adb1a692b4,0,main,W1,5,cpu-mala-sequential,1024,analyzed,valid,completed
9009c9b9a931bb33b177e432,2,main,G2,20,cpu-nuts-spawn_chains,4096,analyzed,valid,completed
9013fef4840433c48a14baed,2,main,W1,23,cpu-mala-quasi_deer,4096,analyzed,valid,completed
9015255107c9bab104be43c4,1,main,H2,8,cpu-rwm-online_picard,1024,analyzed,valid,completed
901f46966a1a6828b2580765,0,main,H1,1,cpu-rwm-sequential,1024,analyzed,valid,completed
90207952e6d0189568717a15,1,main,G2,10,cuda-rwm-online_picard,1024,analyzed,valid,completed
9029fd71dbfb9183cf3afe8b,1,main,G1,14,cpu-mala-quasi_deer,1024,analyzed,valid,completed
9055d2f508b1c46c97935bd3,1,main,L2,14,cuda-rwm-online_picard,1024,analyzed,valid,completed
9057c300825411eead09055f,0,cache,W1,0,cpu-rwm-sequential,1024,analyzed,measurement_available,unavailable
9059c9bcd50d9596b6a342d5,0,main,A1,7,cuda-mala-quasi_deer,1024,analyzed,valid,completed
905f67455b7b86a090fcadb2,1,main,M1,8,cpu-mala-quasi_deer,4096,analyzed,valid,completed
90b0af3e35ee0ae0e1557e6f,0,main,A1,7,cpu-nuts-spawn_chains,4096,analyzed,valid,completed
90bce37c49bace21dbe8a77a,1,main,M1,8,cpu-rwm-online_picard,4096,analyzed,valid,completed
90c386dd52a6c06a341dc41b,1,main,G1,15,cpu-mala-sequential,4096,analyzed,valid,completed
90d3b013abd98d59cf9055c5,0,main,H2,5,cpu-rwm-online_picard,4096,analyzed,valid,completed
90d7673fa5fa67907283d3f0,1,main,H2,8,cpu-mala-quasi_deer,4096,analyzed,valid,completed
90dfa6b46d76e76eac2a8258,1,main,H1,10,cpu-rwm-online_picard,4096,analyzed,valid,completed
90e40b5548443aff193586da,2,main,L1,20,cpu-rwm-sequential,4096,analyzed,valid,completed
90e427b5e57e6b9281197aff,2,main,L1,20,cuda-mala-quasi_deer,1024,analyzed,valid,completed
90e4f1431059ff86737d0f24,1,main,H1,12,cpu-mala-quasi_deer,1024,analyzed,valid,completed
90f11ab13621b18063595ac5,0,main,H1,1,cpu-rwm-sequential,4096,analyzed,valid,completed
90f39b410499ee1cfdb10b62,0,main,L2,3,cuda-mala-sequential,4096,analyzed,valid,completed
9105b85965bcca6f42e14668,1,main,L1,15,cuda-rwm-sequential,4096,analyzed,valid,completed
9116602912fdff76c7a247f3,0,main,H2,0,cpu-mala-quasi_deer,1024,analyzed,valid,completed
91170c77558f36c6f941991a,0,main,M1,6,cuda-rwm-online_picard,4096,analyzed,valid,completed
912658f30656aa2df3566b1d,1,main,W1,8,cpu-mala-quasi_deer,4096,analyzed,valid,completed
913c05b2a756f7a7442f6b02,0,main,G1,4,cuda-rwm-sequential,4096,analyzed,valid,completed
91403651c3371e8be636fbf4,2,main,G1,20,cpu-rwm-sequential,1024,analyzed,valid,completed
91411a044853ac61d5494dfb,1,cache,G1,8,cuda-rwm-online_picard,4096,analyzed,measurement_available,unavailable
9155f4c4557269a15de197fb,2,cache,W1,23,cuda-mala-sequential,4096,analyzed,measurement_available,unavailable
9161836b53aeafa28685bcb0,0,main,H1,5,cpu-nuts-spawn_chains,1024,analyzed,valid,completed
916441d7bd1854527a84127e,1,main,H1,14,cpu-mala-sequential,4096,analyzed,valid,completed
91788755c81466ba22e665ca,1,main,A1,13,cuda-mala-sequential,1024,analyzed,valid,completed
919e71588a20ffe7fcea7dce,2,main,L1,18,cpu-mala-quasi_deer,4096,analyzed,valid,completed
91a20f0acbd2eb9c7299a24a,1,main,H2,11,cuda-rwm-sequential,4096,analyzed,valid,completed
91b49be29e410afe193ce503,1,main,A1,11,cuda-rwm-online_picard,4096,analyzed,valid,completed
91b96df58d25e6d1751600aa,1,main,A1,14,cpu-mala-sequential,1024,analyzed,valid,completed
91c40589ec1f0142f97893a7,2,main,L1,17,cuda-mala-quasi_deer,4096,analyzed,valid,completed
91dd73ce6adeb4211372eebd,2,main,L1,16,cpu-nuts-spawn_chains,1024,analyzed,valid,completed
91ee2321520a43e3f858798e,1,main,L1,11,cuda-mala-quasi_deer,4096,analyzed,valid,completed
91f1c639b5f1916f8dc7628b,0,main,L2,7,cpu-rwm-online_picard,4096,analyzed,valid,completed
91f5d9c82c881ca71f3176d1,0,main,H2,7,cpu-mala-sequential,1024,analyzed,valid,completed
91fb5d69bd009f3fef023cb1,0,main,M1,2,cuda-mala-sequential,4096,analyzed,valid,completed
922c4973544ff0f3b1937a08,0,main,H2,3,cuda-mala-quasi_deer,4096,analyzed,valid,completed
9233bbb38d736e6cf1549272,2,main,W1,17,cpu-nuts-spawn_chains,4096,analyzed,valid,completed
923aad026c573a90741c0a29,0,main,H1,3,cpu-rwm-sequential,4096,analyzed,valid,completed
924937b5cd2b0f738977e787,0,main,L2,3,cuda-mala-quasi_deer,4096,analyzed,valid,completed
925298923d67a75acbae67b3,0,main,G2,5,cpu-nuts-spawn_chains,4096,analyzed,valid,completed
926584e2b88d2a6ae5294df7,0,main,M1,3,cpu-nuts-spawn_chains,1024,analyzed,valid,completed
926bae8dcafcec1472752e1e,1,main,L1,11,cuda-mala-quasi_deer,1024,analyzed,valid,completed
926f3f89edc6e16773f2a1d7,1,main,L2,8,cuda-rwm-sequential,4096,analyzed,valid,completed
9287fdf91f124fbace815b9f,2,main,M1,17,cuda-mala-sequential,1024,analyzed,valid,completed
928a8bea43cde81ced96b639,0,main,L2,2,cpu-mala-quasi_deer,4096,analyzed,valid,completed
92a09a79b3503f59a0ee6646,1,main,A1,12,cuda-mala-sequential,4096,analyzed,valid,completed
92bf1cee23b5e797486eaad1,1,main,L1,12,cpu-mala-quasi_deer,1024,analyzed,valid,completed
92cf24d54e190f3d13d99557,0,main,G1,0,cpu-rwm-sequential,1024,analyzed,valid,completed
92dc742a41e69ca9f9679508,1,main,L2,11,cpu-rwm-online_picard,1024,analyzed,valid,completed
92e691a2b25dcafdb417f61d,1,main,M1,11,cuda-rwm-sequential,1024,analyzed,valid,completed
92fe0f405c795bcd07d2643c,1,main,A1,13,cuda-rwm-sequential,1024,analyzed,valid,completed
9302d3c1e299332cc6fd8523,0,main,M1,5,cpu-mala-sequential,4096,analyzed,valid,completed
930f36cb3ce693851428fe79,1,main,W1,11,cpu-nuts-spawn_chains,4096,analyzed,valid,completed
9318c109efffaa5d99c23a81,2,main,L1,18,cpu-mala-sequential,4096,analyzed,valid,completed
931ad52f269878b5f68e05e5,0,main,M1,6,cpu-mala-sequential,4096,analyzed,valid,completed
931f30099f2b59ab2247ccaf,2,cache,G2,16,cuda-rwm-sequential,4096,analyzed,measurement_available,unavailable
932705b7e8c137fcb64d4e89,2,main,G1,17,cuda-rwm-online_picard,1024,analyzed,valid,completed
9338a0d2d289533a9132fa86,1,main,W1,13,cpu-mala-sequential,1024,analyzed,valid,completed
933d96145538d60f297212c3,2,main,L1,21,cpu-rwm-sequential,4096,analyzed,valid,completed
935733c915e46a71701ae2a0,0,main,G1,1,cuda-rwm-online_picard,1024,analyzed,valid,completed
935f8b2e4d5b3ab2f89246b0,0,main,G2,0,cuda-mala-sequential,4096,analyzed,valid,completed
9366d221da8bafabb816a5f6,1,main,M1,12,cpu-rwm-online_picard,1024,analyzed,valid,completed
9374f14aee7c08df2a63a20b,1,main,A1,8,cpu-nuts-spawn_chains,1024,analyzed,valid,completed
937dbd614d873963a87c0ece,1,main,M1,8,cuda-rwm-online_picard,1024,analyzed,valid,completed
938021ede51017f63aa539da,1,main,H1,11,cpu-mala-quasi_deer,1024,analyzed,valid,completed
9384dbd929b29d9013dddcbb,1,main,G1,11,cpu-nuts-spawn_chains,4096,analyzed,valid,completed
9395ea3abd31ceda2c049907,0,main,W1,4,cpu-mala-sequential,4096,analyzed,valid,completed
93b84943f4f108cece4217e5,0,main,H1,7,cpu-nuts-spawn_chains,1024,analyzed,valid,completed
93c7968484a54d84b3fcc12c,1,main,M1,12,cuda-mala-quasi_deer,1024,analyzed,valid,completed
93da2b7ee848eb0685a9aac1,2,main,L1,20,cuda-mala-sequential,1024,analyzed,valid,completed
93db4556affdaad76e3206b9,2,main,M1,20,cpu-mala-sequential,4096,analyzed,valid,completed
93ed57af24a51ae062e8a6c8,0,main,G1,4,cuda-mala-sequential,1024,analyzed,valid,completed
93f26e44528317b2716f3493,0,main,G1,7,cpu-mala-quasi_deer,1024,analyzed,valid,completed
93f4cde8df13b4fbbfd69c64,0,main,M1,7,cuda-mala-sequential,1024,analyzed,valid,completed
9422c73c96047104cd9ce15a,2,main,H1,23,cpu-rwm-sequential,1024,analyzed,valid,completed
942b2759724413eecbdb3fe2,1,main,L1,15,cuda-mala-quasi_deer,4096,analyzed,valid,completed
942f96432ce5a67506b2f839,0,main,G1,1,cuda-rwm-sequential,1024,analyzed,valid,completed
943adabe553d7ea9176210f3,0,main,H2,6,cpu-mala-quasi_deer,1024,analyzed,valid,completed
94470f8dd2411b377e7f7df4,2,main,L1,20,cpu-rwm-online_picard,4096,analyzed,valid,completed
944d0f7ef309cbc5072a49a8,2,main,L2,20,cpu-mala-quasi_deer,4096,analyzed,valid,completed
9452f887c46fd8174f1aaa9e,1,main,L2,14,cpu-rwm-sequential,1024,analyzed,valid,completed
946ae0b6c60ca18d430cd03f,2,cache,L2,16,cpu-rwm-sequential,4096,analyzed,measurement_available,unavailable
946d7563893aec1d3a32d5af,1,main,L1,10,cpu-rwm-sequential,1024,analyzed,valid,completed
9489fca87e7cadf2ebae67fd,1,main,A1,13,cuda-mala-quasi_deer,4096,analyzed,valid,completed
948f913ce4d733fe3d4dafcd,1,main,L1,9,cpu-mala-sequential,1024,analyzed,valid,completed
94906ead026ecfe0facb46fc,0,main,H1,7,cuda-mala-quasi_deer,1024,analyzed,valid,completed
94bc07ff6edf0f7de3928df7,0,main,H2,4,cuda-rwm-online_picard,4096,analyzed,valid,completed
94d8c8ab7238ac4d145bbed8,0,main,M1,7,cuda-mala-sequential,4096,analyzed,valid,completed
94fd9653f7e6a59c92d2ea72,2,main,G1,16,cpu-mala-quasi_deer,4096,analyzed,valid,completed
95003af0ebfa3ecc89081d43,0,main,W1,2,cpu-rwm-sequential,1024,analyzed,valid,completed
952260bdb5c9d5cfaae9ee54,1,main,G2,15,cuda-rwm-online_picard,1024,analyzed,valid,completed
953e7d202a25ad584ba3daea,1,main,W1,15,cpu-mala-sequential,4096,analyzed,valid,completed
954049512ab49d04ec82b487,2,main,A1,18,cpu-mala-quasi_deer,1024,analyzed,valid,completed
9544a36677bb536c673b9a8d,0,main,L2,3,cpu-mala-quasi_deer,1024,analyzed,valid,completed
954c1e32ddc0d8d9bb113b1c,2,main,G2,17,cuda-rwm-sequential,1024,analyzed,valid,completed
95500efd0025850673b7e45b,0,main,W1,3,cpu-mala-sequential,1024,analyzed,valid,completed
9560fa73a7c68161558c9553,2,main,H2,23,cuda-rwm-online_picard,1024,analyzed,valid,completed
9562ce6d1d872a8aaaafd004,2,main,L2,19,cuda-rwm-online_picard,4096,analyzed,valid,completed
95635a795b8aecb45bb03bf3,0,main,M1,1,cpu-mala-quasi_deer,4096,analyzed,valid,completed
9568deee8a7698e10b74dd6e,0,main,A1,2,cpu-rwm-online_picard,4096,analyzed,valid,completed
957d5e0b1fb9a7f12391586b,2,main,G1,17,cpu-mala-quasi_deer,1024,analyzed,valid,completed
959ce36d9df9abc163d749a7,0,main,H1,3,cpu-rwm-online_picard,4096,analyzed,valid,completed
95c39fb1d2847169e54e6053,1,main,G2,8,cuda-rwm-online_picard,4096,analyzed,valid,completed
95e234d4f8f5acfceaf85e80,1,main,A1,15,cpu-rwm-sequential,4096,analyzed,valid,completed
95e5e94622ab88d3680a3172,0,main,G2,5,cuda-mala-sequential,4096,analyzed,valid,completed
95e728e5911cd12bf4cbec62,2,main,M1,16,cpu-mala-sequential,1024,analyzed,valid,completed
95f806f825015de5eece9303,0,main,L1,4,cuda-mala-sequential,1024,analyzed,valid,completed
95f9a4dd0f21d46261e79e7b,0,main,G1,5,cpu-rwm-online_picard,1024,analyzed,valid,completed
96059856ff2dcb3c2c3abe5c,1,main,L2,10,cuda-mala-quasi_deer,1024,analyzed,valid,completed
9630669b4a4a443b44a82999,2,cache,L2,23,cuda-rwm-online_picard,1024,analyzed,measurement_available,unavailable
963577e39b7f4469f77fd72b,0,main,G2,6,cuda-rwm-online_picard,4096,analyzed,valid,completed
963e6df27fa81f143ecca7ff,1,main,G1,14,cpu-mala-sequential,4096,analyzed,valid,completed
965303921f75f4c15597700d,1,main,W1,12,cpu-nuts-spawn_chains,4096,analyzed,valid,completed
96540d4badb3af0adfaeeb2f,0,main,H1,2,cuda-mala-sequential,4096,analyzed,valid,completed
96580626f2b050bf7352d003,2,main,H1,19,cuda-rwm-online_picard,1024,analyzed,valid,completed
9668ee3365ee552f98f6c385,0,main,A1,4,cpu-mala-sequential,1024,analyzed,valid,completed
966f5c76336ab02043382ee7,2,main,A1,23,cuda-rwm-online_picard,1024,analyzed,valid,completed
967e39be21cd787d9ae87f4c,2,main,G2,23,cuda-rwm-sequential,1024,analyzed,valid,completed
967e69cc2a421fb3ce96f2a4,1,main,H2,13,cuda-mala-sequential,4096,analyzed,valid,completed
96b7bd8324c7dd61b20ff6cf,1,main,W1,15,cpu-mala-quasi_deer,1024,analyzed,valid,completed
96b861b68e2376c133537774,2,main,W1,16,cuda-mala-quasi_deer,1024,analyzed,valid,completed
96cb78b6aeb53b8d8c08e627,2,cache,L2,16,cpu-mala-sequential,4096,analyzed,measurement_available,unavailable
96dd2cc3444ec2d6c0f55e66,2,cache,W1,16,cuda-mala-quasi_deer,4096,analyzed,measurement_available,unavailable
96fb7127bb27416ae9f7e1e7,1,main,G1,9,cuda-rwm-online_picard,1024,analyzed,valid,completed
970821749932503669f7e542,1,main,W1,12,cpu-rwm-sequential,1024,analyzed,valid,completed
970d27a6524ac7784e6e5aa1,2,main,H1,16,cpu-rwm-sequential,1024,analyzed,valid,completed
971f824f7191b4738a2cd66c,2,main,G1,22,cuda-mala-quasi_deer,1024,analyzed,valid,completed
972de2d93dfdf4ea03c33e15,0,main,H1,0,cuda-mala-sequential,1024,analyzed,valid,completed
973f94bb71e616884e01f438,0,main,L1,1,cpu-mala-sequential,4096,analyzed,valid,completed
974220a39f1d6ed7baa09f3d,0,main,W1,6,cpu-rwm-online_picard,1024,analyzed,valid,completed
97422a167e3ee757bff81b4a,2,main,H2,19,cuda-mala-sequential,4096,analyzed,valid,completed
974d483bad548edae401e1c5,0,main,G2,4,cpu-rwm-online_picard,1024,analyzed,valid,completed
9774ef482af30f780cea080d,1,cache,L2,8,cuda-rwm-online_picard,4096,analyzed,measurement_available,unavailable
977d0a71dd16e8249222ff8c,1,main,W1,13,cpu-mala-sequential,4096,analyzed,valid,completed
977d60ca8aab4604b49c93a2,0,main,G2,4,cpu-mala-quasi_deer,1024,analyzed,valid,completed
9787f819615f0825171c2775,1,main,L1,10,cuda-mala-sequential,4096,analyzed,valid,completed
979ed72b2e01e47860692c2a,0,main,G1,5,cuda-rwm-online_picard,4096,analyzed,valid,completed
97a3b387829f80e934a626f2,0,main,H2,0,cpu-rwm-sequential,4096,analyzed,valid,completed
97b1074f9a45a073826950fd,0,main,A1,6,cpu-mala-quasi_deer,4096,analyzed,valid,completed
97caa2f39c17f6066320ac1d,0,main,L2,1,cpu-mala-sequential,4096,analyzed,valid,completed
97e02b45052fdc206e0a5167,1,main,W1,13,cuda-rwm-online_picard,1024,analyzed,valid,completed
97eb78bae54417a01a45bac0,0,main,L1,0,cpu-mala-quasi_deer,4096,analyzed,valid,completed
97f4361c70b79bc17c5b5af1,0,main,H1,4,cuda-rwm-online_picard,4096,analyzed,valid,completed
97fdce95fe840ac3c0b4bc6c,2,main,L1,23,cuda-mala-quasi_deer,1024,analyzed,valid,completed
98080fa9f17015457cea2b42,2,main,L1,18,cuda-mala-sequential,1024,analyzed,valid,completed
981904aef2b77c5bf141964f,0,main,G2,0,cuda-mala-quasi_deer,4096,analyzed,valid,completed
982b7dea113b02790dd7c9d1,2,main,W1,22,cpu-rwm-sequential,1024,analyzed,valid,completed
982c032ec6726f17d21c0a62,1,main,H2,12,cuda-mala-sequential,4096,analyzed,valid,completed
982ce46651faa1527c8037be,1,main,W1,8,cuda-rwm-online_picard,4096,analyzed,valid,completed
982f7038407e8588b25efe4c,1,main,H1,14,cuda-rwm-sequential,1024,analyzed,valid,completed
985ad34a8a5986929782afeb,0,cache,W1,0,cpu-mala-quasi_deer,1024,analyzed,measurement_available,unavailable
987062bcae9ab152fd2562c9,1,main,H2,12,cuda-rwm-online_picard,1024,analyzed,valid,completed
9872c11c81293a491fab8fdf,2,main,H2,17,cpu-rwm-online_picard,1024,analyzed,valid,completed
98e15a30bdb58493473ece10,1,main,G1,12,cpu-rwm-sequential,1024,analyzed,valid,completed
98e50006286bbb85990f22ce,1,main,W1,8,cuda-mala-quasi_deer,4096,analyzed,valid,completed
98f0f1732d5745113d0e7f75,2,main,W1,19,cpu-mala-quasi_deer,4096,analyzed,valid,completed
9907ab24cda6e0f86fe405bc,2,main,M1,22,cpu-rwm-sequential,1024,analyzed,valid,completed
9917005ad904c5a0c0434b52,2,main,G2,16,cpu-rwm-sequential,1024,analyzed,valid,completed
991e835561c5d8c72e60fe91,0,main,L2,7,cuda-mala-quasi_deer,4096,analyzed,valid,completed
99434de1b191016c16b207d5,1,main,L2,11,cpu-mala-quasi_deer,1024,analyzed,valid,completed
99470c5468ec2b17d4362bed,2,main,M1,19,cuda-rwm-sequential,4096,analyzed,valid,completed
994e6631c4e039e18d681718,2,main,M1,20,cpu-rwm-sequential,1024,analyzed,valid,completed
9964d8edb4a14293c8baaa58,0,main,L2,6,cuda-mala-sequential,4096,analyzed,valid,completed
996ff8794bde06c1abfe53fe,1,main,H1,10,cuda-mala-sequential,4096,analyzed,valid,completed
999b775acae62e1910ba0666,1,main,L2,14,cpu-mala-sequential,1024,analyzed,valid,completed
99ae3882253e55d9fc7152dc,2,main,M1,20,cuda-rwm-sequential,1024,analyzed,valid,completed
99d3d33d12a556f0df548977,0,main,A1,7,cpu-rwm-sequential,1024,analyzed,valid,completed
99e12c72ff94002e4258e5dd,2,main,G2,18,cpu-mala-sequential,4096,analyzed,valid,completed
99e1ebdd41141683baaaf0a1,2,main,W1,21,cpu-nuts-spawn_chains,4096,analyzed,valid,completed
99f23537196d9c58727fce88,2,main,H1,18,cuda-rwm-online_picard,4096,analyzed,valid,completed
9a1819f1606b9fd74b3295a3,0,main,L1,0,cuda-mala-sequential,4096,analyzed,valid,completed
9a1c53bc9d1068d084f72256,0,main,H1,4,cpu-rwm-online_picard,1024,analyzed,valid,completed
9a308587f4d4537437e60458,0,main,H1,7,cpu-rwm-sequential,1024,analyzed,valid,completed
9a406100366cf08b36b6c325,1,main,W1,11,cpu-mala-quasi_deer,1024,analyzed,valid,completed
9a4868fa6a9c76fb1966f3b5,1,main,W1,14,cpu-nuts-spawn_chains,1024,analyzed,valid,completed
9a486b815a892631c001f55c,0,main,L1,4,cpu-mala-quasi_deer,4096,analyzed,valid,completed
9a5030fc576763fae04c1a76,1,main,H1,9,cuda-rwm-online_picard,4096,analyzed,valid,completed
9a51fbf3a0cd63a58b2104d1,0,main,W1,6,cuda-rwm-online_picard,4096,analyzed,valid,completed
9a55fa8ef56122f18b0c7c7d,1,main,L1,11,cpu-rwm-online_picard,4096,analyzed,valid,completed
9a6fa7c58c59b0c157df056d,0,main,L1,5,cuda-mala-quasi_deer,1024,analyzed,valid,completed
9a8717bd98d897ef388fa99c,0,main,M1,1,cpu-nuts-spawn_chains,4096,analyzed,output_failure_unclassified,unavailable
9abf87386ec5278adc55d79e,2,main,M1,20,cuda-mala-quasi_deer,4096,analyzed,valid,completed
9ac3871760c7a8dd955b2d6b,2,main,A1,21,cpu-rwm-sequential,1024,analyzed,valid,completed
9ac84c46911116cd96cffe56,2,main,L1,23,cuda-rwm-online_picard,4096,analyzed,valid,completed
9acbf649834dc4c1b28d23bd,2,main,M1,18,cuda-mala-sequential,1024,analyzed,valid,completed
9afa7dcc20951e7fa98ad99d,2,main,G2,23,cpu-mala-sequential,4096,analyzed,valid,completed
9afadc79c3c5e00536a69886,2,main,L2,16,cuda-mala-quasi_deer,1024,analyzed,valid,completed
9b0f1bdcb08ee0907ddc06ba,1,main,L2,14,cpu-mala-quasi_deer,4096,analyzed,valid,completed
9b1792a642d9f1e0cdf49ee5,2,main,L2,22,cpu-mala-quasi_deer,4096,analyzed,valid,completed
9b385e4838f69a303a7c1276,1,main,L2,15,cpu-rwm-sequential,4096,analyzed,valid,completed
9b4679e85b8841fe7f64bc13,1,main,H2,15,cuda-rwm-online_picard,1024,analyzed,valid,completed
9b6f0ad40f31bcb5739f14ba,2,main,G1,19,cuda-mala-quasi_deer,1024,analyzed,valid,completed
9b740b7381d31a49cfb237ee,2,main,G2,20,cuda-rwm-sequential,4096,analyzed,valid,completed
9b846d755fb750dfb699073f,1,main,L1,14,cuda-mala-quasi_deer,1024,analyzed,valid,completed
9ba2da04480e5ed1b94202da,2,main,A1,18,cuda-mala-quasi_deer,4096,analyzed,valid,completed
9ba6ac4a71a05fda50063bc9,1,main,H2,15,cpu-rwm-online_picard,4096,analyzed,valid,completed
9ba6f461823e67ea7dd53619,1,main,W1,9,cuda-rwm-online_picard,1024,analyzed,valid,completed
9be2775986a8988d24fdd7ed,2,main,G1,20,cuda-rwm-sequential,1024,analyzed,valid,completed
9be33aeb3606902eca30375a,2,main,G1,18,cuda-rwm-sequential,4096,analyzed,valid,completed
9be352894904b3ee9b91d35f,0,cache,G1,0,cpu-mala-sequential,4096,analyzed,measurement_available,unavailable
9c044ea1d3ca01951c98d52b,0,main,A1,5,cpu-mala-sequential,4096,analyzed,valid,completed
9c0dd55cd640dc29658d7f09,2,cache,G2,16,cpu-mala-sequential,1024,analyzed,measurement_available,unavailable
9c1d2fd09e1b559a86f503e3,2,main,G1,18,cuda-mala-sequential,1024,analyzed,valid,completed
9c3776fffde89b1319045460,0,main,L2,7,cpu-rwm-sequential,4096,analyzed,valid,completed
9c48ac7ca2bc18a70890d343,0,main,H2,3,cpu-mala-quasi_deer,4096,analyzed,valid,completed
9c4fa0883c3e953fdd3655af,0,main,L2,0,cpu-rwm-online_picard,4096,analyzed,valid,completed
9c85dedbd2dd1d32d5018c0d,0,main,A1,2,cuda-rwm-online_picard,4096,analyzed,valid,completed
9ca529225781a7386c6fa706,0,main,A1,6,cuda-rwm-online_picard,4096,analyzed,valid,completed
9cafcb577c0e36ce98a05bf8,1,main,M1,8,cuda-rwm-sequential,1024,analyzed,valid,completed
9cc4577783855eff1c1dd6d6,0,cache,G2,0,cpu-mala-sequential,4096,analyzed,measurement_available,unavailable
9cda6903293222cd4454d768,1,main,G2,10,cpu-rwm-sequential,4096,analyzed,valid,completed
9cdb2733900e1eb7fe55950a,2,main,W1,19,cpu-nuts-spawn_chains,1024,analyzed,valid,completed
9ceeb2dcb5dd057276b01b0c,2,main,G2,20,cpu-rwm-sequential,4096,analyzed,valid,completed
9cf73e0b647fed28476dad63,0,main,G1,6,cuda-rwm-sequential,4096,analyzed,valid,completed
9d06c6fc6a99bfe3747c44b2,1,main,H2,9,cuda-mala-quasi_deer,4096,analyzed,valid,completed
9d097c0b8bbca3bfe12378c5,0,main,H2,6,cpu-rwm-sequential,4096,analyzed,valid,completed
9d159f1e23c8fb195e4cd75d,2,main,H1,19,cpu-mala-sequential,4096,analyzed,valid,completed
9d27c7c1ee6398fce7065253,1,main,L2,14,cuda-mala-sequential,1024,analyzed,valid,completed
9d2d3228c120165b7b3500b1,1,main,H2,13,cuda-rwm-sequential,1024,analyzed,valid,completed
9d3aba50d622f0831781c35c,2,main,H1,19,cpu-mala-sequential,1024,analyzed,valid,completed
9d42e8949cbe1b939efa0ddd,1,main,W1,9,cuda-rwm-sequential,4096,analyzed,valid,completed
9d6022c643be7a8aeb909748,0,main,H1,1,cuda-mala-quasi_deer,1024,analyzed,valid,completed
9d62ddb9d7935c82f2c8f4f7,1,main,H2,14,cuda-mala-quasi_deer,1024,analyzed,valid,completed
9d680963260a456c52ab3f4e,0,main,G2,0,cpu-mala-sequential,4096,analyzed,valid,completed
9d71d6625b4db86ed389d5e7,1,main,A1,13,cpu-rwm-online_picard,1024,analyzed,valid,completed
9d8d0d8c8c891a680a05bad0,1,main,M1,13,cpu-rwm-sequential,1024,analyzed,valid,completed
9db2cd4d37735a878cb94d42,1,main,M1,13,cpu-mala-quasi_deer,4096,analyzed,valid,completed
9db8c8e3073cfac2b5077b1f,1,cache,G2,8,cuda-rwm-online_picard,4096,analyzed,measurement_available,unavailable
9de3a3745d32baacf8e61ca5,2,main,H1,16,cuda-mala-quasi_deer,4096,analyzed,numerical_failure,unavailable
9df11ca352e177d581d18078,2,main,G2,19,cpu-rwm-sequential,1024,analyzed,valid,completed
9df89e0f85119358436cfe90,1,main,M1,9,cuda-rwm-sequential,1024,analyzed,valid,completed
9e0675d99093da50602f30b8,0,main,H2,6,cpu-nuts-spawn_chains,4096,analyzed,output_failure_unclassified,unavailable
9e15c4dc875c531f52bf9752,0,main,W1,4,cpu-rwm-sequential,1024,analyzed,valid,completed
9e2edd962693730dbb2c98a4,1,main,H1,13,cpu-mala-quasi_deer,1024,analyzed,valid,completed
9e3688fda0e74996b4ce4d9f,0,main,A1,5,cpu-mala-quasi_deer,4096,analyzed,valid,completed
9e44af7674aaba863d855a71,1,main,G2,13,cuda-rwm-sequential,1024,analyzed,valid,completed
9e481207e0a2049f48e464ae,1,main,A1,14,cpu-mala-sequential,4096,analyzed,valid,completed
9e6a05b149896b2a27671883,2,cache,G2,16,cuda-mala-sequential,4096,analyzed,measurement_available,unavailable
9e6d658d44259a120970feb1,1,main,L1,10,cuda-mala-sequential,1024,analyzed,valid,completed
9e99f59173148dd915f7b01d,0,main,W1,5,cuda-mala-quasi_deer,1024,analyzed,valid,completed
9eb44e0aa330c0b8039bdcdc,1,main,G2,12,cuda-mala-sequential,4096,analyzed,valid,completed
9ebc9d26663cd8844f218f38,2,main,L2,19,cuda-mala-sequential,4096,analyzed,valid,completed
9ecf66c97abc753c7086eb00,0,main,M1,5,cuda-rwm-online_picard,4096,analyzed,valid,completed
9f307020f212b26e1b1755eb,2,main,W1,23,cuda-mala-quasi_deer,4096,analyzed,valid,completed
9f714b54aab0edc9def78aee,0,main,G1,0,cuda-rwm-online_picard,1024,analyzed,valid,completed
9f7bcfbb7f72c34ee68c65e1,1,main,M1,14,cpu-mala-sequential,4096,analyzed,valid,completed
9f7de9fc8458c74d24351556,0,main,W1,7,cuda-mala-sequential,1024,analyzed,valid,completed
9f8311aed284c4a963c9eaa2,2,main,L1,22,cuda-mala-sequential,4096,analyzed,valid,completed
9faa5cf7a61c0b8ee339c11a,1,main,M1,12,cuda-mala-quasi_deer,4096,analyzed,valid,completed
9fc2db38307754789dafcd06,0,main,H2,5,cuda-rwm-sequential,1024,analyzed,valid,completed
9fc8e7056902bb63a13795ac,1,main,H1,12,cpu-nuts-spawn_chains,1024,analyzed,valid,completed
9fcebd36121cac71365229cb,1,main,H2,12,cuda-rwm-online_picard,4096,analyzed,valid,completed
9fd95147b3449e3fed5bf35a,1,main,G1,12,cuda-rwm-sequential,4096,analyzed,valid,completed
9fe3b7b0634b722016085ce5,1,main,G2,8,cuda-rwm-online_picard,1024,analyzed,valid,completed
9fe7eba628f84bd00caa1b76,2,main,A1,20,cpu-nuts-spawn_chains,4096,analyzed,valid,completed
9ff3710270c324c6668ec6c0,1,main,M1,13,cpu-mala-sequential,4096,analyzed,valid,completed
a00228701d2bc8cf2d961041,0,main,L1,0,cuda-rwm-online_picard,1024,analyzed,valid,completed
a0046be2e2951897b5c1573b,1,main,M1,9,cuda-rwm-online_picard,4096,analyzed,valid,completed
a0067ee4b7f254d7e5a5f987,2,main,L1,17,cpu-rwm-sequential,1024,analyzed,valid,completed
a00729a9eaf36877979e1dad,0,main,H1,0,cpu-nuts-spawn_chains,1024,analyzed,valid,completed
a00bce0cfdb25dc26e19240b,2,main,W1,22,cuda-mala-sequential,1024,analyzed,valid,completed
a00e2edce557b7dffd98d3b6,0,main,G1,4,cpu-rwm-online_picard,1024,analyzed,valid,completed
a017166e7d45eed1b7d6ae42,2,main,H2,22,cuda-rwm-sequential,4096,analyzed,valid,completed
a073f9d615c1d3ec46d84b4b,1,main,W1,15,cpu-rwm-sequential,4096,analyzed,valid,completed
a07f9d6edcc54723e368ab53,2,main,A1,16,cpu-mala-quasi_deer,4096,analyzed,valid,completed
a083a4f6c63cf4f2c51c1ebf,0,main,L1,3,cpu-mala-sequential,1024,analyzed,valid,completed
a08cb0e533a2399c19d9dd85,0,main,L2,6,cpu-mala-quasi_deer,1024,analyzed,valid,completed
a093715ccbbfbd40d4bebd56,2,main,G1,23,cpu-mala-sequential,1024,analyzed,valid,completed
a0a573176d8aec5f878174dc,1,main,A1,9,cpu-nuts-spawn_chains,1024,analyzed,valid,completed
a0aaa630514d6c50523877c5,1,main,G2,10,cpu-rwm-online_picard,1024,analyzed,valid,completed
a0d399af0f45336c2eec65e5,1,main,H2,11,cuda-mala-sequential,4096,analyzed,valid,completed
a1049de98c94c70ba53ceace,0,main,H1,1,cpu-nuts-spawn_chains,4096,analyzed,output_failure_unclassified,unavailable
a11b7ad211d4bbf74b940134,0,main,A1,6,cuda-mala-sequential,4096,analyzed,valid,completed
a136ac88c2ae6af908f43fbe,1,main,G2,15,cpu-nuts-spawn_chains,4096,analyzed,valid,completed
a136ee05fb0705cf7ddc7750,0,main,L1,5,cpu-nuts-spawn_chains,4096,analyzed,output_failure_unclassified,unavailable
a1441a69c95cfd99729111df,1,main,H1,10,cpu-rwm-online_picard,1024,analyzed,valid,completed
a152be093d6e45fa69df4900,1,main,L2,12,cuda-rwm-online_picard,4096,analyzed,valid,completed
a170f8ea2760a8586bf1252c,0,main,M1,3,cuda-mala-sequential,4096,analyzed,valid,completed
a1998435d72bf073df0c4d7f,1,main,W1,13,cuda-mala-sequential,1024,analyzed,valid,completed
a1b76e231cc3960277665d22,2,main,M1,21,cuda-mala-quasi_deer,1024,analyzed,valid,completed
a1bbf916573ef366fdce0b3b,0,main,L2,6,cuda-rwm-sequential,1024,analyzed,valid,completed
a1dd2c6f20a77deb7e9b6f76,1,main,H1,15,cuda-rwm-online_picard,4096,analyzed,valid,completed
a1defce15f768d0573ad5491,1,main,A1,8,cpu-mala-quasi_deer,4096,analyzed,valid,completed
a1e1ec6abee8d3fea8eaeb30,2,main,M1,22,cpu-mala-sequential,1024,analyzed,valid,completed
a1f4d967c775af18dbcc79dd,2,main,G2,16,cuda-rwm-online_picard,1024,analyzed,valid,completed
a20e481d90a996563cb9c65a,2,main,L1,16,cuda-mala-sequential,1024,analyzed,valid,completed
a21b1f8a409121db3fa381f7,2,main,M1,19,cuda-mala-sequential,1024,analyzed,valid,completed
a21c09e6b238233758281836,0,main,A1,4,cpu-mala-quasi_deer,4096,analyzed,valid,completed
a2350c18470538784abbcbbb,2,main,G1,22,cpu-rwm-sequential,1024,analyzed,valid,completed
a24ed0039f2fc69241a402f9,1,main,H1,13,cpu-nuts-spawn_chains,1024,analyzed,valid,completed
a24f2526ee0a0dc68a20b06d,1,main,L1,11,cuda-mala-sequential,4096,analyzed,valid,completed
a2581252935768beb703eddc,1,main,A1,14,cpu-mala-quasi_deer,1024,analyzed,valid,completed
a26aa50a0d16d0a283741e4f,2,cache,G1,16,cuda-mala-quasi_deer,1024,analyzed,measurement_available,unavailable
a26cf4187fa607d310054c5b,2,main,L1,22,cuda-mala-quasi_deer,1024,analyzed,valid,completed
a2748458aa6a16241eb069aa,1,main,H2,14,cuda-mala-sequential,1024,analyzed,valid,completed
a27c5aa96887eee07de456b7,1,main,W1,15,cpu-nuts-spawn_chains,1024,analyzed,valid,completed
a28366ce7dc3de8f3f923c35,2,main,L2,18,cpu-nuts-spawn_chains,4096,analyzed,output_failure_unclassified,unavailable
a2928366b4fce00778d8fc02,2,main,H1,22,cpu-rwm-online_picard,1024,analyzed,valid,completed
a29f61fc66970689be78e6b4,0,main,M1,5,cpu-rwm-online_picard,4096,analyzed,valid,completed
a2b3cf15fdd294855b2866ad,0,main,W1,7,cpu-mala-sequential,1024,analyzed,valid,completed
a2bad8bf9883f58ac274cd23,0,main,L1,2,cpu-rwm-sequential,4096,analyzed,valid,completed
a2bb3e74a7a30edcd7ee6e64,1,main,H2,14,cpu-nuts-spawn_chains,4096,analyzed,output_failure_unclassified,unavailable
a3153cae15503d06f7346658,1,main,L1,14,cuda-mala-quasi_deer,4096,analyzed,valid,completed
a32f9d3743bba88e2815f252,0,main,A1,4,cuda-mala-sequential,1024,analyzed,valid,completed
a33a0cfb7065d98fb1dc55a1,2,main,G2,19,cuda-rwm-online_picard,4096,analyzed,valid,completed
a33e33815f04223e05b7fcf5,2,cache,W1,16,cuda-mala-sequential,4096,analyzed,measurement_available,unavailable
a346ce3fe9a2ee1f4f5b7f63,2,main,L1,16,cuda-rwm-online_picard,4096,analyzed,valid,completed
a35efb4299bdac14fd584d3b,2,main,H2,20,cuda-mala-sequential,4096,analyzed,valid,completed
a36ba1b91dc81e71a6d600ef,2,cache,W1,23,cuda-mala-quasi_deer,1024,analyzed,measurement_available,unavailable
a37b5e0e68bccef1135b35e9,2,main,L1,22,cpu-mala-sequential,1024,analyzed,valid,completed
a37c7f8f26ada2830b8823e2,0,main,H1,7,cpu-nuts-spawn_chains,4096,analyzed,output_failure_unclassified,unavailable
a384c1c21400c77ae34b6d4b,0,main,M1,3,cuda-rwm-online_picard,1024,analyzed,valid,completed
a3859fec1b6947b152f84d03,2,main,W1,20,cuda-mala-sequential,1024,analyzed,valid,completed
a3a92016da2f27b38dbec3d6,2,main,A1,19,cpu-mala-sequential,1024,analyzed,valid,completed
a3a950c754253fe698d480c4,1,main,L2,9,cuda-mala-quasi_deer,4096,analyzed,valid,completed
a3d12ec20688df70abcf125c,1,main,A1,11,cpu-rwm-sequential,4096,analyzed,valid,completed
a3d6ad10e782373d70952b75,1,main,L2,9,cuda-mala-sequential,4096,analyzed,valid,completed
a3db48c0d340ac6312fa7a8f,0,cache,G2,0,cpu-mala-sequential,1024,analyzed,measurement_available,unavailable
a41969d7653e342b2d4b308a,2,cache,G2,16,cpu-mala-quasi_deer,4096,analyzed,measurement_available,unavailable
a4486f16c1dd9b1716f81800,1,main,A1,13,cpu-mala-quasi_deer,4096,analyzed,valid,completed
a45b39b655cdf5b975f32412,1,main,M1,12,cuda-rwm-online_picard,1024,analyzed,valid,completed
a47204cd7c46630ee5f4dd16,0,main,H1,6,cuda-rwm-online_picard,4096,analyzed,valid,completed
a47ece7b4153f8341dd4e389,1,main,H2,10,cuda-mala-sequential,1024,analyzed,valid,completed
a48b6692cf2115e4445fd98e,2,main,G1,19,cpu-rwm-sequential,1024,analyzed,valid,completed
a4a0bf18274367ba417507d2,1,main,G1,15,cuda-rwm-sequential,1024,analyzed,valid,completed
a4a38926fb54e4ce9e16af88,1,main,A1,14,cpu-rwm-sequential,4096,analyzed,valid,completed
a4aa47730126b563ea366dac,1,main,W1,10,cuda-mala-quasi_deer,4096,analyzed,valid,completed
a4be41571f3ca8ffa70958a8,2,main,H2,20,cuda-rwm-online_picard,4096,analyzed,valid,completed
a4cc7d7cff477262f528808a,2,main,H1,17,cpu-mala-quasi_deer,1024,analyzed,numerical_failure,unavailable
a4cd4428b274435bf2467e77,1,main,L1,15,cuda-rwm-sequential,1024,analyzed,valid,completed
a4d74c738ddb875dff29f3aa,1,main,A1,9,cpu-rwm-sequential,4096,analyzed,valid,completed
a4fe38624e8d51718e8d51ee,1,main,W1,12,cuda-mala-sequential,1024,analyzed,valid,completed
a51083113c4889e69133172c,2,main,H2,18,cpu-mala-quasi_deer,4096,analyzed,valid,completed
a51126fc7220d96fe880e112,1,main,H1,13,cuda-mala-sequential,4096,analyzed,valid,completed
a51504faea7c62edbff73947,1,main,A1,15,cuda-rwm-online_picard,4096,analyzed,valid,completed
a51f58ff56a0dd0e470820eb,1,main,A1,9,cpu-mala-quasi_deer,1024,analyzed,valid,completed
a52641d01677f0a99188c6c3,1,main,G1,14,cpu-rwm-online_picard,4096,analyzed,valid,completed
a527f7c3db533c3bac5d1d4d,0,main,G1,7,cpu-mala-sequential,1024,analyzed,valid,completed
a5472da6a484103e86a435af,0,cache,G1,0,cpu-rwm-sequential,4096,analyzed,measurement_available,unavailable
a57f59e04927499742657b2c,0,main,A1,3,cuda-mala-sequential,1024,analyzed,valid,completed
a58460f1417a99fe44b4570f,0,main,A1,5,cuda-mala-quasi_deer,1024,analyzed,valid,completed
a58db74cc20fe8646a16c53a,1,main,W1,9,cpu-nuts-spawn_chains,1024,analyzed,valid,completed
a5aa104538f98ee08486343e,0,main,G2,1,cuda-rwm-online_picard,4096,analyzed,valid,completed
a5c7a50c7858eaca0cc0e5e8,1,main,H2,13,cpu-nuts-spawn_chains,1024,analyzed,valid,completed
a60449ac177b267070c2b39e,0,main,G2,6,cuda-mala-quasi_deer,4096,analyzed,valid,completed
a6120062a811798f38d4021e,2,cache,G2,23,cuda-mala-quasi_deer,4096,analyzed,measurement_available,unavailable
a62232294d7bd181c628fe75,1,main,A1,12,cuda-rwm-online_picard,1024,analyzed,valid,completed
a623e4fff3f731943e817443,1,main,G1,9,cuda-mala-sequential,4096,analyzed,valid,completed
a62ad88adc7f38fdbb344c0f,2,main,G1,22,cpu-mala-quasi_deer,1024,analyzed,valid,completed
a62bea54025155f02a833a35,0,main,G1,1,cuda-mala-quasi_deer,1024,analyzed,valid,completed
a6313a6d5641c16adee2288c,1,main,L1,8,cpu-rwm-online_picard,4096,analyzed,valid,completed
a638d9d928c9286baefffb4b,1,main,G2,15,cuda-mala-quasi_deer,1024,analyzed,valid,completed
a63b1d03e16101c699125a51,0,main,G1,7,cuda-rwm-online_picard,4096,analyzed,valid,completed
a63d4004b59e81f177e83c39,1,main,G2,13,cpu-rwm-sequential,1024,analyzed,valid,completed
a6515655a13894bd626a455a,0,main,A1,5,cuda-mala-sequential,4096,analyzed,valid,completed
a668da07393ce27f2cd5d13d,1,main,G2,12,cuda-mala-quasi_deer,4096,analyzed,valid,completed
a672f3c3cf5b2efbbc9913ab,1,main,H1,13,cuda-rwm-sequential,1024,analyzed,valid,completed
a681c850e7d9d2e78c066999,0,main,L2,5,cuda-mala-quasi_deer,1024,analyzed,valid,completed
a68d938b42b2a29c9d7d5493,0,main,G2,2,cpu-mala-sequential,4096,analyzed,valid,completed
a691e3a6178c2b855173b9e2,1,main,A1,15,cpu-rwm-online_picard,1024,analyzed,valid,completed
a695acc176dc2c8bcf20ed4c,2,main,M1,19,cuda-mala-quasi_deer,4096,analyzed,valid,completed
a6a57d5be8aa5abb11dd7d4c,0,main,L1,4,cpu-rwm-online_picard,4096,analyzed,valid,completed
a6a665aa0077f525d98e4561,0,main,L2,6,cpu-rwm-sequential,4096,analyzed,valid,completed
a6bad9e1aa5af1ba13dee2f7,0,main,G1,3,cpu-mala-quasi_deer,4096,analyzed,valid,completed
a6c402f4bbdc2121fc893f67,0,main,W1,0,cuda-rwm-online_picard,1024,analyzed,valid,completed
a6c84f809e01471b070c7b97,2,main,G1,18,cuda-rwm-sequential,1024,analyzed,valid,completed
a6e4a74b117980b1653f5241,1,main,H1,9,cuda-mala-quasi_deer,1024,analyzed,numerical_failure,unavailable
a6fc59e94abc3d07cd599e10,1,main,G2,9,cpu-mala-quasi_deer,1024,analyzed,valid,completed
a72d0ebe58c7ab0a28239c0b,2,cache,W1,16,cpu-rwm-online_picard,4096,analyzed,measurement_available,unavailable
a75e705e8a47925321d905ea,0,main,G2,0,cpu-mala-sequential,1024,analyzed,valid,completed
a790bd8aefc0c51a4e205bb7,0,main,M1,0,cuda-mala-sequential,4096,analyzed,valid,completed
a7b6167965eccfc30ff0b9aa,1,main,L1,10,cpu-rwm-online_picard,4096,analyzed,valid,completed
a7ba24c1e90a17c8a8bcf63f,0,main,H1,4,cpu-nuts-spawn_chains,4096,analyzed,output_failure_unclassified,unavailable
a7c8749b20fa593f5634bd13,2,main,M1,19,cuda-mala-sequential,4096,analyzed,valid,completed
a7e684a1cad3c200e120e10f,0,main,G2,3,cpu-rwm-online_picard,1024,analyzed,valid,completed
a803e2d65aee3c1d34f370ee,1,main,M1,14,cpu-rwm-online_picard,1024,analyzed,valid,completed
a81a3c72e1b87535b9831acc,0,main,L2,3,cpu-mala-quasi_deer,4096,analyzed,valid,completed
a82247b0a2c270b71adfb9cc,1,cache,L2,8,cpu-rwm-online_picard,1024,analyzed,measurement_available,unavailable
a8556ba95843eb836cbab581,0,main,W1,4,cpu-rwm-online_picard,1024,analyzed,valid,completed
a8591ea354b96b2c53082613,2,main,H1,18,cpu-rwm-sequential,4096,analyzed,valid,completed
a87576ebd95d78fffed0ad27,0,main,G1,3,cuda-rwm-online_picard,4096,analyzed,valid,completed
a876ad163ab4e64162351f32,1,main,L1,10,cpu-nuts-spawn_chains,1024,analyzed,valid,completed
a885176d7e73ed4df2a9ff6b,0,main,G1,2,cpu-rwm-online_picard,4096,analyzed,valid,completed
a89def4f61f08df71d5eae1e,1,main,G2,11,cpu-mala-quasi_deer,4096,analyzed,valid,completed
a8a64895eae968556ded27bb,0,main,L2,7,cuda-rwm-sequential,1024,analyzed,valid,completed
a8a9e559cbf5b8dd3763f372,2,main,L1,20,cpu-mala-sequential,1024,analyzed,valid,completed
a8b65b72b98b298e389bb814,1,main,L1,15,cpu-rwm-online_picard,1024,analyzed,valid,completed
a8c7b662b71eb0648e5f6a00,2,main,L2,19,cpu-rwm-sequential,1024,analyzed,valid,completed
a8cc4212d629b9a28f1d4bef,1,main,H1,14,cpu-mala-quasi_deer,4096,analyzed,numerical_failure,unavailable
a8f820923e6d23ff82e7f1dc,1,main,G1,15,cuda-mala-quasi_deer,4096,analyzed,valid,completed
a9036eb5651278608fe699f6,1,main,L2,12,cuda-rwm-sequential,1024,analyzed,valid,completed
a90a836029da7b303283c876,2,main,A1,18,cpu-nuts-spawn_chains,1024,analyzed,valid,completed
a922141f97cb0699f9f5a880,0,main,H1,2,cpu-rwm-online_picard,1024,analyzed,valid,completed
a93a01ffb03b5ebecea584d3,2,main,G1,18,cpu-rwm-sequential,1024,analyzed,valid,completed
a96698be3b30d9d4a75b05fa,1,main,H1,8,cuda-mala-sequential,1024,analyzed,valid,completed
a97cdc32f5130cda550b7131,2,cache,L2,23,cpu-mala-sequential,1024,analyzed,measurement_available,unavailable
a9843b2fa1549a8b07c8c474,2,main,W1,17,cuda-rwm-online_picard,4096,analyzed,valid,completed
a98799938158b8582191dd9b,2,cache,W1,23,cpu-rwm-sequential,1024,analyzed,measurement_available,unavailable
a99ba0a065ad30dea23842fd,1,main,A1,8,cuda-rwm-sequential,4096,analyzed,valid,completed
a99ee430778205654cfa2cfa,0,main,A1,7,cuda-mala-quasi_deer,4096,analyzed,valid,completed
a9a08a724ea24a253b5a2805,0,main,A1,7,cpu-rwm-online_picard,1024,analyzed,valid,completed
a9a6beab5765d5bb4c5d0633,0,main,L2,2,cuda-mala-quasi_deer,1024,analyzed,valid,completed
a9bfc4c76ef3eb39e2d34c12,0,main,G2,7,cuda-mala-sequential,4096,analyzed,valid,completed
a9ccb008591bb23e23379ead,0,main,H2,4,cpu-rwm-sequential,4096,analyzed,valid,completed
a9ec495e3a891b415640b5e6,1,main,H1,13,cuda-rwm-online_picard,4096,analyzed,valid,completed
aa010bb65155bf3e0702b3ba,1,main,L1,12,cuda-mala-sequential,4096,analyzed,valid,completed
aa0f008dfa326f0f90e96b5b,0,main,M1,6,cuda-mala-sequential,4096,analyzed,valid,completed
aa1e9942f2531636a3d71eab,0,main,H2,7,cuda-mala-sequential,1024,analyzed,valid,completed
aa590d5fd3cfb7be3544a7d8,0,main,M1,6,cuda-mala-quasi_deer,1024,analyzed,valid,completed
aa60304d2d0163cfff215171,2,main,G1,23,cuda-rwm-online_picard,1024,analyzed,valid,completed
aa63dce8110f6eec2bdad4b5,0,main,L1,7,cuda-rwm-sequential,4096,analyzed,valid,completed
aa687898486ba5aaeb340a6e,0,main,W1,7,cpu-nuts-spawn_chains,1024,analyzed,valid,completed
aa762da2111a2465d035374e,0,main,L2,2,cpu-rwm-online_picard,4096,analyzed,valid,completed
aa7cc47c6d4955cff65a6c7d,0,main,W1,0,cuda-rwm-sequential,4096,analyzed,valid,completed
aa7ecf6e2c444bedad5bfc90,0,main,G1,4,cuda-rwm-sequential,1024,analyzed,valid,completed
aa966807f73ea375239e3512,2,cache,W1,16,cuda-rwm-sequential,4096,analyzed,measurement_available,unavailable
aaa299b00d1299eeb10bc1d1,1,cache,G1,8,cuda-rwm-sequential,4096,analyzed,measurement_available,unavailable
aaa4fbcca2f4491542110754,0,main,A1,7,cuda-rwm-online_picard,1024,analyzed,valid,completed
aaa72d1b517acda0192b1808,1,main,W1,15,cpu-rwm-online_picard,4096,analyzed,valid,completed
aab4857acea233a27c8556d6,0,main,G1,2,cuda-rwm-sequential,4096,analyzed,valid,completed
aacfa677586dde53d870ce36,2,main,L1,22,cpu-rwm-online_picard,4096,analyzed,valid,completed
aadcceb1f4ddd158bcc9eaf0,1,main,H1,14,cpu-nuts-spawn_chains,4096,analyzed,output_failure_unclassified,unavailable
aae884e1c17ac90df2be4cbd,1,main,G1,12,cuda-rwm-online_picard,1024,analyzed,valid,completed
aaf5777b75e821d0790b6926,1,main,H1,15,cuda-mala-quasi_deer,4096,analyzed,numerical_failure,unavailable
ab09708e7907331cd06c3480,0,main,M1,7,cpu-rwm-online_picard,1024,analyzed,valid,completed
ab10f348223070d5a62902b5,1,main,H1,10,cpu-nuts-spawn_chains,4096,analyzed,output_failure_unclassified,unavailable
ab1f72018ace8a4566595ad6,1,main,H2,8,cuda-mala-sequential,4096,analyzed,valid,completed
ab1feb09f30d0fe899eda20a,2,main,W1,21,cpu-nuts-spawn_chains,1024,analyzed,valid,completed
ab472d8f7ee8100a0a4b1265,2,cache,G1,23,cpu-mala-sequential,4096,analyzed,measurement_available,unavailable
ab4a1147290dd4d14747b295,1,main,L1,10,cpu-rwm-online_picard,1024,analyzed,valid,completed
ab4c4ada2cb6cdcd6c6a7298,1,main,M1,13,cpu-nuts-spawn_chains,1024,analyzed,valid,completed
ab4fe106a05083cbce1c3dc5,1,main,G1,11,cpu-nuts-spawn_chains,1024,analyzed,valid,completed
ab62fab9c6b7a1f3fdfd9adb,0,main,H2,0,cpu-mala-sequential,4096,analyzed,valid,completed
ab72f66ba137d3d20e861f5a,0,main,W1,0,cpu-mala-quasi_deer,4096,analyzed,valid,completed
ab87fca9fc81d35e5700c401,1,main,G1,8,cuda-mala-sequential,4096,analyzed,valid,completed
ab8e1cbbb2c96f4407f5103d,0,cache,W1,0,cuda-rwm-sequential,4096,analyzed,measurement_available,unavailable
ab9dcb5f03246fbed438c8a5,2,main,G2,19,cuda-rwm-sequential,4096,analyzed,valid,completed
abafaf66ecd0903ee2b0a836,0,main,H2,2,cuda-mala-quasi_deer,1024,analyzed,valid,completed
abe78ed585cce6c5ac710f6a,0,main,L1,4,cuda-rwm-sequential,4096,analyzed,valid,completed
abf769037c81f865d0d56f2e,0,main,H2,6,cuda-mala-sequential,4096,analyzed,valid,completed
ac13ee54de82ae34fa5195b3,1,main,A1,11,cuda-mala-sequential,1024,analyzed,valid,completed
ac196d5047d8bcb89832f214,0,cache,L2,0,cuda-rwm-sequential,4096,analyzed,measurement_available,unavailable
ac2355f1052f80c43d5244e7,2,main,H2,18,cpu-nuts-spawn_chains,4096,analyzed,valid,completed
ac345ddf2049420c3ed9f7f1,2,main,G2,20,cpu-mala-quasi_deer,4096,analyzed,valid,completed
ac8a9bc0ab452c8adcf71093,0,main,M1,2,cpu-rwm-sequential,4096,analyzed,valid,completed
acb251d2adb7ec070a5293ce,1,main,G1,14,cpu-mala-sequential,1024,analyzed,valid,completed
ad01d0038e9efb4c0567fd14,2,main,H2,23,cuda-mala-sequential,4096,analyzed,valid,completed
ad149e819299177987601b76,2,main,M1,18,cpu-rwm-online_picard,4096,analyzed,valid,completed
ad14b3d5c15a992ee98153aa,2,main,W1,20,cpu-rwm-sequential,1024,analyzed,valid,completed
ad29edc0ae097df7c10192ea,1,main,H2,12,cpu-mala-sequential,1024,analyzed,valid,completed
ad2b4d51e2a09be7ad9390bc,2,main,G2,20,cpu-rwm-sequential,1024,analyzed,valid,completed
ad40ac665cae9beb4eabc87d,2,main,W1,16,cpu-nuts-spawn_chains,1024,analyzed,valid,completed
ad4603c54a4c44fc810dd874,2,main,A1,22,cpu-mala-quasi_deer,1024,analyzed,valid,completed
ad4f1691a21396cba481333b,2,main,G2,23,cpu-mala-quasi_deer,1024,analyzed,valid,completed
ad63600a480a5a6c317172eb,0,main,G2,0,cuda-mala-sequential,1024,analyzed,valid,completed
ad776457613f0cd7238026a3,1,cache,L2,8,cpu-rwm-online_picard,4096,analyzed,measurement_available,unavailable
ad795da702012e26a329a820,1,main,L2,14,cuda-mala-quasi_deer,1024,analyzed,valid,completed
ad8a9bbb1052b6b193ab759a,2,main,H2,17,cuda-mala-quasi_deer,4096,analyzed,valid,completed
ad8c895f958caa1b745be51f,2,main,H1,22,cpu-mala-sequential,1024,analyzed,valid,completed
ada20327f1ea32b0e4f9b30e,0,main,H1,7,cuda-rwm-sequential,4096,analyzed,valid,completed
adba227ac32315bf764f1fa2,0,main,W1,1,cpu-rwm-online_picard,4096,analyzed,valid,completed
adbe15f9303b7e84dcaf79bc,2,main,H1,21,cuda-rwm-sequential,4096,analyzed,valid,completed
adc08289e92fae4035785ad5,2,main,H2,20,cpu-nuts-spawn_chains,4096,analyzed,valid,completed
add9e09d36bbc2e328586864,0,main,G1,5,cuda-mala-quasi_deer,4096,analyzed,valid,completed
ade2e1c52e1c69baf6530433,2,main,H1,23,cpu-mala-quasi_deer,1024,analyzed,numerical_failure,unavailable
adf010c6b5d4f3c5c4e1bbd3,0,main,G1,7,cuda-rwm-sequential,4096,analyzed,valid,completed
adf9c7cdbe4e93e5a1647ee1,2,main,G1,20,cpu-mala-sequential,1024,analyzed,valid,completed
adfa4a06d4995b7b6ef0bd79,2,main,W1,18,cuda-mala-sequential,1024,analyzed,valid,completed
ae149fc060d005bc152d14c3,1,main,G1,8,cuda-mala-sequential,1024,analyzed,valid,completed
ae1c9e4afaf6135e0a339efa,1,main,W1,12,cuda-rwm-sequential,4096,analyzed,valid,completed
ae25a52a645c9613400b2b40,0,main,M1,4,cpu-rwm-sequential,4096,analyzed,valid,completed
ae273258f99a39fb07f3df18,2,main,G2,19,cpu-mala-quasi_deer,4096,analyzed,valid,completed
ae2931923c22df0006512387,2,main,L2,23,cuda-rwm-sequential,1024,analyzed,valid,completed
ae4a25682293d47d995ccf94,0,main,L1,1,cpu-rwm-online_picard,1024,analyzed,valid,completed
ae4cd7ed9a9f51924c706715,0,main,W1,6,cpu-rwm-sequential,1024,analyzed,valid,completed
ae7002303c7f3cf6c32902ae,2,main,G2,20,cuda-mala-quasi_deer,4096,analyzed,valid,completed
ae8467d892da7f237155c59d,2,main,W1,16,cpu-mala-sequential,4096,analyzed,valid,completed
ae992587a390e8b5a3f55a5b,2,main,L2,20,cuda-rwm-online_picard,4096,analyzed,valid,completed
aea2393617f7592760adf962,2,main,G1,22,cuda-rwm-online_picard,4096,analyzed,valid,completed
aeba480f61920cf9bab39e2c,0,main,L2,1,cpu-mala-sequential,1024,analyzed,valid,completed
aec285d7373a597b73a58377,2,main,L1,19,cpu-nuts-spawn_chains,1024,analyzed,valid,completed
aed8de563c3e95be292753f4,2,main,M1,21,cpu-mala-quasi_deer,4096,analyzed,valid,completed
aee681635e9081e10fc6f91d,0,main,G1,0,cuda-mala-sequential,1024,analyzed,valid,completed
aeeba38b2482b94f0ea056a6,0,main,G1,6,cpu-mala-quasi_deer,1024,analyzed,valid,completed
aef99bfe8c747db2b10eb069,2,main,W1,23,cpu-rwm-sequential,1024,analyzed,valid,completed
af0497d1a5cc423ac5fc33b6,2,main,G1,19,cpu-nuts-spawn_chains,1024,analyzed,valid,completed
af4f7501bba5cb7c74221a1b,2,main,L2,16,cuda-mala-quasi_deer,4096,analyzed,valid,completed
af936b914e50f4536026667b,2,main,A1,16,cuda-mala-quasi_deer,1024,analyzed,valid,completed
af9d303b186cd7147df40ad7,1,main,H2,11,cuda-mala-quasi_deer,4096,analyzed,valid,completed
afa7af5354f24ea781611653,1,main,H1,12,cpu-mala-sequential,4096,analyzed,valid,completed
afb702e7b3356a557cb89df7,2,main,L2,19,cpu-mala-sequential,1024,analyzed,valid,completed
afb707a931091d8bb27eacd3,1,main,L1,13,cpu-rwm-online_picard,1024,analyzed,valid,completed
afc5a3a997d4eeb45d3d26e1,0,main,W1,2,cuda-rwm-sequential,4096,analyzed,valid,completed
afcb38a37dd58c9c65d63395,2,main,A1,18,cpu-mala-sequential,1024,analyzed,valid,completed
afd9686e6b34aca49d826b7d,1,main,L1,11,cpu-nuts-spawn_chains,1024,analyzed,valid,completed
afebebacf5fe31c35444ae40,1,main,L2,9,cpu-nuts-spawn_chains,4096,analyzed,output_failure_unclassified,unavailable
afeca3eceb021b97cf8e9bab,0,main,W1,4,cuda-rwm-sequential,4096,analyzed,valid,completed
aff6a618a2693cba14b78a82,2,main,L1,18,cpu-mala-sequential,1024,analyzed,valid,completed
b004a1f674d225022f48cd99,2,main,A1,22,cpu-mala-sequential,1024,analyzed,valid,completed
b009a8ea1d7d32c9abe72dd9,1,main,G1,11,cpu-mala-quasi_deer,1024,analyzed,valid,completed
b02f7592279c1fa171b3e53d,2,main,L1,21,cuda-mala-quasi_deer,4096,analyzed,valid,completed
b04511cf5e54dfae93c96ed3,1,main,W1,14,cpu-mala-quasi_deer,1024,analyzed,valid,completed
b04770510e90034db9b323cb,0,main,A1,3,cpu-rwm-sequential,1024,analyzed,valid,completed
b04aa63d02d059d65e511281,0,main,M1,1,cuda-mala-quasi_deer,4096,analyzed,valid,completed
b05a549152f3a3e9483cd1c9,1,main,H2,8,cpu-mala-sequential,4096,analyzed,valid,completed
b06d619f6a06b755efce8dd3,2,main,G2,19,cuda-mala-sequential,1024,analyzed,valid,completed
b089e2bf45e35c37a3c0fa7b,2,main,W1,19,cpu-mala-sequential,1024,analyzed,valid,completed
b095116902e0b8fae27f8730,0,main,A1,4,cpu-nuts-spawn_chains,1024,analyzed,valid,completed
b0b15704f6f1e6104e0efb20,0,main,W1,5,cuda-mala-sequential,1024,analyzed,valid,completed
b0d505046a5d049071c2df56,2,cache,W1,16,cpu-rwm-sequential,1024,analyzed,measurement_available,unavailable
b0e07c25a143a03b8b37a67c,0,main,M1,4,cpu-rwm-sequential,1024,analyzed,valid,completed
b0ffca2a2c705453d0db5766,0,main,W1,7,cpu-mala-sequential,4096,analyzed,valid,completed
b0ffda338fa8b4d4ac883a29,2,main,A1,19,cuda-rwm-sequential,4096,analyzed,valid,completed
b110d1843429bddc95c821da,1,main,W1,13,cpu-mala-quasi_deer,1024,analyzed,valid,completed
b123ea4c5f860b5b8d6128a8,1,cache,G1,8,cpu-mala-quasi_deer,4096,analyzed,measurement_available,unavailable
b12d3211ae9497428ad914a0,2,main,H1,18,cpu-rwm-sequential,1024,analyzed,valid,completed
b136492484db73efc6a1fcf2,2,main,G1,22,cuda-rwm-sequential,4096,analyzed,valid,completed
b14cf5360f85552e25ed65f1,2,main,H2,23,cuda-mala-sequential,1024,analyzed,valid,completed
b153cfff1fb377918b56b2d2,2,main,L2,23,cpu-mala-sequential,1024,analyzed,valid,completed
b16b6fb891d65c718351a34c,2,main,M1,22,cpu-rwm-online_picard,4096,analyzed,valid,completed
b180352fb9745e357b24ddfb,2,main,L1,21,cpu-mala-sequential,1024,analyzed,valid,completed
b1861c14c79fa091fe89dd45,1,main,L2,10,cuda-rwm-sequential,1024,analyzed,valid,completed
b197fb548fbc5267eea41447,1,main,H1,11,cuda-rwm-sequential,1024,analyzed,valid,completed
b1ac0d9af1ed4627d2265b19,2,cache,G1,23,cpu-rwm-online_picard,1024,analyzed,measurement_available,unavailable
b1b663747e292f781839062d,1,main,G2,9,cpu-rwm-online_picard,1024,analyzed,valid,completed
b1df108ec95f5db81826b466,1,main,M1,10,cpu-rwm-online_picard,4096,analyzed,valid,completed
b1e4001d7eb6e34291118369,2,main,M1,16,cuda-rwm-sequential,4096,analyzed,valid,completed
b1ecbb3cc847e5ba989ecee9,2,main,G1,21,cpu-nuts-spawn_chains,4096,analyzed,valid,completed
b216a83d8a9e118cb913b9ad,0,main,M1,5,cpu-mala-sequential,1024,analyzed,valid,completed
b21fcc04d42d99edb18a0308,2,main,W1,18,cpu-rwm-sequential,4096,analyzed,valid,completed
b2325c6f931dd93bc1740cdd,2,main,W1,17,cpu-rwm-sequential,4096,analyzed,valid,completed
b237c060a463ee4476702893,0,main,G2,5,cpu-rwm-online_picard,4096,analyzed,valid,completed
b246a4688e74b174eb8d5e8b,2,main,L2,17,cuda-mala-sequential,1024,analyzed,valid,completed
b25f852fbef4b90f818301dd,2,main,G1,23,cpu-rwm-sequential,4096,analyzed,valid,completed
b25ff2a52c78e20addb3af95,0,main,H1,1,cuda-rwm-sequential,4096,analyzed,valid,completed
b263ff543f9c751e7a9b0911,1,main,L2,8,cpu-rwm-online_picard,4096,analyzed,valid,completed
b2a785ab6ec0df27176515c4,0,main,H2,3,cpu-rwm-online_picard,1024,analyzed,valid,completed
b2b7ae2b69ae6f536ca15e8b,0,main,H2,3,cuda-rwm-sequential,1024,analyzed,valid,completed
b2bdb32a34d9d04ccb1f02f9,2,main,H2,19,cpu-rwm-online_picard,1024,analyzed,valid,completed
b2de43049ceb237738cbce27,0,main,H1,7,cpu-rwm-online_picard,1024,analyzed,valid,completed
b2e751b8830d4ca6532111e7,2,cache,L2,23,cuda-rwm-sequential,1024,analyzed,measurement_available,unavailable
b308b5238651f7cac1a5c383,0,main,L1,4,cpu-mala-quasi_deer,1024,analyzed,valid,completed
b30d92ea9e73720bda9b3a21,1,main,G2,10,cuda-mala-sequential,4096,analyzed,valid,completed
b31febb4bb775467959b23b9,2,main,H2,21,cuda-mala-quasi_deer,4096,analyzed,valid,completed
b3262b43c97f174ead5eb7e3,0,main,G1,7,cpu-mala-quasi_deer,4096,analyzed,valid,completed
b3273a0fd7f9a9af9291d727,1,main,H2,12,cpu-nuts-spawn_chains,1024,analyzed,valid,completed
b33a2b6a698cc7071c500ec1,1,main,A1,15,cuda-mala-quasi_deer,4096,analyzed,valid,completed
b341ef4a81204038292a6b76,0,main,L2,1,cuda-mala-quasi_deer,1024,analyzed,valid,completed
b34799d0644ff5424565b45f,1,main,G2,14,cpu-rwm-sequential,1024,analyzed,valid,completed
b37dc46be218541de7ae435a,2,main,L1,17,cpu-rwm-online_picard,4096,analyzed,valid,completed
b3828dd80db06023c704616e,2,main,A1,21,cuda-rwm-sequential,1024,analyzed,valid,completed
b3aa510aa0a2b8cfd767e33a,2,main,M1,20,cuda-mala-sequential,4096,analyzed,valid,completed
b3ce783240e1bb2a80788fa9,0,cache,G2,0,cuda-rwm-online_picard,1024,analyzed,measurement_available,unavailable
b3d149fe89419cadcc97942a,2,main,G1,16,cpu-mala-sequential,1024,analyzed,valid,completed
b3de451b4ae73d979080ff90,2,main,A1,17,cpu-nuts-spawn_chains,4096,analyzed,valid,completed
b3e423bd9a5965b4d16de7d1,0,main,H1,1,cpu-nuts-spawn_chains,1024,analyzed,valid,completed
b416b2c7cdf0182b25c8f2d0,2,main,L2,20,cpu-mala-sequential,4096,analyzed,valid,completed
b41ad54591ed3d0c9f739fd6,0,main,M1,2,cuda-mala-quasi_deer,1024,analyzed,valid,completed
b44b5ed3fbd7a917efcd4595,2,main,L1,18,cuda-rwm-online_picard,4096,analyzed,valid,completed
b45ec42e9974df95c10149e4,2,main,G1,20,cuda-mala-sequential,1024,analyzed,valid,completed
b46a7ab83d0036881c8dea0e,0,main,L2,3,cuda-rwm-sequential,4096,analyzed,valid,completed
b47167e772902189a0c95526,0,main,W1,2,cpu-mala-quasi_deer,4096,analyzed,valid,completed
b4d0b2b222d2bf5911497be6,2,main,W1,23,cpu-nuts-spawn_chains,1024,analyzed,valid,completed
b4d747012eb0cce76fc99d13,1,main,M1,9,cpu-rwm-sequential,1024,analyzed,valid,completed
b4d75aa4a2c726a871415c77,0,main,L2,0,cuda-mala-sequential,4096,analyzed,valid,completed
b4e1d30ec62f86ccbfee1f7e,2,main,L1,17,cuda-mala-quasi_deer,1024,analyzed,valid,completed
b4e2fd1d2e50ef3c7aa7a3ed,2,main,H2,19,cpu-rwm-sequential,1024,analyzed,valid,completed
b4ed84b032eeff47b39a2dce,1,main,W1,9,cuda-mala-sequential,1024,analyzed,valid,completed
b4ef4e7264f3623ae10facd3,2,main,H2,20,cuda-rwm-sequential,1024,analyzed,valid,completed
b4ffe694d8d0b5989d80e2bb,2,main,L2,20,cpu-nuts-spawn_chains,4096,analyzed,valid,completed
b5022e9db1c8eedcee829023,2,main,L2,21,cuda-rwm-sequential,4096,analyzed,valid,completed
b51f4c62664cca9b6aa58d17,1,main,G1,9,cuda-rwm-sequential,4096,analyzed,valid,completed
b562c50113fba5cc36df7b77,1,main,L2,14,cuda-rwm-online_picard,4096,analyzed,valid,completed
b58e36b0e79092155d70146a,2,cache,G1,16,cpu-mala-quasi_deer,1024,analyzed,measurement_available,unavailable
b5a17dc57fc5c3789524570c,1,main,W1,8,cuda-mala-sequential,1024,analyzed,valid,completed
b5a47569b1bac7b095e62699,2,main,L2,23,cpu-rwm-online_picard,1024,analyzed,valid,completed
b5aee9c668afe4b485e4d60b,2,main,H2,23,cpu-mala-sequential,4096,analyzed,valid,completed
b5c9953d1cb7e7e3615e51a6,0,cache,G1,0,cuda-mala-sequential,4096,analyzed,measurement_available,unavailable
b5d1c41547f0834dbbf0e5fd,2,main,H2,21,cuda-mala-quasi_deer,1024,analyzed,valid,completed
b5dae2f9d0c297dcbf69b4ff,0,main,G2,7,cpu-nuts-spawn_chains,1024,analyzed,valid,completed
b5e8a75bb1a29ac93917a651,2,main,L2,16,cpu-rwm-online_picard,4096,analyzed,valid,completed
b5f01ce7c9cccbbab1e7b513,2,main,H1,19,cpu-rwm-sequential,1024,analyzed,valid,completed
b5f9ce035395820732bd8b0a,0,main,G2,1,cpu-rwm-sequential,4096,analyzed,valid,completed
b61bea7291fd84d6dd782849,1,main,L1,13,cpu-rwm-sequential,4096,analyzed,valid,completed
b62a221f23deb2860c9ec3fd,0,main,H1,5,cuda-rwm-sequential,1024,analyzed,valid,completed
b62fa7d08b893a45405f9bcf,2,main,A1,18,cpu-rwm-online_picard,4096,analyzed,valid,completed
b636cb6d647688854c525fa0,0,main,G2,0,cpu-rwm-online_picard,1024,analyzed,valid,completed
b657b10d5ba0cd23f4f810c7,1,main,L2,12,cpu-nuts-spawn_chains,4096,analyzed,output_failure_unclassified,unavailable
b65e7413c286a4f5711b84e5,1,main,G2,9,cpu-rwm-online_picard,4096,analyzed,valid,completed
b67ee25d704de9a27def1209,2,main,L1,18,cpu-rwm-sequential,1024,analyzed,valid,completed
b6b15fe92ade69c00e4d7b47,1,main,G2,8,cpu-mala-quasi_deer,4096,analyzed,valid,completed
b6b2462f1eead3b38e533d9b,0,main,W1,6,cuda-rwm-sequential,1024,analyzed,valid,completed
b6c560027b5e51e8a32fb9e5,2,main,L1,23,cpu-nuts-spawn_chains,4096,analyzed,output_failure_unclassified,unavailable
b6dc988e0caed1d37af8b507,1,main,G2,12,cpu-rwm-online_picard,4096,analyzed,valid,completed
b6edb5a086c30b22fd1e2666,1,main,H1,9,cuda-mala-sequential,1024,analyzed,valid,completed
b707c61441b24c1017307be1,0,main,W1,1,cpu-mala-sequential,1024,analyzed,valid,completed
b71f3ecc4cd4604ddc0d427b,0,main,G1,1,cpu-nuts-spawn_chains,1024,analyzed,valid,completed
b720309dfc48d292bda5121a,2,main,L2,16,cuda-rwm-sequential,4096,analyzed,valid,completed
b7360b3ae762b0f84f85464f,1,main,G1,10,cpu-mala-quasi_deer,4096,analyzed,valid,completed
b754fe47a93dc792c7833ca5,0,cache,G1,0,cuda-mala-quasi_deer,1024,analyzed,measurement_available,unavailable
b787dde881930acaea210437,1,main,H2,8,cpu-rwm-sequential,1024,analyzed,valid,completed
b788f37cf77c91a984e7b25b,2,main,L1,18,cuda-mala-sequential,4096,analyzed,valid,completed
b7b540adce5a0bc27a623487,2,main,G1,21,cpu-rwm-online_picard,1024,analyzed,valid,completed
b7c5bec6e3e0fc341da50e79,0,main,G1,7,cpu-mala-sequential,4096,analyzed,valid,completed
b7d1ea93808890bb2ddc0606,1,cache,G1,8,cuda-rwm-online_picard,1024,analyzed,measurement_available,unavailable
b7eb29b5755aa4e6eb6199b8,1,main,A1,14,cpu-mala-quasi_deer,4096,analyzed,valid,completed
b8078bb38f77b76792fd84da,0,main,W1,5,cpu-nuts-spawn_chains,1024,analyzed,valid,completed
b808c3bb80a2f0aef05ae596,1,main,H1,12,cpu-rwm-sequential,1024,analyzed,valid,completed
b82bb63e6eb3b4bbd069b4c0,2,main,H1,23,cuda-rwm-sequential,4096,analyzed,valid,completed
b82c7ae40b8b2b4b228a08b2,0,main,G1,4,cuda-rwm-online_picard,4096,analyzed,valid,completed
b83008cbf547715e541b3ff8,2,main,H1,16,cpu-rwm-sequential,4096,analyzed,valid,completed
b839a018dbe7d655b900c3e3,2,cache,G1,16,cuda-rwm-online_picard,4096,analyzed,measurement_available,unavailable
b83e6512c0c053bad74a3852,0,main,L2,6,cpu-nuts-spawn_chains,4096,analyzed,output_failure_unclassified,unavailable
b84dfa40813a9f0e9102983f,1,main,G1,13,cpu-rwm-sequential,1024,analyzed,valid,completed
b8546f1c83d6e9b951f35949,2,main,H1,17,cuda-rwm-sequential,4096,analyzed,valid,completed
b85d963fb4ea7a3b8db70fb8,0,main,L1,7,cpu-mala-quasi_deer,4096,analyzed,valid,completed
b85edbecedf8185f4a674abb,1,main,L2,11,cuda-rwm-sequential,4096,analyzed,valid,completed
b8681f49ac55344387e0c4a1,1,main,W1,12,cuda-rwm-online_picard,4096,analyzed,valid,completed
b87c3162ba22ddc920e621de,0,main,H2,3,cpu-nuts-spawn_chains,4096,analyzed,output_failure_unclassified,unavailable
b881de3cfefea680bf86c95c,2,main,W1,21,cuda-rwm-online_picard,4096,analyzed,valid,completed
b894f099f0abb44fb674104c,2,main,H1,18,cuda-mala-quasi_deer,1024,analyzed,valid,completed
b8a0fa8ad5040b239d379bde,2,main,W1,19,cuda-mala-quasi_deer,1024,analyzed,valid,completed
b8b412e74119be806b863743,2,main,G2,19,cpu-rwm-online_picard,4096,analyzed,valid,completed
b8b47a778218c35b4f9263b9,2,main,G1,21,cpu-mala-sequential,1024,analyzed,valid,completed
b8be74968b4ea20df2733e20,2,main,W1,17,cpu-rwm-online_picard,4096,analyzed,valid,completed
b8ca4589a9cb2adc6dee2490,0,main,G2,5,cpu-rwm-sequential,1024,analyzed,valid,completed
b90886f6a045f784b914ba12,1,main,G1,15,cpu-rwm-sequential,4096,analyzed,valid,completed
b9148561fffe45c05d99921f,2,main,A1,16,cpu-mala-sequential,1024,analyzed,valid,completed
b91c75f7108d98367db09ebc,1,main,M1,8,cpu-mala-sequential,4096,analyzed,valid,completed
b94b2a48cdc331176da7668d,2,main,A1,21,cuda-mala-quasi_deer,1024,analyzed,valid,completed
b97340c96bbc3779931d1f47,1,main,L2,15,cuda-mala-quasi_deer,1024,analyzed,valid,completed
b97729bb12d0a0dbf578921f,0,main,G2,5,cpu-nuts-spawn_chains,1024,analyzed,valid,completed
b98a435291e30a129cd18dc0,0,main,G1,6,cpu-mala-sequential,1024,analyzed,valid,completed
b98ea50432a8fbb12894864e,2,cache,W1,16,cpu-rwm-online_picard,1024,analyzed,measurement_available,unavailable
b998acb48674e9951a4f211a,2,main,G2,18,cuda-rwm-online_picard,1024,analyzed,valid,completed
b9a067447748d04bf76325ca,0,main,G2,1,cuda-mala-quasi_deer,1024,analyzed,valid,completed
b9b4770b0c03d5a21eb88565,2,main,W1,22,cuda-rwm-online_picard,1024,analyzed,valid,completed
b9bbcd16620b7fcc9d562ac2,2,main,G2,20,cuda-mala-sequential,4096,analyzed,valid,completed
b9c09b7af966c6dd889bb701,1,main,G2,13,cuda-mala-sequential,1024,analyzed,valid,completed
b9c9f04fdc9199c7242e64b6,2,main,L1,19,cpu-mala-quasi_deer,1024,analyzed,valid,completed
b9cbb5cfdbe16befe7cc64c5,1,main,A1,9,cuda-mala-quasi_deer,1024,analyzed,valid,completed
b9cbd642a8c4b1507d0794a8,1,main,W1,12,cpu-nuts-spawn_chains,1024,analyzed,valid,completed
b9d527ef7c8195a24326a81e,1,main,H2,11,cpu-mala-sequential,1024,analyzed,valid,completed
ba21d2ca348df93228e2b65b,1,main,G1,11,cuda-rwm-sequential,1024,analyzed,valid,completed
ba269648b7913f030cc3ff94,0,main,W1,6,cpu-mala-quasi_deer,1024,analyzed,valid,completed
ba309ef52ffe0b982db78ead,2,main,M1,23,cpu-rwm-sequential,1024,analyzed,valid,completed
ba32b121c0bcdd8812ebed76,1,main,G1,14,cpu-rwm-sequential,4096,analyzed,valid,completed
ba49036d344c80eac099aeed,1,main,L1,14,cuda-rwm-online_picard,4096,analyzed,valid,completed
ba51981aee5c7a3afaaec7f4,2,main,L2,17,cuda-mala-quasi_deer,4096,analyzed,valid,completed
ba56b47fd5bf7a62970be5e4,1,main,L1,12,cuda-rwm-sequential,4096,analyzed,valid,completed
ba5f3536bb6f4942465e3409,1,main,G2,9,cpu-mala-quasi_deer,4096,analyzed,valid,completed
ba6942c0edd8a71097c658d2,0,main,G2,1,cpu-rwm-online_picard,1024,analyzed,valid,completed
ba77f8596f0f2a8d597e35f2,1,main,W1,14,cuda-rwm-online_picard,4096,analyzed,valid,completed
ba8b7236e13007603d55d056,0,main,L2,6,cuda-mala-sequential,1024,analyzed,valid,completed
ba913a75c4df48377365c362,2,main,H2,21,cpu-mala-quasi_deer,4096,analyzed,valid,completed
baac260d1208456b9111a2c9,2,main,M1,20,cuda-mala-sequential,1024,analyzed,valid,completed
babd0a82e7f3aa4101a77ae4,1,main,H1,15,cpu-rwm-online_picard,4096,analyzed,valid,completed
bac3213e97fbcf101834f587,0,main,H1,0,cpu-mala-sequential,1024,analyzed,valid,completed
bad0361998c1c6ebe4f2ffb7,2,main,H2,22,cpu-rwm-sequential,4096,analyzed,valid,completed
bad197eeca1a1e580bfad404,0,main,H2,1,cuda-mala-sequential,4096,analyzed,valid,completed
bae0d56e1ed89a63ca7a5173,1,main,L1,13,cuda-mala-sequential,1024,analyzed,valid,completed
bae519ffb0caa773f4b49f65,1,main,A1,9,cpu-mala-sequential,1024,analyzed,valid,completed
bae8f2f3bf77a9e658e0a3b5,1,main,H2,15,cpu-mala-sequential,1024,analyzed,valid,completed
bb0570a33f9a8dd81a6386d8,1,main,L2,14,cuda-rwm-sequential,4096,analyzed,valid,completed
bb24369eb8fa8220a9d0d9a4,0,main,L1,3,cuda-rwm-sequential,1024,analyzed,valid,completed
bb39e014691fa42bc7fcf957,0,main,L1,2,cpu-mala-sequential,1024,analyzed,valid,completed
bb5515db30b0f81b3cb02512,2,main,A1,23,cpu-mala-sequential,4096,analyzed,valid,completed
bb57bc75b2c898c15ba46159,0,main,W1,7,cpu-rwm-online_picard,1024,analyzed,valid,completed
bb5dc0439ba3a61018e0c722,0,main,L1,1,cpu-mala-quasi_deer,4096,analyzed,valid,completed
bb6703e06cce6086866703cb,1,main,G2,10,cuda-mala-sequential,1024,analyzed,valid,completed
bb7896af9ecf4230bd1f62d3,1,main,M1,11,cuda-rwm-online_picard,4096,analyzed,valid,completed
bb7b595708ad070254ac565a,1,main,M1,9,cuda-rwm-sequential,4096,analyzed,valid,completed
bb87b7f48857ef394f19fc1a,0,main,M1,6,cpu-mala-sequential,1024,analyzed,valid,completed
bb8fad34b9c6bc3e7b53792a,0,main,H1,4,cpu-mala-sequential,1024,analyzed,valid,completed
bbbc796fe807118b529e69b4,0,main,W1,2,cuda-rwm-sequential,1024,analyzed,valid,completed
bbc1496c16ed20d6bfca60fd,0,main,H1,5,cpu-rwm-sequential,1024,analyzed,valid,completed
bbcccb1b76e0b8dd144915a6,2,main,M1,16,cpu-rwm-online_picard,1024,analyzed,valid,completed
bbe3f895c30fc5cc422c7b61,2,main,M1,22,cpu-mala-quasi_deer,1024,analyzed,valid,completed
bc16c0b08fb8a0a185cc75ee,2,main,H1,18,cuda-mala-quasi_deer,4096,analyzed,valid,completed
bc2c58f27887b47f88c58573,1,cache,G2,8,cpu-mala-quasi_deer,4096,analyzed,measurement_available,unavailable
bc370f0e83656102ca768d9b,0,main,H1,1,cuda-mala-quasi_deer,4096,analyzed,valid,completed
bc7521a54bf56ac2e66debdd,0,main,L1,7,cuda-mala-sequential,4096,analyzed,valid,completed
bc80796e3741776d283ee55f,1,main,M1,9,cuda-rwm-online_picard,1024,analyzed,valid,completed
bcb5e0f2277676dadc1c879f,2,main,W1,23,cuda-mala-quasi_deer,1024,analyzed,valid,completed
bcbc696fc47e3ff37bbd3dc5,0,main,H1,0,cpu-rwm-sequential,1024,analyzed,valid,completed
bcd704a2f1a0b55cdb31d6f6,0,main,M1,3,cpu-rwm-sequential,4096,analyzed,valid,completed
bcda318634b48b1afb346e68,2,cache,W1,23,cuda-rwm-sequential,1024,analyzed,measurement_available,unavailable
bce5938b35e2e4c3709db2b0,1,main,L2,10,cpu-mala-quasi_deer,4096,analyzed,valid,completed
bcfcbb9be0266b06a658ac88,2,main,A1,19,cuda-mala-sequential,1024,analyzed,valid,completed
bd014331e73b13286dec8e9f,0,main,G1,3,cuda-rwm-sequential,4096,analyzed,valid,completed
bd0888e3187c56a79c3f7335,1,main,H2,10,cpu-mala-quasi_deer,4096,analyzed,valid,completed
bd1a6986fcf893f37e97a2a6,1,main,L1,14,cpu-nuts-spawn_chains,1024,analyzed,valid,completed
bd2ac14f9446a80531c9eca2,2,main,G2,20,cuda-mala-sequential,1024,analyzed,valid,completed
bd7261af6dd898693cebb091,2,main,H2,18,cpu-nuts-spawn_chains,1024,analyzed,valid,completed
bd7845d721482326c26a684c,1,main,G1,10,cpu-rwm-sequential,1024,analyzed,valid,completed
bd7d147def1b4a792f26aee8,2,main,G1,16,cuda-rwm-online_picard,1024,analyzed,valid,completed
bd813d6ea2f1318ea5d96882,1,main,L2,9,cpu-rwm-sequential,1024,analyzed,valid,completed
bd9874d47e66a7f9f1e76cf8,0,cache,L2,0,cpu-rwm-sequential,1024,analyzed,measurement_available,unavailable
bdbc59d891d5586d0d7d00f7,0,main,L2,6,cuda-mala-quasi_deer,1024,analyzed,valid,completed
bdc1d2217f56e56c5b397068,0,main,A1,2,cuda-rwm-sequential,1024,analyzed,valid,completed
bdd000cd7ea6466a70ca9cbf,2,main,L1,19,cuda-mala-quasi_deer,1024,analyzed,valid,completed
bde3afe19786addda8cdb238,1,main,H1,8,cuda-rwm-online_picard,1024,analyzed,valid,completed
bded46e8742fd101b7300946,2,main,M1,18,cpu-mala-sequential,1024,analyzed,valid,completed
be0fd3c1512b7a2a6d0a4b5d,1,main,L1,13,cpu-nuts-spawn_chains,4096,analyzed,output_failure_unclassified,unavailable
be1403b8b192fd2a53dfb8c9,1,main,H1,13,cuda-rwm-online_picard,1024,analyzed,valid,completed
be254a92f151f6780e93494d,1,main,H1,15,cpu-rwm-sequential,1024,analyzed,valid,completed
be38b34e3beb4f1fa511e4f7,1,main,H2,9,cuda-rwm-sequential,4096,analyzed,valid,completed
be42ac689a9fa976ce11c574,2,main,G1,21,cpu-rwm-sequential,1024,analyzed,valid,completed
be52006fd1745cd5425e9fe7,0,main,G2,7,cuda-mala-quasi_deer,4096,analyzed,valid,completed
be71944a68df25c0926e6754,0,main,H2,6,cuda-rwm-sequential,1024,analyzed,valid,completed
be8abd6bdd658b872da06f76,2,main,W1,17,cpu-mala-sequential,4096,analyzed,valid,completed
bebf599c2d69bb3fd2448847,1,main,M1,10,cuda-mala-sequential,1024,analyzed,valid,completed
bece58fec6374331cfedf571,1,main,L2,10,cpu-mala-sequential,1024,analyzed,valid,completed
bed25ec637db71ef863125ea,2,main,H1,19,cpu-rwm-sequential,4096,analyzed,valid,completed
bed6ece3b3f2c1e706a5cbca,0,main,H2,3,cuda-mala-sequential,4096,analyzed,valid,completed
bee372e171bb658b90a3d6c5,1,main,W1,12,cpu-mala-sequential,1024,analyzed,valid,completed
bf009cec3b75af3b6c2c6526,2,main,L2,21,cuda-rwm-online_picard,1024,analyzed,valid,completed
bf1a9cb2ea03f82fb6f613cb,2,main,L2,18,cuda-mala-quasi_deer,1024,analyzed,valid,completed
bf2473e2cd0c2ab6a926d4e1,0,main,L2,3,cpu-rwm-online_picard,1024,analyzed,valid,completed
bf2d7254ca5ad9a13432c432,0,main,G1,1,cuda-rwm-sequential,4096,analyzed,valid,completed
bf383c73c8042b239a4def73,0,main,W1,5,cuda-rwm-sequential,4096,analyzed,valid,completed
bf3da32b32168d06a6d8c806,0,main,H1,6,cuda-rwm-sequential,4096,analyzed,valid,completed
bf6a23c2663207f566e92cf5,1,main,L1,11,cuda-rwm-sequential,1024,analyzed,valid,completed
bf76259dda115b26d5bb9f09,2,main,H1,20,cpu-nuts-spawn_chains,4096,analyzed,valid,completed
bf8587e8b30a62104b2fd768,2,cache,G2,16,cuda-mala-quasi_deer,1024,analyzed,measurement_available,unavailable
bf8bcd09085a16808d602f8b,1,main,A1,8,cuda-rwm-online_picard,1024,analyzed,valid,completed
bfb4a2787b039deb80a4500a,0,main,L2,7,cuda-rwm-online_picard,1024,analyzed,valid,completed
bfbc81a7a5d955ab697996be,2,main,L2,23,cpu-rwm-sequential,4096,analyzed,valid,completed
bfbd2e3fa4f67b22842ff7dc,0,main,H2,7,cuda-mala-quasi_deer,4096,analyzed,valid,completed
bfd2dfb5a63a85e9d59c0e4c,2,main,W1,17,cuda-mala-quasi_deer,4096,analyzed,valid,completed
bfd6ed51bb4aec3d41174fed,0,main,H1,6,cuda-rwm-sequential,1024,analyzed,valid,completed
bfe4c0f9245158687e2de2dd,0,main,H1,5,cpu-nuts-spawn_chains,4096,analyzed,output_failure_unclassified,unavailable
bfe78247884f361fc46b2762,2,main,M1,23,cpu-rwm-online_picard,1024,analyzed,valid,completed
c0135bd86d5821fecbfa2ea9,1,main,W1,12,cpu-rwm-sequential,4096,analyzed,valid,completed
c01b5376185691aace42e81b,0,main,H2,2,cuda-rwm-online_picard,4096,analyzed,valid,completed
c03550b16478d547ef432154,0,cache,L2,0,cuda-rwm-sequential,1024,analyzed,measurement_available,unavailable
c06b019142172c748cc5c34b,1,main,G1,11,cuda-mala-sequential,4096,analyzed,valid,completed
c07226414dd0959608dfd736,2,main,H2,19,cpu-mala-quasi_deer,4096,analyzed,valid,completed
c077037a20e1140911a6f8f7,2,main,G2,17,cuda-mala-quasi_deer,1024,analyzed,valid,completed
c0778411dcdcbb26ae5e3600,2,main,L2,17,cpu-rwm-online_picard,4096,analyzed,valid,completed
c07a791a6ccea440caf436ba,2,main,H1,19,cpu-nuts-spawn_chains,4096,analyzed,valid,completed
c0882bf970703b3cf8f3f9ab,1,main,W1,12,cpu-rwm-online_picard,4096,analyzed,valid,completed
c0aa79c6914d252e47d611de,0,main,H1,2,cuda-mala-quasi_deer,4096,analyzed,numerical_failure,unavailable
c0c9f4ffb93c315acb93e84e,0,main,A1,0,cpu-mala-quasi_deer,4096,analyzed,valid,completed
c0cec314ab5233336e19ab79,1,cache,G2,8,cuda-rwm-sequential,4096,analyzed,measurement_available,unavailable
c0cedd85444521d93090c7bb,1,main,G2,11,cpu-mala-sequential,4096,analyzed,valid,completed
c0e681c7b1464b67c4f8393c,1,main,H2,9,cpu-nuts-spawn_chains,4096,analyzed,output_failure_unclassified,unavailable
c0f66b2d7f389ec7499e8cf6,0,main,M1,0,cpu-rwm-sequential,4096,analyzed,valid,completed
c10dd86fa01ef6d1419b81e0,2,main,G1,19,cpu-rwm-online_picard,1024,analyzed,valid,completed
c10f2e99ef4447bc105d2670,2,cache,W1,16,cuda-rwm-online_picard,4096,analyzed,measurement_available,unavailable
c122563b9147bbd68fe7b31a,0,main,L1,4,cuda-mala-quasi_deer,4096,analyzed,valid,completed
c15ca740c34b62d1c87dfcea,1,main,H1,12,cpu-mala-quasi_deer,4096,analyzed,valid,completed
c163bbb5c14d8d0efddbfb4c,1,main,G2,14,cuda-mala-sequential,1024,analyzed,valid,completed
c1691c93157b967df6c7f7c1,2,main,W1,23,cpu-rwm-online_picard,1024,analyzed,valid,completed
c16ae929b023b1afd5d20cef,2,main,H1,22,cuda-rwm-sequential,1024,analyzed,valid,completed
c17c0182584e0f964f1848e3,1,main,H2,11,cpu-mala-quasi_deer,1024,analyzed,valid,completed
c19722d6dbc875b7d432e5ce,1,main,A1,9,cpu-mala-quasi_deer,4096,analyzed,valid,completed
c1998f1b77fc2fea31b15e07,0,main,W1,1,cuda-mala-sequential,1024,analyzed,valid,completed
c1af7339c9a1110d1bd4723f,2,main,H2,21,cpu-mala-sequential,4096,analyzed,valid,completed
c1b52c1da8391b31ae6b1e63,2,main,M1,16,cpu-rwm-sequential,1024,analyzed,valid,completed
c1b7db05d2ec51b8350320bc,1,main,H2,15,cpu-mala-quasi_deer,1024,analyzed,valid,completed
c1c861804485ded1fb370260,2,main,W1,21,cpu-rwm-online_picard,4096,analyzed,valid,completed
c1d0685eb85f61f57d19bac2,0,main,H2,5,cuda-rwm-sequential,4096,analyzed,valid,completed
c1f2b79880851b3c2fc53f57,1,main,L2,13,cuda-mala-sequential,1024,analyzed,valid,completed
c1f3108c6b9bcbd9fa677c2d,2,cache,W1,16,cuda-rwm-sequential,1024,analyzed,measurement_available,unavailable
c1f819ed98e70dc45c025f7b,0,main,G2,5,cuda-rwm-sequential,1024,analyzed,valid,completed
c1fc792a3f9c2da4df307be2,0,main,L1,6,cuda-rwm-sequential,1024,analyzed,valid,completed
c2106ca466767b08a35dcfd9,2,main,G2,18,cuda-mala-quasi_deer,4096,analyzed,valid,completed
c228719f75cb2cabceb95ca6,2,main,L2,21,cpu-rwm-online_picard,1024,analyzed,valid,completed
c232da42b922a898a076c1c5,0,main,M1,3,cpu-rwm-sequential,1024,analyzed,valid,completed
c23619a84432a454dfeeecf6,2,main,G1,20,cpu-mala-quasi_deer,1024,analyzed,valid,completed
c2470cf81b15b1e53ddff516,0,main,M1,7,cuda-mala-quasi_deer,1024,analyzed,valid,completed
c25965b4e9119da9537afa38,2,main,W1,20,cpu-mala-sequential,1024,analyzed,valid,completed
c26649ae5823c7e1d92c6d67,2,main,G1,20,cpu-nuts-spawn_chains,4096,analyzed,valid,completed
c26e16384356cd52f9349d76,1,main,W1,9,cuda-rwm-sequential,1024,analyzed,valid,completed
c270560b1a8a0c2444b9e9f5,2,main,G1,23,cpu-nuts-spawn_chains,4096,analyzed,valid,completed
c2a67ae5a9ca28120414e618,1,main,W1,14,cpu-rwm-online_picard,4096,analyzed,valid,completed
c2aa29565ed9049277d0635f,1,main,L1,13,cpu-mala-sequential,1024,analyzed,valid,completed
c2ad3af2134b8f8bbdc11fdf,0,main,H2,1,cuda-rwm-sequential,1024,analyzed,valid,completed
c2f6fd9a82c9b8148c6cf24a,1,main,G1,11,cpu-rwm-online_picard,1024,analyzed,valid,completed
c3143efd14493f40523d92a1,2,main,L2,17,cpu-nuts-spawn_chains,4096,analyzed,valid,completed
c31f8da62bd72fca2d5d0bfe,0,main,W1,1,cpu-mala-sequential,4096,analyzed,valid,completed
c33c61291c68cb31ad8189ae,2,main,A1,18,cpu-mala-quasi_deer,4096,analyzed,valid,completed
c343d89e81a9ceecca232286,1,main,L1,12,cpu-mala-sequential,4096,analyzed,valid,completed
c358b6432b6d26e8ebabf221,0,main,L2,7,cpu-mala-quasi_deer,4096,analyzed,valid,completed
c365899851209db404dcc805,0,main,W1,1,cpu-mala-quasi_deer,4096,analyzed,valid,completed
c3703d4ad2f4c4be7f579610,2,main,G1,22,cuda-rwm-sequential,1024,analyzed,valid,completed
c3a9227e4de06fe0361ee4c6,1,main,M1,9,cpu-mala-quasi_deer,4096,analyzed,valid,completed
c3af3f70aec78d3e9374dcb8,1,main,G1,10,cuda-mala-sequential,4096,analyzed,valid,completed
c3d0e6c7347eb1780de71b8b,1,main,G1,15,cpu-mala-quasi_deer,4096,analyzed,valid,completed
c3d1e53c19835f009c28b2e3,0,main,M1,1,cuda-mala-sequential,4096,analyzed,valid,completed
c3d53478227e690ddb26dd2a,0,main,A1,1,cuda-rwm-online_picard,1024,analyzed,valid,completed
c3dbca16638a8eb618d661b7,2,main,L1,17,cpu-mala-quasi_deer,4096,analyzed,valid,completed
c3e4d20e6aa97ddbe674f797,2,main,G1,21,cuda-mala-sequential,4096,analyzed,valid,completed
c40084930d1d29cd3b263213,0,main,H2,6,cpu-mala-sequential,4096,analyzed,valid,completed
c4063a694e967d1c84d218fd,2,main,L1,23,cuda-mala-sequential,1024,analyzed,valid,completed
c40d56ca91c35fadb6f7cf41,0,main,W1,5,cuda-mala-sequential,4096,analyzed,valid,completed
c417504204be97d6f25b5ef2,2,main,W1,20,cuda-rwm-sequential,4096,analyzed,valid,completed
c41994732aece784405eda60,2,main,L2,22,cuda-mala-quasi_deer,1024,analyzed,valid,completed
c41d738f368b61ade55ed795,1,main,W1,15,cpu-mala-sequential,1024,analyzed,valid,completed
c420dd0ac07899e5273e95d4,0,main,A1,6,cpu-rwm-online_picard,1024,analyzed,valid,completed
c42141b3a5ea88407e95a3cd,1,main,H1,11,cpu-mala-quasi_deer,4096,analyzed,numerical_failure,unavailable
c444e4492e1b54d3260273f3,1,main,G1,12,cpu-nuts-spawn_chains,4096,analyzed,output_failure_unclassified,unavailable
c449a75bd60d754186db69f5,0,cache,G1,0,cuda-rwm-sequential,4096,analyzed,measurement_available,unavailable
c4510b44e77cd3cf10bed50a,0,main,H1,3,cpu-mala-sequential,1024,analyzed,valid,completed
c45a13458b9a3374e3e06c96,1,main,L1,14,cpu-rwm-online_picard,4096,analyzed,valid,completed
c465c856a44bcfee00bbcaff,1,main,L1,15,cuda-mala-sequential,4096,analyzed,valid,completed
c4703ec84a34d525bcd5a525,1,main,A1,9,cuda-rwm-sequential,1024,analyzed,valid,completed
c48bb53a369e1f7937e482ed,0,main,G2,1,cpu-mala-sequential,1024,analyzed,valid,completed
c49d3511d676923de7b1d64c,1,main,W1,15,cpu-nuts-spawn_chains,4096,analyzed,valid,completed
c4acc70af5f5425e70d9a83b,0,main,G1,3,cpu-mala-quasi_deer,1024,analyzed,valid,completed
c4b6d88721b2ed89f90f5f4e,1,main,L1,14,cpu-mala-quasi_deer,4096,analyzed,valid,completed
c4b8188ff98cba2e84d5c851,1,main,G2,13,cpu-mala-sequential,1024,analyzed,valid,completed
c4bf1a93cc23bbc1287e74a1,2,main,L2,21,cuda-rwm-online_picard,4096,analyzed,valid,completed
c4c1d19a146c440912c54805,2,main,M1,22,cuda-mala-quasi_deer,1024,analyzed,valid,completed
c4c9afcf4cb5b635c3ba8d72,2,main,G1,19,cuda-rwm-sequential,4096,analyzed,valid,completed
c4dc86d7576bc2592f85f438,2,main,L2,23,cpu-rwm-online_picard,4096,analyzed,valid,completed
c4e2047247c6711e99694b22,0,main,H1,6,cpu-mala-quasi_deer,4096,analyzed,numerical_failure,unavailable
c4fb46c825143577b4cd024e,1,main,H1,8,cpu-rwm-sequential,4096,analyzed,valid,completed
c50e7a8f50fb13e9b28822a7,2,main,W1,20,cpu-rwm-online_picard,1024,analyzed,valid,completed
c511c6ba11d19b29b5a01537,0,main,H2,5,cpu-rwm-sequential,1024,analyzed,valid,completed
c514b11820c25f981b7353a3,0,main,G1,0,cpu-nuts-spawn_chains,1024,analyzed,valid,completed
c5151c4d2a81ad656e099451,0,main,G2,2,cpu-rwm-online_picard,4096,analyzed,valid,completed
c527e55a53d9f074ca693a63,2,main,A1,20,cpu-mala-quasi_deer,1024,analyzed,valid,completed
c549d8361cb91f2691ecd53d,1,main,H2,10,cuda-mala-sequential,4096,analyzed,valid,completed
c567e99ce80ad83795ab4baf,1,main,M1,14,cuda-rwm-online_picard,1024,analyzed,valid,completed
c57121385d7f2b48d1f2ebda,2,main,G2,19,cpu-nuts-spawn_chains,1024,analyzed,valid,completed
c598579028cb875e193dbe61,2,main,H1,16,cuda-rwm-online_picard,4096,analyzed,valid,completed
c59b3ed6b5bd1c983c8a2526,1,cache,W1,8,cpu-rwm-online_picard,4096,analyzed,measurement_available,unavailable
c59c972159ed20acfb328fc5,2,main,L2,22,cuda-rwm-sequential,1024,analyzed,valid,completed
c5a033fc1a7dfe78835e4df0,0,main,L2,4,cuda-rwm-sequential,1024,analyzed,valid,completed
c5b5f1ea7dc09c0400d67165,0,main,H2,4,cpu-rwm-sequential,1024,analyzed,valid,completed
c5b7e61ccbb4ec16f5a1e699,2,main,H1,21,cuda-rwm-online_picard,4096,analyzed,valid,completed
c5c593585a15bf45cdb24cef,0,main,H2,2,cuda-rwm-online_picard,1024,analyzed,valid,completed
c5c9a1b604226b6e975af2ad,0,main,M1,2,cpu-rwm-online_picard,4096,analyzed,valid,completed
c5ce00df1994d77ae750d8c8,2,main,G1,18,cuda-rwm-online_picard,4096,analyzed,valid,completed
c5e0da45dc2701429f3d308f,2,main,L1,16,cpu-mala-sequential,4096,analyzed,valid,completed
c5e436ed621a081c7d61793d,2,main,W1,18,cuda-mala-quasi_deer,1024,analyzed,valid,completed
c606ded98b99563ddacabb24,1,main,W1,14,cuda-mala-sequential,4096,analyzed,valid,completed
c6116ddb5c4e996575a29482,1,main,G1,10,cuda-mala-sequential,1024,analyzed,valid,completed
c615ca1c654bed6407e3d3d2,1,main,G1,10,cpu-nuts-spawn_chains,1024,analyzed,valid,completed
c620e453df85d0d93085c968,2,main,M1,21,cuda-mala-sequential,4096,analyzed,valid,completed
c6243c2e5710e88e8219b161,2,main,L1,16,cpu-mala-quasi_deer,4096,analyzed,valid,completed
c62abb3e674cd3e2c4c05c98,0,main,A1,1,cpu-rwm-online_picard,1024,analyzed,valid,completed
c6372cbd2dc9dfc348b17366,1,main,W1,10,cpu-mala-sequential,1024,analyzed,valid,completed
c6492978f9497360da95dddf,2,main,L1,18,cuda-rwm-online_picard,1024,analyzed,valid,completed
c659a3207e4b682c0ba5ea42,1,main,H2,14,cpu-mala-quasi_deer,1024,analyzed,valid,completed
c687ad09cfa26a35ea2eb13e,0,main,W1,3,cpu-rwm-online_picard,1024,analyzed,valid,completed
c68805756b9ed4922177ec81,2,main,W1,19,cuda-rwm-sequential,1024,analyzed,valid,completed
c68cd49ae287c115bbfea4f4,2,main,G2,18,cuda-mala-quasi_deer,1024,analyzed,valid,completed
c6900a648ba7fb0ac2be0e89,2,main,M1,18,cpu-rwm-sequential,1024,analyzed,valid,completed
c6adb46d8b2702cbcaee8c01,1,main,L2,9,cpu-rwm-sequential,4096,analyzed,valid,completed
c6b769a897ef9423091a454b,0,main,H1,1,cpu-mala-sequential,4096,analyzed,valid,completed
c6b8759b135d58c239e18003,0,main,M1,6,cpu-rwm-sequential,1024,analyzed,valid,completed
c6bfd1269ec75b9cbfb753f7,0,main,A1,5,cuda-rwm-online_picard,1024,analyzed,valid,completed
c6c2eeababd91aabf14be5b6,2,main,A1,17,cpu-rwm-sequential,4096,analyzed,valid,completed
c6cb57f47262971e2f6d445a,1,main,M1,13,cuda-rwm-online_picard,1024,analyzed,valid,completed
c6d56a820a7bd1ff8fbedb76,2,main,H2,16,cuda-rwm-sequential,1024,analyzed,valid,completed
c6f2a5cdbf512d24c16c32ae,0,main,H1,3,cpu-mala-quasi_deer,4096,analyzed,numerical_failure,unavailable
c6f3ac02b15bc61d0de20700,1,main,L2,8,cpu-rwm-sequential,1024,analyzed,valid,completed
c71b086ae83f573c8303b792,1,main,H2,9,cuda-rwm-sequential,1024,analyzed,valid,completed
c71c6b701a5eea007d5ab94b,0,main,H2,6,cuda-rwm-online_picard,4096,analyzed,valid,completed
c7260b2f5198bb7dd9f111db,0,main,G2,1,cpu-rwm-online_picard,4096,analyzed,valid,completed
c7323c1313a4e5f56c20ba65,2,main,W1,23,cpu-mala-sequential,1024,analyzed,valid,completed
c735d8d414b59f3f4e2d6b13,0,main,H2,7,cuda-rwm-sequential,4096,analyzed,valid,completed
c738e13f3bb34b355985de2d,1,main,M1,15,cuda-rwm-sequential,1024,analyzed,valid,completed
c74611c22d208d3bcbd47af5,0,main,G2,6,cpu-nuts-spawn_chains,4096,analyzed,valid,completed
c74c5f8f7d90b74c4689b608,0,main,M1,1,cpu-rwm-sequential,4096,analyzed,valid,completed
c75146cb91774566447328e7,2,cache,G1,16,cpu-rwm-online_picard,4096,analyzed,measurement_available,unavailable
c7557712f3c10d72080bfd91,2,main,W1,16,cpu-rwm-sequential,4096,analyzed,valid,completed
c75757104c2595e74b4bae0d,2,main,L2,16,cpu-rwm-sequential,4096,analyzed,valid,completed
c759a9937e595fa6c7be40e6,0,main,W1,3,cpu-rwm-sequential,4096,analyzed,valid,completed
c7748ab0434e83973b897d77,1,main,G2,13,cpu-mala-quasi_deer,4096,analyzed,valid,completed
c78e6b39cce3d937a2995b1f,2,cache,L2,16,cuda-rwm-sequential,1024,analyzed,measurement_available,unavailable
c797486caa30b9b2fe464ab8,1,main,M1,14,cpu-mala-quasi_deer,4096,analyzed,valid,completed
c79ae8420e0f26e02ba74552,1,main,H1,14,cuda-mala-quasi_deer,1024,analyzed,valid,completed
c7bfe0223ab4d9f254f1abde,0,main,L1,6,cpu-nuts-spawn_chains,4096,analyzed,output_failure_unclassified,unavailable
c7c4c9995a48c93c50aa198d,1,main,H2,13,cpu-rwm-sequential,4096,analyzed,valid,completed
c7e008681d3e9c310a666d45,0,main,H1,2,cuda-mala-sequential,1024,analyzed,valid,completed
c7e01488f9b242f1b429fbaa,1,main,H1,13,cuda-mala-sequential,1024,analyzed,valid,completed
c7ee40730f58bdff6928c86f,1,main,L1,12,cuda-rwm-online_picard,4096,analyzed,valid,completed
c8395be2a519502944c386a0,2,main,W1,16,cuda-rwm-sequential,4096,analyzed,valid,completed
c84196be12ade5e35202bc38,0,main,G2,1,cpu-nuts-spawn_chains,1024,analyzed,valid,completed
c84cc868fd95acb09ccf1f56,0,cache,W1,0,cuda-mala-quasi_deer,4096,analyzed,measurement_available,unavailable
c84e9adb8d9892c1731fa3bc,2,cache,W1,23,cuda-rwm-online_picard,1024,analyzed,measurement_available,unavailable
c86f26d3fafbd9716917dc09,1,main,L2,10,cpu-rwm-sequential,4096,analyzed,valid,completed
c88a6245a99df8c4113141f3,2,main,W1,16,cpu-mala-sequential,1024,analyzed,valid,completed
c8a0b87aa444411acea7dd5b,0,main,L1,7,cuda-rwm-sequential,1024,analyzed,valid,completed
c8b6aa1fc6a0cecfe04acd0e,1,main,W1,10,cpu-mala-quasi_deer,1024,analyzed,valid,completed
c8b727f44e23db6344fd4fcf,1,main,H1,8,cpu-mala-quasi_deer,1024,analyzed,valid,completed
c8b93541c3646f1aa8ecc3c4,1,main,G2,11,cuda-mala-sequential,4096,analyzed,valid,completed
c8bad1c332793ebf6fbf49b3,2,main,W1,21,cuda-mala-quasi_deer,4096,analyzed,valid,completed
c8d16bdac2db953f792620c2,0,main,H2,2,cuda-mala-quasi_deer,4096,analyzed,valid,completed
c8d8d8dec7bab9f5e9c74642,0,main,G2,6,cpu-nuts-spawn_chains,1024,analyzed,valid,completed
c8e392bb862f443de08e8a42,2,main,W1,20,cpu-mala-quasi_deer,1024,analyzed,valid,completed
c8eb22d60b17aeacf54b2736,1,cache,W1,8,cpu-mala-quasi_deer,4096,analyzed,measurement_available,unavailable
c8f214d294c680de9791f08f,2,main,W1,16,cpu-mala-quasi_deer,4096,analyzed,valid,completed
c8fa531d04df84e859815e2a,0,main,L2,6,cpu-rwm-online_picard,1024,analyzed,valid,completed
c90a99f884478cf7dff0a411,2,main,L1,21,cuda-rwm-online_picard,1024,analyzed,valid,completed
c9407c6e447f13ea43c2a5c8,1,main,H1,10,cuda-mala-sequential,1024,analyzed,valid,completed
c9536aa5aab0dcd53b438002,0,main,L1,2,cuda-rwm-sequential,4096,analyzed,valid,completed
c96dd90d45b2930507387964,1,main,H1,12,cuda-rwm-online_picard,1024,analyzed,valid,completed
c9744e531ca6f0fb961e36a4,0,main,G1,5,cpu-rwm-sequential,4096,analyzed,valid,completed
c986ee369d35a567446e63c0,1,main,H1,15,cpu-mala-sequential,1024,analyzed,valid,completed
c9aa1b0b67af187c0bfea2d6,0,main,L1,2,cpu-mala-sequential,4096,analyzed,valid,completed
c9b0f0bb5240c523b737dfad,2,main,W1,23,cpu-mala-quasi_deer,1024,analyzed,valid,completed
c9b3ca191f88ed47e3a9435a,1,main,A1,8,cuda-rwm-sequential,1024,analyzed,valid,completed
c9b745dfe79e340cfac84e11,2,main,L1,18,cpu-rwm-online_picard,1024,analyzed,valid,completed
c9c462e5971696a4c0055430,1,main,L2,13,cuda-mala-sequential,4096,analyzed,valid,completed
ca14912aa77bdc15198d7fd0,1,main,H2,9,cpu-rwm-sequential,1024,analyzed,valid,completed
ca1f21b62cf0ca3fd57d0387,2,main,H2,21,cuda-rwm-sequential,4096,analyzed,valid,completed
ca26ea268a76acf27b9cc3bb,2,main,W1,18,cpu-mala-quasi_deer,1024,analyzed,valid,completed
ca50f0dd38f77d61c645e15b,1,main,G1,8,cuda-rwm-online_picard,4096,analyzed,valid,completed
ca51c35ca6663a565a30d0b4,2,main,W1,21,cpu-rwm-online_picard,1024,analyzed,valid,completed
ca647198a4cd9aae95541020,1,main,G2,10,cpu-mala-sequential,4096,analyzed,valid,completed
ca69c9bbb635942c34e1f0c1,2,main,W1,17,cpu-rwm-sequential,1024,analyzed,valid,completed
ca78f0c4507d8e2b049be874,1,main,G2,8,cpu-rwm-sequential,4096,analyzed,valid,completed
ca86c61a4bf6ee2e07b49aca,2,main,H1,21,cuda-rwm-online_picard,1024,analyzed,valid,completed
ca8c0331efbec2f294276716,2,main,H1,16,cpu-mala-quasi_deer,1024,analyzed,numerical_failure,unavailable
caab63838d8592a0897ad077,2,main,W1,18,cuda-rwm-online_picard,1024,analyzed,valid,completed
cad34a411d53bbbcc1b31695,1,main,G1,8,cpu-mala-quasi_deer,4096,analyzed,valid,completed
cad3d98c3614a473636eb98b,0,main,A1,7,cpu-rwm-sequential,4096,analyzed,valid,completed
cade9afc509507c79e1314d8,1,main,W1,11,cpu-rwm-sequential,1024,analyzed,valid,completed
caf9d4eadb82be1907a1ff6c,2,main,H2,21,cpu-rwm-sequential,4096,analyzed,valid,completed
cafb02adb140a6f7eb2b55b1,1,main,A1,10,cuda-mala-sequential,4096,analyzed,valid,completed
cb0284395e9df393d9247c23,0,main,H1,5,cuda-rwm-online_picard,1024,analyzed,valid,completed
cb04ed2e7d7c4cd35d4ad822,1,main,L2,8,cuda-mala-quasi_deer,1024,analyzed,valid,completed
cb0f5c5ffdb49f08e7529a78,1,main,M1,14,cuda-mala-sequential,1024,analyzed,valid,completed
cb1307934c5138bc2e48edc0,2,main,H2,21,cuda-mala-sequential,4096,analyzed,valid,completed
cb2fa84fbab62e34c4f8ac47,2,main,G1,16,cpu-rwm-online_picard,4096,analyzed,valid,completed
cb30dd9aa6dfef5f67f65cf6,2,cache,G1,16,cuda-rwm-online_picard,1024,analyzed,measurement_available,unavailable
cb3dbaa8a68c4d93943b85e0,0,main,A1,0,cuda-mala-sequential,1024,analyzed,valid,completed
cb3e4b7992cc2092d9476092,2,main,H1,16,cpu-mala-sequential,4096,analyzed,valid,completed
cb5753a75c0d6e927672bb4f,0,main,L1,2,cuda-rwm-sequential,1024,analyzed,valid,completed
cb69e5cd45d665e7b04bb95b,0,main,L1,2,cpu-nuts-spawn_chains,1024,analyzed,valid,completed
cb7233c4dfa678cd931695fa,1,main,W1,11,cpu-rwm-online_picard,1024,analyzed,valid,completed
cb813d02b3ea6d3f1d2bf8dd,0,main,A1,4,cuda-rwm-online_picard,4096,analyzed,valid,completed
cba5b11fc900627e589672bf,1,main,G1,15,cuda-mala-sequential,4096,analyzed,valid,completed
cba7df381d1e1dd799a14699,1,main,H1,14,cpu-rwm-sequential,4096,analyzed,valid,completed
cba87dddec9f99cab7fcdb08,2,main,L1,21,cpu-mala-sequential,4096,analyzed,valid,completed
cbb265295f931e34ae096b16,0,main,H2,0,cuda-rwm-online_picard,4096,analyzed,valid,completed
cbce53743f59df42208b6a08,1,main,H2,12,cpu-rwm-online_picard,4096,analyzed,valid,completed
cbe1e119d63775a732099418,0,main,A1,0,cpu-nuts-spawn_chains,4096,analyzed,valid,completed
cbeebb49a22a4b4b83a765f4,1,main,A1,14,cuda-rwm-sequential,1024,analyzed,valid,completed
cbf0c6a66ffce4ef134ccefb,0,main,H1,2,cuda-rwm-online_picard,1024,analyzed,valid,completed
cbfec9927726fe7f8f98e8bc,1,main,L2,13,cpu-rwm-sequential,1024,analyzed,valid,completed
cc01b1d00855cfe1a16d955c,0,main,G1,2,cpu-nuts-spawn_chains,1024,analyzed,valid,completed
cc23220c61d0ae8be56a5028,0,main,H1,6,cuda-mala-quasi_deer,4096,analyzed,numerical_failure,unavailable
cc24bfe6ad3d586d6fd1e0e6,2,main,L1,22,cpu-nuts-spawn_chains,4096,analyzed,valid,completed
cc29b42c9792cbc1bce5cb11,2,main,M1,18,cuda-rwm-online_picard,4096,analyzed,valid,completed
cc2a9609f2f86fc3433b6242,1,main,A1,10,cuda-mala-quasi_deer,4096,analyzed,valid,completed
cc2b97cb8d363bdf6e4837a3,1,main,H1,12,cpu-rwm-sequential,4096,analyzed,valid,completed
cc31b1c77525a9858094e9e6,1,main,W1,8,cuda-mala-sequential,4096,analyzed,valid,completed
cc36fd67f164e68e3e6b8d4c,2,main,A1,23,cuda-mala-quasi_deer,4096,analyzed,valid,completed
cc41e364aa64f174b8ff04ab,0,main,L1,5,cuda-mala-quasi_deer,4096,analyzed,valid,completed
cc6bc869ed8b0624a0c6cd88,0,main,L1,3,cuda-rwm-online_picard,1024,analyzed,valid,completed
cc8933e1a40617a1e359d544,1,main,W1,13,cpu-nuts-spawn_chains,1024,analyzed,valid,completed
cc98e2ed19b1500b9ddd3775,2,main,H2,23,cpu-mala-sequential,1024,analyzed,valid,completed
cca4486ad4e65af1f523af82,1,main,M1,14,cuda-rwm-online_picard,4096,analyzed,valid,completed
ccb7caa505286acab31d3224,0,main,G2,0,cpu-nuts-spawn_chains,4096,analyzed,valid,completed
ccebfda3a576267da26910ee,2,main,G1,17,cpu-nuts-spawn_chains,4096,analyzed,valid,completed
cd11ced3ad56d1fa8c1ff40e,1,main,H2,14,cuda-mala-sequential,4096,analyzed,valid,completed
cd14c3cda467224211500f8c,0,main,W1,2,cpu-rwm-online_picard,1024,analyzed,valid,completed
cd151fd5170095a03b3c55e6,2,main,G1,20,cuda-rwm-sequential,4096,analyzed,valid,completed
cd17c043673785d3f165de69,1,main,H2,11,cuda-mala-sequential,1024,analyzed,valid,completed
cd1b35ae632ebba2e00f6808,0,main,M1,1,cpu-rwm-online_picard,4096,analyzed,valid,completed
cd215aecc87b7ea736bf9dd8,2,main,G2,22,cpu-mala-quasi_deer,1024,analyzed,valid,completed
cd48e62f7fe4566718c25a27,1,main,M1,11,cuda-mala-quasi_deer,1024,analyzed,valid,completed
cd5233682e7fa152f522cd09,1,main,A1,13,cuda-rwm-online_picard,4096,analyzed,valid,completed
cd55ee23bddab94e387534a6,0,main,G2,7,cpu-rwm-online_picard,4096,analyzed,valid,completed
cd5655e3f3930fff9fd3dced,1,main,G2,15,cpu-mala-quasi_deer,1024,analyzed,valid,completed
cd570c5737cafc05e90dde3f,0,main,G1,7,cpu-rwm-online_picard,4096,analyzed,valid,completed
cd598151e35c2f9f423f98b4,2,main,L1,19,cuda-rwm-sequential,4096,analyzed,valid,completed
cd65de0b11ee7c3ca00356ea,2,main,H1,17,cuda-rwm-online_picard,1024,analyzed,valid,completed
cd76896d1e4c06162f1644fa,2,main,M1,17,cpu-nuts-spawn_chains,4096,analyzed,output_failure_unclassified,unavailable
cd81daee23a1199b3e2561f7,0,main,L2,1,cuda-mala-sequential,4096,analyzed,valid,completed
cd9144bfde33934a533f95d3,1,main,H2,9,cpu-rwm-sequential,4096,analyzed,valid,completed
cd981e33b8ed6fd333994232,0,main,M1,0,cpu-mala-quasi_deer,4096,analyzed,valid,completed
cdb72a625af79a02c9ec5b66,1,main,G1,9,cuda-mala-quasi_deer,4096,analyzed,valid,completed
cdb7c64972bc8398c8d006db,1,main,M1,15,cuda-mala-quasi_deer,1024,analyzed,valid,completed
cdcd1b3bcd087eb995a1ecff,2,main,M1,22,cuda-rwm-online_picard,4096,analyzed,valid,completed
cdd45b4ca7f6cb77ff5603bf,0,main,L2,4,cuda-rwm-online_picard,4096,analyzed,valid,completed
cddf788b3cfd8bffa8827c00,0,main,G1,1,cpu-mala-quasi_deer,4096,analyzed,valid,completed
cde2a58ceb4ca97fb30c5ac9,0,main,M1,4,cpu-mala-quasi_deer,4096,analyzed,valid,completed
cdf514187b1b12eccad83074,1,main,L2,11,cpu-mala-sequential,1024,analyzed,valid,completed
ce14cb8d62d32e56c1fdeb97,2,main,W1,16,cpu-rwm-sequential,1024,analyzed,valid,completed
ce1ca1b3d5d3ff0cd1c1a811,1,main,M1,10,cpu-mala-quasi_deer,1024,analyzed,valid,completed
ce1fb1aeb4a59ac32f6d3c31,1,main,H2,8,cuda-rwm-online_picard,4096,analyzed,valid,completed
ce1fff4dc220d49ae73ca4cc,0,main,M1,5,cpu-mala-quasi_deer,1024,analyzed,valid,completed
ce2154051cb89a6ae036d222,2,main,H1,18,cuda-mala-sequential,1024,analyzed,valid,completed
ce2a6fb9f610d25cd7640598,2,main,L2,23,cuda-rwm-online_picard,4096,analyzed,valid,completed
ce3fb13e745fe6d6af8e1bde,1,main,A1,14,cuda-rwm-online_picard,4096,analyzed,valid,completed
ce4bcbee06973b8b8ab75e07,0,main,W1,2,cuda-rwm-online_picard,1024,analyzed,valid,completed
ce4d374e67c12e790a82774b,2,main,W1,17,cpu-rwm-online_picard,1024,analyzed,valid,completed
ce78cd683fec6faf27c77672,0,main,W1,2,cpu-nuts-spawn_chains,4096,analyzed,valid,completed
ce907e94bf80bdb158c6b5b4,1,main,H1,15,cuda-mala-sequential,1024,analyzed,valid,completed
cea5819eac32b370831ca90c,2,main,G2,19,cpu-rwm-online_picard,1024,analyzed,valid,completed
ceaf3b8e5284450785f86dfa,1,main,G2,9,cuda-rwm-sequential,1024,analyzed,valid,completed
cecdfe5c80ebbcc105ebc7f0,1,main,L1,8,cuda-mala-quasi_deer,4096,analyzed,valid,completed
ced66d8a20a31e3c0d0290db,1,main,L1,14,cuda-mala-sequential,1024,analyzed,valid,completed
ced82c3f80b6e300962616c0,1,main,H2,13,cpu-mala-sequential,1024,analyzed,valid,completed
cedb01af9cf2d9d562641b40,0,main,M1,6,cpu-nuts-spawn_chains,4096,analyzed,output_failure_unclassified,unavailable
cef8d14cbb49f7a5eb80a45c,2,main,L2,22,cpu-nuts-spawn_chains,4096,analyzed,valid,completed
cefb37f23d76bcf2218ffa2f,2,main,G1,21,cpu-mala-sequential,4096,analyzed,valid,completed
cf0c02c15c5567a5a9662705,0,main,H2,3,cpu-rwm-online_picard,4096,analyzed,valid,completed
cf0ff96921e27e346cbef578,1,main,G1,8,cpu-rwm-online_picard,4096,analyzed,valid,completed
cf139873257d9927eab214ef,1,main,A1,14,cuda-mala-sequential,1024,analyzed,valid,completed
cf13fb32ebdc1d2d121ae8dc,2,main,W1,23,cuda-rwm-sequential,1024,analyzed,valid,completed
cf28365289690e3b00bb244c,2,main,H2,21,cuda-rwm-online_picard,1024,analyzed,valid,completed
cf36ca4d26b9a86bf2ec2b4c,1,main,H2,11,cpu-rwm-online_picard,4096,analyzed,valid,completed
cf36ee2df13470de80e4e050,2,main,G2,19,cuda-rwm-online_picard,1024,analyzed,valid,completed
cf443c7ba3f6b943be0b55d6,0,main,L2,5,cpu-rwm-sequential,1024,analyzed,valid,completed
cf5eae7c62f57aca59fb2599,1,main,L1,11,cuda-rwm-online_picard,4096,analyzed,valid,completed
cf6026e9d0472663a7c62cb9,0,main,H2,7,cpu-mala-quasi_deer,1024,analyzed,valid,completed
cf684964e50695696cb929d6,1,main,H1,9,cpu-rwm-online_picard,1024,analyzed,valid,completed
cf6c60fec66b4345df9d2440,2,main,W1,19,cpu-nuts-spawn_chains,4096,analyzed,valid,completed
cf6f45e741f5e090c9763e0f,2,main,L2,16,cuda-rwm-sequential,1024,analyzed,valid,completed
cf70aa7d8dedbc66dd94368a,1,main,L2,11,cuda-rwm-online_picard,1024,analyzed,valid,completed
cf795a93c7c548ea506f947f,1,main,L2,10,cuda-rwm-online_picard,4096,analyzed,valid,completed
cf7b08385b986467750d02c1,1,main,A1,10,cuda-mala-quasi_deer,1024,analyzed,valid,completed
cf7d6d1bc69734010599a2df,1,main,A1,11,cuda-rwm-sequential,1024,analyzed,valid,completed
cfbd1094ca85ebd4d84bb53a,0,main,G2,3,cpu-mala-quasi_deer,1024,analyzed,valid,completed
cfc29314ddde9e105c9a2a01,2,main,A1,21,cpu-rwm-sequential,4096,analyzed,valid,completed
cfe40270de26b4b38b095d86,2,main,G1,19,cuda-rwm-online_picard,4096,analyzed,valid,completed
cff7e6c82c5d398f3cbfa117,0,main,G1,2,cuda-mala-sequential,1024,analyzed,valid,completed
cffd5b31e3f05f3afc2aa399,1,main,L1,12,cpu-nuts-spawn_chains,1024,analyzed,valid,completed
d02b50825ed1d8670a7b88c6,0,main,G1,7,cpu-nuts-spawn_chains,4096,analyzed,output_failure_unclassified,unavailable
d0488314fa6eadf5d25d5b27,0,main,H2,0,cpu-mala-sequential,1024,analyzed,valid,completed
d048ca6ff5213c10846c8fd5,0,main,L1,6,cpu-mala-sequential,1024,analyzed,valid,completed
d0499daadeab5e67bf003fe0,0,main,G2,7,cpu-mala-sequential,4096,analyzed,valid,completed
d05c5a6ef148cb00e72f94a1,2,main,G1,17,cuda-rwm-sequential,4096,analyzed,valid,completed
d06067925cf86c1dfb66fca1,2,main,W1,23,cpu-rwm-online_picard,4096,analyzed,valid,completed
d094754e8e3d0bce856aca74,0,main,G1,7,cpu-nuts-spawn_chains,1024,analyzed,valid,completed
d09c447615f37415969db0bc,2,main,G1,20,cpu-mala-sequential,4096,analyzed,valid,completed
d0a270d8440a1d5dc44fa506,2,cache,L2,23,cuda-rwm-sequential,4096,analyzed,measurement_available,unavailable
d0a45282ed5088ba80c3c01e,0,cache,G1,0,cuda-rwm-online_picard,1024,analyzed,measurement_available,unavailable
d0a493bbe723740b071624c7,2,main,H1,19,cuda-mala-sequential,1024,analyzed,valid,completed
d0b4a1fd816864d01581f671,2,main,G2,16,cuda-mala-sequential,4096,analyzed,valid,completed
d0ce4b10115d0de44b4a49e4,0,main,H2,6,cuda-mala-quasi_deer,1024,analyzed,valid,completed
d0cfed6e4127ed33b75ffdf5,2,main,H2,16,cpu-mala-quasi_deer,1024,analyzed,valid,completed
d0de811b694329ea90876747,2,main,G1,18,cuda-mala-quasi_deer,4096,analyzed,valid,completed
d0f4b3b19812a3058eeeadbf,1,main,L2,15,cpu-nuts-spawn_chains,1024,analyzed,valid,completed
d1307bb0d261e6373958d204,2,main,L2,22,cpu-nuts-spawn_chains,1024,analyzed,valid,completed
d135c35c6384a62b6d631b64,0,main,L1,5,cpu-nuts-spawn_chains,1024,analyzed,valid,completed
d14727e71ec6784322eb0fb0,0,main,W1,6,cuda-rwm-online_picard,1024,analyzed,valid,completed
d1481578cbf941feed6166e0,0,main,G1,1,cpu-mala-sequential,1024,analyzed,valid,completed
d15d41174a330918b5f2cf4b,2,main,G1,20,cpu-rwm-sequential,4096,analyzed,valid,completed
d16ec8994c1fb5fa5c28b800,1,main,H2,13,cuda-rwm-sequential,4096,analyzed,valid,completed
d17bf267ae5c23e694c5c418,1,main,A1,10,cuda-rwm-sequential,1024,analyzed,valid,completed
d1932e9ff13cb3f560b32b4d,1,main,G2,9,cpu-nuts-spawn_chains,4096,analyzed,valid,completed
d19d96794b9d846746039c94,2,main,G1,19,cuda-mala-quasi_deer,4096,analyzed,valid,completed
d1c7a81fb5db7e88a8f10f85,2,main,H2,23,cuda-rwm-sequential,1024,analyzed,valid,completed
d1f9a01a3aa96c5c16e3b428,1,main,H1,11,cpu-nuts-spawn_chains,4096,analyzed,output_failure_unclassified,unavailable
d202dabc394621f439403a75,2,main,H2,16,cuda-rwm-online_picard,4096,analyzed,valid,completed
d23f7bed9b15541f8eeac18f,2,main,A1,18,cuda-rwm-sequential,4096,analyzed,valid,completed
d24449e303c65318fb0ed366,0,main,L1,3,cuda-rwm-sequential,4096,analyzed,valid,completed
d25f14e3c8cdf097fe648f3f,0,main,M1,7,cpu-nuts-spawn_chains,1024,analyzed,valid,completed
d264a3a48899bd9753d0d7b9,0,main,L2,7,cpu-mala-sequential,1024,analyzed,valid,completed
d2818d3aeee27e3179eb0004,2,main,H1,16,cpu-nuts-spawn_chains,4096,analyzed,valid,completed
d29479bc819bdc75cd048ebe,0,main,H1,2,cpu-mala-quasi_deer,1024,analyzed,valid,completed
d29bf51d2e19d0aebea03267,1,main,H1,8,cuda-rwm-sequential,1024,analyzed,valid,completed
d2a7766bdaf39713c3ae6c2b,0,main,H2,7,cuda-mala-quasi_deer,1024,analyzed,valid,completed
d2acc3c3441cc9af91e454ea,1,main,W1,9,cpu-rwm-sequential,1024,analyzed,valid,completed
d2ae8247a0c64a8ce87f3066,1,main,G1,13,cpu-mala-sequential,4096,analyzed,valid,completed
d2b2613a270bfdcdff0d1ed1,0,main,L1,5,cpu-mala-quasi_deer,1024,analyzed,valid,completed
d2c10214dc04634703736531,0,main,G2,3,cpu-nuts-spawn_chains,4096,analyzed,valid,completed
d2f7467e89b8c18c8822ffea,0,main,L1,1,cuda-mala-sequential,1024,analyzed,valid,completed
d2fedd6db5f032064ae6ecfe,2,main,M1,21,cpu-rwm-online_picard,4096,analyzed,valid,completed
d30ef67d470c5786148428b8,1,main,M1,13,cpu-rwm-online_picard,4096,analyzed,valid,completed
d3110fcc9c6abc03935fa488,1,main,L2,11,cpu-mala-quasi_deer,4096,analyzed,valid,completed
d31d7a97a83c8a4cc143520b,1,main,A1,11,cpu-mala-sequential,1024,analyzed,valid,completed
d32e11f6f09d14237962a868,0,main,L2,3,cuda-rwm-online_picard,1024,analyzed,valid,completed
d341cf5a36f60bfecf24fc1f,1,main,L1,11,cpu-mala-sequential,4096,analyzed,valid,completed
d343b267fc75e99965dc28b1,1,main,A1,14,cuda-rwm-sequential,4096,analyzed,valid,completed
d34fcb211c5005dc30848885,0,main,G1,0,cpu-mala-quasi_deer,1024,analyzed,valid,completed
d369401027e0943378fbf84d,1,main,M1,9,cuda-mala-sequential,4096,analyzed,valid,completed
d37eec863d32ea6be723c7b4,0,main,A1,4,cuda-rwm-sequential,1024,analyzed,valid,completed
d380ed17feae7413bdfb82b5,0,main,H1,1,cuda-rwm-online_picard,4096,analyzed,valid,completed
d384dce2ad019ff64b7cbcc0,0,main,G2,2,cpu-mala-quasi_deer,1024,analyzed,valid,completed
d3ae548d97419520f1d1ce99,0,main,H2,2,cpu-nuts-spawn_chains,1024,analyzed,valid,completed
d3b4a3527167ec455dc82455,0,main,H2,2,cpu-mala-quasi_deer,1024,analyzed,valid,completed
d3b593e6bd54558bb54132f6,2,main,H2,22,cpu-nuts-spawn_chains,4096,analyzed,output_failure_unclassified,unavailable
d3b799a98d842f3c35de5b7a,1,main,L1,12,cpu-rwm-online_picard,4096,analyzed,valid,completed
d3da20035df47dc51cf48e32,0,main,A1,4,cpu-rwm-online_picard,4096,analyzed,valid,completed
d3e69f4d10656651d33ae212,1,main,H1,10,cuda-rwm-online_picard,4096,analyzed,valid,completed
d40433b2c5b15a0895a7a75d,2,main,H2,19,cpu-rwm-sequential,4096,analyzed,valid,completed
d4067ec17a3ba1dbda2e17db,0,main,G1,2,cpu-mala-quasi_deer,1024,analyzed,valid,completed
d408f24fa9919a597d405fd2,2,main,M1,18,cuda-mala-sequential,4096,analyzed,valid,completed
d41626a53b75d790657e9160,1,main,L1,13,cpu-rwm-online_picard,4096,analyzed,valid,completed
d42aa562e753063fc0dd0257,2,main,H1,22,cuda-mala-quasi_deer,4096,analyzed,valid,completed
d42b706d0260dbe15752b8ae,0,cache,G2,0,cuda-mala-quasi_deer,4096,analyzed,measurement_available,unavailable
d42dae4950756fb0de84a826,2,main,L1,22,cpu-nuts-spawn_chains,1024,analyzed,valid,completed
d42fc683ec2b6b9cd3e7c7c4,2,main,M1,21,cpu-nuts-spawn_chains,1024,analyzed,valid,completed
d4463b7931c232427541fb1a,2,main,H1,17,cpu-mala-sequential,4096,analyzed,valid,completed
d471c5d6bf56ded883567f5b,0,main,A1,6,cuda-rwm-online_picard,1024,analyzed,valid,completed
d4734afe26d4ee1bea6234ba,0,main,H1,5,cuda-rwm-online_picard,4096,analyzed,valid,completed
d47622482007a1a89d8fe41c,0,main,M1,0,cuda-rwm-sequential,4096,analyzed,valid,completed
d49e0aa58b9e15b4cc091f80,2,main,H2,16,cpu-mala-sequential,4096,analyzed,valid,completed
d4c0d234c860a466f947a55d,0,main,H2,1,cpu-rwm-online_picard,1024,analyzed,valid,completed
d4c20b127d3bcb5bf5e08a2a,0,main,H2,1,cpu-rwm-sequential,1024,analyzed,valid,completed
d4e509bf61fe4ba8e34fff40,1,main,M1,13,cuda-rwm-sequential,1024,analyzed,valid,completed
d4f6a613676e5bbe008c7a1b,1,main,M1,11,cpu-rwm-sequential,4096,analyzed,valid,completed
d506c1a0896c393db07e5021,0,main,W1,3,cuda-rwm-sequential,4096,analyzed,valid,completed
d518997b64dbd11ea6f868e4,2,main,M1,17,cuda-mala-quasi_deer,1024,analyzed,valid,completed
d539bb04fee237702d542abe,1,main,G1,10,cuda-rwm-online_picard,1024,analyzed,valid,completed
d53f17081e58a020f1c32c52,2,main,M1,22,cpu-mala-sequential,4096,analyzed,valid,completed
d55db1197555a974ddcfb731,1,main,G2,8,cpu-rwm-sequential,1024,analyzed,valid,completed
d570da876ff276a651dbc11a,2,main,A1,19,cpu-nuts-spawn_chains,4096,analyzed,valid,completed
d5800b751b6ba51fa89e55fd,2,main,A1,23,cuda-mala-quasi_deer,1024,analyzed,valid,completed
d582b717235ed9a85af13735,2,main,H1,23,cuda-rwm-online_picard,1024,analyzed,valid,completed
d59b60013b6e108bbc5dc052,2,main,H2,16,cuda-rwm-online_picard,1024,analyzed,valid,completed
d59d99bbf7ac312d67ed3162,0,main,W1,6,cpu-mala-sequential,4096,analyzed,valid,completed
d59e0ece36ac36c3fdc2a916,1,main,H1,13,cpu-rwm-sequential,1024,analyzed,valid,completed
d5a9cf6a9c76310134edcf28,0,main,M1,5,cpu-nuts-spawn_chains,1024,analyzed,valid,completed
d5ba93292e2be8efd725a0b9,2,main,H2,17,cuda-rwm-sequential,1024,analyzed,valid,completed
d5bb8c0d016d16161f2db13d,2,main,G2,23,cuda-rwm-online_picard,1024,analyzed,valid,completed
d5bbed967e4e7793726fb167,0,main,G1,3,cuda-mala-quasi_deer,1024,analyzed,valid,completed
d5c34b6076133e02faef0f9a,1,main,L2,13,cpu-mala-sequential,1024,analyzed,valid,completed
d5db92c98fef78551553c07f,1,main,A1,11,cpu-rwm-online_picard,4096,analyzed,valid,completed
d5dc13e7cb5c6ad87eb46013,1,main,L2,13,cuda-rwm-online_picard,4096,analyzed,valid,completed
d60d0bcc97a79135ce0305d6,1,main,G1,11,cuda-mala-quasi_deer,1024,analyzed,valid,completed
d61e96fb6d1f142f82b62fef,2,main,A1,23,cpu-mala-quasi_deer,4096,analyzed,valid,completed
d6202f643ab9bfc7e75c6897,1,main,A1,13,cpu-rwm-online_picard,4096,analyzed,valid,completed
d63bcfc1f707f585e1951ae9,1,main,H1,15,cuda-rwm-sequential,4096,analyzed,valid,completed
d6597d9eb21408eca819c1f4,2,main,H2,18,cpu-rwm-sequential,4096,analyzed,valid,completed
d65ab7e78de56284cf7cc8dc,0,main,W1,0,cpu-nuts-spawn_chains,4096,analyzed,valid,completed
d660d03f9be949e6c52d48b4,2,main,A1,17,cpu-mala-quasi_deer,1024,analyzed,valid,completed
d67aae43f47849c0c1a7cf95,1,main,H1,9,cuda-rwm-online_picard,1024,analyzed,valid,completed
d68097463388a76a62cdc6a6,0,main,W1,3,cuda-mala-sequential,4096,analyzed,valid,completed
d6902f4d1144b37896b5be53,0,main,L1,0,cuda-rwm-sequential,4096,analyzed,valid,completed
d6a7cd1e4f0f35a4a51549a9,0,main,G1,4,cpu-mala-sequential,4096,analyzed,valid,completed
d6b0b77e836fc02c1f8a1fa3,2,main,L1,17,cuda-rwm-sequential,1024,analyzed,valid,completed
d6bc49917102848aa05a3d49,0,main,A1,0,cuda-rwm-sequential,1024,analyzed,valid,completed
d6bfddd83863e224bb38ce07,0,main,L1,6,cpu-rwm-online_picard,1024,analyzed,valid,completed
d6c70411fee50be735744804,1,main,H1,12,cpu-mala-sequential,1024,analyzed,valid,completed
d6d36359071249df5ea9bab6,2,main,H2,20,cuda-rwm-sequential,4096,analyzed,valid,completed
d6d95c75f61ca4f0fda24b2f,0,main,A1,3,cpu-mala-sequential,1024,analyzed,valid,completed
d6ebe3d410eb723fc44383fe,1,main,L1,12,cuda-rwm-sequential,1024,analyzed,valid,completed
d6fa08bc88d5cf744f33aa16,2,main,H1,18,cpu-nuts-spawn_chains,1024,analyzed,valid,completed
d71cb23ce8a4544bc8aa0a6d,2,main,M1,23,cuda-mala-sequential,1024,analyzed,valid,completed
d71f6bbea9e1ac219d69fdf2,2,main,G2,16,cpu-mala-quasi_deer,1024,analyzed,valid,completed
d7597c7e2937df262460ad44,1,main,G2,14,cpu-rwm-online_picard,4096,analyzed,valid,completed
d772b539fb56492b4fd09b5f,2,main,H2,20,cpu-rwm-sequential,1024,analyzed,valid,completed
d77960f536ec45162438319b,0,main,H2,7,cuda-mala-sequential,4096,analyzed,valid,completed
d78e8a1e660327e4a51f11c6,0,main,L1,6,cpu-rwm-sequential,4096,analyzed,valid,completed
d7a318dac393216f3b419db3,2,main,W1,16,cuda-mala-sequential,1024,analyzed,valid,completed
d7bfa7f43717805388df842d,0,main,H2,1,cuda-mala-quasi_deer,4096,analyzed,valid,completed
d7d5db39dac014929b8af996,0,main,G2,5,cpu-mala-quasi_deer,4096,analyzed,valid,completed
d7dcba24e7d4c2401d7d7c6e,0,main,W1,6,cpu-mala-sequential,1024,analyzed,valid,completed
d7f6b0c1d1433b09317df6f4,2,main,L1,21,cpu-rwm-online_picard,4096,analyzed,valid,completed
d7f8dfe3cf1a7485e8b4df9e,2,main,L1,19,cuda-mala-quasi_deer,4096,analyzed,valid,completed
d801b1e6d0850bf9af02c5fc,1,main,M1,13,cuda-rwm-online_picard,4096,analyzed,valid,completed
d804d07b32147cfbe56bab40,0,main,G1,6,cpu-mala-quasi_deer,4096,analyzed,valid,completed
d80a5c26cbd8d020272a4283,2,main,L1,17,cpu-nuts-spawn_chains,1024,analyzed,valid,completed
d8202597219ad600bbe9bfa9,2,main,A1,20,cpu-mala-quasi_deer,4096,analyzed,valid,completed
d827dba2dbc3aac4c03933c3,2,main,H1,23,cpu-mala-quasi_deer,4096,analyzed,numerical_failure,unavailable
d851bcda26d9a4747c628f74,1,main,G1,11,cpu-mala-quasi_deer,4096,analyzed,valid,completed
d8646d3acdc9b6646c195735,1,main,L1,8,cpu-mala-sequential,4096,analyzed,valid,completed
d87bbe09d735653814ee7ffc,2,main,G2,20,cuda-rwm-online_picard,1024,analyzed,valid,completed
d881885974ae1332b9799efa,2,main,L2,19,cuda-mala-quasi_deer,4096,analyzed,valid,completed
d8862a34c54c2b1672428907,0,main,H2,3,cpu-rwm-sequential,4096,analyzed,valid,completed
d8880cef8acb4330e7556655,0,main,L2,7,cpu-rwm-online_picard,1024,analyzed,valid,completed
d891ade37431cae43d45cd08,0,main,L2,3,cuda-mala-sequential,1024,analyzed,valid,completed
d8a3443b6ce8e88dadf4b9cc,1,main,W1,11,cuda-rwm-sequential,1024,analyzed,valid,completed
d8b5dfd539c889b44945428b,1,main,W1,15,cuda-mala-sequential,4096,analyzed,valid,completed
d8c980698dc57c21d0832e8d,1,main,H1,15,cuda-rwm-sequential,1024,analyzed,valid,completed
d8d1ba5aad5acd6668627f38,1,main,G1,8,cpu-nuts-spawn_chains,1024,analyzed,valid,completed
d8e5f1bc4b092bec4c99a502,1,main,W1,10,cuda-rwm-sequential,4096,analyzed,valid,completed
d8f8516be5da49a0f8e7f4d6,2,main,G1,18,cpu-rwm-online_picard,4096,analyzed,valid,completed
d914139560ee2fa0ad3040e0,2,main,G2,18,cpu-nuts-spawn_chains,1024,analyzed,valid,completed
d92c70e28de828d95b07c948,0,main,H1,0,cuda-rwm-sequential,4096,analyzed,valid,completed
d93885d492fab0c1ecfc1f18,0,main,H1,5,cuda-rwm-sequential,4096,analyzed,valid,completed
d940eab36c907a8f0e3773aa,0,main,L2,1,cuda-rwm-online_picard,4096,analyzed,valid,completed
d9599d23ca796464466ff204,1,cache,G1,8,cpu-rwm-sequential,4096,analyzed,measurement_available,unavailable
d95db99035a10cbc1ce4a92a,1,main,M1,9,cuda-mala-sequential,1024,analyzed,valid,completed
d98cf2a08192c18f7663898f,0,main,G1,1,cuda-mala-sequential,1024,analyzed,valid,completed
d9aad6be8fad594ffd13e2ae,0,main,L1,2,cpu-nuts-spawn_chains,4096,analyzed,output_failure_unclassified,unavailable
d9adade6d9c10519621a3d1f,0,main,M1,4,cuda-mala-quasi_deer,1024,analyzed,valid,completed
d9ba3ab4aee06f497d896c1f,0,main,M1,2,cpu-rwm-online_picard,1024,analyzed,valid,completed
d9cffa2608ec08502831b427,2,main,W1,20,cpu-rwm-online_picard,4096,analyzed,valid,completed
d9d02db4089b29e4e2c5b66c,0,main,L2,0,cpu-mala-quasi_deer,1024,analyzed,valid,completed
d9e87140c38b104cb1fb1c68,1,main,M1,11,cpu-rwm-sequential,1024,analyzed,valid,completed
d9fc65f64d35923cb4128f18,2,main,G2,22,cuda-rwm-sequential,1024,analyzed,valid,completed
da2435e1640ea17f3856ac69,2,main,L1,17,cpu-mala-quasi_deer,1024,analyzed,valid,completed
da29f223c534bf9c301db80d,0,main,A1,6,cpu-mala-sequential,4096,analyzed,valid,completed
da35aa11059f1217f3f083e0,0,main,G2,5,cuda-mala-quasi_deer,1024,analyzed,valid,completed
da5801f6a07fcdd76200a87a,0,main,G1,3,cpu-rwm-sequential,1024,analyzed,valid,completed
da581d54f65da4dab057dc5c,2,cache,L2,23,cuda-mala-sequential,1024,analyzed,measurement_available,unavailable
da59735c645e93e9a664f68b,0,main,W1,4,cpu-rwm-sequential,4096,analyzed,valid,completed
da7e11f961104579f900de0d,1,main,G1,13,cpu-rwm-online_picard,4096,analyzed,valid,completed
da82c23867ba7457afd4560c,1,main,G1,8,cpu-mala-sequential,1024,analyzed,valid,completed
da848e866eb17635955221fe,1,main,L1,13,cuda-rwm-online_picard,4096,analyzed,valid,completed
da956db6ca259c7d2f4aebbc,0,main,A1,6,cpu-rwm-sequential,4096,analyzed,valid,completed
da960177c478e41712aed7a6,0,main,L1,0,cpu-rwm-online_picard,4096,analyzed,valid,completed
daaa3d433521a01fd2605cc0,2,main,G1,17,cpu-rwm-online_picard,4096,analyzed,valid,completed
dab45be46e71da9cb3d42f6b,2,main,H1,22,cpu-nuts-spawn_chains,4096,analyzed,valid,completed
dae0a3c7d39e5a83f1713947,0,main,W1,6,cpu-rwm-sequential,4096,analyzed,valid,completed
db0ecf7d83ca7a6764a2935b,0,main,L2,5,cpu-rwm-online_picard,4096,analyzed,valid,completed
db12441e4c938463ecec165f,0,main,L2,6,cpu-mala-sequential,4096,analyzed,valid,completed
db29530330ab93ebe344a905,1,main,H1,15,cpu-mala-quasi_deer,4096,analyzed,numerical_failure,unavailable
db406009fb5f665d32f50c1f,2,main,M1,17,cpu-nuts-spawn_chains,1024,analyzed,valid,completed
db68ed9f38ac7679e05c19e6,2,main,A1,21,cpu-mala-sequential,4096,analyzed,valid,completed
db80a8b1087e57d25ec440bd,0,main,H2,1,cpu-nuts-spawn_chains,1024,analyzed,valid,completed
dbac34ebc04a6791cdcd30b4,2,main,M1,23,cpu-nuts-spawn_chains,4096,analyzed,valid,completed
dbbdd81dbe74c1b4f7138c46,2,main,M1,21,cuda-rwm-sequential,1024,analyzed,valid,completed
dbd0a351efffd55f0d82065c,2,main,A1,17,cuda-rwm-sequential,1024,analyzed,valid,completed
dbe050cb4df6831eb7b758e0,2,main,L2,22,cuda-rwm-online_picard,1024,analyzed,valid,completed
dc0d74eb33173c0efb8259f1,0,main,G1,1,cuda-rwm-online_picard,4096,analyzed,valid,completed
dc289ac238c6991224cbdbe7,0,main,H2,7,cpu-nuts-spawn_chains,1024,analyzed,valid,completed
dc401e57da5250bd878e7762,1,main,G2,11,cpu-nuts-spawn_chains,1024,analyzed,valid,completed
dc578ea94549cdb859dc44f8,2,main,M1,23,cpu-rwm-sequential,4096,analyzed,valid,completed
dc5dcf6de61244571508d029,0,main,A1,0,cpu-mala-quasi_deer,1024,analyzed,valid,completed
dc7868d0370a8ae9d4f93317,2,main,M1,20,cpu-rwm-sequential,4096,analyzed,valid,completed
dcc7ec7801bb01d0c1a3d99e,1,main,M1,15,cuda-rwm-sequential,4096,analyzed,valid,completed
dcf39860fd96e6bbf1615a78,1,main,G2,12,cuda-rwm-online_picard,4096,analyzed,valid,completed
dcfc0c7fa109f2e2c9c12696,2,main,A1,21,cpu-rwm-online_picard,4096,analyzed,valid,completed
dd0a474b6ac094c7669fe9f6,2,main,G2,21,cpu-mala-sequential,4096,analyzed,valid,completed
dd16a2384d2b4795c68815f3,1,main,H1,14,cuda-mala-quasi_deer,4096,analyzed,numerical_failure,unavailable
dd4343121d6661deebfb696d,0,main,L1,3,cpu-mala-quasi_deer,1024,analyzed,valid,completed
dd43a6c5ee9e1e68a0376fb0,0,main,G1,7,cpu-rwm-online_picard,1024,analyzed,valid,completed
dd5c12c262c0bbc9553f3664,1,main,A1,9,cpu-rwm-sequential,1024,analyzed,valid,completed
dd64dfb3620d60551632ccaf,0,main,G2,5,cpu-rwm-sequential,4096,analyzed,valid,completed
dd9f41863f5d3750b39b181d,0,main,L1,3,cpu-rwm-sequential,1024,analyzed,valid,completed
dda3a00dc17220961a469b25,2,main,A1,16,cuda-rwm-sequential,4096,analyzed,valid,completed
ddb23e2ffa9b10fcca64cac8,2,main,L2,19,cpu-mala-sequential,4096,analyzed,valid,completed
ddb2c9a6ee7770bdfac980f1,1,main,G2,9,cuda-rwm-online_picard,4096,analyzed,valid,completed
ddc047e3c786168f4147fcc9,2,main,G2,22,cuda-mala-quasi_deer,4096,analyzed,valid,completed
ddc83f6de3667a237a6ff21d,0,main,A1,2,cuda-rwm-online_picard,1024,analyzed,valid,completed
ddc920567c42deafaa88295e,1,main,H2,15,cuda-rwm-sequential,4096,analyzed,valid,completed
ddcf7734c124beabe06b7136,2,cache,G1,23,cuda-mala-quasi_deer,1024,analyzed,measurement_available,unavailable
de031f4da79de683380faddd,2,main,G1,21,cpu-rwm-sequential,4096,analyzed,valid,completed
de13dfbfbc5f2e5c860c0503,2,main,H2,16,cpu-nuts-spawn_chains,4096,analyzed,valid,completed
de15593cf180807e6332353a,2,main,L2,21,cpu-mala-quasi_deer,4096,analyzed,valid,completed
de3f46f7ccbbfc7961818c8d,2,main,G1,23,cpu-mala-sequential,4096,analyzed,valid,completed
de4951d21aaaf383455f2601,2,main,L2,21,cuda-mala-quasi_deer,1024,analyzed,valid,completed
de5c6bdbb896bf841efbd76b,2,main,L2,20,cuda-rwm-online_picard,1024,analyzed,valid,completed
de729dc6da843fa0fc6fb0b8,2,main,G2,21,cuda-mala-quasi_deer,1024,analyzed,valid,completed
de80e7ba6d05095a493ff061,0,main,H1,0,cuda-rwm-online_picard,1024,analyzed,valid,completed
de833a13f879126947b9e8cd,0,main,G2,0,cpu-rwm-online_picard,4096,analyzed,valid,completed
dea72358a53405e7cb2c3990,2,main,H2,19,cpu-rwm-online_picard,4096,analyzed,valid,completed
deb38a40d7d4dbca5e990ac6,1,main,L1,11,cpu-mala-quasi_deer,4096,analyzed,valid,completed
ded307ee0f7bbd5341469e7b,2,main,G2,18,cpu-mala-sequential,1024,analyzed,valid,completed
dedd776ff4133753735e91ac,1,main,L2,15,cuda-mala-quasi_deer,4096,analyzed,valid,completed
dee0f6caedc4dcda0d0f1a14,2,main,M1,16,cpu-mala-quasi_deer,1024,analyzed,valid,completed
dee37e6eb6f208dc5091aaa6,0,main,H2,2,cpu-mala-quasi_deer,4096,analyzed,valid,completed
df0f9b15028ee1537f0001aa,1,main,H1,8,cpu-nuts-spawn_chains,1024,analyzed,valid,completed
df0fda47a4098ebf35f7ae24,2,main,H1,18,cuda-mala-sequential,4096,analyzed,valid,completed
df3b681bc8f2fc363b4d54d7,2,main,G1,16,cpu-rwm-online_picard,1024,analyzed,valid,completed
df45c165dc6000493ec6be32,0,main,A1,2,cpu-nuts-spawn_chains,1024,analyzed,valid,completed
df4701d3ca0e4bd300f68273,2,main,H1,21,cpu-rwm-online_picard,4096,analyzed,valid,completed
df4cacc682f4aa38d063d9e6,0,main,L1,0,cpu-mala-sequential,4096,analyzed,valid,completed
df52344f91223cd153dda19f,2,main,A1,22,cpu-mala-quasi_deer,4096,analyzed,valid,completed
df5527d7021e8b199aa9d824,1,main,M1,15,cpu-mala-sequential,1024,analyzed,valid,completed
df693482577a53db67df1498,0,main,L2,6,cpu-rwm-online_picard,4096,analyzed,valid,completed
df6e4b74301232d23fe3d126,2,main,A1,21,cpu-mala-quasi_deer,4096,analyzed,valid,completed
df75f1b9050873a8ff8881e4,2,cache,G2,23,cpu-mala-quasi_deer,1024,analyzed,measurement_available,unavailable
df90d5a815910a4c61e2208a,2,main,G2,16,cpu-mala-sequential,4096,analyzed,valid,completed
df98bc9b00d78a3c13e4221a,2,main,H1,18,cpu-mala-sequential,4096,analyzed,valid,completed
df99f52a6cba68cd9d214e80,2,cache,L2,16,cpu-mala-quasi_deer,4096,analyzed,measurement_available,unavailable
dfae8061b1401748c644cbe9,2,main,G2,20,cuda-mala-quasi_deer,1024,analyzed,valid,completed
dfb1481ae58080a9ebfc560d,2,main,W1,20,cpu-mala-sequential,4096,analyzed,valid,completed
dfc507954fe1144bb0a479da,0,main,M1,2,cuda-rwm-online_picard,1024,analyzed,valid,completed
dfd544643fb175286290a52d,1,main,M1,8,cpu-mala-sequential,1024,analyzed,valid,completed
dff62bb0ead75ece4a630ca5,1,main,L2,8,cuda-mala-sequential,4096,analyzed,valid,completed
e019661f932e33e2e3b6cec6,0,main,H2,1,cuda-mala-sequential,1024,analyzed,valid,completed
e02b1fe52b6235a8200ac53d,2,main,M1,22,cpu-nuts-spawn_chains,1024,analyzed,valid,completed
e04683a0c744614a9f726426,2,main,W1,20,cuda-rwm-online_picard,1024,analyzed,valid,completed
e0543a130d98150b74813f41,1,main,L1,15,cpu-mala-quasi_deer,4096,analyzed,valid,completed
e0639b7fa1f8666281b69356,1,main,L1,11,cuda-rwm-sequential,4096,analyzed,valid,completed
e07111a20b7163608555ab90,2,main,M1,20,cpu-mala-quasi_deer,4096,analyzed,valid,completed
e081b20cbc28c4dbb9c136f9,2,cache,G1,16,cpu-mala-quasi_deer,4096,analyzed,measurement_available,unavailable
e0988d7060c9c1a210a1eef0,2,main,L1,22,cpu-rwm-sequential,4096,analyzed,valid,completed
e0cb4e02bc3dba47d6389d98,0,main,G1,1,cpu-nuts-spawn_chains,4096,analyzed,output_failure_unclassified,unavailable
e0e76cac5d84365beb31eff1,0,main,W1,1,cuda-mala-sequential,4096,analyzed,valid,completed
e0f265a724da46f9094c29c7,0,main,L1,4,cpu-nuts-spawn_chains,4096,analyzed,output_failure_unclassified,unavailable
e0f43d4b94a280562efa2d12,0,cache,W1,0,cuda-mala-quasi_deer,1024,analyzed,measurement_available,unavailable
e10013b1da163f69e8745588,1,main,G1,11,cpu-rwm-sequential,4096,analyzed,valid,completed
e1085dca4bd0caca2f29388a,0,cache,W1,0,cpu-mala-sequential,1024,analyzed,measurement_available,unavailable
e111246e5ddbb8b84b4ef463,2,main,M1,16,cuda-mala-quasi_deer,4096,analyzed,valid,completed
e1278334245953884a5597ee,2,main,H2,17,cpu-rwm-sequential,1024,analyzed,valid,completed
e14679a14bce37c75d57b53b,2,main,H1,16,cuda-mala-sequential,1024,analyzed,valid,completed
e1538404603ab19d9d218c90,0,main,L1,6,cuda-mala-quasi_deer,4096,analyzed,valid,completed
e15cbadcb36224c4dbd37119,0,main,W1,4,cpu-mala-quasi_deer,4096,analyzed,valid,completed
e163a35976d2cf8eb26f8003,2,cache,W1,16,cpu-mala-quasi_deer,1024,analyzed,measurement_available,unavailable
e16451e263da5d2bcc2dcd52,2,main,A1,17,cuda-mala-quasi_deer,4096,analyzed,valid,completed
e16f41c7f2a4f2ab19499c39,0,main,G2,4,cuda-mala-sequential,4096,analyzed,valid,completed
e1722e8ca902b58051ce277a,1,main,G1,11,cpu-mala-sequential,1024,analyzed,valid,completed
e19aa9b3a8f34b1e437a549b,2,main,A1,17,cpu-mala-quasi_deer,4096,analyzed,valid,completed
e19e9951d458f2b6b2491ec5,0,main,H1,2,cpu-mala-quasi_deer,4096,analyzed,numerical_failure,unavailable
e1a3ff9bce5875c0b7ea2ac2,1,main,W1,10,cpu-rwm-sequential,1024,analyzed,valid,completed
e1b9bd453ed786cbb509008a,1,main,G2,8,cpu-mala-sequential,1024,analyzed,valid,completed
e1c0083a09f475294baede8a,0,cache,G2,0,cuda-mala-quasi_deer,1024,analyzed,measurement_available,unavailable
e1d613734c8413c94c492c8b,2,main,G1,18,cpu-mala-sequential,1024,analyzed,valid,completed
e1d787e27ffd28e21514a585,2,main,W1,23,cpu-mala-sequential,4096,analyzed,valid,completed
e1db00e43868543daa795b92,0,main,H1,4,cuda-mala-sequential,4096,analyzed,valid,completed
e1dbf3ea0dc911f4091d1389,2,main,H1,21,cpu-rwm-sequential,1024,analyzed,valid,completed
e1e6e93e182cab2b97759b0b,2,main,L2,23,cuda-mala-sequential,1024,analyzed,valid,completed
e1e7924fa1f776f8daea65ab,0,main,M1,4,cuda-rwm-online_picard,1024,analyzed,valid,completed
e1f9e95def4cd83da83dc756,1,main,W1,12,cpu-mala-sequential,4096,analyzed,valid,completed
e20cf05abeff085e9683ed47,0,main,W1,5,cuda-rwm-online_picard,4096,analyzed,valid,completed
e210271122f84dc8e8474b3e,2,main,M1,17,cpu-rwm-online_picard,4096,analyzed,valid,completed
e212ce808e8f03d630bb7855,1,main,L1,8,cpu-rwm-sequential,4096,analyzed,valid,completed
e22d3f03d8e994566fdaa5dc,1,main,H1,9,cpu-rwm-sequential,4096,analyzed,valid,completed
e23ca1b45de5274bf11c83b8,2,main,G1,16,cpu-mala-sequential,4096,analyzed,valid,completed
e23de5e70235bb002c62559d,1,main,G2,12,cpu-mala-sequential,4096,analyzed,valid,completed
e246c192617f421e9e13d5ab,1,main,W1,9,cpu-mala-quasi_deer,1024,analyzed,valid,completed
e25bca0abab56ecb3daa0724,2,main,W1,21,cpu-rwm-sequential,4096,analyzed,valid,completed
e25d1bf41dcc3c884fa6a4c4,1,main,H1,14,cuda-mala-sequential,1024,analyzed,valid,completed
e263b4c939bcd81a24978d96,2,main,A1,16,cpu-nuts-spawn_chains,1024,analyzed,valid,completed
e27f2adf5b4ae7216a0e957c,2,main,G2,17,cpu-mala-sequential,4096,analyzed,valid,completed
e2829c55102d76a4e4679797,0,main,G1,6,cuda-mala-quasi_deer,4096,analyzed,valid,completed
e285959efbff4577a332b02e,0,main,W1,3,cuda-mala-sequential,1024,analyzed,valid,completed
e2b22d4658aca7fdc0fafb85,0,main,L2,4,cuda-mala-sequential,4096,analyzed,valid,completed
e2c08f75edcb9504b1792f78,2,main,A1,16,cuda-mala-quasi_deer,4096,analyzed,valid,completed
e2c60398acf894204b722a5d,2,main,M1,21,cuda-rwm-online_picard,4096,analyzed,valid,completed
e2d73da9b9812badc2c6372c,0,main,G2,0,cpu-nuts-spawn_chains,1024,analyzed,valid,completed
e2da13950c61e0df7dad3839,2,main,W1,19,cuda-mala-quasi_deer,4096,analyzed,valid,completed
e2ec813d2b810a1f4152920e,1,main,L1,8,cpu-rwm-sequential,1024,analyzed,valid,completed
e2eddbc6caffbaacbc4dcef5,1,main,H1,14,cuda-rwm-sequential,4096,analyzed,valid,completed
e2f5fc28eea7b539c0e19028,0,main,L2,0,cpu-nuts-spawn_chains,1024,analyzed,valid,completed
e2ffd47f76058acaf898826b,0,main,L2,5,cuda-mala-quasi_deer,4096,analyzed,valid,completed
e311bfcf088e1c684306e773,2,main,H1,22,cuda-mala-quasi_deer,1024,analyzed,valid,completed
e3137f6252752f45d47c01d9,2,main,M1,23,cpu-rwm-online_picard,4096,analyzed,valid,completed
e33f71c58e98e29105a7d548,0,main,M1,2,cpu-rwm-sequential,1024,analyzed,valid,completed
e340adbedc6d1f100b1a9ff3,0,main,L2,1,cuda-mala-sequential,1024,analyzed,valid,completed
e35e7d50c6ab2d84746f004e,2,cache,L2,23,cpu-mala-quasi_deer,4096,analyzed,measurement_available,unavailable
e383262704e5cb29e90331b6,2,main,M1,19,cpu-mala-sequential,4096,analyzed,valid,completed
e3c277ae5b332610ec2b0487,0,main,L2,0,cuda-rwm-online_picard,1024,analyzed,valid,completed
e3c32e54a71a181db562116e,0,main,G1,1,cpu-rwm-sequential,1024,analyzed,valid,completed
e3c6145c5acd66a333f7cf66,2,main,M1,23,cuda-mala-quasi_deer,4096,analyzed,valid,completed
e3d77d36007567601ca33ff6,0,main,L2,1,cpu-rwm-online_picard,4096,analyzed,valid,completed
e41e6a723c064695aa254bb5,2,main,L2,19,cuda-rwm-sequential,1024,analyzed,valid,completed
e42e38bb971638e734b91088,2,main,H1,20,cpu-mala-sequential,4096,analyzed,valid,completed
e43774069477efa8b2208003,1,main,W1,11,cpu-mala-sequential,1024,analyzed,valid,completed
e43eccfaf38a1d52c7a7243d,1,cache,G1,8,cuda-mala-sequential,4096,analyzed,measurement_available,unavailable
e44161fdcc8f65f5579b3917,2,main,L1,18,cpu-nuts-spawn_chains,1024,analyzed,valid,completed
e4513d1daa3fc7223bc619a8,1,main,H1,15,cuda-mala-quasi_deer,1024,analyzed,numerical_failure,unavailable
e45ae146b7a0b84fd507f470,2,main,L1,20,cpu-mala-quasi_deer,4096,analyzed,valid,completed
e4718529558515efe274f753,1,main,M1,14,cpu-nuts-spawn_chains,1024,analyzed,valid,completed
e478c426eda96b9b6e603384,2,main,W1,17,cuda-rwm-sequential,1024,analyzed,valid,completed
e47fd1b50a253195ba5e19d3,2,cache,G2,23,cuda-mala-sequential,1024,analyzed,measurement_available,unavailable
e48a7db81247207b1d3da786,2,main,M1,22,cpu-rwm-sequential,4096,analyzed,valid,completed
e49c2a2ad70d6999df363765,2,main,L2,21,cuda-mala-quasi_deer,4096,analyzed,valid,completed
e4a3f2d2a43fd8dd034c9e25,0,main,L1,7,cpu-rwm-sequential,4096,analyzed,valid,completed
e4b02f251908c63c78ad0e8c,0,main,H1,0,cuda-mala-sequential,4096,analyzed,valid,completed
e4b059f8752563b642ab93ad,0,cache,G1,0,cuda-mala-sequential,1024,analyzed,measurement_available,unavailable
e4b703fa6fe5600215202fa0,1,main,H2,9,cpu-mala-sequential,1024,analyzed,valid,completed
e4bcbdcfb5ba01e2e8ad43e0,2,main,H2,19,cpu-nuts-spawn_chains,1024,analyzed,valid,completed
e4c01ce937157bed0e0363b1,1,main,L1,14,cuda-rwm-sequential,4096,analyzed,valid,completed
e4c1aea7b0fd8eec4bdc3f15,1,main,M1,9,cpu-mala-sequential,4096,analyzed,valid,completed
e4e8e27a05a052877f13ce02,0,main,H1,4,cpu-rwm-sequential,4096,analyzed,valid,completed
e503c1311b5170738216ed87,1,main,H2,14,cuda-mala-quasi_deer,4096,analyzed,valid,completed
e51432cad7b2e7be0ae0ec42,2,main,G1,18,cpu-mala-sequential,4096,analyzed,valid,completed
e5253273ca8eb6673bef7312,0,main,G1,3,cuda-mala-sequential,1024,analyzed,valid,completed
e52898ab8328853c84f67473,1,main,M1,12,cuda-rwm-sequential,1024,analyzed,valid,completed
e52f59398fd37e790ea69abc,0,main,G2,3,cuda-mala-quasi_deer,4096,analyzed,valid,completed
e53cfa5b477dd96a2f4627fb,0,main,W1,2,cpu-rwm-online_picard,4096,analyzed,valid,completed
e54f0bafba6c27df9c6d7220,2,main,A1,22,cpu-rwm-sequential,1024,analyzed,valid,completed
e563a3fa1f3276b7bec70b89,2,main,H2,23,cpu-mala-quasi_deer,4096,analyzed,valid,completed
e5794494348de1cfa3e61ea9,0,main,M1,3,cpu-mala-sequential,4096,analyzed,valid,completed
e57ad5f1fab94309f5b4f635,2,cache,G2,16,cuda-rwm-sequential,1024,analyzed,measurement_available,unavailable
e57e135b6dbe505b1157cfcf,0,main,L1,1,cpu-nuts-spawn_chains,1024,analyzed,valid,completed
e5880c28de4c82996b3643ce,2,main,G2,22,cuda-rwm-sequential,4096,analyzed,valid,completed
e5893aa13c7642ffb68e60f2,1,main,L2,14,cpu-nuts-spawn_chains,4096,analyzed,output_failure_unclassified,unavailable
e59ee6e0061e1315cd2e4454,0,main,L2,6,cuda-rwm-online_picard,4096,analyzed,valid,completed
e5a4b7139a2b55aacfaf5e81,0,main,L1,5,cuda-mala-sequential,1024,analyzed,valid,completed
e5b078700676756525767cdd,1,main,G2,13,cpu-nuts-spawn_chains,1024,analyzed,valid,completed
e5bf53100c96800deccc5ce8,1,main,G2,14,cuda-mala-quasi_deer,4096,analyzed,valid,completed
e5cacdc2c0583aead1f7f7aa,2,main,H1,22,cuda-rwm-online_picard,1024,analyzed,valid,completed
e5e183f09a9ce30cbdc000a7,0,main,H2,0,cuda-rwm-sequential,1024,analyzed,valid,completed
e5f73f04ff6d7a33fafada9f,0,main,H2,2,cpu-rwm-online_picard,4096,analyzed,valid,completed
e5f8388f1872015700440370,0,main,L1,5,cpu-rwm-online_picard,4096,analyzed,valid,completed
e62b2bdefd97f21b8cf296be,1,main,H2,12,cpu-rwm-online_picard,1024,analyzed,valid,completed
e6394781abb16f86bda2d5bf,1,main,L2,8,cuda-mala-quasi_deer,4096,analyzed,valid,completed
e63deb737f9d63edf2374f33,1,cache,L2,8,cpu-mala-sequential,1024,analyzed,measurement_available,unavailable
e6524f9d289f374556f71262,2,main,A1,21,cuda-rwm-online_picard,1024,analyzed,valid,completed
e66e4c8be28514ff97953046,0,main,W1,4,cuda-mala-sequential,1024,analyzed,valid,completed
e69d14b32df5562b18191f06,2,main,G2,18,cuda-mala-sequential,4096,analyzed,valid,completed
e6b811ac0f1a03a60ec4568a,1,main,G1,8,cpu-rwm-sequential,4096,analyzed,valid,completed
e6eeb83c2e8663359d64aaa6,0,main,W1,1,cuda-mala-quasi_deer,1024,analyzed,valid,completed
e6f2a0a9fb681e242f693b1d,2,main,W1,20,cpu-mala-quasi_deer,4096,analyzed,valid,completed
e70c5079628f44745d54bd9b,2,main,H1,22,cuda-rwm-sequential,4096,analyzed,valid,completed
e7175ce255609f67965c9e29,2,main,H2,17,cpu-rwm-sequential,4096,analyzed,valid,completed
e724ff898306746dd313f4b6,0,main,M1,4,cuda-mala-quasi_deer,4096,analyzed,valid,completed
e73382762dcf218b315695ac,2,main,A1,20,cuda-mala-quasi_deer,4096,analyzed,valid,completed
e737def0a79c038324da8fd5,1,main,G1,15,cpu-mala-sequential,1024,analyzed,valid,completed
e76bc9faa4ea9242ceb7c099,1,main,M1,12,cpu-rwm-sequential,4096,analyzed,valid,completed
e795e56b7e26ce2e3cec8231,2,main,L2,17,cpu-mala-quasi_deer,4096,analyzed,valid,completed
e79be37ee08cacd611912239,2,main,L1,22,cpu-mala-quasi_deer,1024,analyzed,valid,completed
e79ddf8ee871e045000735ad,2,main,L2,22,cpu-mala-quasi_deer,1024,analyzed,valid,completed
e7c10834d708628b2780f463,0,main,M1,3,cpu-mala-quasi_deer,1024,analyzed,valid,completed
e7d6b22383df9eb84140d14a,1,main,M1,10,cuda-rwm-sequential,4096,analyzed,valid,completed
e7ddf5b47df1c2203f0e99b5,1,main,A1,11,cpu-mala-sequential,4096,analyzed,valid,completed
e7e3dd2548ab812ca36d6865,1,main,W1,12,cuda-mala-quasi_deer,1024,analyzed,valid,completed
e82d2b7426e38f7f1542621d,2,main,L1,23,cpu-nuts-spawn_chains,1024,analyzed,valid,completed
e83f329611d5b3237887192c,2,main,M1,18,cpu-nuts-spawn_chains,1024,analyzed,valid,completed
e840369e8ba67392c65e79f8,2,main,H2,19,cuda-mala-quasi_deer,4096,analyzed,valid,completed
e86b377ebe2293d437242e19,0,main,M1,4,cpu-rwm-online_picard,4096,analyzed,valid,completed
e87e4184a0a336138ac8617a,0,main,H2,5,cpu-mala-quasi_deer,4096,analyzed,valid,completed
e886fc86db7051afe4b43327,2,cache,G2,23,cuda-mala-sequential,4096,analyzed,measurement_available,unavailable
e887278c2dfac18a21f4b316,2,main,H2,22,cuda-mala-sequential,4096,analyzed,valid,completed
e889610a259177964551f7a8,1,main,G1,8,cuda-rwm-online_picard,1024,analyzed,valid,completed
e891a23d15bdff60a6b54312,0,main,W1,7,cuda-mala-sequential,4096,analyzed,valid,completed
e8a44d512c843ccf4cf11fa7,1,main,M1,11,cpu-rwm-online_picard,4096,analyzed,valid,completed
e8a73bcd2ffa43ed0a3213e0,0,main,H2,0,cuda-rwm-online_picard,1024,analyzed,valid,completed
e8aaec35d428132d7f7953d8,1,main,L1,15,cuda-rwm-online_picard,4096,analyzed,valid,completed
e8ae520ec5622feab3451563,2,main,G1,21,cpu-mala-quasi_deer,1024,analyzed,valid,completed
e8bb4567dee66d476d8c9cc5,2,main,A1,23,cuda-rwm-sequential,1024,analyzed,valid,completed
e8bddb43a2867c1a1bed0e90,2,main,L1,21,cuda-rwm-online_picard,4096,analyzed,valid,completed
e8bfc49e756e146943f07010,1,main,H1,8,cuda-rwm-online_picard,4096,analyzed,valid,completed
e8cf5aa659d63e4a3652a46c,2,main,L1,19,cpu-rwm-online_picard,1024,analyzed,valid,completed
e8ef3f5312c0315334e4f19d,2,main,H1,21,cpu-rwm-sequential,4096,analyzed,valid,completed
e8f06e988e266b44f265a790,2,main,L2,20,cpu-rwm-online_picard,4096,analyzed,valid,completed
e8f16b79646584c1b6182a4a,0,main,G2,6,cpu-rwm-sequential,1024,analyzed,valid,completed
e90c8670a5d313a58d0aae4b,1,main,M1,8,cpu-nuts-spawn_chains,1024,analyzed,valid,completed
e919802c8c82e17fb461800a,1,main,G2,11,cuda-rwm-sequential,4096,analyzed,valid,completed
e946a152590f5f1d48f28ca6,2,main,H2,22,cuda-mala-quasi_deer,1024,analyzed,valid,completed
e958183599a34e0a2c304be1,2,main,M1,19,cpu-rwm-sequential,1024,analyzed,valid,completed
e95db20a29db56b5496fb004,1,main,G1,14,cuda-rwm-sequential,1024,analyzed,valid,completed
e962f12a57f1a246b2942666,1,main,H2,8,cpu-nuts-spawn_chains,4096,analyzed,output_failure_unclassified,unavailable
e96acfbf3bcd76ba84230579,0,main,H2,1,cuda-rwm-online_picard,4096,analyzed,valid,completed
e9ee9af3e2a1a929ce193dfe,2,main,A1,18,cuda-rwm-online_picard,1024,analyzed,valid,completed
e9febaa37e4ffc401def8744,1,main,H1,8,cuda-mala-quasi_deer,1024,analyzed,valid,completed
ea073e182b40095bf46f2d67,0,main,L1,0,cpu-nuts-spawn_chains,1024,analyzed,valid,completed
ea0b84294e67d33e578255f2,0,main,H1,1,cpu-mala-quasi_deer,4096,analyzed,valid,completed
ea0c4a6c11f59142360e30f2,0,main,G1,3,cpu-mala-sequential,4096,analyzed,valid,completed
ea2151aba7d75721fc249108,1,main,G1,14,cpu-rwm-online_picard,1024,analyzed,valid,completed
ea2c80626ac8c5eb6ddd48ad,0,main,H1,0,cpu-nuts-spawn_chains,4096,analyzed,output_failure_unclassified,unavailable
ea5292dacee19d706dc70603,0,main,G2,3,cpu-rwm-sequential,4096,analyzed,valid,completed
ea5703654cf381e996cbda90,1,main,A1,13,cpu-mala-sequential,1024,analyzed,valid,completed
ea59ce38ea2c4d836551a281,0,cache,W1,0,cpu-rwm-online_picard,1024,analyzed,measurement_available,unavailable
ea5ad16e8e28fe7b62cf15c0,2,main,A1,22,cuda-rwm-sequential,4096,analyzed,valid,completed
ea64d1d7bc005a4d6dd3270c,0,main,L2,2,cuda-mala-sequential,1024,analyzed,valid,completed
ea6bb6f413a3ad5c9a1a0206,0,main,M1,6,cpu-nuts-spawn_chains,1024,analyzed,valid,completed
ea7af8881e46fadc53ef8ac5,1,main,L2,10,cuda-mala-sequential,1024,analyzed,valid,completed
ea81e15d21a84f353d1b4c93,2,main,L1,16,cpu-rwm-online_picard,1024,analyzed,valid,completed
ea821996c6866448a71bdbc0,0,main,L2,6,cuda-mala-quasi_deer,4096,analyzed,valid,completed
ea8b39f65ae698672b5291a4,1,cache,G2,8,cuda-rwm-online_picard,1024,analyzed,measurement_available,unavailable
ea8f74a6f0c9e11ae3fbd161,1,main,A1,15,cuda-mala-sequential,4096,analyzed,valid,completed
ea9698b4bd108e6bf15dcdb6,0,main,A1,6,cuda-rwm-sequential,4096,analyzed,valid,completed
ea9e78e1178e4687c85365f3,0,main,W1,0,cpu-mala-sequential,4096,analyzed,valid,completed
eab7b220fd3334b514a0d7bd,2,main,H1,23,cpu-mala-sequential,1024,analyzed,valid,completed
eab956067d00150ddf5427a5,1,main,M1,12,cuda-mala-sequential,4096,analyzed,valid,completed
eadd4689bc3f890951e280ec,2,main,G2,21,cuda-rwm-online_picard,4096,analyzed,valid,completed
eaf150db70d6f247879a39bb,0,main,A1,0,cuda-mala-sequential,4096,analyzed,valid,completed
eb0699ce1ab2c1f9f74fcde1,1,main,G2,9,cuda-mala-sequential,4096,analyzed,valid,completed
eb157a44ab1136b0e0b37fd1,0,main,M1,2,cuda-rwm-sequential,4096,analyzed,valid,completed
eb299ac213c18eeaea267d26,1,main,G1,9,cuda-rwm-online_picard,4096,analyzed,valid,completed
eb332c7311abed0fce41939f,1,main,M1,14,cuda-rwm-sequential,1024,analyzed,valid,completed
eb709fa8505eb0d2350d2deb,0,main,H1,4,cpu-rwm-online_picard,4096,analyzed,valid,completed
eb9309719ec0707d2c349b86,0,main,G1,6,cuda-rwm-online_picard,4096,analyzed,valid,completed
eb9807a28facd36cf0ae05fd,1,main,W1,8,cpu-mala-sequential,4096,analyzed,valid,completed
eba94fb16e82ce619120aba0,1,main,M1,15,cpu-rwm-online_picard,1024,analyzed,valid,completed
ebbcdc2d9a00380e4d41724f,0,main,H1,5,cpu-mala-sequential,4096,analyzed,valid,completed
ebdfe2577ea4b6aa3797a2b4,2,main,L1,16,cuda-mala-quasi_deer,1024,analyzed,valid,completed
ec00cd55c4086b8d7a1a6dac,2,main,H1,23,cpu-rwm-sequential,4096,analyzed,valid,completed
ec01f078a400ba5fdf0a5903,1,main,G2,14,cuda-rwm-online_picard,1024,analyzed,valid,completed
ec0bedf9682d31f75dc00c6f,1,main,A1,10,cpu-rwm-online_picard,4096,analyzed,valid,completed
ec1142954f1494c91f83b696,0,main,G1,3,cuda-rwm-online_picard,1024,analyzed,valid,completed
ec24d11bef71f8d974363ab4,2,main,G1,16,cpu-rwm-sequential,1024,analyzed,valid,completed
ec25d24529d7e974ac74f77c,1,main,A1,8,cpu-rwm-sequential,1024,analyzed,valid,completed
ec28980f962d30f5da7b354e,1,main,H2,12,cuda-rwm-sequential,1024,analyzed,valid,completed
ec2df5e2e7fa379e10de2551,2,main,L2,16,cpu-nuts-spawn_chains,1024,analyzed,valid,completed
ec2eb6103015a8f4a680ae0d,1,main,M1,15,cuda-rwm-online_picard,1024,analyzed,valid,completed
ec4ebf81009f386b2b5ed9b9,0,main,G1,0,cuda-mala-quasi_deer,1024,analyzed,valid,completed
ec685f1c65993679bcb6345e,0,main,H2,1,cpu-mala-quasi_deer,1024,analyzed,valid,completed
ec68d61ce90c0b0a288ee77e,2,main,A1,23,cpu-rwm-sequential,1024,analyzed,valid,completed
ec72eca52cdf50471fa41ce8,1,main,W1,14,cuda-mala-quasi_deer,4096,analyzed,valid,completed
ec837426d238e3cdd847d24d,0,main,L2,3,cpu-rwm-sequential,1024,analyzed,valid,completed
ec88707639e6fe9cbd3b72bf,2,main,A1,17,cuda-mala-sequential,1024,analyzed,valid,completed
ec9d39b35de90b816f79b78a,1,main,G2,14,cuda-mala-quasi_deer,1024,analyzed,valid,completed
ece47980523852516d06d1ea,2,main,A1,16,cpu-rwm-online_picard,4096,analyzed,valid,completed
ecefc64813a304885595e8ed,1,main,M1,14,cpu-mala-quasi_deer,1024,analyzed,valid,completed
ed05dd7e3d0796ec51d0764f,2,cache,G1,23,cuda-mala-quasi_deer,4096,analyzed,measurement_available,unavailable
ed0796df0a8254a6166fb3a5,1,main,H1,14,cuda-mala-sequential,4096,analyzed,valid,completed
ed352cc1aeeb1808760d0083,2,main,G1,18,cpu-nuts-spawn_chains,1024,analyzed,valid,completed
ed3aa406408ca7089112a119,2,main,A1,23,cuda-rwm-sequential,4096,analyzed,valid,completed
ed3ef85b2ca2bfdedd7f1f13,0,main,G2,2,cpu-rwm-sequential,4096,analyzed,valid,completed
ed42976ab4cb05f9ed8dcad8,2,main,H1,22,cpu-rwm-sequential,1024,analyzed,valid,completed
ed4a0d2872f4ae9ad73a778c,2,main,G2,22,cpu-rwm-sequential,4096,analyzed,valid,completed
ed4d8013e1dfb069645f0c21,1,main,H1,9,cpu-rwm-sequential,1024,analyzed,valid,completed
ed6c492582bb059fdbcdd1c1,1,main,G1,9,cpu-nuts-spawn_chains,4096,analyzed,output_failure_unclassified,unavailable
ed76394ac005df05b3b04ec8,2,cache,G2,23,cpu-mala-sequential,4096,analyzed,measurement_available,unavailable
ed7a85a337ccaa9c1a00e888,1,cache,G1,8,cuda-mala-quasi_deer,4096,analyzed,measurement_available,unavailable
ed7aba1e89976e391399ff97,0,main,H1,4,cpu-mala-quasi_deer,1024,analyzed,numerical_failure,unavailable
ed8fe99db9f766535d4a94ef,0,main,W1,0,cpu-rwm-sequential,4096,analyzed,valid,completed
ed9af743044ec71ccc40190e,1,main,A1,11,cpu-nuts-spawn_chains,4096,analyzed,valid,completed
eda689fba55fac3372aa4293,1,main,W1,9,cpu-rwm-online_picard,1024,analyzed,valid,completed
edad651ac7f5f33e6956b911,0,main,A1,6,cpu-rwm-sequential,1024,analyzed,valid,completed
edc04c7889d3ae2ce6766e85,0,main,L2,3,cpu-mala-sequential,4096,analyzed,valid,completed
edd2671485127316d25f224e,2,main,W1,23,cuda-rwm-online_picard,1024,analyzed,valid,completed
eddb9d294fac27a781812b24,0,main,H2,5,cpu-nuts-spawn_chains,1024,analyzed,valid,completed
edddfac2a31db82df423c0af,0,main,M1,6,cpu-rwm-online_picard,1024,analyzed,valid,completed
ede01fd383273067a165e257,2,main,G2,22,cuda-mala-sequential,4096,analyzed,valid,completed
ede784c3715205ca21e4b578,0,main,L1,7,cuda-rwm-online_picard,4096,analyzed,valid,completed
ede91a51d4afaed36cc16b55,2,main,H2,18,cuda-rwm-sequential,4096,analyzed,valid,completed
edf03ef054e30990058a43a6,2,main,L1,22,cpu-mala-quasi_deer,4096,analyzed,valid,completed
ee101396ea6966a48074b834,2,main,H2,21,cpu-rwm-online_picard,1024,analyzed,valid,completed
ee4f6506ac776a8ffbacbfd8,2,main,G2,20,cpu-nuts-spawn_chains,1024,analyzed,valid,completed
ee59444690c5ed8596aa6f1c,0,main,G1,0,cuda-rwm-sequential,4096,analyzed,valid,completed
ee64d1cd9fbec3ea955e7298,2,main,M1,17,cuda-mala-quasi_deer,4096,analyzed,valid,completed
ee6e2eb33df6c3d7a1c4ac7a,2,main,G2,20,cpu-mala-quasi_deer,1024,analyzed,valid,completed
ee9642228bb037373b8817ea,0,main,G2,0,cuda-rwm-sequential,4096,analyzed,valid,completed
eef0a068d9a4b8ee9395a3d7,0,main,H1,4,cuda-mala-quasi_deer,4096,analyzed,numerical_failure,unavailable
ef29c422948fb16d739679e8,2,main,W1,23,cpu-rwm-sequential,4096,analyzed,valid,completed
ef2e0128cd16191f0c095451,2,main,L1,17,cuda-rwm-online_picard,4096,analyzed,valid,completed
ef2ed026015849df7d0768be,2,main,L2,18,cuda-rwm-online_picard,1024,analyzed,valid,completed
ef3a8fd89468d839d421f843,0,main,M1,7,cpu-nuts-spawn_chains,4096,analyzed,output_failure_unclassified,unavailable
ef5a8c14f924af1ce5ef607c,0,main,G2,1,cuda-mala-quasi_deer,4096,analyzed,valid,completed
ef5bc6d87f34ac9a86c67861,1,main,G1,14,cuda-mala-sequential,1024,analyzed,valid,completed
ef64b86a151c37b6f26aa420,2,main,M1,17,cuda-rwm-online_picard,1024,analyzed,valid,completed
ef77cbd27c05d7e99407b7f7,2,main,G1,23,cpu-mala-quasi_deer,4096,analyzed,valid,completed
ef98892028d1c5f9e646eb80,0,main,L1,5,cpu-rwm-online_picard,1024,analyzed,valid,completed
efa9b3c92956a5b1b8876b9c,0,main,A1,4,cuda-rwm-sequential,4096,analyzed,valid,completed
efaa66e4273689089b585f47,1,main,H1,9,cpu-mala-sequential,1024,analyzed,valid,completed
efb50ff3b1dbaf189e371e56,2,main,H2,21,cuda-rwm-sequential,1024,analyzed,valid,completed
efbe297664f03e8f9c1234d4,2,main,H2,21,cpu-rwm-sequential,1024,analyzed,valid,completed
efcd755046e7f2f35451d513,1,main,G2,8,cuda-mala-sequential,1024,analyzed,valid,completed
eff2751e9bf6822f13c7d0c1,0,main,M1,5,cuda-mala-quasi_deer,1024,analyzed,valid,completed
f00e5015268f17b8285ab6c6,1,main,H1,11,cuda-mala-quasi_deer,4096,analyzed,numerical_failure,unavailable
f01db79435d3d5de7b4b63dd,1,main,G2,14,cpu-nuts-spawn_chains,1024,analyzed,valid,completed
f020fd9bb609fee54f1628c7,2,main,M1,20,cpu-mala-sequential,1024,analyzed,valid,completed
f023201031f414748adc09a0,0,main,L2,5,cpu-rwm-online_picard,1024,analyzed,valid,completed
f0237ee783ca6b0c3d2d2301,1,main,G1,12,cpu-rwm-sequential,4096,analyzed,valid,completed
f02c20f261be6c477d268ea7,1,main,A1,15,cpu-rwm-online_picard,4096,analyzed,valid,completed
f04e06695f25dbae7eb08ec7,1,main,H1,8,cpu-mala-quasi_deer,4096,analyzed,valid,completed
f0558bd121b050d42982b279,0,main,G2,6,cpu-mala-sequential,4096,analyzed,valid,completed
f05ce1b1dc55f196283ba986,2,main,W1,19,cpu-rwm-sequential,4096,analyzed,valid,completed
f0660f4ff267b6df01722de7,2,main,W1,18,cuda-rwm-online_picard,4096,analyzed,valid,completed
f0792a0dfd3041f1929bfb0d,0,main,G2,3,cpu-mala-sequential,1024,analyzed,valid,completed
f08c316772242b97ce0222cd,1,main,G1,15,cpu-rwm-online_picard,4096,analyzed,valid,completed
f0ab7e1ef2372a1555de0197,2,cache,L2,16,cpu-rwm-sequential,1024,analyzed,measurement_available,unavailable
f0c9ccf70ce4107e13bbea94,0,main,G1,2,cpu-rwm-sequential,1024,analyzed,valid,completed
f0d5311f10d2e2d6715a7617,0,main,A1,3,cpu-mala-sequential,4096,analyzed,valid,completed
f0d5ee8390dd2ec5cc05b7b1,1,main,H2,9,cpu-nuts-spawn_chains,1024,analyzed,valid,completed
f0e75ce50ffc761379c732d1,1,main,W1,9,cuda-mala-quasi_deer,4096,analyzed,valid,completed
f112dcb5bb0d0f30853d93d3,0,main,H1,6,cuda-mala-sequential,4096,analyzed,valid,completed
f157415e5697c8fab83704ff,2,main,A1,23,cpu-nuts-spawn_chains,1024,analyzed,valid,completed
f1634198874596c6f4f5a58b,0,main,H1,1,cuda-mala-sequential,4096,analyzed,valid,completed
f163579fc57634c9eb3b5e71,0,main,H2,7,cpu-rwm-online_picard,4096,analyzed,valid,completed
f17e2fc9d713e58849ee5e8e,1,main,A1,13,cuda-mala-sequential,4096,analyzed,valid,completed
f18ed9bbe70dc7a9836a77e0,1,main,M1,11,cpu-mala-sequential,4096,analyzed,valid,completed
f1a1ad6078e15fad0761227d,1,main,H2,8,cuda-mala-sequential,1024,analyzed,valid,completed
f1ad51cb175f59f73cdb4c1c,2,main,G1,18,cpu-rwm-online_picard,1024,analyzed,valid,completed
f1cf285081ebd8d21ded2d7e,1,main,G1,11,cuda-rwm-sequential,4096,analyzed,valid,completed
f1dc8aaf5548d5f07eedc056,1,main,L1,9,cpu-rwm-sequential,1024,analyzed,valid,completed
f1df80a7a6d79ed82cb7d719,1,main,M1,10,cuda-mala-quasi_deer,4096,analyzed,valid,completed
f1f495f882ca2e70f9090f52,0,main,G2,6,cpu-rwm-online_picard,1024,analyzed,valid,completed
f21fb4cef14fe1bf80a38d6e,0,main,A1,4,cuda-mala-quasi_deer,1024,analyzed,valid,completed
f22d2a0dea9911e5dc209bc2,2,cache,L2,23,cuda-rwm-online_picard,4096,analyzed,measurement_available,unavailable
f252d98f5fb718f32b475e04,0,main,G1,2,cuda-mala-quasi_deer,4096,analyzed,valid,completed
f27d67bb912950e118245a4b,2,main,G1,17,cpu-mala-quasi_deer,4096,analyzed,valid,completed
f2953b159a9503c711385e1a,0,main,W1,4,cpu-mala-quasi_deer,1024,analyzed,valid,completed
f2bdb5c9881590648847c275,0,main,L1,7,cuda-mala-sequential,1024,analyzed,valid,completed
f2c2cd59eb15539766207cf1,0,main,H2,4,cpu-rwm-online_picard,4096,analyzed,valid,completed
f2c9ae047b44d673fbea8386,2,main,H2,22,cpu-mala-sequential,1024,analyzed,valid,completed
f2ecec3330a56bc58e289055,0,main,G1,2,cuda-mala-sequential,4096,analyzed,valid,completed
f2ff013001df3dede60a2fd6,2,main,H2,23,cpu-rwm-sequential,1024,analyzed,valid,completed
f30bc31943829f3166066b6b,1,main,G2,12,cpu-mala-quasi_deer,4096,analyzed,valid,completed
f311025f7d28070d223df806,1,main,L2,9,cuda-rwm-online_picard,1024,analyzed,valid,completed
f31cfc98f1f67b5b9b9d05c9,2,main,W1,19,cpu-mala-sequential,4096,analyzed,valid,completed
f328c8fa26a85cf5a6078751,0,main,G1,7,cuda-mala-quasi_deer,4096,analyzed,valid,completed
f3303a4c7cbcdbfc26c01ea3,2,main,M1,17,cuda-rwm-sequential,1024,analyzed,valid,completed
f338a520491bfa28ef66ea93,1,main,G1,9,cpu-rwm-online_picard,4096,analyzed,valid,completed
f341a0f3ce9502b92376be26,1,main,W1,10,cpu-mala-sequential,4096,analyzed,valid,completed
f35d7cbcd1a745a2f7e13659,0,main,H1,6,cpu-mala-sequential,1024,analyzed,valid,completed
f366b6afa866b70e39bfac5b,1,main,W1,12,cuda-mala-quasi_deer,4096,analyzed,valid,completed
f36c8d156698e1becec8d47f,1,main,H2,12,cpu-mala-quasi_deer,1024,analyzed,valid,completed
f371bcb3c976120237615197,0,main,L2,0,cpu-rwm-sequential,4096,analyzed,valid,completed
f3975b7643fcf620672aa847,1,main,H1,15,cpu-nuts-spawn_chains,1024,analyzed,valid,completed
f39f7f478306fccf7ef8fd2b,2,main,M1,23,cuda-rwm-online_picard,1024,analyzed,valid,completed
f3a37b747527172cc8f6663c,0,main,A1,3,cpu-nuts-spawn_chains,1024,analyzed,valid,completed
f3ad6638045f666fc1054957,1,main,G2,8,cpu-nuts-spawn_chains,4096,analyzed,valid,completed
f3b363d02a81bca269f5f894,0,main,M1,2,cpu-mala-sequential,4096,analyzed,valid,completed
f3bd72b8df6ef30119a99227,2,main,W1,18,cpu-rwm-online_picard,4096,analyzed,valid,completed
f3bfa61bfc7bd91dd65698c0,0,main,L2,6,cpu-rwm-sequential,1024,analyzed,valid,completed
f3df08a79b72227a0bd94216,2,main,G2,21,cpu-mala-quasi_deer,1024,analyzed,valid,completed
f3f5079d40e928352115fd31,0,main,W1,7,cuda-rwm-sequential,1024,analyzed,valid,completed
f400c9cf6c600bf5d14bf0b1,1,main,A1,12,cpu-nuts-spawn_chains,1024,analyzed,valid,completed
f40c06179abc3fe9d498fe62,2,main,H2,18,cuda-mala-quasi_deer,4096,analyzed,valid,completed
f41838d6b69d3f492c5f05e8,1,main,H1,11,cuda-rwm-sequential,4096,analyzed,valid,completed
f41dc99253840eff927801c0,0,main,L2,4,cpu-nuts-spawn_chains,1024,analyzed,valid,completed
f4299ce7a1a1b9055b72c972,0,main,H2,4,cuda-mala-sequential,1024,analyzed,valid,completed
f4299d8fea51109f1c4a6a79,2,main,G2,17,cuda-rwm-online_picard,4096,analyzed,valid,completed
f42eb915852c5a5989db99fa,2,main,A1,17,cpu-mala-sequential,1024,analyzed,valid,completed
f46579ca0440f0dcaba4ed9b,2,main,G1,16,cpu-mala-quasi_deer,1024,analyzed,valid,completed
f46611454fd981c3d65c1fe9,1,main,H2,15,cuda-mala-sequential,1024,analyzed,valid,completed
f467e26c70a090bf20585118,0,main,M1,0,cuda-rwm-online_picard,1024,analyzed,valid,completed
f469ac3b8c2fb026528ee100,0,main,L2,7,cpu-mala-quasi_deer,1024,analyzed,valid,completed
f473dcbce4a90cc12730b588,1,main,G1,13,cuda-mala-quasi_deer,1024,analyzed,valid,completed
f478baea4e5051211272b830,2,main,M1,17,cpu-mala-sequential,1024,analyzed,valid,completed
f486739eb26a5c53314522fc,1,main,L1,8,cpu-rwm-online_picard,1024,analyzed,valid,completed
f4bad5c43764f0b77a04a2f2,0,main,W1,2,cuda-mala-quasi_deer,4096,analyzed,valid,completed
f4be6267f18fb323e2c0ed5d,0,main,H2,0,cpu-mala-quasi_deer,4096,analyzed,valid,completed
f4c070aa0740139814b17b35,2,main,G2,21,cpu-rwm-sequential,1024,analyzed,valid,completed
f4d93ada58239c79bb95b816,2,main,A1,23,cuda-mala-sequential,1024,analyzed,valid,completed
f502cf40e7240a07dc461cad,2,main,G1,16,cuda-rwm-sequential,1024,analyzed,valid,completed
f51877fcbd3554587d6fc3ed,1,main,W1,12,cuda-rwm-sequential,1024,analyzed,valid,completed
f51d598c38a3a42f95b6d563,0,main,M1,6,cpu-rwm-sequential,4096,analyzed,valid,completed
f520f66be53a5c58522d7940,1,main,H2,12,cuda-mala-quasi_deer,4096,analyzed,valid,completed
f522068915709c2e3de65596,2,main,H1,22,cpu-mala-quasi_deer,1024,analyzed,valid,completed
f5356a82813eef129fed527e,0,main,H1,0,cpu-mala-quasi_deer,4096,analyzed,valid,completed
f547eaadb18a4ab42f8edc18,1,main,L1,8,cpu-mala-quasi_deer,4096,analyzed,valid,completed
f56d48e193d7996b77e2f490,1,main,W1,9,cpu-rwm-online_picard,4096,analyzed,valid,completed
f593bc2eea42bbd67edb8f0b,1,main,A1,12,cpu-mala-quasi_deer,4096,analyzed,valid,completed
f5aa5a24095a7d56b245740b,2,main,L1,20,cpu-rwm-sequential,1024,analyzed,valid,completed
f5b5094a5abdb6c72fbffecc,0,main,L1,0,cuda-mala-quasi_deer,4096,analyzed,valid,completed
f5ba1fe423b60e331da27ee5,2,main,H2,18,cpu-mala-sequential,4096,analyzed,valid,completed
f5c28708470639f2e95d2d48,1,main,H2,14,cuda-rwm-sequential,1024,analyzed,valid,completed
f5cac97ad15c0b479e1c6b84,0,main,G2,3,cpu-mala-sequential,4096,analyzed,valid,completed
f5ccf0a0acb400af33eff43c,1,main,L2,11,cuda-mala-sequential,4096,analyzed,valid,completed
f5eb358ba097cda4d4162ad2,0,main,A1,4,cpu-rwm-sequential,1024,analyzed,valid,completed
f5eb4cdf625447a2685835b0,0,main,G1,5,cuda-rwm-sequential,4096,analyzed,valid,completed
f5ed728e659813d556fe59bc,2,main,G1,22,cpu-rwm-sequential,4096,analyzed,valid,completed
f5f804221862c3fe2de7602b,0,main,H2,2,cpu-rwm-online_picard,1024,analyzed,valid,completed
f61a66fffd7838d4e10285c7,1,main,L2,9,cpu-nuts-spawn_chains,1024,analyzed,valid,completed
f6231a4645ebee0cb7b108ad,0,main,A1,4,cuda-mala-sequential,4096,analyzed,valid,completed
f6274f6e14f3e296f227b138,1,main,G1,9,cpu-rwm-sequential,1024,analyzed,valid,completed
f62d5e5db76c3ab5f1fe64b5,1,cache,G1,8,cpu-mala-sequential,4096,analyzed,measurement_available,unavailable
f631cfcb5ff347d8c6bf35f9,1,main,W1,13,cuda-rwm-sequential,1024,analyzed,valid,completed
f643860b5b4ba4690cd47861,1,main,A1,12,cpu-mala-sequential,4096,analyzed,valid,completed
f64ec72b74a5aed195d349ee,0,main,M1,6,cpu-mala-quasi_deer,4096,analyzed,valid,completed
f658997c4a5b8d48a63f0858,1,main,G1,15,cpu-mala-quasi_deer,1024,analyzed,valid,completed
f65b681f5424c869df39f100,0,main,G1,5,cpu-nuts-spawn_chains,1024,analyzed,valid,completed
f65bdb21554cdcf36ce53603,1,main,L2,8,cpu-mala-sequential,4096,analyzed,valid,completed
f65bef9ec6f576aec0a156ce,0,main,G1,4,cpu-mala-quasi_deer,4096,analyzed,valid,completed
f66c70a79378c3405047cd20,0,main,W1,3,cuda-rwm-online_picard,4096,analyzed,valid,completed
f6b7c0873a27dba0c53c95bf,0,main,G2,1,cpu-mala-sequential,4096,analyzed,valid,completed
f6c3dff70d5daec8647f5c09,1,main,W1,8,cpu-rwm-online_picard,1024,analyzed,valid,completed
f6e9dfdd147f0f81dc597508,2,main,L1,16,cpu-rwm-online_picard,4096,analyzed,valid,completed
f6eaf18b871386ec24a10f18,1,main,H1,9,cuda-mala-quasi_deer,4096,analyzed,numerical_failure,unavailable
f70ad2548e91278de040ec90,0,main,H2,3,cpu-nuts-spawn_chains,1024,analyzed,valid,completed
f7109f5143ef5f17b5d30761,0,main,G1,6,cuda-rwm-sequential,1024,analyzed,valid,completed
f742d80fd7e4fb88e57d3667,2,cache,W1,23,cpu-mala-quasi_deer,1024,analyzed,measurement_available,unavailable
f7562eda75242289755e7c6c,0,main,H1,3,cuda-mala-quasi_deer,1024,analyzed,numerical_failure,unavailable
f77b895bb3263194ebdf6ced,0,main,H2,2,cuda-mala-sequential,4096,analyzed,valid,completed
f78306e57fcc89ac3db331a2,2,main,G2,23,cpu-rwm-online_picard,1024,analyzed,valid,completed
f7943964af0bde9b18a9a461,1,main,H2,13,cpu-nuts-spawn_chains,4096,analyzed,output_failure_unclassified,unavailable
f7b85c4c1b2c835d2f99f8e9,0,main,H2,6,cpu-nuts-spawn_chains,1024,analyzed,valid,completed
f7cda3518e03cc5751817b29,0,main,L1,2,cpu-mala-quasi_deer,4096,analyzed,valid,completed
f7ea2a06b47df53cad11e0bc,0,main,A1,2,cpu-rwm-sequential,1024,analyzed,valid,completed
f7ea5bb74a4049a8b789ad0d,1,main,W1,13,cuda-rwm-online_picard,4096,analyzed,valid,completed
f8097fc590ca4a5eb1ecc85d,1,main,W1,8,cuda-rwm-online_picard,1024,analyzed,valid,completed
f80c0ff94c55a8ea14002fdd,0,main,G1,1,cpu-rwm-online_picard,4096,analyzed,valid,completed
f829049257f2a0743f2299b5,1,main,H2,8,cpu-mala-quasi_deer,1024,analyzed,valid,completed
f837a8779d6ccf6069169416,2,main,H2,20,cpu-rwm-online_picard,1024,analyzed,valid,completed
f83d5f51deec5b43aeba7a0b,2,main,G2,16,cpu-nuts-spawn_chains,1024,analyzed,valid,completed
f84bbb5d5ab342849c5f5a3e,2,main,H1,21,cuda-mala-sequential,1024,analyzed,valid,completed
f85b1ee45b828d9ffa0067f3,2,main,H1,23,cpu-nuts-spawn_chains,1024,analyzed,valid,completed
f860a04e2e117e9603ae31e9,1,main,H1,9,cuda-mala-sequential,4096,analyzed,valid,completed
f87b71d79d22aafa3791d9d7,0,main,G2,3,cuda-mala-sequential,1024,analyzed,valid,completed
f88f50147788ad114ec70408,2,main,H1,22,cpu-nuts-spawn_chains,1024,analyzed,valid,completed
f8a40ad2bec9bbc61356e57b,2,main,L2,22,cpu-rwm-sequential,1024,analyzed,valid,completed
f8b5ca2d3c27bdb8e05fac4b,0,main,L2,4,cuda-rwm-sequential,4096,analyzed,valid,completed
f8bf1b03573f76b5d06c9ec9,1,main,M1,12,cpu-mala-quasi_deer,1024,analyzed,valid,completed
f8d7a341efb0a767d0c909fa,2,main,G1,23,cuda-rwm-sequential,1024,analyzed,valid,completed
f8d9a73b3d97bce993f9bda6,2,main,H2,20,cpu-mala-sequential,4096,analyzed,valid,completed
f8e0257558ae24d3a95a9e3c,0,main,M1,0,cpu-nuts-spawn_chains,1024,analyzed,valid,completed
f900a910276012050c488ab6,1,main,M1,14,cuda-mala-quasi_deer,1024,analyzed,valid,completed
f92a1a759a0eded4ec45632d,0,main,A1,0,cpu-rwm-sequential,1024,analyzed,valid,completed
f9331d6bc54ef8783847d934,1,main,L1,9,cuda-mala-quasi_deer,1024,analyzed,valid,completed
f937aaf504faa673dcfd0ea0,2,cache,G2,23,cuda-mala-quasi_deer,1024,analyzed,measurement_available,unavailable
f93f5429df26d601c888b4ab,1,main,W1,11,cuda-mala-sequential,4096,analyzed,valid,completed
f95d33fb6e056a022011cdb0,1,main,A1,14,cpu-nuts-spawn_chains,1024,analyzed,valid,completed
f967736f4a6f96868c4d0c15,2,main,H1,18,cuda-rwm-sequential,1024,analyzed,valid,completed
f9722c86e9c22fccb14f602a,1,main,M1,8,cuda-rwm-sequential,4096,analyzed,valid,completed
f98ba388d604e1bf28111aab,1,main,G2,10,cpu-rwm-online_picard,4096,analyzed,valid,completed
f98ff3445bd807e106a87f7f,2,main,H2,22,cpu-rwm-sequential,1024,analyzed,valid,completed
f994da7a8220d21cdaf5d242,2,main,H1,20,cpu-nuts-spawn_chains,1024,analyzed,valid,completed
f9a01ae105568b478d3a467b,1,main,M1,15,cpu-rwm-sequential,1024,analyzed,valid,completed
f9bc89fda13f272de27c4d86,1,main,L1,10,cuda-rwm-sequential,1024,analyzed,valid,completed
f9bf70e4d6fe83014c6f7441,0,main,G1,7,cpu-rwm-sequential,4096,analyzed,valid,completed
f9d666fd2b078de355e93f04,0,main,G1,5,cuda-rwm-online_picard,1024,analyzed,valid,completed
f9d93080a658a3e05c9450d0,1,main,M1,14,cpu-rwm-sequential,4096,analyzed,valid,completed
f9ded072034a793f95416ee1,0,main,A1,5,cpu-mala-sequential,1024,analyzed,valid,completed
f9e37a862506f39dec1fe61d,2,main,W1,18,cuda-rwm-sequential,4096,analyzed,valid,completed
f9e9126765911fe3f4918ff6,2,main,M1,19,cpu-rwm-online_picard,4096,analyzed,valid,completed
f9f163cefb3f9c9113f09860,2,main,L2,23,cuda-mala-quasi_deer,1024,analyzed,valid,completed
f9f6904df7ab26e039e49930,2,main,L1,18,cpu-mala-quasi_deer,1024,analyzed,valid,completed
f9f8b5bc2b6d90e6917a291e,1,main,G2,9,cpu-mala-sequential,4096,analyzed,valid,completed
fa303b8ef7ef03db29f86f5a,1,main,H2,10,cuda-rwm-online_picard,4096,analyzed,valid,completed
fa325fb957e895729659d7fd,2,main,M1,19,cuda-rwm-online_picard,1024,analyzed,valid,completed
fa32622de4511e95288eb1ee,2,main,A1,22,cpu-nuts-spawn_chains,4096,analyzed,valid,completed
fa4f361338870d82dc34a447,0,main,W1,4,cuda-mala-quasi_deer,4096,analyzed,valid,completed
fa56b80a057829cfb87351aa,2,main,H2,21,cpu-nuts-spawn_chains,4096,analyzed,valid,completed
fa5ebbc960267cf449a9a265,1,main,W1,14,cuda-rwm-online_picard,1024,analyzed,valid,completed
fa789a690c3d5de6899719bd,0,main,G1,2,cuda-mala-quasi_deer,1024,analyzed,valid,completed
fa827adc47479255a51a8ee5,2,main,G1,20,cpu-rwm-online_picard,4096,analyzed,valid,completed
faa4c9b638d650cbcb6d9e5e,0,main,A1,3,cuda-rwm-sequential,1024,analyzed,valid,completed
fab0b00cb604e8279b18a1b3,0,main,H2,3,cuda-rwm-sequential,4096,analyzed,valid,completed
fade44691181ace6b6e3af79,0,main,L2,2,cuda-rwm-sequential,1024,analyzed,valid,completed
fae2f05d16fb1be4084f82c7,2,main,G1,21,cpu-nuts-spawn_chains,1024,analyzed,valid,completed
fae4b2b5aed14c55e904d892,0,main,L1,3,cpu-nuts-spawn_chains,1024,analyzed,valid,completed
fae6d4691c0180898d0952fe,1,main,L1,11,cpu-mala-quasi_deer,1024,analyzed,valid,completed
fafd7a76dffa5f46ac412ebe,2,main,H1,23,cpu-rwm-online_picard,4096,analyzed,valid,completed
fb0d244fda298638570d293d,1,main,G2,14,cuda-rwm-sequential,4096,analyzed,valid,completed
fb1304f618662bb02320edfb,2,main,H1,20,cuda-mala-sequential,4096,analyzed,valid,completed
fb4c10eacd0b6ff3cc217b28,0,main,A1,5,cpu-nuts-spawn_chains,4096,analyzed,valid,completed
fb5166e6db9b1d52cd1ca481,2,main,L1,17,cpu-nuts-spawn_chains,4096,analyzed,valid,completed
fb601b6d89ae14ea210f09b6,1,main,L1,13,cuda-mala-sequential,4096,analyzed,valid,completed
fb66d35db72e82f9ec518d94,0,main,M1,7,cpu-mala-quasi_deer,4096,analyzed,valid,completed
fb98e475409b1364e93f64c7,1,main,L2,8,cpu-mala-quasi_deer,4096,analyzed,valid,completed
fba97aa9582ab3e038e68610,0,main,G2,5,cuda-mala-quasi_deer,4096,analyzed,valid,completed
fbb84b103e5f36c2f0a4ac42,0,main,A1,1,cpu-nuts-spawn_chains,1024,analyzed,valid,completed
fbbd1abfa5eaa690e7a48731,2,cache,W1,23,cpu-rwm-online_picard,4096,analyzed,measurement_available,unavailable
fbcc909c02ddf7808cb93ec4,1,main,H2,8,cuda-rwm-sequential,1024,analyzed,valid,completed
fbe61447a3b65ea8501e5ee7,0,main,A1,5,cuda-mala-sequential,1024,analyzed,valid,completed
fbf0d48f46b1fdd75a3049d7,1,main,G1,12,cpu-rwm-online_picard,4096,analyzed,valid,completed
fbf54fc7c1c99ee50d7b253c,2,main,M1,23,cuda-rwm-sequential,1024,analyzed,valid,completed
fc03c8d600fdbc727d966458,0,main,H1,6,cpu-nuts-spawn_chains,4096,analyzed,output_failure_unclassified,unavailable
fc225af728a93de843640855,1,main,L2,15,cpu-rwm-online_picard,1024,analyzed,valid,completed
fc23727030d9aca696637869,2,main,L1,17,cuda-rwm-online_picard,1024,analyzed,valid,completed
fc34ec3cd6d214b459d9fc0b,2,main,G2,19,cuda-mala-quasi_deer,1024,analyzed,valid,completed
fc3e682b15da24418b796787,0,main,G1,4,cpu-mala-sequential,1024,analyzed,valid,completed
fc47969b8041568a746fb66c,0,main,G1,4,cuda-mala-quasi_deer,1024,analyzed,valid,completed
fc5121c6ee5feb6b90b573f3,2,main,H1,21,cuda-mala-quasi_deer,4096,analyzed,numerical_failure,unavailable
fc63c638541a0399fd7d7e2e,2,main,H1,19,cuda-mala-quasi_deer,4096,analyzed,valid,completed
fc6869f832dfc142e09a8384,2,main,H1,20,cpu-rwm-online_picard,1024,analyzed,valid,completed
fc71638626c3976f98492d11,0,main,A1,3,cuda-rwm-online_picard,1024,analyzed,valid,completed
fc84958badfe0ca2380d3ca2,2,main,H1,20,cuda-rwm-sequential,1024,analyzed,valid,completed
fc8cf5c25991f6f6c2c3a023,0,main,L1,0,cpu-nuts-spawn_chains,4096,analyzed,output_failure_unclassified,unavailable
fc91d1434d9f6a9f90bc18d9,0,cache,L2,0,cuda-mala-quasi_deer,4096,analyzed,measurement_available,unavailable
fca88e32b77941cba88e9bc5,1,main,G2,15,cpu-mala-quasi_deer,4096,analyzed,valid,completed
fcbe3d745c48f10563d2c1ab,2,main,A1,16,cpu-nuts-spawn_chains,4096,analyzed,valid,completed
fcbe5bbc41dec99936a772b9,2,main,G1,19,cpu-mala-quasi_deer,1024,analyzed,valid,completed
fcc044f2bff016871dda3af5,2,main,L2,16,cpu-mala-sequential,1024,analyzed,valid,completed
fcdd7cfb7c714cc4cc92c0df,2,main,W1,21,cpu-mala-sequential,1024,analyzed,valid,completed
fce9f84ff9fe971a3a87f166,2,main,G2,23,cpu-rwm-sequential,1024,analyzed,valid,completed
fcfc4adb67f253f30fc91a6c,0,main,A1,7,cpu-rwm-online_picard,4096,analyzed,valid,completed
fd0982e392610298b9b2447d,0,main,L2,7,cuda-mala-sequential,4096,analyzed,valid,completed
fd19d2c4a4de5d451e39ac0b,0,cache,G2,0,cpu-rwm-online_picard,1024,analyzed,measurement_available,unavailable
fd1c2053696ba369ccc03b12,2,main,H2,22,cpu-nuts-spawn_chains,1024,analyzed,valid,completed
fd1c27a580d7569dfd8adaa3,1,main,G2,9,cuda-rwm-online_picard,1024,analyzed,valid,completed
fd1c343c4909f3757938525a,2,main,G1,20,cpu-rwm-online_picard,1024,analyzed,valid,completed
fd21e5e66c9a2cace9f594b6,1,main,M1,8,cuda-mala-sequential,1024,analyzed,valid,completed
fd2ae251e8eb6b7d8f5b5d69,1,main,L2,15,cuda-rwm-online_picard,1024,analyzed,valid,completed
fd3cd4791ab0136d8e9c2603,0,main,W1,3,cpu-mala-quasi_deer,4096,analyzed,valid,completed
fd544145f4848d8efa031d8b,2,main,G2,17,cuda-mala-sequential,1024,analyzed,valid,completed
fd5991f42fb0e458014860cf,1,main,W1,8,cpu-rwm-online_picard,4096,analyzed,valid,completed
fd5b4249917a6e1b391f59f3,2,main,M1,16,cuda-rwm-online_picard,1024,analyzed,valid,completed
fd6829b70e472e9c82d223f8,1,main,H1,12,cuda-rwm-online_picard,4096,analyzed,valid,completed
fd6a9429fbc3bd18f1d001ec,2,main,L1,16,cuda-rwm-sequential,4096,analyzed,valid,completed
fd8b1357ae7c5668a9c2c035,1,main,A1,14,cpu-rwm-online_picard,1024,analyzed,valid,completed
fda7b9f7d257319e133acdaf,2,main,W1,21,cpu-mala-sequential,4096,analyzed,valid,completed
fddf945ba8417bf40b5bf293,0,main,L1,0,cuda-mala-quasi_deer,1024,analyzed,valid,completed
fdef5979af8a87ad79ae5e9d,0,main,G2,3,cpu-nuts-spawn_chains,1024,analyzed,valid,completed
fe0a4816429961e957e47781,0,main,H2,4,cuda-mala-quasi_deer,4096,analyzed,valid,completed
fe32eb16e309aa7e3f5ec2df,1,main,L1,10,cuda-rwm-online_picard,4096,analyzed,valid,completed
fe3e560845a292a47f22576a,1,main,W1,8,cuda-mala-quasi_deer,1024,analyzed,valid,completed
fe417bedcfae36a70bd5aa34,1,main,G2,11,cuda-rwm-sequential,1024,analyzed,valid,completed
fe78b94e18447518c4bab5f5,1,main,H1,13,cpu-mala-sequential,1024,analyzed,valid,completed
fe7f48bb51ec0fcacf049414,0,main,H1,5,cuda-mala-sequential,1024,analyzed,valid,completed
fe8be7d96ab8a8cbb3b123aa,0,main,W1,7,cpu-mala-quasi_deer,4096,analyzed,valid,completed
fe910476a8223b85eee7d00e,2,main,M1,16,cpu-nuts-spawn_chains,1024,analyzed,valid,completed
fe9340259ef7369a6f8be82a,1,main,M1,13,cuda-mala-sequential,1024,analyzed,valid,completed
fea30c4aca92a3f20eea4494,2,main,A1,18,cuda-mala-sequential,4096,analyzed,valid,completed
fea38202f5d2a308c6b1eb24,2,main,L1,19,cpu-rwm-online_picard,4096,analyzed,valid,completed
fea6fddf39ccc9db434c6f52,2,main,L2,21,cpu-mala-sequential,4096,analyzed,valid,completed
feae56310320c0cbe6353a44,1,main,G2,8,cuda-mala-quasi_deer,4096,analyzed,valid,completed
febbfd28569b26fc138b2992,0,cache,L2,0,cuda-mala-quasi_deer,1024,analyzed,measurement_available,unavailable
fecadd5f186ccc023aaaac67,0,main,M1,6,cuda-mala-sequential,1024,analyzed,valid,completed
fecdeed792bcc5ccd2cca45f,1,main,H2,12,cuda-mala-sequential,1024,analyzed,valid,completed
fef5d31a42dcbd563c9127be,2,main,H1,17,cpu-nuts-spawn_chains,1024,analyzed,valid,completed
ff07ba049cdd20bad7c9067a,0,main,L1,3,cuda-mala-quasi_deer,4096,analyzed,valid,completed
ff11369581336b77289b2c1b,0,main,M1,2,cpu-nuts-spawn_chains,4096,analyzed,output_failure_unclassified,unavailable
ff1784d3cc814ef03891ea1b,1,main,W1,11,cpu-mala-sequential,4096,analyzed,valid,completed
ff21580e5049cfe6ca53efb7,2,main,H1,16,cuda-mala-sequential,4096,analyzed,valid,completed
ff2351d8a2e14e855e380670,0,main,L1,0,cpu-mala-sequential,1024,analyzed,valid,completed
ff43d0f93fb159b031cf8d42,0,main,M1,1,cpu-mala-quasi_deer,1024,analyzed,valid,completed
ff4a902190c5ed16831949e5,1,main,L2,9,cpu-rwm-online_picard,1024,analyzed,valid,completed
ff5641e0c6cad7898d7cd1e5,2,main,G2,17,cpu-nuts-spawn_chains,1024,analyzed,valid,completed
ff6bbd6fe74bc9604754b8d5,2,main,G2,21,cpu-mala-sequential,1024,analyzed,valid,completed
ff700b932fe017df475b9aee,1,main,A1,11,cpu-rwm-online_picard,1024,analyzed,valid,completed
ff8bfd479e05fb65d06ffd00,0,main,H1,3,cpu-rwm-online_picard,1024,analyzed,valid,completed
ff8cbed99b179a78b54ed852,0,main,A1,1,cpu-mala-sequential,1024,analyzed,valid,completed
ff9c6d583cbe0d61aabe9f3c,1,main,L2,9,cuda-rwm-online_picard,4096,analyzed,valid,completed
ff9ff5ba36774392d1723e63,2,main,L2,17,cuda-rwm-online_picard,4096,analyzed,valid,completed
ffb32e353edca755fbb2c45d,2,main,W1,16,cpu-nuts-spawn_chains,4096,analyzed,valid,completed
ffd521d0b148b67e42e91276,1,main,A1,13,cpu-nuts-spawn_chains,1024,analyzed,valid,completed
ffd988ad8c3e7d3abddf50fd,1,main,H1,10,cuda-rwm-online_picard,1024,analyzed,valid,completed
ffeb182b9eae3a9e69c29ef0,2,main,H2,23,cuda-rwm-sequential,4096,analyzed,valid,completed
fff9b47cb2dbf09d4c1e021c,0,main,M1,4,cuda-rwm-online_picard,4096,analyzed,valid,completed
fffd38742b4d90234aea2675,2,main,G2,23,cpu-mala-quasi_deer,4096,analyzed,valid,completed
