function,kind,workflow_a,workflow_b,budget,reference_kind,reference_mcse,planned,paired,validity_table,point,low,high,interval_status,source_record
standard_q1,same_kernel_execution,cpu-rwm-sequential,cpu-rwm-online_picard,1024,analytic,0.0,24,24,"{""n00"":0,""n01"":0,""n10"":0,""n11"":24}",-2.7245661781381825e-17,-1.4403418149469652e-16,9.845869166074244e-17,available,"{""bca_acceleration"":0.005843886030777852,""bca_adjusted_quantiles"":[0.027512250296107616,0.9773684905126647],""bca_bias_percentile"":0.5038503850385039,""bootstrap_expected_tail_counts"":[275.09499071078005,226.29246336386544],""claim_type"":""analytic_mse"",""conditional_mean_loss_difference"":-2.7245661781381825e-17,""conditioning"":""both_workflows_have_valid_estimates"",""confidence_interval"":{""high"":9.845869166074244e-17,""low"":-1.4403418149469652e-16},""confidence_level"":0.95,""direction"":""A_squared_loss_minus_B_squared_loss"",""interval_coverage"":""pointwise_conditional_on_supplied_reference"",""interval_method"":""BCa"",""interval_status"":""available"",""minimum_valid_repetitions"":20,""paired_difference_standard_error"":6.32238775212796e-17,""planned"":24,""reference_eligible"":true,""reference_kind"":""analytic"",""reference_shift_is_confidence_interval"":false,""reference_shift_max"":-2.7245661781381825e-17,""reference_shift_min"":-2.7245661781381825e-17,""resampled_valid_count_range"":[24,24],""resampling_plan_sha256"":""64685d305db092f47d0875a7c1cd0a8757a73733e7b5821a1dd088c1ffc26a89"",""unconditional_mean_loss_difference"":-2.7245661781381825e-17,""undefined_bootstrap_replicates"":0,""validity_table"":{""n00"":0,""n01"":0,""n10"":0,""n11"":24},""workflow_a"":""cpu-rwm-sequential@1024"",""workflow_b"":""cpu-rwm-online_picard@1024""}"
standard_q1,same_kernel_execution,cpu-mala-sequential,cpu-mala-quasi_deer,1024,analytic,0.0,24,24,"{""n00"":0,""n01"":0,""n10"":0,""n11"":24}",-5.612900353276472e-16,-2.7047084624467633e-15,2.322979861734144e-16,available,"{""bca_acceleration"":-0.10950801412380728,""bca_adjusted_quantiles"":[0.0022568358352999477,0.9184515342807866],""bca_bias_percentile"":0.44834483448344836,""bootstrap_expected_tail_counts"":[22.566101517164178,815.4031087264145],""claim_type"":""analytic_mse"",""conditional_mean_loss_difference"":-5.612900353276472e-16,""conditioning"":""both_workflows_have_valid_estimates"",""confidence_interval"":{""high"":2.322979861734144e-16,""low"":-2.7047084624467633e-15},""confidence_level"":0.95,""direction"":""A_squared_loss_minus_B_squared_loss"",""interval_coverage"":""pointwise_conditional_on_supplied_reference"",""interval_method"":""BCa"",""interval_status"":""available"",""minimum_valid_repetitions"":20,""paired_difference_standard_error"":6.336703890697036e-16,""planned"":24,""reference_eligible"":true,""reference_kind"":""analytic"",""reference_shift_is_confidence_interval"":false,""reference_shift_max"":-5.612900353276472e-16,""reference_shift_min"":-5.612900353276472e-16,""resampled_valid_count_range"":[24,24],""resampling_plan_sha256"":""64685d305db092f47d0875a7c1cd0a8757a73733e7b5821a1dd088c1ffc26a89"",""unconditional_mean_loss_difference"":-5.612900353276472e-16,""undefined_bootstrap_replicates"":0,""validity_table"":{""n00"":0,""n01"":0,""n10"":0,""n11"":24},""workflow_a"":""cpu-mala-sequential@1024"",""workflow_b"":""cpu-mala-quasi_deer@1024""}"
standard_q1,same_kernel_execution,cuda-rwm-sequential,cuda-rwm-online_picard,1024,analytic,0.0,24,24,"{""n00"":0,""n01"":0,""n10"":0,""n11"":24}",-2.7245661781381825e-17,-1.4403418149469652e-16,9.845869166074244e-17,available,"{""bca_acceleration"":0.005843886030777852,""bca_adjusted_quantiles"":[0.027512250296107616,0.9773684905126647],""bca_bias_percentile"":0.5038503850385039,""bootstrap_expected_tail_counts"":[275.09499071078005,226.29246336386544],""claim_type"":""analytic_mse"",""conditional_mean_loss_difference"":-2.7245661781381825e-17,""conditioning"":""both_workflows_have_valid_estimates"",""confidence_interval"":{""high"":9.845869166074244e-17,""low"":-1.4403418149469652e-16},""confidence_level"":0.95,""direction"":""A_squared_loss_minus_B_squared_loss"",""interval_coverage"":""pointwise_conditional_on_supplied_reference"",""interval_method"":""BCa"",""interval_status"":""available"",""minimum_valid_repetitions"":20,""paired_difference_standard_error"":6.32238775212796e-17,""planned"":24,""reference_eligible"":true,""reference_kind"":""analytic"",""reference_shift_is_confidence_interval"":false,""reference_shift_max"":-2.7245661781381825e-17,""reference_shift_min"":-2.7245661781381825e-17,""resampled_valid_count_range"":[24,24],""resampling_plan_sha256"":""64685d305db092f47d0875a7c1cd0a8757a73733e7b5821a1dd088c1ffc26a89"",""unconditional_mean_loss_difference"":-2.7245661781381825e-17,""undefined_bootstrap_replicates"":0,""validity_table"":{""n00"":0,""n01"":0,""n10"":0,""n11"":24},""workflow_a"":""cuda-rwm-sequential@1024"",""workflow_b"":""cuda-rwm-online_picard@1024""}"
standard_q1,same_kernel_execution,cuda-mala-sequential,cuda-mala-quasi_deer,1024,analytic,0.0,24,24,"{""n00"":0,""n01"":0,""n10"":0,""n11"":24}",-5.622444032311863e-16,-2.70584287125385e-15,2.3146431860182996e-16,available,"{""bca_acceleration"":-0.10938107086213386,""bca_adjusted_quantiles"":[0.0022586354185965226,0.9184314389621726],""bca_bias_percentile"":0.44824482448244823,""bootstrap_expected_tail_counts"":[22.58409555054663,815.6040418172361],""claim_type"":""analytic_mse"",""conditional_mean_loss_difference"":-5.622444032311863e-16,""conditioning"":""both_workflows_have_valid_estimates"",""confidence_interval"":{""high"":2.3146431860182996e-16,""low"":-2.70584287125385e-15},""confidence_level"":0.95,""direction"":""A_squared_loss_minus_B_squared_loss"",""interval_coverage"":""pointwise_conditional_on_supplied_reference"",""interval_method"":""BCa"",""interval_status"":""available"",""minimum_valid_repetitions"":20,""paired_difference_standard_error"":6.338428933781709e-16,""planned"":24,""reference_eligible"":true,""reference_kind"":""analytic"",""reference_shift_is_confidence_interval"":false,""reference_shift_max"":-5.622444032311863e-16,""reference_shift_min"":-5.622444032311863e-16,""resampled_valid_count_range"":[24,24],""resampling_plan_sha256"":""64685d305db092f47d0875a7c1cd0a8757a73733e7b5821a1dd088c1ffc26a89"",""unconditional_mean_loss_difference"":-5.622444032311863e-16,""undefined_bootstrap_replicates"":0,""validity_table"":{""n00"":0,""n01"":0,""n10"":0,""n11"":24},""workflow_a"":""cuda-mala-sequential@1024"",""workflow_b"":""cuda-mala-quasi_deer@1024""}"
standard_q1,end_to_end_workflow,cpu-mala-quasi_deer,cpu-nuts-spawn_chains,1024,analytic,0.0,24,24,"{""n00"":0,""n01"":0,""n10"":0,""n11"":24}",0.0021300523991190186,0.0012526365697641158,0.0036039926892590534,available,"{""bca_acceleration"":0.05456855130239359,""bca_adjusted_quantiles"":[0.050614761490915705,0.990819200431454],""bca_bias_percentile"":0.5288528852885288,""bootstrap_expected_tail_counts"":[506.0970001476661,91.7988148858915],""claim_type"":""analytic_mse"",""conditional_mean_loss_difference"":0.0021300523991190186,""conditioning"":""both_workflows_have_valid_estimates"",""confidence_interval"":{""high"":0.0036039926892590534,""low"":0.0012526365697641158},""confidence_level"":0.95,""direction"":""A_squared_loss_minus_B_squared_loss"",""interval_coverage"":""pointwise_conditional_on_supplied_reference"",""interval_method"":""BCa"",""interval_status"":""available"",""minimum_valid_repetitions"":20,""paired_difference_standard_error"":0.0005785783377981599,""planned"":24,""reference_eligible"":true,""reference_kind"":""analytic"",""reference_shift_is_confidence_interval"":false,""reference_shift_max"":0.0021300523991190186,""reference_shift_min"":0.0021300523991190186,""resampled_valid_count_range"":[24,24],""resampling_plan_sha256"":""64685d305db092f47d0875a7c1cd0a8757a73733e7b5821a1dd088c1ffc26a89"",""unconditional_mean_loss_difference"":0.0021300523991190186,""undefined_bootstrap_replicates"":0,""validity_table"":{""n00"":0,""n01"":0,""n10"":0,""n11"":24},""workflow_a"":""cpu-mala-quasi_deer@1024"",""workflow_b"":""cpu-nuts-spawn_chains@1024""}"
standard_q1,end_to_end_workflow,cpu-mala-sequential,cpu-nuts-spawn_chains,1024,analytic,0.0,24,24,"{""n00"":0,""n01"":0,""n10"":0,""n11"":24}",0.0021300523991184574,0.0012526365697644302,0.003603992689257334,available,"{""bca_acceleration"":0.05456855130234941,""bca_adjusted_quantiles"":[0.0506147614909022,0.9908192004314482],""bca_bias_percentile"":0.5288528852885288,""bootstrap_expected_tail_counts"":[506.0970001475311,91.79881488594923],""claim_type"":""analytic_mse"",""conditional_mean_loss_difference"":0.0021300523991184574,""conditioning"":""both_workflows_have_valid_estimates"",""confidence_interval"":{""high"":0.003603992689257334,""low"":0.0012526365697644302},""confidence_level"":0.95,""direction"":""A_squared_loss_minus_B_squared_loss"",""interval_coverage"":""pointwise_conditional_on_supplied_reference"",""interval_method"":""BCa"",""interval_status"":""available"",""minimum_valid_repetitions"":20,""paired_difference_standard_error"":0.0005785783377977653,""planned"":24,""reference_eligible"":true,""reference_kind"":""analytic"",""reference_shift_is_confidence_interval"":false,""reference_shift_max"":0.0021300523991184574,""reference_shift_min"":0.0021300523991184574,""resampled_valid_count_range"":[24,24],""resampling_plan_sha256"":""64685d305db092f47d0875a7c1cd0a8757a73733e7b5821a1dd088c1ffc26a89"",""unconditional_mean_loss_difference"":0.0021300523991184574,""undefined_bootstrap_replicates"":0,""validity_table"":{""n00"":0,""n01"":0,""n10"":0,""n11"":24},""workflow_a"":""cpu-mala-sequential@1024"",""workflow_b"":""cpu-nuts-spawn_chains@1024""}"
standard_q1,end_to_end_workflow,cpu-rwm-online_picard,cpu-nuts-spawn_chains,1024,analytic,0.0,24,24,"{""n00"":0,""n01"":0,""n10"":0,""n11"":24}",0.03931946695521588,0.02393262739351508,0.06429964905647505,available,"{""bca_acceleration"":0.05326649744796113,""bca_adjusted_quantiles"":[0.046091736994801506,0.9892891690048006],""bca_bias_percentile"":0.5198519851985198,""bootstrap_expected_tail_counts"":[460.87127821102024,107.09759912099908],""claim_type"":""analytic_mse"",""conditional_mean_loss_difference"":0.03931946695521588,""conditioning"":""both_workflows_have_valid_estimates"",""confidence_interval"":{""high"":0.06429964905647505,""low"":0.02393262739351508},""confidence_level"":0.95,""direction"":""A_squared_loss_minus_B_squared_loss"",""interval_coverage"":""pointwise_conditional_on_supplied_reference"",""interval_method"":""BCa"",""interval_status"":""available"",""minimum_valid_repetitions"":20,""paired_difference_standard_error"":0.010047565190304256,""planned"":24,""reference_eligible"":true,""reference_kind"":""analytic"",""reference_shift_is_confidence_interval"":false,""reference_shift_max"":0.03931946695521588,""reference_shift_min"":0.03931946695521588,""resampled_valid_count_range"":[24,24],""resampling_plan_sha256"":""64685d305db092f47d0875a7c1cd0a8757a73733e7b5821a1dd088c1ffc26a89"",""unconditional_mean_loss_difference"":0.03931946695521588,""undefined_bootstrap_replicates"":0,""validity_table"":{""n00"":0,""n01"":0,""n10"":0,""n11"":24},""workflow_a"":""cpu-rwm-online_picard@1024"",""workflow_b"":""cpu-nuts-spawn_chains@1024""}"
standard_q1,end_to_end_workflow,cpu-rwm-sequential,cpu-nuts-spawn_chains,1024,analytic,0.0,24,24,"{""n00"":0,""n01"":0,""n10"":0,""n11"":24}",0.039319466955215855,0.023932627393515097,0.06429964905647496,available,"{""bca_acceleration"":0.053266497447960914,""bca_adjusted_quantiles"":[0.046091736994801444,0.9892891690048006],""bca_bias_percentile"":0.5198519851985198,""bootstrap_expected_tail_counts"":[460.8712782110196,107.09759912099908],""claim_type"":""analytic_mse"",""conditional_mean_loss_difference"":0.039319466955215855,""conditioning"":""both_workflows_have_valid_estimates"",""confidence_interval"":{""high"":0.06429964905647496,""low"":0.023932627393515097},""confidence_level"":0.95,""direction"":""A_squared_loss_minus_B_squared_loss"",""interval_coverage"":""pointwise_conditional_on_supplied_reference"",""interval_method"":""BCa"",""interval_status"":""available"",""minimum_valid_repetitions"":20,""paired_difference_standard_error"":0.010047565190304263,""planned"":24,""reference_eligible"":true,""reference_kind"":""analytic"",""reference_shift_is_confidence_interval"":false,""reference_shift_max"":0.039319466955215855,""reference_shift_min"":0.039319466955215855,""resampled_valid_count_range"":[24,24],""resampling_plan_sha256"":""64685d305db092f47d0875a7c1cd0a8757a73733e7b5821a1dd088c1ffc26a89"",""unconditional_mean_loss_difference"":0.039319466955215855,""undefined_bootstrap_replicates"":0,""validity_table"":{""n00"":0,""n01"":0,""n10"":0,""n11"":24},""workflow_a"":""cpu-rwm-sequential@1024"",""workflow_b"":""cpu-nuts-spawn_chains@1024""}"
standard_q1,end_to_end_workflow,cuda-mala-quasi_deer,cpu-nuts-spawn_chains,1024,analytic,0.0,24,24,"{""n00"":0,""n01"":0,""n10"":0,""n11"":24}",0.0021300523991190177,0.001252636569764115,0.0036039926892590525,available,"{""bca_acceleration"":0.0545685513023937,""bca_adjusted_quantiles"":[0.050614761490915705,0.990819200431454],""bca_bias_percentile"":0.5288528852885288,""bootstrap_expected_tail_counts"":[506.0970001476661,91.7988148858915],""claim_type"":""analytic_mse"",""conditional_mean_loss_difference"":0.0021300523991190177,""conditioning"":""both_workflows_have_valid_estimates"",""confidence_interval"":{""high"":0.0036039926892590525,""low"":0.001252636569764115},""confidence_level"":0.95,""direction"":""A_squared_loss_minus_B_squared_loss"",""interval_coverage"":""pointwise_conditional_on_supplied_reference"",""interval_method"":""BCa"",""interval_status"":""available"",""minimum_valid_repetitions"":20,""paired_difference_standard_error"":0.0005785783377981596,""planned"":24,""reference_eligible"":true,""reference_kind"":""analytic"",""reference_shift_is_confidence_interval"":false,""reference_shift_max"":0.0021300523991190177,""reference_shift_min"":0.0021300523991190177,""resampled_valid_count_range"":[24,24],""resampling_plan_sha256"":""64685d305db092f47d0875a7c1cd0a8757a73733e7b5821a1dd088c1ffc26a89"",""unconditional_mean_loss_difference"":0.0021300523991190177,""undefined_bootstrap_replicates"":0,""validity_table"":{""n00"":0,""n01"":0,""n10"":0,""n11"":24},""workflow_a"":""cuda-mala-quasi_deer@1024"",""workflow_b"":""cpu-nuts-spawn_chains@1024""}"
standard_q1,end_to_end_workflow,cuda-mala-sequential,cpu-nuts-spawn_chains,1024,analytic,0.0,24,24,"{""n00"":0,""n01"":0,""n10"":0,""n11"":24}",0.0021300523991184556,0.0012526365697644287,0.003603992689257331,available,"{""bca_acceleration"":0.05456855130234944,""bca_adjusted_quantiles"":[0.0506147614909022,0.9908192004314482],""bca_bias_percentile"":0.5288528852885288,""bootstrap_expected_tail_counts"":[506.0970001475311,91.79881488594923],""claim_type"":""analytic_mse"",""conditional_mean_loss_difference"":0.0021300523991184556,""conditioning"":""both_workflows_have_valid_estimates"",""confidence_interval"":{""high"":0.003603992689257331,""low"":0.0012526365697644287},""confidence_level"":0.95,""direction"":""A_squared_loss_minus_B_squared_loss"",""interval_coverage"":""pointwise_conditional_on_supplied_reference"",""interval_method"":""BCa"",""interval_status"":""available"",""minimum_valid_repetitions"":20,""paired_difference_standard_error"":0.0005785783377977651,""planned"":24,""reference_eligible"":true,""reference_kind"":""analytic"",""reference_shift_is_confidence_interval"":false,""reference_shift_max"":0.0021300523991184556,""reference_shift_min"":0.0021300523991184556,""resampled_valid_count_range"":[24,24],""resampling_plan_sha256"":""64685d305db092f47d0875a7c1cd0a8757a73733e7b5821a1dd088c1ffc26a89"",""unconditional_mean_loss_difference"":0.0021300523991184556,""undefined_bootstrap_replicates"":0,""validity_table"":{""n00"":0,""n01"":0,""n10"":0,""n11"":24},""workflow_a"":""cuda-mala-sequential@1024"",""workflow_b"":""cpu-nuts-spawn_chains@1024""}"
standard_q1,end_to_end_workflow,cuda-rwm-online_picard,cpu-nuts-spawn_chains,1024,analytic,0.0,24,24,"{""n00"":0,""n01"":0,""n10"":0,""n11"":24}",0.03931946695521588,0.02393262739351508,0.06429964905647505,available,"{""bca_acceleration"":0.05326649744796113,""bca_adjusted_quantiles"":[0.046091736994801506,0.9892891690048006],""bca_bias_percentile"":0.5198519851985198,""bootstrap_expected_tail_counts"":[460.87127821102024,107.09759912099908],""claim_type"":""analytic_mse"",""conditional_mean_loss_difference"":0.03931946695521588,""conditioning"":""both_workflows_have_valid_estimates"",""confidence_interval"":{""high"":0.06429964905647505,""low"":0.02393262739351508},""confidence_level"":0.95,""direction"":""A_squared_loss_minus_B_squared_loss"",""interval_coverage"":""pointwise_conditional_on_supplied_reference"",""interval_method"":""BCa"",""interval_status"":""available"",""minimum_valid_repetitions"":20,""paired_difference_standard_error"":0.010047565190304256,""planned"":24,""reference_eligible"":true,""reference_kind"":""analytic"",""reference_shift_is_confidence_interval"":false,""reference_shift_max"":0.03931946695521588,""reference_shift_min"":0.03931946695521588,""resampled_valid_count_range"":[24,24],""resampling_plan_sha256"":""64685d305db092f47d0875a7c1cd0a8757a73733e7b5821a1dd088c1ffc26a89"",""unconditional_mean_loss_difference"":0.03931946695521588,""undefined_bootstrap_replicates"":0,""validity_table"":{""n00"":0,""n01"":0,""n10"":0,""n11"":24},""workflow_a"":""cuda-rwm-online_picard@1024"",""workflow_b"":""cpu-nuts-spawn_chains@1024""}"
standard_q1,end_to_end_workflow,cuda-rwm-sequential,cpu-nuts-spawn_chains,1024,analytic,0.0,24,24,"{""n00"":0,""n01"":0,""n10"":0,""n11"":24}",0.039319466955215855,0.023932627393515097,0.06429964905647496,available,"{""bca_acceleration"":0.053266497447960914,""bca_adjusted_quantiles"":[0.046091736994801444,0.9892891690048006],""bca_bias_percentile"":0.5198519851985198,""bootstrap_expected_tail_counts"":[460.8712782110196,107.09759912099908],""claim_type"":""analytic_mse"",""conditional_mean_loss_difference"":0.039319466955215855,""conditioning"":""both_workflows_have_valid_estimates"",""confidence_interval"":{""high"":0.06429964905647496,""low"":0.023932627393515097},""confidence_level"":0.95,""direction"":""A_squared_loss_minus_B_squared_loss"",""interval_coverage"":""pointwise_conditional_on_supplied_reference"",""interval_method"":""BCa"",""interval_status"":""available"",""minimum_valid_repetitions"":20,""paired_difference_standard_error"":0.010047565190304263,""planned"":24,""reference_eligible"":true,""reference_kind"":""analytic"",""reference_shift_is_confidence_interval"":false,""reference_shift_max"":0.039319466955215855,""reference_shift_min"":0.039319466955215855,""resampled_valid_count_range"":[24,24],""resampling_plan_sha256"":""64685d305db092f47d0875a7c1cd0a8757a73733e7b5821a1dd088c1ffc26a89"",""unconditional_mean_loss_difference"":0.039319466955215855,""undefined_bootstrap_replicates"":0,""validity_table"":{""n00"":0,""n01"":0,""n10"":0,""n11"":24},""workflow_a"":""cuda-rwm-sequential@1024"",""workflow_b"":""cpu-nuts-spawn_chains@1024""}"
standard_q1,same_kernel_execution,cpu-rwm-sequential,cpu-rwm-online_picard,4096,analytic,0.0,24,24,"{""n00"":0,""n01"":0,""n10"":0,""n11"":24}",-1.0285944594982596e-17,-6.168368265809534e-17,6.201114089632945e-17,available,"{""bca_acceleration"":0.03907436623880014,""bca_adjusted_quantiles"":[0.038318285268513934,0.9854023436794557],""bca_bias_percentile"":0.5107010701070107,""bootstrap_expected_tail_counts"":[383.14453439987085,145.96196554912274],""claim_type"":""analytic_mse"",""conditional_mean_loss_difference"":-1.0285944594982596e-17,""conditioning"":""both_workflows_have_valid_estimates"",""confidence_interval"":{""high"":6.201114089632945e-17,""low"":-6.168368265809534e-17},""confidence_level"":0.95,""direction"":""A_squared_loss_minus_B_squared_loss"",""interval_coverage"":""pointwise_conditional_on_supplied_reference"",""interval_method"":""BCa"",""interval_status"":""available"",""minimum_valid_repetitions"":20,""paired_difference_standard_error"":3.1286983462180296e-17,""planned"":24,""reference_eligible"":true,""reference_kind"":""analytic"",""reference_shift_is_confidence_interval"":false,""reference_shift_max"":-1.0285944594982596e-17,""reference_shift_min"":-1.0285944594982596e-17,""resampled_valid_count_range"":[24,24],""resampling_plan_sha256"":""64685d305db092f47d0875a7c1cd0a8757a73733e7b5821a1dd088c1ffc26a89"",""unconditional_mean_loss_difference"":-1.0285944594982596e-17,""undefined_bootstrap_replicates"":0,""validity_table"":{""n00"":0,""n01"":0,""n10"":0,""n11"":24},""workflow_a"":""cpu-rwm-sequential@4096"",""workflow_b"":""cpu-rwm-online_picard@4096""}"
standard_q1,same_kernel_execution,cpu-mala-sequential,cpu-mala-quasi_deer,4096,analytic,0.0,24,24,"{""n00"":0,""n01"":0,""n10"":0,""n11"":24}",-4.224280362899284e-16,-1.4524210780699418e-15,2.2096196223706388e-18,available,"{""bca_acceleration"":-0.10227988285551197,""bca_adjusted_quantiles"":[0.0030634925175097878,0.925398203864674],""bca_bias_percentile"":0.45544554455445546,""bootstrap_expected_tail_counts"":[30.631861682580368,745.943359557125],""claim_type"":""analytic_mse"",""conditional_mean_loss_difference"":-4.224280362899284e-16,""conditioning"":""both_workflows_have_valid_estimates"",""confidence_interval"":{""high"":2.2096196223706388e-18,""low"":-1.4524210780699418e-15},""confidence_level"":0.95,""direction"":""A_squared_loss_minus_B_squared_loss"",""interval_coverage"":""pointwise_conditional_on_supplied_reference"",""interval_method"":""BCa"",""interval_status"":""available"",""minimum_valid_repetitions"":20,""paired_difference_standard_error"":3.330362457216056e-16,""planned"":24,""reference_eligible"":true,""reference_kind"":""analytic"",""reference_shift_is_confidence_interval"":false,""reference_shift_max"":-4.224280362899284e-16,""reference_shift_min"":-4.224280362899284e-16,""resampled_valid_count_range"":[24,24],""resampling_plan_sha256"":""64685d305db092f47d0875a7c1cd0a8757a73733e7b5821a1dd088c1ffc26a89"",""unconditional_mean_loss_difference"":-4.224280362899284e-16,""undefined_bootstrap_replicates"":0,""validity_table"":{""n00"":0,""n01"":0,""n10"":0,""n11"":24},""workflow_a"":""cpu-mala-sequential@4096"",""workflow_b"":""cpu-mala-quasi_deer@4096""}"
standard_q1,same_kernel_execution,cuda-rwm-sequential,cuda-rwm-online_picard,4096,analytic,0.0,24,24,"{""n00"":0,""n01"":0,""n10"":0,""n11"":24}",-1.0285944594982596e-17,-6.168368265809534e-17,6.201114089632945e-17,available,"{""bca_acceleration"":0.03907436623880014,""bca_adjusted_quantiles"":[0.038318285268513934,0.9854023436794557],""bca_bias_percentile"":0.5107010701070107,""bootstrap_expected_tail_counts"":[383.14453439987085,145.96196554912274],""claim_type"":""analytic_mse"",""conditional_mean_loss_difference"":-1.0285944594982596e-17,""conditioning"":""both_workflows_have_valid_estimates"",""confidence_interval"":{""high"":6.201114089632945e-17,""low"":-6.168368265809534e-17},""confidence_level"":0.95,""direction"":""A_squared_loss_minus_B_squared_loss"",""interval_coverage"":""pointwise_conditional_on_supplied_reference"",""interval_method"":""BCa"",""interval_status"":""available"",""minimum_valid_repetitions"":20,""paired_difference_standard_error"":3.1286983462180296e-17,""planned"":24,""reference_eligible"":true,""reference_kind"":""analytic"",""reference_shift_is_confidence_interval"":false,""reference_shift_max"":-1.0285944594982596e-17,""reference_shift_min"":-1.0285944594982596e-17,""resampled_valid_count_range"":[24,24],""resampling_plan_sha256"":""64685d305db092f47d0875a7c1cd0a8757a73733e7b5821a1dd088c1ffc26a89"",""unconditional_mean_loss_difference"":-1.0285944594982596e-17,""undefined_bootstrap_replicates"":0,""validity_table"":{""n00"":0,""n01"":0,""n10"":0,""n11"":24},""workflow_a"":""cuda-rwm-sequential@4096"",""workflow_b"":""cuda-rwm-online_picard@4096""}"
standard_q1,same_kernel_execution,cuda-mala-sequential,cuda-mala-quasi_deer,4096,analytic,0.0,24,24,"{""n00"":0,""n01"":0,""n10"":0,""n11"":24}",-4.221673619004109e-16,-1.4522918372194176e-15,2.9198134505978535e-18,available,"{""bca_acceleration"":-0.10233070125521561,""bca_adjusted_quantiles"":[0.0030725080843401723,0.9255022692418717],""bca_bias_percentile"":0.45564556455645566,""bootstrap_expected_tail_counts"":[30.722008335317383,744.9028098505246],""claim_type"":""analytic_mse"",""conditional_mean_loss_difference"":-4.221673619004109e-16,""conditioning"":""both_workflows_have_valid_estimates"",""confidence_interval"":{""high"":2.9198134505978535e-18,""low"":-1.4522918372194176e-15},""confidence_level"":0.95,""direction"":""A_squared_loss_minus_B_squared_loss"",""interval_coverage"":""pointwise_conditional_on_supplied_reference"",""interval_method"":""BCa"",""interval_status"":""available"",""minimum_valid_repetitions"":20,""paired_difference_standard_error"":3.3320916998563726e-16,""planned"":24,""reference_eligible"":true,""reference_kind"":""analytic"",""reference_shift_is_confidence_interval"":false,""reference_shift_max"":-4.221673619004109e-16,""reference_shift_min"":-4.221673619004109e-16,""resampled_valid_count_range"":[24,24],""resampling_plan_sha256"":""64685d305db092f47d0875a7c1cd0a8757a73733e7b5821a1dd088c1ffc26a89"",""unconditional_mean_loss_difference"":-4.221673619004109e-16,""undefined_bootstrap_replicates"":0,""validity_table"":{""n00"":0,""n01"":0,""n10"":0,""n11"":24},""workflow_a"":""cuda-mala-sequential@4096"",""workflow_b"":""cuda-mala-quasi_deer@4096""}"
standard_q1,end_to_end_workflow,cpu-mala-quasi_deer,cpu-nuts-spawn_chains,4096,analytic,0.0,24,24,"{""n00"":0,""n01"":0,""n10"":0,""n11"":24}",0.00040853432122805745,0.00023437078742671123,0.0006599081138738427,available,"{""bca_acceleration"":0.04079769290204907,""bca_adjusted_quantiles"":[0.04133743902063426,0.9869146405931892],""bca_bias_percentile"":0.517051705170517,""bootstrap_expected_tail_counts"":[413.333052767322,130.8405087087009],""claim_type"":""analytic_mse"",""conditional_mean_loss_difference"":0.00040853432122805745,""conditioning"":""both_workflows_have_valid_estimates"",""confidence_interval"":{""high"":0.0006599081138738427,""low"":0.00023437078742671123},""confidence_level"":0.95,""direction"":""A_squared_loss_minus_B_squared_loss"",""interval_coverage"":""pointwise_conditional_on_supplied_reference"",""interval_method"":""BCa"",""interval_status"":""available"",""minimum_valid_repetitions"":20,""paired_difference_standard_error"":0.00010709948969154549,""planned"":24,""reference_eligible"":true,""reference_kind"":""analytic"",""reference_shift_is_confidence_interval"":false,""reference_shift_max"":0.00040853432122805745,""reference_shift_min"":0.00040853432122805745,""resampled_valid_count_range"":[24,24],""resampling_plan_sha256"":""64685d305db092f47d0875a7c1cd0a8757a73733e7b5821a1dd088c1ffc26a89"",""unconditional_mean_loss_difference"":0.00040853432122805745,""undefined_bootstrap_replicates"":0,""validity_table"":{""n00"":0,""n01"":0,""n10"":0,""n11"":24},""workflow_a"":""cpu-mala-quasi_deer@4096"",""workflow_b"":""cpu-nuts-spawn_chains@4096""}"
standard_q1,end_to_end_workflow,cpu-mala-sequential,cpu-nuts-spawn_chains,4096,analytic,0.0,24,24,"{""n00"":0,""n01"":0,""n10"":0,""n11"":24}",0.00040853432122763504,0.00023437078742602154,0.000659908113873585,available,"{""bca_acceleration"":0.04079769290210107,""bca_adjusted_quantiles"":[0.04133743902064882,0.9869146405931976],""bca_bias_percentile"":0.517051705170517,""bootstrap_expected_tail_counts"":[413.33305276746756,130.84050870861765],""claim_type"":""analytic_mse"",""conditional_mean_loss_difference"":0.00040853432122763504,""conditioning"":""both_workflows_have_valid_estimates"",""confidence_interval"":{""high"":0.000659908113873585,""low"":0.00023437078742602154},""confidence_level"":0.95,""direction"":""A_squared_loss_minus_B_squared_loss"",""interval_coverage"":""pointwise_conditional_on_supplied_reference"",""interval_method"":""BCa"",""interval_status"":""available"",""minimum_valid_repetitions"":20,""paired_difference_standard_error"":0.00010709948969144658,""planned"":24,""reference_eligible"":true,""reference_kind"":""analytic"",""reference_shift_is_confidence_interval"":false,""reference_shift_max"":0.00040853432122763504,""reference_shift_min"":0.00040853432122763504,""resampled_valid_count_range"":[24,24],""resampling_plan_sha256"":""64685d305db092f47d0875a7c1cd0a8757a73733e7b5821a1dd088c1ffc26a89"",""unconditional_mean_loss_difference"":0.00040853432122763504,""undefined_bootstrap_replicates"":0,""validity_table"":{""n00"":0,""n01"":0,""n10"":0,""n11"":24},""workflow_a"":""cpu-mala-sequential@4096"",""workflow_b"":""cpu-nuts-spawn_chains@4096""}"
standard_q1,end_to_end_workflow,cpu-rwm-online_picard,cpu-nuts-spawn_chains,4096,analytic,0.0,24,24,"{""n00"":0,""n01"":0,""n10"":0,""n11"":24}",0.010052880859755042,0.00562574880760573,0.016729132657283194,available,"{""bca_acceleration"":0.04441463672451271,""bca_adjusted_quantiles"":[0.04131669678983345,0.9870324745750649],""bca_bias_percentile"":0.5145514551455146,""bootstrap_expected_tail_counts"":[413.12565120154466,129.66228672392575],""claim_type"":""analytic_mse"",""conditional_mean_loss_difference"":0.010052880859755042,""conditioning"":""both_workflows_have_valid_estimates"",""confidence_interval"":{""high"":0.016729132657283194,""low"":0.00562574880760573},""confidence_level"":0.95,""direction"":""A_squared_loss_minus_B_squared_loss"",""interval_coverage"":""pointwise_conditional_on_supplied_reference"",""interval_method"":""BCa"",""interval_status"":""available"",""minimum_valid_repetitions"":20,""paired_difference_standard_error"":0.002775201084910526,""planned"":24,""reference_eligible"":true,""reference_kind"":""analytic"",""reference_shift_is_confidence_interval"":false,""reference_shift_max"":0.010052880859755042,""reference_shift_min"":0.010052880859755042,""resampled_valid_count_range"":[24,24],""resampling_plan_sha256"":""64685d305db092f47d0875a7c1cd0a8757a73733e7b5821a1dd088c1ffc26a89"",""unconditional_mean_loss_difference"":0.010052880859755042,""undefined_bootstrap_replicates"":0,""validity_table"":{""n00"":0,""n01"":0,""n10"":0,""n11"":24},""workflow_a"":""cpu-rwm-online_picard@4096"",""workflow_b"":""cpu-nuts-spawn_chains@4096""}"
standard_q1,end_to_end_workflow,cpu-rwm-sequential,cpu-nuts-spawn_chains,4096,analytic,0.0,24,24,"{""n00"":0,""n01"":0,""n10"":0,""n11"":24}",0.010052880859755031,0.005625748807605702,0.016729132657283173,available,"{""bca_acceleration"":0.044414636724513026,""bca_adjusted_quantiles"":[0.04131669678983357,0.9870324745750649],""bca_bias_percentile"":0.5145514551455146,""bootstrap_expected_tail_counts"":[413.12565120154585,129.66228672392575],""claim_type"":""analytic_mse"",""conditional_mean_loss_difference"":0.010052880859755031,""conditioning"":""both_workflows_have_valid_estimates"",""confidence_interval"":{""high"":0.016729132657283173,""low"":0.005625748807605702},""confidence_level"":0.95,""direction"":""A_squared_loss_minus_B_squared_loss"",""interval_coverage"":""pointwise_conditional_on_supplied_reference"",""interval_method"":""BCa"",""interval_status"":""available"",""minimum_valid_repetitions"":20,""paired_difference_standard_error"":0.0027752010849105297,""planned"":24,""reference_eligible"":true,""reference_kind"":""analytic"",""reference_shift_is_confidence_interval"":false,""reference_shift_max"":0.010052880859755031,""reference_shift_min"":0.010052880859755031,""resampled_valid_count_range"":[24,24],""resampling_plan_sha256"":""64685d305db092f47d0875a7c1cd0a8757a73733e7b5821a1dd088c1ffc26a89"",""unconditional_mean_loss_difference"":0.010052880859755031,""undefined_bootstrap_replicates"":0,""validity_table"":{""n00"":0,""n01"":0,""n10"":0,""n11"":24},""workflow_a"":""cpu-rwm-sequential@4096"",""workflow_b"":""cpu-nuts-spawn_chains@4096""}"
standard_q1,end_to_end_workflow,cuda-mala-quasi_deer,cpu-nuts-spawn_chains,4096,analytic,0.0,24,24,"{""n00"":0,""n01"":0,""n10"":0,""n11"":24}",0.0004085343212280572,0.00023437078742671104,0.0006599081138738424,available,"{""bca_acceleration"":0.040797692902048883,""bca_adjusted_quantiles"":[0.041337439020634234,0.9869146405931892],""bca_bias_percentile"":0.517051705170517,""bootstrap_expected_tail_counts"":[413.3330527673217,130.8405087087009],""claim_type"":""analytic_mse"",""conditional_mean_loss_difference"":0.0004085343212280572,""conditioning"":""both_workflows_have_valid_estimates"",""confidence_interval"":{""high"":0.0006599081138738424,""low"":0.00023437078742671104},""confidence_level"":0.95,""direction"":""A_squared_loss_minus_B_squared_loss"",""interval_coverage"":""pointwise_conditional_on_supplied_reference"",""interval_method"":""BCa"",""interval_status"":""available"",""minimum_valid_repetitions"":20,""paired_difference_standard_error"":0.00010709948969154542,""planned"":24,""reference_eligible"":true,""reference_kind"":""analytic"",""reference_shift_is_confidence_interval"":false,""reference_shift_max"":0.0004085343212280572,""reference_shift_min"":0.0004085343212280572,""resampled_valid_count_range"":[24,24],""resampling_plan_sha256"":""64685d305db092f47d0875a7c1cd0a8757a73733e7b5821a1dd088c1ffc26a89"",""unconditional_mean_loss_difference"":0.0004085343212280572,""undefined_bootstrap_replicates"":0,""validity_table"":{""n00"":0,""n01"":0,""n10"":0,""n11"":24},""workflow_a"":""cuda-mala-quasi_deer@4096"",""workflow_b"":""cpu-nuts-spawn_chains@4096""}"
standard_q1,end_to_end_workflow,cuda-mala-sequential,cpu-nuts-spawn_chains,4096,analytic,0.0,24,24,"{""n00"":0,""n01"":0,""n10"":0,""n11"":24}",0.000408534321227635,0.00023437078742602122,0.000659908113873585,available,"{""bca_acceleration"":0.0407976929021008,""bca_adjusted_quantiles"":[0.041337439020648736,0.9869146405931976],""bca_bias_percentile"":0.517051705170517,""bootstrap_expected_tail_counts"":[413.3330527674667,130.84050870861765],""claim_type"":""analytic_mse"",""conditional_mean_loss_difference"":0.000408534321227635,""conditioning"":""both_workflows_have_valid_estimates"",""confidence_interval"":{""high"":0.000659908113873585,""low"":0.00023437078742602122},""confidence_level"":0.95,""direction"":""A_squared_loss_minus_B_squared_loss"",""interval_coverage"":""pointwise_conditional_on_supplied_reference"",""interval_method"":""BCa"",""interval_status"":""available"",""minimum_valid_repetitions"":20,""paired_difference_standard_error"":0.00010709948969144652,""planned"":24,""reference_eligible"":true,""reference_kind"":""analytic"",""reference_shift_is_confidence_interval"":false,""reference_shift_max"":0.000408534321227635,""reference_shift_min"":0.000408534321227635,""resampled_valid_count_range"":[24,24],""resampling_plan_sha256"":""64685d305db092f47d0875a7c1cd0a8757a73733e7b5821a1dd088c1ffc26a89"",""unconditional_mean_loss_difference"":0.000408534321227635,""undefined_bootstrap_replicates"":0,""validity_table"":{""n00"":0,""n01"":0,""n10"":0,""n11"":24},""workflow_a"":""cuda-mala-sequential@4096"",""workflow_b"":""cpu-nuts-spawn_chains@4096""}"
standard_q1,end_to_end_workflow,cuda-rwm-online_picard,cpu-nuts-spawn_chains,4096,analytic,0.0,24,24,"{""n00"":0,""n01"":0,""n10"":0,""n11"":24}",0.010052880859755042,0.00562574880760573,0.016729132657283194,available,"{""bca_acceleration"":0.04441463672451271,""bca_adjusted_quantiles"":[0.04131669678983345,0.9870324745750649],""bca_bias_percentile"":0.5145514551455146,""bootstrap_expected_tail_counts"":[413.12565120154466,129.66228672392575],""claim_type"":""analytic_mse"",""conditional_mean_loss_difference"":0.010052880859755042,""conditioning"":""both_workflows_have_valid_estimates"",""confidence_interval"":{""high"":0.016729132657283194,""low"":0.00562574880760573},""confidence_level"":0.95,""direction"":""A_squared_loss_minus_B_squared_loss"",""interval_coverage"":""pointwise_conditional_on_supplied_reference"",""interval_method"":""BCa"",""interval_status"":""available"",""minimum_valid_repetitions"":20,""paired_difference_standard_error"":0.002775201084910526,""planned"":24,""reference_eligible"":true,""reference_kind"":""analytic"",""reference_shift_is_confidence_interval"":false,""reference_shift_max"":0.010052880859755042,""reference_shift_min"":0.010052880859755042,""resampled_valid_count_range"":[24,24],""resampling_plan_sha256"":""64685d305db092f47d0875a7c1cd0a8757a73733e7b5821a1dd088c1ffc26a89"",""unconditional_mean_loss_difference"":0.010052880859755042,""undefined_bootstrap_replicates"":0,""validity_table"":{""n00"":0,""n01"":0,""n10"":0,""n11"":24},""workflow_a"":""cuda-rwm-online_picard@4096"",""workflow_b"":""cpu-nuts-spawn_chains@4096""}"
standard_q1,end_to_end_workflow,cuda-rwm-sequential,cpu-nuts-spawn_chains,4096,analytic,0.0,24,24,"{""n00"":0,""n01"":0,""n10"":0,""n11"":24}",0.010052880859755031,0.005625748807605702,0.016729132657283173,available,"{""bca_acceleration"":0.044414636724513026,""bca_adjusted_quantiles"":[0.04131669678983357,0.9870324745750649],""bca_bias_percentile"":0.5145514551455146,""bootstrap_expected_tail_counts"":[413.12565120154585,129.66228672392575],""claim_type"":""analytic_mse"",""conditional_mean_loss_difference"":0.010052880859755031,""conditioning"":""both_workflows_have_valid_estimates"",""confidence_interval"":{""high"":0.016729132657283173,""low"":0.005625748807605702},""confidence_level"":0.95,""direction"":""A_squared_loss_minus_B_squared_loss"",""interval_coverage"":""pointwise_conditional_on_supplied_reference"",""interval_method"":""BCa"",""interval_status"":""available"",""minimum_valid_repetitions"":20,""paired_difference_standard_error"":0.0027752010849105297,""planned"":24,""reference_eligible"":true,""reference_kind"":""analytic"",""reference_shift_is_confidence_interval"":false,""reference_shift_max"":0.010052880859755031,""reference_shift_min"":0.010052880859755031,""resampled_valid_count_range"":[24,24],""resampling_plan_sha256"":""64685d305db092f47d0875a7c1cd0a8757a73733e7b5821a1dd088c1ffc26a89"",""unconditional_mean_loss_difference"":0.010052880859755031,""undefined_bootstrap_replicates"":0,""validity_table"":{""n00"":0,""n01"":0,""n10"":0,""n11"":24},""workflow_a"":""cuda-rwm-sequential@4096"",""workflow_b"":""cpu-nuts-spawn_chains@4096""}"
standard_q1_squared,same_kernel_execution,cpu-rwm-sequential,cpu-rwm-online_picard,1024,analytic,0.0,24,24,"{""n00"":0,""n01"":0,""n10"":0,""n11"":24}",1.1843214668509627e-16,-2.929573112382412e-17,4.281825629054672e-16,available,"{""bca_acceleration"":0.08138970227630542,""bca_adjusted_quantiles"":[0.0593966337537699,0.9940154344775618],""bca_bias_percentile"":0.5297529752975297,""bootstrap_expected_tail_counts"":[593.9069409039452,59.839670658859575],""claim_type"":""analytic_mse"",""conditional_mean_loss_difference"":1.1843214668509627e-16,""conditioning"":""both_workflows_have_valid_estimates"",""confidence_interval"":{""high"":4.281825629054672e-16,""low"":-2.929573112382412e-17},""confidence_level"":0.95,""direction"":""A_squared_loss_minus_B_squared_loss"",""interval_coverage"":""pointwise_conditional_on_supplied_reference"",""interval_method"":""BCa"",""interval_status"":""available"",""minimum_valid_repetitions"":20,""paired_difference_standard_error"":1.0659921544432172e-16,""planned"":24,""reference_eligible"":true,""reference_kind"":""analytic"",""reference_shift_is_confidence_interval"":false,""reference_shift_max"":1.1843214668509627e-16,""reference_shift_min"":1.1843214668509627e-16,""resampled_valid_count_range"":[24,24],""resampling_plan_sha256"":""64685d305db092f47d0875a7c1cd0a8757a73733e7b5821a1dd088c1ffc26a89"",""unconditional_mean_loss_difference"":1.1843214668509627e-16,""undefined_bootstrap_replicates"":0,""validity_table"":{""n00"":0,""n01"":0,""n10"":0,""n11"":24},""workflow_a"":""cpu-rwm-sequential@1024"",""workflow_b"":""cpu-rwm-online_picard@1024""}"
standard_q1_squared,same_kernel_execution,cpu-mala-sequential,cpu-mala-quasi_deer,1024,analytic,0.0,24,24,"{""n00"":0,""n01"":0,""n10"":0,""n11"":24}",-6.503669736471499e-16,-2.7124402467678123e-15,6.617257637155214e-16,available,"{""bca_acceleration"":-0.04737928663415249,""bca_adjusted_quantiles"":[0.01177640344395175,0.9561274309314673],""bca_bias_percentile"":0.4813481348134813,""bootstrap_expected_tail_counts"":[117.75225803607354,438.681818116258],""claim_type"":""analytic_mse"",""conditional_mean_loss_difference"":-6.503669736471499e-16,""conditioning"":""both_workflows_have_valid_estimates"",""confidence_interval"":{""high"":6.617257637155214e-16,""low"":-2.7124402467678123e-15},""confidence_level"":0.95,""direction"":""A_squared_loss_minus_B_squared_loss"",""interval_coverage"":""pointwise_conditional_on_supplied_reference"",""interval_method"":""BCa"",""interval_status"":""available"",""minimum_valid_repetitions"":20,""paired_difference_standard_error"":8.416392838441981e-16,""planned"":24,""reference_eligible"":true,""reference_kind"":""analytic"",""reference_shift_is_confidence_interval"":false,""reference_shift_max"":-6.503669736471499e-16,""reference_shift_min"":-6.503669736471499e-16,""resampled_valid_count_range"":[24,24],""resampling_plan_sha256"":""64685d305db092f47d0875a7c1cd0a8757a73733e7b5821a1dd088c1ffc26a89"",""unconditional_mean_loss_difference"":-6.503669736471499e-16,""undefined_bootstrap_replicates"":0,""validity_table"":{""n00"":0,""n01"":0,""n10"":0,""n11"":24},""workflow_a"":""cpu-mala-sequential@1024"",""workflow_b"":""cpu-mala-quasi_deer@1024""}"
standard_q1_squared,same_kernel_execution,cuda-rwm-sequential,cuda-rwm-online_picard,1024,analytic,0.0,24,24,"{""n00"":0,""n01"":0,""n10"":0,""n11"":24}",1.1843214668509627e-16,-2.929573112382412e-17,4.281825629054672e-16,available,"{""bca_acceleration"":0.08138970227630542,""bca_adjusted_quantiles"":[0.0593966337537699,0.9940154344775618],""bca_bias_percentile"":0.5297529752975297,""bootstrap_expected_tail_counts"":[593.9069409039452,59.839670658859575],""claim_type"":""analytic_mse"",""conditional_mean_loss_difference"":1.1843214668509627e-16,""conditioning"":""both_workflows_have_valid_estimates"",""confidence_interval"":{""high"":4.281825629054672e-16,""low"":-2.929573112382412e-17},""confidence_level"":0.95,""direction"":""A_squared_loss_minus_B_squared_loss"",""interval_coverage"":""pointwise_conditional_on_supplied_reference"",""interval_method"":""BCa"",""interval_status"":""available"",""minimum_valid_repetitions"":20,""paired_difference_standard_error"":1.0659921544432172e-16,""planned"":24,""reference_eligible"":true,""reference_kind"":""analytic"",""reference_shift_is_confidence_interval"":false,""reference_shift_max"":1.1843214668509627e-16,""reference_shift_min"":1.1843214668509627e-16,""resampled_valid_count_range"":[24,24],""resampling_plan_sha256"":""64685d305db092f47d0875a7c1cd0a8757a73733e7b5821a1dd088c1ffc26a89"",""unconditional_mean_loss_difference"":1.1843214668509627e-16,""undefined_bootstrap_replicates"":0,""validity_table"":{""n00"":0,""n01"":0,""n10"":0,""n11"":24},""workflow_a"":""cuda-rwm-sequential@1024"",""workflow_b"":""cuda-rwm-online_picard@1024""}"
standard_q1_squared,same_kernel_execution,cuda-mala-sequential,cuda-mala-quasi_deer,1024,analytic,0.0,24,24,"{""n00"":0,""n01"":0,""n10"":0,""n11"":24}",-6.487089915767759e-16,-2.7031730038393734e-15,6.679887109563839e-16,available,"{""bca_acceleration"":-0.04693242126138575,""bca_adjusted_quantiles"":[0.012034469129481687,0.9567241132168504],""bca_bias_percentile"":0.48244824482448245,""bootstrap_expected_tail_counts"":[120.33265682568738,432.71559194471325],""claim_type"":""analytic_mse"",""conditional_mean_loss_difference"":-6.487089915767759e-16,""conditioning"":""both_workflows_have_valid_estimates"",""confidence_interval"":{""high"":6.679887109563839e-16,""low"":-2.7031730038393734e-15},""confidence_level"":0.95,""direction"":""A_squared_loss_minus_B_squared_loss"",""interval_coverage"":""pointwise_conditional_on_supplied_reference"",""interval_method"":""BCa"",""interval_status"":""available"",""minimum_valid_repetitions"":20,""paired_difference_standard_error"":8.418307545961165e-16,""planned"":24,""reference_eligible"":true,""reference_kind"":""analytic"",""reference_shift_is_confidence_interval"":false,""reference_shift_max"":-6.487089915767759e-16,""reference_shift_min"":-6.487089915767759e-16,""resampled_valid_count_range"":[24,24],""resampling_plan_sha256"":""64685d305db092f47d0875a7c1cd0a8757a73733e7b5821a1dd088c1ffc26a89"",""unconditional_mean_loss_difference"":-6.487089915767759e-16,""undefined_bootstrap_replicates"":0,""validity_table"":{""n00"":0,""n01"":0,""n10"":0,""n11"":24},""workflow_a"":""cuda-mala-sequential@1024"",""workflow_b"":""cuda-mala-quasi_deer@1024""}"
standard_q1_squared,end_to_end_workflow,cpu-mala-quasi_deer,cpu-nuts-spawn_chains,1024,analytic,0.0,24,24,"{""n00"":0,""n01"":0,""n10"":0,""n11"":24}",0.001248960218085107,0.00024992204402077956,0.0027098812807063825,available,"{""bca_acceleration"":0.047133048348507275,""bca_adjusted_quantiles"":[0.03886392735733571,0.9859477129258579],""bca_bias_percentile"":0.5065506550655066,""bootstrap_expected_tail_counts"":[388.6004096459998,140.50881845434662],""claim_type"":""analytic_mse"",""conditional_mean_loss_difference"":0.001248960218085107,""conditioning"":""both_workflows_have_valid_estimates"",""confidence_interval"":{""high"":0.0027098812807063825,""low"":0.00024992204402077956},""confidence_level"":0.95,""direction"":""A_squared_loss_minus_B_squared_loss"",""interval_coverage"":""pointwise_conditional_on_supplied_reference"",""interval_method"":""BCa"",""interval_status"":""available"",""minimum_valid_repetitions"":20,""paired_difference_standard_error"":0.0006213818320642456,""planned"":24,""reference_eligible"":true,""reference_kind"":""analytic"",""reference_shift_is_confidence_interval"":false,""reference_shift_max"":0.001248960218085107,""reference_shift_min"":0.001248960218085107,""resampled_valid_count_range"":[24,24],""resampling_plan_sha256"":""64685d305db092f47d0875a7c1cd0a8757a73733e7b5821a1dd088c1ffc26a89"",""unconditional_mean_loss_difference"":0.001248960218085107,""undefined_bootstrap_replicates"":0,""validity_table"":{""n00"":0,""n01"":0,""n10"":0,""n11"":24},""workflow_a"":""cpu-mala-quasi_deer@1024"",""workflow_b"":""cpu-nuts-spawn_chains@1024""}"
standard_q1_squared,end_to_end_workflow,cpu-mala-sequential,cpu-nuts-spawn_chains,1024,analytic,0.0,24,24,"{""n00"":0,""n01"":0,""n10"":0,""n11"":24}",0.0012489602180844564,0.00024992204402011917,0.002709881280705102,available,"{""bca_acceleration"":0.047133048348514714,""bca_adjusted_quantiles"":[0.03886392735733769,0.9859477129258593],""bca_bias_percentile"":0.5065506550655066,""bootstrap_expected_tail_counts"":[388.60040964601956,140.50881845433332],""claim_type"":""analytic_mse"",""conditional_mean_loss_difference"":0.0012489602180844564,""conditioning"":""both_workflows_have_valid_estimates"",""confidence_interval"":{""high"":0.002709881280705102,""low"":0.00024992204402011917},""confidence_level"":0.95,""direction"":""A_squared_loss_minus_B_squared_loss"",""interval_coverage"":""pointwise_conditional_on_supplied_reference"",""interval_method"":""BCa"",""interval_status"":""available"",""minimum_valid_repetitions"":20,""paired_difference_standard_error"":0.000621381832063955,""planned"":24,""reference_eligible"":true,""reference_kind"":""analytic"",""reference_shift_is_confidence_interval"":false,""reference_shift_max"":0.0012489602180844564,""reference_shift_min"":0.0012489602180844564,""resampled_valid_count_range"":[24,24],""resampling_plan_sha256"":""64685d305db092f47d0875a7c1cd0a8757a73733e7b5821a1dd088c1ffc26a89"",""unconditional_mean_loss_difference"":0.0012489602180844564,""undefined_bootstrap_replicates"":0,""validity_table"":{""n00"":0,""n01"":0,""n10"":0,""n11"":24},""workflow_a"":""cpu-mala-sequential@1024"",""workflow_b"":""cpu-nuts-spawn_chains@1024""}"
standard_q1_squared,end_to_end_workflow,cpu-rwm-online_picard,cpu-nuts-spawn_chains,1024,analytic,0.0,24,24,"{""n00"":0,""n01"":0,""n10"":0,""n11"":24}",0.04969013594433218,0.02996993866949049,0.0814662997774921,available,"{""bca_acceleration"":0.048548184427872114,""bca_adjusted_quantiles"":[0.04735485720809331,0.9895514990689936],""bca_bias_percentile"":0.5257525752575257,""bootstrap_expected_tail_counts"":[473.50121722372495,104.47456080913254],""claim_type"":""analytic_mse"",""conditional_mean_loss_difference"":0.04969013594433218,""conditioning"":""both_workflows_have_valid_estimates"",""confidence_interval"":{""high"":0.0814662997774921,""low"":0.02996993866949049},""confidence_level"":0.95,""direction"":""A_squared_loss_minus_B_squared_loss"",""interval_coverage"":""pointwise_conditional_on_supplied_reference"",""interval_method"":""BCa"",""interval_status"":""available"",""minimum_valid_repetitions"":20,""paired_difference_standard_error"":0.012785355081677758,""planned"":24,""reference_eligible"":true,""reference_kind"":""analytic"",""reference_shift_is_confidence_interval"":false,""reference_shift_max"":0.04969013594433218,""reference_shift_min"":0.04969013594433218,""resampled_valid_count_range"":[24,24],""resampling_plan_sha256"":""64685d305db092f47d0875a7c1cd0a8757a73733e7b5821a1dd088c1ffc26a89"",""unconditional_mean_loss_difference"":0.04969013594433218,""undefined_bootstrap_replicates"":0,""validity_table"":{""n00"":0,""n01"":0,""n10"":0,""n11"":24},""workflow_a"":""cpu-rwm-online_picard@1024"",""workflow_b"":""cpu-nuts-spawn_chains@1024""}"
standard_q1_squared,end_to_end_workflow,cpu-rwm-sequential,cpu-nuts-spawn_chains,1024,analytic,0.0,24,24,"{""n00"":0,""n01"":0,""n10"":0,""n11"":24}",0.049690135944332296,0.02996993866949062,0.08146629977749244,available,"{""bca_acceleration"":0.048548184427872204,""bca_adjusted_quantiles"":[0.04735485720809335,0.9895514990689936],""bca_bias_percentile"":0.5257525752575257,""bootstrap_expected_tail_counts"":[473.5012172237254,104.47456080913254],""claim_type"":""analytic_mse"",""conditional_mean_loss_difference"":0.049690135944332296,""conditioning"":""both_workflows_have_valid_estimates"",""confidence_interval"":{""high"":0.08146629977749244,""low"":0.02996993866949062},""confidence_level"":0.95,""direction"":""A_squared_loss_minus_B_squared_loss"",""interval_coverage"":""pointwise_conditional_on_supplied_reference"",""interval_method"":""BCa"",""interval_status"":""available"",""minimum_valid_repetitions"":20,""paired_difference_standard_error"":0.012785355081677802,""planned"":24,""reference_eligible"":true,""reference_kind"":""analytic"",""reference_shift_is_confidence_interval"":false,""reference_shift_max"":0.049690135944332296,""reference_shift_min"":0.049690135944332296,""resampled_valid_count_range"":[24,24],""resampling_plan_sha256"":""64685d305db092f47d0875a7c1cd0a8757a73733e7b5821a1dd088c1ffc26a89"",""unconditional_mean_loss_difference"":0.049690135944332296,""undefined_bootstrap_replicates"":0,""validity_table"":{""n00"":0,""n01"":0,""n10"":0,""n11"":24},""workflow_a"":""cpu-rwm-sequential@1024"",""workflow_b"":""cpu-nuts-spawn_chains@1024""}"
standard_q1_squared,end_to_end_workflow,cuda-mala-quasi_deer,cpu-nuts-spawn_chains,1024,analytic,0.0,24,24,"{""n00"":0,""n01"":0,""n10"":0,""n11"":24}",0.0012489602180851076,0.0002499220440207774,0.0027098812807063864,available,"{""bca_acceleration"":0.04713304834850722,""bca_adjusted_quantiles"":[0.038863927357335695,0.9859477129258579],""bca_bias_percentile"":0.5065506550655066,""bootstrap_expected_tail_counts"":[388.6004096459996,140.50881845434662],""claim_type"":""analytic_mse"",""conditional_mean_loss_difference"":0.0012489602180851076,""conditioning"":""both_workflows_have_valid_estimates"",""confidence_interval"":{""high"":0.0027098812807063864,""low"":0.0002499220440207774},""confidence_level"":0.95,""direction"":""A_squared_loss_minus_B_squared_loss"",""interval_coverage"":""pointwise_conditional_on_supplied_reference"",""interval_method"":""BCa"",""interval_status"":""available"",""minimum_valid_repetitions"":20,""paired_difference_standard_error"":0.000621381832064247,""planned"":24,""reference_eligible"":true,""reference_kind"":""analytic"",""reference_shift_is_confidence_interval"":false,""reference_shift_max"":0.0012489602180851076,""reference_shift_min"":0.0012489602180851076,""resampled_valid_count_range"":[24,24],""resampling_plan_sha256"":""64685d305db092f47d0875a7c1cd0a8757a73733e7b5821a1dd088c1ffc26a89"",""unconditional_mean_loss_difference"":0.0012489602180851076,""undefined_bootstrap_replicates"":0,""validity_table"":{""n00"":0,""n01"":0,""n10"":0,""n11"":24},""workflow_a"":""cuda-mala-quasi_deer@1024"",""workflow_b"":""cpu-nuts-spawn_chains@1024""}"
standard_q1_squared,end_to_end_workflow,cuda-mala-sequential,cpu-nuts-spawn_chains,1024,analytic,0.0,24,24,"{""n00"":0,""n01"":0,""n10"":0,""n11"":24}",0.0012489602180844588,0.0002499220440201172,0.002709881280705117,available,"{""bca_acceleration"":0.04713304834851517,""bca_adjusted_quantiles"":[0.03886392735733781,0.9859477129258594],""bca_bias_percentile"":0.5065506550655066,""bootstrap_expected_tail_counts"":[388.60040964602075,140.50881845433221],""claim_type"":""analytic_mse"",""conditional_mean_loss_difference"":0.0012489602180844588,""conditioning"":""both_workflows_have_valid_estimates"",""confidence_interval"":{""high"":0.002709881280705117,""low"":0.0002499220440201172},""confidence_level"":0.95,""direction"":""A_squared_loss_minus_B_squared_loss"",""interval_coverage"":""pointwise_conditional_on_supplied_reference"",""interval_method"":""BCa"",""interval_status"":""available"",""minimum_valid_repetitions"":20,""paired_difference_standard_error"":0.0006213818320639575,""planned"":24,""reference_eligible"":true,""reference_kind"":""analytic"",""reference_shift_is_confidence_interval"":false,""reference_shift_max"":0.0012489602180844588,""reference_shift_min"":0.0012489602180844588,""resampled_valid_count_range"":[24,24],""resampling_plan_sha256"":""64685d305db092f47d0875a7c1cd0a8757a73733e7b5821a1dd088c1ffc26a89"",""unconditional_mean_loss_difference"":0.0012489602180844588,""undefined_bootstrap_replicates"":0,""validity_table"":{""n00"":0,""n01"":0,""n10"":0,""n11"":24},""workflow_a"":""cuda-mala-sequential@1024"",""workflow_b"":""cpu-nuts-spawn_chains@1024""}"
standard_q1_squared,end_to_end_workflow,cuda-rwm-online_picard,cpu-nuts-spawn_chains,1024,analytic,0.0,24,24,"{""n00"":0,""n01"":0,""n10"":0,""n11"":24}",0.04969013594433218,0.02996993866949049,0.0814662997774921,available,"{""bca_acceleration"":0.048548184427872114,""bca_adjusted_quantiles"":[0.04735485720809331,0.9895514990689936],""bca_bias_percentile"":0.5257525752575257,""bootstrap_expected_tail_counts"":[473.50121722372495,104.47456080913254],""claim_type"":""analytic_mse"",""conditional_mean_loss_difference"":0.04969013594433218,""conditioning"":""both_workflows_have_valid_estimates"",""confidence_interval"":{""high"":0.0814662997774921,""low"":0.02996993866949049},""confidence_level"":0.95,""direction"":""A_squared_loss_minus_B_squared_loss"",""interval_coverage"":""pointwise_conditional_on_supplied_reference"",""interval_method"":""BCa"",""interval_status"":""available"",""minimum_valid_repetitions"":20,""paired_difference_standard_error"":0.012785355081677758,""planned"":24,""reference_eligible"":true,""reference_kind"":""analytic"",""reference_shift_is_confidence_interval"":false,""reference_shift_max"":0.04969013594433218,""reference_shift_min"":0.04969013594433218,""resampled_valid_count_range"":[24,24],""resampling_plan_sha256"":""64685d305db092f47d0875a7c1cd0a8757a73733e7b5821a1dd088c1ffc26a89"",""unconditional_mean_loss_difference"":0.04969013594433218,""undefined_bootstrap_replicates"":0,""validity_table"":{""n00"":0,""n01"":0,""n10"":0,""n11"":24},""workflow_a"":""cuda-rwm-online_picard@1024"",""workflow_b"":""cpu-nuts-spawn_chains@1024""}"
standard_q1_squared,end_to_end_workflow,cuda-rwm-sequential,cpu-nuts-spawn_chains,1024,analytic,0.0,24,24,"{""n00"":0,""n01"":0,""n10"":0,""n11"":24}",0.049690135944332296,0.02996993866949062,0.08146629977749244,available,"{""bca_acceleration"":0.048548184427872204,""bca_adjusted_quantiles"":[0.04735485720809335,0.9895514990689936],""bca_bias_percentile"":0.5257525752575257,""bootstrap_expected_tail_counts"":[473.5012172237254,104.47456080913254],""claim_type"":""analytic_mse"",""conditional_mean_loss_difference"":0.049690135944332296,""conditioning"":""both_workflows_have_valid_estimates"",""confidence_interval"":{""high"":0.08146629977749244,""low"":0.02996993866949062},""confidence_level"":0.95,""direction"":""A_squared_loss_minus_B_squared_loss"",""interval_coverage"":""pointwise_conditional_on_supplied_reference"",""interval_method"":""BCa"",""interval_status"":""available"",""minimum_valid_repetitions"":20,""paired_difference_standard_error"":0.012785355081677802,""planned"":24,""reference_eligible"":true,""reference_kind"":""analytic"",""reference_shift_is_confidence_interval"":false,""reference_shift_max"":0.049690135944332296,""reference_shift_min"":0.049690135944332296,""resampled_valid_count_range"":[24,24],""resampling_plan_sha256"":""64685d305db092f47d0875a7c1cd0a8757a73733e7b5821a1dd088c1ffc26a89"",""unconditional_mean_loss_difference"":0.049690135944332296,""undefined_bootstrap_replicates"":0,""validity_table"":{""n00"":0,""n01"":0,""n10"":0,""n11"":24},""workflow_a"":""cuda-rwm-sequential@1024"",""workflow_b"":""cpu-nuts-spawn_chains@1024""}"
standard_q1_squared,same_kernel_execution,cpu-rwm-sequential,cpu-rwm-online_picard,4096,analytic,0.0,24,24,"{""n00"":0,""n01"":0,""n10"":0,""n11"":24}",5.972076380695382e-17,-1.3731753028244066e-17,2.534238804627614e-16,available,"{""bca_acceleration"":0.10855982044131246,""bca_adjusted_quantiles"":[0.07306287702091889,0.9969663853320894],""bca_bias_percentile"":0.5384538453845384,""bootstrap_expected_tail_counts"":[730.555707332168,30.333113064438425],""claim_type"":""analytic_mse"",""conditional_mean_loss_difference"":5.972076380695382e-17,""conditioning"":""both_workflows_have_valid_estimates"",""confidence_interval"":{""high"":2.534238804627614e-16,""low"":-1.3731753028244066e-17},""confidence_level"":0.95,""direction"":""A_squared_loss_minus_B_squared_loss"",""interval_coverage"":""pointwise_conditional_on_supplied_reference"",""interval_method"":""BCa"",""interval_status"":""available"",""minimum_valid_repetitions"":20,""paired_difference_standard_error"":5.876588691010149e-17,""planned"":24,""reference_eligible"":true,""reference_kind"":""analytic"",""reference_shift_is_confidence_interval"":false,""reference_shift_max"":5.972076380695382e-17,""reference_shift_min"":5.972076380695382e-17,""resampled_valid_count_range"":[24,24],""resampling_plan_sha256"":""64685d305db092f47d0875a7c1cd0a8757a73733e7b5821a1dd088c1ffc26a89"",""unconditional_mean_loss_difference"":5.972076380695382e-17,""undefined_bootstrap_replicates"":0,""validity_table"":{""n00"":0,""n01"":0,""n10"":0,""n11"":24},""workflow_a"":""cpu-rwm-sequential@4096"",""workflow_b"":""cpu-rwm-online_picard@4096""}"
standard_q1_squared,same_kernel_execution,cpu-mala-sequential,cpu-mala-quasi_deer,4096,analytic,0.0,24,24,"{""n00"":0,""n01"":0,""n10"":0,""n11"":24}",8.787332920658205e-16,2.1974666325067112e-16,1.7523113828554136e-15,available,"{""bca_acceleration"":0.03262838731726768,""bca_adjusted_quantiles"":[0.035053173433714314,0.9833745448104781],""bca_bias_percentile"":0.5065506550655066,""bootstrap_expected_tail_counts"":[350.4966811637094,166.237926440029],""claim_type"":""analytic_mse"",""conditional_mean_loss_difference"":8.787332920658205e-16,""conditioning"":""both_workflows_have_valid_estimates"",""confidence_interval"":{""high"":1.7523113828554136e-15,""low"":2.1974666325067112e-16},""confidence_level"":0.95,""direction"":""A_squared_loss_minus_B_squared_loss"",""interval_coverage"":""pointwise_conditional_on_supplied_reference"",""interval_method"":""BCa"",""interval_status"":""available"",""minimum_valid_repetitions"":20,""paired_difference_standard_error"":3.942856239735196e-16,""planned"":24,""reference_eligible"":true,""reference_kind"":""analytic"",""reference_shift_is_confidence_interval"":false,""reference_shift_max"":8.787332920658205e-16,""reference_shift_min"":8.787332920658205e-16,""resampled_valid_count_range"":[24,24],""resampling_plan_sha256"":""64685d305db092f47d0875a7c1cd0a8757a73733e7b5821a1dd088c1ffc26a89"",""unconditional_mean_loss_difference"":8.787332920658205e-16,""undefined_bootstrap_replicates"":0,""validity_table"":{""n00"":0,""n01"":0,""n10"":0,""n11"":24},""workflow_a"":""cpu-mala-sequential@4096"",""workflow_b"":""cpu-mala-quasi_deer@4096""}"
standard_q1_squared,same_kernel_execution,cuda-rwm-sequential,cuda-rwm-online_picard,4096,analytic,0.0,24,24,"{""n00"":0,""n01"":0,""n10"":0,""n11"":24}",5.972076380695382e-17,-1.3731753028244066e-17,2.534238804627614e-16,available,"{""bca_acceleration"":0.10855982044131246,""bca_adjusted_quantiles"":[0.07306287702091889,0.9969663853320894],""bca_bias_percentile"":0.5384538453845384,""bootstrap_expected_tail_counts"":[730.555707332168,30.333113064438425],""claim_type"":""analytic_mse"",""conditional_mean_loss_difference"":5.972076380695382e-17,""conditioning"":""both_workflows_have_valid_estimates"",""confidence_interval"":{""high"":2.534238804627614e-16,""low"":-1.3731753028244066e-17},""confidence_level"":0.95,""direction"":""A_squared_loss_minus_B_squared_loss"",""interval_coverage"":""pointwise_conditional_on_supplied_reference"",""interval_method"":""BCa"",""interval_status"":""available"",""minimum_valid_repetitions"":20,""paired_difference_standard_error"":5.876588691010149e-17,""planned"":24,""reference_eligible"":true,""reference_kind"":""analytic"",""reference_shift_is_confidence_interval"":false,""reference_shift_max"":5.972076380695382e-17,""reference_shift_min"":5.972076380695382e-17,""resampled_valid_count_range"":[24,24],""resampling_plan_sha256"":""64685d305db092f47d0875a7c1cd0a8757a73733e7b5821a1dd088c1ffc26a89"",""unconditional_mean_loss_difference"":5.972076380695382e-17,""undefined_bootstrap_replicates"":0,""validity_table"":{""n00"":0,""n01"":0,""n10"":0,""n11"":24},""workflow_a"":""cuda-rwm-sequential@4096"",""workflow_b"":""cuda-rwm-online_picard@4096""}"
standard_q1_squared,same_kernel_execution,cuda-mala-sequential,cuda-mala-quasi_deer,4096,analytic,0.0,24,24,"{""n00"":0,""n01"":0,""n10"":0,""n11"":24}",8.865654880917258e-16,2.2897913753805e-16,1.76533834231021e-15,available,"{""bca_acceleration"":0.03274915215183232,""bca_adjusted_quantiles"":[0.03530437505385932,0.9835295890949202],""bca_bias_percentile"":0.5071507150715071,""bootstrap_expected_tail_counts"":[353.0084461635393,164.68763863989327],""claim_type"":""analytic_mse"",""conditional_mean_loss_difference"":8.865654880917258e-16,""conditioning"":""both_workflows_have_valid_estimates"",""confidence_interval"":{""high"":1.76533834231021e-15,""low"":2.2897913753805e-16},""confidence_level"":0.95,""direction"":""A_squared_loss_minus_B_squared_loss"",""interval_coverage"":""pointwise_conditional_on_supplied_reference"",""interval_method"":""BCa"",""interval_status"":""available"",""minimum_valid_repetitions"":20,""paired_difference_standard_error"":3.957745631398964e-16,""planned"":24,""reference_eligible"":true,""reference_kind"":""analytic"",""reference_shift_is_confidence_interval"":false,""reference_shift_max"":8.865654880917258e-16,""reference_shift_min"":8.865654880917258e-16,""resampled_valid_count_range"":[24,24],""resampling_plan_sha256"":""64685d305db092f47d0875a7c1cd0a8757a73733e7b5821a1dd088c1ffc26a89"",""unconditional_mean_loss_difference"":8.865654880917258e-16,""undefined_bootstrap_replicates"":0,""validity_table"":{""n00"":0,""n01"":0,""n10"":0,""n11"":24},""workflow_a"":""cuda-mala-sequential@4096"",""workflow_b"":""cuda-mala-quasi_deer@4096""}"
standard_q1_squared,end_to_end_workflow,cpu-mala-quasi_deer,cpu-nuts-spawn_chains,4096,analytic,0.0,24,24,"{""n00"":0,""n01"":0,""n10"":0,""n11"":24}",0.0005442565438394378,0.00011286040982161084,0.001049691125918015,available,"{""bca_acceleration"":0.015853447783958134,""bca_adjusted_quantiles"":[0.03204846452006977,0.9810244309917988],""bca_bias_percentile"":0.5101510151015102,""bootstrap_expected_tail_counts"":[320.4525967361776,189.73671451300368],""claim_type"":""analytic_mse"",""conditional_mean_loss_difference"":0.0005442565438394378,""conditioning"":""both_workflows_have_valid_estimates"",""confidence_interval"":{""high"":0.001049691125918015,""low"":0.00011286040982161084},""confidence_level"":0.95,""direction"":""A_squared_loss_minus_B_squared_loss"",""interval_coverage"":""pointwise_conditional_on_supplied_reference"",""interval_method"":""BCa"",""interval_status"":""available"",""minimum_valid_repetitions"":20,""paired_difference_standard_error"":0.0002473525328708057,""planned"":24,""reference_eligible"":true,""reference_kind"":""analytic"",""reference_shift_is_confidence_interval"":false,""reference_shift_max"":0.0005442565438394378,""reference_shift_min"":0.0005442565438394378,""resampled_valid_count_range"":[24,24],""resampling_plan_sha256"":""64685d305db092f47d0875a7c1cd0a8757a73733e7b5821a1dd088c1ffc26a89"",""unconditional_mean_loss_difference"":0.0005442565438394378,""undefined_bootstrap_replicates"":0,""validity_table"":{""n00"":0,""n01"":0,""n10"":0,""n11"":24},""workflow_a"":""cpu-mala-quasi_deer@4096"",""workflow_b"":""cpu-nuts-spawn_chains@4096""}"
standard_q1_squared,end_to_end_workflow,cpu-mala-sequential,cpu-nuts-spawn_chains,4096,analytic,0.0,24,24,"{""n00"":0,""n01"":0,""n10"":0,""n11"":24}",0.0005442565438403165,0.00011286040982238012,0.0010496911259193441,available,"{""bca_acceleration"":0.015853447784017486,""bca_adjusted_quantiles"":[0.03204846452008478,0.9810244309918104],""bca_bias_percentile"":0.5101510151015102,""bootstrap_expected_tail_counts"":[320.45259673632773,189.73671451288823],""claim_type"":""analytic_mse"",""conditional_mean_loss_difference"":0.0005442565438403165,""conditioning"":""both_workflows_have_valid_estimates"",""confidence_interval"":{""high"":0.0010496911259193441,""low"":0.00011286040982238012},""confidence_level"":0.95,""direction"":""A_squared_loss_minus_B_squared_loss"",""interval_coverage"":""pointwise_conditional_on_supplied_reference"",""interval_method"":""BCa"",""interval_status"":""available"",""minimum_valid_repetitions"":20,""paired_difference_standard_error"":0.00024735253287092235,""planned"":24,""reference_eligible"":true,""reference_kind"":""analytic"",""reference_shift_is_confidence_interval"":false,""reference_shift_max"":0.0005442565438403165,""reference_shift_min"":0.0005442565438403165,""resampled_valid_count_range"":[24,24],""resampling_plan_sha256"":""64685d305db092f47d0875a7c1cd0a8757a73733e7b5821a1dd088c1ffc26a89"",""unconditional_mean_loss_difference"":0.0005442565438403165,""undefined_bootstrap_replicates"":0,""validity_table"":{""n00"":0,""n01"":0,""n10"":0,""n11"":24},""workflow_a"":""cpu-mala-sequential@4096"",""workflow_b"":""cpu-nuts-spawn_chains@4096""}"
standard_q1_squared,end_to_end_workflow,cpu-rwm-online_picard,cpu-nuts-spawn_chains,4096,analytic,0.0,24,24,"{""n00"":0,""n01"":0,""n10"":0,""n11"":24}",0.017442942265950105,0.010033972102437345,0.027958401785448738,available,"{""bca_acceleration"":0.03917148185907143,""bca_adjusted_quantiles"":[0.03986745582606808,0.9861781461167833],""bca_bias_percentile"":0.5145514551455146,""bootstrap_expected_tail_counts"":[398.6346908048547,138.2047169782834],""claim_type"":""analytic_mse"",""conditional_mean_loss_difference"":0.017442942265950105,""conditioning"":""both_workflows_have_valid_estimates"",""confidence_interval"":{""high"":0.027958401785448738,""low"":0.010033972102437345},""confidence_level"":0.95,""direction"":""A_squared_loss_minus_B_squared_loss"",""interval_coverage"":""pointwise_conditional_on_supplied_reference"",""interval_method"":""BCa"",""interval_status"":""available"",""minimum_valid_repetitions"":20,""paired_difference_standard_error"":0.004548367789068836,""planned"":24,""reference_eligible"":true,""reference_kind"":""analytic"",""reference_shift_is_confidence_interval"":false,""reference_shift_max"":0.017442942265950105,""reference_shift_min"":0.017442942265950105,""resampled_valid_count_range"":[24,24],""resampling_plan_sha256"":""64685d305db092f47d0875a7c1cd0a8757a73733e7b5821a1dd088c1ffc26a89"",""unconditional_mean_loss_difference"":0.017442942265950105,""undefined_bootstrap_replicates"":0,""validity_table"":{""n00"":0,""n01"":0,""n10"":0,""n11"":24},""workflow_a"":""cpu-rwm-online_picard@4096"",""workflow_b"":""cpu-nuts-spawn_chains@4096""}"
standard_q1_squared,end_to_end_workflow,cpu-rwm-sequential,cpu-nuts-spawn_chains,4096,analytic,0.0,24,24,"{""n00"":0,""n01"":0,""n10"":0,""n11"":24}",0.017442942265950164,0.010033972102437415,0.027958401785448783,available,"{""bca_acceleration"":0.03917148185907172,""bca_adjusted_quantiles"":[0.03986745582606814,0.9861781461167833],""bca_bias_percentile"":0.5145514551455146,""bootstrap_expected_tail_counts"":[398.6346908048553,138.2047169782834],""claim_type"":""analytic_mse"",""conditional_mean_loss_difference"":0.017442942265950164,""conditioning"":""both_workflows_have_valid_estimates"",""confidence_interval"":{""high"":0.027958401785448783,""low"":0.010033972102437415},""confidence_level"":0.95,""direction"":""A_squared_loss_minus_B_squared_loss"",""interval_coverage"":""pointwise_conditional_on_supplied_reference"",""interval_method"":""BCa"",""interval_status"":""available"",""minimum_valid_repetitions"":20,""paired_difference_standard_error"":0.004548367789068852,""planned"":24,""reference_eligible"":true,""reference_kind"":""analytic"",""reference_shift_is_confidence_interval"":false,""reference_shift_max"":0.017442942265950164,""reference_shift_min"":0.017442942265950164,""resampled_valid_count_range"":[24,24],""resampling_plan_sha256"":""64685d305db092f47d0875a7c1cd0a8757a73733e7b5821a1dd088c1ffc26a89"",""unconditional_mean_loss_difference"":0.017442942265950164,""undefined_bootstrap_replicates"":0,""validity_table"":{""n00"":0,""n01"":0,""n10"":0,""n11"":24},""workflow_a"":""cpu-rwm-sequential@4096"",""workflow_b"":""cpu-nuts-spawn_chains@4096""}"
standard_q1_squared,end_to_end_workflow,cuda-mala-quasi_deer,cpu-nuts-spawn_chains,4096,analytic,0.0,24,24,"{""n00"":0,""n01"":0,""n10"":0,""n11"":24}",0.0005442565438394344,0.00011286040982161053,0.001049691125918007,available,"{""bca_acceleration"":0.015853447783957916,""bca_adjusted_quantiles"":[0.03204846452006971,0.9810244309917988],""bca_bias_percentile"":0.5101510151015102,""bootstrap_expected_tail_counts"":[320.452596736177,189.73671451300368],""claim_type"":""analytic_mse"",""conditional_mean_loss_difference"":0.0005442565438394344,""conditioning"":""both_workflows_have_valid_estimates"",""confidence_interval"":{""high"":0.001049691125918007,""low"":0.00011286040982161053},""confidence_level"":0.95,""direction"":""A_squared_loss_minus_B_squared_loss"",""interval_coverage"":""pointwise_conditional_on_supplied_reference"",""interval_method"":""BCa"",""interval_status"":""available"",""minimum_valid_repetitions"":20,""paired_difference_standard_error"":0.00024735253287080466,""planned"":24,""reference_eligible"":true,""reference_kind"":""analytic"",""reference_shift_is_confidence_interval"":false,""reference_shift_max"":0.0005442565438394344,""reference_shift_min"":0.0005442565438394344,""resampled_valid_count_range"":[24,24],""resampling_plan_sha256"":""64685d305db092f47d0875a7c1cd0a8757a73733e7b5821a1dd088c1ffc26a89"",""unconditional_mean_loss_difference"":0.0005442565438394344,""undefined_bootstrap_replicates"":0,""validity_table"":{""n00"":0,""n01"":0,""n10"":0,""n11"":24},""workflow_a"":""cuda-mala-quasi_deer@4096"",""workflow_b"":""cpu-nuts-spawn_chains@4096""}"
standard_q1_squared,end_to_end_workflow,cuda-mala-sequential,cpu-nuts-spawn_chains,4096,analytic,0.0,24,24,"{""n00"":0,""n01"":0,""n10"":0,""n11"":24}",0.000544256543840321,0.00011286040982238457,0.0010496911259193517,available,"{""bca_acceleration"":0.015853447784017736,""bca_adjusted_quantiles"":[0.03204846452008485,0.9810244309918105],""bca_bias_percentile"":0.5101510151015102,""bootstrap_expected_tail_counts"":[320.4525967363284,189.73671451288712],""claim_type"":""analytic_mse"",""conditional_mean_loss_difference"":0.000544256543840321,""conditioning"":""both_workflows_have_valid_estimates"",""confidence_interval"":{""high"":0.0010496911259193517,""low"":0.00011286040982238457},""confidence_level"":0.95,""direction"":""A_squared_loss_minus_B_squared_loss"",""interval_coverage"":""pointwise_conditional_on_supplied_reference"",""interval_method"":""BCa"",""interval_status"":""available"",""minimum_valid_repetitions"":20,""paired_difference_standard_error"":0.00024735253287092306,""planned"":24,""reference_eligible"":true,""reference_kind"":""analytic"",""reference_shift_is_confidence_interval"":false,""reference_shift_max"":0.000544256543840321,""reference_shift_min"":0.000544256543840321,""resampled_valid_count_range"":[24,24],""resampling_plan_sha256"":""64685d305db092f47d0875a7c1cd0a8757a73733e7b5821a1dd088c1ffc26a89"",""unconditional_mean_loss_difference"":0.000544256543840321,""undefined_bootstrap_replicates"":0,""validity_table"":{""n00"":0,""n01"":0,""n10"":0,""n11"":24},""workflow_a"":""cuda-mala-sequential@4096"",""workflow_b"":""cpu-nuts-spawn_chains@4096""}"
standard_q1_squared,end_to_end_workflow,cuda-rwm-online_picard,cpu-nuts-spawn_chains,4096,analytic,0.0,24,24,"{""n00"":0,""n01"":0,""n10"":0,""n11"":24}",0.017442942265950105,0.010033972102437345,0.027958401785448738,available,"{""bca_acceleration"":0.03917148185907143,""bca_adjusted_quantiles"":[0.03986745582606808,0.9861781461167833],""bca_bias_percentile"":0.5145514551455146,""bootstrap_expected_tail_counts"":[398.6346908048547,138.2047169782834],""claim_type"":""analytic_mse"",""conditional_mean_loss_difference"":0.017442942265950105,""conditioning"":""both_workflows_have_valid_estimates"",""confidence_interval"":{""high"":0.027958401785448738,""low"":0.010033972102437345},""confidence_level"":0.95,""direction"":""A_squared_loss_minus_B_squared_loss"",""interval_coverage"":""pointwise_conditional_on_supplied_reference"",""interval_method"":""BCa"",""interval_status"":""available"",""minimum_valid_repetitions"":20,""paired_difference_standard_error"":0.004548367789068836,""planned"":24,""reference_eligible"":true,""reference_kind"":""analytic"",""reference_shift_is_confidence_interval"":false,""reference_shift_max"":0.017442942265950105,""reference_shift_min"":0.017442942265950105,""resampled_valid_count_range"":[24,24],""resampling_plan_sha256"":""64685d305db092f47d0875a7c1cd0a8757a73733e7b5821a1dd088c1ffc26a89"",""unconditional_mean_loss_difference"":0.017442942265950105,""undefined_bootstrap_replicates"":0,""validity_table"":{""n00"":0,""n01"":0,""n10"":0,""n11"":24},""workflow_a"":""cuda-rwm-online_picard@4096"",""workflow_b"":""cpu-nuts-spawn_chains@4096""}"
standard_q1_squared,end_to_end_workflow,cuda-rwm-sequential,cpu-nuts-spawn_chains,4096,analytic,0.0,24,24,"{""n00"":0,""n01"":0,""n10"":0,""n11"":24}",0.017442942265950164,0.010033972102437415,0.027958401785448783,available,"{""bca_acceleration"":0.03917148185907172,""bca_adjusted_quantiles"":[0.03986745582606814,0.9861781461167833],""bca_bias_percentile"":0.5145514551455146,""bootstrap_expected_tail_counts"":[398.6346908048553,138.2047169782834],""claim_type"":""analytic_mse"",""conditional_mean_loss_difference"":0.017442942265950164,""conditioning"":""both_workflows_have_valid_estimates"",""confidence_interval"":{""high"":0.027958401785448783,""low"":0.010033972102437415},""confidence_level"":0.95,""direction"":""A_squared_loss_minus_B_squared_loss"",""interval_coverage"":""pointwise_conditional_on_supplied_reference"",""interval_method"":""BCa"",""interval_status"":""available"",""minimum_valid_repetitions"":20,""paired_difference_standard_error"":0.004548367789068852,""planned"":24,""reference_eligible"":true,""reference_kind"":""analytic"",""reference_shift_is_confidence_interval"":false,""reference_shift_max"":0.017442942265950164,""reference_shift_min"":0.017442942265950164,""resampled_valid_count_range"":[24,24],""resampling_plan_sha256"":""64685d305db092f47d0875a7c1cd0a8757a73733e7b5821a1dd088c1ffc26a89"",""unconditional_mean_loss_difference"":0.017442942265950164,""undefined_bootstrap_replicates"":0,""validity_table"":{""n00"":0,""n01"":0,""n10"":0,""n11"":24},""workflow_a"":""cuda-rwm-sequential@4096"",""workflow_b"":""cpu-nuts-spawn_chains@4096""}"
standard_q1_gt1,same_kernel_execution,cpu-rwm-sequential,cpu-rwm-online_picard,1024,analytic,0.0,24,24,"{""n00"":0,""n01"":0,""n10"":0,""n11"":24}",0.0,,,degenerate_empirical_loss_or_difference,"{""claim_type"":""analytic_mse"",""conditional_mean_loss_difference"":0.0,""conditioning"":""both_workflows_have_valid_estimates"",""confidence_interval"":null,""confidence_level"":0.95,""direction"":""A_squared_loss_minus_B_squared_loss"",""interval_coverage"":""pointwise_conditional_on_supplied_reference"",""interval_method"":""BCa"",""interval_status"":""degenerate_empirical_loss_or_difference"",""minimum_valid_repetitions"":20,""paired_difference_standard_error"":null,""planned"":24,""reference_eligible"":true,""reference_kind"":""analytic"",""reference_shift_is_confidence_interval"":false,""reference_shift_max"":0.0,""reference_shift_min"":0.0,""resampling_plan_sha256"":""64685d305db092f47d0875a7c1cd0a8757a73733e7b5821a1dd088c1ffc26a89"",""unconditional_mean_loss_difference"":0.0,""validity_table"":{""n00"":0,""n01"":0,""n10"":0,""n11"":24},""workflow_a"":""cpu-rwm-sequential@1024"",""workflow_b"":""cpu-rwm-online_picard@1024""}"
standard_q1_gt1,same_kernel_execution,cpu-mala-sequential,cpu-mala-quasi_deer,1024,analytic,0.0,24,24,"{""n00"":0,""n01"":0,""n10"":0,""n11"":24}",0.0,,,degenerate_empirical_loss_or_difference,"{""claim_type"":""analytic_mse"",""conditional_mean_loss_difference"":0.0,""conditioning"":""both_workflows_have_valid_estimates"",""confidence_interval"":null,""confidence_level"":0.95,""direction"":""A_squared_loss_minus_B_squared_loss"",""interval_coverage"":""pointwise_conditional_on_supplied_reference"",""interval_method"":""BCa"",""interval_status"":""degenerate_empirical_loss_or_difference"",""minimum_valid_repetitions"":20,""paired_difference_standard_error"":null,""planned"":24,""reference_eligible"":true,""reference_kind"":""analytic"",""reference_shift_is_confidence_interval"":false,""reference_shift_max"":0.0,""reference_shift_min"":0.0,""resampling_plan_sha256"":""64685d305db092f47d0875a7c1cd0a8757a73733e7b5821a1dd088c1ffc26a89"",""unconditional_mean_loss_difference"":0.0,""validity_table"":{""n00"":0,""n01"":0,""n10"":0,""n11"":24},""workflow_a"":""cpu-mala-sequential@1024"",""workflow_b"":""cpu-mala-quasi_deer@1024""}"
standard_q1_gt1,same_kernel_execution,cuda-rwm-sequential,cuda-rwm-online_picard,1024,analytic,0.0,24,24,"{""n00"":0,""n01"":0,""n10"":0,""n11"":24}",0.0,,,degenerate_empirical_loss_or_difference,"{""claim_type"":""analytic_mse"",""conditional_mean_loss_difference"":0.0,""conditioning"":""both_workflows_have_valid_estimates"",""confidence_interval"":null,""confidence_level"":0.95,""direction"":""A_squared_loss_minus_B_squared_loss"",""interval_coverage"":""pointwise_conditional_on_supplied_reference"",""interval_method"":""BCa"",""interval_status"":""degenerate_empirical_loss_or_difference"",""minimum_valid_repetitions"":20,""paired_difference_standard_error"":null,""planned"":24,""reference_eligible"":true,""reference_kind"":""analytic"",""reference_shift_is_confidence_interval"":false,""reference_shift_max"":0.0,""reference_shift_min"":0.0,""resampling_plan_sha256"":""64685d305db092f47d0875a7c1cd0a8757a73733e7b5821a1dd088c1ffc26a89"",""unconditional_mean_loss_difference"":0.0,""validity_table"":{""n00"":0,""n01"":0,""n10"":0,""n11"":24},""workflow_a"":""cuda-rwm-sequential@1024"",""workflow_b"":""cuda-rwm-online_picard@1024""}"
standard_q1_gt1,same_kernel_execution,cuda-mala-sequential,cuda-mala-quasi_deer,1024,analytic,0.0,24,24,"{""n00"":0,""n01"":0,""n10"":0,""n11"":24}",0.0,,,degenerate_empirical_loss_or_difference,"{""claim_type"":""analytic_mse"",""conditional_mean_loss_difference"":0.0,""conditioning"":""both_workflows_have_valid_estimates"",""confidence_interval"":null,""confidence_level"":0.95,""direction"":""A_squared_loss_minus_B_squared_loss"",""interval_coverage"":""pointwise_conditional_on_supplied_reference"",""interval_method"":""BCa"",""interval_status"":""degenerate_empirical_loss_or_difference"",""minimum_valid_repetitions"":20,""paired_difference_standard_error"":null,""planned"":24,""reference_eligible"":true,""reference_kind"":""analytic"",""reference_shift_is_confidence_interval"":false,""reference_shift_max"":0.0,""reference_shift_min"":0.0,""resampling_plan_sha256"":""64685d305db092f47d0875a7c1cd0a8757a73733e7b5821a1dd088c1ffc26a89"",""unconditional_mean_loss_difference"":0.0,""validity_table"":{""n00"":0,""n01"":0,""n10"":0,""n11"":24},""workflow_a"":""cuda-mala-sequential@1024"",""workflow_b"":""cuda-mala-quasi_deer@1024""}"
standard_q1_gt1,end_to_end_workflow,cpu-mala-quasi_deer,cpu-nuts-spawn_chains,1024,analytic,0.0,24,24,"{""n00"":0,""n01"":0,""n10"":0,""n11"":24}",0.0001362312285556686,6.607900823063558e-05,0.00024966169848904084,available,"{""bca_acceleration"":0.052665637085435285,""bca_adjusted_quantiles"":[0.047574804843903536,0.9897846732674507],""bca_bias_percentile"":0.5235523552355236,""bootstrap_expected_tail_counts"":[475.70047363419144,102.14305199876068],""claim_type"":""analytic_mse"",""conditional_mean_loss_difference"":0.0001362312285556686,""conditioning"":""both_workflows_have_valid_estimates"",""confidence_interval"":{""high"":0.00024966169848904084,""low"":6.607900823063558e-05},""confidence_level"":0.95,""direction"":""A_squared_loss_minus_B_squared_loss"",""interval_coverage"":""pointwise_conditional_on_supplied_reference"",""interval_method"":""BCa"",""interval_status"":""available"",""minimum_valid_repetitions"":20,""paired_difference_standard_error"":4.609095366681324e-05,""planned"":24,""reference_eligible"":true,""reference_kind"":""analytic"",""reference_shift_is_confidence_interval"":false,""reference_shift_max"":0.0001362312285556686,""reference_shift_min"":0.0001362312285556686,""resampled_valid_count_range"":[24,24],""resampling_plan_sha256"":""64685d305db092f47d0875a7c1cd0a8757a73733e7b5821a1dd088c1ffc26a89"",""unconditional_mean_loss_difference"":0.0001362312285556686,""undefined_bootstrap_replicates"":0,""validity_table"":{""n00"":0,""n01"":0,""n10"":0,""n11"":24},""workflow_a"":""cpu-mala-quasi_deer@1024"",""workflow_b"":""cpu-nuts-spawn_chains@1024""}"
standard_q1_gt1,end_to_end_workflow,cpu-mala-sequential,cpu-nuts-spawn_chains,1024,analytic,0.0,24,24,"{""n00"":0,""n01"":0,""n10"":0,""n11"":24}",0.0001362312285556686,6.607900823063558e-05,0.00024966169848904084,available,"{""bca_acceleration"":0.052665637085435285,""bca_adjusted_quantiles"":[0.047574804843903536,0.9897846732674507],""bca_bias_percentile"":0.5235523552355236,""bootstrap_expected_tail_counts"":[475.70047363419144,102.14305199876068],""claim_type"":""analytic_mse"",""conditional_mean_loss_difference"":0.0001362312285556686,""conditioning"":""both_workflows_have_valid_estimates"",""confidence_interval"":{""high"":0.00024966169848904084,""low"":6.607900823063558e-05},""confidence_level"":0.95,""direction"":""A_squared_loss_minus_B_squared_loss"",""interval_coverage"":""pointwise_conditional_on_supplied_reference"",""interval_method"":""BCa"",""interval_status"":""available"",""minimum_valid_repetitions"":20,""paired_difference_standard_error"":4.609095366681324e-05,""planned"":24,""reference_eligible"":true,""reference_kind"":""analytic"",""reference_shift_is_confidence_interval"":false,""reference_shift_max"":0.0001362312285556686,""reference_shift_min"":0.0001362312285556686,""resampled_valid_count_range"":[24,24],""resampling_plan_sha256"":""64685d305db092f47d0875a7c1cd0a8757a73733e7b5821a1dd088c1ffc26a89"",""unconditional_mean_loss_difference"":0.0001362312285556686,""undefined_bootstrap_replicates"":0,""validity_table"":{""n00"":0,""n01"":0,""n10"":0,""n11"":24},""workflow_a"":""cpu-mala-sequential@1024"",""workflow_b"":""cpu-nuts-spawn_chains@1024""}"
standard_q1_gt1,end_to_end_workflow,cpu-rwm-online_picard,cpu-nuts-spawn_chains,1024,analytic,0.0,24,24,"{""n00"":0,""n01"":0,""n10"":0,""n11"":24}",0.003167656737017855,0.0017556226323396115,0.007375904003417222,available,"{""bca_acceleration"":0.11915580314184337,""bca_adjusted_quantiles"":[0.08480191191305597,0.9981997263638289],""bca_bias_percentile"":0.5514551455145514,""bootstrap_expected_tail_counts"":[847.9343172186467,18.00093608807462],""claim_type"":""analytic_mse"",""conditional_mean_loss_difference"":0.003167656737017855,""conditioning"":""both_workflows_have_valid_estimates"",""confidence_interval"":{""high"":0.007375904003417222,""low"":0.0017556226323396115},""confidence_level"":0.95,""direction"":""A_squared_loss_minus_B_squared_loss"",""interval_coverage"":""pointwise_conditional_on_supplied_reference"",""interval_method"":""BCa"",""interval_status"":""available"",""minimum_valid_repetitions"":20,""paired_difference_standard_error"":0.00117060124346279,""planned"":24,""reference_eligible"":true,""reference_kind"":""analytic"",""reference_shift_is_confidence_interval"":false,""reference_shift_max"":0.003167656737017855,""reference_shift_min"":0.003167656737017855,""resampled_valid_count_range"":[24,24],""resampling_plan_sha256"":""64685d305db092f47d0875a7c1cd0a8757a73733e7b5821a1dd088c1ffc26a89"",""unconditional_mean_loss_difference"":0.003167656737017855,""undefined_bootstrap_replicates"":0,""validity_table"":{""n00"":0,""n01"":0,""n10"":0,""n11"":24},""workflow_a"":""cpu-rwm-online_picard@1024"",""workflow_b"":""cpu-nuts-spawn_chains@1024""}"
standard_q1_gt1,end_to_end_workflow,cpu-rwm-sequential,cpu-nuts-spawn_chains,1024,analytic,0.0,24,24,"{""n00"":0,""n01"":0,""n10"":0,""n11"":24}",0.003167656737017855,0.0017556226323396115,0.007375904003417222,available,"{""bca_acceleration"":0.11915580314184337,""bca_adjusted_quantiles"":[0.08480191191305597,0.9981997263638289],""bca_bias_percentile"":0.5514551455145514,""bootstrap_expected_tail_counts"":[847.9343172186467,18.00093608807462],""claim_type"":""analytic_mse"",""conditional_mean_loss_difference"":0.003167656737017855,""conditioning"":""both_workflows_have_valid_estimates"",""confidence_interval"":{""high"":0.007375904003417222,""low"":0.0017556226323396115},""confidence_level"":0.95,""direction"":""A_squared_loss_minus_B_squared_loss"",""interval_coverage"":""pointwise_conditional_on_supplied_reference"",""interval_method"":""BCa"",""interval_status"":""available"",""minimum_valid_repetitions"":20,""paired_difference_standard_error"":0.00117060124346279,""planned"":24,""reference_eligible"":true,""reference_kind"":""analytic"",""reference_shift_is_confidence_interval"":false,""reference_shift_max"":0.003167656737017855,""reference_shift_min"":0.003167656737017855,""resampled_valid_count_range"":[24,24],""resampling_plan_sha256"":""64685d305db092f47d0875a7c1cd0a8757a73733e7b5821a1dd088c1ffc26a89"",""unconditional_mean_loss_difference"":0.003167656737017855,""undefined_bootstrap_replicates"":0,""validity_table"":{""n00"":0,""n01"":0,""n10"":0,""n11"":24},""workflow_a"":""cpu-rwm-sequential@1024"",""workflow_b"":""cpu-nuts-spawn_chains@1024""}"
standard_q1_gt1,end_to_end_workflow,cuda-mala-quasi_deer,cpu-nuts-spawn_chains,1024,analytic,0.0,24,24,"{""n00"":0,""n01"":0,""n10"":0,""n11"":24}",0.0001362312285556686,6.607900823063558e-05,0.00024966169848904084,available,"{""bca_acceleration"":0.052665637085435285,""bca_adjusted_quantiles"":[0.047574804843903536,0.9897846732674507],""bca_bias_percentile"":0.5235523552355236,""bootstrap_expected_tail_counts"":[475.70047363419144,102.14305199876068],""claim_type"":""analytic_mse"",""conditional_mean_loss_difference"":0.0001362312285556686,""conditioning"":""both_workflows_have_valid_estimates"",""confidence_interval"":{""high"":0.00024966169848904084,""low"":6.607900823063558e-05},""confidence_level"":0.95,""direction"":""A_squared_loss_minus_B_squared_loss"",""interval_coverage"":""pointwise_conditional_on_supplied_reference"",""interval_method"":""BCa"",""interval_status"":""available"",""minimum_valid_repetitions"":20,""paired_difference_standard_error"":4.609095366681324e-05,""planned"":24,""reference_eligible"":true,""reference_kind"":""analytic"",""reference_shift_is_confidence_interval"":false,""reference_shift_max"":0.0001362312285556686,""reference_shift_min"":0.0001362312285556686,""resampled_valid_count_range"":[24,24],""resampling_plan_sha256"":""64685d305db092f47d0875a7c1cd0a8757a73733e7b5821a1dd088c1ffc26a89"",""unconditional_mean_loss_difference"":0.0001362312285556686,""undefined_bootstrap_replicates"":0,""validity_table"":{""n00"":0,""n01"":0,""n10"":0,""n11"":24},""workflow_a"":""cuda-mala-quasi_deer@1024"",""workflow_b"":""cpu-nuts-spawn_chains@1024""}"
standard_q1_gt1,end_to_end_workflow,cuda-mala-sequential,cpu-nuts-spawn_chains,1024,analytic,0.0,24,24,"{""n00"":0,""n01"":0,""n10"":0,""n11"":24}",0.0001362312285556686,6.607900823063558e-05,0.00024966169848904084,available,"{""bca_acceleration"":0.052665637085435285,""bca_adjusted_quantiles"":[0.047574804843903536,0.9897846732674507],""bca_bias_percentile"":0.5235523552355236,""bootstrap_expected_tail_counts"":[475.70047363419144,102.14305199876068],""claim_type"":""analytic_mse"",""conditional_mean_loss_difference"":0.0001362312285556686,""conditioning"":""both_workflows_have_valid_estimates"",""confidence_interval"":{""high"":0.00024966169848904084,""low"":6.607900823063558e-05},""confidence_level"":0.95,""direction"":""A_squared_loss_minus_B_squared_loss"",""interval_coverage"":""pointwise_conditional_on_supplied_reference"",""interval_method"":""BCa"",""interval_status"":""available"",""minimum_valid_repetitions"":20,""paired_difference_standard_error"":4.609095366681324e-05,""planned"":24,""reference_eligible"":true,""reference_kind"":""analytic"",""reference_shift_is_confidence_interval"":false,""reference_shift_max"":0.0001362312285556686,""reference_shift_min"":0.0001362312285556686,""resampled_valid_count_range"":[24,24],""resampling_plan_sha256"":""64685d305db092f47d0875a7c1cd0a8757a73733e7b5821a1dd088c1ffc26a89"",""unconditional_mean_loss_difference"":0.0001362312285556686,""undefined_bootstrap_replicates"":0,""validity_table"":{""n00"":0,""n01"":0,""n10"":0,""n11"":24},""workflow_a"":""cuda-mala-sequential@1024"",""workflow_b"":""cpu-nuts-spawn_chains@1024""}"
standard_q1_gt1,end_to_end_workflow,cuda-rwm-online_picard,cpu-nuts-spawn_chains,1024,analytic,0.0,24,24,"{""n00"":0,""n01"":0,""n10"":0,""n11"":24}",0.003167656737017855,0.0017556226323396115,0.007375904003417222,available,"{""bca_acceleration"":0.11915580314184337,""bca_adjusted_quantiles"":[0.08480191191305597,0.9981997263638289],""bca_bias_percentile"":0.5514551455145514,""bootstrap_expected_tail_counts"":[847.9343172186467,18.00093608807462],""claim_type"":""analytic_mse"",""conditional_mean_loss_difference"":0.003167656737017855,""conditioning"":""both_workflows_have_valid_estimates"",""confidence_interval"":{""high"":0.007375904003417222,""low"":0.0017556226323396115},""confidence_level"":0.95,""direction"":""A_squared_loss_minus_B_squared_loss"",""interval_coverage"":""pointwise_conditional_on_supplied_reference"",""interval_method"":""BCa"",""interval_status"":""available"",""minimum_valid_repetitions"":20,""paired_difference_standard_error"":0.00117060124346279,""planned"":24,""reference_eligible"":true,""reference_kind"":""analytic"",""reference_shift_is_confidence_interval"":false,""reference_shift_max"":0.003167656737017855,""reference_shift_min"":0.003167656737017855,""resampled_valid_count_range"":[24,24],""resampling_plan_sha256"":""64685d305db092f47d0875a7c1cd0a8757a73733e7b5821a1dd088c1ffc26a89"",""unconditional_mean_loss_difference"":0.003167656737017855,""undefined_bootstrap_replicates"":0,""validity_table"":{""n00"":0,""n01"":0,""n10"":0,""n11"":24},""workflow_a"":""cuda-rwm-online_picard@1024"",""workflow_b"":""cpu-nuts-spawn_chains@1024""}"
standard_q1_gt1,end_to_end_workflow,cuda-rwm-sequential,cpu-nuts-spawn_chains,1024,analytic,0.0,24,24,"{""n00"":0,""n01"":0,""n10"":0,""n11"":24}",0.003167656737017855,0.0017556226323396115,0.007375904003417222,available,"{""bca_acceleration"":0.11915580314184337,""bca_adjusted_quantiles"":[0.08480191191305597,0.9981997263638289],""bca_bias_percentile"":0.5514551455145514,""bootstrap_expected_tail_counts"":[847.9343172186467,18.00093608807462],""claim_type"":""analytic_mse"",""conditional_mean_loss_difference"":0.003167656737017855,""conditioning"":""both_workflows_have_valid_estimates"",""confidence_interval"":{""high"":0.007375904003417222,""low"":0.0017556226323396115},""confidence_level"":0.95,""direction"":""A_squared_loss_minus_B_squared_loss"",""interval_coverage"":""pointwise_conditional_on_supplied_reference"",""interval_method"":""BCa"",""interval_status"":""available"",""minimum_valid_repetitions"":20,""paired_difference_standard_error"":0.00117060124346279,""planned"":24,""reference_eligible"":true,""reference_kind"":""analytic"",""reference_shift_is_confidence_interval"":false,""reference_shift_max"":0.003167656737017855,""reference_shift_min"":0.003167656737017855,""resampled_valid_count_range"":[24,24],""resampling_plan_sha256"":""64685d305db092f47d0875a7c1cd0a8757a73733e7b5821a1dd088c1ffc26a89"",""unconditional_mean_loss_difference"":0.003167656737017855,""undefined_bootstrap_replicates"":0,""validity_table"":{""n00"":0,""n01"":0,""n10"":0,""n11"":24},""workflow_a"":""cuda-rwm-sequential@1024"",""workflow_b"":""cpu-nuts-spawn_chains@1024""}"
standard_q1_gt1,same_kernel_execution,cpu-rwm-sequential,cpu-rwm-online_picard,4096,analytic,0.0,24,24,"{""n00"":0,""n01"":0,""n10"":0,""n11"":24}",0.0,,,degenerate_empirical_loss_or_difference,"{""claim_type"":""analytic_mse"",""conditional_mean_loss_difference"":0.0,""conditioning"":""both_workflows_have_valid_estimates"",""confidence_interval"":null,""confidence_level"":0.95,""direction"":""A_squared_loss_minus_B_squared_loss"",""interval_coverage"":""pointwise_conditional_on_supplied_reference"",""interval_method"":""BCa"",""interval_status"":""degenerate_empirical_loss_or_difference"",""minimum_valid_repetitions"":20,""paired_difference_standard_error"":null,""planned"":24,""reference_eligible"":true,""reference_kind"":""analytic"",""reference_shift_is_confidence_interval"":false,""reference_shift_max"":0.0,""reference_shift_min"":0.0,""resampling_plan_sha256"":""64685d305db092f47d0875a7c1cd0a8757a73733e7b5821a1dd088c1ffc26a89"",""unconditional_mean_loss_difference"":0.0,""validity_table"":{""n00"":0,""n01"":0,""n10"":0,""n11"":24},""workflow_a"":""cpu-rwm-sequential@4096"",""workflow_b"":""cpu-rwm-online_picard@4096""}"
standard_q1_gt1,same_kernel_execution,cpu-mala-sequential,cpu-mala-quasi_deer,4096,analytic,0.0,24,24,"{""n00"":0,""n01"":0,""n10"":0,""n11"":24}",0.0,,,degenerate_empirical_loss_or_difference,"{""claim_type"":""analytic_mse"",""conditional_mean_loss_difference"":0.0,""conditioning"":""both_workflows_have_valid_estimates"",""confidence_interval"":null,""confidence_level"":0.95,""direction"":""A_squared_loss_minus_B_squared_loss"",""interval_coverage"":""pointwise_conditional_on_supplied_reference"",""interval_method"":""BCa"",""interval_status"":""degenerate_empirical_loss_or_difference"",""minimum_valid_repetitions"":20,""paired_difference_standard_error"":null,""planned"":24,""reference_eligible"":true,""reference_kind"":""analytic"",""reference_shift_is_confidence_interval"":false,""reference_shift_max"":0.0,""reference_shift_min"":0.0,""resampling_plan_sha256"":""64685d305db092f47d0875a7c1cd0a8757a73733e7b5821a1dd088c1ffc26a89"",""unconditional_mean_loss_difference"":0.0,""validity_table"":{""n00"":0,""n01"":0,""n10"":0,""n11"":24},""workflow_a"":""cpu-mala-sequential@4096"",""workflow_b"":""cpu-mala-quasi_deer@4096""}"
standard_q1_gt1,same_kernel_execution,cuda-rwm-sequential,cuda-rwm-online_picard,4096,analytic,0.0,24,24,"{""n00"":0,""n01"":0,""n10"":0,""n11"":24}",0.0,,,degenerate_empirical_loss_or_difference,"{""claim_type"":""analytic_mse"",""conditional_mean_loss_difference"":0.0,""conditioning"":""both_workflows_have_valid_estimates"",""confidence_interval"":null,""confidence_level"":0.95,""direction"":""A_squared_loss_minus_B_squared_loss"",""interval_coverage"":""pointwise_conditional_on_supplied_reference"",""interval_method"":""BCa"",""interval_status"":""degenerate_empirical_loss_or_difference"",""minimum_valid_repetitions"":20,""paired_difference_standard_error"":null,""planned"":24,""reference_eligible"":true,""reference_kind"":""analytic"",""reference_shift_is_confidence_interval"":false,""reference_shift_max"":0.0,""reference_shift_min"":0.0,""resampling_plan_sha256"":""64685d305db092f47d0875a7c1cd0a8757a73733e7b5821a1dd088c1ffc26a89"",""unconditional_mean_loss_difference"":0.0,""validity_table"":{""n00"":0,""n01"":0,""n10"":0,""n11"":24},""workflow_a"":""cuda-rwm-sequential@4096"",""workflow_b"":""cuda-rwm-online_picard@4096""}"
standard_q1_gt1,same_kernel_execution,cuda-mala-sequential,cuda-mala-quasi_deer,4096,analytic,0.0,24,24,"{""n00"":0,""n01"":0,""n10"":0,""n11"":24}",0.0,,,degenerate_empirical_loss_or_difference,"{""claim_type"":""analytic_mse"",""conditional_mean_loss_difference"":0.0,""conditioning"":""both_workflows_have_valid_estimates"",""confidence_interval"":null,""confidence_level"":0.95,""direction"":""A_squared_loss_minus_B_squared_loss"",""interval_coverage"":""pointwise_conditional_on_supplied_reference"",""interval_method"":""BCa"",""interval_status"":""degenerate_empirical_loss_or_difference"",""minimum_valid_repetitions"":20,""paired_difference_standard_error"":null,""planned"":24,""reference_eligible"":true,""reference_kind"":""analytic"",""reference_shift_is_confidence_interval"":false,""reference_shift_max"":0.0,""reference_shift_min"":0.0,""resampling_plan_sha256"":""64685d305db092f47d0875a7c1cd0a8757a73733e7b5821a1dd088c1ffc26a89"",""unconditional_mean_loss_difference"":0.0,""validity_table"":{""n00"":0,""n01"":0,""n10"":0,""n11"":24},""workflow_a"":""cuda-mala-sequential@4096"",""workflow_b"":""cuda-mala-quasi_deer@4096""}"
standard_q1_gt1,end_to_end_workflow,cpu-mala-quasi_deer,cpu-nuts-spawn_chains,4096,analytic,0.0,24,24,"{""n00"":0,""n01"":0,""n10"":0,""n11"":24}",2.591228022958802e-05,8.244964443260649e-06,4.6655183375710876e-05,available,"{""bca_acceleration"":0.019663306831131478,""bca_adjusted_quantiles"":[0.0334117253347539,0.982014893484772],""bca_bias_percentile"":0.5112511251125113,""bootstrap_expected_tail_counts"":[334.08384162220426,179.83308004576477],""claim_type"":""analytic_mse"",""conditional_mean_loss_difference"":2.591228022958802e-05,""conditioning"":""both_workflows_have_valid_estimates"",""confidence_interval"":{""high"":4.6655183375710876e-05,""low"":8.244964443260649e-06},""confidence_level"":0.95,""direction"":""A_squared_loss_minus_B_squared_loss"",""interval_coverage"":""pointwise_conditional_on_supplied_reference"",""interval_method"":""BCa"",""interval_status"":""available"",""minimum_valid_repetitions"":20,""paired_difference_standard_error"":9.923627719734288e-06,""planned"":24,""reference_eligible"":true,""reference_kind"":""analytic"",""reference_shift_is_confidence_interval"":false,""reference_shift_max"":2.591228022958802e-05,""reference_shift_min"":2.591228022958802e-05,""resampled_valid_count_range"":[24,24],""resampling_plan_sha256"":""64685d305db092f47d0875a7c1cd0a8757a73733e7b5821a1dd088c1ffc26a89"",""unconditional_mean_loss_difference"":2.591228022958802e-05,""undefined_bootstrap_replicates"":0,""validity_table"":{""n00"":0,""n01"":0,""n10"":0,""n11"":24},""workflow_a"":""cpu-mala-quasi_deer@4096"",""workflow_b"":""cpu-nuts-spawn_chains@4096""}"
standard_q1_gt1,end_to_end_workflow,cpu-mala-sequential,cpu-nuts-spawn_chains,4096,analytic,0.0,24,24,"{""n00"":0,""n01"":0,""n10"":0,""n11"":24}",2.591228022958802e-05,8.244964443260649e-06,4.6655183375710876e-05,available,"{""bca_acceleration"":0.019663306831131478,""bca_adjusted_quantiles"":[0.0334117253347539,0.982014893484772],""bca_bias_percentile"":0.5112511251125113,""bootstrap_expected_tail_counts"":[334.08384162220426,179.83308004576477],""claim_type"":""analytic_mse"",""conditional_mean_loss_difference"":2.591228022958802e-05,""conditioning"":""both_workflows_have_valid_estimates"",""confidence_interval"":{""high"":4.6655183375710876e-05,""low"":8.244964443260649e-06},""confidence_level"":0.95,""direction"":""A_squared_loss_minus_B_squared_loss"",""interval_coverage"":""pointwise_conditional_on_supplied_reference"",""interval_method"":""BCa"",""interval_status"":""available"",""minimum_valid_repetitions"":20,""paired_difference_standard_error"":9.923627719734288e-06,""planned"":24,""reference_eligible"":true,""reference_kind"":""analytic"",""reference_shift_is_confidence_interval"":false,""reference_shift_max"":2.591228022958802e-05,""reference_shift_min"":2.591228022958802e-05,""resampled_valid_count_range"":[24,24],""resampling_plan_sha256"":""64685d305db092f47d0875a7c1cd0a8757a73733e7b5821a1dd088c1ffc26a89"",""unconditional_mean_loss_difference"":2.591228022958802e-05,""undefined_bootstrap_replicates"":0,""validity_table"":{""n00"":0,""n01"":0,""n10"":0,""n11"":24},""workflow_a"":""cpu-mala-sequential@4096"",""workflow_b"":""cpu-nuts-spawn_chains@4096""}"
standard_q1_gt1,end_to_end_workflow,cpu-rwm-online_picard,cpu-nuts-spawn_chains,4096,analytic,0.0,24,24,"{""n00"":0,""n01"":0,""n10"":0,""n11"":24}",0.0009058192677471291,0.00040649007514781074,0.0018690569770377671,available,"{""bca_acceleration"":0.07410484627592988,""bca_adjusted_quantiles"":[0.0557414438446576,0.9929421446124225],""bca_bias_percentile"":0.527052705270527,""bootstrap_expected_tail_counts"":[557.3586970027313,70.5714960203877],""claim_type"":""analytic_mse"",""conditional_mean_loss_difference"":0.0009058192677471291,""conditioning"":""both_workflows_have_valid_estimates"",""confidence_interval"":{""high"":0.0018690569770377671,""low"":0.00040649007514781074},""confidence_level"":0.95,""direction"":""A_squared_loss_minus_B_squared_loss"",""interval_coverage"":""pointwise_conditional_on_supplied_reference"",""interval_method"":""BCa"",""interval_status"":""available"",""minimum_valid_repetitions"":20,""paired_difference_standard_error"":0.0003529407867811384,""planned"":24,""reference_eligible"":true,""reference_kind"":""analytic"",""reference_shift_is_confidence_interval"":false,""reference_shift_max"":0.0009058192677471291,""reference_shift_min"":0.0009058192677471291,""resampled_valid_count_range"":[24,24],""resampling_plan_sha256"":""64685d305db092f47d0875a7c1cd0a8757a73733e7b5821a1dd088c1ffc26a89"",""unconditional_mean_loss_difference"":0.0009058192677471291,""undefined_bootstrap_replicates"":0,""validity_table"":{""n00"":0,""n01"":0,""n10"":0,""n11"":24},""workflow_a"":""cpu-rwm-online_picard@4096"",""workflow_b"":""cpu-nuts-spawn_chains@4096""}"
standard_q1_gt1,end_to_end_workflow,cpu-rwm-sequential,cpu-nuts-spawn_chains,4096,analytic,0.0,24,24,"{""n00"":0,""n01"":0,""n10"":0,""n11"":24}",0.0009058192677471291,0.00040649007514781074,0.0018690569770377671,available,"{""bca_acceleration"":0.07410484627592988,""bca_adjusted_quantiles"":[0.0557414438446576,0.9929421446124225],""bca_bias_percentile"":0.527052705270527,""bootstrap_expected_tail_counts"":[557.3586970027313,70.5714960203877],""claim_type"":""analytic_mse"",""conditional_mean_loss_difference"":0.0009058192677471291,""conditioning"":""both_workflows_have_valid_estimates"",""confidence_interval"":{""high"":0.0018690569770377671,""low"":0.00040649007514781074},""confidence_level"":0.95,""direction"":""A_squared_loss_minus_B_squared_loss"",""interval_coverage"":""pointwise_conditional_on_supplied_reference"",""interval_method"":""BCa"",""interval_status"":""available"",""minimum_valid_repetitions"":20,""paired_difference_standard_error"":0.0003529407867811384,""planned"":24,""reference_eligible"":true,""reference_kind"":""analytic"",""reference_shift_is_confidence_interval"":false,""reference_shift_max"":0.0009058192677471291,""reference_shift_min"":0.0009058192677471291,""resampled_valid_count_range"":[24,24],""resampling_plan_sha256"":""64685d305db092f47d0875a7c1cd0a8757a73733e7b5821a1dd088c1ffc26a89"",""unconditional_mean_loss_difference"":0.0009058192677471291,""undefined_bootstrap_replicates"":0,""validity_table"":{""n00"":0,""n01"":0,""n10"":0,""n11"":24},""workflow_a"":""cpu-rwm-sequential@4096"",""workflow_b"":""cpu-nuts-spawn_chains@4096""}"
standard_q1_gt1,end_to_end_workflow,cuda-mala-quasi_deer,cpu-nuts-spawn_chains,4096,analytic,0.0,24,24,"{""n00"":0,""n01"":0,""n10"":0,""n11"":24}",2.591228022958802e-05,8.244964443260649e-06,4.6655183375710876e-05,available,"{""bca_acceleration"":0.019663306831131478,""bca_adjusted_quantiles"":[0.0334117253347539,0.982014893484772],""bca_bias_percentile"":0.5112511251125113,""bootstrap_expected_tail_counts"":[334.08384162220426,179.83308004576477],""claim_type"":""analytic_mse"",""conditional_mean_loss_difference"":2.591228022958802e-05,""conditioning"":""both_workflows_have_valid_estimates"",""confidence_interval"":{""high"":4.6655183375710876e-05,""low"":8.244964443260649e-06},""confidence_level"":0.95,""direction"":""A_squared_loss_minus_B_squared_loss"",""interval_coverage"":""pointwise_conditional_on_supplied_reference"",""interval_method"":""BCa"",""interval_status"":""available"",""minimum_valid_repetitions"":20,""paired_difference_standard_error"":9.923627719734288e-06,""planned"":24,""reference_eligible"":true,""reference_kind"":""analytic"",""reference_shift_is_confidence_interval"":false,""reference_shift_max"":2.591228022958802e-05,""reference_shift_min"":2.591228022958802e-05,""resampled_valid_count_range"":[24,24],""resampling_plan_sha256"":""64685d305db092f47d0875a7c1cd0a8757a73733e7b5821a1dd088c1ffc26a89"",""unconditional_mean_loss_difference"":2.591228022958802e-05,""undefined_bootstrap_replicates"":0,""validity_table"":{""n00"":0,""n01"":0,""n10"":0,""n11"":24},""workflow_a"":""cuda-mala-quasi_deer@4096"",""workflow_b"":""cpu-nuts-spawn_chains@4096""}"
standard_q1_gt1,end_to_end_workflow,cuda-mala-sequential,cpu-nuts-spawn_chains,4096,analytic,0.0,24,24,"{""n00"":0,""n01"":0,""n10"":0,""n11"":24}",2.591228022958802e-05,8.244964443260649e-06,4.6655183375710876e-05,available,"{""bca_acceleration"":0.019663306831131478,""bca_adjusted_quantiles"":[0.0334117253347539,0.982014893484772],""bca_bias_percentile"":0.5112511251125113,""bootstrap_expected_tail_counts"":[334.08384162220426,179.83308004576477],""claim_type"":""analytic_mse"",""conditional_mean_loss_difference"":2.591228022958802e-05,""conditioning"":""both_workflows_have_valid_estimates"",""confidence_interval"":{""high"":4.6655183375710876e-05,""low"":8.244964443260649e-06},""confidence_level"":0.95,""direction"":""A_squared_loss_minus_B_squared_loss"",""interval_coverage"":""pointwise_conditional_on_supplied_reference"",""interval_method"":""BCa"",""interval_status"":""available"",""minimum_valid_repetitions"":20,""paired_difference_standard_error"":9.923627719734288e-06,""planned"":24,""reference_eligible"":true,""reference_kind"":""analytic"",""reference_shift_is_confidence_interval"":false,""reference_shift_max"":2.591228022958802e-05,""reference_shift_min"":2.591228022958802e-05,""resampled_valid_count_range"":[24,24],""resampling_plan_sha256"":""64685d305db092f47d0875a7c1cd0a8757a73733e7b5821a1dd088c1ffc26a89"",""unconditional_mean_loss_difference"":2.591228022958802e-05,""undefined_bootstrap_replicates"":0,""validity_table"":{""n00"":0,""n01"":0,""n10"":0,""n11"":24},""workflow_a"":""cuda-mala-sequential@4096"",""workflow_b"":""cpu-nuts-spawn_chains@4096""}"
standard_q1_gt1,end_to_end_workflow,cuda-rwm-online_picard,cpu-nuts-spawn_chains,4096,analytic,0.0,24,24,"{""n00"":0,""n01"":0,""n10"":0,""n11"":24}",0.0009058192677471291,0.00040649007514781074,0.0018690569770377671,available,"{""bca_acceleration"":0.07410484627592988,""bca_adjusted_quantiles"":[0.0557414438446576,0.9929421446124225],""bca_bias_percentile"":0.527052705270527,""bootstrap_expected_tail_counts"":[557.3586970027313,70.5714960203877],""claim_type"":""analytic_mse"",""conditional_mean_loss_difference"":0.0009058192677471291,""conditioning"":""both_workflows_have_valid_estimates"",""confidence_interval"":{""high"":0.0018690569770377671,""low"":0.00040649007514781074},""confidence_level"":0.95,""direction"":""A_squared_loss_minus_B_squared_loss"",""interval_coverage"":""pointwise_conditional_on_supplied_reference"",""interval_method"":""BCa"",""interval_status"":""available"",""minimum_valid_repetitions"":20,""paired_difference_standard_error"":0.0003529407867811384,""planned"":24,""reference_eligible"":true,""reference_kind"":""analytic"",""reference_shift_is_confidence_interval"":false,""reference_shift_max"":0.0009058192677471291,""reference_shift_min"":0.0009058192677471291,""resampled_valid_count_range"":[24,24],""resampling_plan_sha256"":""64685d305db092f47d0875a7c1cd0a8757a73733e7b5821a1dd088c1ffc26a89"",""unconditional_mean_loss_difference"":0.0009058192677471291,""undefined_bootstrap_replicates"":0,""validity_table"":{""n00"":0,""n01"":0,""n10"":0,""n11"":24},""workflow_a"":""cuda-rwm-online_picard@4096"",""workflow_b"":""cpu-nuts-spawn_chains@4096""}"
standard_q1_gt1,end_to_end_workflow,cuda-rwm-sequential,cpu-nuts-spawn_chains,4096,analytic,0.0,24,24,"{""n00"":0,""n01"":0,""n10"":0,""n11"":24}",0.0009058192677471291,0.00040649007514781074,0.0018690569770377671,available,"{""bca_acceleration"":0.07410484627592988,""bca_adjusted_quantiles"":[0.0557414438446576,0.9929421446124225],""bca_bias_percentile"":0.527052705270527,""bootstrap_expected_tail_counts"":[557.3586970027313,70.5714960203877],""claim_type"":""analytic_mse"",""conditional_mean_loss_difference"":0.0009058192677471291,""conditioning"":""both_workflows_have_valid_estimates"",""confidence_interval"":{""high"":0.0018690569770377671,""low"":0.00040649007514781074},""confidence_level"":0.95,""direction"":""A_squared_loss_minus_B_squared_loss"",""interval_coverage"":""pointwise_conditional_on_supplied_reference"",""interval_method"":""BCa"",""interval_status"":""available"",""minimum_valid_repetitions"":20,""paired_difference_standard_error"":0.0003529407867811384,""planned"":24,""reference_eligible"":true,""reference_kind"":""analytic"",""reference_shift_is_confidence_interval"":false,""reference_shift_max"":0.0009058192677471291,""reference_shift_min"":0.0009058192677471291,""resampled_valid_count_range"":[24,24],""resampling_plan_sha256"":""64685d305db092f47d0875a7c1cd0a8757a73733e7b5821a1dd088c1ffc26a89"",""unconditional_mean_loss_difference"":0.0009058192677471291,""undefined_bootstrap_replicates"":0,""validity_table"":{""n00"":0,""n01"":0,""n10"":0,""n11"":24},""workflow_a"":""cuda-rwm-sequential@4096"",""workflow_b"":""cpu-nuts-spawn_chains@4096""}"
