function,workflow,budget,phase,planned,available,reference_kind,reference_value,reference_mcse,point,low,high,interval_status,mean_seconds,cost_low,cost_high,cost_interval_status,plot_point,error_record,cost_record
standard_q1,cpu-mala-quasi_deer,1024,ordinary_workflow,24,24,analytic,0.0,0.0,3.316432195858183e-05,2.0823183067324514e-05,6.124355780832614e-05,available,12.012510754165078,11.705538106475478,12.368613895541275,available,True,"{""bca_acceleration"":0.08966724796386781,""bca_adjusted_quantiles"":[0.0661738067689051,0.9954870259382153],""bca_bias_percentile"":0.5373537353735374,""bootstrap_expected_tail_counts"":[661.671893882282,45.125227643785685],""claim_type"":""analytic_mse"",""conditional_squared_discrepancy"":3.316432195858183e-05,""confidence_interval"":{""high"":6.124355780832614e-05,""low"":2.0823183067324514e-05},""confidence_level"":0.95,""failed_or_unavailable"":0,""interval_coverage"":""pointwise_conditional_on_supplied_reference"",""interval_method"":""BCa"",""interval_status"":""available"",""minimum_valid_repetitions"":20,""observed_estimate_mean"":-0.0006075782815237545,""planned"":24,""reference_eligible"":true,""reference_kind"":""analytic"",""reference_mcse"":0.0,""reference_shift_is_confidence_interval"":false,""reference_shift_max"":3.316432195858183e-05,""reference_shift_min"":3.316432195858183e-05,""resampled_valid_count_range"":[24,24],""resampling_plan_sha256"":""5f98d320079a8eabc798d4467116f7812aebb060206306373edde009c5a7e360"",""squared_discrepancy_standard_error"":9.087352741189474e-06,""supplied_reference_value"":0.0,""unconditional_squared_discrepancy"":3.316432195858183e-05,""undefined_bootstrap_replicates"":0,""valid"":24}","{""available_functions_missing_cost"":0,""conditioning"":""same finite function estimates as conditional error; all such costs must be complete"",""confidence_interval"":{""high"":12.368613895541275,""low"":11.705538106475478},""function_available"":24,""interval_diagnostics"":{""bca_acceleration"":0.01184189362613055,""bca_adjusted_quantiles"":[0.029263343383085835,0.9788947545083736],""bca_bias_percentile"":0.5048504850485048,""bootstrap_expected_tail_counts"":[292.60417048747524,211.03134967077239],""minimum_valid_repetitions"":20,""resampled_valid_count_range"":[24,24],""resampling_plan_sha256"":""5f98d320079a8eabc798d4467116f7812aebb060206306373edde009c5a7e360"",""undefined_bootstrap_replicates"":0},""interval_status"":""available"",""mean_seconds"":12.012510754165078,""output_outcome_counts"":{""infrastructure_interruption"":0,""measurement_available"":0,""not_run"":0,""numerical_failure"":0,""output_failure_unclassified"":0,""resource_failure"":0,""valid"":24},""planned"":24,""plot_error_cost_point"":true,""reference_kind"":""analytic""}"
standard_q1,cpu-mala-quasi_deer,1024,research_execution,24,24,analytic,0.0,0.0,3.316432195858183e-05,2.0823183067324514e-05,6.124355780832614e-05,available,15.149383833334847,14.829954247808592,15.521404169214478,available,True,"{""bca_acceleration"":0.08966724796386781,""bca_adjusted_quantiles"":[0.0661738067689051,0.9954870259382153],""bca_bias_percentile"":0.5373537353735374,""bootstrap_expected_tail_counts"":[661.671893882282,45.125227643785685],""claim_type"":""analytic_mse"",""conditional_squared_discrepancy"":3.316432195858183e-05,""confidence_interval"":{""high"":6.124355780832614e-05,""low"":2.0823183067324514e-05},""confidence_level"":0.95,""failed_or_unavailable"":0,""interval_coverage"":""pointwise_conditional_on_supplied_reference"",""interval_method"":""BCa"",""interval_status"":""available"",""minimum_valid_repetitions"":20,""observed_estimate_mean"":-0.0006075782815237545,""planned"":24,""reference_eligible"":true,""reference_kind"":""analytic"",""reference_mcse"":0.0,""reference_shift_is_confidence_interval"":false,""reference_shift_max"":3.316432195858183e-05,""reference_shift_min"":3.316432195858183e-05,""resampled_valid_count_range"":[24,24],""resampling_plan_sha256"":""5f98d320079a8eabc798d4467116f7812aebb060206306373edde009c5a7e360"",""squared_discrepancy_standard_error"":9.087352741189474e-06,""supplied_reference_value"":0.0,""unconditional_squared_discrepancy"":3.316432195858183e-05,""undefined_bootstrap_replicates"":0,""valid"":24}","{""available_functions_missing_cost"":0,""conditioning"":""same finite function estimates as conditional error; all such costs must be complete"",""confidence_interval"":{""high"":15.521404169214478,""low"":14.829954247808592},""function_available"":24,""interval_diagnostics"":{""bca_acceleration"":0.011706103384242083,""bca_adjusted_quantiles"":[0.029427011995212027,0.9790224803648339],""bca_bias_percentile"":0.5054505450545055,""bootstrap_expected_tail_counts"":[294.24069294012503,209.75421883202625],""minimum_valid_repetitions"":20,""resampled_valid_count_range"":[24,24],""resampling_plan_sha256"":""5f98d320079a8eabc798d4467116f7812aebb060206306373edde009c5a7e360"",""undefined_bootstrap_replicates"":0},""interval_status"":""available"",""mean_seconds"":15.149383833334847,""output_outcome_counts"":{""infrastructure_interruption"":0,""measurement_available"":0,""not_run"":0,""numerical_failure"":0,""output_failure_unclassified"":0,""resource_failure"":0,""valid"":24},""planned"":24,""plot_error_cost_point"":true,""reference_kind"":""analytic""}"
standard_q1,cpu-mala-quasi_deer,4096,ordinary_workflow,24,24,analytic,0.0,0.0,9.067053445976265e-06,5.59090251745234e-06,1.4543271182356025e-05,available,29.98019939583192,29.003101966367943,31.142571547007332,available,True,"{""bca_acceleration"":0.05163446127403024,""bca_adjusted_quantiles"":[0.04342034498752456,0.9881979976971739],""bca_bias_percentile"":0.5147514751475147,""bootstrap_expected_tail_counts"":[434.1600295302581,118.00822102595849],""claim_type"":""analytic_mse"",""conditional_squared_discrepancy"":9.067053445976265e-06,""confidence_interval"":{""high"":1.4543271182356025e-05,""low"":5.59090251745234e-06},""confidence_level"":0.95,""failed_or_unavailable"":0,""interval_coverage"":""pointwise_conditional_on_supplied_reference"",""interval_method"":""BCa"",""interval_status"":""available"",""minimum_valid_repetitions"":20,""observed_estimate_mean"":-0.0003844546031275516,""planned"":24,""reference_eligible"":true,""reference_kind"":""analytic"",""reference_mcse"":0.0,""reference_shift_is_confidence_interval"":false,""reference_shift_max"":9.067053445976265e-06,""reference_shift_min"":9.067053445976265e-06,""resampled_valid_count_range"":[24,24],""resampling_plan_sha256"":""5f98d320079a8eabc798d4467116f7812aebb060206306373edde009c5a7e360"",""squared_discrepancy_standard_error"":2.247939065977573e-06,""supplied_reference_value"":0.0,""unconditional_squared_discrepancy"":9.067053445976265e-06,""undefined_bootstrap_replicates"":0,""valid"":24}","{""available_functions_missing_cost"":0,""conditioning"":""same finite function estimates as conditional error; all such costs must be complete"",""confidence_interval"":{""high"":31.142571547007332,""low"":29.003101966367943},""function_available"":24,""interval_diagnostics"":{""bca_acceleration"":0.016738589593096414,""bca_adjusted_quantiles"":[0.03171479707688499,0.9808114375344922],""bca_bias_percentile"":0.5085508550855086,""bootstrap_expected_tail_counts"":[317.116255971773,191.86643609261267],""minimum_valid_repetitions"":20,""resampled_valid_count_range"":[24,24],""resampling_plan_sha256"":""5f98d320079a8eabc798d4467116f7812aebb060206306373edde009c5a7e360"",""undefined_bootstrap_replicates"":0},""interval_status"":""available"",""mean_seconds"":29.98019939583192,""output_outcome_counts"":{""infrastructure_interruption"":0,""measurement_available"":0,""not_run"":0,""numerical_failure"":0,""output_failure_unclassified"":0,""resource_failure"":0,""valid"":24},""planned"":24,""plot_error_cost_point"":true,""reference_kind"":""analytic""}"
standard_q1,cpu-mala-quasi_deer,4096,research_execution,24,24,analytic,0.0,0.0,9.067053445976265e-06,5.59090251745234e-06,1.4543271182356025e-05,available,35.160398279161235,34.107095734732646,36.346567089081006,available,True,"{""bca_acceleration"":0.05163446127403024,""bca_adjusted_quantiles"":[0.04342034498752456,0.9881979976971739],""bca_bias_percentile"":0.5147514751475147,""bootstrap_expected_tail_counts"":[434.1600295302581,118.00822102595849],""claim_type"":""analytic_mse"",""conditional_squared_discrepancy"":9.067053445976265e-06,""confidence_interval"":{""high"":1.4543271182356025e-05,""low"":5.59090251745234e-06},""confidence_level"":0.95,""failed_or_unavailable"":0,""interval_coverage"":""pointwise_conditional_on_supplied_reference"",""interval_method"":""BCa"",""interval_status"":""available"",""minimum_valid_repetitions"":20,""observed_estimate_mean"":-0.0003844546031275516,""planned"":24,""reference_eligible"":true,""reference_kind"":""analytic"",""reference_mcse"":0.0,""reference_shift_is_confidence_interval"":false,""reference_shift_max"":9.067053445976265e-06,""reference_shift_min"":9.067053445976265e-06,""resampled_valid_count_range"":[24,24],""resampling_plan_sha256"":""5f98d320079a8eabc798d4467116f7812aebb060206306373edde009c5a7e360"",""squared_discrepancy_standard_error"":2.247939065977573e-06,""supplied_reference_value"":0.0,""unconditional_squared_discrepancy"":9.067053445976265e-06,""undefined_bootstrap_replicates"":0,""valid"":24}","{""available_functions_missing_cost"":0,""conditioning"":""same finite function estimates as conditional error; all such costs must be complete"",""confidence_interval"":{""high"":36.346567089081006,""low"":34.107095734732646},""function_available"":24,""interval_diagnostics"":{""bca_acceleration"":0.01239310792263986,""bca_adjusted_quantiles"":[0.029200585888477522,0.9788524217913315],""bca_bias_percentile"":0.5042504250425043,""bootstrap_expected_tail_counts"":[291.9766582988867,211.4546345084766],""minimum_valid_repetitions"":20,""resampled_valid_count_range"":[24,24],""resampling_plan_sha256"":""5f98d320079a8eabc798d4467116f7812aebb060206306373edde009c5a7e360"",""undefined_bootstrap_replicates"":0},""interval_status"":""available"",""mean_seconds"":35.160398279161235,""output_outcome_counts"":{""infrastructure_interruption"":0,""measurement_available"":0,""not_run"":0,""numerical_failure"":0,""output_failure_unclassified"":0,""resource_failure"":0,""valid"":24},""planned"":24,""plot_error_cost_point"":true,""reference_kind"":""analytic""}"
standard_q1,cpu-mala-sequential,1024,ordinary_workflow,24,24,analytic,0.0,0.0,3.316432195853014e-05,2.082318306708845e-05,6.124355780804228e-05,available,4.271905704169892,4.2573279497983805,4.28780802750987,available,True,"{""bca_acceleration"":0.08966724796298725,""bca_adjusted_quantiles"":[0.06617380676861583,0.9954870259381416],""bca_bias_percentile"":0.5373537353735374,""bootstrap_expected_tail_counts"":[661.6718938793896,45.125227644521686],""claim_type"":""analytic_mse"",""conditional_squared_discrepancy"":3.316432195853014e-05,""confidence_interval"":{""high"":6.124355780804228e-05,""low"":2.082318306708845e-05},""confidence_level"":0.95,""failed_or_unavailable"":0,""interval_coverage"":""pointwise_conditional_on_supplied_reference"",""interval_method"":""BCa"",""interval_status"":""available"",""minimum_valid_repetitions"":20,""observed_estimate_mean"":-0.0006075782815365298,""planned"":24,""reference_eligible"":true,""reference_kind"":""analytic"",""reference_mcse"":0.0,""reference_shift_is_confidence_interval"":false,""reference_shift_max"":3.316432195853014e-05,""reference_shift_min"":3.316432195853014e-05,""resampled_valid_count_range"":[24,24],""resampling_plan_sha256"":""5f98d320079a8eabc798d4467116f7812aebb060206306373edde009c5a7e360"",""squared_discrepancy_standard_error"":9.087352741136782e-06,""supplied_reference_value"":0.0,""unconditional_squared_discrepancy"":3.316432195853014e-05,""undefined_bootstrap_replicates"":0,""valid"":24}","{""available_functions_missing_cost"":0,""conditioning"":""same finite function estimates as conditional error; all such costs must be complete"",""confidence_interval"":{""high"":4.28780802750987,""low"":4.2573279497983805},""function_available"":24,""interval_diagnostics"":{""bca_acceleration"":0.005491786298724605,""bca_adjusted_quantiles"":[0.028062088738505186,0.9778342952237263],""bca_bias_percentile"":0.5058505850585059,""bootstrap_expected_tail_counts"":[280.5928252963134,221.63488205796037],""minimum_valid_repetitions"":20,""resampled_valid_count_range"":[24,24],""resampling_plan_sha256"":""5f98d320079a8eabc798d4467116f7812aebb060206306373edde009c5a7e360"",""undefined_bootstrap_replicates"":0},""interval_status"":""available"",""mean_seconds"":4.271905704169892,""output_outcome_counts"":{""infrastructure_interruption"":0,""measurement_available"":0,""not_run"":0,""numerical_failure"":0,""output_failure_unclassified"":0,""resource_failure"":0,""valid"":24},""planned"":24,""plot_error_cost_point"":true,""reference_kind"":""analytic""}"
standard_q1,cpu-mala-sequential,1024,research_execution,24,24,analytic,0.0,0.0,3.316432195853014e-05,2.082318306708845e-05,6.124355780804228e-05,available,7.385530429165745,7.34633967107747,7.434073500711605,available,True,"{""bca_acceleration"":0.08966724796298725,""bca_adjusted_quantiles"":[0.06617380676861583,0.9954870259381416],""bca_bias_percentile"":0.5373537353735374,""bootstrap_expected_tail_counts"":[661.6718938793896,45.125227644521686],""claim_type"":""analytic_mse"",""conditional_squared_discrepancy"":3.316432195853014e-05,""confidence_interval"":{""high"":6.124355780804228e-05,""low"":2.082318306708845e-05},""confidence_level"":0.95,""failed_or_unavailable"":0,""interval_coverage"":""pointwise_conditional_on_supplied_reference"",""interval_method"":""BCa"",""interval_status"":""available"",""minimum_valid_repetitions"":20,""observed_estimate_mean"":-0.0006075782815365298,""planned"":24,""reference_eligible"":true,""reference_kind"":""analytic"",""reference_mcse"":0.0,""reference_shift_is_confidence_interval"":false,""reference_shift_max"":3.316432195853014e-05,""reference_shift_min"":3.316432195853014e-05,""resampled_valid_count_range"":[24,24],""resampling_plan_sha256"":""5f98d320079a8eabc798d4467116f7812aebb060206306373edde009c5a7e360"",""squared_discrepancy_standard_error"":9.087352741136782e-06,""supplied_reference_value"":0.0,""unconditional_squared_discrepancy"":3.316432195853014e-05,""undefined_bootstrap_replicates"":0,""valid"":24}","{""available_functions_missing_cost"":0,""conditioning"":""same finite function estimates as conditional error; all such costs must be complete"",""confidence_interval"":{""high"":7.434073500711605,""low"":7.34633967107747},""function_available"":24,""interval_diagnostics"":{""bca_acceleration"":0.02509752095141816,""bca_adjusted_quantiles"":[0.03358714111184752,0.9822594111482384],""bca_bias_percentile"":0.5078507850785079,""bootstrap_expected_tail_counts"":[335.8378239773633,177.38814792876374],""minimum_valid_repetitions"":20,""resampled_valid_count_range"":[24,24],""resampling_plan_sha256"":""5f98d320079a8eabc798d4467116f7812aebb060206306373edde009c5a7e360"",""undefined_bootstrap_replicates"":0},""interval_status"":""available"",""mean_seconds"":7.385530429165745,""output_outcome_counts"":{""infrastructure_interruption"":0,""measurement_available"":0,""not_run"":0,""numerical_failure"":0,""output_failure_unclassified"":0,""resource_failure"":0,""valid"":24},""planned"":24,""plot_error_cost_point"":true,""reference_kind"":""analytic""}"
standard_q1,cpu-mala-sequential,4096,ordinary_workflow,24,24,analytic,0.0,0.0,9.06705344595248e-06,5.590902517433498e-06,1.4543271182400437e-05,available,7.043223116665445,7.008773689765648,7.085454421163676,available,True,"{""bca_acceleration"":0.051634461274673644,""bca_adjusted_quantiles"":[0.043420344987705875,0.9881979976972721],""bca_bias_percentile"":0.5147514751475147,""bootstrap_expected_tail_counts"":[434.16002953207106,118.00822102497604],""claim_type"":""analytic_mse"",""conditional_squared_discrepancy"":9.06705344595248e-06,""confidence_interval"":{""high"":1.4543271182400437e-05,""low"":5.590902517433498e-06},""confidence_level"":0.95,""failed_or_unavailable"":0,""interval_coverage"":""pointwise_conditional_on_supplied_reference"",""interval_method"":""BCa"",""interval_status"":""available"",""minimum_valid_repetitions"":20,""observed_estimate_mean"":-0.0003844546031342729,""planned"":24,""reference_eligible"":true,""reference_kind"":""analytic"",""reference_mcse"":0.0,""reference_shift_is_confidence_interval"":false,""reference_shift_max"":9.06705344595248e-06,""reference_shift_min"":9.06705344595248e-06,""resampled_valid_count_range"":[24,24],""resampling_plan_sha256"":""5f98d320079a8eabc798d4467116f7812aebb060206306373edde009c5a7e360"",""squared_discrepancy_standard_error"":2.247939065989133e-06,""supplied_reference_value"":0.0,""unconditional_squared_discrepancy"":9.06705344595248e-06,""undefined_bootstrap_replicates"":0,""valid"":24}","{""available_functions_missing_cost"":0,""conditioning"":""same finite function estimates as conditional error; all such costs must be complete"",""confidence_interval"":{""high"":7.085454421163676,""low"":7.008773689765648},""function_available"":24,""interval_diagnostics"":{""bca_acceleration"":0.019652169255161264,""bca_adjusted_quantiles"":[0.03532314206728642,0.9831812198808213],""bca_bias_percentile"":0.5164516451645165,""bootstrap_expected_tail_counts"":[353.1960975307969,168.17098241166784],""minimum_valid_repetitions"":20,""resampled_valid_count_range"":[24,24],""resampling_plan_sha256"":""5f98d320079a8eabc798d4467116f7812aebb060206306373edde009c5a7e360"",""undefined_bootstrap_replicates"":0},""interval_status"":""available"",""mean_seconds"":7.043223116665445,""output_outcome_counts"":{""infrastructure_interruption"":0,""measurement_available"":0,""not_run"":0,""numerical_failure"":0,""output_failure_unclassified"":0,""resource_failure"":0,""valid"":24},""planned"":24,""plot_error_cost_point"":true,""reference_kind"":""analytic""}"
standard_q1,cpu-mala-sequential,4096,research_execution,24,24,analytic,0.0,0.0,9.06705344595248e-06,5.590902517433498e-06,1.4543271182400437e-05,available,12.106786383336006,12.0379028949015,12.18535709067041,available,True,"{""bca_acceleration"":0.051634461274673644,""bca_adjusted_quantiles"":[0.043420344987705875,0.9881979976972721],""bca_bias_percentile"":0.5147514751475147,""bootstrap_expected_tail_counts"":[434.16002953207106,118.00822102497604],""claim_type"":""analytic_mse"",""conditional_squared_discrepancy"":9.06705344595248e-06,""confidence_interval"":{""high"":1.4543271182400437e-05,""low"":5.590902517433498e-06},""confidence_level"":0.95,""failed_or_unavailable"":0,""interval_coverage"":""pointwise_conditional_on_supplied_reference"",""interval_method"":""BCa"",""interval_status"":""available"",""minimum_valid_repetitions"":20,""observed_estimate_mean"":-0.0003844546031342729,""planned"":24,""reference_eligible"":true,""reference_kind"":""analytic"",""reference_mcse"":0.0,""reference_shift_is_confidence_interval"":false,""reference_shift_max"":9.06705344595248e-06,""reference_shift_min"":9.06705344595248e-06,""resampled_valid_count_range"":[24,24],""resampling_plan_sha256"":""5f98d320079a8eabc798d4467116f7812aebb060206306373edde009c5a7e360"",""squared_discrepancy_standard_error"":2.247939065989133e-06,""supplied_reference_value"":0.0,""unconditional_squared_discrepancy"":9.06705344595248e-06,""undefined_bootstrap_replicates"":0,""valid"":24}","{""available_functions_missing_cost"":0,""conditioning"":""same finite function estimates as conditional error; all such costs must be complete"",""confidence_interval"":{""high"":12.18535709067041,""low"":12.0379028949015},""function_available"":24,""interval_diagnostics"":{""bca_acceleration"":0.011500284396523073,""bca_adjusted_quantiles"":[0.0318899291010545,0.9808259459106271],""bca_bias_percentile"":0.5128512851285129,""bootstrap_expected_tail_counts"":[318.867401081444,191.72136683963956],""minimum_valid_repetitions"":20,""resampled_valid_count_range"":[24,24],""resampling_plan_sha256"":""5f98d320079a8eabc798d4467116f7812aebb060206306373edde009c5a7e360"",""undefined_bootstrap_replicates"":0},""interval_status"":""available"",""mean_seconds"":12.106786383336006,""output_outcome_counts"":{""infrastructure_interruption"":0,""measurement_available"":0,""not_run"":0,""numerical_failure"":0,""output_failure_unclassified"":0,""resource_failure"":0,""valid"":24},""planned"":24,""plot_error_cost_point"":true,""reference_kind"":""analytic""}"
standard_q1,cpu-nuts-spawn_chains,1024,ordinary_workflow,24,24,analytic,0.0,0.0,0.00218394479610235,4.689178659364297e-06,0.01307596148725897,available,8.209431495836384,7.994108680136774,8.453389088360895,available,True,"{""bca_acceleration"":0.15606355218329737,""bca_adjusted_quantiles"":[0.10765353257560023,0.9995817730111496],""bca_bias_percentile"":0.5650565056505651,""bootstrap_expected_tail_counts"":[1076.4276722234267,4.181851661515269],""claim_type"":""analytic_mse"",""conditional_squared_discrepancy"":0.00218394479610235,""confidence_interval"":{""high"":0.01307596148725897,""low"":4.689178659364297e-06},""confidence_level"":0.95,""failed_or_unavailable"":0,""interval_coverage"":""pointwise_conditional_on_supplied_reference"",""interval_method"":""BCa"",""interval_status"":""available"",""minimum_valid_repetitions"":20,""observed_estimate_mean"":0.009244736850609097,""planned"":24,""reference_eligible"":true,""reference_kind"":""analytic"",""reference_mcse"":0.0,""reference_shift_is_confidence_interval"":false,""reference_shift_max"":0.00218394479610235,""reference_shift_min"":0.00218394479610235,""resampled_valid_count_range"":[24,24],""resampling_plan_sha256"":""5f98d320079a8eabc798d4467116f7812aebb060206306373edde009c5a7e360"",""squared_discrepancy_standard_error"":0.0021783472587548133,""supplied_reference_value"":0.0,""unconditional_squared_discrepancy"":0.00218394479610235,""undefined_bootstrap_replicates"":0,""valid"":24}","{""available_functions_missing_cost"":0,""conditioning"":""same finite function estimates as conditional error; all such costs must be complete"",""confidence_interval"":{""high"":8.453389088360895,""low"":7.994108680136774},""function_available"":24,""interval_diagnostics"":{""bca_acceleration"":0.01319446306879513,""bca_adjusted_quantiles"":[0.030121061178817077,0.9795828889141701],""bca_bias_percentile"":0.5064506450645064,""bootstrap_expected_tail_counts"":[301.18049072699193,204.15069374721304],""minimum_valid_repetitions"":20,""resampled_valid_count_range"":[24,24],""resampling_plan_sha256"":""5f98d320079a8eabc798d4467116f7812aebb060206306373edde009c5a7e360"",""undefined_bootstrap_replicates"":0},""interval_status"":""available"",""mean_seconds"":8.209431495836384,""output_outcome_counts"":{""infrastructure_interruption"":0,""measurement_available"":0,""not_run"":0,""numerical_failure"":0,""output_failure_unclassified"":0,""resource_failure"":0,""valid"":24},""planned"":24,""plot_error_cost_point"":true,""reference_kind"":""analytic""}"
standard_q1,cpu-nuts-spawn_chains,1024,research_execution,24,24,analytic,0.0,0.0,0.00218394479610235,4.689178659364297e-06,0.01307596148725897,available,10.37508994166645,10.135743285356773,10.641769134395885,available,True,"{""bca_acceleration"":0.15606355218329737,""bca_adjusted_quantiles"":[0.10765353257560023,0.9995817730111496],""bca_bias_percentile"":0.5650565056505651,""bootstrap_expected_tail_counts"":[1076.4276722234267,4.181851661515269],""claim_type"":""analytic_mse"",""conditional_squared_discrepancy"":0.00218394479610235,""confidence_interval"":{""high"":0.01307596148725897,""low"":4.689178659364297e-06},""confidence_level"":0.95,""failed_or_unavailable"":0,""interval_coverage"":""pointwise_conditional_on_supplied_reference"",""interval_method"":""BCa"",""interval_status"":""available"",""minimum_valid_repetitions"":20,""observed_estimate_mean"":0.009244736850609097,""planned"":24,""reference_eligible"":true,""reference_kind"":""analytic"",""reference_mcse"":0.0,""reference_shift_is_confidence_interval"":false,""reference_shift_max"":0.00218394479610235,""reference_shift_min"":0.00218394479610235,""resampled_valid_count_range"":[24,24],""resampling_plan_sha256"":""5f98d320079a8eabc798d4467116f7812aebb060206306373edde009c5a7e360"",""squared_discrepancy_standard_error"":0.0021783472587548133,""supplied_reference_value"":0.0,""unconditional_squared_discrepancy"":0.00218394479610235,""undefined_bootstrap_replicates"":0,""valid"":24}","{""available_functions_missing_cost"":0,""conditioning"":""same finite function estimates as conditional error; all such costs must be complete"",""confidence_interval"":{""high"":10.641769134395885,""low"":10.135743285356773},""function_available"":24,""interval_diagnostics"":{""bca_acceleration"":0.012123841962392783,""bca_adjusted_quantiles"":[0.029759456638493623,0.979288430039009],""bca_bias_percentile"":0.5061506150615062,""bootstrap_expected_tail_counts"":[297.56480692829774,207.09498803994896],""minimum_valid_repetitions"":20,""resampled_valid_count_range"":[24,24],""resampling_plan_sha256"":""5f98d320079a8eabc798d4467116f7812aebb060206306373edde009c5a7e360"",""undefined_bootstrap_replicates"":0},""interval_status"":""available"",""mean_seconds"":10.37508994166645,""output_outcome_counts"":{""infrastructure_interruption"":0,""measurement_available"":0,""not_run"":0,""numerical_failure"":0,""output_failure_unclassified"":0,""resource_failure"":0,""valid"":24},""planned"":24,""plot_error_cost_point"":true,""reference_kind"":""analytic""}"
standard_q1,cpu-nuts-spawn_chains,4096,ordinary_workflow,24,4,analytic,0.0,0.0,1.2215446124898242e-06,,,fewer_than_20_valid_repetitions,17.049452375002602,,,fewer_than_20_valid_repetitions,True,"{""claim_type"":""analytic_mse"",""conditional_squared_discrepancy"":1.2215446124898242e-06,""confidence_interval"":null,""confidence_level"":0.95,""failed_or_unavailable"":20,""interval_coverage"":""pointwise_conditional_on_supplied_reference"",""interval_method"":""BCa"",""interval_status"":""fewer_than_20_valid_repetitions"",""minimum_valid_repetitions"":20,""observed_estimate_mean"":9.522026631655115e-05,""planned"":24,""reference_eligible"":true,""reference_kind"":""analytic"",""reference_mcse"":0.0,""reference_shift_is_confidence_interval"":false,""reference_shift_max"":1.2215446124898242e-06,""reference_shift_min"":1.2215446124898242e-06,""resampling_plan_sha256"":""5f98d320079a8eabc798d4467116f7812aebb060206306373edde009c5a7e360"",""squared_discrepancy_standard_error"":6.030087800851841e-07,""supplied_reference_value"":0.0,""unconditional_squared_discrepancy"":null,""valid"":4}","{""available_functions_missing_cost"":0,""conditioning"":""same finite function estimates as conditional error; all such costs must be complete"",""confidence_interval"":null,""function_available"":4,""interval_diagnostics"":{""minimum_valid_repetitions"":20,""resampling_plan_sha256"":""5f98d320079a8eabc798d4467116f7812aebb060206306373edde009c5a7e360""},""interval_status"":""fewer_than_20_valid_repetitions"",""mean_seconds"":17.049452375002602,""output_outcome_counts"":{""infrastructure_interruption"":0,""measurement_available"":0,""not_run"":0,""numerical_failure"":0,""output_failure_unclassified"":20,""resource_failure"":0,""valid"":4},""planned"":24,""plot_error_cost_point"":true,""reference_kind"":""analytic""}"
standard_q1,cpu-nuts-spawn_chains,4096,research_execution,24,4,analytic,0.0,0.0,1.2215446124898242e-06,,,fewer_than_20_valid_repetitions,19.287445175002176,,,fewer_than_20_valid_repetitions,True,"{""claim_type"":""analytic_mse"",""conditional_squared_discrepancy"":1.2215446124898242e-06,""confidence_interval"":null,""confidence_level"":0.95,""failed_or_unavailable"":20,""interval_coverage"":""pointwise_conditional_on_supplied_reference"",""interval_method"":""BCa"",""interval_status"":""fewer_than_20_valid_repetitions"",""minimum_valid_repetitions"":20,""observed_estimate_mean"":9.522026631655115e-05,""planned"":24,""reference_eligible"":true,""reference_kind"":""analytic"",""reference_mcse"":0.0,""reference_shift_is_confidence_interval"":false,""reference_shift_max"":1.2215446124898242e-06,""reference_shift_min"":1.2215446124898242e-06,""resampling_plan_sha256"":""5f98d320079a8eabc798d4467116f7812aebb060206306373edde009c5a7e360"",""squared_discrepancy_standard_error"":6.030087800851841e-07,""supplied_reference_value"":0.0,""unconditional_squared_discrepancy"":null,""valid"":4}","{""available_functions_missing_cost"":0,""conditioning"":""same finite function estimates as conditional error; all such costs must be complete"",""confidence_interval"":null,""function_available"":4,""interval_diagnostics"":{""minimum_valid_repetitions"":20,""resampling_plan_sha256"":""5f98d320079a8eabc798d4467116f7812aebb060206306373edde009c5a7e360""},""interval_status"":""fewer_than_20_valid_repetitions"",""mean_seconds"":19.287445175002176,""output_outcome_counts"":{""infrastructure_interruption"":0,""measurement_available"":0,""not_run"":0,""numerical_failure"":0,""output_failure_unclassified"":20,""resource_failure"":0,""valid"":4},""planned"":24,""plot_error_cost_point"":true,""reference_kind"":""analytic""}"
standard_q1,cpu-rwm-online_picard,1024,ordinary_workflow,24,24,analytic,0.0,0.0,0.00023029198032439657,0.00014315795775711446,0.00037962729153343726,available,2.505840262495591,2.4954221408646804,2.521494042832961,available,True,"{""bca_acceleration"":0.05745252764813017,""bca_adjusted_quantiles"":[0.05202786740846237,0.9913371911269895],""bca_bias_percentile"":0.52995299529953,""bootstrap_expected_tail_counts"":[520.2266462172151,86.61942592123218],""claim_type"":""analytic_mse"",""conditional_squared_discrepancy"":0.00023029198032439657,""confidence_interval"":{""high"":0.00037962729153343726,""low"":0.00014315795775711446},""confidence_level"":0.95,""failed_or_unavailable"":0,""interval_coverage"":""pointwise_conditional_on_supplied_reference"",""interval_method"":""BCa"",""interval_status"":""available"",""minimum_valid_repetitions"":20,""observed_estimate_mean"":-0.0009407002577708414,""planned"":24,""reference_eligible"":true,""reference_kind"":""analytic"",""reference_mcse"":0.0,""reference_shift_is_confidence_interval"":false,""reference_shift_max"":0.00023029198032439657,""reference_shift_min"":0.00023029198032439657,""resampled_valid_count_range"":[24,24],""resampling_plan_sha256"":""5f98d320079a8eabc798d4467116f7812aebb060206306373edde009c5a7e360"",""squared_discrepancy_standard_error"":5.7665435850546014e-05,""supplied_reference_value"":0.0,""unconditional_squared_discrepancy"":0.00023029198032439657,""undefined_bootstrap_replicates"":0,""valid"":24}","{""available_functions_missing_cost"":0,""conditioning"":""same finite function estimates as conditional error; all such costs must be complete"",""confidence_interval"":{""high"":2.521494042832961,""low"":2.4954221408646804},""function_available"":24,""interval_diagnostics"":{""bca_acceleration"":0.04716478483696818,""bca_adjusted_quantiles"":[0.04229044745714523,0.9875594696966553],""bca_bias_percentile"":0.515051505150515,""bootstrap_expected_tail_counts"":[422.8621841239952,124.39286250314353],""minimum_valid_repetitions"":20,""resampled_valid_count_range"":[24,24],""resampling_plan_sha256"":""5f98d320079a8eabc798d4467116f7812aebb060206306373edde009c5a7e360"",""undefined_bootstrap_replicates"":0},""interval_status"":""available"",""mean_seconds"":2.505840262495591,""output_outcome_counts"":{""infrastructure_interruption"":0,""measurement_available"":0,""not_run"":0,""numerical_failure"":0,""output_failure_unclassified"":0,""resource_failure"":0,""valid"":24},""planned"":24,""plot_error_cost_point"":true,""reference_kind"":""analytic""}"
standard_q1,cpu-rwm-online_picard,1024,research_execution,24,24,analytic,0.0,0.0,0.00023029198032439657,0.00014315795775711446,0.00037962729153343726,available,5.125436179163141,5.07943022120644,5.1687398240154705,available,True,"{""bca_acceleration"":0.05745252764813017,""bca_adjusted_quantiles"":[0.05202786740846237,0.9913371911269895],""bca_bias_percentile"":0.52995299529953,""bootstrap_expected_tail_counts"":[520.2266462172151,86.61942592123218],""claim_type"":""analytic_mse"",""conditional_squared_discrepancy"":0.00023029198032439657,""confidence_interval"":{""high"":0.00037962729153343726,""low"":0.00014315795775711446},""confidence_level"":0.95,""failed_or_unavailable"":0,""interval_coverage"":""pointwise_conditional_on_supplied_reference"",""interval_method"":""BCa"",""interval_status"":""available"",""minimum_valid_repetitions"":20,""observed_estimate_mean"":-0.0009407002577708414,""planned"":24,""reference_eligible"":true,""reference_kind"":""analytic"",""reference_mcse"":0.0,""reference_shift_is_confidence_interval"":false,""reference_shift_max"":0.00023029198032439657,""reference_shift_min"":0.00023029198032439657,""resampled_valid_count_range"":[24,24],""resampling_plan_sha256"":""5f98d320079a8eabc798d4467116f7812aebb060206306373edde009c5a7e360"",""squared_discrepancy_standard_error"":5.7665435850546014e-05,""supplied_reference_value"":0.0,""unconditional_squared_discrepancy"":0.00023029198032439657,""undefined_bootstrap_replicates"":0,""valid"":24}","{""available_functions_missing_cost"":0,""conditioning"":""same finite function estimates as conditional error; all such costs must be complete"",""confidence_interval"":{""high"":5.1687398240154705,""low"":5.07943022120644},""function_available"":24,""interval_diagnostics"":{""bca_acceleration"":-0.009362118442063807,""bca_adjusted_quantiles"":[0.021305170395846354,0.970944063604486],""bca_bias_percentile"":0.49394939493949397,""bootstrap_expected_tail_counts"":[213.03039878806769,290.53030801874405],""minimum_valid_repetitions"":20,""resampled_valid_count_range"":[24,24],""resampling_plan_sha256"":""5f98d320079a8eabc798d4467116f7812aebb060206306373edde009c5a7e360"",""undefined_bootstrap_replicates"":0},""interval_status"":""available"",""mean_seconds"":5.125436179163141,""output_outcome_counts"":{""infrastructure_interruption"":0,""measurement_available"":0,""not_run"":0,""numerical_failure"":0,""output_failure_unclassified"":0,""resource_failure"":0,""valid"":24},""planned"":24,""plot_error_cost_point"":true,""reference_kind"":""analytic""}"
standard_q1,cpu-rwm-online_picard,4096,ordinary_workflow,24,24,analytic,0.0,0.0,7.912494933080864e-05,5.102820745763739e-05,0.00013150776684234643,available,3.226405687494245,3.215723656958775,3.2378667046050325,available,True,"{""bca_acceleration"":0.06410512783759659,""bca_adjusted_quantiles"":[0.05438274765127106,0.9922207331116263],""bca_bias_percentile"":0.5305530553055305,""bootstrap_expected_tail_counts"":[543.7730937650593,77.78488961684877],""claim_type"":""analytic_mse"",""conditional_squared_discrepancy"":7.912494933080864e-05,""confidence_interval"":{""high"":0.00013150776684234643,""low"":5.102820745763739e-05},""confidence_level"":0.95,""failed_or_unavailable"":0,""interval_coverage"":""pointwise_conditional_on_supplied_reference"",""interval_method"":""BCa"",""interval_status"":""available"",""minimum_valid_repetitions"":20,""observed_estimate_mean"":0.0007336283782168961,""planned"":24,""reference_eligible"":true,""reference_kind"":""analytic"",""reference_mcse"":0.0,""reference_shift_is_confidence_interval"":false,""reference_shift_max"":7.912494933080864e-05,""reference_shift_min"":7.912494933080864e-05,""resampled_valid_count_range"":[24,24],""resampling_plan_sha256"":""5f98d320079a8eabc798d4467116f7812aebb060206306373edde009c5a7e360"",""squared_discrepancy_standard_error"":1.9108643225976667e-05,""supplied_reference_value"":0.0,""unconditional_squared_discrepancy"":7.912494933080864e-05,""undefined_bootstrap_replicates"":0,""valid"":24}","{""available_functions_missing_cost"":0,""conditioning"":""same finite function estimates as conditional error; all such costs must be complete"",""confidence_interval"":{""high"":3.2378667046050325,""low"":3.215723656958775},""function_available"":24,""interval_diagnostics"":{""bca_acceleration"":0.008958423211606862,""bca_adjusted_quantiles"":[0.027679892047638325,0.9775428542150225],""bca_bias_percentile"":0.502050205020502,""bootstrap_expected_tail_counts"":[276.7712405843356,224.54900070398986],""minimum_valid_repetitions"":20,""resampled_valid_count_range"":[24,24],""resampling_plan_sha256"":""5f98d320079a8eabc798d4467116f7812aebb060206306373edde009c5a7e360"",""undefined_bootstrap_replicates"":0},""interval_status"":""available"",""mean_seconds"":3.226405687494245,""output_outcome_counts"":{""infrastructure_interruption"":0,""measurement_available"":0,""not_run"":0,""numerical_failure"":0,""output_failure_unclassified"":0,""resource_failure"":0,""valid"":24},""planned"":24,""plot_error_cost_point"":true,""reference_kind"":""analytic""}"
standard_q1,cpu-rwm-online_picard,4096,research_execution,24,24,analytic,0.0,0.0,7.912494933080864e-05,5.102820745763739e-05,0.00013150776684234643,available,6.683593674999353,6.649465229609354,6.7315804265830534,available,True,"{""bca_acceleration"":0.06410512783759659,""bca_adjusted_quantiles"":[0.05438274765127106,0.9922207331116263],""bca_bias_percentile"":0.5305530553055305,""bootstrap_expected_tail_counts"":[543.7730937650593,77.78488961684877],""claim_type"":""analytic_mse"",""conditional_squared_discrepancy"":7.912494933080864e-05,""confidence_interval"":{""high"":0.00013150776684234643,""low"":5.102820745763739e-05},""confidence_level"":0.95,""failed_or_unavailable"":0,""interval_coverage"":""pointwise_conditional_on_supplied_reference"",""interval_method"":""BCa"",""interval_status"":""available"",""minimum_valid_repetitions"":20,""observed_estimate_mean"":0.0007336283782168961,""planned"":24,""reference_eligible"":true,""reference_kind"":""analytic"",""reference_mcse"":0.0,""reference_shift_is_confidence_interval"":false,""reference_shift_max"":7.912494933080864e-05,""reference_shift_min"":7.912494933080864e-05,""resampled_valid_count_range"":[24,24],""resampling_plan_sha256"":""5f98d320079a8eabc798d4467116f7812aebb060206306373edde009c5a7e360"",""squared_discrepancy_standard_error"":1.9108643225976667e-05,""supplied_reference_value"":0.0,""unconditional_squared_discrepancy"":7.912494933080864e-05,""undefined_bootstrap_replicates"":0,""valid"":24}","{""available_functions_missing_cost"":0,""conditioning"":""same finite function estimates as conditional error; all such costs must be complete"",""confidence_interval"":{""high"":6.7315804265830534,""low"":6.649465229609354},""function_available"":24,""interval_diagnostics"":{""bca_acceleration"":0.03875978996495081,""bca_adjusted_quantiles"":[0.039314823450801374,0.9858958065436715],""bca_bias_percentile"":0.5134513451345134,""bootstrap_expected_tail_counts"":[393.1089196845629,141.02783036982885],""minimum_valid_repetitions"":20,""resampled_valid_count_range"":[24,24],""resampling_plan_sha256"":""5f98d320079a8eabc798d4467116f7812aebb060206306373edde009c5a7e360"",""undefined_bootstrap_replicates"":0},""interval_status"":""available"",""mean_seconds"":6.683593674999353,""output_outcome_counts"":{""infrastructure_interruption"":0,""measurement_available"":0,""not_run"":0,""numerical_failure"":0,""output_failure_unclassified"":0,""resource_failure"":0,""valid"":24},""planned"":24,""plot_error_cost_point"":true,""reference_kind"":""analytic""}"
standard_q1,cpu-rwm-sequential,1024,ordinary_workflow,24,24,analytic,0.0,0.0,0.00023029198032439147,0.0001431579577571126,0.0003796272915334279,available,2.5088531583377667,2.5002767535052195,2.5171887315292674,available,True,"{""bca_acceleration"":0.05745252764812939,""bca_adjusted_quantiles"":[0.052027867408462145,0.9913371911269894],""bca_bias_percentile"":0.52995299529953,""bootstrap_expected_tail_counts"":[520.226646217213,86.61942592123329],""claim_type"":""analytic_mse"",""conditional_squared_discrepancy"":0.00023029198032439147,""confidence_interval"":{""high"":0.0003796272915334279,""low"":0.0001431579577571126},""confidence_level"":0.95,""failed_or_unavailable"":0,""interval_coverage"":""pointwise_conditional_on_supplied_reference"",""interval_method"":""BCa"",""interval_status"":""available"",""minimum_valid_repetitions"":20,""observed_estimate_mean"":-0.0009407002577707243,""planned"":24,""reference_eligible"":true,""reference_kind"":""analytic"",""reference_mcse"":0.0,""reference_shift_is_confidence_interval"":false,""reference_shift_max"":0.00023029198032439147,""reference_shift_min"":0.00023029198032439147,""resampled_valid_count_range"":[24,24],""resampling_plan_sha256"":""5f98d320079a8eabc798d4467116f7812aebb060206306373edde009c5a7e360"",""squared_discrepancy_standard_error"":5.766543585054397e-05,""supplied_reference_value"":0.0,""unconditional_squared_discrepancy"":0.00023029198032439147,""undefined_bootstrap_replicates"":0,""valid"":24}","{""available_functions_missing_cost"":0,""conditioning"":""same finite function estimates as conditional error; all such costs must be complete"",""confidence_interval"":{""high"":2.5171887315292674,""low"":2.5002767535052195},""function_available"":24,""interval_diagnostics"":{""bca_acceleration"":0.005291397399590775,""bca_adjusted_quantiles"":[0.023835393603805932,0.9737621442550494],""bca_bias_percentile"":0.49184918491849183,""bootstrap_expected_tail_counts"":[238.3301006444555,262.35231959376137],""minimum_valid_repetitions"":20,""resampled_valid_count_range"":[24,24],""resampling_plan_sha256"":""5f98d320079a8eabc798d4467116f7812aebb060206306373edde009c5a7e360"",""undefined_bootstrap_replicates"":0},""interval_status"":""available"",""mean_seconds"":2.5088531583377667,""output_outcome_counts"":{""infrastructure_interruption"":0,""measurement_available"":0,""not_run"":0,""numerical_failure"":0,""output_failure_unclassified"":0,""resource_failure"":0,""valid"":24},""planned"":24,""plot_error_cost_point"":true,""reference_kind"":""analytic""}"
standard_q1,cpu-rwm-sequential,1024,research_execution,24,24,analytic,0.0,0.0,0.00023029198032439147,0.0001431579577571126,0.0003796272915334279,available,5.098605358338773,5.056894043555615,5.136577121242753,available,True,"{""bca_acceleration"":0.05745252764812939,""bca_adjusted_quantiles"":[0.052027867408462145,0.9913371911269894],""bca_bias_percentile"":0.52995299529953,""bootstrap_expected_tail_counts"":[520.226646217213,86.61942592123329],""claim_type"":""analytic_mse"",""conditional_squared_discrepancy"":0.00023029198032439147,""confidence_interval"":{""high"":0.0003796272915334279,""low"":0.0001431579577571126},""confidence_level"":0.95,""failed_or_unavailable"":0,""interval_coverage"":""pointwise_conditional_on_supplied_reference"",""interval_method"":""BCa"",""interval_status"":""available"",""minimum_valid_repetitions"":20,""observed_estimate_mean"":-0.0009407002577707243,""planned"":24,""reference_eligible"":true,""reference_kind"":""analytic"",""reference_mcse"":0.0,""reference_shift_is_confidence_interval"":false,""reference_shift_max"":0.00023029198032439147,""reference_shift_min"":0.00023029198032439147,""resampled_valid_count_range"":[24,24],""resampling_plan_sha256"":""5f98d320079a8eabc798d4467116f7812aebb060206306373edde009c5a7e360"",""squared_discrepancy_standard_error"":5.766543585054397e-05,""supplied_reference_value"":0.0,""unconditional_squared_discrepancy"":0.00023029198032439147,""undefined_bootstrap_replicates"":0,""valid"":24}","{""available_functions_missing_cost"":0,""conditioning"":""same finite function estimates as conditional error; all such costs must be complete"",""confidence_interval"":{""high"":5.136577121242753,""low"":5.056894043555615},""function_available"":24,""interval_diagnostics"":{""bca_acceleration"":-0.004577374558079202,""bca_adjusted_quantiles"":[0.022144012096255637,0.9719003787486471],""bca_bias_percentile"":0.49334933493349337,""bootstrap_expected_tail_counts"":[221.41797695046012,280.96811289227765],""minimum_valid_repetitions"":20,""resampled_valid_count_range"":[24,24],""resampling_plan_sha256"":""5f98d320079a8eabc798d4467116f7812aebb060206306373edde009c5a7e360"",""undefined_bootstrap_replicates"":0},""interval_status"":""available"",""mean_seconds"":5.098605358338773,""output_outcome_counts"":{""infrastructure_interruption"":0,""measurement_available"":0,""not_run"":0,""numerical_failure"":0,""output_failure_unclassified"":0,""resource_failure"":0,""valid"":24},""planned"":24,""plot_error_cost_point"":true,""reference_kind"":""analytic""}"
standard_q1,cpu-rwm-sequential,4096,ordinary_workflow,24,24,analytic,0.0,0.0,7.912494933080819e-05,5.1028207457642685e-05,0.00013150776684234836,available,3.2182956166672434,3.211479191957428,3.2263693571069565,available,True,"{""bca_acceleration"":0.06410512783759827,""bca_adjusted_quantiles"":[0.05438274765127159,0.9922207331116265],""bca_bias_percentile"":0.5305530553055305,""bootstrap_expected_tail_counts"":[543.7730937650646,77.78488961684656],""claim_type"":""analytic_mse"",""conditional_squared_discrepancy"":7.912494933080819e-05,""confidence_interval"":{""high"":0.00013150776684234836,""low"":5.1028207457642685e-05},""confidence_level"":0.95,""failed_or_unavailable"":0,""interval_coverage"":""pointwise_conditional_on_supplied_reference"",""interval_method"":""BCa"",""interval_status"":""available"",""minimum_valid_repetitions"":20,""observed_estimate_mean"":0.0007336283782167449,""planned"":24,""reference_eligible"":true,""reference_kind"":""analytic"",""reference_mcse"":0.0,""reference_shift_is_confidence_interval"":false,""reference_shift_max"":7.912494933080819e-05,""reference_shift_min"":7.912494933080819e-05,""resampled_valid_count_range"":[24,24],""resampling_plan_sha256"":""5f98d320079a8eabc798d4467116f7812aebb060206306373edde009c5a7e360"",""squared_discrepancy_standard_error"":1.9108643225977284e-05,""supplied_reference_value"":0.0,""unconditional_squared_discrepancy"":7.912494933080819e-05,""undefined_bootstrap_replicates"":0,""valid"":24}","{""available_functions_missing_cost"":0,""conditioning"":""same finite function estimates as conditional error; all such costs must be complete"",""confidence_interval"":{""high"":3.2263693571069565,""low"":3.211479191957428},""function_available"":24,""interval_diagnostics"":{""bca_acceleration"":0.015640413667716256,""bca_adjusted_quantiles"":[0.03220482719842298,0.9811266412425963],""bca_bias_percentile"":0.5107510751075107,""bootstrap_expected_tail_counts"":[322.01606715703133,188.71471421527963],""minimum_valid_repetitions"":20,""resampled_valid_count_range"":[24,24],""resampling_plan_sha256"":""5f98d320079a8eabc798d4467116f7812aebb060206306373edde009c5a7e360"",""undefined_bootstrap_replicates"":0},""interval_status"":""available"",""mean_seconds"":3.2182956166672434,""output_outcome_counts"":{""infrastructure_interruption"":0,""measurement_available"":0,""not_run"":0,""numerical_failure"":0,""output_failure_unclassified"":0,""resource_failure"":0,""valid"":24},""planned"":24,""plot_error_cost_point"":true,""reference_kind"":""analytic""}"
standard_q1,cpu-rwm-sequential,4096,research_execution,24,24,analytic,0.0,0.0,7.912494933080819e-05,5.1028207457642685e-05,0.00013150776684234836,available,6.6827524083302405,6.650431423188555,6.7162601222205245,available,True,"{""bca_acceleration"":0.06410512783759827,""bca_adjusted_quantiles"":[0.05438274765127159,0.9922207331116265],""bca_bias_percentile"":0.5305530553055305,""bootstrap_expected_tail_counts"":[543.7730937650646,77.78488961684656],""claim_type"":""analytic_mse"",""conditional_squared_discrepancy"":7.912494933080819e-05,""confidence_interval"":{""high"":0.00013150776684234836,""low"":5.1028207457642685e-05},""confidence_level"":0.95,""failed_or_unavailable"":0,""interval_coverage"":""pointwise_conditional_on_supplied_reference"",""interval_method"":""BCa"",""interval_status"":""available"",""minimum_valid_repetitions"":20,""observed_estimate_mean"":0.0007336283782167449,""planned"":24,""reference_eligible"":true,""reference_kind"":""analytic"",""reference_mcse"":0.0,""reference_shift_is_confidence_interval"":false,""reference_shift_max"":7.912494933080819e-05,""reference_shift_min"":7.912494933080819e-05,""resampled_valid_count_range"":[24,24],""resampling_plan_sha256"":""5f98d320079a8eabc798d4467116f7812aebb060206306373edde009c5a7e360"",""squared_discrepancy_standard_error"":1.9108643225977284e-05,""supplied_reference_value"":0.0,""unconditional_squared_discrepancy"":7.912494933080819e-05,""undefined_bootstrap_replicates"":0,""valid"":24}","{""available_functions_missing_cost"":0,""conditioning"":""same finite function estimates as conditional error; all such costs must be complete"",""confidence_interval"":{""high"":6.7162601222205245,""low"":6.650431423188555},""function_available"":24,""interval_diagnostics"":{""bca_acceleration"":0.004027270162987033,""bca_adjusted_quantiles"":[0.02577617221035804,0.9757683615463505],""bca_bias_percentile"":0.49954995499549953,""bootstrap_expected_tail_counts"":[257.73594593137005,242.29215289804142],""minimum_valid_repetitions"":20,""resampled_valid_count_range"":[24,24],""resampling_plan_sha256"":""5f98d320079a8eabc798d4467116f7812aebb060206306373edde009c5a7e360"",""undefined_bootstrap_replicates"":0},""interval_status"":""available"",""mean_seconds"":6.6827524083302405,""output_outcome_counts"":{""infrastructure_interruption"":0,""measurement_available"":0,""not_run"":0,""numerical_failure"":0,""output_failure_unclassified"":0,""resource_failure"":0,""valid"":24},""planned"":24,""plot_error_cost_point"":true,""reference_kind"":""analytic""}"
standard_q1,cuda-mala-quasi_deer,1024,ordinary_workflow,24,24,analytic,0.0,0.0,3.316432195858177e-05,2.0823183067324555e-05,6.124355780832596e-05,available,20.58799153333045,20.335700017996103,20.79466036149027,available,True,"{""bca_acceleration"":0.08966724796386853,""bca_adjusted_quantiles"":[0.0661738067689054,0.9954870259382153],""bca_bias_percentile"":0.5373537353735374,""bootstrap_expected_tail_counts"":[661.6718938822851,45.125227643785685],""claim_type"":""analytic_mse"",""conditional_squared_discrepancy"":3.316432195858177e-05,""confidence_interval"":{""high"":6.124355780832596e-05,""low"":2.0823183067324555e-05},""confidence_level"":0.95,""failed_or_unavailable"":0,""interval_coverage"":""pointwise_conditional_on_supplied_reference"",""interval_method"":""BCa"",""interval_status"":""available"",""minimum_valid_repetitions"":20,""observed_estimate_mean"":-0.0006075782815237464,""planned"":24,""reference_eligible"":true,""reference_kind"":""analytic"",""reference_mcse"":0.0,""reference_shift_is_confidence_interval"":false,""reference_shift_max"":3.316432195858177e-05,""reference_shift_min"":3.316432195858177e-05,""resampled_valid_count_range"":[24,24],""resampling_plan_sha256"":""5f98d320079a8eabc798d4467116f7812aebb060206306373edde009c5a7e360"",""squared_discrepancy_standard_error"":9.087352741189456e-06,""supplied_reference_value"":0.0,""unconditional_squared_discrepancy"":3.316432195858177e-05,""undefined_bootstrap_replicates"":0,""valid"":24}","{""available_functions_missing_cost"":0,""conditioning"":""same finite function estimates as conditional error; all such costs must be complete"",""confidence_interval"":{""high"":20.79466036149027,""low"":20.335700017996103},""function_available"":24,""interval_diagnostics"":{""bca_acceleration"":-0.015721879800745006,""bca_adjusted_quantiles"":[0.017673402804267647,0.965939337488883],""bca_bias_percentile"":0.48414841484148413,""bootstrap_expected_tail_counts"":[176.7163546398722,340.57256444865834],""minimum_valid_repetitions"":20,""resampled_valid_count_range"":[24,24],""resampling_plan_sha256"":""5f98d320079a8eabc798d4467116f7812aebb060206306373edde009c5a7e360"",""undefined_bootstrap_replicates"":0},""interval_status"":""available"",""mean_seconds"":20.58799153333045,""output_outcome_counts"":{""infrastructure_interruption"":0,""measurement_available"":0,""not_run"":0,""numerical_failure"":0,""output_failure_unclassified"":0,""resource_failure"":0,""valid"":24},""planned"":24,""plot_error_cost_point"":true,""reference_kind"":""analytic""}"
standard_q1,cuda-mala-quasi_deer,1024,research_execution,24,24,analytic,0.0,0.0,3.316432195858177e-05,2.0823183067324555e-05,6.124355780832596e-05,available,23.746381320828124,23.52272863575046,23.93443569801486,available,True,"{""bca_acceleration"":0.08966724796386853,""bca_adjusted_quantiles"":[0.0661738067689054,0.9954870259382153],""bca_bias_percentile"":0.5373537353735374,""bootstrap_expected_tail_counts"":[661.6718938822851,45.125227643785685],""claim_type"":""analytic_mse"",""conditional_squared_discrepancy"":3.316432195858177e-05,""confidence_interval"":{""high"":6.124355780832596e-05,""low"":2.0823183067324555e-05},""confidence_level"":0.95,""failed_or_unavailable"":0,""interval_coverage"":""pointwise_conditional_on_supplied_reference"",""interval_method"":""BCa"",""interval_status"":""available"",""minimum_valid_repetitions"":20,""observed_estimate_mean"":-0.0006075782815237464,""planned"":24,""reference_eligible"":true,""reference_kind"":""analytic"",""reference_mcse"":0.0,""reference_shift_is_confidence_interval"":false,""reference_shift_max"":3.316432195858177e-05,""reference_shift_min"":3.316432195858177e-05,""resampled_valid_count_range"":[24,24],""resampling_plan_sha256"":""5f98d320079a8eabc798d4467116f7812aebb060206306373edde009c5a7e360"",""squared_discrepancy_standard_error"":9.087352741189456e-06,""supplied_reference_value"":0.0,""unconditional_squared_discrepancy"":3.316432195858177e-05,""undefined_bootstrap_replicates"":0,""valid"":24}","{""available_functions_missing_cost"":0,""conditioning"":""same finite function estimates as conditional error; all such costs must be complete"",""confidence_interval"":{""high"":23.93443569801486,""low"":23.52272863575046},""function_available"":24,""interval_diagnostics"":{""bca_acceleration"":-0.017889731056039027,""bca_adjusted_quantiles"":[0.018819170382922547,0.9677861661917062],""bca_bias_percentile"":0.49084908490849083,""bootstrap_expected_tail_counts"":[188.17288465884255,322.1061242491296],""minimum_valid_repetitions"":20,""resampled_valid_count_range"":[24,24],""resampling_plan_sha256"":""5f98d320079a8eabc798d4467116f7812aebb060206306373edde009c5a7e360"",""undefined_bootstrap_replicates"":0},""interval_status"":""available"",""mean_seconds"":23.746381320828124,""output_outcome_counts"":{""infrastructure_interruption"":0,""measurement_available"":0,""not_run"":0,""numerical_failure"":0,""output_failure_unclassified"":0,""resource_failure"":0,""valid"":24},""planned"":24,""plot_error_cost_point"":true,""reference_kind"":""analytic""}"
standard_q1,cuda-mala-quasi_deer,4096,ordinary_workflow,24,24,analytic,0.0,0.0,9.06705344597627e-06,5.590902517452443e-06,1.45432711823559e-05,available,54.558572562502455,53.53340491399653,55.25669400508245,available,True,"{""bca_acceleration"":0.05163446127403125,""bca_adjusted_quantiles"":[0.04342034498752487,0.9881979976971741],""bca_bias_percentile"":0.5147514751475147,""bootstrap_expected_tail_counts"":[434.16002953026117,118.00822102595626],""claim_type"":""analytic_mse"",""conditional_squared_discrepancy"":9.06705344597627e-06,""confidence_interval"":{""high"":1.45432711823559e-05,""low"":5.590902517452443e-06},""confidence_level"":0.95,""failed_or_unavailable"":0,""interval_coverage"":""pointwise_conditional_on_supplied_reference"",""interval_method"":""BCa"",""interval_status"":""available"",""minimum_valid_repetitions"":20,""observed_estimate_mean"":-0.0003844546031275446,""planned"":24,""reference_eligible"":true,""reference_kind"":""analytic"",""reference_mcse"":0.0,""reference_shift_is_confidence_interval"":false,""reference_shift_max"":9.06705344597627e-06,""reference_shift_min"":9.06705344597627e-06,""resampled_valid_count_range"":[24,24],""resampling_plan_sha256"":""5f98d320079a8eabc798d4467116f7812aebb060206306373edde009c5a7e360"",""squared_discrepancy_standard_error"":2.247939065977584e-06,""supplied_reference_value"":0.0,""unconditional_squared_discrepancy"":9.06705344597627e-06,""undefined_bootstrap_replicates"":0,""valid"":24}","{""available_functions_missing_cost"":0,""conditioning"":""same finite function estimates as conditional error; all such costs must be complete"",""confidence_interval"":{""high"":55.25669400508245,""low"":53.53340491399653},""function_available"":24,""interval_diagnostics"":{""bca_acceleration"":-0.04506670061939687,""bca_adjusted_quantiles"":[0.012339794573265252,0.9572949039366403],""bca_bias_percentile"":0.4825482548254825,""bootstrap_expected_tail_counts"":[123.38560593807925,427.00825553753367],""minimum_valid_repetitions"":20,""resampled_valid_count_range"":[24,24],""resampling_plan_sha256"":""5f98d320079a8eabc798d4467116f7812aebb060206306373edde009c5a7e360"",""undefined_bootstrap_replicates"":0},""interval_status"":""available"",""mean_seconds"":54.558572562502455,""output_outcome_counts"":{""infrastructure_interruption"":0,""measurement_available"":0,""not_run"":0,""numerical_failure"":0,""output_failure_unclassified"":0,""resource_failure"":0,""valid"":24},""planned"":24,""plot_error_cost_point"":true,""reference_kind"":""analytic""}"
standard_q1,cuda-mala-quasi_deer,4096,research_execution,24,24,analytic,0.0,0.0,9.06705344597627e-06,5.590902517452443e-06,1.45432711823559e-05,available,59.669193083333575,58.64212199664011,60.33434205244479,available,True,"{""bca_acceleration"":0.05163446127403125,""bca_adjusted_quantiles"":[0.04342034498752487,0.9881979976971741],""bca_bias_percentile"":0.5147514751475147,""bootstrap_expected_tail_counts"":[434.16002953026117,118.00822102595626],""claim_type"":""analytic_mse"",""conditional_squared_discrepancy"":9.06705344597627e-06,""confidence_interval"":{""high"":1.45432711823559e-05,""low"":5.590902517452443e-06},""confidence_level"":0.95,""failed_or_unavailable"":0,""interval_coverage"":""pointwise_conditional_on_supplied_reference"",""interval_method"":""BCa"",""interval_status"":""available"",""minimum_valid_repetitions"":20,""observed_estimate_mean"":-0.0003844546031275446,""planned"":24,""reference_eligible"":true,""reference_kind"":""analytic"",""reference_mcse"":0.0,""reference_shift_is_confidence_interval"":false,""reference_shift_max"":9.06705344597627e-06,""reference_shift_min"":9.06705344597627e-06,""resampled_valid_count_range"":[24,24],""resampling_plan_sha256"":""5f98d320079a8eabc798d4467116f7812aebb060206306373edde009c5a7e360"",""squared_discrepancy_standard_error"":2.247939065977584e-06,""supplied_reference_value"":0.0,""unconditional_squared_discrepancy"":9.06705344597627e-06,""undefined_bootstrap_replicates"":0,""valid"":24}","{""available_functions_missing_cost"":0,""conditioning"":""same finite function estimates as conditional error; all such costs must be complete"",""confidence_interval"":{""high"":60.33434205244479,""low"":58.64212199664011},""function_available"":24,""interval_diagnostics"":{""bca_acceleration"":-0.04927081976697502,""bca_adjusted_quantiles"":[0.011242024519331633,0.9549341364929654],""bca_bias_percentile"":0.47984798479847984,""bootstrap_expected_tail_counts"":[112.409003168797,450.61356920683863],""minimum_valid_repetitions"":20,""resampled_valid_count_range"":[24,24],""resampling_plan_sha256"":""5f98d320079a8eabc798d4467116f7812aebb060206306373edde009c5a7e360"",""undefined_bootstrap_replicates"":0},""interval_status"":""available"",""mean_seconds"":59.669193083333575,""output_outcome_counts"":{""infrastructure_interruption"":0,""measurement_available"":0,""not_run"":0,""numerical_failure"":0,""output_failure_unclassified"":0,""resource_failure"":0,""valid"":24},""planned"":24,""plot_error_cost_point"":true,""reference_kind"":""analytic""}"
standard_q1,cuda-mala-sequential,1024,ordinary_workflow,24,24,analytic,0.0,0.0,3.316432195853014e-05,2.082318306708845e-05,6.124355780804228e-05,available,8.017630283331187,7.888784481937541,8.098466334093182,available,True,"{""bca_acceleration"":0.08966724796298725,""bca_adjusted_quantiles"":[0.06617380676861583,0.9954870259381416],""bca_bias_percentile"":0.5373537353735374,""bootstrap_expected_tail_counts"":[661.6718938793896,45.125227644521686],""claim_type"":""analytic_mse"",""conditional_squared_discrepancy"":3.316432195853014e-05,""confidence_interval"":{""high"":6.124355780804228e-05,""low"":2.082318306708845e-05},""confidence_level"":0.95,""failed_or_unavailable"":0,""interval_coverage"":""pointwise_conditional_on_supplied_reference"",""interval_method"":""BCa"",""interval_status"":""available"",""minimum_valid_repetitions"":20,""observed_estimate_mean"":-0.0006075782815365298,""planned"":24,""reference_eligible"":true,""reference_kind"":""analytic"",""reference_mcse"":0.0,""reference_shift_is_confidence_interval"":false,""reference_shift_max"":3.316432195853014e-05,""reference_shift_min"":3.316432195853014e-05,""resampled_valid_count_range"":[24,24],""resampling_plan_sha256"":""5f98d320079a8eabc798d4467116f7812aebb060206306373edde009c5a7e360"",""squared_discrepancy_standard_error"":9.087352741136782e-06,""supplied_reference_value"":0.0,""unconditional_squared_discrepancy"":3.316432195853014e-05,""undefined_bootstrap_replicates"":0,""valid"":24}","{""available_functions_missing_cost"":0,""conditioning"":""same finite function estimates as conditional error; all such costs must be complete"",""confidence_interval"":{""high"":8.098466334093182,""low"":7.888784481937541},""function_available"":24,""interval_diagnostics"":{""bca_acceleration"":-0.04973762923552994,""bca_adjusted_quantiles"":[0.011372613637072043,0.9553221459260437],""bca_bias_percentile"":0.48104810481048105,""bootstrap_expected_tail_counts"":[113.71476375708336,446.7338628854891],""minimum_valid_repetitions"":20,""resampled_valid_count_range"":[24,24],""resampling_plan_sha256"":""5f98d320079a8eabc798d4467116f7812aebb060206306373edde009c5a7e360"",""undefined_bootstrap_replicates"":0},""interval_status"":""available"",""mean_seconds"":8.017630283331187,""output_outcome_counts"":{""infrastructure_interruption"":0,""measurement_available"":0,""not_run"":0,""numerical_failure"":0,""output_failure_unclassified"":0,""resource_failure"":0,""valid"":24},""planned"":24,""plot_error_cost_point"":true,""reference_kind"":""analytic""}"
standard_q1,cuda-mala-sequential,1024,research_execution,24,24,analytic,0.0,0.0,3.316432195853014e-05,2.082318306708845e-05,6.124355780804228e-05,available,11.177210937499732,11.059690709741975,11.255731893920142,available,True,"{""bca_acceleration"":0.08966724796298725,""bca_adjusted_quantiles"":[0.06617380676861583,0.9954870259381416],""bca_bias_percentile"":0.5373537353735374,""bootstrap_expected_tail_counts"":[661.6718938793896,45.125227644521686],""claim_type"":""analytic_mse"",""conditional_squared_discrepancy"":3.316432195853014e-05,""confidence_interval"":{""high"":6.124355780804228e-05,""low"":2.082318306708845e-05},""confidence_level"":0.95,""failed_or_unavailable"":0,""interval_coverage"":""pointwise_conditional_on_supplied_reference"",""interval_method"":""BCa"",""interval_status"":""available"",""minimum_valid_repetitions"":20,""observed_estimate_mean"":-0.0006075782815365298,""planned"":24,""reference_eligible"":true,""reference_kind"":""analytic"",""reference_mcse"":0.0,""reference_shift_is_confidence_interval"":false,""reference_shift_max"":3.316432195853014e-05,""reference_shift_min"":3.316432195853014e-05,""resampled_valid_count_range"":[24,24],""resampling_plan_sha256"":""5f98d320079a8eabc798d4467116f7812aebb060206306373edde009c5a7e360"",""squared_discrepancy_standard_error"":9.087352741136782e-06,""supplied_reference_value"":0.0,""unconditional_squared_discrepancy"":3.316432195853014e-05,""undefined_bootstrap_replicates"":0,""valid"":24}","{""available_functions_missing_cost"":0,""conditioning"":""same finite function estimates as conditional error; all such costs must be complete"",""confidence_interval"":{""high"":11.255731893920142,""low"":11.059690709741975},""function_available"":24,""interval_diagnostics"":{""bca_acceleration"":-0.04126831218181032,""bca_adjusted_quantiles"":[0.012048484388651156,0.9562454800228488],""bca_bias_percentile"":0.47754775477547756,""bootstrap_expected_tail_counts"":[120.47279540212291,437.5014452515347],""minimum_valid_repetitions"":20,""resampled_valid_count_range"":[24,24],""resampling_plan_sha256"":""5f98d320079a8eabc798d4467116f7812aebb060206306373edde009c5a7e360"",""undefined_bootstrap_replicates"":0},""interval_status"":""available"",""mean_seconds"":11.177210937499732,""output_outcome_counts"":{""infrastructure_interruption"":0,""measurement_available"":0,""not_run"":0,""numerical_failure"":0,""output_failure_unclassified"":0,""resource_failure"":0,""valid"":24},""planned"":24,""plot_error_cost_point"":true,""reference_kind"":""analytic""}"
standard_q1,cuda-mala-sequential,4096,ordinary_workflow,24,24,analytic,0.0,0.0,9.06705344595248e-06,5.590902517433498e-06,1.4543271182400437e-05,available,17.660789549999663,17.122724367898396,18.09236437276629,available,True,"{""bca_acceleration"":0.051634461274673644,""bca_adjusted_quantiles"":[0.043420344987705875,0.9881979976972721],""bca_bias_percentile"":0.5147514751475147,""bootstrap_expected_tail_counts"":[434.16002953207106,118.00822102497604],""claim_type"":""analytic_mse"",""conditional_squared_discrepancy"":9.06705344595248e-06,""confidence_interval"":{""high"":1.4543271182400437e-05,""low"":5.590902517433498e-06},""confidence_level"":0.95,""failed_or_unavailable"":0,""interval_coverage"":""pointwise_conditional_on_supplied_reference"",""interval_method"":""BCa"",""interval_status"":""available"",""minimum_valid_repetitions"":20,""observed_estimate_mean"":-0.0003844546031342729,""planned"":24,""reference_eligible"":true,""reference_kind"":""analytic"",""reference_mcse"":0.0,""reference_shift_is_confidence_interval"":false,""reference_shift_max"":9.06705344595248e-06,""reference_shift_min"":9.06705344595248e-06,""resampled_valid_count_range"":[24,24],""resampling_plan_sha256"":""5f98d320079a8eabc798d4467116f7812aebb060206306373edde009c5a7e360"",""squared_discrepancy_standard_error"":2.247939065989133e-06,""supplied_reference_value"":0.0,""unconditional_squared_discrepancy"":9.06705344595248e-06,""undefined_bootstrap_replicates"":0,""valid"":24}","{""available_functions_missing_cost"":0,""conditioning"":""same finite function estimates as conditional error; all such costs must be complete"",""confidence_interval"":{""high"":18.09236437276629,""low"":17.122724367898396},""function_available"":24,""interval_diagnostics"":{""bca_acceleration"":-0.020941049803666668,""bca_adjusted_quantiles"":[0.01832442141311421,0.967152874144574],""bca_bias_percentile"":0.49124912491249123,""bootstrap_expected_tail_counts"":[183.225889709729,328.438411428405],""minimum_valid_repetitions"":20,""resampled_valid_count_range"":[24,24],""resampling_plan_sha256"":""5f98d320079a8eabc798d4467116f7812aebb060206306373edde009c5a7e360"",""undefined_bootstrap_replicates"":0},""interval_status"":""available"",""mean_seconds"":17.660789549999663,""output_outcome_counts"":{""infrastructure_interruption"":0,""measurement_available"":0,""not_run"":0,""numerical_failure"":0,""output_failure_unclassified"":0,""resource_failure"":0,""valid"":24},""planned"":24,""plot_error_cost_point"":true,""reference_kind"":""analytic""}"
standard_q1,cuda-mala-sequential,4096,research_execution,24,24,analytic,0.0,0.0,9.06705344595248e-06,5.590902517433498e-06,1.4543271182400437e-05,available,22.7418667000004,22.233260776518062,23.12927112091831,available,True,"{""bca_acceleration"":0.051634461274673644,""bca_adjusted_quantiles"":[0.043420344987705875,0.9881979976972721],""bca_bias_percentile"":0.5147514751475147,""bootstrap_expected_tail_counts"":[434.16002953207106,118.00822102497604],""claim_type"":""analytic_mse"",""conditional_squared_discrepancy"":9.06705344595248e-06,""confidence_interval"":{""high"":1.4543271182400437e-05,""low"":5.590902517433498e-06},""confidence_level"":0.95,""failed_or_unavailable"":0,""interval_coverage"":""pointwise_conditional_on_supplied_reference"",""interval_method"":""BCa"",""interval_status"":""available"",""minimum_valid_repetitions"":20,""observed_estimate_mean"":-0.0003844546031342729,""planned"":24,""reference_eligible"":true,""reference_kind"":""analytic"",""reference_mcse"":0.0,""reference_shift_is_confidence_interval"":false,""reference_shift_max"":9.06705344595248e-06,""reference_shift_min"":9.06705344595248e-06,""resampled_valid_count_range"":[24,24],""resampling_plan_sha256"":""5f98d320079a8eabc798d4467116f7812aebb060206306373edde009c5a7e360"",""squared_discrepancy_standard_error"":2.247939065989133e-06,""supplied_reference_value"":0.0,""unconditional_squared_discrepancy"":9.06705344595248e-06,""undefined_bootstrap_replicates"":0,""valid"":24}","{""available_functions_missing_cost"":0,""conditioning"":""same finite function estimates as conditional error; all such costs must be complete"",""confidence_interval"":{""high"":23.12927112091831,""low"":22.233260776518062},""function_available"":24,""interval_diagnostics"":{""bca_acceleration"":-0.025930338845203266,""bca_adjusted_quantiles"":[0.0170612681440006,0.9653656837584147],""bca_bias_percentile"":0.4898489848984898,""bootstrap_expected_tail_counts"":[170.595620171862,346.30852809961146],""minimum_valid_repetitions"":20,""resampled_valid_count_range"":[24,24],""resampling_plan_sha256"":""5f98d320079a8eabc798d4467116f7812aebb060206306373edde009c5a7e360"",""undefined_bootstrap_replicates"":0},""interval_status"":""available"",""mean_seconds"":22.7418667000004,""output_outcome_counts"":{""infrastructure_interruption"":0,""measurement_available"":0,""not_run"":0,""numerical_failure"":0,""output_failure_unclassified"":0,""resource_failure"":0,""valid"":24},""planned"":24,""plot_error_cost_point"":true,""reference_kind"":""analytic""}"
standard_q1,cuda-rwm-online_picard,1024,ordinary_workflow,24,24,analytic,0.0,0.0,0.00023029198032439657,0.00014315795775711446,0.00037962729153343726,available,3.369818312502806,3.3562350490292907,3.388169348258123,available,True,"{""bca_acceleration"":0.05745252764813017,""bca_adjusted_quantiles"":[0.05202786740846237,0.9913371911269895],""bca_bias_percentile"":0.52995299529953,""bootstrap_expected_tail_counts"":[520.2266462172151,86.61942592123218],""claim_type"":""analytic_mse"",""conditional_squared_discrepancy"":0.00023029198032439657,""confidence_interval"":{""high"":0.00037962729153343726,""low"":0.00014315795775711446},""confidence_level"":0.95,""failed_or_unavailable"":0,""interval_coverage"":""pointwise_conditional_on_supplied_reference"",""interval_method"":""BCa"",""interval_status"":""available"",""minimum_valid_repetitions"":20,""observed_estimate_mean"":-0.0009407002577708414,""planned"":24,""reference_eligible"":true,""reference_kind"":""analytic"",""reference_mcse"":0.0,""reference_shift_is_confidence_interval"":false,""reference_shift_max"":0.00023029198032439657,""reference_shift_min"":0.00023029198032439657,""resampled_valid_count_range"":[24,24],""resampling_plan_sha256"":""5f98d320079a8eabc798d4467116f7812aebb060206306373edde009c5a7e360"",""squared_discrepancy_standard_error"":5.7665435850546014e-05,""supplied_reference_value"":0.0,""unconditional_squared_discrepancy"":0.00023029198032439657,""undefined_bootstrap_replicates"":0,""valid"":24}","{""available_functions_missing_cost"":0,""conditioning"":""same finite function estimates as conditional error; all such costs must be complete"",""confidence_interval"":{""high"":3.388169348258123,""low"":3.3562350490292907},""function_available"":24,""interval_diagnostics"":{""bca_acceleration"":0.037087308737173204,""bca_adjusted_quantiles"":[0.039415357702021266,0.9858896178796748],""bca_bias_percentile"":0.5148514851485149,""bootstrap_expected_tail_counts"":[394.11416166251064,141.08971082113194],""minimum_valid_repetitions"":20,""resampled_valid_count_range"":[24,24],""resampling_plan_sha256"":""5f98d320079a8eabc798d4467116f7812aebb060206306373edde009c5a7e360"",""undefined_bootstrap_replicates"":0},""interval_status"":""available"",""mean_seconds"":3.369818312502806,""output_outcome_counts"":{""infrastructure_interruption"":0,""measurement_available"":0,""not_run"":0,""numerical_failure"":0,""output_failure_unclassified"":0,""resource_failure"":0,""valid"":24},""planned"":24,""plot_error_cost_point"":true,""reference_kind"":""analytic""}"
standard_q1,cuda-rwm-online_picard,1024,research_execution,24,24,analytic,0.0,0.0,0.00023029198032439657,0.00014315795775711446,0.00037962729153343726,available,5.990682579158677,5.949526243016767,6.0350260428623015,available,True,"{""bca_acceleration"":0.05745252764813017,""bca_adjusted_quantiles"":[0.05202786740846237,0.9913371911269895],""bca_bias_percentile"":0.52995299529953,""bootstrap_expected_tail_counts"":[520.2266462172151,86.61942592123218],""claim_type"":""analytic_mse"",""conditional_squared_discrepancy"":0.00023029198032439657,""confidence_interval"":{""high"":0.00037962729153343726,""low"":0.00014315795775711446},""confidence_level"":0.95,""failed_or_unavailable"":0,""interval_coverage"":""pointwise_conditional_on_supplied_reference"",""interval_method"":""BCa"",""interval_status"":""available"",""minimum_valid_repetitions"":20,""observed_estimate_mean"":-0.0009407002577708414,""planned"":24,""reference_eligible"":true,""reference_kind"":""analytic"",""reference_mcse"":0.0,""reference_shift_is_confidence_interval"":false,""reference_shift_max"":0.00023029198032439657,""reference_shift_min"":0.00023029198032439657,""resampled_valid_count_range"":[24,24],""resampling_plan_sha256"":""5f98d320079a8eabc798d4467116f7812aebb060206306373edde009c5a7e360"",""squared_discrepancy_standard_error"":5.7665435850546014e-05,""supplied_reference_value"":0.0,""unconditional_squared_discrepancy"":0.00023029198032439657,""undefined_bootstrap_replicates"":0,""valid"":24}","{""available_functions_missing_cost"":0,""conditioning"":""same finite function estimates as conditional error; all such costs must be complete"",""confidence_interval"":{""high"":6.0350260428623015,""low"":5.949526243016767},""function_available"":24,""interval_diagnostics"":{""bca_acceleration"":0.013132276186294724,""bca_adjusted_quantiles"":[0.0276256647782826,0.9775349886891294],""bca_bias_percentile"":0.49874987498749873,""bootstrap_expected_tail_counts"":[276.22902211804774,224.62764809739554],""minimum_valid_repetitions"":20,""resampled_valid_count_range"":[24,24],""resampling_plan_sha256"":""5f98d320079a8eabc798d4467116f7812aebb060206306373edde009c5a7e360"",""undefined_bootstrap_replicates"":0},""interval_status"":""available"",""mean_seconds"":5.990682579158677,""output_outcome_counts"":{""infrastructure_interruption"":0,""measurement_available"":0,""not_run"":0,""numerical_failure"":0,""output_failure_unclassified"":0,""resource_failure"":0,""valid"":24},""planned"":24,""plot_error_cost_point"":true,""reference_kind"":""analytic""}"
standard_q1,cuda-rwm-online_picard,4096,ordinary_workflow,24,24,analytic,0.0,0.0,7.912494933080864e-05,5.102820745763739e-05,0.00013150776684234643,available,5.256091679164797,5.2165329880704725,5.29511608432437,available,True,"{""bca_acceleration"":0.06410512783759659,""bca_adjusted_quantiles"":[0.05438274765127106,0.9922207331116263],""bca_bias_percentile"":0.5305530553055305,""bootstrap_expected_tail_counts"":[543.7730937650593,77.78488961684877],""claim_type"":""analytic_mse"",""conditional_squared_discrepancy"":7.912494933080864e-05,""confidence_interval"":{""high"":0.00013150776684234643,""low"":5.102820745763739e-05},""confidence_level"":0.95,""failed_or_unavailable"":0,""interval_coverage"":""pointwise_conditional_on_supplied_reference"",""interval_method"":""BCa"",""interval_status"":""available"",""minimum_valid_repetitions"":20,""observed_estimate_mean"":0.0007336283782168961,""planned"":24,""reference_eligible"":true,""reference_kind"":""analytic"",""reference_mcse"":0.0,""reference_shift_is_confidence_interval"":false,""reference_shift_max"":7.912494933080864e-05,""reference_shift_min"":7.912494933080864e-05,""resampled_valid_count_range"":[24,24],""resampling_plan_sha256"":""5f98d320079a8eabc798d4467116f7812aebb060206306373edde009c5a7e360"",""squared_discrepancy_standard_error"":1.9108643225976667e-05,""supplied_reference_value"":0.0,""unconditional_squared_discrepancy"":7.912494933080864e-05,""undefined_bootstrap_replicates"":0,""valid"":24}","{""available_functions_missing_cost"":0,""conditioning"":""same finite function estimates as conditional error; all such costs must be complete"",""confidence_interval"":{""high"":5.29511608432437,""low"":5.2165329880704725},""function_available"":24,""interval_diagnostics"":{""bca_acceleration"":-0.00320880106280453,""bca_adjusted_quantiles"":[0.023503112402958957,0.973444195632658],""bca_bias_percentile"":0.49724972497249725,""bootstrap_expected_tail_counts"":[235.0076209171866,265.53148786905217],""minimum_valid_repetitions"":20,""resampled_valid_count_range"":[24,24],""resampling_plan_sha256"":""5f98d320079a8eabc798d4467116f7812aebb060206306373edde009c5a7e360"",""undefined_bootstrap_replicates"":0},""interval_status"":""available"",""mean_seconds"":5.256091679164797,""output_outcome_counts"":{""infrastructure_interruption"":0,""measurement_available"":0,""not_run"":0,""numerical_failure"":0,""output_failure_unclassified"":0,""resource_failure"":0,""valid"":24},""planned"":24,""plot_error_cost_point"":true,""reference_kind"":""analytic""}"
standard_q1,cuda-rwm-online_picard,4096,research_execution,24,24,analytic,0.0,0.0,7.912494933080864e-05,5.102820745763739e-05,0.00013150776684234643,available,8.74969381250427,8.69112817915372,8.80751426746315,available,True,"{""bca_acceleration"":0.06410512783759659,""bca_adjusted_quantiles"":[0.05438274765127106,0.9922207331116263],""bca_bias_percentile"":0.5305530553055305,""bootstrap_expected_tail_counts"":[543.7730937650593,77.78488961684877],""claim_type"":""analytic_mse"",""conditional_squared_discrepancy"":7.912494933080864e-05,""confidence_interval"":{""high"":0.00013150776684234643,""low"":5.102820745763739e-05},""confidence_level"":0.95,""failed_or_unavailable"":0,""interval_coverage"":""pointwise_conditional_on_supplied_reference"",""interval_method"":""BCa"",""interval_status"":""available"",""minimum_valid_repetitions"":20,""observed_estimate_mean"":0.0007336283782168961,""planned"":24,""reference_eligible"":true,""reference_kind"":""analytic"",""reference_mcse"":0.0,""reference_shift_is_confidence_interval"":false,""reference_shift_max"":7.912494933080864e-05,""reference_shift_min"":7.912494933080864e-05,""resampled_valid_count_range"":[24,24],""resampling_plan_sha256"":""5f98d320079a8eabc798d4467116f7812aebb060206306373edde009c5a7e360"",""squared_discrepancy_standard_error"":1.9108643225976667e-05,""supplied_reference_value"":0.0,""unconditional_squared_discrepancy"":7.912494933080864e-05,""undefined_bootstrap_replicates"":0,""valid"":24}","{""available_functions_missing_cost"":0,""conditioning"":""same finite function estimates as conditional error; all such costs must be complete"",""confidence_interval"":{""high"":8.80751426746315,""low"":8.69112817915372},""function_available"":24,""interval_diagnostics"":{""bca_acceleration"":0.0013097679169367842,""bca_adjusted_quantiles"":[0.02381242018731141,0.9737566640574514],""bca_bias_percentile"":0.49484948494849484,""bootstrap_expected_tail_counts"":[238.1003894529268,262.4071160895432],""minimum_valid_repetitions"":20,""resampled_valid_count_range"":[24,24],""resampling_plan_sha256"":""5f98d320079a8eabc798d4467116f7812aebb060206306373edde009c5a7e360"",""undefined_bootstrap_replicates"":0},""interval_status"":""available"",""mean_seconds"":8.74969381250427,""output_outcome_counts"":{""infrastructure_interruption"":0,""measurement_available"":0,""not_run"":0,""numerical_failure"":0,""output_failure_unclassified"":0,""resource_failure"":0,""valid"":24},""planned"":24,""plot_error_cost_point"":true,""reference_kind"":""analytic""}"
standard_q1,cuda-rwm-sequential,1024,ordinary_workflow,24,24,analytic,0.0,0.0,0.00023029198032439147,0.0001431579577571126,0.0003796272915334279,available,3.76318486666734,3.741375826702977,3.7888466657937796,available,True,"{""bca_acceleration"":0.05745252764812939,""bca_adjusted_quantiles"":[0.052027867408462145,0.9913371911269894],""bca_bias_percentile"":0.52995299529953,""bootstrap_expected_tail_counts"":[520.226646217213,86.61942592123329],""claim_type"":""analytic_mse"",""conditional_squared_discrepancy"":0.00023029198032439147,""confidence_interval"":{""high"":0.0003796272915334279,""low"":0.0001431579577571126},""confidence_level"":0.95,""failed_or_unavailable"":0,""interval_coverage"":""pointwise_conditional_on_supplied_reference"",""interval_method"":""BCa"",""interval_status"":""available"",""minimum_valid_repetitions"":20,""observed_estimate_mean"":-0.0009407002577707243,""planned"":24,""reference_eligible"":true,""reference_kind"":""analytic"",""reference_mcse"":0.0,""reference_shift_is_confidence_interval"":false,""reference_shift_max"":0.00023029198032439147,""reference_shift_min"":0.00023029198032439147,""resampled_valid_count_range"":[24,24],""resampling_plan_sha256"":""5f98d320079a8eabc798d4467116f7812aebb060206306373edde009c5a7e360"",""squared_discrepancy_standard_error"":5.766543585054397e-05,""supplied_reference_value"":0.0,""unconditional_squared_discrepancy"":0.00023029198032439147,""undefined_bootstrap_replicates"":0,""valid"":24}","{""available_functions_missing_cost"":0,""conditioning"":""same finite function estimates as conditional error; all such costs must be complete"",""confidence_interval"":{""high"":3.7888466657937796,""low"":3.741375826702977},""function_available"":24,""interval_diagnostics"":{""bca_acceleration"":0.019194023917206687,""bca_adjusted_quantiles"":[0.030521199775223103,0.9799891569412537],""bca_bias_percentile"":0.5032503250325032,""bootstrap_expected_tail_counts"":[305.1814765524558,200.08841974440466],""minimum_valid_repetitions"":20,""resampled_valid_count_range"":[24,24],""resampling_plan_sha256"":""5f98d320079a8eabc798d4467116f7812aebb060206306373edde009c5a7e360"",""undefined_bootstrap_replicates"":0},""interval_status"":""available"",""mean_seconds"":3.76318486666734,""output_outcome_counts"":{""infrastructure_interruption"":0,""measurement_available"":0,""not_run"":0,""numerical_failure"":0,""output_failure_unclassified"":0,""resource_failure"":0,""valid"":24},""planned"":24,""plot_error_cost_point"":true,""reference_kind"":""analytic""}"
standard_q1,cuda-rwm-sequential,1024,research_execution,24,24,analytic,0.0,0.0,0.00023029198032439147,0.0001431579577571126,0.0003796272915334279,available,6.384040570836078,6.343773948183694,6.434986746414012,available,True,"{""bca_acceleration"":0.05745252764812939,""bca_adjusted_quantiles"":[0.052027867408462145,0.9913371911269894],""bca_bias_percentile"":0.52995299529953,""bootstrap_expected_tail_counts"":[520.226646217213,86.61942592123329],""claim_type"":""analytic_mse"",""conditional_squared_discrepancy"":0.00023029198032439147,""confidence_interval"":{""high"":0.0003796272915334279,""low"":0.0001431579577571126},""confidence_level"":0.95,""failed_or_unavailable"":0,""interval_coverage"":""pointwise_conditional_on_supplied_reference"",""interval_method"":""BCa"",""interval_status"":""available"",""minimum_valid_repetitions"":20,""observed_estimate_mean"":-0.0009407002577707243,""planned"":24,""reference_eligible"":true,""reference_kind"":""analytic"",""reference_mcse"":0.0,""reference_shift_is_confidence_interval"":false,""reference_shift_max"":0.00023029198032439147,""reference_shift_min"":0.00023029198032439147,""resampled_valid_count_range"":[24,24],""resampling_plan_sha256"":""5f98d320079a8eabc798d4467116f7812aebb060206306373edde009c5a7e360"",""squared_discrepancy_standard_error"":5.766543585054397e-05,""supplied_reference_value"":0.0,""unconditional_squared_discrepancy"":0.00023029198032439147,""undefined_bootstrap_replicates"":0,""valid"":24}","{""available_functions_missing_cost"":0,""conditioning"":""same finite function estimates as conditional error; all such costs must be complete"",""confidence_interval"":{""high"":6.434986746414012,""low"":6.343773948183694},""function_available"":24,""interval_diagnostics"":{""bca_acceleration"":0.03137897416927567,""bca_adjusted_quantiles"":[0.03498602008850863,0.9832994641457552],""bca_bias_percentile"":0.5072507250725072,""bootstrap_expected_tail_counts"":[349.8252148649978,166.98865800659377],""minimum_valid_repetitions"":20,""resampled_valid_count_range"":[24,24],""resampling_plan_sha256"":""5f98d320079a8eabc798d4467116f7812aebb060206306373edde009c5a7e360"",""undefined_bootstrap_replicates"":0},""interval_status"":""available"",""mean_seconds"":6.384040570836078,""output_outcome_counts"":{""infrastructure_interruption"":0,""measurement_available"":0,""not_run"":0,""numerical_failure"":0,""output_failure_unclassified"":0,""resource_failure"":0,""valid"":24},""planned"":24,""plot_error_cost_point"":true,""reference_kind"":""analytic""}"
standard_q1,cuda-rwm-sequential,4096,ordinary_workflow,24,24,analytic,0.0,0.0,7.912494933080819e-05,5.1028207457642685e-05,0.00013150776684234836,available,6.9764204291664855,6.858744345579392,7.0727601019104345,available,True,"{""bca_acceleration"":0.06410512783759827,""bca_adjusted_quantiles"":[0.05438274765127159,0.9922207331116265],""bca_bias_percentile"":0.5305530553055305,""bootstrap_expected_tail_counts"":[543.7730937650646,77.78488961684656],""claim_type"":""analytic_mse"",""conditional_squared_discrepancy"":7.912494933080819e-05,""confidence_interval"":{""high"":0.00013150776684234836,""low"":5.1028207457642685e-05},""confidence_level"":0.95,""failed_or_unavailable"":0,""interval_coverage"":""pointwise_conditional_on_supplied_reference"",""interval_method"":""BCa"",""interval_status"":""available"",""minimum_valid_repetitions"":20,""observed_estimate_mean"":0.0007336283782167449,""planned"":24,""reference_eligible"":true,""reference_kind"":""analytic"",""reference_mcse"":0.0,""reference_shift_is_confidence_interval"":false,""reference_shift_max"":7.912494933080819e-05,""reference_shift_min"":7.912494933080819e-05,""resampled_valid_count_range"":[24,24],""resampling_plan_sha256"":""5f98d320079a8eabc798d4467116f7812aebb060206306373edde009c5a7e360"",""squared_discrepancy_standard_error"":1.9108643225977284e-05,""supplied_reference_value"":0.0,""unconditional_squared_discrepancy"":7.912494933080819e-05,""undefined_bootstrap_replicates"":0,""valid"":24}","{""available_functions_missing_cost"":0,""conditioning"":""same finite function estimates as conditional error; all such costs must be complete"",""confidence_interval"":{""high"":7.0727601019104345,""low"":6.858744345579392},""function_available"":24,""interval_diagnostics"":{""bca_acceleration"":-0.024755307399207508,""bca_adjusted_quantiles"":[0.018250175809083287,0.9671730116485155],""bca_bias_percentile"":0.49404940494049404,""bootstrap_expected_tail_counts"":[182.48350791502378,328.23705652649306],""minimum_valid_repetitions"":20,""resampled_valid_count_range"":[24,24],""resampling_plan_sha256"":""5f98d320079a8eabc798d4467116f7812aebb060206306373edde009c5a7e360"",""undefined_bootstrap_replicates"":0},""interval_status"":""available"",""mean_seconds"":6.9764204291664855,""output_outcome_counts"":{""infrastructure_interruption"":0,""measurement_available"":0,""not_run"":0,""numerical_failure"":0,""output_failure_unclassified"":0,""resource_failure"":0,""valid"":24},""planned"":24,""plot_error_cost_point"":true,""reference_kind"":""analytic""}"
standard_q1,cuda-rwm-sequential,4096,research_execution,24,24,analytic,0.0,0.0,7.912494933080819e-05,5.1028207457642685e-05,0.00013150776684234836,available,10.454615770830666,10.343627666773468,10.544391006363744,available,True,"{""bca_acceleration"":0.06410512783759827,""bca_adjusted_quantiles"":[0.05438274765127159,0.9922207331116265],""bca_bias_percentile"":0.5305530553055305,""bootstrap_expected_tail_counts"":[543.7730937650646,77.78488961684656],""claim_type"":""analytic_mse"",""conditional_squared_discrepancy"":7.912494933080819e-05,""confidence_interval"":{""high"":0.00013150776684234836,""low"":5.1028207457642685e-05},""confidence_level"":0.95,""failed_or_unavailable"":0,""interval_coverage"":""pointwise_conditional_on_supplied_reference"",""interval_method"":""BCa"",""interval_status"":""available"",""minimum_valid_repetitions"":20,""observed_estimate_mean"":0.0007336283782167449,""planned"":24,""reference_eligible"":true,""reference_kind"":""analytic"",""reference_mcse"":0.0,""reference_shift_is_confidence_interval"":false,""reference_shift_max"":7.912494933080819e-05,""reference_shift_min"":7.912494933080819e-05,""resampled_valid_count_range"":[24,24],""resampling_plan_sha256"":""5f98d320079a8eabc798d4467116f7812aebb060206306373edde009c5a7e360"",""squared_discrepancy_standard_error"":1.9108643225977284e-05,""supplied_reference_value"":0.0,""unconditional_squared_discrepancy"":7.912494933080819e-05,""undefined_bootstrap_replicates"":0,""valid"":24}","{""available_functions_missing_cost"":0,""conditioning"":""same finite function estimates as conditional error; all such costs must be complete"",""confidence_interval"":{""high"":10.544391006363744,""low"":10.343627666773468},""function_available"":24,""interval_diagnostics"":{""bca_acceleration"":-0.01991928821114297,""bca_adjusted_quantiles"":[0.018879658289949277,0.9679369846316723],""bca_bias_percentile"":0.49274927492749276,""bootstrap_expected_tail_counts"":[188.77770324120283,320.5980906679084],""minimum_valid_repetitions"":20,""resampled_valid_count_range"":[24,24],""resampling_plan_sha256"":""5f98d320079a8eabc798d4467116f7812aebb060206306373edde009c5a7e360"",""undefined_bootstrap_replicates"":0},""interval_status"":""available"",""mean_seconds"":10.454615770830666,""output_outcome_counts"":{""infrastructure_interruption"":0,""measurement_available"":0,""not_run"":0,""numerical_failure"":0,""output_failure_unclassified"":0,""resource_failure"":0,""valid"":24},""planned"":24,""plot_error_cost_point"":true,""reference_kind"":""analytic""}"
q1_positive,cpu-mala-quasi_deer,1024,ordinary_workflow,24,24,analytic,0.5,0.0,0.0,,,degenerate_empirical_loss_or_difference,12.012510754165078,11.705538106475478,12.368613895541275,available,True,"{""claim_type"":""analytic_mse"",""conditional_squared_discrepancy"":0.0,""confidence_interval"":null,""confidence_level"":0.95,""failed_or_unavailable"":0,""interval_coverage"":""pointwise_conditional_on_supplied_reference"",""interval_method"":""BCa"",""interval_status"":""degenerate_empirical_loss_or_difference"",""minimum_valid_repetitions"":20,""observed_estimate_mean"":0.5,""planned"":24,""reference_eligible"":true,""reference_kind"":""analytic"",""reference_mcse"":0.0,""reference_shift_is_confidence_interval"":false,""reference_shift_max"":0.0,""reference_shift_min"":0.0,""resampling_plan_sha256"":""5f98d320079a8eabc798d4467116f7812aebb060206306373edde009c5a7e360"",""squared_discrepancy_standard_error"":null,""supplied_reference_value"":0.5,""unconditional_squared_discrepancy"":0.0,""valid"":24}","{""available_functions_missing_cost"":0,""conditioning"":""same finite function estimates as conditional error; all such costs must be complete"",""confidence_interval"":{""high"":12.368613895541275,""low"":11.705538106475478},""function_available"":24,""interval_diagnostics"":{""bca_acceleration"":0.01184189362613055,""bca_adjusted_quantiles"":[0.029263343383085835,0.9788947545083736],""bca_bias_percentile"":0.5048504850485048,""bootstrap_expected_tail_counts"":[292.60417048747524,211.03134967077239],""minimum_valid_repetitions"":20,""resampled_valid_count_range"":[24,24],""resampling_plan_sha256"":""5f98d320079a8eabc798d4467116f7812aebb060206306373edde009c5a7e360"",""undefined_bootstrap_replicates"":0},""interval_status"":""available"",""mean_seconds"":12.012510754165078,""output_outcome_counts"":{""infrastructure_interruption"":0,""measurement_available"":0,""not_run"":0,""numerical_failure"":0,""output_failure_unclassified"":0,""resource_failure"":0,""valid"":24},""planned"":24,""plot_error_cost_point"":true,""reference_kind"":""analytic""}"
q1_positive,cpu-mala-quasi_deer,1024,research_execution,24,24,analytic,0.5,0.0,0.0,,,degenerate_empirical_loss_or_difference,15.149383833334847,14.829954247808592,15.521404169214478,available,True,"{""claim_type"":""analytic_mse"",""conditional_squared_discrepancy"":0.0,""confidence_interval"":null,""confidence_level"":0.95,""failed_or_unavailable"":0,""interval_coverage"":""pointwise_conditional_on_supplied_reference"",""interval_method"":""BCa"",""interval_status"":""degenerate_empirical_loss_or_difference"",""minimum_valid_repetitions"":20,""observed_estimate_mean"":0.5,""planned"":24,""reference_eligible"":true,""reference_kind"":""analytic"",""reference_mcse"":0.0,""reference_shift_is_confidence_interval"":false,""reference_shift_max"":0.0,""reference_shift_min"":0.0,""resampling_plan_sha256"":""5f98d320079a8eabc798d4467116f7812aebb060206306373edde009c5a7e360"",""squared_discrepancy_standard_error"":null,""supplied_reference_value"":0.5,""unconditional_squared_discrepancy"":0.0,""valid"":24}","{""available_functions_missing_cost"":0,""conditioning"":""same finite function estimates as conditional error; all such costs must be complete"",""confidence_interval"":{""high"":15.521404169214478,""low"":14.829954247808592},""function_available"":24,""interval_diagnostics"":{""bca_acceleration"":0.011706103384242083,""bca_adjusted_quantiles"":[0.029427011995212027,0.9790224803648339],""bca_bias_percentile"":0.5054505450545055,""bootstrap_expected_tail_counts"":[294.24069294012503,209.75421883202625],""minimum_valid_repetitions"":20,""resampled_valid_count_range"":[24,24],""resampling_plan_sha256"":""5f98d320079a8eabc798d4467116f7812aebb060206306373edde009c5a7e360"",""undefined_bootstrap_replicates"":0},""interval_status"":""available"",""mean_seconds"":15.149383833334847,""output_outcome_counts"":{""infrastructure_interruption"":0,""measurement_available"":0,""not_run"":0,""numerical_failure"":0,""output_failure_unclassified"":0,""resource_failure"":0,""valid"":24},""planned"":24,""plot_error_cost_point"":true,""reference_kind"":""analytic""}"
q1_positive,cpu-mala-quasi_deer,4096,ordinary_workflow,24,24,analytic,0.5,0.0,0.0,,,degenerate_empirical_loss_or_difference,29.98019939583192,29.003101966367943,31.142571547007332,available,True,"{""claim_type"":""analytic_mse"",""conditional_squared_discrepancy"":0.0,""confidence_interval"":null,""confidence_level"":0.95,""failed_or_unavailable"":0,""interval_coverage"":""pointwise_conditional_on_supplied_reference"",""interval_method"":""BCa"",""interval_status"":""degenerate_empirical_loss_or_difference"",""minimum_valid_repetitions"":20,""observed_estimate_mean"":0.5,""planned"":24,""reference_eligible"":true,""reference_kind"":""analytic"",""reference_mcse"":0.0,""reference_shift_is_confidence_interval"":false,""reference_shift_max"":0.0,""reference_shift_min"":0.0,""resampling_plan_sha256"":""5f98d320079a8eabc798d4467116f7812aebb060206306373edde009c5a7e360"",""squared_discrepancy_standard_error"":null,""supplied_reference_value"":0.5,""unconditional_squared_discrepancy"":0.0,""valid"":24}","{""available_functions_missing_cost"":0,""conditioning"":""same finite function estimates as conditional error; all such costs must be complete"",""confidence_interval"":{""high"":31.142571547007332,""low"":29.003101966367943},""function_available"":24,""interval_diagnostics"":{""bca_acceleration"":0.016738589593096414,""bca_adjusted_quantiles"":[0.03171479707688499,0.9808114375344922],""bca_bias_percentile"":0.5085508550855086,""bootstrap_expected_tail_counts"":[317.116255971773,191.86643609261267],""minimum_valid_repetitions"":20,""resampled_valid_count_range"":[24,24],""resampling_plan_sha256"":""5f98d320079a8eabc798d4467116f7812aebb060206306373edde009c5a7e360"",""undefined_bootstrap_replicates"":0},""interval_status"":""available"",""mean_seconds"":29.98019939583192,""output_outcome_counts"":{""infrastructure_interruption"":0,""measurement_available"":0,""not_run"":0,""numerical_failure"":0,""output_failure_unclassified"":0,""resource_failure"":0,""valid"":24},""planned"":24,""plot_error_cost_point"":true,""reference_kind"":""analytic""}"
q1_positive,cpu-mala-quasi_deer,4096,research_execution,24,24,analytic,0.5,0.0,0.0,,,degenerate_empirical_loss_or_difference,35.160398279161235,34.107095734732646,36.346567089081006,available,True,"{""claim_type"":""analytic_mse"",""conditional_squared_discrepancy"":0.0,""confidence_interval"":null,""confidence_level"":0.95,""failed_or_unavailable"":0,""interval_coverage"":""pointwise_conditional_on_supplied_reference"",""interval_method"":""BCa"",""interval_status"":""degenerate_empirical_loss_or_difference"",""minimum_valid_repetitions"":20,""observed_estimate_mean"":0.5,""planned"":24,""reference_eligible"":true,""reference_kind"":""analytic"",""reference_mcse"":0.0,""reference_shift_is_confidence_interval"":false,""reference_shift_max"":0.0,""reference_shift_min"":0.0,""resampling_plan_sha256"":""5f98d320079a8eabc798d4467116f7812aebb060206306373edde009c5a7e360"",""squared_discrepancy_standard_error"":null,""supplied_reference_value"":0.5,""unconditional_squared_discrepancy"":0.0,""valid"":24}","{""available_functions_missing_cost"":0,""conditioning"":""same finite function estimates as conditional error; all such costs must be complete"",""confidence_interval"":{""high"":36.346567089081006,""low"":34.107095734732646},""function_available"":24,""interval_diagnostics"":{""bca_acceleration"":0.01239310792263986,""bca_adjusted_quantiles"":[0.029200585888477522,0.9788524217913315],""bca_bias_percentile"":0.5042504250425043,""bootstrap_expected_tail_counts"":[291.9766582988867,211.4546345084766],""minimum_valid_repetitions"":20,""resampled_valid_count_range"":[24,24],""resampling_plan_sha256"":""5f98d320079a8eabc798d4467116f7812aebb060206306373edde009c5a7e360"",""undefined_bootstrap_replicates"":0},""interval_status"":""available"",""mean_seconds"":35.160398279161235,""output_outcome_counts"":{""infrastructure_interruption"":0,""measurement_available"":0,""not_run"":0,""numerical_failure"":0,""output_failure_unclassified"":0,""resource_failure"":0,""valid"":24},""planned"":24,""plot_error_cost_point"":true,""reference_kind"":""analytic""}"
q1_positive,cpu-mala-sequential,1024,ordinary_workflow,24,24,analytic,0.5,0.0,0.0,,,degenerate_empirical_loss_or_difference,4.271905704169892,4.2573279497983805,4.28780802750987,available,True,"{""claim_type"":""analytic_mse"",""conditional_squared_discrepancy"":0.0,""confidence_interval"":null,""confidence_level"":0.95,""failed_or_unavailable"":0,""interval_coverage"":""pointwise_conditional_on_supplied_reference"",""interval_method"":""BCa"",""interval_status"":""degenerate_empirical_loss_or_difference"",""minimum_valid_repetitions"":20,""observed_estimate_mean"":0.5,""planned"":24,""reference_eligible"":true,""reference_kind"":""analytic"",""reference_mcse"":0.0,""reference_shift_is_confidence_interval"":false,""reference_shift_max"":0.0,""reference_shift_min"":0.0,""resampling_plan_sha256"":""5f98d320079a8eabc798d4467116f7812aebb060206306373edde009c5a7e360"",""squared_discrepancy_standard_error"":null,""supplied_reference_value"":0.5,""unconditional_squared_discrepancy"":0.0,""valid"":24}","{""available_functions_missing_cost"":0,""conditioning"":""same finite function estimates as conditional error; all such costs must be complete"",""confidence_interval"":{""high"":4.28780802750987,""low"":4.2573279497983805},""function_available"":24,""interval_diagnostics"":{""bca_acceleration"":0.005491786298724605,""bca_adjusted_quantiles"":[0.028062088738505186,0.9778342952237263],""bca_bias_percentile"":0.5058505850585059,""bootstrap_expected_tail_counts"":[280.5928252963134,221.63488205796037],""minimum_valid_repetitions"":20,""resampled_valid_count_range"":[24,24],""resampling_plan_sha256"":""5f98d320079a8eabc798d4467116f7812aebb060206306373edde009c5a7e360"",""undefined_bootstrap_replicates"":0},""interval_status"":""available"",""mean_seconds"":4.271905704169892,""output_outcome_counts"":{""infrastructure_interruption"":0,""measurement_available"":0,""not_run"":0,""numerical_failure"":0,""output_failure_unclassified"":0,""resource_failure"":0,""valid"":24},""planned"":24,""plot_error_cost_point"":true,""reference_kind"":""analytic""}"
q1_positive,cpu-mala-sequential,1024,research_execution,24,24,analytic,0.5,0.0,0.0,,,degenerate_empirical_loss_or_difference,7.385530429165745,7.34633967107747,7.434073500711605,available,True,"{""claim_type"":""analytic_mse"",""conditional_squared_discrepancy"":0.0,""confidence_interval"":null,""confidence_level"":0.95,""failed_or_unavailable"":0,""interval_coverage"":""pointwise_conditional_on_supplied_reference"",""interval_method"":""BCa"",""interval_status"":""degenerate_empirical_loss_or_difference"",""minimum_valid_repetitions"":20,""observed_estimate_mean"":0.5,""planned"":24,""reference_eligible"":true,""reference_kind"":""analytic"",""reference_mcse"":0.0,""reference_shift_is_confidence_interval"":false,""reference_shift_max"":0.0,""reference_shift_min"":0.0,""resampling_plan_sha256"":""5f98d320079a8eabc798d4467116f7812aebb060206306373edde009c5a7e360"",""squared_discrepancy_standard_error"":null,""supplied_reference_value"":0.5,""unconditional_squared_discrepancy"":0.0,""valid"":24}","{""available_functions_missing_cost"":0,""conditioning"":""same finite function estimates as conditional error; all such costs must be complete"",""confidence_interval"":{""high"":7.434073500711605,""low"":7.34633967107747},""function_available"":24,""interval_diagnostics"":{""bca_acceleration"":0.02509752095141816,""bca_adjusted_quantiles"":[0.03358714111184752,0.9822594111482384],""bca_bias_percentile"":0.5078507850785079,""bootstrap_expected_tail_counts"":[335.8378239773633,177.38814792876374],""minimum_valid_repetitions"":20,""resampled_valid_count_range"":[24,24],""resampling_plan_sha256"":""5f98d320079a8eabc798d4467116f7812aebb060206306373edde009c5a7e360"",""undefined_bootstrap_replicates"":0},""interval_status"":""available"",""mean_seconds"":7.385530429165745,""output_outcome_counts"":{""infrastructure_interruption"":0,""measurement_available"":0,""not_run"":0,""numerical_failure"":0,""output_failure_unclassified"":0,""resource_failure"":0,""valid"":24},""planned"":24,""plot_error_cost_point"":true,""reference_kind"":""analytic""}"
q1_positive,cpu-mala-sequential,4096,ordinary_workflow,24,24,analytic,0.5,0.0,0.0,,,degenerate_empirical_loss_or_difference,7.043223116665445,7.008773689765648,7.085454421163676,available,True,"{""claim_type"":""analytic_mse"",""conditional_squared_discrepancy"":0.0,""confidence_interval"":null,""confidence_level"":0.95,""failed_or_unavailable"":0,""interval_coverage"":""pointwise_conditional_on_supplied_reference"",""interval_method"":""BCa"",""interval_status"":""degenerate_empirical_loss_or_difference"",""minimum_valid_repetitions"":20,""observed_estimate_mean"":0.5,""planned"":24,""reference_eligible"":true,""reference_kind"":""analytic"",""reference_mcse"":0.0,""reference_shift_is_confidence_interval"":false,""reference_shift_max"":0.0,""reference_shift_min"":0.0,""resampling_plan_sha256"":""5f98d320079a8eabc798d4467116f7812aebb060206306373edde009c5a7e360"",""squared_discrepancy_standard_error"":null,""supplied_reference_value"":0.5,""unconditional_squared_discrepancy"":0.0,""valid"":24}","{""available_functions_missing_cost"":0,""conditioning"":""same finite function estimates as conditional error; all such costs must be complete"",""confidence_interval"":{""high"":7.085454421163676,""low"":7.008773689765648},""function_available"":24,""interval_diagnostics"":{""bca_acceleration"":0.019652169255161264,""bca_adjusted_quantiles"":[0.03532314206728642,0.9831812198808213],""bca_bias_percentile"":0.5164516451645165,""bootstrap_expected_tail_counts"":[353.1960975307969,168.17098241166784],""minimum_valid_repetitions"":20,""resampled_valid_count_range"":[24,24],""resampling_plan_sha256"":""5f98d320079a8eabc798d4467116f7812aebb060206306373edde009c5a7e360"",""undefined_bootstrap_replicates"":0},""interval_status"":""available"",""mean_seconds"":7.043223116665445,""output_outcome_counts"":{""infrastructure_interruption"":0,""measurement_available"":0,""not_run"":0,""numerical_failure"":0,""output_failure_unclassified"":0,""resource_failure"":0,""valid"":24},""planned"":24,""plot_error_cost_point"":true,""reference_kind"":""analytic""}"
q1_positive,cpu-mala-sequential,4096,research_execution,24,24,analytic,0.5,0.0,0.0,,,degenerate_empirical_loss_or_difference,12.106786383336006,12.0379028949015,12.18535709067041,available,True,"{""claim_type"":""analytic_mse"",""conditional_squared_discrepancy"":0.0,""confidence_interval"":null,""confidence_level"":0.95,""failed_or_unavailable"":0,""interval_coverage"":""pointwise_conditional_on_supplied_reference"",""interval_method"":""BCa"",""interval_status"":""degenerate_empirical_loss_or_difference"",""minimum_valid_repetitions"":20,""observed_estimate_mean"":0.5,""planned"":24,""reference_eligible"":true,""reference_kind"":""analytic"",""reference_mcse"":0.0,""reference_shift_is_confidence_interval"":false,""reference_shift_max"":0.0,""reference_shift_min"":0.0,""resampling_plan_sha256"":""5f98d320079a8eabc798d4467116f7812aebb060206306373edde009c5a7e360"",""squared_discrepancy_standard_error"":null,""supplied_reference_value"":0.5,""unconditional_squared_discrepancy"":0.0,""valid"":24}","{""available_functions_missing_cost"":0,""conditioning"":""same finite function estimates as conditional error; all such costs must be complete"",""confidence_interval"":{""high"":12.18535709067041,""low"":12.0379028949015},""function_available"":24,""interval_diagnostics"":{""bca_acceleration"":0.011500284396523073,""bca_adjusted_quantiles"":[0.0318899291010545,0.9808259459106271],""bca_bias_percentile"":0.5128512851285129,""bootstrap_expected_tail_counts"":[318.867401081444,191.72136683963956],""minimum_valid_repetitions"":20,""resampled_valid_count_range"":[24,24],""resampling_plan_sha256"":""5f98d320079a8eabc798d4467116f7812aebb060206306373edde009c5a7e360"",""undefined_bootstrap_replicates"":0},""interval_status"":""available"",""mean_seconds"":12.106786383336006,""output_outcome_counts"":{""infrastructure_interruption"":0,""measurement_available"":0,""not_run"":0,""numerical_failure"":0,""output_failure_unclassified"":0,""resource_failure"":0,""valid"":24},""planned"":24,""plot_error_cost_point"":true,""reference_kind"":""analytic""}"
q1_positive,cpu-nuts-spawn_chains,1024,ordinary_workflow,24,24,analytic,0.5,0.0,0.0005509480834007263,0.0,0.003305688500404358,available,8.209431495836384,7.994108680136774,8.453389088360895,available,True,"{""bca_acceleration"":0.1560636973057706,""bca_adjusted_quantiles"":[0.09341414499971962,0.9992602584885458],""bca_bias_percentile"":0.5451545154515451,""bootstrap_expected_tail_counts"":[934.0480358521964,7.3966753730302734],""claim_type"":""analytic_mse"",""conditional_squared_discrepancy"":0.0005509480834007263,""confidence_interval"":{""high"":0.003305688500404358,""low"":0.0},""confidence_level"":0.95,""failed_or_unavailable"":0,""interval_coverage"":""pointwise_conditional_on_supplied_reference"",""interval_method"":""BCa"",""interval_status"":""available"",""minimum_valid_repetitions"":20,""observed_estimate_mean"":0.504791259765625,""planned"":24,""reference_eligible"":true,""reference_kind"":""analytic"",""reference_mcse"":0.0,""reference_shift_is_confidence_interval"":false,""reference_shift_max"":0.0005509480834007263,""reference_shift_min"":0.0005509480834007263,""resampled_valid_count_range"":[24,24],""resampling_plan_sha256"":""5f98d320079a8eabc798d4467116f7812aebb060206306373edde009c5a7e360"",""squared_discrepancy_standard_error"":0.0005509480834007264,""supplied_reference_value"":0.5,""unconditional_squared_discrepancy"":0.0005509480834007263,""undefined_bootstrap_replicates"":0,""valid"":24}","{""available_functions_missing_cost"":0,""conditioning"":""same finite function estimates as conditional error; all such costs must be complete"",""confidence_interval"":{""high"":8.453389088360895,""low"":7.994108680136774},""function_available"":24,""interval_diagnostics"":{""bca_acceleration"":0.01319446306879513,""bca_adjusted_quantiles"":[0.030121061178817077,0.9795828889141701],""bca_bias_percentile"":0.5064506450645064,""bootstrap_expected_tail_counts"":[301.18049072699193,204.15069374721304],""minimum_valid_repetitions"":20,""resampled_valid_count_range"":[24,24],""resampling_plan_sha256"":""5f98d320079a8eabc798d4467116f7812aebb060206306373edde009c5a7e360"",""undefined_bootstrap_replicates"":0},""interval_status"":""available"",""mean_seconds"":8.209431495836384,""output_outcome_counts"":{""infrastructure_interruption"":0,""measurement_available"":0,""not_run"":0,""numerical_failure"":0,""output_failure_unclassified"":0,""resource_failure"":0,""valid"":24},""planned"":24,""plot_error_cost_point"":true,""reference_kind"":""analytic""}"
q1_positive,cpu-nuts-spawn_chains,1024,research_execution,24,24,analytic,0.5,0.0,0.0005509480834007263,0.0,0.003305688500404358,available,10.37508994166645,10.135743285356773,10.641769134395885,available,True,"{""bca_acceleration"":0.1560636973057706,""bca_adjusted_quantiles"":[0.09341414499971962,0.9992602584885458],""bca_bias_percentile"":0.5451545154515451,""bootstrap_expected_tail_counts"":[934.0480358521964,7.3966753730302734],""claim_type"":""analytic_mse"",""conditional_squared_discrepancy"":0.0005509480834007263,""confidence_interval"":{""high"":0.003305688500404358,""low"":0.0},""confidence_level"":0.95,""failed_or_unavailable"":0,""interval_coverage"":""pointwise_conditional_on_supplied_reference"",""interval_method"":""BCa"",""interval_status"":""available"",""minimum_valid_repetitions"":20,""observed_estimate_mean"":0.504791259765625,""planned"":24,""reference_eligible"":true,""reference_kind"":""analytic"",""reference_mcse"":0.0,""reference_shift_is_confidence_interval"":false,""reference_shift_max"":0.0005509480834007263,""reference_shift_min"":0.0005509480834007263,""resampled_valid_count_range"":[24,24],""resampling_plan_sha256"":""5f98d320079a8eabc798d4467116f7812aebb060206306373edde009c5a7e360"",""squared_discrepancy_standard_error"":0.0005509480834007264,""supplied_reference_value"":0.5,""unconditional_squared_discrepancy"":0.0005509480834007263,""undefined_bootstrap_replicates"":0,""valid"":24}","{""available_functions_missing_cost"":0,""conditioning"":""same finite function estimates as conditional error; all such costs must be complete"",""confidence_interval"":{""high"":10.641769134395885,""low"":10.135743285356773},""function_available"":24,""interval_diagnostics"":{""bca_acceleration"":0.012123841962392783,""bca_adjusted_quantiles"":[0.029759456638493623,0.979288430039009],""bca_bias_percentile"":0.5061506150615062,""bootstrap_expected_tail_counts"":[297.56480692829774,207.09498803994896],""minimum_valid_repetitions"":20,""resampled_valid_count_range"":[24,24],""resampling_plan_sha256"":""5f98d320079a8eabc798d4467116f7812aebb060206306373edde009c5a7e360"",""undefined_bootstrap_replicates"":0},""interval_status"":""available"",""mean_seconds"":10.37508994166645,""output_outcome_counts"":{""infrastructure_interruption"":0,""measurement_available"":0,""not_run"":0,""numerical_failure"":0,""output_failure_unclassified"":0,""resource_failure"":0,""valid"":24},""planned"":24,""plot_error_cost_point"":true,""reference_kind"":""analytic""}"
q1_positive,cpu-nuts-spawn_chains,4096,ordinary_workflow,24,4,analytic,0.5,0.0,0.0,,,fewer_than_20_valid_repetitions,17.049452375002602,,,fewer_than_20_valid_repetitions,True,"{""claim_type"":""analytic_mse"",""conditional_squared_discrepancy"":0.0,""confidence_interval"":null,""confidence_level"":0.95,""failed_or_unavailable"":20,""interval_coverage"":""pointwise_conditional_on_supplied_reference"",""interval_method"":""BCa"",""interval_status"":""fewer_than_20_valid_repetitions"",""minimum_valid_repetitions"":20,""observed_estimate_mean"":0.5,""planned"":24,""reference_eligible"":true,""reference_kind"":""analytic"",""reference_mcse"":0.0,""reference_shift_is_confidence_interval"":false,""reference_shift_max"":0.0,""reference_shift_min"":0.0,""resampling_plan_sha256"":""5f98d320079a8eabc798d4467116f7812aebb060206306373edde009c5a7e360"",""squared_discrepancy_standard_error"":null,""supplied_reference_value"":0.5,""unconditional_squared_discrepancy"":null,""valid"":4}","{""available_functions_missing_cost"":0,""conditioning"":""same finite function estimates as conditional error; all such costs must be complete"",""confidence_interval"":null,""function_available"":4,""interval_diagnostics"":{""minimum_valid_repetitions"":20,""resampling_plan_sha256"":""5f98d320079a8eabc798d4467116f7812aebb060206306373edde009c5a7e360""},""interval_status"":""fewer_than_20_valid_repetitions"",""mean_seconds"":17.049452375002602,""output_outcome_counts"":{""infrastructure_interruption"":0,""measurement_available"":0,""not_run"":0,""numerical_failure"":0,""output_failure_unclassified"":20,""resource_failure"":0,""valid"":4},""planned"":24,""plot_error_cost_point"":true,""reference_kind"":""analytic""}"
q1_positive,cpu-nuts-spawn_chains,4096,research_execution,24,4,analytic,0.5,0.0,0.0,,,fewer_than_20_valid_repetitions,19.287445175002176,,,fewer_than_20_valid_repetitions,True,"{""claim_type"":""analytic_mse"",""conditional_squared_discrepancy"":0.0,""confidence_interval"":null,""confidence_level"":0.95,""failed_or_unavailable"":20,""interval_coverage"":""pointwise_conditional_on_supplied_reference"",""interval_method"":""BCa"",""interval_status"":""fewer_than_20_valid_repetitions"",""minimum_valid_repetitions"":20,""observed_estimate_mean"":0.5,""planned"":24,""reference_eligible"":true,""reference_kind"":""analytic"",""reference_mcse"":0.0,""reference_shift_is_confidence_interval"":false,""reference_shift_max"":0.0,""reference_shift_min"":0.0,""resampling_plan_sha256"":""5f98d320079a8eabc798d4467116f7812aebb060206306373edde009c5a7e360"",""squared_discrepancy_standard_error"":null,""supplied_reference_value"":0.5,""unconditional_squared_discrepancy"":null,""valid"":4}","{""available_functions_missing_cost"":0,""conditioning"":""same finite function estimates as conditional error; all such costs must be complete"",""confidence_interval"":null,""function_available"":4,""interval_diagnostics"":{""minimum_valid_repetitions"":20,""resampling_plan_sha256"":""5f98d320079a8eabc798d4467116f7812aebb060206306373edde009c5a7e360""},""interval_status"":""fewer_than_20_valid_repetitions"",""mean_seconds"":19.287445175002176,""output_outcome_counts"":{""infrastructure_interruption"":0,""measurement_available"":0,""not_run"":0,""numerical_failure"":0,""output_failure_unclassified"":20,""resource_failure"":0,""valid"":4},""planned"":24,""plot_error_cost_point"":true,""reference_kind"":""analytic""}"
q1_positive,cpu-rwm-online_picard,1024,ordinary_workflow,24,24,analytic,0.5,0.0,0.0,,,degenerate_empirical_loss_or_difference,2.505840262495591,2.4954221408646804,2.521494042832961,available,True,"{""claim_type"":""analytic_mse"",""conditional_squared_discrepancy"":0.0,""confidence_interval"":null,""confidence_level"":0.95,""failed_or_unavailable"":0,""interval_coverage"":""pointwise_conditional_on_supplied_reference"",""interval_method"":""BCa"",""interval_status"":""degenerate_empirical_loss_or_difference"",""minimum_valid_repetitions"":20,""observed_estimate_mean"":0.5,""planned"":24,""reference_eligible"":true,""reference_kind"":""analytic"",""reference_mcse"":0.0,""reference_shift_is_confidence_interval"":false,""reference_shift_max"":0.0,""reference_shift_min"":0.0,""resampling_plan_sha256"":""5f98d320079a8eabc798d4467116f7812aebb060206306373edde009c5a7e360"",""squared_discrepancy_standard_error"":null,""supplied_reference_value"":0.5,""unconditional_squared_discrepancy"":0.0,""valid"":24}","{""available_functions_missing_cost"":0,""conditioning"":""same finite function estimates as conditional error; all such costs must be complete"",""confidence_interval"":{""high"":2.521494042832961,""low"":2.4954221408646804},""function_available"":24,""interval_diagnostics"":{""bca_acceleration"":0.04716478483696818,""bca_adjusted_quantiles"":[0.04229044745714523,0.9875594696966553],""bca_bias_percentile"":0.515051505150515,""bootstrap_expected_tail_counts"":[422.8621841239952,124.39286250314353],""minimum_valid_repetitions"":20,""resampled_valid_count_range"":[24,24],""resampling_plan_sha256"":""5f98d320079a8eabc798d4467116f7812aebb060206306373edde009c5a7e360"",""undefined_bootstrap_replicates"":0},""interval_status"":""available"",""mean_seconds"":2.505840262495591,""output_outcome_counts"":{""infrastructure_interruption"":0,""measurement_available"":0,""not_run"":0,""numerical_failure"":0,""output_failure_unclassified"":0,""resource_failure"":0,""valid"":24},""planned"":24,""plot_error_cost_point"":true,""reference_kind"":""analytic""}"
q1_positive,cpu-rwm-online_picard,1024,research_execution,24,24,analytic,0.5,0.0,0.0,,,degenerate_empirical_loss_or_difference,5.125436179163141,5.07943022120644,5.1687398240154705,available,True,"{""claim_type"":""analytic_mse"",""conditional_squared_discrepancy"":0.0,""confidence_interval"":null,""confidence_level"":0.95,""failed_or_unavailable"":0,""interval_coverage"":""pointwise_conditional_on_supplied_reference"",""interval_method"":""BCa"",""interval_status"":""degenerate_empirical_loss_or_difference"",""minimum_valid_repetitions"":20,""observed_estimate_mean"":0.5,""planned"":24,""reference_eligible"":true,""reference_kind"":""analytic"",""reference_mcse"":0.0,""reference_shift_is_confidence_interval"":false,""reference_shift_max"":0.0,""reference_shift_min"":0.0,""resampling_plan_sha256"":""5f98d320079a8eabc798d4467116f7812aebb060206306373edde009c5a7e360"",""squared_discrepancy_standard_error"":null,""supplied_reference_value"":0.5,""unconditional_squared_discrepancy"":0.0,""valid"":24}","{""available_functions_missing_cost"":0,""conditioning"":""same finite function estimates as conditional error; all such costs must be complete"",""confidence_interval"":{""high"":5.1687398240154705,""low"":5.07943022120644},""function_available"":24,""interval_diagnostics"":{""bca_acceleration"":-0.009362118442063807,""bca_adjusted_quantiles"":[0.021305170395846354,0.970944063604486],""bca_bias_percentile"":0.49394939493949397,""bootstrap_expected_tail_counts"":[213.03039878806769,290.53030801874405],""minimum_valid_repetitions"":20,""resampled_valid_count_range"":[24,24],""resampling_plan_sha256"":""5f98d320079a8eabc798d4467116f7812aebb060206306373edde009c5a7e360"",""undefined_bootstrap_replicates"":0},""interval_status"":""available"",""mean_seconds"":5.125436179163141,""output_outcome_counts"":{""infrastructure_interruption"":0,""measurement_available"":0,""not_run"":0,""numerical_failure"":0,""output_failure_unclassified"":0,""resource_failure"":0,""valid"":24},""planned"":24,""plot_error_cost_point"":true,""reference_kind"":""analytic""}"
q1_positive,cpu-rwm-online_picard,4096,ordinary_workflow,24,24,analytic,0.5,0.0,0.0,,,degenerate_empirical_loss_or_difference,3.226405687494245,3.215723656958775,3.2378667046050325,available,True,"{""claim_type"":""analytic_mse"",""conditional_squared_discrepancy"":0.0,""confidence_interval"":null,""confidence_level"":0.95,""failed_or_unavailable"":0,""interval_coverage"":""pointwise_conditional_on_supplied_reference"",""interval_method"":""BCa"",""interval_status"":""degenerate_empirical_loss_or_difference"",""minimum_valid_repetitions"":20,""observed_estimate_mean"":0.5,""planned"":24,""reference_eligible"":true,""reference_kind"":""analytic"",""reference_mcse"":0.0,""reference_shift_is_confidence_interval"":false,""reference_shift_max"":0.0,""reference_shift_min"":0.0,""resampling_plan_sha256"":""5f98d320079a8eabc798d4467116f7812aebb060206306373edde009c5a7e360"",""squared_discrepancy_standard_error"":null,""supplied_reference_value"":0.5,""unconditional_squared_discrepancy"":0.0,""valid"":24}","{""available_functions_missing_cost"":0,""conditioning"":""same finite function estimates as conditional error; all such costs must be complete"",""confidence_interval"":{""high"":3.2378667046050325,""low"":3.215723656958775},""function_available"":24,""interval_diagnostics"":{""bca_acceleration"":0.008958423211606862,""bca_adjusted_quantiles"":[0.027679892047638325,0.9775428542150225],""bca_bias_percentile"":0.502050205020502,""bootstrap_expected_tail_counts"":[276.7712405843356,224.54900070398986],""minimum_valid_repetitions"":20,""resampled_valid_count_range"":[24,24],""resampling_plan_sha256"":""5f98d320079a8eabc798d4467116f7812aebb060206306373edde009c5a7e360"",""undefined_bootstrap_replicates"":0},""interval_status"":""available"",""mean_seconds"":3.226405687494245,""output_outcome_counts"":{""infrastructure_interruption"":0,""measurement_available"":0,""not_run"":0,""numerical_failure"":0,""output_failure_unclassified"":0,""resource_failure"":0,""valid"":24},""planned"":24,""plot_error_cost_point"":true,""reference_kind"":""analytic""}"
q1_positive,cpu-rwm-online_picard,4096,research_execution,24,24,analytic,0.5,0.0,0.0,,,degenerate_empirical_loss_or_difference,6.683593674999353,6.649465229609354,6.7315804265830534,available,True,"{""claim_type"":""analytic_mse"",""conditional_squared_discrepancy"":0.0,""confidence_interval"":null,""confidence_level"":0.95,""failed_or_unavailable"":0,""interval_coverage"":""pointwise_conditional_on_supplied_reference"",""interval_method"":""BCa"",""interval_status"":""degenerate_empirical_loss_or_difference"",""minimum_valid_repetitions"":20,""observed_estimate_mean"":0.5,""planned"":24,""reference_eligible"":true,""reference_kind"":""analytic"",""reference_mcse"":0.0,""reference_shift_is_confidence_interval"":false,""reference_shift_max"":0.0,""reference_shift_min"":0.0,""resampling_plan_sha256"":""5f98d320079a8eabc798d4467116f7812aebb060206306373edde009c5a7e360"",""squared_discrepancy_standard_error"":null,""supplied_reference_value"":0.5,""unconditional_squared_discrepancy"":0.0,""valid"":24}","{""available_functions_missing_cost"":0,""conditioning"":""same finite function estimates as conditional error; all such costs must be complete"",""confidence_interval"":{""high"":6.7315804265830534,""low"":6.649465229609354},""function_available"":24,""interval_diagnostics"":{""bca_acceleration"":0.03875978996495081,""bca_adjusted_quantiles"":[0.039314823450801374,0.9858958065436715],""bca_bias_percentile"":0.5134513451345134,""bootstrap_expected_tail_counts"":[393.1089196845629,141.02783036982885],""minimum_valid_repetitions"":20,""resampled_valid_count_range"":[24,24],""resampling_plan_sha256"":""5f98d320079a8eabc798d4467116f7812aebb060206306373edde009c5a7e360"",""undefined_bootstrap_replicates"":0},""interval_status"":""available"",""mean_seconds"":6.683593674999353,""output_outcome_counts"":{""infrastructure_interruption"":0,""measurement_available"":0,""not_run"":0,""numerical_failure"":0,""output_failure_unclassified"":0,""resource_failure"":0,""valid"":24},""planned"":24,""plot_error_cost_point"":true,""reference_kind"":""analytic""}"
q1_positive,cpu-rwm-sequential,1024,ordinary_workflow,24,24,analytic,0.5,0.0,0.0,,,degenerate_empirical_loss_or_difference,2.5088531583377667,2.5002767535052195,2.5171887315292674,available,True,"{""claim_type"":""analytic_mse"",""conditional_squared_discrepancy"":0.0,""confidence_interval"":null,""confidence_level"":0.95,""failed_or_unavailable"":0,""interval_coverage"":""pointwise_conditional_on_supplied_reference"",""interval_method"":""BCa"",""interval_status"":""degenerate_empirical_loss_or_difference"",""minimum_valid_repetitions"":20,""observed_estimate_mean"":0.5,""planned"":24,""reference_eligible"":true,""reference_kind"":""analytic"",""reference_mcse"":0.0,""reference_shift_is_confidence_interval"":false,""reference_shift_max"":0.0,""reference_shift_min"":0.0,""resampling_plan_sha256"":""5f98d320079a8eabc798d4467116f7812aebb060206306373edde009c5a7e360"",""squared_discrepancy_standard_error"":null,""supplied_reference_value"":0.5,""unconditional_squared_discrepancy"":0.0,""valid"":24}","{""available_functions_missing_cost"":0,""conditioning"":""same finite function estimates as conditional error; all such costs must be complete"",""confidence_interval"":{""high"":2.5171887315292674,""low"":2.5002767535052195},""function_available"":24,""interval_diagnostics"":{""bca_acceleration"":0.005291397399590775,""bca_adjusted_quantiles"":[0.023835393603805932,0.9737621442550494],""bca_bias_percentile"":0.49184918491849183,""bootstrap_expected_tail_counts"":[238.3301006444555,262.35231959376137],""minimum_valid_repetitions"":20,""resampled_valid_count_range"":[24,24],""resampling_plan_sha256"":""5f98d320079a8eabc798d4467116f7812aebb060206306373edde009c5a7e360"",""undefined_bootstrap_replicates"":0},""interval_status"":""available"",""mean_seconds"":2.5088531583377667,""output_outcome_counts"":{""infrastructure_interruption"":0,""measurement_available"":0,""not_run"":0,""numerical_failure"":0,""output_failure_unclassified"":0,""resource_failure"":0,""valid"":24},""planned"":24,""plot_error_cost_point"":true,""reference_kind"":""analytic""}"
q1_positive,cpu-rwm-sequential,1024,research_execution,24,24,analytic,0.5,0.0,0.0,,,degenerate_empirical_loss_or_difference,5.098605358338773,5.056894043555615,5.136577121242753,available,True,"{""claim_type"":""analytic_mse"",""conditional_squared_discrepancy"":0.0,""confidence_interval"":null,""confidence_level"":0.95,""failed_or_unavailable"":0,""interval_coverage"":""pointwise_conditional_on_supplied_reference"",""interval_method"":""BCa"",""interval_status"":""degenerate_empirical_loss_or_difference"",""minimum_valid_repetitions"":20,""observed_estimate_mean"":0.5,""planned"":24,""reference_eligible"":true,""reference_kind"":""analytic"",""reference_mcse"":0.0,""reference_shift_is_confidence_interval"":false,""reference_shift_max"":0.0,""reference_shift_min"":0.0,""resampling_plan_sha256"":""5f98d320079a8eabc798d4467116f7812aebb060206306373edde009c5a7e360"",""squared_discrepancy_standard_error"":null,""supplied_reference_value"":0.5,""unconditional_squared_discrepancy"":0.0,""valid"":24}","{""available_functions_missing_cost"":0,""conditioning"":""same finite function estimates as conditional error; all such costs must be complete"",""confidence_interval"":{""high"":5.136577121242753,""low"":5.056894043555615},""function_available"":24,""interval_diagnostics"":{""bca_acceleration"":-0.004577374558079202,""bca_adjusted_quantiles"":[0.022144012096255637,0.9719003787486471],""bca_bias_percentile"":0.49334933493349337,""bootstrap_expected_tail_counts"":[221.41797695046012,280.96811289227765],""minimum_valid_repetitions"":20,""resampled_valid_count_range"":[24,24],""resampling_plan_sha256"":""5f98d320079a8eabc798d4467116f7812aebb060206306373edde009c5a7e360"",""undefined_bootstrap_replicates"":0},""interval_status"":""available"",""mean_seconds"":5.098605358338773,""output_outcome_counts"":{""infrastructure_interruption"":0,""measurement_available"":0,""not_run"":0,""numerical_failure"":0,""output_failure_unclassified"":0,""resource_failure"":0,""valid"":24},""planned"":24,""plot_error_cost_point"":true,""reference_kind"":""analytic""}"
q1_positive,cpu-rwm-sequential,4096,ordinary_workflow,24,24,analytic,0.5,0.0,0.0,,,degenerate_empirical_loss_or_difference,3.2182956166672434,3.211479191957428,3.2263693571069565,available,True,"{""claim_type"":""analytic_mse"",""conditional_squared_discrepancy"":0.0,""confidence_interval"":null,""confidence_level"":0.95,""failed_or_unavailable"":0,""interval_coverage"":""pointwise_conditional_on_supplied_reference"",""interval_method"":""BCa"",""interval_status"":""degenerate_empirical_loss_or_difference"",""minimum_valid_repetitions"":20,""observed_estimate_mean"":0.5,""planned"":24,""reference_eligible"":true,""reference_kind"":""analytic"",""reference_mcse"":0.0,""reference_shift_is_confidence_interval"":false,""reference_shift_max"":0.0,""reference_shift_min"":0.0,""resampling_plan_sha256"":""5f98d320079a8eabc798d4467116f7812aebb060206306373edde009c5a7e360"",""squared_discrepancy_standard_error"":null,""supplied_reference_value"":0.5,""unconditional_squared_discrepancy"":0.0,""valid"":24}","{""available_functions_missing_cost"":0,""conditioning"":""same finite function estimates as conditional error; all such costs must be complete"",""confidence_interval"":{""high"":3.2263693571069565,""low"":3.211479191957428},""function_available"":24,""interval_diagnostics"":{""bca_acceleration"":0.015640413667716256,""bca_adjusted_quantiles"":[0.03220482719842298,0.9811266412425963],""bca_bias_percentile"":0.5107510751075107,""bootstrap_expected_tail_counts"":[322.01606715703133,188.71471421527963],""minimum_valid_repetitions"":20,""resampled_valid_count_range"":[24,24],""resampling_plan_sha256"":""5f98d320079a8eabc798d4467116f7812aebb060206306373edde009c5a7e360"",""undefined_bootstrap_replicates"":0},""interval_status"":""available"",""mean_seconds"":3.2182956166672434,""output_outcome_counts"":{""infrastructure_interruption"":0,""measurement_available"":0,""not_run"":0,""numerical_failure"":0,""output_failure_unclassified"":0,""resource_failure"":0,""valid"":24},""planned"":24,""plot_error_cost_point"":true,""reference_kind"":""analytic""}"
q1_positive,cpu-rwm-sequential,4096,research_execution,24,24,analytic,0.5,0.0,0.0,,,degenerate_empirical_loss_or_difference,6.6827524083302405,6.650431423188555,6.7162601222205245,available,True,"{""claim_type"":""analytic_mse"",""conditional_squared_discrepancy"":0.0,""confidence_interval"":null,""confidence_level"":0.95,""failed_or_unavailable"":0,""interval_coverage"":""pointwise_conditional_on_supplied_reference"",""interval_method"":""BCa"",""interval_status"":""degenerate_empirical_loss_or_difference"",""minimum_valid_repetitions"":20,""observed_estimate_mean"":0.5,""planned"":24,""reference_eligible"":true,""reference_kind"":""analytic"",""reference_mcse"":0.0,""reference_shift_is_confidence_interval"":false,""reference_shift_max"":0.0,""reference_shift_min"":0.0,""resampling_plan_sha256"":""5f98d320079a8eabc798d4467116f7812aebb060206306373edde009c5a7e360"",""squared_discrepancy_standard_error"":null,""supplied_reference_value"":0.5,""unconditional_squared_discrepancy"":0.0,""valid"":24}","{""available_functions_missing_cost"":0,""conditioning"":""same finite function estimates as conditional error; all such costs must be complete"",""confidence_interval"":{""high"":6.7162601222205245,""low"":6.650431423188555},""function_available"":24,""interval_diagnostics"":{""bca_acceleration"":0.004027270162987033,""bca_adjusted_quantiles"":[0.02577617221035804,0.9757683615463505],""bca_bias_percentile"":0.49954995499549953,""bootstrap_expected_tail_counts"":[257.73594593137005,242.29215289804142],""minimum_valid_repetitions"":20,""resampled_valid_count_range"":[24,24],""resampling_plan_sha256"":""5f98d320079a8eabc798d4467116f7812aebb060206306373edde009c5a7e360"",""undefined_bootstrap_replicates"":0},""interval_status"":""available"",""mean_seconds"":6.6827524083302405,""output_outcome_counts"":{""infrastructure_interruption"":0,""measurement_available"":0,""not_run"":0,""numerical_failure"":0,""output_failure_unclassified"":0,""resource_failure"":0,""valid"":24},""planned"":24,""plot_error_cost_point"":true,""reference_kind"":""analytic""}"
q1_positive,cuda-mala-quasi_deer,1024,ordinary_workflow,24,24,analytic,0.5,0.0,0.0,,,degenerate_empirical_loss_or_difference,20.58799153333045,20.335700017996103,20.79466036149027,available,True,"{""claim_type"":""analytic_mse"",""conditional_squared_discrepancy"":0.0,""confidence_interval"":null,""confidence_level"":0.95,""failed_or_unavailable"":0,""interval_coverage"":""pointwise_conditional_on_supplied_reference"",""interval_method"":""BCa"",""interval_status"":""degenerate_empirical_loss_or_difference"",""minimum_valid_repetitions"":20,""observed_estimate_mean"":0.5,""planned"":24,""reference_eligible"":true,""reference_kind"":""analytic"",""reference_mcse"":0.0,""reference_shift_is_confidence_interval"":false,""reference_shift_max"":0.0,""reference_shift_min"":0.0,""resampling_plan_sha256"":""5f98d320079a8eabc798d4467116f7812aebb060206306373edde009c5a7e360"",""squared_discrepancy_standard_error"":null,""supplied_reference_value"":0.5,""unconditional_squared_discrepancy"":0.0,""valid"":24}","{""available_functions_missing_cost"":0,""conditioning"":""same finite function estimates as conditional error; all such costs must be complete"",""confidence_interval"":{""high"":20.79466036149027,""low"":20.335700017996103},""function_available"":24,""interval_diagnostics"":{""bca_acceleration"":-0.015721879800745006,""bca_adjusted_quantiles"":[0.017673402804267647,0.965939337488883],""bca_bias_percentile"":0.48414841484148413,""bootstrap_expected_tail_counts"":[176.7163546398722,340.57256444865834],""minimum_valid_repetitions"":20,""resampled_valid_count_range"":[24,24],""resampling_plan_sha256"":""5f98d320079a8eabc798d4467116f7812aebb060206306373edde009c5a7e360"",""undefined_bootstrap_replicates"":0},""interval_status"":""available"",""mean_seconds"":20.58799153333045,""output_outcome_counts"":{""infrastructure_interruption"":0,""measurement_available"":0,""not_run"":0,""numerical_failure"":0,""output_failure_unclassified"":0,""resource_failure"":0,""valid"":24},""planned"":24,""plot_error_cost_point"":true,""reference_kind"":""analytic""}"
q1_positive,cuda-mala-quasi_deer,1024,research_execution,24,24,analytic,0.5,0.0,0.0,,,degenerate_empirical_loss_or_difference,23.746381320828124,23.52272863575046,23.93443569801486,available,True,"{""claim_type"":""analytic_mse"",""conditional_squared_discrepancy"":0.0,""confidence_interval"":null,""confidence_level"":0.95,""failed_or_unavailable"":0,""interval_coverage"":""pointwise_conditional_on_supplied_reference"",""interval_method"":""BCa"",""interval_status"":""degenerate_empirical_loss_or_difference"",""minimum_valid_repetitions"":20,""observed_estimate_mean"":0.5,""planned"":24,""reference_eligible"":true,""reference_kind"":""analytic"",""reference_mcse"":0.0,""reference_shift_is_confidence_interval"":false,""reference_shift_max"":0.0,""reference_shift_min"":0.0,""resampling_plan_sha256"":""5f98d320079a8eabc798d4467116f7812aebb060206306373edde009c5a7e360"",""squared_discrepancy_standard_error"":null,""supplied_reference_value"":0.5,""unconditional_squared_discrepancy"":0.0,""valid"":24}","{""available_functions_missing_cost"":0,""conditioning"":""same finite function estimates as conditional error; all such costs must be complete"",""confidence_interval"":{""high"":23.93443569801486,""low"":23.52272863575046},""function_available"":24,""interval_diagnostics"":{""bca_acceleration"":-0.017889731056039027,""bca_adjusted_quantiles"":[0.018819170382922547,0.9677861661917062],""bca_bias_percentile"":0.49084908490849083,""bootstrap_expected_tail_counts"":[188.17288465884255,322.1061242491296],""minimum_valid_repetitions"":20,""resampled_valid_count_range"":[24,24],""resampling_plan_sha256"":""5f98d320079a8eabc798d4467116f7812aebb060206306373edde009c5a7e360"",""undefined_bootstrap_replicates"":0},""interval_status"":""available"",""mean_seconds"":23.746381320828124,""output_outcome_counts"":{""infrastructure_interruption"":0,""measurement_available"":0,""not_run"":0,""numerical_failure"":0,""output_failure_unclassified"":0,""resource_failure"":0,""valid"":24},""planned"":24,""plot_error_cost_point"":true,""reference_kind"":""analytic""}"
q1_positive,cuda-mala-quasi_deer,4096,ordinary_workflow,24,24,analytic,0.5,0.0,0.0,,,degenerate_empirical_loss_or_difference,54.558572562502455,53.53340491399653,55.25669400508245,available,True,"{""claim_type"":""analytic_mse"",""conditional_squared_discrepancy"":0.0,""confidence_interval"":null,""confidence_level"":0.95,""failed_or_unavailable"":0,""interval_coverage"":""pointwise_conditional_on_supplied_reference"",""interval_method"":""BCa"",""interval_status"":""degenerate_empirical_loss_or_difference"",""minimum_valid_repetitions"":20,""observed_estimate_mean"":0.5,""planned"":24,""reference_eligible"":true,""reference_kind"":""analytic"",""reference_mcse"":0.0,""reference_shift_is_confidence_interval"":false,""reference_shift_max"":0.0,""reference_shift_min"":0.0,""resampling_plan_sha256"":""5f98d320079a8eabc798d4467116f7812aebb060206306373edde009c5a7e360"",""squared_discrepancy_standard_error"":null,""supplied_reference_value"":0.5,""unconditional_squared_discrepancy"":0.0,""valid"":24}","{""available_functions_missing_cost"":0,""conditioning"":""same finite function estimates as conditional error; all such costs must be complete"",""confidence_interval"":{""high"":55.25669400508245,""low"":53.53340491399653},""function_available"":24,""interval_diagnostics"":{""bca_acceleration"":-0.04506670061939687,""bca_adjusted_quantiles"":[0.012339794573265252,0.9572949039366403],""bca_bias_percentile"":0.4825482548254825,""bootstrap_expected_tail_counts"":[123.38560593807925,427.00825553753367],""minimum_valid_repetitions"":20,""resampled_valid_count_range"":[24,24],""resampling_plan_sha256"":""5f98d320079a8eabc798d4467116f7812aebb060206306373edde009c5a7e360"",""undefined_bootstrap_replicates"":0},""interval_status"":""available"",""mean_seconds"":54.558572562502455,""output_outcome_counts"":{""infrastructure_interruption"":0,""measurement_available"":0,""not_run"":0,""numerical_failure"":0,""output_failure_unclassified"":0,""resource_failure"":0,""valid"":24},""planned"":24,""plot_error_cost_point"":true,""reference_kind"":""analytic""}"
q1_positive,cuda-mala-quasi_deer,4096,research_execution,24,24,analytic,0.5,0.0,0.0,,,degenerate_empirical_loss_or_difference,59.669193083333575,58.64212199664011,60.33434205244479,available,True,"{""claim_type"":""analytic_mse"",""conditional_squared_discrepancy"":0.0,""confidence_interval"":null,""confidence_level"":0.95,""failed_or_unavailable"":0,""interval_coverage"":""pointwise_conditional_on_supplied_reference"",""interval_method"":""BCa"",""interval_status"":""degenerate_empirical_loss_or_difference"",""minimum_valid_repetitions"":20,""observed_estimate_mean"":0.5,""planned"":24,""reference_eligible"":true,""reference_kind"":""analytic"",""reference_mcse"":0.0,""reference_shift_is_confidence_interval"":false,""reference_shift_max"":0.0,""reference_shift_min"":0.0,""resampling_plan_sha256"":""5f98d320079a8eabc798d4467116f7812aebb060206306373edde009c5a7e360"",""squared_discrepancy_standard_error"":null,""supplied_reference_value"":0.5,""unconditional_squared_discrepancy"":0.0,""valid"":24}","{""available_functions_missing_cost"":0,""conditioning"":""same finite function estimates as conditional error; all such costs must be complete"",""confidence_interval"":{""high"":60.33434205244479,""low"":58.64212199664011},""function_available"":24,""interval_diagnostics"":{""bca_acceleration"":-0.04927081976697502,""bca_adjusted_quantiles"":[0.011242024519331633,0.9549341364929654],""bca_bias_percentile"":0.47984798479847984,""bootstrap_expected_tail_counts"":[112.409003168797,450.61356920683863],""minimum_valid_repetitions"":20,""resampled_valid_count_range"":[24,24],""resampling_plan_sha256"":""5f98d320079a8eabc798d4467116f7812aebb060206306373edde009c5a7e360"",""undefined_bootstrap_replicates"":0},""interval_status"":""available"",""mean_seconds"":59.669193083333575,""output_outcome_counts"":{""infrastructure_interruption"":0,""measurement_available"":0,""not_run"":0,""numerical_failure"":0,""output_failure_unclassified"":0,""resource_failure"":0,""valid"":24},""planned"":24,""plot_error_cost_point"":true,""reference_kind"":""analytic""}"
q1_positive,cuda-mala-sequential,1024,ordinary_workflow,24,24,analytic,0.5,0.0,0.0,,,degenerate_empirical_loss_or_difference,8.017630283331187,7.888784481937541,8.098466334093182,available,True,"{""claim_type"":""analytic_mse"",""conditional_squared_discrepancy"":0.0,""confidence_interval"":null,""confidence_level"":0.95,""failed_or_unavailable"":0,""interval_coverage"":""pointwise_conditional_on_supplied_reference"",""interval_method"":""BCa"",""interval_status"":""degenerate_empirical_loss_or_difference"",""minimum_valid_repetitions"":20,""observed_estimate_mean"":0.5,""planned"":24,""reference_eligible"":true,""reference_kind"":""analytic"",""reference_mcse"":0.0,""reference_shift_is_confidence_interval"":false,""reference_shift_max"":0.0,""reference_shift_min"":0.0,""resampling_plan_sha256"":""5f98d320079a8eabc798d4467116f7812aebb060206306373edde009c5a7e360"",""squared_discrepancy_standard_error"":null,""supplied_reference_value"":0.5,""unconditional_squared_discrepancy"":0.0,""valid"":24}","{""available_functions_missing_cost"":0,""conditioning"":""same finite function estimates as conditional error; all such costs must be complete"",""confidence_interval"":{""high"":8.098466334093182,""low"":7.888784481937541},""function_available"":24,""interval_diagnostics"":{""bca_acceleration"":-0.04973762923552994,""bca_adjusted_quantiles"":[0.011372613637072043,0.9553221459260437],""bca_bias_percentile"":0.48104810481048105,""bootstrap_expected_tail_counts"":[113.71476375708336,446.7338628854891],""minimum_valid_repetitions"":20,""resampled_valid_count_range"":[24,24],""resampling_plan_sha256"":""5f98d320079a8eabc798d4467116f7812aebb060206306373edde009c5a7e360"",""undefined_bootstrap_replicates"":0},""interval_status"":""available"",""mean_seconds"":8.017630283331187,""output_outcome_counts"":{""infrastructure_interruption"":0,""measurement_available"":0,""not_run"":0,""numerical_failure"":0,""output_failure_unclassified"":0,""resource_failure"":0,""valid"":24},""planned"":24,""plot_error_cost_point"":true,""reference_kind"":""analytic""}"
q1_positive,cuda-mala-sequential,1024,research_execution,24,24,analytic,0.5,0.0,0.0,,,degenerate_empirical_loss_or_difference,11.177210937499732,11.059690709741975,11.255731893920142,available,True,"{""claim_type"":""analytic_mse"",""conditional_squared_discrepancy"":0.0,""confidence_interval"":null,""confidence_level"":0.95,""failed_or_unavailable"":0,""interval_coverage"":""pointwise_conditional_on_supplied_reference"",""interval_method"":""BCa"",""interval_status"":""degenerate_empirical_loss_or_difference"",""minimum_valid_repetitions"":20,""observed_estimate_mean"":0.5,""planned"":24,""reference_eligible"":true,""reference_kind"":""analytic"",""reference_mcse"":0.0,""reference_shift_is_confidence_interval"":false,""reference_shift_max"":0.0,""reference_shift_min"":0.0,""resampling_plan_sha256"":""5f98d320079a8eabc798d4467116f7812aebb060206306373edde009c5a7e360"",""squared_discrepancy_standard_error"":null,""supplied_reference_value"":0.5,""unconditional_squared_discrepancy"":0.0,""valid"":24}","{""available_functions_missing_cost"":0,""conditioning"":""same finite function estimates as conditional error; all such costs must be complete"",""confidence_interval"":{""high"":11.255731893920142,""low"":11.059690709741975},""function_available"":24,""interval_diagnostics"":{""bca_acceleration"":-0.04126831218181032,""bca_adjusted_quantiles"":[0.012048484388651156,0.9562454800228488],""bca_bias_percentile"":0.47754775477547756,""bootstrap_expected_tail_counts"":[120.47279540212291,437.5014452515347],""minimum_valid_repetitions"":20,""resampled_valid_count_range"":[24,24],""resampling_plan_sha256"":""5f98d320079a8eabc798d4467116f7812aebb060206306373edde009c5a7e360"",""undefined_bootstrap_replicates"":0},""interval_status"":""available"",""mean_seconds"":11.177210937499732,""output_outcome_counts"":{""infrastructure_interruption"":0,""measurement_available"":0,""not_run"":0,""numerical_failure"":0,""output_failure_unclassified"":0,""resource_failure"":0,""valid"":24},""planned"":24,""plot_error_cost_point"":true,""reference_kind"":""analytic""}"
q1_positive,cuda-mala-sequential,4096,ordinary_workflow,24,24,analytic,0.5,0.0,0.0,,,degenerate_empirical_loss_or_difference,17.660789549999663,17.122724367898396,18.09236437276629,available,True,"{""claim_type"":""analytic_mse"",""conditional_squared_discrepancy"":0.0,""confidence_interval"":null,""confidence_level"":0.95,""failed_or_unavailable"":0,""interval_coverage"":""pointwise_conditional_on_supplied_reference"",""interval_method"":""BCa"",""interval_status"":""degenerate_empirical_loss_or_difference"",""minimum_valid_repetitions"":20,""observed_estimate_mean"":0.5,""planned"":24,""reference_eligible"":true,""reference_kind"":""analytic"",""reference_mcse"":0.0,""reference_shift_is_confidence_interval"":false,""reference_shift_max"":0.0,""reference_shift_min"":0.0,""resampling_plan_sha256"":""5f98d320079a8eabc798d4467116f7812aebb060206306373edde009c5a7e360"",""squared_discrepancy_standard_error"":null,""supplied_reference_value"":0.5,""unconditional_squared_discrepancy"":0.0,""valid"":24}","{""available_functions_missing_cost"":0,""conditioning"":""same finite function estimates as conditional error; all such costs must be complete"",""confidence_interval"":{""high"":18.09236437276629,""low"":17.122724367898396},""function_available"":24,""interval_diagnostics"":{""bca_acceleration"":-0.020941049803666668,""bca_adjusted_quantiles"":[0.01832442141311421,0.967152874144574],""bca_bias_percentile"":0.49124912491249123,""bootstrap_expected_tail_counts"":[183.225889709729,328.438411428405],""minimum_valid_repetitions"":20,""resampled_valid_count_range"":[24,24],""resampling_plan_sha256"":""5f98d320079a8eabc798d4467116f7812aebb060206306373edde009c5a7e360"",""undefined_bootstrap_replicates"":0},""interval_status"":""available"",""mean_seconds"":17.660789549999663,""output_outcome_counts"":{""infrastructure_interruption"":0,""measurement_available"":0,""not_run"":0,""numerical_failure"":0,""output_failure_unclassified"":0,""resource_failure"":0,""valid"":24},""planned"":24,""plot_error_cost_point"":true,""reference_kind"":""analytic""}"
q1_positive,cuda-mala-sequential,4096,research_execution,24,24,analytic,0.5,0.0,0.0,,,degenerate_empirical_loss_or_difference,22.7418667000004,22.233260776518062,23.12927112091831,available,True,"{""claim_type"":""analytic_mse"",""conditional_squared_discrepancy"":0.0,""confidence_interval"":null,""confidence_level"":0.95,""failed_or_unavailable"":0,""interval_coverage"":""pointwise_conditional_on_supplied_reference"",""interval_method"":""BCa"",""interval_status"":""degenerate_empirical_loss_or_difference"",""minimum_valid_repetitions"":20,""observed_estimate_mean"":0.5,""planned"":24,""reference_eligible"":true,""reference_kind"":""analytic"",""reference_mcse"":0.0,""reference_shift_is_confidence_interval"":false,""reference_shift_max"":0.0,""reference_shift_min"":0.0,""resampling_plan_sha256"":""5f98d320079a8eabc798d4467116f7812aebb060206306373edde009c5a7e360"",""squared_discrepancy_standard_error"":null,""supplied_reference_value"":0.5,""unconditional_squared_discrepancy"":0.0,""valid"":24}","{""available_functions_missing_cost"":0,""conditioning"":""same finite function estimates as conditional error; all such costs must be complete"",""confidence_interval"":{""high"":23.12927112091831,""low"":22.233260776518062},""function_available"":24,""interval_diagnostics"":{""bca_acceleration"":-0.025930338845203266,""bca_adjusted_quantiles"":[0.0170612681440006,0.9653656837584147],""bca_bias_percentile"":0.4898489848984898,""bootstrap_expected_tail_counts"":[170.595620171862,346.30852809961146],""minimum_valid_repetitions"":20,""resampled_valid_count_range"":[24,24],""resampling_plan_sha256"":""5f98d320079a8eabc798d4467116f7812aebb060206306373edde009c5a7e360"",""undefined_bootstrap_replicates"":0},""interval_status"":""available"",""mean_seconds"":22.7418667000004,""output_outcome_counts"":{""infrastructure_interruption"":0,""measurement_available"":0,""not_run"":0,""numerical_failure"":0,""output_failure_unclassified"":0,""resource_failure"":0,""valid"":24},""planned"":24,""plot_error_cost_point"":true,""reference_kind"":""analytic""}"
q1_positive,cuda-rwm-online_picard,1024,ordinary_workflow,24,24,analytic,0.5,0.0,0.0,,,degenerate_empirical_loss_or_difference,3.369818312502806,3.3562350490292907,3.388169348258123,available,True,"{""claim_type"":""analytic_mse"",""conditional_squared_discrepancy"":0.0,""confidence_interval"":null,""confidence_level"":0.95,""failed_or_unavailable"":0,""interval_coverage"":""pointwise_conditional_on_supplied_reference"",""interval_method"":""BCa"",""interval_status"":""degenerate_empirical_loss_or_difference"",""minimum_valid_repetitions"":20,""observed_estimate_mean"":0.5,""planned"":24,""reference_eligible"":true,""reference_kind"":""analytic"",""reference_mcse"":0.0,""reference_shift_is_confidence_interval"":false,""reference_shift_max"":0.0,""reference_shift_min"":0.0,""resampling_plan_sha256"":""5f98d320079a8eabc798d4467116f7812aebb060206306373edde009c5a7e360"",""squared_discrepancy_standard_error"":null,""supplied_reference_value"":0.5,""unconditional_squared_discrepancy"":0.0,""valid"":24}","{""available_functions_missing_cost"":0,""conditioning"":""same finite function estimates as conditional error; all such costs must be complete"",""confidence_interval"":{""high"":3.388169348258123,""low"":3.3562350490292907},""function_available"":24,""interval_diagnostics"":{""bca_acceleration"":0.037087308737173204,""bca_adjusted_quantiles"":[0.039415357702021266,0.9858896178796748],""bca_bias_percentile"":0.5148514851485149,""bootstrap_expected_tail_counts"":[394.11416166251064,141.08971082113194],""minimum_valid_repetitions"":20,""resampled_valid_count_range"":[24,24],""resampling_plan_sha256"":""5f98d320079a8eabc798d4467116f7812aebb060206306373edde009c5a7e360"",""undefined_bootstrap_replicates"":0},""interval_status"":""available"",""mean_seconds"":3.369818312502806,""output_outcome_counts"":{""infrastructure_interruption"":0,""measurement_available"":0,""not_run"":0,""numerical_failure"":0,""output_failure_unclassified"":0,""resource_failure"":0,""valid"":24},""planned"":24,""plot_error_cost_point"":true,""reference_kind"":""analytic""}"
q1_positive,cuda-rwm-online_picard,1024,research_execution,24,24,analytic,0.5,0.0,0.0,,,degenerate_empirical_loss_or_difference,5.990682579158677,5.949526243016767,6.0350260428623015,available,True,"{""claim_type"":""analytic_mse"",""conditional_squared_discrepancy"":0.0,""confidence_interval"":null,""confidence_level"":0.95,""failed_or_unavailable"":0,""interval_coverage"":""pointwise_conditional_on_supplied_reference"",""interval_method"":""BCa"",""interval_status"":""degenerate_empirical_loss_or_difference"",""minimum_valid_repetitions"":20,""observed_estimate_mean"":0.5,""planned"":24,""reference_eligible"":true,""reference_kind"":""analytic"",""reference_mcse"":0.0,""reference_shift_is_confidence_interval"":false,""reference_shift_max"":0.0,""reference_shift_min"":0.0,""resampling_plan_sha256"":""5f98d320079a8eabc798d4467116f7812aebb060206306373edde009c5a7e360"",""squared_discrepancy_standard_error"":null,""supplied_reference_value"":0.5,""unconditional_squared_discrepancy"":0.0,""valid"":24}","{""available_functions_missing_cost"":0,""conditioning"":""same finite function estimates as conditional error; all such costs must be complete"",""confidence_interval"":{""high"":6.0350260428623015,""low"":5.949526243016767},""function_available"":24,""interval_diagnostics"":{""bca_acceleration"":0.013132276186294724,""bca_adjusted_quantiles"":[0.0276256647782826,0.9775349886891294],""bca_bias_percentile"":0.49874987498749873,""bootstrap_expected_tail_counts"":[276.22902211804774,224.62764809739554],""minimum_valid_repetitions"":20,""resampled_valid_count_range"":[24,24],""resampling_plan_sha256"":""5f98d320079a8eabc798d4467116f7812aebb060206306373edde009c5a7e360"",""undefined_bootstrap_replicates"":0},""interval_status"":""available"",""mean_seconds"":5.990682579158677,""output_outcome_counts"":{""infrastructure_interruption"":0,""measurement_available"":0,""not_run"":0,""numerical_failure"":0,""output_failure_unclassified"":0,""resource_failure"":0,""valid"":24},""planned"":24,""plot_error_cost_point"":true,""reference_kind"":""analytic""}"
q1_positive,cuda-rwm-online_picard,4096,ordinary_workflow,24,24,analytic,0.5,0.0,0.0,,,degenerate_empirical_loss_or_difference,5.256091679164797,5.2165329880704725,5.29511608432437,available,True,"{""claim_type"":""analytic_mse"",""conditional_squared_discrepancy"":0.0,""confidence_interval"":null,""confidence_level"":0.95,""failed_or_unavailable"":0,""interval_coverage"":""pointwise_conditional_on_supplied_reference"",""interval_method"":""BCa"",""interval_status"":""degenerate_empirical_loss_or_difference"",""minimum_valid_repetitions"":20,""observed_estimate_mean"":0.5,""planned"":24,""reference_eligible"":true,""reference_kind"":""analytic"",""reference_mcse"":0.0,""reference_shift_is_confidence_interval"":false,""reference_shift_max"":0.0,""reference_shift_min"":0.0,""resampling_plan_sha256"":""5f98d320079a8eabc798d4467116f7812aebb060206306373edde009c5a7e360"",""squared_discrepancy_standard_error"":null,""supplied_reference_value"":0.5,""unconditional_squared_discrepancy"":0.0,""valid"":24}","{""available_functions_missing_cost"":0,""conditioning"":""same finite function estimates as conditional error; all such costs must be complete"",""confidence_interval"":{""high"":5.29511608432437,""low"":5.2165329880704725},""function_available"":24,""interval_diagnostics"":{""bca_acceleration"":-0.00320880106280453,""bca_adjusted_quantiles"":[0.023503112402958957,0.973444195632658],""bca_bias_percentile"":0.49724972497249725,""bootstrap_expected_tail_counts"":[235.0076209171866,265.53148786905217],""minimum_valid_repetitions"":20,""resampled_valid_count_range"":[24,24],""resampling_plan_sha256"":""5f98d320079a8eabc798d4467116f7812aebb060206306373edde009c5a7e360"",""undefined_bootstrap_replicates"":0},""interval_status"":""available"",""mean_seconds"":5.256091679164797,""output_outcome_counts"":{""infrastructure_interruption"":0,""measurement_available"":0,""not_run"":0,""numerical_failure"":0,""output_failure_unclassified"":0,""resource_failure"":0,""valid"":24},""planned"":24,""plot_error_cost_point"":true,""reference_kind"":""analytic""}"
q1_positive,cuda-rwm-online_picard,4096,research_execution,24,24,analytic,0.5,0.0,0.0,,,degenerate_empirical_loss_or_difference,8.74969381250427,8.69112817915372,8.80751426746315,available,True,"{""claim_type"":""analytic_mse"",""conditional_squared_discrepancy"":0.0,""confidence_interval"":null,""confidence_level"":0.95,""failed_or_unavailable"":0,""interval_coverage"":""pointwise_conditional_on_supplied_reference"",""interval_method"":""BCa"",""interval_status"":""degenerate_empirical_loss_or_difference"",""minimum_valid_repetitions"":20,""observed_estimate_mean"":0.5,""planned"":24,""reference_eligible"":true,""reference_kind"":""analytic"",""reference_mcse"":0.0,""reference_shift_is_confidence_interval"":false,""reference_shift_max"":0.0,""reference_shift_min"":0.0,""resampling_plan_sha256"":""5f98d320079a8eabc798d4467116f7812aebb060206306373edde009c5a7e360"",""squared_discrepancy_standard_error"":null,""supplied_reference_value"":0.5,""unconditional_squared_discrepancy"":0.0,""valid"":24}","{""available_functions_missing_cost"":0,""conditioning"":""same finite function estimates as conditional error; all such costs must be complete"",""confidence_interval"":{""high"":8.80751426746315,""low"":8.69112817915372},""function_available"":24,""interval_diagnostics"":{""bca_acceleration"":0.0013097679169367842,""bca_adjusted_quantiles"":[0.02381242018731141,0.9737566640574514],""bca_bias_percentile"":0.49484948494849484,""bootstrap_expected_tail_counts"":[238.1003894529268,262.4071160895432],""minimum_valid_repetitions"":20,""resampled_valid_count_range"":[24,24],""resampling_plan_sha256"":""5f98d320079a8eabc798d4467116f7812aebb060206306373edde009c5a7e360"",""undefined_bootstrap_replicates"":0},""interval_status"":""available"",""mean_seconds"":8.74969381250427,""output_outcome_counts"":{""infrastructure_interruption"":0,""measurement_available"":0,""not_run"":0,""numerical_failure"":0,""output_failure_unclassified"":0,""resource_failure"":0,""valid"":24},""planned"":24,""plot_error_cost_point"":true,""reference_kind"":""analytic""}"
q1_positive,cuda-rwm-sequential,1024,ordinary_workflow,24,24,analytic,0.5,0.0,0.0,,,degenerate_empirical_loss_or_difference,3.76318486666734,3.741375826702977,3.7888466657937796,available,True,"{""claim_type"":""analytic_mse"",""conditional_squared_discrepancy"":0.0,""confidence_interval"":null,""confidence_level"":0.95,""failed_or_unavailable"":0,""interval_coverage"":""pointwise_conditional_on_supplied_reference"",""interval_method"":""BCa"",""interval_status"":""degenerate_empirical_loss_or_difference"",""minimum_valid_repetitions"":20,""observed_estimate_mean"":0.5,""planned"":24,""reference_eligible"":true,""reference_kind"":""analytic"",""reference_mcse"":0.0,""reference_shift_is_confidence_interval"":false,""reference_shift_max"":0.0,""reference_shift_min"":0.0,""resampling_plan_sha256"":""5f98d320079a8eabc798d4467116f7812aebb060206306373edde009c5a7e360"",""squared_discrepancy_standard_error"":null,""supplied_reference_value"":0.5,""unconditional_squared_discrepancy"":0.0,""valid"":24}","{""available_functions_missing_cost"":0,""conditioning"":""same finite function estimates as conditional error; all such costs must be complete"",""confidence_interval"":{""high"":3.7888466657937796,""low"":3.741375826702977},""function_available"":24,""interval_diagnostics"":{""bca_acceleration"":0.019194023917206687,""bca_adjusted_quantiles"":[0.030521199775223103,0.9799891569412537],""bca_bias_percentile"":0.5032503250325032,""bootstrap_expected_tail_counts"":[305.1814765524558,200.08841974440466],""minimum_valid_repetitions"":20,""resampled_valid_count_range"":[24,24],""resampling_plan_sha256"":""5f98d320079a8eabc798d4467116f7812aebb060206306373edde009c5a7e360"",""undefined_bootstrap_replicates"":0},""interval_status"":""available"",""mean_seconds"":3.76318486666734,""output_outcome_counts"":{""infrastructure_interruption"":0,""measurement_available"":0,""not_run"":0,""numerical_failure"":0,""output_failure_unclassified"":0,""resource_failure"":0,""valid"":24},""planned"":24,""plot_error_cost_point"":true,""reference_kind"":""analytic""}"
q1_positive,cuda-rwm-sequential,1024,research_execution,24,24,analytic,0.5,0.0,0.0,,,degenerate_empirical_loss_or_difference,6.384040570836078,6.343773948183694,6.434986746414012,available,True,"{""claim_type"":""analytic_mse"",""conditional_squared_discrepancy"":0.0,""confidence_interval"":null,""confidence_level"":0.95,""failed_or_unavailable"":0,""interval_coverage"":""pointwise_conditional_on_supplied_reference"",""interval_method"":""BCa"",""interval_status"":""degenerate_empirical_loss_or_difference"",""minimum_valid_repetitions"":20,""observed_estimate_mean"":0.5,""planned"":24,""reference_eligible"":true,""reference_kind"":""analytic"",""reference_mcse"":0.0,""reference_shift_is_confidence_interval"":false,""reference_shift_max"":0.0,""reference_shift_min"":0.0,""resampling_plan_sha256"":""5f98d320079a8eabc798d4467116f7812aebb060206306373edde009c5a7e360"",""squared_discrepancy_standard_error"":null,""supplied_reference_value"":0.5,""unconditional_squared_discrepancy"":0.0,""valid"":24}","{""available_functions_missing_cost"":0,""conditioning"":""same finite function estimates as conditional error; all such costs must be complete"",""confidence_interval"":{""high"":6.434986746414012,""low"":6.343773948183694},""function_available"":24,""interval_diagnostics"":{""bca_acceleration"":0.03137897416927567,""bca_adjusted_quantiles"":[0.03498602008850863,0.9832994641457552],""bca_bias_percentile"":0.5072507250725072,""bootstrap_expected_tail_counts"":[349.8252148649978,166.98865800659377],""minimum_valid_repetitions"":20,""resampled_valid_count_range"":[24,24],""resampling_plan_sha256"":""5f98d320079a8eabc798d4467116f7812aebb060206306373edde009c5a7e360"",""undefined_bootstrap_replicates"":0},""interval_status"":""available"",""mean_seconds"":6.384040570836078,""output_outcome_counts"":{""infrastructure_interruption"":0,""measurement_available"":0,""not_run"":0,""numerical_failure"":0,""output_failure_unclassified"":0,""resource_failure"":0,""valid"":24},""planned"":24,""plot_error_cost_point"":true,""reference_kind"":""analytic""}"
q1_positive,cuda-rwm-sequential,4096,ordinary_workflow,24,24,analytic,0.5,0.0,0.0,,,degenerate_empirical_loss_or_difference,6.9764204291664855,6.858744345579392,7.0727601019104345,available,True,"{""claim_type"":""analytic_mse"",""conditional_squared_discrepancy"":0.0,""confidence_interval"":null,""confidence_level"":0.95,""failed_or_unavailable"":0,""interval_coverage"":""pointwise_conditional_on_supplied_reference"",""interval_method"":""BCa"",""interval_status"":""degenerate_empirical_loss_or_difference"",""minimum_valid_repetitions"":20,""observed_estimate_mean"":0.5,""planned"":24,""reference_eligible"":true,""reference_kind"":""analytic"",""reference_mcse"":0.0,""reference_shift_is_confidence_interval"":false,""reference_shift_max"":0.0,""reference_shift_min"":0.0,""resampling_plan_sha256"":""5f98d320079a8eabc798d4467116f7812aebb060206306373edde009c5a7e360"",""squared_discrepancy_standard_error"":null,""supplied_reference_value"":0.5,""unconditional_squared_discrepancy"":0.0,""valid"":24}","{""available_functions_missing_cost"":0,""conditioning"":""same finite function estimates as conditional error; all such costs must be complete"",""confidence_interval"":{""high"":7.0727601019104345,""low"":6.858744345579392},""function_available"":24,""interval_diagnostics"":{""bca_acceleration"":-0.024755307399207508,""bca_adjusted_quantiles"":[0.018250175809083287,0.9671730116485155],""bca_bias_percentile"":0.49404940494049404,""bootstrap_expected_tail_counts"":[182.48350791502378,328.23705652649306],""minimum_valid_repetitions"":20,""resampled_valid_count_range"":[24,24],""resampling_plan_sha256"":""5f98d320079a8eabc798d4467116f7812aebb060206306373edde009c5a7e360"",""undefined_bootstrap_replicates"":0},""interval_status"":""available"",""mean_seconds"":6.9764204291664855,""output_outcome_counts"":{""infrastructure_interruption"":0,""measurement_available"":0,""not_run"":0,""numerical_failure"":0,""output_failure_unclassified"":0,""resource_failure"":0,""valid"":24},""planned"":24,""plot_error_cost_point"":true,""reference_kind"":""analytic""}"
q1_positive,cuda-rwm-sequential,4096,research_execution,24,24,analytic,0.5,0.0,0.0,,,degenerate_empirical_loss_or_difference,10.454615770830666,10.343627666773468,10.544391006363744,available,True,"{""claim_type"":""analytic_mse"",""conditional_squared_discrepancy"":0.0,""confidence_interval"":null,""confidence_level"":0.95,""failed_or_unavailable"":0,""interval_coverage"":""pointwise_conditional_on_supplied_reference"",""interval_method"":""BCa"",""interval_status"":""degenerate_empirical_loss_or_difference"",""minimum_valid_repetitions"":20,""observed_estimate_mean"":0.5,""planned"":24,""reference_eligible"":true,""reference_kind"":""analytic"",""reference_mcse"":0.0,""reference_shift_is_confidence_interval"":false,""reference_shift_max"":0.0,""reference_shift_min"":0.0,""resampling_plan_sha256"":""5f98d320079a8eabc798d4467116f7812aebb060206306373edde009c5a7e360"",""squared_discrepancy_standard_error"":null,""supplied_reference_value"":0.5,""unconditional_squared_discrepancy"":0.0,""valid"":24}","{""available_functions_missing_cost"":0,""conditioning"":""same finite function estimates as conditional error; all such costs must be complete"",""confidence_interval"":{""high"":10.544391006363744,""low"":10.343627666773468},""function_available"":24,""interval_diagnostics"":{""bca_acceleration"":-0.01991928821114297,""bca_adjusted_quantiles"":[0.018879658289949277,0.9679369846316723],""bca_bias_percentile"":0.49274927492749276,""bootstrap_expected_tail_counts"":[188.77770324120283,320.5980906679084],""minimum_valid_repetitions"":20,""resampled_valid_count_range"":[24,24],""resampling_plan_sha256"":""5f98d320079a8eabc798d4467116f7812aebb060206306373edde009c5a7e360"",""undefined_bootstrap_replicates"":0},""interval_status"":""available"",""mean_seconds"":10.454615770830666,""output_outcome_counts"":{""infrastructure_interruption"":0,""measurement_available"":0,""not_run"":0,""numerical_failure"":0,""output_failure_unclassified"":0,""resource_failure"":0,""valid"":24},""planned"":24,""plot_error_cost_point"":true,""reference_kind"":""analytic""}"
q2,cpu-mala-quasi_deer,1024,ordinary_workflow,24,24,analytic,0.0,0.0,0.0008239618479689535,0.0004931488967138712,0.0013441101927554474,available,12.012510754165078,11.705538106475478,12.368613895541275,available,True,"{""bca_acceleration"":0.04723559010244729,""bca_adjusted_quantiles"":[0.04557465808046148,0.9888711624844148],""bca_bias_percentile"":0.5226522652265226,""bootstrap_expected_tail_counts"":[455.7010061465344,111.27724631833685],""claim_type"":""analytic_mse"",""conditional_squared_discrepancy"":0.0008239618479689535,""confidence_interval"":{""high"":0.0013441101927554474,""low"":0.0004931488967138712},""confidence_level"":0.95,""failed_or_unavailable"":0,""interval_coverage"":""pointwise_conditional_on_supplied_reference"",""interval_method"":""BCa"",""interval_status"":""available"",""minimum_valid_repetitions"":20,""observed_estimate_mean"":0.006705763683867521,""planned"":24,""reference_eligible"":true,""reference_kind"":""analytic"",""reference_mcse"":0.0,""reference_shift_is_confidence_interval"":false,""reference_shift_max"":0.0008239618479689535,""reference_shift_min"":0.0008239618479689535,""resampled_valid_count_range"":[24,24],""resampling_plan_sha256"":""5f98d320079a8eabc798d4467116f7812aebb060206306373edde009c5a7e360"",""squared_discrepancy_standard_error"":0.00021143633222321976,""supplied_reference_value"":0.0,""unconditional_squared_discrepancy"":0.0008239618479689535,""undefined_bootstrap_replicates"":0,""valid"":24}","{""available_functions_missing_cost"":0,""conditioning"":""same finite function estimates as conditional error; all such costs must be complete"",""confidence_interval"":{""high"":12.368613895541275,""low"":11.705538106475478},""function_available"":24,""interval_diagnostics"":{""bca_acceleration"":0.01184189362613055,""bca_adjusted_quantiles"":[0.029263343383085835,0.9788947545083736],""bca_bias_percentile"":0.5048504850485048,""bootstrap_expected_tail_counts"":[292.60417048747524,211.03134967077239],""minimum_valid_repetitions"":20,""resampled_valid_count_range"":[24,24],""resampling_plan_sha256"":""5f98d320079a8eabc798d4467116f7812aebb060206306373edde009c5a7e360"",""undefined_bootstrap_replicates"":0},""interval_status"":""available"",""mean_seconds"":12.012510754165078,""output_outcome_counts"":{""infrastructure_interruption"":0,""measurement_available"":0,""not_run"":0,""numerical_failure"":0,""output_failure_unclassified"":0,""resource_failure"":0,""valid"":24},""planned"":24,""plot_error_cost_point"":true,""reference_kind"":""analytic""}"
q2,cpu-mala-quasi_deer,1024,research_execution,24,24,analytic,0.0,0.0,0.0008239618479689535,0.0004931488967138712,0.0013441101927554474,available,15.149383833334847,14.829954247808592,15.521404169214478,available,True,"{""bca_acceleration"":0.04723559010244729,""bca_adjusted_quantiles"":[0.04557465808046148,0.9888711624844148],""bca_bias_percentile"":0.5226522652265226,""bootstrap_expected_tail_counts"":[455.7010061465344,111.27724631833685],""claim_type"":""analytic_mse"",""conditional_squared_discrepancy"":0.0008239618479689535,""confidence_interval"":{""high"":0.0013441101927554474,""low"":0.0004931488967138712},""confidence_level"":0.95,""failed_or_unavailable"":0,""interval_coverage"":""pointwise_conditional_on_supplied_reference"",""interval_method"":""BCa"",""interval_status"":""available"",""minimum_valid_repetitions"":20,""observed_estimate_mean"":0.006705763683867521,""planned"":24,""reference_eligible"":true,""reference_kind"":""analytic"",""reference_mcse"":0.0,""reference_shift_is_confidence_interval"":false,""reference_shift_max"":0.0008239618479689535,""reference_shift_min"":0.0008239618479689535,""resampled_valid_count_range"":[24,24],""resampling_plan_sha256"":""5f98d320079a8eabc798d4467116f7812aebb060206306373edde009c5a7e360"",""squared_discrepancy_standard_error"":0.00021143633222321976,""supplied_reference_value"":0.0,""unconditional_squared_discrepancy"":0.0008239618479689535,""undefined_bootstrap_replicates"":0,""valid"":24}","{""available_functions_missing_cost"":0,""conditioning"":""same finite function estimates as conditional error; all such costs must be complete"",""confidence_interval"":{""high"":15.521404169214478,""low"":14.829954247808592},""function_available"":24,""interval_diagnostics"":{""bca_acceleration"":0.011706103384242083,""bca_adjusted_quantiles"":[0.029427011995212027,0.9790224803648339],""bca_bias_percentile"":0.5054505450545055,""bootstrap_expected_tail_counts"":[294.24069294012503,209.75421883202625],""minimum_valid_repetitions"":20,""resampled_valid_count_range"":[24,24],""resampling_plan_sha256"":""5f98d320079a8eabc798d4467116f7812aebb060206306373edde009c5a7e360"",""undefined_bootstrap_replicates"":0},""interval_status"":""available"",""mean_seconds"":15.149383833334847,""output_outcome_counts"":{""infrastructure_interruption"":0,""measurement_available"":0,""not_run"":0,""numerical_failure"":0,""output_failure_unclassified"":0,""resource_failure"":0,""valid"":24},""planned"":24,""plot_error_cost_point"":true,""reference_kind"":""analytic""}"
q2,cpu-mala-quasi_deer,4096,ordinary_workflow,24,24,analytic,0.0,0.0,0.00012969944709678637,7.771057966924758e-05,0.00020839125271923767,available,29.98019939583192,29.003101966367943,31.142571547007332,available,True,"{""bca_acceleration"":0.04661160045326445,""bca_adjusted_quantiles"":[0.04464650057831786,0.9884983138446035],""bca_bias_percentile"":0.5209520952095209,""bootstrap_expected_tail_counts"":[446.42035928260026,115.00535986780945],""claim_type"":""analytic_mse"",""conditional_squared_discrepancy"":0.00012969944709678637,""confidence_interval"":{""high"":0.00020839125271923767,""low"":7.771057966924758e-05},""confidence_level"":0.95,""failed_or_unavailable"":0,""interval_coverage"":""pointwise_conditional_on_supplied_reference"",""interval_method"":""BCa"",""interval_status"":""available"",""minimum_valid_repetitions"":20,""observed_estimate_mean"":0.002471387203148536,""planned"":24,""reference_eligible"":true,""reference_kind"":""analytic"",""reference_mcse"":0.0,""reference_shift_is_confidence_interval"":false,""reference_shift_max"":0.00012969944709678637,""reference_shift_min"":0.00012969944709678637,""resampled_valid_count_range"":[24,24],""resampling_plan_sha256"":""5f98d320079a8eabc798d4467116f7812aebb060206306373edde009c5a7e360"",""squared_discrepancy_standard_error"":3.28734421977251e-05,""supplied_reference_value"":0.0,""unconditional_squared_discrepancy"":0.00012969944709678637,""undefined_bootstrap_replicates"":0,""valid"":24}","{""available_functions_missing_cost"":0,""conditioning"":""same finite function estimates as conditional error; all such costs must be complete"",""confidence_interval"":{""high"":31.142571547007332,""low"":29.003101966367943},""function_available"":24,""interval_diagnostics"":{""bca_acceleration"":0.016738589593096414,""bca_adjusted_quantiles"":[0.03171479707688499,0.9808114375344922],""bca_bias_percentile"":0.5085508550855086,""bootstrap_expected_tail_counts"":[317.116255971773,191.86643609261267],""minimum_valid_repetitions"":20,""resampled_valid_count_range"":[24,24],""resampling_plan_sha256"":""5f98d320079a8eabc798d4467116f7812aebb060206306373edde009c5a7e360"",""undefined_bootstrap_replicates"":0},""interval_status"":""available"",""mean_seconds"":29.98019939583192,""output_outcome_counts"":{""infrastructure_interruption"":0,""measurement_available"":0,""not_run"":0,""numerical_failure"":0,""output_failure_unclassified"":0,""resource_failure"":0,""valid"":24},""planned"":24,""plot_error_cost_point"":true,""reference_kind"":""analytic""}"
q2,cpu-mala-quasi_deer,4096,research_execution,24,24,analytic,0.0,0.0,0.00012969944709678637,7.771057966924758e-05,0.00020839125271923767,available,35.160398279161235,34.107095734732646,36.346567089081006,available,True,"{""bca_acceleration"":0.04661160045326445,""bca_adjusted_quantiles"":[0.04464650057831786,0.9884983138446035],""bca_bias_percentile"":0.5209520952095209,""bootstrap_expected_tail_counts"":[446.42035928260026,115.00535986780945],""claim_type"":""analytic_mse"",""conditional_squared_discrepancy"":0.00012969944709678637,""confidence_interval"":{""high"":0.00020839125271923767,""low"":7.771057966924758e-05},""confidence_level"":0.95,""failed_or_unavailable"":0,""interval_coverage"":""pointwise_conditional_on_supplied_reference"",""interval_method"":""BCa"",""interval_status"":""available"",""minimum_valid_repetitions"":20,""observed_estimate_mean"":0.002471387203148536,""planned"":24,""reference_eligible"":true,""reference_kind"":""analytic"",""reference_mcse"":0.0,""reference_shift_is_confidence_interval"":false,""reference_shift_max"":0.00012969944709678637,""reference_shift_min"":0.00012969944709678637,""resampled_valid_count_range"":[24,24],""resampling_plan_sha256"":""5f98d320079a8eabc798d4467116f7812aebb060206306373edde009c5a7e360"",""squared_discrepancy_standard_error"":3.28734421977251e-05,""supplied_reference_value"":0.0,""unconditional_squared_discrepancy"":0.00012969944709678637,""undefined_bootstrap_replicates"":0,""valid"":24}","{""available_functions_missing_cost"":0,""conditioning"":""same finite function estimates as conditional error; all such costs must be complete"",""confidence_interval"":{""high"":36.346567089081006,""low"":34.107095734732646},""function_available"":24,""interval_diagnostics"":{""bca_acceleration"":0.01239310792263986,""bca_adjusted_quantiles"":[0.029200585888477522,0.9788524217913315],""bca_bias_percentile"":0.5042504250425043,""bootstrap_expected_tail_counts"":[291.9766582988867,211.4546345084766],""minimum_valid_repetitions"":20,""resampled_valid_count_range"":[24,24],""resampling_plan_sha256"":""5f98d320079a8eabc798d4467116f7812aebb060206306373edde009c5a7e360"",""undefined_bootstrap_replicates"":0},""interval_status"":""available"",""mean_seconds"":35.160398279161235,""output_outcome_counts"":{""infrastructure_interruption"":0,""measurement_available"":0,""not_run"":0,""numerical_failure"":0,""output_failure_unclassified"":0,""resource_failure"":0,""valid"":24},""planned"":24,""plot_error_cost_point"":true,""reference_kind"":""analytic""}"
q2,cpu-mala-sequential,1024,ordinary_workflow,24,24,analytic,0.0,0.0,0.0008239618479687899,0.0004931488967137012,0.0013441101927558349,available,4.271905704169892,4.2573279497983805,4.28780802750987,available,True,"{""bca_acceleration"":0.04723559010255842,""bca_adjusted_quantiles"":[0.04557465808049394,0.9888711624844309],""bca_bias_percentile"":0.5226522652265226,""bootstrap_expected_tail_counts"":[455.7010061468589,111.27724631817588],""claim_type"":""analytic_mse"",""conditional_squared_discrepancy"":0.0008239618479687899,""confidence_interval"":{""high"":0.0013441101927558349,""low"":0.0004931488967137012},""confidence_level"":0.95,""failed_or_unavailable"":0,""interval_coverage"":""pointwise_conditional_on_supplied_reference"",""interval_method"":""BCa"",""interval_status"":""available"",""minimum_valid_repetitions"":20,""observed_estimate_mean"":0.006705763683815723,""planned"":24,""reference_eligible"":true,""reference_kind"":""analytic"",""reference_mcse"":0.0,""reference_shift_is_confidence_interval"":false,""reference_shift_max"":0.0008239618479687899,""reference_shift_min"":0.0008239618479687899,""resampled_valid_count_range"":[24,24],""resampling_plan_sha256"":""5f98d320079a8eabc798d4467116f7812aebb060206306373edde009c5a7e360"",""squared_discrepancy_standard_error"":0.00021143633222325383,""supplied_reference_value"":0.0,""unconditional_squared_discrepancy"":0.0008239618479687899,""undefined_bootstrap_replicates"":0,""valid"":24}","{""available_functions_missing_cost"":0,""conditioning"":""same finite function estimates as conditional error; all such costs must be complete"",""confidence_interval"":{""high"":4.28780802750987,""low"":4.2573279497983805},""function_available"":24,""interval_diagnostics"":{""bca_acceleration"":0.005491786298724605,""bca_adjusted_quantiles"":[0.028062088738505186,0.9778342952237263],""bca_bias_percentile"":0.5058505850585059,""bootstrap_expected_tail_counts"":[280.5928252963134,221.63488205796037],""minimum_valid_repetitions"":20,""resampled_valid_count_range"":[24,24],""resampling_plan_sha256"":""5f98d320079a8eabc798d4467116f7812aebb060206306373edde009c5a7e360"",""undefined_bootstrap_replicates"":0},""interval_status"":""available"",""mean_seconds"":4.271905704169892,""output_outcome_counts"":{""infrastructure_interruption"":0,""measurement_available"":0,""not_run"":0,""numerical_failure"":0,""output_failure_unclassified"":0,""resource_failure"":0,""valid"":24},""planned"":24,""plot_error_cost_point"":true,""reference_kind"":""analytic""}"
q2,cpu-mala-sequential,1024,research_execution,24,24,analytic,0.0,0.0,0.0008239618479687899,0.0004931488967137012,0.0013441101927558349,available,7.385530429165745,7.34633967107747,7.434073500711605,available,True,"{""bca_acceleration"":0.04723559010255842,""bca_adjusted_quantiles"":[0.04557465808049394,0.9888711624844309],""bca_bias_percentile"":0.5226522652265226,""bootstrap_expected_tail_counts"":[455.7010061468589,111.27724631817588],""claim_type"":""analytic_mse"",""conditional_squared_discrepancy"":0.0008239618479687899,""confidence_interval"":{""high"":0.0013441101927558349,""low"":0.0004931488967137012},""confidence_level"":0.95,""failed_or_unavailable"":0,""interval_coverage"":""pointwise_conditional_on_supplied_reference"",""interval_method"":""BCa"",""interval_status"":""available"",""minimum_valid_repetitions"":20,""observed_estimate_mean"":0.006705763683815723,""planned"":24,""reference_eligible"":true,""reference_kind"":""analytic"",""reference_mcse"":0.0,""reference_shift_is_confidence_interval"":false,""reference_shift_max"":0.0008239618479687899,""reference_shift_min"":0.0008239618479687899,""resampled_valid_count_range"":[24,24],""resampling_plan_sha256"":""5f98d320079a8eabc798d4467116f7812aebb060206306373edde009c5a7e360"",""squared_discrepancy_standard_error"":0.00021143633222325383,""supplied_reference_value"":0.0,""unconditional_squared_discrepancy"":0.0008239618479687899,""undefined_bootstrap_replicates"":0,""valid"":24}","{""available_functions_missing_cost"":0,""conditioning"":""same finite function estimates as conditional error; all such costs must be complete"",""confidence_interval"":{""high"":7.434073500711605,""low"":7.34633967107747},""function_available"":24,""interval_diagnostics"":{""bca_acceleration"":0.02509752095141816,""bca_adjusted_quantiles"":[0.03358714111184752,0.9822594111482384],""bca_bias_percentile"":0.5078507850785079,""bootstrap_expected_tail_counts"":[335.8378239773633,177.38814792876374],""minimum_valid_repetitions"":20,""resampled_valid_count_range"":[24,24],""resampling_plan_sha256"":""5f98d320079a8eabc798d4467116f7812aebb060206306373edde009c5a7e360"",""undefined_bootstrap_replicates"":0},""interval_status"":""available"",""mean_seconds"":7.385530429165745,""output_outcome_counts"":{""infrastructure_interruption"":0,""measurement_available"":0,""not_run"":0,""numerical_failure"":0,""output_failure_unclassified"":0,""resource_failure"":0,""valid"":24},""planned"":24,""plot_error_cost_point"":true,""reference_kind"":""analytic""}"
q2,cpu-mala-sequential,4096,ordinary_workflow,24,24,analytic,0.0,0.0,0.00012969944709685852,7.771057966938012e-05,0.00020839125271815732,available,7.043223116665445,7.008773689765648,7.085454421163676,available,True,"{""bca_acceleration"":0.04661160045271648,""bca_adjusted_quantiles"":[0.04464650057815944,0.9884983138445221],""bca_bias_percentile"":0.5209520952095209,""bootstrap_expected_tail_counts"":[446.42035928101626,115.00535986862316],""claim_type"":""analytic_mse"",""conditional_squared_discrepancy"":0.00012969944709685852,""confidence_interval"":{""high"":0.00020839125271815732,""low"":7.771057966938012e-05},""confidence_level"":0.95,""failed_or_unavailable"":0,""interval_coverage"":""pointwise_conditional_on_supplied_reference"",""interval_method"":""BCa"",""interval_status"":""available"",""minimum_valid_repetitions"":20,""observed_estimate_mean"":0.0024713872031327864,""planned"":24,""reference_eligible"":true,""reference_kind"":""analytic"",""reference_mcse"":0.0,""reference_shift_is_confidence_interval"":false,""reference_shift_max"":0.00012969944709685852,""reference_shift_min"":0.00012969944709685852,""resampled_valid_count_range"":[24,24],""resampling_plan_sha256"":""5f98d320079a8eabc798d4467116f7812aebb060206306373edde009c5a7e360"",""squared_discrepancy_standard_error"":3.2873442197718914e-05,""supplied_reference_value"":0.0,""unconditional_squared_discrepancy"":0.00012969944709685852,""undefined_bootstrap_replicates"":0,""valid"":24}","{""available_functions_missing_cost"":0,""conditioning"":""same finite function estimates as conditional error; all such costs must be complete"",""confidence_interval"":{""high"":7.085454421163676,""low"":7.008773689765648},""function_available"":24,""interval_diagnostics"":{""bca_acceleration"":0.019652169255161264,""bca_adjusted_quantiles"":[0.03532314206728642,0.9831812198808213],""bca_bias_percentile"":0.5164516451645165,""bootstrap_expected_tail_counts"":[353.1960975307969,168.17098241166784],""minimum_valid_repetitions"":20,""resampled_valid_count_range"":[24,24],""resampling_plan_sha256"":""5f98d320079a8eabc798d4467116f7812aebb060206306373edde009c5a7e360"",""undefined_bootstrap_replicates"":0},""interval_status"":""available"",""mean_seconds"":7.043223116665445,""output_outcome_counts"":{""infrastructure_interruption"":0,""measurement_available"":0,""not_run"":0,""numerical_failure"":0,""output_failure_unclassified"":0,""resource_failure"":0,""valid"":24},""planned"":24,""plot_error_cost_point"":true,""reference_kind"":""analytic""}"
q2,cpu-mala-sequential,4096,research_execution,24,24,analytic,0.0,0.0,0.00012969944709685852,7.771057966938012e-05,0.00020839125271815732,available,12.106786383336006,12.0379028949015,12.18535709067041,available,True,"{""bca_acceleration"":0.04661160045271648,""bca_adjusted_quantiles"":[0.04464650057815944,0.9884983138445221],""bca_bias_percentile"":0.5209520952095209,""bootstrap_expected_tail_counts"":[446.42035928101626,115.00535986862316],""claim_type"":""analytic_mse"",""conditional_squared_discrepancy"":0.00012969944709685852,""confidence_interval"":{""high"":0.00020839125271815732,""low"":7.771057966938012e-05},""confidence_level"":0.95,""failed_or_unavailable"":0,""interval_coverage"":""pointwise_conditional_on_supplied_reference"",""interval_method"":""BCa"",""interval_status"":""available"",""minimum_valid_repetitions"":20,""observed_estimate_mean"":0.0024713872031327864,""planned"":24,""reference_eligible"":true,""reference_kind"":""analytic"",""reference_mcse"":0.0,""reference_shift_is_confidence_interval"":false,""reference_shift_max"":0.00012969944709685852,""reference_shift_min"":0.00012969944709685852,""resampled_valid_count_range"":[24,24],""resampling_plan_sha256"":""5f98d320079a8eabc798d4467116f7812aebb060206306373edde009c5a7e360"",""squared_discrepancy_standard_error"":3.2873442197718914e-05,""supplied_reference_value"":0.0,""unconditional_squared_discrepancy"":0.00012969944709685852,""undefined_bootstrap_replicates"":0,""valid"":24}","{""available_functions_missing_cost"":0,""conditioning"":""same finite function estimates as conditional error; all such costs must be complete"",""confidence_interval"":{""high"":12.18535709067041,""low"":12.0379028949015},""function_available"":24,""interval_diagnostics"":{""bca_acceleration"":0.011500284396523073,""bca_adjusted_quantiles"":[0.0318899291010545,0.9808259459106271],""bca_bias_percentile"":0.5128512851285129,""bootstrap_expected_tail_counts"":[318.867401081444,191.72136683963956],""minimum_valid_repetitions"":20,""resampled_valid_count_range"":[24,24],""resampling_plan_sha256"":""5f98d320079a8eabc798d4467116f7812aebb060206306373edde009c5a7e360"",""undefined_bootstrap_replicates"":0},""interval_status"":""available"",""mean_seconds"":12.106786383336006,""output_outcome_counts"":{""infrastructure_interruption"":0,""measurement_available"":0,""not_run"":0,""numerical_failure"":0,""output_failure_unclassified"":0,""resource_failure"":0,""valid"":24},""planned"":24,""plot_error_cost_point"":true,""reference_kind"":""analytic""}"
q2,cpu-nuts-spawn_chains,1024,ordinary_workflow,24,24,analytic,0.0,0.0,0.00011173607302111299,5.823581047116418e-05,0.00024021004680474176,available,8.209431495836384,7.994108680136774,8.453389088360895,available,True,"{""bca_acceleration"":0.10394963980866583,""bca_adjusted_quantiles"":[0.06933239929535441,0.9963970605761414],""bca_bias_percentile"":0.5346534653465347,""bootstrap_expected_tail_counts"":[693.2546605542487,36.02579129916201],""claim_type"":""analytic_mse"",""conditional_squared_discrepancy"":0.00011173607302111299,""confidence_interval"":{""high"":0.00024021004680474176,""low"":5.823581047116418e-05},""confidence_level"":0.95,""failed_or_unavailable"":0,""interval_coverage"":""pointwise_conditional_on_supplied_reference"",""interval_method"":""BCa"",""interval_status"":""available"",""minimum_valid_repetitions"":20,""observed_estimate_mean"":0.0021298329361001127,""planned"":24,""reference_eligible"":true,""reference_kind"":""analytic"",""reference_mcse"":0.0,""reference_shift_is_confidence_interval"":false,""reference_shift_max"":0.00011173607302111299,""reference_shift_min"":0.00011173607302111299,""resampled_valid_count_range"":[24,24],""resampling_plan_sha256"":""5f98d320079a8eabc798d4467116f7812aebb060206306373edde009c5a7e360"",""squared_discrepancy_standard_error"":4.0634307493047596e-05,""supplied_reference_value"":0.0,""unconditional_squared_discrepancy"":0.00011173607302111299,""undefined_bootstrap_replicates"":0,""valid"":24}","{""available_functions_missing_cost"":0,""conditioning"":""same finite function estimates as conditional error; all such costs must be complete"",""confidence_interval"":{""high"":8.453389088360895,""low"":7.994108680136774},""function_available"":24,""interval_diagnostics"":{""bca_acceleration"":0.01319446306879513,""bca_adjusted_quantiles"":[0.030121061178817077,0.9795828889141701],""bca_bias_percentile"":0.5064506450645064,""bootstrap_expected_tail_counts"":[301.18049072699193,204.15069374721304],""minimum_valid_repetitions"":20,""resampled_valid_count_range"":[24,24],""resampling_plan_sha256"":""5f98d320079a8eabc798d4467116f7812aebb060206306373edde009c5a7e360"",""undefined_bootstrap_replicates"":0},""interval_status"":""available"",""mean_seconds"":8.209431495836384,""output_outcome_counts"":{""infrastructure_interruption"":0,""measurement_available"":0,""not_run"":0,""numerical_failure"":0,""output_failure_unclassified"":0,""resource_failure"":0,""valid"":24},""planned"":24,""plot_error_cost_point"":true,""reference_kind"":""analytic""}"
q2,cpu-nuts-spawn_chains,1024,research_execution,24,24,analytic,0.0,0.0,0.00011173607302111299,5.823581047116418e-05,0.00024021004680474176,available,10.37508994166645,10.135743285356773,10.641769134395885,available,True,"{""bca_acceleration"":0.10394963980866583,""bca_adjusted_quantiles"":[0.06933239929535441,0.9963970605761414],""bca_bias_percentile"":0.5346534653465347,""bootstrap_expected_tail_counts"":[693.2546605542487,36.02579129916201],""claim_type"":""analytic_mse"",""conditional_squared_discrepancy"":0.00011173607302111299,""confidence_interval"":{""high"":0.00024021004680474176,""low"":5.823581047116418e-05},""confidence_level"":0.95,""failed_or_unavailable"":0,""interval_coverage"":""pointwise_conditional_on_supplied_reference"",""interval_method"":""BCa"",""interval_status"":""available"",""minimum_valid_repetitions"":20,""observed_estimate_mean"":0.0021298329361001127,""planned"":24,""reference_eligible"":true,""reference_kind"":""analytic"",""reference_mcse"":0.0,""reference_shift_is_confidence_interval"":false,""reference_shift_max"":0.00011173607302111299,""reference_shift_min"":0.00011173607302111299,""resampled_valid_count_range"":[24,24],""resampling_plan_sha256"":""5f98d320079a8eabc798d4467116f7812aebb060206306373edde009c5a7e360"",""squared_discrepancy_standard_error"":4.0634307493047596e-05,""supplied_reference_value"":0.0,""unconditional_squared_discrepancy"":0.00011173607302111299,""undefined_bootstrap_replicates"":0,""valid"":24}","{""available_functions_missing_cost"":0,""conditioning"":""same finite function estimates as conditional error; all such costs must be complete"",""confidence_interval"":{""high"":10.641769134395885,""low"":10.135743285356773},""function_available"":24,""interval_diagnostics"":{""bca_acceleration"":0.012123841962392783,""bca_adjusted_quantiles"":[0.029759456638493623,0.979288430039009],""bca_bias_percentile"":0.5061506150615062,""bootstrap_expected_tail_counts"":[297.56480692829774,207.09498803994896],""minimum_valid_repetitions"":20,""resampled_valid_count_range"":[24,24],""resampling_plan_sha256"":""5f98d320079a8eabc798d4467116f7812aebb060206306373edde009c5a7e360"",""undefined_bootstrap_replicates"":0},""interval_status"":""available"",""mean_seconds"":10.37508994166645,""output_outcome_counts"":{""infrastructure_interruption"":0,""measurement_available"":0,""not_run"":0,""numerical_failure"":0,""output_failure_unclassified"":0,""resource_failure"":0,""valid"":24},""planned"":24,""plot_error_cost_point"":true,""reference_kind"":""analytic""}"
q2,cpu-nuts-spawn_chains,4096,ordinary_workflow,24,4,analytic,0.0,0.0,9.73467484258257e-06,,,fewer_than_20_valid_repetitions,17.049452375002602,,,fewer_than_20_valid_repetitions,True,"{""claim_type"":""analytic_mse"",""conditional_squared_discrepancy"":9.73467484258257e-06,""confidence_interval"":null,""confidence_level"":0.95,""failed_or_unavailable"":20,""interval_coverage"":""pointwise_conditional_on_supplied_reference"",""interval_method"":""BCa"",""interval_status"":""fewer_than_20_valid_repetitions"",""minimum_valid_repetitions"":20,""observed_estimate_mean"":-0.0005834587900806184,""planned"":24,""reference_eligible"":true,""reference_kind"":""analytic"",""reference_mcse"":0.0,""reference_shift_is_confidence_interval"":false,""reference_shift_max"":9.73467484258257e-06,""reference_shift_min"":9.73467484258257e-06,""resampling_plan_sha256"":""5f98d320079a8eabc798d4467116f7812aebb060206306373edde009c5a7e360"",""squared_discrepancy_standard_error"":5.295548856745226e-06,""supplied_reference_value"":0.0,""unconditional_squared_discrepancy"":null,""valid"":4}","{""available_functions_missing_cost"":0,""conditioning"":""same finite function estimates as conditional error; all such costs must be complete"",""confidence_interval"":null,""function_available"":4,""interval_diagnostics"":{""minimum_valid_repetitions"":20,""resampling_plan_sha256"":""5f98d320079a8eabc798d4467116f7812aebb060206306373edde009c5a7e360""},""interval_status"":""fewer_than_20_valid_repetitions"",""mean_seconds"":17.049452375002602,""output_outcome_counts"":{""infrastructure_interruption"":0,""measurement_available"":0,""not_run"":0,""numerical_failure"":0,""output_failure_unclassified"":20,""resource_failure"":0,""valid"":4},""planned"":24,""plot_error_cost_point"":true,""reference_kind"":""analytic""}"
q2,cpu-nuts-spawn_chains,4096,research_execution,24,4,analytic,0.0,0.0,9.73467484258257e-06,,,fewer_than_20_valid_repetitions,19.287445175002176,,,fewer_than_20_valid_repetitions,True,"{""claim_type"":""analytic_mse"",""conditional_squared_discrepancy"":9.73467484258257e-06,""confidence_interval"":null,""confidence_level"":0.95,""failed_or_unavailable"":20,""interval_coverage"":""pointwise_conditional_on_supplied_reference"",""interval_method"":""BCa"",""interval_status"":""fewer_than_20_valid_repetitions"",""minimum_valid_repetitions"":20,""observed_estimate_mean"":-0.0005834587900806184,""planned"":24,""reference_eligible"":true,""reference_kind"":""analytic"",""reference_mcse"":0.0,""reference_shift_is_confidence_interval"":false,""reference_shift_max"":9.73467484258257e-06,""reference_shift_min"":9.73467484258257e-06,""resampling_plan_sha256"":""5f98d320079a8eabc798d4467116f7812aebb060206306373edde009c5a7e360"",""squared_discrepancy_standard_error"":5.295548856745226e-06,""supplied_reference_value"":0.0,""unconditional_squared_discrepancy"":null,""valid"":4}","{""available_functions_missing_cost"":0,""conditioning"":""same finite function estimates as conditional error; all such costs must be complete"",""confidence_interval"":null,""function_available"":4,""interval_diagnostics"":{""minimum_valid_repetitions"":20,""resampling_plan_sha256"":""5f98d320079a8eabc798d4467116f7812aebb060206306373edde009c5a7e360""},""interval_status"":""fewer_than_20_valid_repetitions"",""mean_seconds"":19.287445175002176,""output_outcome_counts"":{""infrastructure_interruption"":0,""measurement_available"":0,""not_run"":0,""numerical_failure"":0,""output_failure_unclassified"":20,""resource_failure"":0,""valid"":4},""planned"":24,""plot_error_cost_point"":true,""reference_kind"":""analytic""}"
q2,cpu-rwm-online_picard,1024,ordinary_workflow,24,24,analytic,0.0,0.0,0.004830766040572947,0.003102636612436592,0.008525786590741333,available,2.505840262495591,2.4954221408646804,2.521494042832961,available,True,"{""bca_acceleration"":0.08347229933546822,""bca_adjusted_quantiles"":[0.06497571404161862,0.9950842275284776],""bca_bias_percentile"":0.5388538853885388,""bootstrap_expected_tail_counts"":[649.6921647021445,49.15280894275265],""claim_type"":""analytic_mse"",""conditional_squared_discrepancy"":0.004830766040572947,""confidence_interval"":{""high"":0.008525786590741333,""low"":0.003102636612436592},""confidence_level"":0.95,""failed_or_unavailable"":0,""interval_coverage"":""pointwise_conditional_on_supplied_reference"",""interval_method"":""BCa"",""interval_status"":""available"",""minimum_valid_repetitions"":20,""observed_estimate_mean"":0.010231513882408479,""planned"":24,""reference_eligible"":true,""reference_kind"":""analytic"",""reference_mcse"":0.0,""reference_shift_is_confidence_interval"":false,""reference_shift_max"":0.004830766040572947,""reference_shift_min"":0.004830766040572947,""resampled_valid_count_range"":[24,24],""resampling_plan_sha256"":""5f98d320079a8eabc798d4467116f7812aebb060206306373edde009c5a7e360"",""squared_discrepancy_standard_error"":0.001261255008786596,""supplied_reference_value"":0.0,""unconditional_squared_discrepancy"":0.004830766040572947,""undefined_bootstrap_replicates"":0,""valid"":24}","{""available_functions_missing_cost"":0,""conditioning"":""same finite function estimates as conditional error; all such costs must be complete"",""confidence_interval"":{""high"":2.521494042832961,""low"":2.4954221408646804},""function_available"":24,""interval_diagnostics"":{""bca_acceleration"":0.04716478483696818,""bca_adjusted_quantiles"":[0.04229044745714523,0.9875594696966553],""bca_bias_percentile"":0.515051505150515,""bootstrap_expected_tail_counts"":[422.8621841239952,124.39286250314353],""minimum_valid_repetitions"":20,""resampled_valid_count_range"":[24,24],""resampling_plan_sha256"":""5f98d320079a8eabc798d4467116f7812aebb060206306373edde009c5a7e360"",""undefined_bootstrap_replicates"":0},""interval_status"":""available"",""mean_seconds"":2.505840262495591,""output_outcome_counts"":{""infrastructure_interruption"":0,""measurement_available"":0,""not_run"":0,""numerical_failure"":0,""output_failure_unclassified"":0,""resource_failure"":0,""valid"":24},""planned"":24,""plot_error_cost_point"":true,""reference_kind"":""analytic""}"
q2,cpu-rwm-online_picard,1024,research_execution,24,24,analytic,0.0,0.0,0.004830766040572947,0.003102636612436592,0.008525786590741333,available,5.125436179163141,5.07943022120644,5.1687398240154705,available,True,"{""bca_acceleration"":0.08347229933546822,""bca_adjusted_quantiles"":[0.06497571404161862,0.9950842275284776],""bca_bias_percentile"":0.5388538853885388,""bootstrap_expected_tail_counts"":[649.6921647021445,49.15280894275265],""claim_type"":""analytic_mse"",""conditional_squared_discrepancy"":0.004830766040572947,""confidence_interval"":{""high"":0.008525786590741333,""low"":0.003102636612436592},""confidence_level"":0.95,""failed_or_unavailable"":0,""interval_coverage"":""pointwise_conditional_on_supplied_reference"",""interval_method"":""BCa"",""interval_status"":""available"",""minimum_valid_repetitions"":20,""observed_estimate_mean"":0.010231513882408479,""planned"":24,""reference_eligible"":true,""reference_kind"":""analytic"",""reference_mcse"":0.0,""reference_shift_is_confidence_interval"":false,""reference_shift_max"":0.004830766040572947,""reference_shift_min"":0.004830766040572947,""resampled_valid_count_range"":[24,24],""resampling_plan_sha256"":""5f98d320079a8eabc798d4467116f7812aebb060206306373edde009c5a7e360"",""squared_discrepancy_standard_error"":0.001261255008786596,""supplied_reference_value"":0.0,""unconditional_squared_discrepancy"":0.004830766040572947,""undefined_bootstrap_replicates"":0,""valid"":24}","{""available_functions_missing_cost"":0,""conditioning"":""same finite function estimates as conditional error; all such costs must be complete"",""confidence_interval"":{""high"":5.1687398240154705,""low"":5.07943022120644},""function_available"":24,""interval_diagnostics"":{""bca_acceleration"":-0.009362118442063807,""bca_adjusted_quantiles"":[0.021305170395846354,0.970944063604486],""bca_bias_percentile"":0.49394939493949397,""bootstrap_expected_tail_counts"":[213.03039878806769,290.53030801874405],""minimum_valid_repetitions"":20,""resampled_valid_count_range"":[24,24],""resampling_plan_sha256"":""5f98d320079a8eabc798d4467116f7812aebb060206306373edde009c5a7e360"",""undefined_bootstrap_replicates"":0},""interval_status"":""available"",""mean_seconds"":5.125436179163141,""output_outcome_counts"":{""infrastructure_interruption"":0,""measurement_available"":0,""not_run"":0,""numerical_failure"":0,""output_failure_unclassified"":0,""resource_failure"":0,""valid"":24},""planned"":24,""plot_error_cost_point"":true,""reference_kind"":""analytic""}"
q2,cpu-rwm-online_picard,4096,ordinary_workflow,24,24,analytic,0.0,0.0,0.0011914083655716206,0.0007262768263820211,0.0020759926814324305,available,3.226405687494245,3.215723656958775,3.2378667046050325,available,True,"{""bca_acceleration"":0.07280828177634222,""bca_adjusted_quantiles"":[0.05792788795576899,0.9933833885501994],""bca_bias_percentile"":0.5321532153215321,""bootstrap_expected_tail_counts"":[579.2209516697342,66.15949788655655],""claim_type"":""analytic_mse"",""conditional_squared_discrepancy"":0.0011914083655716206,""confidence_interval"":{""high"":0.0020759926814324305,""low"":0.0007262768263820211},""confidence_level"":0.95,""failed_or_unavailable"":0,""interval_coverage"":""pointwise_conditional_on_supplied_reference"",""interval_method"":""BCa"",""interval_status"":""available"",""minimum_valid_repetitions"":20,""observed_estimate_mean"":0.001575018474785218,""planned"":24,""reference_eligible"":true,""reference_kind"":""analytic"",""reference_mcse"":0.0,""reference_shift_is_confidence_interval"":false,""reference_shift_max"":0.0011914083655716206,""reference_shift_min"":0.0011914083655716206,""resampled_valid_count_range"":[24,24],""resampling_plan_sha256"":""5f98d320079a8eabc798d4467116f7812aebb060206306373edde009c5a7e360"",""squared_discrepancy_standard_error"":0.00032422376644239615,""supplied_reference_value"":0.0,""unconditional_squared_discrepancy"":0.0011914083655716206,""undefined_bootstrap_replicates"":0,""valid"":24}","{""available_functions_missing_cost"":0,""conditioning"":""same finite function estimates as conditional error; all such costs must be complete"",""confidence_interval"":{""high"":3.2378667046050325,""low"":3.215723656958775},""function_available"":24,""interval_diagnostics"":{""bca_acceleration"":0.008958423211606862,""bca_adjusted_quantiles"":[0.027679892047638325,0.9775428542150225],""bca_bias_percentile"":0.502050205020502,""bootstrap_expected_tail_counts"":[276.7712405843356,224.54900070398986],""minimum_valid_repetitions"":20,""resampled_valid_count_range"":[24,24],""resampling_plan_sha256"":""5f98d320079a8eabc798d4467116f7812aebb060206306373edde009c5a7e360"",""undefined_bootstrap_replicates"":0},""interval_status"":""available"",""mean_seconds"":3.226405687494245,""output_outcome_counts"":{""infrastructure_interruption"":0,""measurement_available"":0,""not_run"":0,""numerical_failure"":0,""output_failure_unclassified"":0,""resource_failure"":0,""valid"":24},""planned"":24,""plot_error_cost_point"":true,""reference_kind"":""analytic""}"
q2,cpu-rwm-online_picard,4096,research_execution,24,24,analytic,0.0,0.0,0.0011914083655716206,0.0007262768263820211,0.0020759926814324305,available,6.683593674999353,6.649465229609354,6.7315804265830534,available,True,"{""bca_acceleration"":0.07280828177634222,""bca_adjusted_quantiles"":[0.05792788795576899,0.9933833885501994],""bca_bias_percentile"":0.5321532153215321,""bootstrap_expected_tail_counts"":[579.2209516697342,66.15949788655655],""claim_type"":""analytic_mse"",""conditional_squared_discrepancy"":0.0011914083655716206,""confidence_interval"":{""high"":0.0020759926814324305,""low"":0.0007262768263820211},""confidence_level"":0.95,""failed_or_unavailable"":0,""interval_coverage"":""pointwise_conditional_on_supplied_reference"",""interval_method"":""BCa"",""interval_status"":""available"",""minimum_valid_repetitions"":20,""observed_estimate_mean"":0.001575018474785218,""planned"":24,""reference_eligible"":true,""reference_kind"":""analytic"",""reference_mcse"":0.0,""reference_shift_is_confidence_interval"":false,""reference_shift_max"":0.0011914083655716206,""reference_shift_min"":0.0011914083655716206,""resampled_valid_count_range"":[24,24],""resampling_plan_sha256"":""5f98d320079a8eabc798d4467116f7812aebb060206306373edde009c5a7e360"",""squared_discrepancy_standard_error"":0.00032422376644239615,""supplied_reference_value"":0.0,""unconditional_squared_discrepancy"":0.0011914083655716206,""undefined_bootstrap_replicates"":0,""valid"":24}","{""available_functions_missing_cost"":0,""conditioning"":""same finite function estimates as conditional error; all such costs must be complete"",""confidence_interval"":{""high"":6.7315804265830534,""low"":6.649465229609354},""function_available"":24,""interval_diagnostics"":{""bca_acceleration"":0.03875978996495081,""bca_adjusted_quantiles"":[0.039314823450801374,0.9858958065436715],""bca_bias_percentile"":0.5134513451345134,""bootstrap_expected_tail_counts"":[393.1089196845629,141.02783036982885],""minimum_valid_repetitions"":20,""resampled_valid_count_range"":[24,24],""resampling_plan_sha256"":""5f98d320079a8eabc798d4467116f7812aebb060206306373edde009c5a7e360"",""undefined_bootstrap_replicates"":0},""interval_status"":""available"",""mean_seconds"":6.683593674999353,""output_outcome_counts"":{""infrastructure_interruption"":0,""measurement_available"":0,""not_run"":0,""numerical_failure"":0,""output_failure_unclassified"":0,""resource_failure"":0,""valid"":24},""planned"":24,""plot_error_cost_point"":true,""reference_kind"":""analytic""}"
q2,cpu-rwm-sequential,1024,ordinary_workflow,24,24,analytic,0.0,0.0,0.004830766040572958,0.0031026366124366138,0.00852578659074136,available,2.5088531583377667,2.5002767535052195,2.5171887315292674,available,True,"{""bca_acceleration"":0.08347229933546813,""bca_adjusted_quantiles"":[0.06497571404161856,0.9950842275284776],""bca_bias_percentile"":0.5388538853885388,""bootstrap_expected_tail_counts"":[649.6921647021439,49.15280894275265],""claim_type"":""analytic_mse"",""conditional_squared_discrepancy"":0.004830766040572958,""confidence_interval"":{""high"":0.00852578659074136,""low"":0.0031026366124366138},""confidence_level"":0.95,""failed_or_unavailable"":0,""interval_coverage"":""pointwise_conditional_on_supplied_reference"",""interval_method"":""BCa"",""interval_status"":""available"",""minimum_valid_repetitions"":20,""observed_estimate_mean"":0.010231513882408273,""planned"":24,""reference_eligible"":true,""reference_kind"":""analytic"",""reference_mcse"":0.0,""reference_shift_is_confidence_interval"":false,""reference_shift_max"":0.004830766040572958,""reference_shift_min"":0.004830766040572958,""resampled_valid_count_range"":[24,24],""resampling_plan_sha256"":""5f98d320079a8eabc798d4467116f7812aebb060206306373edde009c5a7e360"",""squared_discrepancy_standard_error"":0.0012612550087865982,""supplied_reference_value"":0.0,""unconditional_squared_discrepancy"":0.004830766040572958,""undefined_bootstrap_replicates"":0,""valid"":24}","{""available_functions_missing_cost"":0,""conditioning"":""same finite function estimates as conditional error; all such costs must be complete"",""confidence_interval"":{""high"":2.5171887315292674,""low"":2.5002767535052195},""function_available"":24,""interval_diagnostics"":{""bca_acceleration"":0.005291397399590775,""bca_adjusted_quantiles"":[0.023835393603805932,0.9737621442550494],""bca_bias_percentile"":0.49184918491849183,""bootstrap_expected_tail_counts"":[238.3301006444555,262.35231959376137],""minimum_valid_repetitions"":20,""resampled_valid_count_range"":[24,24],""resampling_plan_sha256"":""5f98d320079a8eabc798d4467116f7812aebb060206306373edde009c5a7e360"",""undefined_bootstrap_replicates"":0},""interval_status"":""available"",""mean_seconds"":2.5088531583377667,""output_outcome_counts"":{""infrastructure_interruption"":0,""measurement_available"":0,""not_run"":0,""numerical_failure"":0,""output_failure_unclassified"":0,""resource_failure"":0,""valid"":24},""planned"":24,""plot_error_cost_point"":true,""reference_kind"":""analytic""}"
q2,cpu-rwm-sequential,1024,research_execution,24,24,analytic,0.0,0.0,0.004830766040572958,0.0031026366124366138,0.00852578659074136,available,5.098605358338773,5.056894043555615,5.136577121242753,available,True,"{""bca_acceleration"":0.08347229933546813,""bca_adjusted_quantiles"":[0.06497571404161856,0.9950842275284776],""bca_bias_percentile"":0.5388538853885388,""bootstrap_expected_tail_counts"":[649.6921647021439,49.15280894275265],""claim_type"":""analytic_mse"",""conditional_squared_discrepancy"":0.004830766040572958,""confidence_interval"":{""high"":0.00852578659074136,""low"":0.0031026366124366138},""confidence_level"":0.95,""failed_or_unavailable"":0,""interval_coverage"":""pointwise_conditional_on_supplied_reference"",""interval_method"":""BCa"",""interval_status"":""available"",""minimum_valid_repetitions"":20,""observed_estimate_mean"":0.010231513882408273,""planned"":24,""reference_eligible"":true,""reference_kind"":""analytic"",""reference_mcse"":0.0,""reference_shift_is_confidence_interval"":false,""reference_shift_max"":0.004830766040572958,""reference_shift_min"":0.004830766040572958,""resampled_valid_count_range"":[24,24],""resampling_plan_sha256"":""5f98d320079a8eabc798d4467116f7812aebb060206306373edde009c5a7e360"",""squared_discrepancy_standard_error"":0.0012612550087865982,""supplied_reference_value"":0.0,""unconditional_squared_discrepancy"":0.004830766040572958,""undefined_bootstrap_replicates"":0,""valid"":24}","{""available_functions_missing_cost"":0,""conditioning"":""same finite function estimates as conditional error; all such costs must be complete"",""confidence_interval"":{""high"":5.136577121242753,""low"":5.056894043555615},""function_available"":24,""interval_diagnostics"":{""bca_acceleration"":-0.004577374558079202,""bca_adjusted_quantiles"":[0.022144012096255637,0.9719003787486471],""bca_bias_percentile"":0.49334933493349337,""bootstrap_expected_tail_counts"":[221.41797695046012,280.96811289227765],""minimum_valid_repetitions"":20,""resampled_valid_count_range"":[24,24],""resampling_plan_sha256"":""5f98d320079a8eabc798d4467116f7812aebb060206306373edde009c5a7e360"",""undefined_bootstrap_replicates"":0},""interval_status"":""available"",""mean_seconds"":5.098605358338773,""output_outcome_counts"":{""infrastructure_interruption"":0,""measurement_available"":0,""not_run"":0,""numerical_failure"":0,""output_failure_unclassified"":0,""resource_failure"":0,""valid"":24},""planned"":24,""plot_error_cost_point"":true,""reference_kind"":""analytic""}"
q2,cpu-rwm-sequential,4096,ordinary_workflow,24,24,analytic,0.0,0.0,0.001191408365571626,0.0007262768263820337,0.002075992681432419,available,3.2182956166672434,3.211479191957428,3.2263693571069565,available,True,"{""bca_acceleration"":0.07280828177634167,""bca_adjusted_quantiles"":[0.05792788795576881,0.9933833885501994],""bca_bias_percentile"":0.5321532153215321,""bootstrap_expected_tail_counts"":[579.2209516697324,66.15949788655655],""claim_type"":""analytic_mse"",""conditional_squared_discrepancy"":0.001191408365571626,""confidence_interval"":{""high"":0.002075992681432419,""low"":0.0007262768263820337},""confidence_level"":0.95,""failed_or_unavailable"":0,""interval_coverage"":""pointwise_conditional_on_supplied_reference"",""interval_method"":""BCa"",""interval_status"":""available"",""minimum_valid_repetitions"":20,""observed_estimate_mean"":0.001575018474784926,""planned"":24,""reference_eligible"":true,""reference_kind"":""analytic"",""reference_mcse"":0.0,""reference_shift_is_confidence_interval"":false,""reference_shift_max"":0.001191408365571626,""reference_shift_min"":0.001191408365571626,""resampled_valid_count_range"":[24,24],""resampling_plan_sha256"":""5f98d320079a8eabc798d4467116f7812aebb060206306373edde009c5a7e360"",""squared_discrepancy_standard_error"":0.000324223766442392,""supplied_reference_value"":0.0,""unconditional_squared_discrepancy"":0.001191408365571626,""undefined_bootstrap_replicates"":0,""valid"":24}","{""available_functions_missing_cost"":0,""conditioning"":""same finite function estimates as conditional error; all such costs must be complete"",""confidence_interval"":{""high"":3.2263693571069565,""low"":3.211479191957428},""function_available"":24,""interval_diagnostics"":{""bca_acceleration"":0.015640413667716256,""bca_adjusted_quantiles"":[0.03220482719842298,0.9811266412425963],""bca_bias_percentile"":0.5107510751075107,""bootstrap_expected_tail_counts"":[322.01606715703133,188.71471421527963],""minimum_valid_repetitions"":20,""resampled_valid_count_range"":[24,24],""resampling_plan_sha256"":""5f98d320079a8eabc798d4467116f7812aebb060206306373edde009c5a7e360"",""undefined_bootstrap_replicates"":0},""interval_status"":""available"",""mean_seconds"":3.2182956166672434,""output_outcome_counts"":{""infrastructure_interruption"":0,""measurement_available"":0,""not_run"":0,""numerical_failure"":0,""output_failure_unclassified"":0,""resource_failure"":0,""valid"":24},""planned"":24,""plot_error_cost_point"":true,""reference_kind"":""analytic""}"
q2,cpu-rwm-sequential,4096,research_execution,24,24,analytic,0.0,0.0,0.001191408365571626,0.0007262768263820337,0.002075992681432419,available,6.6827524083302405,6.650431423188555,6.7162601222205245,available,True,"{""bca_acceleration"":0.07280828177634167,""bca_adjusted_quantiles"":[0.05792788795576881,0.9933833885501994],""bca_bias_percentile"":0.5321532153215321,""bootstrap_expected_tail_counts"":[579.2209516697324,66.15949788655655],""claim_type"":""analytic_mse"",""conditional_squared_discrepancy"":0.001191408365571626,""confidence_interval"":{""high"":0.002075992681432419,""low"":0.0007262768263820337},""confidence_level"":0.95,""failed_or_unavailable"":0,""interval_coverage"":""pointwise_conditional_on_supplied_reference"",""interval_method"":""BCa"",""interval_status"":""available"",""minimum_valid_repetitions"":20,""observed_estimate_mean"":0.001575018474784926,""planned"":24,""reference_eligible"":true,""reference_kind"":""analytic"",""reference_mcse"":0.0,""reference_shift_is_confidence_interval"":false,""reference_shift_max"":0.001191408365571626,""reference_shift_min"":0.001191408365571626,""resampled_valid_count_range"":[24,24],""resampling_plan_sha256"":""5f98d320079a8eabc798d4467116f7812aebb060206306373edde009c5a7e360"",""squared_discrepancy_standard_error"":0.000324223766442392,""supplied_reference_value"":0.0,""unconditional_squared_discrepancy"":0.001191408365571626,""undefined_bootstrap_replicates"":0,""valid"":24}","{""available_functions_missing_cost"":0,""conditioning"":""same finite function estimates as conditional error; all such costs must be complete"",""confidence_interval"":{""high"":6.7162601222205245,""low"":6.650431423188555},""function_available"":24,""interval_diagnostics"":{""bca_acceleration"":0.004027270162987033,""bca_adjusted_quantiles"":[0.02577617221035804,0.9757683615463505],""bca_bias_percentile"":0.49954995499549953,""bootstrap_expected_tail_counts"":[257.73594593137005,242.29215289804142],""minimum_valid_repetitions"":20,""resampled_valid_count_range"":[24,24],""resampling_plan_sha256"":""5f98d320079a8eabc798d4467116f7812aebb060206306373edde009c5a7e360"",""undefined_bootstrap_replicates"":0},""interval_status"":""available"",""mean_seconds"":6.6827524083302405,""output_outcome_counts"":{""infrastructure_interruption"":0,""measurement_available"":0,""not_run"":0,""numerical_failure"":0,""output_failure_unclassified"":0,""resource_failure"":0,""valid"":24},""planned"":24,""plot_error_cost_point"":true,""reference_kind"":""analytic""}"
q2,cuda-mala-quasi_deer,1024,ordinary_workflow,24,24,analytic,0.0,0.0,0.0008239618479689533,0.0004931488967138709,0.0013441101927554474,available,20.58799153333045,20.335700017996103,20.79466036149027,available,True,"{""bca_acceleration"":0.04723559010244721,""bca_adjusted_quantiles"":[0.045574658080461475,0.9888711624844148],""bca_bias_percentile"":0.5226522652265226,""bootstrap_expected_tail_counts"":[455.70100614653427,111.27724631833685],""claim_type"":""analytic_mse"",""conditional_squared_discrepancy"":0.0008239618479689533,""confidence_interval"":{""high"":0.0013441101927554474,""low"":0.0004931488967138709},""confidence_level"":0.95,""failed_or_unavailable"":0,""interval_coverage"":""pointwise_conditional_on_supplied_reference"",""interval_method"":""BCa"",""interval_status"":""available"",""minimum_valid_repetitions"":20,""observed_estimate_mean"":0.0067057636838675164,""planned"":24,""reference_eligible"":true,""reference_kind"":""analytic"",""reference_mcse"":0.0,""reference_shift_is_confidence_interval"":false,""reference_shift_max"":0.0008239618479689533,""reference_shift_min"":0.0008239618479689533,""resampled_valid_count_range"":[24,24],""resampling_plan_sha256"":""5f98d320079a8eabc798d4467116f7812aebb060206306373edde009c5a7e360"",""squared_discrepancy_standard_error"":0.00021143633222321976,""supplied_reference_value"":0.0,""unconditional_squared_discrepancy"":0.0008239618479689533,""undefined_bootstrap_replicates"":0,""valid"":24}","{""available_functions_missing_cost"":0,""conditioning"":""same finite function estimates as conditional error; all such costs must be complete"",""confidence_interval"":{""high"":20.79466036149027,""low"":20.335700017996103},""function_available"":24,""interval_diagnostics"":{""bca_acceleration"":-0.015721879800745006,""bca_adjusted_quantiles"":[0.017673402804267647,0.965939337488883],""bca_bias_percentile"":0.48414841484148413,""bootstrap_expected_tail_counts"":[176.7163546398722,340.57256444865834],""minimum_valid_repetitions"":20,""resampled_valid_count_range"":[24,24],""resampling_plan_sha256"":""5f98d320079a8eabc798d4467116f7812aebb060206306373edde009c5a7e360"",""undefined_bootstrap_replicates"":0},""interval_status"":""available"",""mean_seconds"":20.58799153333045,""output_outcome_counts"":{""infrastructure_interruption"":0,""measurement_available"":0,""not_run"":0,""numerical_failure"":0,""output_failure_unclassified"":0,""resource_failure"":0,""valid"":24},""planned"":24,""plot_error_cost_point"":true,""reference_kind"":""analytic""}"
q2,cuda-mala-quasi_deer,1024,research_execution,24,24,analytic,0.0,0.0,0.0008239618479689533,0.0004931488967138709,0.0013441101927554474,available,23.746381320828124,23.52272863575046,23.93443569801486,available,True,"{""bca_acceleration"":0.04723559010244721,""bca_adjusted_quantiles"":[0.045574658080461475,0.9888711624844148],""bca_bias_percentile"":0.5226522652265226,""bootstrap_expected_tail_counts"":[455.70100614653427,111.27724631833685],""claim_type"":""analytic_mse"",""conditional_squared_discrepancy"":0.0008239618479689533,""confidence_interval"":{""high"":0.0013441101927554474,""low"":0.0004931488967138709},""confidence_level"":0.95,""failed_or_unavailable"":0,""interval_coverage"":""pointwise_conditional_on_supplied_reference"",""interval_method"":""BCa"",""interval_status"":""available"",""minimum_valid_repetitions"":20,""observed_estimate_mean"":0.0067057636838675164,""planned"":24,""reference_eligible"":true,""reference_kind"":""analytic"",""reference_mcse"":0.0,""reference_shift_is_confidence_interval"":false,""reference_shift_max"":0.0008239618479689533,""reference_shift_min"":0.0008239618479689533,""resampled_valid_count_range"":[24,24],""resampling_plan_sha256"":""5f98d320079a8eabc798d4467116f7812aebb060206306373edde009c5a7e360"",""squared_discrepancy_standard_error"":0.00021143633222321976,""supplied_reference_value"":0.0,""unconditional_squared_discrepancy"":0.0008239618479689533,""undefined_bootstrap_replicates"":0,""valid"":24}","{""available_functions_missing_cost"":0,""conditioning"":""same finite function estimates as conditional error; all such costs must be complete"",""confidence_interval"":{""high"":23.93443569801486,""low"":23.52272863575046},""function_available"":24,""interval_diagnostics"":{""bca_acceleration"":-0.017889731056039027,""bca_adjusted_quantiles"":[0.018819170382922547,0.9677861661917062],""bca_bias_percentile"":0.49084908490849083,""bootstrap_expected_tail_counts"":[188.17288465884255,322.1061242491296],""minimum_valid_repetitions"":20,""resampled_valid_count_range"":[24,24],""resampling_plan_sha256"":""5f98d320079a8eabc798d4467116f7812aebb060206306373edde009c5a7e360"",""undefined_bootstrap_replicates"":0},""interval_status"":""available"",""mean_seconds"":23.746381320828124,""output_outcome_counts"":{""infrastructure_interruption"":0,""measurement_available"":0,""not_run"":0,""numerical_failure"":0,""output_failure_unclassified"":0,""resource_failure"":0,""valid"":24},""planned"":24,""plot_error_cost_point"":true,""reference_kind"":""analytic""}"
q2,cuda-mala-quasi_deer,4096,ordinary_workflow,24,24,analytic,0.0,0.0,0.0001296994470967863,7.771057966924757e-05,0.00020839125271923745,available,54.558572562502455,53.53340491399653,55.25669400508245,available,True,"{""bca_acceleration"":0.046611600453264505,""bca_adjusted_quantiles"":[0.04464650057831786,0.9884983138446035],""bca_bias_percentile"":0.5209520952095209,""bootstrap_expected_tail_counts"":[446.42035928260026,115.00535986780945],""claim_type"":""analytic_mse"",""conditional_squared_discrepancy"":0.0001296994470967863,""confidence_interval"":{""high"":0.00020839125271923745,""low"":7.771057966924757e-05},""confidence_level"":0.95,""failed_or_unavailable"":0,""interval_coverage"":""pointwise_conditional_on_supplied_reference"",""interval_method"":""BCa"",""interval_status"":""available"",""minimum_valid_repetitions"":20,""observed_estimate_mean"":0.002471387203148536,""planned"":24,""reference_eligible"":true,""reference_kind"":""analytic"",""reference_mcse"":0.0,""reference_shift_is_confidence_interval"":false,""reference_shift_max"":0.0001296994470967863,""reference_shift_min"":0.0001296994470967863,""resampled_valid_count_range"":[24,24],""resampling_plan_sha256"":""5f98d320079a8eabc798d4467116f7812aebb060206306373edde009c5a7e360"",""squared_discrepancy_standard_error"":3.287344219772509e-05,""supplied_reference_value"":0.0,""unconditional_squared_discrepancy"":0.0001296994470967863,""undefined_bootstrap_replicates"":0,""valid"":24}","{""available_functions_missing_cost"":0,""conditioning"":""same finite function estimates as conditional error; all such costs must be complete"",""confidence_interval"":{""high"":55.25669400508245,""low"":53.53340491399653},""function_available"":24,""interval_diagnostics"":{""bca_acceleration"":-0.04506670061939687,""bca_adjusted_quantiles"":[0.012339794573265252,0.9572949039366403],""bca_bias_percentile"":0.4825482548254825,""bootstrap_expected_tail_counts"":[123.38560593807925,427.00825553753367],""minimum_valid_repetitions"":20,""resampled_valid_count_range"":[24,24],""resampling_plan_sha256"":""5f98d320079a8eabc798d4467116f7812aebb060206306373edde009c5a7e360"",""undefined_bootstrap_replicates"":0},""interval_status"":""available"",""mean_seconds"":54.558572562502455,""output_outcome_counts"":{""infrastructure_interruption"":0,""measurement_available"":0,""not_run"":0,""numerical_failure"":0,""output_failure_unclassified"":0,""resource_failure"":0,""valid"":24},""planned"":24,""plot_error_cost_point"":true,""reference_kind"":""analytic""}"
q2,cuda-mala-quasi_deer,4096,research_execution,24,24,analytic,0.0,0.0,0.0001296994470967863,7.771057966924757e-05,0.00020839125271923745,available,59.669193083333575,58.64212199664011,60.33434205244479,available,True,"{""bca_acceleration"":0.046611600453264505,""bca_adjusted_quantiles"":[0.04464650057831786,0.9884983138446035],""bca_bias_percentile"":0.5209520952095209,""bootstrap_expected_tail_counts"":[446.42035928260026,115.00535986780945],""claim_type"":""analytic_mse"",""conditional_squared_discrepancy"":0.0001296994470967863,""confidence_interval"":{""high"":0.00020839125271923745,""low"":7.771057966924757e-05},""confidence_level"":0.95,""failed_or_unavailable"":0,""interval_coverage"":""pointwise_conditional_on_supplied_reference"",""interval_method"":""BCa"",""interval_status"":""available"",""minimum_valid_repetitions"":20,""observed_estimate_mean"":0.002471387203148536,""planned"":24,""reference_eligible"":true,""reference_kind"":""analytic"",""reference_mcse"":0.0,""reference_shift_is_confidence_interval"":false,""reference_shift_max"":0.0001296994470967863,""reference_shift_min"":0.0001296994470967863,""resampled_valid_count_range"":[24,24],""resampling_plan_sha256"":""5f98d320079a8eabc798d4467116f7812aebb060206306373edde009c5a7e360"",""squared_discrepancy_standard_error"":3.287344219772509e-05,""supplied_reference_value"":0.0,""unconditional_squared_discrepancy"":0.0001296994470967863,""undefined_bootstrap_replicates"":0,""valid"":24}","{""available_functions_missing_cost"":0,""conditioning"":""same finite function estimates as conditional error; all such costs must be complete"",""confidence_interval"":{""high"":60.33434205244479,""low"":58.64212199664011},""function_available"":24,""interval_diagnostics"":{""bca_acceleration"":-0.04927081976697502,""bca_adjusted_quantiles"":[0.011242024519331633,0.9549341364929654],""bca_bias_percentile"":0.47984798479847984,""bootstrap_expected_tail_counts"":[112.409003168797,450.61356920683863],""minimum_valid_repetitions"":20,""resampled_valid_count_range"":[24,24],""resampling_plan_sha256"":""5f98d320079a8eabc798d4467116f7812aebb060206306373edde009c5a7e360"",""undefined_bootstrap_replicates"":0},""interval_status"":""available"",""mean_seconds"":59.669193083333575,""output_outcome_counts"":{""infrastructure_interruption"":0,""measurement_available"":0,""not_run"":0,""numerical_failure"":0,""output_failure_unclassified"":0,""resource_failure"":0,""valid"":24},""planned"":24,""plot_error_cost_point"":true,""reference_kind"":""analytic""}"
q2,cuda-mala-sequential,1024,ordinary_workflow,24,24,analytic,0.0,0.0,0.0008239618479687899,0.0004931488967137012,0.0013441101927558349,available,8.017630283331187,7.888784481937541,8.098466334093182,available,True,"{""bca_acceleration"":0.04723559010255842,""bca_adjusted_quantiles"":[0.04557465808049394,0.9888711624844309],""bca_bias_percentile"":0.5226522652265226,""bootstrap_expected_tail_counts"":[455.7010061468589,111.27724631817588],""claim_type"":""analytic_mse"",""conditional_squared_discrepancy"":0.0008239618479687899,""confidence_interval"":{""high"":0.0013441101927558349,""low"":0.0004931488967137012},""confidence_level"":0.95,""failed_or_unavailable"":0,""interval_coverage"":""pointwise_conditional_on_supplied_reference"",""interval_method"":""BCa"",""interval_status"":""available"",""minimum_valid_repetitions"":20,""observed_estimate_mean"":0.006705763683815723,""planned"":24,""reference_eligible"":true,""reference_kind"":""analytic"",""reference_mcse"":0.0,""reference_shift_is_confidence_interval"":false,""reference_shift_max"":0.0008239618479687899,""reference_shift_min"":0.0008239618479687899,""resampled_valid_count_range"":[24,24],""resampling_plan_sha256"":""5f98d320079a8eabc798d4467116f7812aebb060206306373edde009c5a7e360"",""squared_discrepancy_standard_error"":0.00021143633222325383,""supplied_reference_value"":0.0,""unconditional_squared_discrepancy"":0.0008239618479687899,""undefined_bootstrap_replicates"":0,""valid"":24}","{""available_functions_missing_cost"":0,""conditioning"":""same finite function estimates as conditional error; all such costs must be complete"",""confidence_interval"":{""high"":8.098466334093182,""low"":7.888784481937541},""function_available"":24,""interval_diagnostics"":{""bca_acceleration"":-0.04973762923552994,""bca_adjusted_quantiles"":[0.011372613637072043,0.9553221459260437],""bca_bias_percentile"":0.48104810481048105,""bootstrap_expected_tail_counts"":[113.71476375708336,446.7338628854891],""minimum_valid_repetitions"":20,""resampled_valid_count_range"":[24,24],""resampling_plan_sha256"":""5f98d320079a8eabc798d4467116f7812aebb060206306373edde009c5a7e360"",""undefined_bootstrap_replicates"":0},""interval_status"":""available"",""mean_seconds"":8.017630283331187,""output_outcome_counts"":{""infrastructure_interruption"":0,""measurement_available"":0,""not_run"":0,""numerical_failure"":0,""output_failure_unclassified"":0,""resource_failure"":0,""valid"":24},""planned"":24,""plot_error_cost_point"":true,""reference_kind"":""analytic""}"
q2,cuda-mala-sequential,1024,research_execution,24,24,analytic,0.0,0.0,0.0008239618479687899,0.0004931488967137012,0.0013441101927558349,available,11.177210937499732,11.059690709741975,11.255731893920142,available,True,"{""bca_acceleration"":0.04723559010255842,""bca_adjusted_quantiles"":[0.04557465808049394,0.9888711624844309],""bca_bias_percentile"":0.5226522652265226,""bootstrap_expected_tail_counts"":[455.7010061468589,111.27724631817588],""claim_type"":""analytic_mse"",""conditional_squared_discrepancy"":0.0008239618479687899,""confidence_interval"":{""high"":0.0013441101927558349,""low"":0.0004931488967137012},""confidence_level"":0.95,""failed_or_unavailable"":0,""interval_coverage"":""pointwise_conditional_on_supplied_reference"",""interval_method"":""BCa"",""interval_status"":""available"",""minimum_valid_repetitions"":20,""observed_estimate_mean"":0.006705763683815723,""planned"":24,""reference_eligible"":true,""reference_kind"":""analytic"",""reference_mcse"":0.0,""reference_shift_is_confidence_interval"":false,""reference_shift_max"":0.0008239618479687899,""reference_shift_min"":0.0008239618479687899,""resampled_valid_count_range"":[24,24],""resampling_plan_sha256"":""5f98d320079a8eabc798d4467116f7812aebb060206306373edde009c5a7e360"",""squared_discrepancy_standard_error"":0.00021143633222325383,""supplied_reference_value"":0.0,""unconditional_squared_discrepancy"":0.0008239618479687899,""undefined_bootstrap_replicates"":0,""valid"":24}","{""available_functions_missing_cost"":0,""conditioning"":""same finite function estimates as conditional error; all such costs must be complete"",""confidence_interval"":{""high"":11.255731893920142,""low"":11.059690709741975},""function_available"":24,""interval_diagnostics"":{""bca_acceleration"":-0.04126831218181032,""bca_adjusted_quantiles"":[0.012048484388651156,0.9562454800228488],""bca_bias_percentile"":0.47754775477547756,""bootstrap_expected_tail_counts"":[120.47279540212291,437.5014452515347],""minimum_valid_repetitions"":20,""resampled_valid_count_range"":[24,24],""resampling_plan_sha256"":""5f98d320079a8eabc798d4467116f7812aebb060206306373edde009c5a7e360"",""undefined_bootstrap_replicates"":0},""interval_status"":""available"",""mean_seconds"":11.177210937499732,""output_outcome_counts"":{""infrastructure_interruption"":0,""measurement_available"":0,""not_run"":0,""numerical_failure"":0,""output_failure_unclassified"":0,""resource_failure"":0,""valid"":24},""planned"":24,""plot_error_cost_point"":true,""reference_kind"":""analytic""}"
q2,cuda-mala-sequential,4096,ordinary_workflow,24,24,analytic,0.0,0.0,0.00012969944709685852,7.771057966938012e-05,0.00020839125271815732,available,17.660789549999663,17.122724367898396,18.09236437276629,available,True,"{""bca_acceleration"":0.04661160045271648,""bca_adjusted_quantiles"":[0.04464650057815944,0.9884983138445221],""bca_bias_percentile"":0.5209520952095209,""bootstrap_expected_tail_counts"":[446.42035928101626,115.00535986862316],""claim_type"":""analytic_mse"",""conditional_squared_discrepancy"":0.00012969944709685852,""confidence_interval"":{""high"":0.00020839125271815732,""low"":7.771057966938012e-05},""confidence_level"":0.95,""failed_or_unavailable"":0,""interval_coverage"":""pointwise_conditional_on_supplied_reference"",""interval_method"":""BCa"",""interval_status"":""available"",""minimum_valid_repetitions"":20,""observed_estimate_mean"":0.0024713872031327864,""planned"":24,""reference_eligible"":true,""reference_kind"":""analytic"",""reference_mcse"":0.0,""reference_shift_is_confidence_interval"":false,""reference_shift_max"":0.00012969944709685852,""reference_shift_min"":0.00012969944709685852,""resampled_valid_count_range"":[24,24],""resampling_plan_sha256"":""5f98d320079a8eabc798d4467116f7812aebb060206306373edde009c5a7e360"",""squared_discrepancy_standard_error"":3.2873442197718914e-05,""supplied_reference_value"":0.0,""unconditional_squared_discrepancy"":0.00012969944709685852,""undefined_bootstrap_replicates"":0,""valid"":24}","{""available_functions_missing_cost"":0,""conditioning"":""same finite function estimates as conditional error; all such costs must be complete"",""confidence_interval"":{""high"":18.09236437276629,""low"":17.122724367898396},""function_available"":24,""interval_diagnostics"":{""bca_acceleration"":-0.020941049803666668,""bca_adjusted_quantiles"":[0.01832442141311421,0.967152874144574],""bca_bias_percentile"":0.49124912491249123,""bootstrap_expected_tail_counts"":[183.225889709729,328.438411428405],""minimum_valid_repetitions"":20,""resampled_valid_count_range"":[24,24],""resampling_plan_sha256"":""5f98d320079a8eabc798d4467116f7812aebb060206306373edde009c5a7e360"",""undefined_bootstrap_replicates"":0},""interval_status"":""available"",""mean_seconds"":17.660789549999663,""output_outcome_counts"":{""infrastructure_interruption"":0,""measurement_available"":0,""not_run"":0,""numerical_failure"":0,""output_failure_unclassified"":0,""resource_failure"":0,""valid"":24},""planned"":24,""plot_error_cost_point"":true,""reference_kind"":""analytic""}"
q2,cuda-mala-sequential,4096,research_execution,24,24,analytic,0.0,0.0,0.00012969944709685852,7.771057966938012e-05,0.00020839125271815732,available,22.7418667000004,22.233260776518062,23.12927112091831,available,True,"{""bca_acceleration"":0.04661160045271648,""bca_adjusted_quantiles"":[0.04464650057815944,0.9884983138445221],""bca_bias_percentile"":0.5209520952095209,""bootstrap_expected_tail_counts"":[446.42035928101626,115.00535986862316],""claim_type"":""analytic_mse"",""conditional_squared_discrepancy"":0.00012969944709685852,""confidence_interval"":{""high"":0.00020839125271815732,""low"":7.771057966938012e-05},""confidence_level"":0.95,""failed_or_unavailable"":0,""interval_coverage"":""pointwise_conditional_on_supplied_reference"",""interval_method"":""BCa"",""interval_status"":""available"",""minimum_valid_repetitions"":20,""observed_estimate_mean"":0.0024713872031327864,""planned"":24,""reference_eligible"":true,""reference_kind"":""analytic"",""reference_mcse"":0.0,""reference_shift_is_confidence_interval"":false,""reference_shift_max"":0.00012969944709685852,""reference_shift_min"":0.00012969944709685852,""resampled_valid_count_range"":[24,24],""resampling_plan_sha256"":""5f98d320079a8eabc798d4467116f7812aebb060206306373edde009c5a7e360"",""squared_discrepancy_standard_error"":3.2873442197718914e-05,""supplied_reference_value"":0.0,""unconditional_squared_discrepancy"":0.00012969944709685852,""undefined_bootstrap_replicates"":0,""valid"":24}","{""available_functions_missing_cost"":0,""conditioning"":""same finite function estimates as conditional error; all such costs must be complete"",""confidence_interval"":{""high"":23.12927112091831,""low"":22.233260776518062},""function_available"":24,""interval_diagnostics"":{""bca_acceleration"":-0.025930338845203266,""bca_adjusted_quantiles"":[0.0170612681440006,0.9653656837584147],""bca_bias_percentile"":0.4898489848984898,""bootstrap_expected_tail_counts"":[170.595620171862,346.30852809961146],""minimum_valid_repetitions"":20,""resampled_valid_count_range"":[24,24],""resampling_plan_sha256"":""5f98d320079a8eabc798d4467116f7812aebb060206306373edde009c5a7e360"",""undefined_bootstrap_replicates"":0},""interval_status"":""available"",""mean_seconds"":22.7418667000004,""output_outcome_counts"":{""infrastructure_interruption"":0,""measurement_available"":0,""not_run"":0,""numerical_failure"":0,""output_failure_unclassified"":0,""resource_failure"":0,""valid"":24},""planned"":24,""plot_error_cost_point"":true,""reference_kind"":""analytic""}"
q2,cuda-rwm-online_picard,1024,ordinary_workflow,24,24,analytic,0.0,0.0,0.004830766040572947,0.003102636612436592,0.008525786590741333,available,3.369818312502806,3.3562350490292907,3.388169348258123,available,True,"{""bca_acceleration"":0.08347229933546822,""bca_adjusted_quantiles"":[0.06497571404161862,0.9950842275284776],""bca_bias_percentile"":0.5388538853885388,""bootstrap_expected_tail_counts"":[649.6921647021445,49.15280894275265],""claim_type"":""analytic_mse"",""conditional_squared_discrepancy"":0.004830766040572947,""confidence_interval"":{""high"":0.008525786590741333,""low"":0.003102636612436592},""confidence_level"":0.95,""failed_or_unavailable"":0,""interval_coverage"":""pointwise_conditional_on_supplied_reference"",""interval_method"":""BCa"",""interval_status"":""available"",""minimum_valid_repetitions"":20,""observed_estimate_mean"":0.010231513882408479,""planned"":24,""reference_eligible"":true,""reference_kind"":""analytic"",""reference_mcse"":0.0,""reference_shift_is_confidence_interval"":false,""reference_shift_max"":0.004830766040572947,""reference_shift_min"":0.004830766040572947,""resampled_valid_count_range"":[24,24],""resampling_plan_sha256"":""5f98d320079a8eabc798d4467116f7812aebb060206306373edde009c5a7e360"",""squared_discrepancy_standard_error"":0.001261255008786596,""supplied_reference_value"":0.0,""unconditional_squared_discrepancy"":0.004830766040572947,""undefined_bootstrap_replicates"":0,""valid"":24}","{""available_functions_missing_cost"":0,""conditioning"":""same finite function estimates as conditional error; all such costs must be complete"",""confidence_interval"":{""high"":3.388169348258123,""low"":3.3562350490292907},""function_available"":24,""interval_diagnostics"":{""bca_acceleration"":0.037087308737173204,""bca_adjusted_quantiles"":[0.039415357702021266,0.9858896178796748],""bca_bias_percentile"":0.5148514851485149,""bootstrap_expected_tail_counts"":[394.11416166251064,141.08971082113194],""minimum_valid_repetitions"":20,""resampled_valid_count_range"":[24,24],""resampling_plan_sha256"":""5f98d320079a8eabc798d4467116f7812aebb060206306373edde009c5a7e360"",""undefined_bootstrap_replicates"":0},""interval_status"":""available"",""mean_seconds"":3.369818312502806,""output_outcome_counts"":{""infrastructure_interruption"":0,""measurement_available"":0,""not_run"":0,""numerical_failure"":0,""output_failure_unclassified"":0,""resource_failure"":0,""valid"":24},""planned"":24,""plot_error_cost_point"":true,""reference_kind"":""analytic""}"
q2,cuda-rwm-online_picard,1024,research_execution,24,24,analytic,0.0,0.0,0.004830766040572947,0.003102636612436592,0.008525786590741333,available,5.990682579158677,5.949526243016767,6.0350260428623015,available,True,"{""bca_acceleration"":0.08347229933546822,""bca_adjusted_quantiles"":[0.06497571404161862,0.9950842275284776],""bca_bias_percentile"":0.5388538853885388,""bootstrap_expected_tail_counts"":[649.6921647021445,49.15280894275265],""claim_type"":""analytic_mse"",""conditional_squared_discrepancy"":0.004830766040572947,""confidence_interval"":{""high"":0.008525786590741333,""low"":0.003102636612436592},""confidence_level"":0.95,""failed_or_unavailable"":0,""interval_coverage"":""pointwise_conditional_on_supplied_reference"",""interval_method"":""BCa"",""interval_status"":""available"",""minimum_valid_repetitions"":20,""observed_estimate_mean"":0.010231513882408479,""planned"":24,""reference_eligible"":true,""reference_kind"":""analytic"",""reference_mcse"":0.0,""reference_shift_is_confidence_interval"":false,""reference_shift_max"":0.004830766040572947,""reference_shift_min"":0.004830766040572947,""resampled_valid_count_range"":[24,24],""resampling_plan_sha256"":""5f98d320079a8eabc798d4467116f7812aebb060206306373edde009c5a7e360"",""squared_discrepancy_standard_error"":0.001261255008786596,""supplied_reference_value"":0.0,""unconditional_squared_discrepancy"":0.004830766040572947,""undefined_bootstrap_replicates"":0,""valid"":24}","{""available_functions_missing_cost"":0,""conditioning"":""same finite function estimates as conditional error; all such costs must be complete"",""confidence_interval"":{""high"":6.0350260428623015,""low"":5.949526243016767},""function_available"":24,""interval_diagnostics"":{""bca_acceleration"":0.013132276186294724,""bca_adjusted_quantiles"":[0.0276256647782826,0.9775349886891294],""bca_bias_percentile"":0.49874987498749873,""bootstrap_expected_tail_counts"":[276.22902211804774,224.62764809739554],""minimum_valid_repetitions"":20,""resampled_valid_count_range"":[24,24],""resampling_plan_sha256"":""5f98d320079a8eabc798d4467116f7812aebb060206306373edde009c5a7e360"",""undefined_bootstrap_replicates"":0},""interval_status"":""available"",""mean_seconds"":5.990682579158677,""output_outcome_counts"":{""infrastructure_interruption"":0,""measurement_available"":0,""not_run"":0,""numerical_failure"":0,""output_failure_unclassified"":0,""resource_failure"":0,""valid"":24},""planned"":24,""plot_error_cost_point"":true,""reference_kind"":""analytic""}"
q2,cuda-rwm-online_picard,4096,ordinary_workflow,24,24,analytic,0.0,0.0,0.0011914083655716206,0.0007262768263820211,0.0020759926814324305,available,5.256091679164797,5.2165329880704725,5.29511608432437,available,True,"{""bca_acceleration"":0.07280828177634222,""bca_adjusted_quantiles"":[0.05792788795576899,0.9933833885501994],""bca_bias_percentile"":0.5321532153215321,""bootstrap_expected_tail_counts"":[579.2209516697342,66.15949788655655],""claim_type"":""analytic_mse"",""conditional_squared_discrepancy"":0.0011914083655716206,""confidence_interval"":{""high"":0.0020759926814324305,""low"":0.0007262768263820211},""confidence_level"":0.95,""failed_or_unavailable"":0,""interval_coverage"":""pointwise_conditional_on_supplied_reference"",""interval_method"":""BCa"",""interval_status"":""available"",""minimum_valid_repetitions"":20,""observed_estimate_mean"":0.001575018474785218,""planned"":24,""reference_eligible"":true,""reference_kind"":""analytic"",""reference_mcse"":0.0,""reference_shift_is_confidence_interval"":false,""reference_shift_max"":0.0011914083655716206,""reference_shift_min"":0.0011914083655716206,""resampled_valid_count_range"":[24,24],""resampling_plan_sha256"":""5f98d320079a8eabc798d4467116f7812aebb060206306373edde009c5a7e360"",""squared_discrepancy_standard_error"":0.00032422376644239615,""supplied_reference_value"":0.0,""unconditional_squared_discrepancy"":0.0011914083655716206,""undefined_bootstrap_replicates"":0,""valid"":24}","{""available_functions_missing_cost"":0,""conditioning"":""same finite function estimates as conditional error; all such costs must be complete"",""confidence_interval"":{""high"":5.29511608432437,""low"":5.2165329880704725},""function_available"":24,""interval_diagnostics"":{""bca_acceleration"":-0.00320880106280453,""bca_adjusted_quantiles"":[0.023503112402958957,0.973444195632658],""bca_bias_percentile"":0.49724972497249725,""bootstrap_expected_tail_counts"":[235.0076209171866,265.53148786905217],""minimum_valid_repetitions"":20,""resampled_valid_count_range"":[24,24],""resampling_plan_sha256"":""5f98d320079a8eabc798d4467116f7812aebb060206306373edde009c5a7e360"",""undefined_bootstrap_replicates"":0},""interval_status"":""available"",""mean_seconds"":5.256091679164797,""output_outcome_counts"":{""infrastructure_interruption"":0,""measurement_available"":0,""not_run"":0,""numerical_failure"":0,""output_failure_unclassified"":0,""resource_failure"":0,""valid"":24},""planned"":24,""plot_error_cost_point"":true,""reference_kind"":""analytic""}"
q2,cuda-rwm-online_picard,4096,research_execution,24,24,analytic,0.0,0.0,0.0011914083655716206,0.0007262768263820211,0.0020759926814324305,available,8.74969381250427,8.69112817915372,8.80751426746315,available,True,"{""bca_acceleration"":0.07280828177634222,""bca_adjusted_quantiles"":[0.05792788795576899,0.9933833885501994],""bca_bias_percentile"":0.5321532153215321,""bootstrap_expected_tail_counts"":[579.2209516697342,66.15949788655655],""claim_type"":""analytic_mse"",""conditional_squared_discrepancy"":0.0011914083655716206,""confidence_interval"":{""high"":0.0020759926814324305,""low"":0.0007262768263820211},""confidence_level"":0.95,""failed_or_unavailable"":0,""interval_coverage"":""pointwise_conditional_on_supplied_reference"",""interval_method"":""BCa"",""interval_status"":""available"",""minimum_valid_repetitions"":20,""observed_estimate_mean"":0.001575018474785218,""planned"":24,""reference_eligible"":true,""reference_kind"":""analytic"",""reference_mcse"":0.0,""reference_shift_is_confidence_interval"":false,""reference_shift_max"":0.0011914083655716206,""reference_shift_min"":0.0011914083655716206,""resampled_valid_count_range"":[24,24],""resampling_plan_sha256"":""5f98d320079a8eabc798d4467116f7812aebb060206306373edde009c5a7e360"",""squared_discrepancy_standard_error"":0.00032422376644239615,""supplied_reference_value"":0.0,""unconditional_squared_discrepancy"":0.0011914083655716206,""undefined_bootstrap_replicates"":0,""valid"":24}","{""available_functions_missing_cost"":0,""conditioning"":""same finite function estimates as conditional error; all such costs must be complete"",""confidence_interval"":{""high"":8.80751426746315,""low"":8.69112817915372},""function_available"":24,""interval_diagnostics"":{""bca_acceleration"":0.0013097679169367842,""bca_adjusted_quantiles"":[0.02381242018731141,0.9737566640574514],""bca_bias_percentile"":0.49484948494849484,""bootstrap_expected_tail_counts"":[238.1003894529268,262.4071160895432],""minimum_valid_repetitions"":20,""resampled_valid_count_range"":[24,24],""resampling_plan_sha256"":""5f98d320079a8eabc798d4467116f7812aebb060206306373edde009c5a7e360"",""undefined_bootstrap_replicates"":0},""interval_status"":""available"",""mean_seconds"":8.74969381250427,""output_outcome_counts"":{""infrastructure_interruption"":0,""measurement_available"":0,""not_run"":0,""numerical_failure"":0,""output_failure_unclassified"":0,""resource_failure"":0,""valid"":24},""planned"":24,""plot_error_cost_point"":true,""reference_kind"":""analytic""}"
q2,cuda-rwm-sequential,1024,ordinary_workflow,24,24,analytic,0.0,0.0,0.004830766040572958,0.0031026366124366138,0.00852578659074136,available,3.76318486666734,3.741375826702977,3.7888466657937796,available,True,"{""bca_acceleration"":0.08347229933546813,""bca_adjusted_quantiles"":[0.06497571404161856,0.9950842275284776],""bca_bias_percentile"":0.5388538853885388,""bootstrap_expected_tail_counts"":[649.6921647021439,49.15280894275265],""claim_type"":""analytic_mse"",""conditional_squared_discrepancy"":0.004830766040572958,""confidence_interval"":{""high"":0.00852578659074136,""low"":0.0031026366124366138},""confidence_level"":0.95,""failed_or_unavailable"":0,""interval_coverage"":""pointwise_conditional_on_supplied_reference"",""interval_method"":""BCa"",""interval_status"":""available"",""minimum_valid_repetitions"":20,""observed_estimate_mean"":0.010231513882408273,""planned"":24,""reference_eligible"":true,""reference_kind"":""analytic"",""reference_mcse"":0.0,""reference_shift_is_confidence_interval"":false,""reference_shift_max"":0.004830766040572958,""reference_shift_min"":0.004830766040572958,""resampled_valid_count_range"":[24,24],""resampling_plan_sha256"":""5f98d320079a8eabc798d4467116f7812aebb060206306373edde009c5a7e360"",""squared_discrepancy_standard_error"":0.0012612550087865982,""supplied_reference_value"":0.0,""unconditional_squared_discrepancy"":0.004830766040572958,""undefined_bootstrap_replicates"":0,""valid"":24}","{""available_functions_missing_cost"":0,""conditioning"":""same finite function estimates as conditional error; all such costs must be complete"",""confidence_interval"":{""high"":3.7888466657937796,""low"":3.741375826702977},""function_available"":24,""interval_diagnostics"":{""bca_acceleration"":0.019194023917206687,""bca_adjusted_quantiles"":[0.030521199775223103,0.9799891569412537],""bca_bias_percentile"":0.5032503250325032,""bootstrap_expected_tail_counts"":[305.1814765524558,200.08841974440466],""minimum_valid_repetitions"":20,""resampled_valid_count_range"":[24,24],""resampling_plan_sha256"":""5f98d320079a8eabc798d4467116f7812aebb060206306373edde009c5a7e360"",""undefined_bootstrap_replicates"":0},""interval_status"":""available"",""mean_seconds"":3.76318486666734,""output_outcome_counts"":{""infrastructure_interruption"":0,""measurement_available"":0,""not_run"":0,""numerical_failure"":0,""output_failure_unclassified"":0,""resource_failure"":0,""valid"":24},""planned"":24,""plot_error_cost_point"":true,""reference_kind"":""analytic""}"
q2,cuda-rwm-sequential,1024,research_execution,24,24,analytic,0.0,0.0,0.004830766040572958,0.0031026366124366138,0.00852578659074136,available,6.384040570836078,6.343773948183694,6.434986746414012,available,True,"{""bca_acceleration"":0.08347229933546813,""bca_adjusted_quantiles"":[0.06497571404161856,0.9950842275284776],""bca_bias_percentile"":0.5388538853885388,""bootstrap_expected_tail_counts"":[649.6921647021439,49.15280894275265],""claim_type"":""analytic_mse"",""conditional_squared_discrepancy"":0.004830766040572958,""confidence_interval"":{""high"":0.00852578659074136,""low"":0.0031026366124366138},""confidence_level"":0.95,""failed_or_unavailable"":0,""interval_coverage"":""pointwise_conditional_on_supplied_reference"",""interval_method"":""BCa"",""interval_status"":""available"",""minimum_valid_repetitions"":20,""observed_estimate_mean"":0.010231513882408273,""planned"":24,""reference_eligible"":true,""reference_kind"":""analytic"",""reference_mcse"":0.0,""reference_shift_is_confidence_interval"":false,""reference_shift_max"":0.004830766040572958,""reference_shift_min"":0.004830766040572958,""resampled_valid_count_range"":[24,24],""resampling_plan_sha256"":""5f98d320079a8eabc798d4467116f7812aebb060206306373edde009c5a7e360"",""squared_discrepancy_standard_error"":0.0012612550087865982,""supplied_reference_value"":0.0,""unconditional_squared_discrepancy"":0.004830766040572958,""undefined_bootstrap_replicates"":0,""valid"":24}","{""available_functions_missing_cost"":0,""conditioning"":""same finite function estimates as conditional error; all such costs must be complete"",""confidence_interval"":{""high"":6.434986746414012,""low"":6.343773948183694},""function_available"":24,""interval_diagnostics"":{""bca_acceleration"":0.03137897416927567,""bca_adjusted_quantiles"":[0.03498602008850863,0.9832994641457552],""bca_bias_percentile"":0.5072507250725072,""bootstrap_expected_tail_counts"":[349.8252148649978,166.98865800659377],""minimum_valid_repetitions"":20,""resampled_valid_count_range"":[24,24],""resampling_plan_sha256"":""5f98d320079a8eabc798d4467116f7812aebb060206306373edde009c5a7e360"",""undefined_bootstrap_replicates"":0},""interval_status"":""available"",""mean_seconds"":6.384040570836078,""output_outcome_counts"":{""infrastructure_interruption"":0,""measurement_available"":0,""not_run"":0,""numerical_failure"":0,""output_failure_unclassified"":0,""resource_failure"":0,""valid"":24},""planned"":24,""plot_error_cost_point"":true,""reference_kind"":""analytic""}"
q2,cuda-rwm-sequential,4096,ordinary_workflow,24,24,analytic,0.0,0.0,0.001191408365571626,0.0007262768263820337,0.002075992681432419,available,6.9764204291664855,6.858744345579392,7.0727601019104345,available,True,"{""bca_acceleration"":0.07280828177634167,""bca_adjusted_quantiles"":[0.05792788795576881,0.9933833885501994],""bca_bias_percentile"":0.5321532153215321,""bootstrap_expected_tail_counts"":[579.2209516697324,66.15949788655655],""claim_type"":""analytic_mse"",""conditional_squared_discrepancy"":0.001191408365571626,""confidence_interval"":{""high"":0.002075992681432419,""low"":0.0007262768263820337},""confidence_level"":0.95,""failed_or_unavailable"":0,""interval_coverage"":""pointwise_conditional_on_supplied_reference"",""interval_method"":""BCa"",""interval_status"":""available"",""minimum_valid_repetitions"":20,""observed_estimate_mean"":0.001575018474784926,""planned"":24,""reference_eligible"":true,""reference_kind"":""analytic"",""reference_mcse"":0.0,""reference_shift_is_confidence_interval"":false,""reference_shift_max"":0.001191408365571626,""reference_shift_min"":0.001191408365571626,""resampled_valid_count_range"":[24,24],""resampling_plan_sha256"":""5f98d320079a8eabc798d4467116f7812aebb060206306373edde009c5a7e360"",""squared_discrepancy_standard_error"":0.000324223766442392,""supplied_reference_value"":0.0,""unconditional_squared_discrepancy"":0.001191408365571626,""undefined_bootstrap_replicates"":0,""valid"":24}","{""available_functions_missing_cost"":0,""conditioning"":""same finite function estimates as conditional error; all such costs must be complete"",""confidence_interval"":{""high"":7.0727601019104345,""low"":6.858744345579392},""function_available"":24,""interval_diagnostics"":{""bca_acceleration"":-0.024755307399207508,""bca_adjusted_quantiles"":[0.018250175809083287,0.9671730116485155],""bca_bias_percentile"":0.49404940494049404,""bootstrap_expected_tail_counts"":[182.48350791502378,328.23705652649306],""minimum_valid_repetitions"":20,""resampled_valid_count_range"":[24,24],""resampling_plan_sha256"":""5f98d320079a8eabc798d4467116f7812aebb060206306373edde009c5a7e360"",""undefined_bootstrap_replicates"":0},""interval_status"":""available"",""mean_seconds"":6.9764204291664855,""output_outcome_counts"":{""infrastructure_interruption"":0,""measurement_available"":0,""not_run"":0,""numerical_failure"":0,""output_failure_unclassified"":0,""resource_failure"":0,""valid"":24},""planned"":24,""plot_error_cost_point"":true,""reference_kind"":""analytic""}"
q2,cuda-rwm-sequential,4096,research_execution,24,24,analytic,0.0,0.0,0.001191408365571626,0.0007262768263820337,0.002075992681432419,available,10.454615770830666,10.343627666773468,10.544391006363744,available,True,"{""bca_acceleration"":0.07280828177634167,""bca_adjusted_quantiles"":[0.05792788795576881,0.9933833885501994],""bca_bias_percentile"":0.5321532153215321,""bootstrap_expected_tail_counts"":[579.2209516697324,66.15949788655655],""claim_type"":""analytic_mse"",""conditional_squared_discrepancy"":0.001191408365571626,""confidence_interval"":{""high"":0.002075992681432419,""low"":0.0007262768263820337},""confidence_level"":0.95,""failed_or_unavailable"":0,""interval_coverage"":""pointwise_conditional_on_supplied_reference"",""interval_method"":""BCa"",""interval_status"":""available"",""minimum_valid_repetitions"":20,""observed_estimate_mean"":0.001575018474784926,""planned"":24,""reference_eligible"":true,""reference_kind"":""analytic"",""reference_mcse"":0.0,""reference_shift_is_confidence_interval"":false,""reference_shift_max"":0.001191408365571626,""reference_shift_min"":0.001191408365571626,""resampled_valid_count_range"":[24,24],""resampling_plan_sha256"":""5f98d320079a8eabc798d4467116f7812aebb060206306373edde009c5a7e360"",""squared_discrepancy_standard_error"":0.000324223766442392,""supplied_reference_value"":0.0,""unconditional_squared_discrepancy"":0.001191408365571626,""undefined_bootstrap_replicates"":0,""valid"":24}","{""available_functions_missing_cost"":0,""conditioning"":""same finite function estimates as conditional error; all such costs must be complete"",""confidence_interval"":{""high"":10.544391006363744,""low"":10.343627666773468},""function_available"":24,""interval_diagnostics"":{""bca_acceleration"":-0.01991928821114297,""bca_adjusted_quantiles"":[0.018879658289949277,0.9679369846316723],""bca_bias_percentile"":0.49274927492749276,""bootstrap_expected_tail_counts"":[188.77770324120283,320.5980906679084],""minimum_valid_repetitions"":20,""resampled_valid_count_range"":[24,24],""resampling_plan_sha256"":""5f98d320079a8eabc798d4467116f7812aebb060206306373edde009c5a7e360"",""undefined_bootstrap_replicates"":0},""interval_status"":""available"",""mean_seconds"":10.454615770830666,""output_outcome_counts"":{""infrastructure_interruption"":0,""measurement_available"":0,""not_run"":0,""numerical_failure"":0,""output_failure_unclassified"":0,""resource_failure"":0,""valid"":24},""planned"":24,""plot_error_cost_point"":true,""reference_kind"":""analytic""}"
q2_squared,cpu-mala-quasi_deer,1024,ordinary_workflow,24,24,analytic,1.0,0.0,0.0010667758259140848,0.0006412406253683761,0.0016821092859717185,available,12.012510754165078,11.705538106475478,12.368613895541275,available,True,"{""bca_acceleration"":0.043477272600058195,""bca_adjusted_quantiles"":[0.043959018366025025,0.9881138502543678],""bca_bias_percentile"":0.5214521452145214,""bootstrap_expected_tail_counts"":[439.54622464188424,118.84961130657616],""claim_type"":""analytic_mse"",""conditional_squared_discrepancy"":0.0010667758259140848,""confidence_interval"":{""high"":0.0016821092859717185,""low"":0.0006412406253683761},""confidence_level"":0.95,""failed_or_unavailable"":0,""interval_coverage"":""pointwise_conditional_on_supplied_reference"",""interval_method"":""BCa"",""interval_status"":""available"",""minimum_valid_repetitions"":20,""observed_estimate_mean"":1.003147348537349,""planned"":24,""reference_eligible"":true,""reference_kind"":""analytic"",""reference_mcse"":0.0,""reference_shift_is_confidence_interval"":false,""reference_shift_max"":0.0010667758259140848,""reference_shift_min"":0.0010667758259140848,""resampled_valid_count_range"":[24,24],""resampling_plan_sha256"":""5f98d320079a8eabc798d4467116f7812aebb060206306373edde009c5a7e360"",""squared_discrepancy_standard_error"":0.0002665688300503629,""supplied_reference_value"":1.0,""unconditional_squared_discrepancy"":0.0010667758259140848,""undefined_bootstrap_replicates"":0,""valid"":24}","{""available_functions_missing_cost"":0,""conditioning"":""same finite function estimates as conditional error; all such costs must be complete"",""confidence_interval"":{""high"":12.368613895541275,""low"":11.705538106475478},""function_available"":24,""interval_diagnostics"":{""bca_acceleration"":0.01184189362613055,""bca_adjusted_quantiles"":[0.029263343383085835,0.9788947545083736],""bca_bias_percentile"":0.5048504850485048,""bootstrap_expected_tail_counts"":[292.60417048747524,211.03134967077239],""minimum_valid_repetitions"":20,""resampled_valid_count_range"":[24,24],""resampling_plan_sha256"":""5f98d320079a8eabc798d4467116f7812aebb060206306373edde009c5a7e360"",""undefined_bootstrap_replicates"":0},""interval_status"":""available"",""mean_seconds"":12.012510754165078,""output_outcome_counts"":{""infrastructure_interruption"":0,""measurement_available"":0,""not_run"":0,""numerical_failure"":0,""output_failure_unclassified"":0,""resource_failure"":0,""valid"":24},""planned"":24,""plot_error_cost_point"":true,""reference_kind"":""analytic""}"
q2_squared,cpu-mala-quasi_deer,1024,research_execution,24,24,analytic,1.0,0.0,0.0010667758259140848,0.0006412406253683761,0.0016821092859717185,available,15.149383833334847,14.829954247808592,15.521404169214478,available,True,"{""bca_acceleration"":0.043477272600058195,""bca_adjusted_quantiles"":[0.043959018366025025,0.9881138502543678],""bca_bias_percentile"":0.5214521452145214,""bootstrap_expected_tail_counts"":[439.54622464188424,118.84961130657616],""claim_type"":""analytic_mse"",""conditional_squared_discrepancy"":0.0010667758259140848,""confidence_interval"":{""high"":0.0016821092859717185,""low"":0.0006412406253683761},""confidence_level"":0.95,""failed_or_unavailable"":0,""interval_coverage"":""pointwise_conditional_on_supplied_reference"",""interval_method"":""BCa"",""interval_status"":""available"",""minimum_valid_repetitions"":20,""observed_estimate_mean"":1.003147348537349,""planned"":24,""reference_eligible"":true,""reference_kind"":""analytic"",""reference_mcse"":0.0,""reference_shift_is_confidence_interval"":false,""reference_shift_max"":0.0010667758259140848,""reference_shift_min"":0.0010667758259140848,""resampled_valid_count_range"":[24,24],""resampling_plan_sha256"":""5f98d320079a8eabc798d4467116f7812aebb060206306373edde009c5a7e360"",""squared_discrepancy_standard_error"":0.0002665688300503629,""supplied_reference_value"":1.0,""unconditional_squared_discrepancy"":0.0010667758259140848,""undefined_bootstrap_replicates"":0,""valid"":24}","{""available_functions_missing_cost"":0,""conditioning"":""same finite function estimates as conditional error; all such costs must be complete"",""confidence_interval"":{""high"":15.521404169214478,""low"":14.829954247808592},""function_available"":24,""interval_diagnostics"":{""bca_acceleration"":0.011706103384242083,""bca_adjusted_quantiles"":[0.029427011995212027,0.9790224803648339],""bca_bias_percentile"":0.5054505450545055,""bootstrap_expected_tail_counts"":[294.24069294012503,209.75421883202625],""minimum_valid_repetitions"":20,""resampled_valid_count_range"":[24,24],""resampling_plan_sha256"":""5f98d320079a8eabc798d4467116f7812aebb060206306373edde009c5a7e360"",""undefined_bootstrap_replicates"":0},""interval_status"":""available"",""mean_seconds"":15.149383833334847,""output_outcome_counts"":{""infrastructure_interruption"":0,""measurement_available"":0,""not_run"":0,""numerical_failure"":0,""output_failure_unclassified"":0,""resource_failure"":0,""valid"":24},""planned"":24,""plot_error_cost_point"":true,""reference_kind"":""analytic""}"
q2_squared,cpu-mala-quasi_deer,4096,ordinary_workflow,24,24,analytic,1.0,0.0,0.00031423941617962224,0.00021486588640547147,0.0004618889691080963,available,29.98019939583192,29.003101966367943,31.142571547007332,available,True,"{""bca_acceleration"":0.04137637290890927,""bca_adjusted_quantiles"":[0.04108715659605187,0.9868222615753012],""bca_bias_percentile"":0.5160516051605161,""bootstrap_expected_tail_counts"":[410.83047880392263,131.76420650856357],""claim_type"":""analytic_mse"",""conditional_squared_discrepancy"":0.00031423941617962224,""confidence_interval"":{""high"":0.0004618889691080963,""low"":0.00021486588640547147},""confidence_level"":0.95,""failed_or_unavailable"":0,""interval_coverage"":""pointwise_conditional_on_supplied_reference"",""interval_method"":""BCa"",""interval_status"":""available"",""minimum_valid_repetitions"":20,""observed_estimate_mean"":1.003282365113525,""planned"":24,""reference_eligible"":true,""reference_kind"":""analytic"",""reference_mcse"":0.0,""reference_shift_is_confidence_interval"":false,""reference_shift_max"":0.00031423941617962224,""reference_shift_min"":0.00031423941617962224,""resampled_valid_count_range"":[24,24],""resampling_plan_sha256"":""5f98d320079a8eabc798d4467116f7812aebb060206306373edde009c5a7e360"",""squared_discrepancy_standard_error"":6.182212759774756e-05,""supplied_reference_value"":1.0,""unconditional_squared_discrepancy"":0.00031423941617962224,""undefined_bootstrap_replicates"":0,""valid"":24}","{""available_functions_missing_cost"":0,""conditioning"":""same finite function estimates as conditional error; all such costs must be complete"",""confidence_interval"":{""high"":31.142571547007332,""low"":29.003101966367943},""function_available"":24,""interval_diagnostics"":{""bca_acceleration"":0.016738589593096414,""bca_adjusted_quantiles"":[0.03171479707688499,0.9808114375344922],""bca_bias_percentile"":0.5085508550855086,""bootstrap_expected_tail_counts"":[317.116255971773,191.86643609261267],""minimum_valid_repetitions"":20,""resampled_valid_count_range"":[24,24],""resampling_plan_sha256"":""5f98d320079a8eabc798d4467116f7812aebb060206306373edde009c5a7e360"",""undefined_bootstrap_replicates"":0},""interval_status"":""available"",""mean_seconds"":29.98019939583192,""output_outcome_counts"":{""infrastructure_interruption"":0,""measurement_available"":0,""not_run"":0,""numerical_failure"":0,""output_failure_unclassified"":0,""resource_failure"":0,""valid"":24},""planned"":24,""plot_error_cost_point"":true,""reference_kind"":""analytic""}"
q2_squared,cpu-mala-quasi_deer,4096,research_execution,24,24,analytic,1.0,0.0,0.00031423941617962224,0.00021486588640547147,0.0004618889691080963,available,35.160398279161235,34.107095734732646,36.346567089081006,available,True,"{""bca_acceleration"":0.04137637290890927,""bca_adjusted_quantiles"":[0.04108715659605187,0.9868222615753012],""bca_bias_percentile"":0.5160516051605161,""bootstrap_expected_tail_counts"":[410.83047880392263,131.76420650856357],""claim_type"":""analytic_mse"",""conditional_squared_discrepancy"":0.00031423941617962224,""confidence_interval"":{""high"":0.0004618889691080963,""low"":0.00021486588640547147},""confidence_level"":0.95,""failed_or_unavailable"":0,""interval_coverage"":""pointwise_conditional_on_supplied_reference"",""interval_method"":""BCa"",""interval_status"":""available"",""minimum_valid_repetitions"":20,""observed_estimate_mean"":1.003282365113525,""planned"":24,""reference_eligible"":true,""reference_kind"":""analytic"",""reference_mcse"":0.0,""reference_shift_is_confidence_interval"":false,""reference_shift_max"":0.00031423941617962224,""reference_shift_min"":0.00031423941617962224,""resampled_valid_count_range"":[24,24],""resampling_plan_sha256"":""5f98d320079a8eabc798d4467116f7812aebb060206306373edde009c5a7e360"",""squared_discrepancy_standard_error"":6.182212759774756e-05,""supplied_reference_value"":1.0,""unconditional_squared_discrepancy"":0.00031423941617962224,""undefined_bootstrap_replicates"":0,""valid"":24}","{""available_functions_missing_cost"":0,""conditioning"":""same finite function estimates as conditional error; all such costs must be complete"",""confidence_interval"":{""high"":36.346567089081006,""low"":34.107095734732646},""function_available"":24,""interval_diagnostics"":{""bca_acceleration"":0.01239310792263986,""bca_adjusted_quantiles"":[0.029200585888477522,0.9788524217913315],""bca_bias_percentile"":0.5042504250425043,""bootstrap_expected_tail_counts"":[291.9766582988867,211.4546345084766],""minimum_valid_repetitions"":20,""resampled_valid_count_range"":[24,24],""resampling_plan_sha256"":""5f98d320079a8eabc798d4467116f7812aebb060206306373edde009c5a7e360"",""undefined_bootstrap_replicates"":0},""interval_status"":""available"",""mean_seconds"":35.160398279161235,""output_outcome_counts"":{""infrastructure_interruption"":0,""measurement_available"":0,""not_run"":0,""numerical_failure"":0,""output_failure_unclassified"":0,""resource_failure"":0,""valid"":24},""planned"":24,""plot_error_cost_point"":true,""reference_kind"":""analytic""}"
q2_squared,cpu-mala-sequential,1024,ordinary_workflow,24,24,analytic,1.0,0.0,0.0010667758259158163,0.0006412406253670552,0.0016821092859684022,available,4.271905704169892,4.2573279497983805,4.28780802750987,available,True,"{""bca_acceleration"":0.04347727259991799,""bca_adjusted_quantiles"":[0.04395901836598465,0.9881138502543466],""bca_bias_percentile"":0.5214521452145214,""bootstrap_expected_tail_counts"":[439.5462246414805,118.84961130678819],""claim_type"":""analytic_mse"",""conditional_squared_discrepancy"":0.0010667758259158163,""confidence_interval"":{""high"":0.0016821092859684022,""low"":0.0006412406253670552},""confidence_level"":0.95,""failed_or_unavailable"":0,""interval_coverage"":""pointwise_conditional_on_supplied_reference"",""interval_method"":""BCa"",""interval_status"":""available"",""minimum_valid_repetitions"":20,""observed_estimate_mean"":1.0031473485373312,""planned"":24,""reference_eligible"":true,""reference_kind"":""analytic"",""reference_mcse"":0.0,""reference_shift_is_confidence_interval"":false,""reference_shift_max"":0.0010667758259158163,""reference_shift_min"":0.0010667758259158163,""resampled_valid_count_range"":[24,24],""resampling_plan_sha256"":""5f98d320079a8eabc798d4467116f7812aebb060206306373edde009c5a7e360"",""squared_discrepancy_standard_error"":0.00026656883005144095,""supplied_reference_value"":1.0,""unconditional_squared_discrepancy"":0.0010667758259158163,""undefined_bootstrap_replicates"":0,""valid"":24}","{""available_functions_missing_cost"":0,""conditioning"":""same finite function estimates as conditional error; all such costs must be complete"",""confidence_interval"":{""high"":4.28780802750987,""low"":4.2573279497983805},""function_available"":24,""interval_diagnostics"":{""bca_acceleration"":0.005491786298724605,""bca_adjusted_quantiles"":[0.028062088738505186,0.9778342952237263],""bca_bias_percentile"":0.5058505850585059,""bootstrap_expected_tail_counts"":[280.5928252963134,221.63488205796037],""minimum_valid_repetitions"":20,""resampled_valid_count_range"":[24,24],""resampling_plan_sha256"":""5f98d320079a8eabc798d4467116f7812aebb060206306373edde009c5a7e360"",""undefined_bootstrap_replicates"":0},""interval_status"":""available"",""mean_seconds"":4.271905704169892,""output_outcome_counts"":{""infrastructure_interruption"":0,""measurement_available"":0,""not_run"":0,""numerical_failure"":0,""output_failure_unclassified"":0,""resource_failure"":0,""valid"":24},""planned"":24,""plot_error_cost_point"":true,""reference_kind"":""analytic""}"
q2_squared,cpu-mala-sequential,1024,research_execution,24,24,analytic,1.0,0.0,0.0010667758259158163,0.0006412406253670552,0.0016821092859684022,available,7.385530429165745,7.34633967107747,7.434073500711605,available,True,"{""bca_acceleration"":0.04347727259991799,""bca_adjusted_quantiles"":[0.04395901836598465,0.9881138502543466],""bca_bias_percentile"":0.5214521452145214,""bootstrap_expected_tail_counts"":[439.5462246414805,118.84961130678819],""claim_type"":""analytic_mse"",""conditional_squared_discrepancy"":0.0010667758259158163,""confidence_interval"":{""high"":0.0016821092859684022,""low"":0.0006412406253670552},""confidence_level"":0.95,""failed_or_unavailable"":0,""interval_coverage"":""pointwise_conditional_on_supplied_reference"",""interval_method"":""BCa"",""interval_status"":""available"",""minimum_valid_repetitions"":20,""observed_estimate_mean"":1.0031473485373312,""planned"":24,""reference_eligible"":true,""reference_kind"":""analytic"",""reference_mcse"":0.0,""reference_shift_is_confidence_interval"":false,""reference_shift_max"":0.0010667758259158163,""reference_shift_min"":0.0010667758259158163,""resampled_valid_count_range"":[24,24],""resampling_plan_sha256"":""5f98d320079a8eabc798d4467116f7812aebb060206306373edde009c5a7e360"",""squared_discrepancy_standard_error"":0.00026656883005144095,""supplied_reference_value"":1.0,""unconditional_squared_discrepancy"":0.0010667758259158163,""undefined_bootstrap_replicates"":0,""valid"":24}","{""available_functions_missing_cost"":0,""conditioning"":""same finite function estimates as conditional error; all such costs must be complete"",""confidence_interval"":{""high"":7.434073500711605,""low"":7.34633967107747},""function_available"":24,""interval_diagnostics"":{""bca_acceleration"":0.02509752095141816,""bca_adjusted_quantiles"":[0.03358714111184752,0.9822594111482384],""bca_bias_percentile"":0.5078507850785079,""bootstrap_expected_tail_counts"":[335.8378239773633,177.38814792876374],""minimum_valid_repetitions"":20,""resampled_valid_count_range"":[24,24],""resampling_plan_sha256"":""5f98d320079a8eabc798d4467116f7812aebb060206306373edde009c5a7e360"",""undefined_bootstrap_replicates"":0},""interval_status"":""available"",""mean_seconds"":7.385530429165745,""output_outcome_counts"":{""infrastructure_interruption"":0,""measurement_available"":0,""not_run"":0,""numerical_failure"":0,""output_failure_unclassified"":0,""resource_failure"":0,""valid"":24},""planned"":24,""plot_error_cost_point"":true,""reference_kind"":""analytic""}"
q2_squared,cpu-mala-sequential,4096,ordinary_workflow,24,24,analytic,1.0,0.0,0.00031423941618078993,0.00021486588640576206,0.0004618889691078432,available,7.043223116665445,7.008773689765648,7.085454421163676,available,True,"{""bca_acceleration"":0.0413763729085811,""bca_adjusted_quantiles"":[0.04108715659596045,0.9868222615752483],""bca_bias_percentile"":0.5160516051605161,""bootstrap_expected_tail_counts"":[410.83047880300853,131.76420650909196],""claim_type"":""analytic_mse"",""conditional_squared_discrepancy"":0.00031423941618078993,""confidence_interval"":{""high"":0.0004618889691078432,""low"":0.00021486588640576206},""confidence_level"":0.95,""failed_or_unavailable"":0,""interval_coverage"":""pointwise_conditional_on_supplied_reference"",""interval_method"":""BCa"",""interval_status"":""available"",""minimum_valid_repetitions"":20,""observed_estimate_mean"":1.003282365113554,""planned"":24,""reference_eligible"":true,""reference_kind"":""analytic"",""reference_mcse"":0.0,""reference_shift_is_confidence_interval"":false,""reference_shift_max"":0.00031423941618078993,""reference_shift_min"":0.00031423941618078993,""resampled_valid_count_range"":[24,24],""resampling_plan_sha256"":""5f98d320079a8eabc798d4467116f7812aebb060206306373edde009c5a7e360"",""squared_discrepancy_standard_error"":6.182212759759401e-05,""supplied_reference_value"":1.0,""unconditional_squared_discrepancy"":0.00031423941618078993,""undefined_bootstrap_replicates"":0,""valid"":24}","{""available_functions_missing_cost"":0,""conditioning"":""same finite function estimates as conditional error; all such costs must be complete"",""confidence_interval"":{""high"":7.085454421163676,""low"":7.008773689765648},""function_available"":24,""interval_diagnostics"":{""bca_acceleration"":0.019652169255161264,""bca_adjusted_quantiles"":[0.03532314206728642,0.9831812198808213],""bca_bias_percentile"":0.5164516451645165,""bootstrap_expected_tail_counts"":[353.1960975307969,168.17098241166784],""minimum_valid_repetitions"":20,""resampled_valid_count_range"":[24,24],""resampling_plan_sha256"":""5f98d320079a8eabc798d4467116f7812aebb060206306373edde009c5a7e360"",""undefined_bootstrap_replicates"":0},""interval_status"":""available"",""mean_seconds"":7.043223116665445,""output_outcome_counts"":{""infrastructure_interruption"":0,""measurement_available"":0,""not_run"":0,""numerical_failure"":0,""output_failure_unclassified"":0,""resource_failure"":0,""valid"":24},""planned"":24,""plot_error_cost_point"":true,""reference_kind"":""analytic""}"
q2_squared,cpu-mala-sequential,4096,research_execution,24,24,analytic,1.0,0.0,0.00031423941618078993,0.00021486588640576206,0.0004618889691078432,available,12.106786383336006,12.0379028949015,12.18535709067041,available,True,"{""bca_acceleration"":0.0413763729085811,""bca_adjusted_quantiles"":[0.04108715659596045,0.9868222615752483],""bca_bias_percentile"":0.5160516051605161,""bootstrap_expected_tail_counts"":[410.83047880300853,131.76420650909196],""claim_type"":""analytic_mse"",""conditional_squared_discrepancy"":0.00031423941618078993,""confidence_interval"":{""high"":0.0004618889691078432,""low"":0.00021486588640576206},""confidence_level"":0.95,""failed_or_unavailable"":0,""interval_coverage"":""pointwise_conditional_on_supplied_reference"",""interval_method"":""BCa"",""interval_status"":""available"",""minimum_valid_repetitions"":20,""observed_estimate_mean"":1.003282365113554,""planned"":24,""reference_eligible"":true,""reference_kind"":""analytic"",""reference_mcse"":0.0,""reference_shift_is_confidence_interval"":false,""reference_shift_max"":0.00031423941618078993,""reference_shift_min"":0.00031423941618078993,""resampled_valid_count_range"":[24,24],""resampling_plan_sha256"":""5f98d320079a8eabc798d4467116f7812aebb060206306373edde009c5a7e360"",""squared_discrepancy_standard_error"":6.182212759759401e-05,""supplied_reference_value"":1.0,""unconditional_squared_discrepancy"":0.00031423941618078993,""undefined_bootstrap_replicates"":0,""valid"":24}","{""available_functions_missing_cost"":0,""conditioning"":""same finite function estimates as conditional error; all such costs must be complete"",""confidence_interval"":{""high"":12.18535709067041,""low"":12.0379028949015},""function_available"":24,""interval_diagnostics"":{""bca_acceleration"":0.011500284396523073,""bca_adjusted_quantiles"":[0.0318899291010545,0.9808259459106271],""bca_bias_percentile"":0.5128512851285129,""bootstrap_expected_tail_counts"":[318.867401081444,191.72136683963956],""minimum_valid_repetitions"":20,""resampled_valid_count_range"":[24,24],""resampling_plan_sha256"":""5f98d320079a8eabc798d4467116f7812aebb060206306373edde009c5a7e360"",""undefined_bootstrap_replicates"":0},""interval_status"":""available"",""mean_seconds"":12.106786383336006,""output_outcome_counts"":{""infrastructure_interruption"":0,""measurement_available"":0,""not_run"":0,""numerical_failure"":0,""output_failure_unclassified"":0,""resource_failure"":0,""valid"":24},""planned"":24,""plot_error_cost_point"":true,""reference_kind"":""analytic""}"
q2_squared,cpu-nuts-spawn_chains,1024,ordinary_workflow,24,24,analytic,1.0,0.0,0.0012749413342531297,0.0008163875483793534,0.0019875267986450146,available,8.209431495836384,7.994108680136774,8.453389088360895,available,True,"{""bca_acceleration"":0.05092984867350707,""bca_adjusted_quantiles"":[0.04866555054113192,0.9900767723296336],""bca_bias_percentile"":0.527052705270527,""bootstrap_expected_tail_counts"":[486.60683986077805,99.22235347599316],""claim_type"":""analytic_mse"",""conditional_squared_discrepancy"":0.0012749413342531297,""confidence_interval"":{""high"":0.0019875267986450146,""low"":0.0008163875483793534},""confidence_level"":0.95,""failed_or_unavailable"":0,""interval_coverage"":""pointwise_conditional_on_supplied_reference"",""interval_method"":""BCa"",""interval_status"":""available"",""minimum_valid_repetitions"":20,""observed_estimate_mean"":0.9987405593970624,""planned"":24,""reference_eligible"":true,""reference_kind"":""analytic"",""reference_mcse"":0.0,""reference_shift_is_confidence_interval"":false,""reference_shift_max"":0.0012749413342531297,""reference_shift_min"":0.0012749413342531297,""resampled_valid_count_range"":[24,24],""resampling_plan_sha256"":""5f98d320079a8eabc798d4467116f7812aebb060206306373edde009c5a7e360"",""squared_discrepancy_standard_error"":0.0003023330810315069,""supplied_reference_value"":1.0,""unconditional_squared_discrepancy"":0.0012749413342531297,""undefined_bootstrap_replicates"":0,""valid"":24}","{""available_functions_missing_cost"":0,""conditioning"":""same finite function estimates as conditional error; all such costs must be complete"",""confidence_interval"":{""high"":8.453389088360895,""low"":7.994108680136774},""function_available"":24,""interval_diagnostics"":{""bca_acceleration"":0.01319446306879513,""bca_adjusted_quantiles"":[0.030121061178817077,0.9795828889141701],""bca_bias_percentile"":0.5064506450645064,""bootstrap_expected_tail_counts"":[301.18049072699193,204.15069374721304],""minimum_valid_repetitions"":20,""resampled_valid_count_range"":[24,24],""resampling_plan_sha256"":""5f98d320079a8eabc798d4467116f7812aebb060206306373edde009c5a7e360"",""undefined_bootstrap_replicates"":0},""interval_status"":""available"",""mean_seconds"":8.209431495836384,""output_outcome_counts"":{""infrastructure_interruption"":0,""measurement_available"":0,""not_run"":0,""numerical_failure"":0,""output_failure_unclassified"":0,""resource_failure"":0,""valid"":24},""planned"":24,""plot_error_cost_point"":true,""reference_kind"":""analytic""}"
q2_squared,cpu-nuts-spawn_chains,1024,research_execution,24,24,analytic,1.0,0.0,0.0012749413342531297,0.0008163875483793534,0.0019875267986450146,available,10.37508994166645,10.135743285356773,10.641769134395885,available,True,"{""bca_acceleration"":0.05092984867350707,""bca_adjusted_quantiles"":[0.04866555054113192,0.9900767723296336],""bca_bias_percentile"":0.527052705270527,""bootstrap_expected_tail_counts"":[486.60683986077805,99.22235347599316],""claim_type"":""analytic_mse"",""conditional_squared_discrepancy"":0.0012749413342531297,""confidence_interval"":{""high"":0.0019875267986450146,""low"":0.0008163875483793534},""confidence_level"":0.95,""failed_or_unavailable"":0,""interval_coverage"":""pointwise_conditional_on_supplied_reference"",""interval_method"":""BCa"",""interval_status"":""available"",""minimum_valid_repetitions"":20,""observed_estimate_mean"":0.9987405593970624,""planned"":24,""reference_eligible"":true,""reference_kind"":""analytic"",""reference_mcse"":0.0,""reference_shift_is_confidence_interval"":false,""reference_shift_max"":0.0012749413342531297,""reference_shift_min"":0.0012749413342531297,""resampled_valid_count_range"":[24,24],""resampling_plan_sha256"":""5f98d320079a8eabc798d4467116f7812aebb060206306373edde009c5a7e360"",""squared_discrepancy_standard_error"":0.0003023330810315069,""supplied_reference_value"":1.0,""unconditional_squared_discrepancy"":0.0012749413342531297,""undefined_bootstrap_replicates"":0,""valid"":24}","{""available_functions_missing_cost"":0,""conditioning"":""same finite function estimates as conditional error; all such costs must be complete"",""confidence_interval"":{""high"":10.641769134395885,""low"":10.135743285356773},""function_available"":24,""interval_diagnostics"":{""bca_acceleration"":0.012123841962392783,""bca_adjusted_quantiles"":[0.029759456638493623,0.979288430039009],""bca_bias_percentile"":0.5061506150615062,""bootstrap_expected_tail_counts"":[297.56480692829774,207.09498803994896],""minimum_valid_repetitions"":20,""resampled_valid_count_range"":[24,24],""resampling_plan_sha256"":""5f98d320079a8eabc798d4467116f7812aebb060206306373edde009c5a7e360"",""undefined_bootstrap_replicates"":0},""interval_status"":""available"",""mean_seconds"":10.37508994166645,""output_outcome_counts"":{""infrastructure_interruption"":0,""measurement_available"":0,""not_run"":0,""numerical_failure"":0,""output_failure_unclassified"":0,""resource_failure"":0,""valid"":24},""planned"":24,""plot_error_cost_point"":true,""reference_kind"":""analytic""}"
q2_squared,cpu-nuts-spawn_chains,4096,ordinary_workflow,24,4,analytic,1.0,0.0,7.547405362876281e-05,,,fewer_than_20_valid_repetitions,17.049452375002602,,,fewer_than_20_valid_repetitions,True,"{""claim_type"":""analytic_mse"",""conditional_squared_discrepancy"":7.547405362876281e-05,""confidence_interval"":null,""confidence_level"":0.95,""failed_or_unavailable"":20,""interval_coverage"":""pointwise_conditional_on_supplied_reference"",""interval_method"":""BCa"",""interval_status"":""fewer_than_20_valid_repetitions"",""minimum_valid_repetitions"":20,""observed_estimate_mean"":1.0044896571747857,""planned"":24,""reference_eligible"":true,""reference_kind"":""analytic"",""reference_mcse"":0.0,""reference_shift_is_confidence_interval"":false,""reference_shift_max"":7.547405362876281e-05,""reference_shift_min"":7.547405362876281e-05,""resampling_plan_sha256"":""5f98d320079a8eabc798d4467116f7812aebb060206306373edde009c5a7e360"",""squared_discrepancy_standard_error"":4.0904938918450895e-05,""supplied_reference_value"":1.0,""unconditional_squared_discrepancy"":null,""valid"":4}","{""available_functions_missing_cost"":0,""conditioning"":""same finite function estimates as conditional error; all such costs must be complete"",""confidence_interval"":null,""function_available"":4,""interval_diagnostics"":{""minimum_valid_repetitions"":20,""resampling_plan_sha256"":""5f98d320079a8eabc798d4467116f7812aebb060206306373edde009c5a7e360""},""interval_status"":""fewer_than_20_valid_repetitions"",""mean_seconds"":17.049452375002602,""output_outcome_counts"":{""infrastructure_interruption"":0,""measurement_available"":0,""not_run"":0,""numerical_failure"":0,""output_failure_unclassified"":20,""resource_failure"":0,""valid"":4},""planned"":24,""plot_error_cost_point"":true,""reference_kind"":""analytic""}"
q2_squared,cpu-nuts-spawn_chains,4096,research_execution,24,4,analytic,1.0,0.0,7.547405362876281e-05,,,fewer_than_20_valid_repetitions,19.287445175002176,,,fewer_than_20_valid_repetitions,True,"{""claim_type"":""analytic_mse"",""conditional_squared_discrepancy"":7.547405362876281e-05,""confidence_interval"":null,""confidence_level"":0.95,""failed_or_unavailable"":20,""interval_coverage"":""pointwise_conditional_on_supplied_reference"",""interval_method"":""BCa"",""interval_status"":""fewer_than_20_valid_repetitions"",""minimum_valid_repetitions"":20,""observed_estimate_mean"":1.0044896571747857,""planned"":24,""reference_eligible"":true,""reference_kind"":""analytic"",""reference_mcse"":0.0,""reference_shift_is_confidence_interval"":false,""reference_shift_max"":7.547405362876281e-05,""reference_shift_min"":7.547405362876281e-05,""resampling_plan_sha256"":""5f98d320079a8eabc798d4467116f7812aebb060206306373edde009c5a7e360"",""squared_discrepancy_standard_error"":4.0904938918450895e-05,""supplied_reference_value"":1.0,""unconditional_squared_discrepancy"":null,""valid"":4}","{""available_functions_missing_cost"":0,""conditioning"":""same finite function estimates as conditional error; all such costs must be complete"",""confidence_interval"":null,""function_available"":4,""interval_diagnostics"":{""minimum_valid_repetitions"":20,""resampling_plan_sha256"":""5f98d320079a8eabc798d4467116f7812aebb060206306373edde009c5a7e360""},""interval_status"":""fewer_than_20_valid_repetitions"",""mean_seconds"":19.287445175002176,""output_outcome_counts"":{""infrastructure_interruption"":0,""measurement_available"":0,""not_run"":0,""numerical_failure"":0,""output_failure_unclassified"":20,""resource_failure"":0,""valid"":4},""planned"":24,""plot_error_cost_point"":true,""reference_kind"":""analytic""}"
q2_squared,cpu-rwm-online_picard,1024,ordinary_workflow,24,24,analytic,1.0,0.0,0.006745436578988114,0.0031591029463535385,0.016971878136703627,available,2.505840262495591,2.4954221408646804,2.521494042832961,available,True,"{""bca_acceleration"":0.11767580177427728,""bca_adjusted_quantiles"":[0.08507231214867528,0.9981821624685917],""bca_bias_percentile"":0.5526552655265526,""bootstrap_expected_tail_counts"":[850.6380491746041,18.176557476551544],""claim_type"":""analytic_mse"",""conditional_squared_discrepancy"":0.006745436578988114,""confidence_interval"":{""high"":0.016971878136703627,""low"":0.0031591029463535385},""confidence_level"":0.95,""failed_or_unavailable"":0,""interval_coverage"":""pointwise_conditional_on_supplied_reference"",""interval_method"":""BCa"",""interval_status"":""available"",""minimum_valid_repetitions"":20,""observed_estimate_mean"":1.0108726058146886,""planned"":24,""reference_eligible"":true,""reference_kind"":""analytic"",""reference_mcse"":0.0,""reference_shift_is_confidence_interval"":false,""reference_shift_max"":0.006745436578988114,""reference_shift_min"":0.006745436578988114,""resampled_valid_count_range"":[24,24],""resampling_plan_sha256"":""5f98d320079a8eabc798d4467116f7812aebb060206306373edde009c5a7e360"",""squared_discrepancy_standard_error"":0.002882983778672279,""supplied_reference_value"":1.0,""unconditional_squared_discrepancy"":0.006745436578988114,""undefined_bootstrap_replicates"":0,""valid"":24}","{""available_functions_missing_cost"":0,""conditioning"":""same finite function estimates as conditional error; all such costs must be complete"",""confidence_interval"":{""high"":2.521494042832961,""low"":2.4954221408646804},""function_available"":24,""interval_diagnostics"":{""bca_acceleration"":0.04716478483696818,""bca_adjusted_quantiles"":[0.04229044745714523,0.9875594696966553],""bca_bias_percentile"":0.515051505150515,""bootstrap_expected_tail_counts"":[422.8621841239952,124.39286250314353],""minimum_valid_repetitions"":20,""resampled_valid_count_range"":[24,24],""resampling_plan_sha256"":""5f98d320079a8eabc798d4467116f7812aebb060206306373edde009c5a7e360"",""undefined_bootstrap_replicates"":0},""interval_status"":""available"",""mean_seconds"":2.505840262495591,""output_outcome_counts"":{""infrastructure_interruption"":0,""measurement_available"":0,""not_run"":0,""numerical_failure"":0,""output_failure_unclassified"":0,""resource_failure"":0,""valid"":24},""planned"":24,""plot_error_cost_point"":true,""reference_kind"":""analytic""}"
q2_squared,cpu-rwm-online_picard,1024,research_execution,24,24,analytic,1.0,0.0,0.006745436578988114,0.0031591029463535385,0.016971878136703627,available,5.125436179163141,5.07943022120644,5.1687398240154705,available,True,"{""bca_acceleration"":0.11767580177427728,""bca_adjusted_quantiles"":[0.08507231214867528,0.9981821624685917],""bca_bias_percentile"":0.5526552655265526,""bootstrap_expected_tail_counts"":[850.6380491746041,18.176557476551544],""claim_type"":""analytic_mse"",""conditional_squared_discrepancy"":0.006745436578988114,""confidence_interval"":{""high"":0.016971878136703627,""low"":0.0031591029463535385},""confidence_level"":0.95,""failed_or_unavailable"":0,""interval_coverage"":""pointwise_conditional_on_supplied_reference"",""interval_method"":""BCa"",""interval_status"":""available"",""minimum_valid_repetitions"":20,""observed_estimate_mean"":1.0108726058146886,""planned"":24,""reference_eligible"":true,""reference_kind"":""analytic"",""reference_mcse"":0.0,""reference_shift_is_confidence_interval"":false,""reference_shift_max"":0.006745436578988114,""reference_shift_min"":0.006745436578988114,""resampled_valid_count_range"":[24,24],""resampling_plan_sha256"":""5f98d320079a8eabc798d4467116f7812aebb060206306373edde009c5a7e360"",""squared_discrepancy_standard_error"":0.002882983778672279,""supplied_reference_value"":1.0,""unconditional_squared_discrepancy"":0.006745436578988114,""undefined_bootstrap_replicates"":0,""valid"":24}","{""available_functions_missing_cost"":0,""conditioning"":""same finite function estimates as conditional error; all such costs must be complete"",""confidence_interval"":{""high"":5.1687398240154705,""low"":5.07943022120644},""function_available"":24,""interval_diagnostics"":{""bca_acceleration"":-0.009362118442063807,""bca_adjusted_quantiles"":[0.021305170395846354,0.970944063604486],""bca_bias_percentile"":0.49394939493949397,""bootstrap_expected_tail_counts"":[213.03039878806769,290.53030801874405],""minimum_valid_repetitions"":20,""resampled_valid_count_range"":[24,24],""resampling_plan_sha256"":""5f98d320079a8eabc798d4467116f7812aebb060206306373edde009c5a7e360"",""undefined_bootstrap_replicates"":0},""interval_status"":""available"",""mean_seconds"":5.125436179163141,""output_outcome_counts"":{""infrastructure_interruption"":0,""measurement_available"":0,""not_run"":0,""numerical_failure"":0,""output_failure_unclassified"":0,""resource_failure"":0,""valid"":24},""planned"":24,""plot_error_cost_point"":true,""reference_kind"":""analytic""}"
q2_squared,cpu-rwm-online_picard,4096,ordinary_workflow,24,24,analytic,1.0,0.0,0.0029072060770163263,0.0017357795347866648,0.005807696746281271,available,3.226405687494245,3.215723656958775,3.2378667046050325,available,True,"{""bca_acceleration"":0.10087489866437335,""bca_adjusted_quantiles"":[0.07114703898187048,0.9965175135788534],""bca_bias_percentile"":0.5395539553955395,""bootstrap_expected_tail_counts"":[711.399242779723,34.821381725044546],""claim_type"":""analytic_mse"",""conditional_squared_discrepancy"":0.0029072060770163263,""confidence_interval"":{""high"":0.005807696746281271,""low"":0.0017357795347866648},""confidence_level"":0.95,""failed_or_unavailable"":0,""interval_coverage"":""pointwise_conditional_on_supplied_reference"",""interval_method"":""BCa"",""interval_status"":""available"",""minimum_valid_repetitions"":20,""observed_estimate_mean"":1.0219363070174634,""planned"":24,""reference_eligible"":true,""reference_kind"":""analytic"",""reference_mcse"":0.0,""reference_shift_is_confidence_interval"":false,""reference_shift_max"":0.0029072060770163263,""reference_shift_min"":0.0029072060770163263,""resampled_valid_count_range"":[24,24],""resampling_plan_sha256"":""5f98d320079a8eabc798d4467116f7812aebb060206306373edde009c5a7e360"",""squared_discrepancy_standard_error"":0.0008967881097813617,""supplied_reference_value"":1.0,""unconditional_squared_discrepancy"":0.0029072060770163263,""undefined_bootstrap_replicates"":0,""valid"":24}","{""available_functions_missing_cost"":0,""conditioning"":""same finite function estimates as conditional error; all such costs must be complete"",""confidence_interval"":{""high"":3.2378667046050325,""low"":3.215723656958775},""function_available"":24,""interval_diagnostics"":{""bca_acceleration"":0.008958423211606862,""bca_adjusted_quantiles"":[0.027679892047638325,0.9775428542150225],""bca_bias_percentile"":0.502050205020502,""bootstrap_expected_tail_counts"":[276.7712405843356,224.54900070398986],""minimum_valid_repetitions"":20,""resampled_valid_count_range"":[24,24],""resampling_plan_sha256"":""5f98d320079a8eabc798d4467116f7812aebb060206306373edde009c5a7e360"",""undefined_bootstrap_replicates"":0},""interval_status"":""available"",""mean_seconds"":3.226405687494245,""output_outcome_counts"":{""infrastructure_interruption"":0,""measurement_available"":0,""not_run"":0,""numerical_failure"":0,""output_failure_unclassified"":0,""resource_failure"":0,""valid"":24},""planned"":24,""plot_error_cost_point"":true,""reference_kind"":""analytic""}"
q2_squared,cpu-rwm-online_picard,4096,research_execution,24,24,analytic,1.0,0.0,0.0029072060770163263,0.0017357795347866648,0.005807696746281271,available,6.683593674999353,6.649465229609354,6.7315804265830534,available,True,"{""bca_acceleration"":0.10087489866437335,""bca_adjusted_quantiles"":[0.07114703898187048,0.9965175135788534],""bca_bias_percentile"":0.5395539553955395,""bootstrap_expected_tail_counts"":[711.399242779723,34.821381725044546],""claim_type"":""analytic_mse"",""conditional_squared_discrepancy"":0.0029072060770163263,""confidence_interval"":{""high"":0.005807696746281271,""low"":0.0017357795347866648},""confidence_level"":0.95,""failed_or_unavailable"":0,""interval_coverage"":""pointwise_conditional_on_supplied_reference"",""interval_method"":""BCa"",""interval_status"":""available"",""minimum_valid_repetitions"":20,""observed_estimate_mean"":1.0219363070174634,""planned"":24,""reference_eligible"":true,""reference_kind"":""analytic"",""reference_mcse"":0.0,""reference_shift_is_confidence_interval"":false,""reference_shift_max"":0.0029072060770163263,""reference_shift_min"":0.0029072060770163263,""resampled_valid_count_range"":[24,24],""resampling_plan_sha256"":""5f98d320079a8eabc798d4467116f7812aebb060206306373edde009c5a7e360"",""squared_discrepancy_standard_error"":0.0008967881097813617,""supplied_reference_value"":1.0,""unconditional_squared_discrepancy"":0.0029072060770163263,""undefined_bootstrap_replicates"":0,""valid"":24}","{""available_functions_missing_cost"":0,""conditioning"":""same finite function estimates as conditional error; all such costs must be complete"",""confidence_interval"":{""high"":6.7315804265830534,""low"":6.649465229609354},""function_available"":24,""interval_diagnostics"":{""bca_acceleration"":0.03875978996495081,""bca_adjusted_quantiles"":[0.039314823450801374,0.9858958065436715],""bca_bias_percentile"":0.5134513451345134,""bootstrap_expected_tail_counts"":[393.1089196845629,141.02783036982885],""minimum_valid_repetitions"":20,""resampled_valid_count_range"":[24,24],""resampling_plan_sha256"":""5f98d320079a8eabc798d4467116f7812aebb060206306373edde009c5a7e360"",""undefined_bootstrap_replicates"":0},""interval_status"":""available"",""mean_seconds"":6.683593674999353,""output_outcome_counts"":{""infrastructure_interruption"":0,""measurement_available"":0,""not_run"":0,""numerical_failure"":0,""output_failure_unclassified"":0,""resource_failure"":0,""valid"":24},""planned"":24,""plot_error_cost_point"":true,""reference_kind"":""analytic""}"
q2_squared,cpu-rwm-sequential,1024,ordinary_workflow,24,24,analytic,1.0,0.0,0.0067454365789880585,0.003159102946353538,0.01697187813670342,available,2.5088531583377667,2.5002767535052195,2.5171887315292674,available,True,"{""bca_acceleration"":0.11767580177427671,""bca_adjusted_quantiles"":[0.08507231214867506,0.9981821624685917],""bca_bias_percentile"":0.5526552655265526,""bootstrap_expected_tail_counts"":[850.6380491746019,18.176557476551544],""claim_type"":""analytic_mse"",""conditional_squared_discrepancy"":0.0067454365789880585,""confidence_interval"":{""high"":0.01697187813670342,""low"":0.003159102946353538},""confidence_level"":0.95,""failed_or_unavailable"":0,""interval_coverage"":""pointwise_conditional_on_supplied_reference"",""interval_method"":""BCa"",""interval_status"":""available"",""minimum_valid_repetitions"":20,""observed_estimate_mean"":1.0108726058146886,""planned"":24,""reference_eligible"":true,""reference_kind"":""analytic"",""reference_mcse"":0.0,""reference_shift_is_confidence_interval"":false,""reference_shift_max"":0.0067454365789880585,""reference_shift_min"":0.0067454365789880585,""resampled_valid_count_range"":[24,24],""resampling_plan_sha256"":""5f98d320079a8eabc798d4467116f7812aebb060206306373edde009c5a7e360"",""squared_discrepancy_standard_error"":0.0028829837786722434,""supplied_reference_value"":1.0,""unconditional_squared_discrepancy"":0.0067454365789880585,""undefined_bootstrap_replicates"":0,""valid"":24}","{""available_functions_missing_cost"":0,""conditioning"":""same finite function estimates as conditional error; all such costs must be complete"",""confidence_interval"":{""high"":2.5171887315292674,""low"":2.5002767535052195},""function_available"":24,""interval_diagnostics"":{""bca_acceleration"":0.005291397399590775,""bca_adjusted_quantiles"":[0.023835393603805932,0.9737621442550494],""bca_bias_percentile"":0.49184918491849183,""bootstrap_expected_tail_counts"":[238.3301006444555,262.35231959376137],""minimum_valid_repetitions"":20,""resampled_valid_count_range"":[24,24],""resampling_plan_sha256"":""5f98d320079a8eabc798d4467116f7812aebb060206306373edde009c5a7e360"",""undefined_bootstrap_replicates"":0},""interval_status"":""available"",""mean_seconds"":2.5088531583377667,""output_outcome_counts"":{""infrastructure_interruption"":0,""measurement_available"":0,""not_run"":0,""numerical_failure"":0,""output_failure_unclassified"":0,""resource_failure"":0,""valid"":24},""planned"":24,""plot_error_cost_point"":true,""reference_kind"":""analytic""}"
q2_squared,cpu-rwm-sequential,1024,research_execution,24,24,analytic,1.0,0.0,0.0067454365789880585,0.003159102946353538,0.01697187813670342,available,5.098605358338773,5.056894043555615,5.136577121242753,available,True,"{""bca_acceleration"":0.11767580177427671,""bca_adjusted_quantiles"":[0.08507231214867506,0.9981821624685917],""bca_bias_percentile"":0.5526552655265526,""bootstrap_expected_tail_counts"":[850.6380491746019,18.176557476551544],""claim_type"":""analytic_mse"",""conditional_squared_discrepancy"":0.0067454365789880585,""confidence_interval"":{""high"":0.01697187813670342,""low"":0.003159102946353538},""confidence_level"":0.95,""failed_or_unavailable"":0,""interval_coverage"":""pointwise_conditional_on_supplied_reference"",""interval_method"":""BCa"",""interval_status"":""available"",""minimum_valid_repetitions"":20,""observed_estimate_mean"":1.0108726058146886,""planned"":24,""reference_eligible"":true,""reference_kind"":""analytic"",""reference_mcse"":0.0,""reference_shift_is_confidence_interval"":false,""reference_shift_max"":0.0067454365789880585,""reference_shift_min"":0.0067454365789880585,""resampled_valid_count_range"":[24,24],""resampling_plan_sha256"":""5f98d320079a8eabc798d4467116f7812aebb060206306373edde009c5a7e360"",""squared_discrepancy_standard_error"":0.0028829837786722434,""supplied_reference_value"":1.0,""unconditional_squared_discrepancy"":0.0067454365789880585,""undefined_bootstrap_replicates"":0,""valid"":24}","{""available_functions_missing_cost"":0,""conditioning"":""same finite function estimates as conditional error; all such costs must be complete"",""confidence_interval"":{""high"":5.136577121242753,""low"":5.056894043555615},""function_available"":24,""interval_diagnostics"":{""bca_acceleration"":-0.004577374558079202,""bca_adjusted_quantiles"":[0.022144012096255637,0.9719003787486471],""bca_bias_percentile"":0.49334933493349337,""bootstrap_expected_tail_counts"":[221.41797695046012,280.96811289227765],""minimum_valid_repetitions"":20,""resampled_valid_count_range"":[24,24],""resampling_plan_sha256"":""5f98d320079a8eabc798d4467116f7812aebb060206306373edde009c5a7e360"",""undefined_bootstrap_replicates"":0},""interval_status"":""available"",""mean_seconds"":5.098605358338773,""output_outcome_counts"":{""infrastructure_interruption"":0,""measurement_available"":0,""not_run"":0,""numerical_failure"":0,""output_failure_unclassified"":0,""resource_failure"":0,""valid"":24},""planned"":24,""plot_error_cost_point"":true,""reference_kind"":""analytic""}"
q2_squared,cpu-rwm-sequential,4096,ordinary_workflow,24,24,analytic,1.0,0.0,0.002907206077016282,0.0017357795347866464,0.005807696746281224,available,3.2182956166672434,3.211479191957428,3.2263693571069565,available,True,"{""bca_acceleration"":0.1008748986643749,""bca_adjusted_quantiles"":[0.07114703898187101,0.9965175135788535],""bca_bias_percentile"":0.5395539553955395,""bootstrap_expected_tail_counts"":[711.3992427797282,34.82138172504343],""claim_type"":""analytic_mse"",""conditional_squared_discrepancy"":0.002907206077016282,""confidence_interval"":{""high"":0.005807696746281224,""low"":0.0017357795347866464},""confidence_level"":0.95,""failed_or_unavailable"":0,""interval_coverage"":""pointwise_conditional_on_supplied_reference"",""interval_method"":""BCa"",""interval_status"":""available"",""minimum_valid_repetitions"":20,""observed_estimate_mean"":1.0219363070174634,""planned"":24,""reference_eligible"":true,""reference_kind"":""analytic"",""reference_mcse"":0.0,""reference_shift_is_confidence_interval"":false,""reference_shift_max"":0.002907206077016282,""reference_shift_min"":0.002907206077016282,""resampled_valid_count_range"":[24,24],""resampling_plan_sha256"":""5f98d320079a8eabc798d4467116f7812aebb060206306373edde009c5a7e360"",""squared_discrepancy_standard_error"":0.0008967881097813552,""supplied_reference_value"":1.0,""unconditional_squared_discrepancy"":0.002907206077016282,""undefined_bootstrap_replicates"":0,""valid"":24}","{""available_functions_missing_cost"":0,""conditioning"":""same finite function estimates as conditional error; all such costs must be complete"",""confidence_interval"":{""high"":3.2263693571069565,""low"":3.211479191957428},""function_available"":24,""interval_diagnostics"":{""bca_acceleration"":0.015640413667716256,""bca_adjusted_quantiles"":[0.03220482719842298,0.9811266412425963],""bca_bias_percentile"":0.5107510751075107,""bootstrap_expected_tail_counts"":[322.01606715703133,188.71471421527963],""minimum_valid_repetitions"":20,""resampled_valid_count_range"":[24,24],""resampling_plan_sha256"":""5f98d320079a8eabc798d4467116f7812aebb060206306373edde009c5a7e360"",""undefined_bootstrap_replicates"":0},""interval_status"":""available"",""mean_seconds"":3.2182956166672434,""output_outcome_counts"":{""infrastructure_interruption"":0,""measurement_available"":0,""not_run"":0,""numerical_failure"":0,""output_failure_unclassified"":0,""resource_failure"":0,""valid"":24},""planned"":24,""plot_error_cost_point"":true,""reference_kind"":""analytic""}"
q2_squared,cpu-rwm-sequential,4096,research_execution,24,24,analytic,1.0,0.0,0.002907206077016282,0.0017357795347866464,0.005807696746281224,available,6.6827524083302405,6.650431423188555,6.7162601222205245,available,True,"{""bca_acceleration"":0.1008748986643749,""bca_adjusted_quantiles"":[0.07114703898187101,0.9965175135788535],""bca_bias_percentile"":0.5395539553955395,""bootstrap_expected_tail_counts"":[711.3992427797282,34.82138172504343],""claim_type"":""analytic_mse"",""conditional_squared_discrepancy"":0.002907206077016282,""confidence_interval"":{""high"":0.005807696746281224,""low"":0.0017357795347866464},""confidence_level"":0.95,""failed_or_unavailable"":0,""interval_coverage"":""pointwise_conditional_on_supplied_reference"",""interval_method"":""BCa"",""interval_status"":""available"",""minimum_valid_repetitions"":20,""observed_estimate_mean"":1.0219363070174634,""planned"":24,""reference_eligible"":true,""reference_kind"":""analytic"",""reference_mcse"":0.0,""reference_shift_is_confidence_interval"":false,""reference_shift_max"":0.002907206077016282,""reference_shift_min"":0.002907206077016282,""resampled_valid_count_range"":[24,24],""resampling_plan_sha256"":""5f98d320079a8eabc798d4467116f7812aebb060206306373edde009c5a7e360"",""squared_discrepancy_standard_error"":0.0008967881097813552,""supplied_reference_value"":1.0,""unconditional_squared_discrepancy"":0.002907206077016282,""undefined_bootstrap_replicates"":0,""valid"":24}","{""available_functions_missing_cost"":0,""conditioning"":""same finite function estimates as conditional error; all such costs must be complete"",""confidence_interval"":{""high"":6.7162601222205245,""low"":6.650431423188555},""function_available"":24,""interval_diagnostics"":{""bca_acceleration"":0.004027270162987033,""bca_adjusted_quantiles"":[0.02577617221035804,0.9757683615463505],""bca_bias_percentile"":0.49954995499549953,""bootstrap_expected_tail_counts"":[257.73594593137005,242.29215289804142],""minimum_valid_repetitions"":20,""resampled_valid_count_range"":[24,24],""resampling_plan_sha256"":""5f98d320079a8eabc798d4467116f7812aebb060206306373edde009c5a7e360"",""undefined_bootstrap_replicates"":0},""interval_status"":""available"",""mean_seconds"":6.6827524083302405,""output_outcome_counts"":{""infrastructure_interruption"":0,""measurement_available"":0,""not_run"":0,""numerical_failure"":0,""output_failure_unclassified"":0,""resource_failure"":0,""valid"":24},""planned"":24,""plot_error_cost_point"":true,""reference_kind"":""analytic""}"
q2_squared,cuda-mala-quasi_deer,1024,ordinary_workflow,24,24,analytic,1.0,0.0,0.0010667758259140863,0.0006412406253683795,0.0016821092859717233,available,20.58799153333045,20.335700017996103,20.79466036149027,available,True,"{""bca_acceleration"":0.04347727260005824,""bca_adjusted_quantiles"":[0.04395901836602506,0.9881138502543678],""bca_bias_percentile"":0.5214521452145214,""bootstrap_expected_tail_counts"":[439.5462246418846,118.84961130657616],""claim_type"":""analytic_mse"",""conditional_squared_discrepancy"":0.0010667758259140863,""confidence_interval"":{""high"":0.0016821092859717233,""low"":0.0006412406253683795},""confidence_level"":0.95,""failed_or_unavailable"":0,""interval_coverage"":""pointwise_conditional_on_supplied_reference"",""interval_method"":""BCa"",""interval_status"":""available"",""minimum_valid_repetitions"":20,""observed_estimate_mean"":1.003147348537349,""planned"":24,""reference_eligible"":true,""reference_kind"":""analytic"",""reference_mcse"":0.0,""reference_shift_is_confidence_interval"":false,""reference_shift_max"":0.0010667758259140863,""reference_shift_min"":0.0010667758259140863,""resampled_valid_count_range"":[24,24],""resampling_plan_sha256"":""5f98d320079a8eabc798d4467116f7812aebb060206306373edde009c5a7e360"",""squared_discrepancy_standard_error"":0.00026656883005036315,""supplied_reference_value"":1.0,""unconditional_squared_discrepancy"":0.0010667758259140863,""undefined_bootstrap_replicates"":0,""valid"":24}","{""available_functions_missing_cost"":0,""conditioning"":""same finite function estimates as conditional error; all such costs must be complete"",""confidence_interval"":{""high"":20.79466036149027,""low"":20.335700017996103},""function_available"":24,""interval_diagnostics"":{""bca_acceleration"":-0.015721879800745006,""bca_adjusted_quantiles"":[0.017673402804267647,0.965939337488883],""bca_bias_percentile"":0.48414841484148413,""bootstrap_expected_tail_counts"":[176.7163546398722,340.57256444865834],""minimum_valid_repetitions"":20,""resampled_valid_count_range"":[24,24],""resampling_plan_sha256"":""5f98d320079a8eabc798d4467116f7812aebb060206306373edde009c5a7e360"",""undefined_bootstrap_replicates"":0},""interval_status"":""available"",""mean_seconds"":20.58799153333045,""output_outcome_counts"":{""infrastructure_interruption"":0,""measurement_available"":0,""not_run"":0,""numerical_failure"":0,""output_failure_unclassified"":0,""resource_failure"":0,""valid"":24},""planned"":24,""plot_error_cost_point"":true,""reference_kind"":""analytic""}"
q2_squared,cuda-mala-quasi_deer,1024,research_execution,24,24,analytic,1.0,0.0,0.0010667758259140863,0.0006412406253683795,0.0016821092859717233,available,23.746381320828124,23.52272863575046,23.93443569801486,available,True,"{""bca_acceleration"":0.04347727260005824,""bca_adjusted_quantiles"":[0.04395901836602506,0.9881138502543678],""bca_bias_percentile"":0.5214521452145214,""bootstrap_expected_tail_counts"":[439.5462246418846,118.84961130657616],""claim_type"":""analytic_mse"",""conditional_squared_discrepancy"":0.0010667758259140863,""confidence_interval"":{""high"":0.0016821092859717233,""low"":0.0006412406253683795},""confidence_level"":0.95,""failed_or_unavailable"":0,""interval_coverage"":""pointwise_conditional_on_supplied_reference"",""interval_method"":""BCa"",""interval_status"":""available"",""minimum_valid_repetitions"":20,""observed_estimate_mean"":1.003147348537349,""planned"":24,""reference_eligible"":true,""reference_kind"":""analytic"",""reference_mcse"":0.0,""reference_shift_is_confidence_interval"":false,""reference_shift_max"":0.0010667758259140863,""reference_shift_min"":0.0010667758259140863,""resampled_valid_count_range"":[24,24],""resampling_plan_sha256"":""5f98d320079a8eabc798d4467116f7812aebb060206306373edde009c5a7e360"",""squared_discrepancy_standard_error"":0.00026656883005036315,""supplied_reference_value"":1.0,""unconditional_squared_discrepancy"":0.0010667758259140863,""undefined_bootstrap_replicates"":0,""valid"":24}","{""available_functions_missing_cost"":0,""conditioning"":""same finite function estimates as conditional error; all such costs must be complete"",""confidence_interval"":{""high"":23.93443569801486,""low"":23.52272863575046},""function_available"":24,""interval_diagnostics"":{""bca_acceleration"":-0.017889731056039027,""bca_adjusted_quantiles"":[0.018819170382922547,0.9677861661917062],""bca_bias_percentile"":0.49084908490849083,""bootstrap_expected_tail_counts"":[188.17288465884255,322.1061242491296],""minimum_valid_repetitions"":20,""resampled_valid_count_range"":[24,24],""resampling_plan_sha256"":""5f98d320079a8eabc798d4467116f7812aebb060206306373edde009c5a7e360"",""undefined_bootstrap_replicates"":0},""interval_status"":""available"",""mean_seconds"":23.746381320828124,""output_outcome_counts"":{""infrastructure_interruption"":0,""measurement_available"":0,""not_run"":0,""numerical_failure"":0,""output_failure_unclassified"":0,""resource_failure"":0,""valid"":24},""planned"":24,""plot_error_cost_point"":true,""reference_kind"":""analytic""}"
q2_squared,cuda-mala-quasi_deer,4096,ordinary_workflow,24,24,analytic,1.0,0.0,0.0003142394161796227,0.00021486588640547223,0.00046188896910809714,available,54.558572562502455,53.53340491399653,55.25669400508245,available,True,"{""bca_acceleration"":0.04137637290891011,""bca_adjusted_quantiles"":[0.04108715659605209,0.9868222615753013],""bca_bias_percentile"":0.5160516051605161,""bootstrap_expected_tail_counts"":[410.83047880392485,131.76420650856244],""claim_type"":""analytic_mse"",""conditional_squared_discrepancy"":0.0003142394161796227,""confidence_interval"":{""high"":0.00046188896910809714,""low"":0.00021486588640547223},""confidence_level"":0.95,""failed_or_unavailable"":0,""interval_coverage"":""pointwise_conditional_on_supplied_reference"",""interval_method"":""BCa"",""interval_status"":""available"",""minimum_valid_repetitions"":20,""observed_estimate_mean"":1.003282365113525,""planned"":24,""reference_eligible"":true,""reference_kind"":""analytic"",""reference_mcse"":0.0,""reference_shift_is_confidence_interval"":false,""reference_shift_max"":0.0003142394161796227,""reference_shift_min"":0.0003142394161796227,""resampled_valid_count_range"":[24,24],""resampling_plan_sha256"":""5f98d320079a8eabc798d4467116f7812aebb060206306373edde009c5a7e360"",""squared_discrepancy_standard_error"":6.182212759774771e-05,""supplied_reference_value"":1.0,""unconditional_squared_discrepancy"":0.0003142394161796227,""undefined_bootstrap_replicates"":0,""valid"":24}","{""available_functions_missing_cost"":0,""conditioning"":""same finite function estimates as conditional error; all such costs must be complete"",""confidence_interval"":{""high"":55.25669400508245,""low"":53.53340491399653},""function_available"":24,""interval_diagnostics"":{""bca_acceleration"":-0.04506670061939687,""bca_adjusted_quantiles"":[0.012339794573265252,0.9572949039366403],""bca_bias_percentile"":0.4825482548254825,""bootstrap_expected_tail_counts"":[123.38560593807925,427.00825553753367],""minimum_valid_repetitions"":20,""resampled_valid_count_range"":[24,24],""resampling_plan_sha256"":""5f98d320079a8eabc798d4467116f7812aebb060206306373edde009c5a7e360"",""undefined_bootstrap_replicates"":0},""interval_status"":""available"",""mean_seconds"":54.558572562502455,""output_outcome_counts"":{""infrastructure_interruption"":0,""measurement_available"":0,""not_run"":0,""numerical_failure"":0,""output_failure_unclassified"":0,""resource_failure"":0,""valid"":24},""planned"":24,""plot_error_cost_point"":true,""reference_kind"":""analytic""}"
q2_squared,cuda-mala-quasi_deer,4096,research_execution,24,24,analytic,1.0,0.0,0.0003142394161796227,0.00021486588640547223,0.00046188896910809714,available,59.669193083333575,58.64212199664011,60.33434205244479,available,True,"{""bca_acceleration"":0.04137637290891011,""bca_adjusted_quantiles"":[0.04108715659605209,0.9868222615753013],""bca_bias_percentile"":0.5160516051605161,""bootstrap_expected_tail_counts"":[410.83047880392485,131.76420650856244],""claim_type"":""analytic_mse"",""conditional_squared_discrepancy"":0.0003142394161796227,""confidence_interval"":{""high"":0.00046188896910809714,""low"":0.00021486588640547223},""confidence_level"":0.95,""failed_or_unavailable"":0,""interval_coverage"":""pointwise_conditional_on_supplied_reference"",""interval_method"":""BCa"",""interval_status"":""available"",""minimum_valid_repetitions"":20,""observed_estimate_mean"":1.003282365113525,""planned"":24,""reference_eligible"":true,""reference_kind"":""analytic"",""reference_mcse"":0.0,""reference_shift_is_confidence_interval"":false,""reference_shift_max"":0.0003142394161796227,""reference_shift_min"":0.0003142394161796227,""resampled_valid_count_range"":[24,24],""resampling_plan_sha256"":""5f98d320079a8eabc798d4467116f7812aebb060206306373edde009c5a7e360"",""squared_discrepancy_standard_error"":6.182212759774771e-05,""supplied_reference_value"":1.0,""unconditional_squared_discrepancy"":0.0003142394161796227,""undefined_bootstrap_replicates"":0,""valid"":24}","{""available_functions_missing_cost"":0,""conditioning"":""same finite function estimates as conditional error; all such costs must be complete"",""confidence_interval"":{""high"":60.33434205244479,""low"":58.64212199664011},""function_available"":24,""interval_diagnostics"":{""bca_acceleration"":-0.04927081976697502,""bca_adjusted_quantiles"":[0.011242024519331633,0.9549341364929654],""bca_bias_percentile"":0.47984798479847984,""bootstrap_expected_tail_counts"":[112.409003168797,450.61356920683863],""minimum_valid_repetitions"":20,""resampled_valid_count_range"":[24,24],""resampling_plan_sha256"":""5f98d320079a8eabc798d4467116f7812aebb060206306373edde009c5a7e360"",""undefined_bootstrap_replicates"":0},""interval_status"":""available"",""mean_seconds"":59.669193083333575,""output_outcome_counts"":{""infrastructure_interruption"":0,""measurement_available"":0,""not_run"":0,""numerical_failure"":0,""output_failure_unclassified"":0,""resource_failure"":0,""valid"":24},""planned"":24,""plot_error_cost_point"":true,""reference_kind"":""analytic""}"
q2_squared,cuda-mala-sequential,1024,ordinary_workflow,24,24,analytic,1.0,0.0,0.0010667758259158163,0.0006412406253670552,0.0016821092859684022,available,8.017630283331187,7.888784481937541,8.098466334093182,available,True,"{""bca_acceleration"":0.04347727259991799,""bca_adjusted_quantiles"":[0.04395901836598465,0.9881138502543466],""bca_bias_percentile"":0.5214521452145214,""bootstrap_expected_tail_counts"":[439.5462246414805,118.84961130678819],""claim_type"":""analytic_mse"",""conditional_squared_discrepancy"":0.0010667758259158163,""confidence_interval"":{""high"":0.0016821092859684022,""low"":0.0006412406253670552},""confidence_level"":0.95,""failed_or_unavailable"":0,""interval_coverage"":""pointwise_conditional_on_supplied_reference"",""interval_method"":""BCa"",""interval_status"":""available"",""minimum_valid_repetitions"":20,""observed_estimate_mean"":1.0031473485373312,""planned"":24,""reference_eligible"":true,""reference_kind"":""analytic"",""reference_mcse"":0.0,""reference_shift_is_confidence_interval"":false,""reference_shift_max"":0.0010667758259158163,""reference_shift_min"":0.0010667758259158163,""resampled_valid_count_range"":[24,24],""resampling_plan_sha256"":""5f98d320079a8eabc798d4467116f7812aebb060206306373edde009c5a7e360"",""squared_discrepancy_standard_error"":0.00026656883005144095,""supplied_reference_value"":1.0,""unconditional_squared_discrepancy"":0.0010667758259158163,""undefined_bootstrap_replicates"":0,""valid"":24}","{""available_functions_missing_cost"":0,""conditioning"":""same finite function estimates as conditional error; all such costs must be complete"",""confidence_interval"":{""high"":8.098466334093182,""low"":7.888784481937541},""function_available"":24,""interval_diagnostics"":{""bca_acceleration"":-0.04973762923552994,""bca_adjusted_quantiles"":[0.011372613637072043,0.9553221459260437],""bca_bias_percentile"":0.48104810481048105,""bootstrap_expected_tail_counts"":[113.71476375708336,446.7338628854891],""minimum_valid_repetitions"":20,""resampled_valid_count_range"":[24,24],""resampling_plan_sha256"":""5f98d320079a8eabc798d4467116f7812aebb060206306373edde009c5a7e360"",""undefined_bootstrap_replicates"":0},""interval_status"":""available"",""mean_seconds"":8.017630283331187,""output_outcome_counts"":{""infrastructure_interruption"":0,""measurement_available"":0,""not_run"":0,""numerical_failure"":0,""output_failure_unclassified"":0,""resource_failure"":0,""valid"":24},""planned"":24,""plot_error_cost_point"":true,""reference_kind"":""analytic""}"
q2_squared,cuda-mala-sequential,1024,research_execution,24,24,analytic,1.0,0.0,0.0010667758259158163,0.0006412406253670552,0.0016821092859684022,available,11.177210937499732,11.059690709741975,11.255731893920142,available,True,"{""bca_acceleration"":0.04347727259991799,""bca_adjusted_quantiles"":[0.04395901836598465,0.9881138502543466],""bca_bias_percentile"":0.5214521452145214,""bootstrap_expected_tail_counts"":[439.5462246414805,118.84961130678819],""claim_type"":""analytic_mse"",""conditional_squared_discrepancy"":0.0010667758259158163,""confidence_interval"":{""high"":0.0016821092859684022,""low"":0.0006412406253670552},""confidence_level"":0.95,""failed_or_unavailable"":0,""interval_coverage"":""pointwise_conditional_on_supplied_reference"",""interval_method"":""BCa"",""interval_status"":""available"",""minimum_valid_repetitions"":20,""observed_estimate_mean"":1.0031473485373312,""planned"":24,""reference_eligible"":true,""reference_kind"":""analytic"",""reference_mcse"":0.0,""reference_shift_is_confidence_interval"":false,""reference_shift_max"":0.0010667758259158163,""reference_shift_min"":0.0010667758259158163,""resampled_valid_count_range"":[24,24],""resampling_plan_sha256"":""5f98d320079a8eabc798d4467116f7812aebb060206306373edde009c5a7e360"",""squared_discrepancy_standard_error"":0.00026656883005144095,""supplied_reference_value"":1.0,""unconditional_squared_discrepancy"":0.0010667758259158163,""undefined_bootstrap_replicates"":0,""valid"":24}","{""available_functions_missing_cost"":0,""conditioning"":""same finite function estimates as conditional error; all such costs must be complete"",""confidence_interval"":{""high"":11.255731893920142,""low"":11.059690709741975},""function_available"":24,""interval_diagnostics"":{""bca_acceleration"":-0.04126831218181032,""bca_adjusted_quantiles"":[0.012048484388651156,0.9562454800228488],""bca_bias_percentile"":0.47754775477547756,""bootstrap_expected_tail_counts"":[120.47279540212291,437.5014452515347],""minimum_valid_repetitions"":20,""resampled_valid_count_range"":[24,24],""resampling_plan_sha256"":""5f98d320079a8eabc798d4467116f7812aebb060206306373edde009c5a7e360"",""undefined_bootstrap_replicates"":0},""interval_status"":""available"",""mean_seconds"":11.177210937499732,""output_outcome_counts"":{""infrastructure_interruption"":0,""measurement_available"":0,""not_run"":0,""numerical_failure"":0,""output_failure_unclassified"":0,""resource_failure"":0,""valid"":24},""planned"":24,""plot_error_cost_point"":true,""reference_kind"":""analytic""}"
q2_squared,cuda-mala-sequential,4096,ordinary_workflow,24,24,analytic,1.0,0.0,0.00031423941618078993,0.00021486588640576206,0.0004618889691078432,available,17.660789549999663,17.122724367898396,18.09236437276629,available,True,"{""bca_acceleration"":0.0413763729085811,""bca_adjusted_quantiles"":[0.04108715659596045,0.9868222615752483],""bca_bias_percentile"":0.5160516051605161,""bootstrap_expected_tail_counts"":[410.83047880300853,131.76420650909196],""claim_type"":""analytic_mse"",""conditional_squared_discrepancy"":0.00031423941618078993,""confidence_interval"":{""high"":0.0004618889691078432,""low"":0.00021486588640576206},""confidence_level"":0.95,""failed_or_unavailable"":0,""interval_coverage"":""pointwise_conditional_on_supplied_reference"",""interval_method"":""BCa"",""interval_status"":""available"",""minimum_valid_repetitions"":20,""observed_estimate_mean"":1.003282365113554,""planned"":24,""reference_eligible"":true,""reference_kind"":""analytic"",""reference_mcse"":0.0,""reference_shift_is_confidence_interval"":false,""reference_shift_max"":0.00031423941618078993,""reference_shift_min"":0.00031423941618078993,""resampled_valid_count_range"":[24,24],""resampling_plan_sha256"":""5f98d320079a8eabc798d4467116f7812aebb060206306373edde009c5a7e360"",""squared_discrepancy_standard_error"":6.182212759759401e-05,""supplied_reference_value"":1.0,""unconditional_squared_discrepancy"":0.00031423941618078993,""undefined_bootstrap_replicates"":0,""valid"":24}","{""available_functions_missing_cost"":0,""conditioning"":""same finite function estimates as conditional error; all such costs must be complete"",""confidence_interval"":{""high"":18.09236437276629,""low"":17.122724367898396},""function_available"":24,""interval_diagnostics"":{""bca_acceleration"":-0.020941049803666668,""bca_adjusted_quantiles"":[0.01832442141311421,0.967152874144574],""bca_bias_percentile"":0.49124912491249123,""bootstrap_expected_tail_counts"":[183.225889709729,328.438411428405],""minimum_valid_repetitions"":20,""resampled_valid_count_range"":[24,24],""resampling_plan_sha256"":""5f98d320079a8eabc798d4467116f7812aebb060206306373edde009c5a7e360"",""undefined_bootstrap_replicates"":0},""interval_status"":""available"",""mean_seconds"":17.660789549999663,""output_outcome_counts"":{""infrastructure_interruption"":0,""measurement_available"":0,""not_run"":0,""numerical_failure"":0,""output_failure_unclassified"":0,""resource_failure"":0,""valid"":24},""planned"":24,""plot_error_cost_point"":true,""reference_kind"":""analytic""}"
q2_squared,cuda-mala-sequential,4096,research_execution,24,24,analytic,1.0,0.0,0.00031423941618078993,0.00021486588640576206,0.0004618889691078432,available,22.7418667000004,22.233260776518062,23.12927112091831,available,True,"{""bca_acceleration"":0.0413763729085811,""bca_adjusted_quantiles"":[0.04108715659596045,0.9868222615752483],""bca_bias_percentile"":0.5160516051605161,""bootstrap_expected_tail_counts"":[410.83047880300853,131.76420650909196],""claim_type"":""analytic_mse"",""conditional_squared_discrepancy"":0.00031423941618078993,""confidence_interval"":{""high"":0.0004618889691078432,""low"":0.00021486588640576206},""confidence_level"":0.95,""failed_or_unavailable"":0,""interval_coverage"":""pointwise_conditional_on_supplied_reference"",""interval_method"":""BCa"",""interval_status"":""available"",""minimum_valid_repetitions"":20,""observed_estimate_mean"":1.003282365113554,""planned"":24,""reference_eligible"":true,""reference_kind"":""analytic"",""reference_mcse"":0.0,""reference_shift_is_confidence_interval"":false,""reference_shift_max"":0.00031423941618078993,""reference_shift_min"":0.00031423941618078993,""resampled_valid_count_range"":[24,24],""resampling_plan_sha256"":""5f98d320079a8eabc798d4467116f7812aebb060206306373edde009c5a7e360"",""squared_discrepancy_standard_error"":6.182212759759401e-05,""supplied_reference_value"":1.0,""unconditional_squared_discrepancy"":0.00031423941618078993,""undefined_bootstrap_replicates"":0,""valid"":24}","{""available_functions_missing_cost"":0,""conditioning"":""same finite function estimates as conditional error; all such costs must be complete"",""confidence_interval"":{""high"":23.12927112091831,""low"":22.233260776518062},""function_available"":24,""interval_diagnostics"":{""bca_acceleration"":-0.025930338845203266,""bca_adjusted_quantiles"":[0.0170612681440006,0.9653656837584147],""bca_bias_percentile"":0.4898489848984898,""bootstrap_expected_tail_counts"":[170.595620171862,346.30852809961146],""minimum_valid_repetitions"":20,""resampled_valid_count_range"":[24,24],""resampling_plan_sha256"":""5f98d320079a8eabc798d4467116f7812aebb060206306373edde009c5a7e360"",""undefined_bootstrap_replicates"":0},""interval_status"":""available"",""mean_seconds"":22.7418667000004,""output_outcome_counts"":{""infrastructure_interruption"":0,""measurement_available"":0,""not_run"":0,""numerical_failure"":0,""output_failure_unclassified"":0,""resource_failure"":0,""valid"":24},""planned"":24,""plot_error_cost_point"":true,""reference_kind"":""analytic""}"
q2_squared,cuda-rwm-online_picard,1024,ordinary_workflow,24,24,analytic,1.0,0.0,0.006745436578988114,0.0031591029463535385,0.016971878136703627,available,3.369818312502806,3.3562350490292907,3.388169348258123,available,True,"{""bca_acceleration"":0.11767580177427728,""bca_adjusted_quantiles"":[0.08507231214867528,0.9981821624685917],""bca_bias_percentile"":0.5526552655265526,""bootstrap_expected_tail_counts"":[850.6380491746041,18.176557476551544],""claim_type"":""analytic_mse"",""conditional_squared_discrepancy"":0.006745436578988114,""confidence_interval"":{""high"":0.016971878136703627,""low"":0.0031591029463535385},""confidence_level"":0.95,""failed_or_unavailable"":0,""interval_coverage"":""pointwise_conditional_on_supplied_reference"",""interval_method"":""BCa"",""interval_status"":""available"",""minimum_valid_repetitions"":20,""observed_estimate_mean"":1.0108726058146886,""planned"":24,""reference_eligible"":true,""reference_kind"":""analytic"",""reference_mcse"":0.0,""reference_shift_is_confidence_interval"":false,""reference_shift_max"":0.006745436578988114,""reference_shift_min"":0.006745436578988114,""resampled_valid_count_range"":[24,24],""resampling_plan_sha256"":""5f98d320079a8eabc798d4467116f7812aebb060206306373edde009c5a7e360"",""squared_discrepancy_standard_error"":0.002882983778672279,""supplied_reference_value"":1.0,""unconditional_squared_discrepancy"":0.006745436578988114,""undefined_bootstrap_replicates"":0,""valid"":24}","{""available_functions_missing_cost"":0,""conditioning"":""same finite function estimates as conditional error; all such costs must be complete"",""confidence_interval"":{""high"":3.388169348258123,""low"":3.3562350490292907},""function_available"":24,""interval_diagnostics"":{""bca_acceleration"":0.037087308737173204,""bca_adjusted_quantiles"":[0.039415357702021266,0.9858896178796748],""bca_bias_percentile"":0.5148514851485149,""bootstrap_expected_tail_counts"":[394.11416166251064,141.08971082113194],""minimum_valid_repetitions"":20,""resampled_valid_count_range"":[24,24],""resampling_plan_sha256"":""5f98d320079a8eabc798d4467116f7812aebb060206306373edde009c5a7e360"",""undefined_bootstrap_replicates"":0},""interval_status"":""available"",""mean_seconds"":3.369818312502806,""output_outcome_counts"":{""infrastructure_interruption"":0,""measurement_available"":0,""not_run"":0,""numerical_failure"":0,""output_failure_unclassified"":0,""resource_failure"":0,""valid"":24},""planned"":24,""plot_error_cost_point"":true,""reference_kind"":""analytic""}"
q2_squared,cuda-rwm-online_picard,1024,research_execution,24,24,analytic,1.0,0.0,0.006745436578988114,0.0031591029463535385,0.016971878136703627,available,5.990682579158677,5.949526243016767,6.0350260428623015,available,True,"{""bca_acceleration"":0.11767580177427728,""bca_adjusted_quantiles"":[0.08507231214867528,0.9981821624685917],""bca_bias_percentile"":0.5526552655265526,""bootstrap_expected_tail_counts"":[850.6380491746041,18.176557476551544],""claim_type"":""analytic_mse"",""conditional_squared_discrepancy"":0.006745436578988114,""confidence_interval"":{""high"":0.016971878136703627,""low"":0.0031591029463535385},""confidence_level"":0.95,""failed_or_unavailable"":0,""interval_coverage"":""pointwise_conditional_on_supplied_reference"",""interval_method"":""BCa"",""interval_status"":""available"",""minimum_valid_repetitions"":20,""observed_estimate_mean"":1.0108726058146886,""planned"":24,""reference_eligible"":true,""reference_kind"":""analytic"",""reference_mcse"":0.0,""reference_shift_is_confidence_interval"":false,""reference_shift_max"":0.006745436578988114,""reference_shift_min"":0.006745436578988114,""resampled_valid_count_range"":[24,24],""resampling_plan_sha256"":""5f98d320079a8eabc798d4467116f7812aebb060206306373edde009c5a7e360"",""squared_discrepancy_standard_error"":0.002882983778672279,""supplied_reference_value"":1.0,""unconditional_squared_discrepancy"":0.006745436578988114,""undefined_bootstrap_replicates"":0,""valid"":24}","{""available_functions_missing_cost"":0,""conditioning"":""same finite function estimates as conditional error; all such costs must be complete"",""confidence_interval"":{""high"":6.0350260428623015,""low"":5.949526243016767},""function_available"":24,""interval_diagnostics"":{""bca_acceleration"":0.013132276186294724,""bca_adjusted_quantiles"":[0.0276256647782826,0.9775349886891294],""bca_bias_percentile"":0.49874987498749873,""bootstrap_expected_tail_counts"":[276.22902211804774,224.62764809739554],""minimum_valid_repetitions"":20,""resampled_valid_count_range"":[24,24],""resampling_plan_sha256"":""5f98d320079a8eabc798d4467116f7812aebb060206306373edde009c5a7e360"",""undefined_bootstrap_replicates"":0},""interval_status"":""available"",""mean_seconds"":5.990682579158677,""output_outcome_counts"":{""infrastructure_interruption"":0,""measurement_available"":0,""not_run"":0,""numerical_failure"":0,""output_failure_unclassified"":0,""resource_failure"":0,""valid"":24},""planned"":24,""plot_error_cost_point"":true,""reference_kind"":""analytic""}"
q2_squared,cuda-rwm-online_picard,4096,ordinary_workflow,24,24,analytic,1.0,0.0,0.0029072060770163263,0.0017357795347866648,0.005807696746281271,available,5.256091679164797,5.2165329880704725,5.29511608432437,available,True,"{""bca_acceleration"":0.10087489866437335,""bca_adjusted_quantiles"":[0.07114703898187048,0.9965175135788534],""bca_bias_percentile"":0.5395539553955395,""bootstrap_expected_tail_counts"":[711.399242779723,34.821381725044546],""claim_type"":""analytic_mse"",""conditional_squared_discrepancy"":0.0029072060770163263,""confidence_interval"":{""high"":0.005807696746281271,""low"":0.0017357795347866648},""confidence_level"":0.95,""failed_or_unavailable"":0,""interval_coverage"":""pointwise_conditional_on_supplied_reference"",""interval_method"":""BCa"",""interval_status"":""available"",""minimum_valid_repetitions"":20,""observed_estimate_mean"":1.0219363070174634,""planned"":24,""reference_eligible"":true,""reference_kind"":""analytic"",""reference_mcse"":0.0,""reference_shift_is_confidence_interval"":false,""reference_shift_max"":0.0029072060770163263,""reference_shift_min"":0.0029072060770163263,""resampled_valid_count_range"":[24,24],""resampling_plan_sha256"":""5f98d320079a8eabc798d4467116f7812aebb060206306373edde009c5a7e360"",""squared_discrepancy_standard_error"":0.0008967881097813617,""supplied_reference_value"":1.0,""unconditional_squared_discrepancy"":0.0029072060770163263,""undefined_bootstrap_replicates"":0,""valid"":24}","{""available_functions_missing_cost"":0,""conditioning"":""same finite function estimates as conditional error; all such costs must be complete"",""confidence_interval"":{""high"":5.29511608432437,""low"":5.2165329880704725},""function_available"":24,""interval_diagnostics"":{""bca_acceleration"":-0.00320880106280453,""bca_adjusted_quantiles"":[0.023503112402958957,0.973444195632658],""bca_bias_percentile"":0.49724972497249725,""bootstrap_expected_tail_counts"":[235.0076209171866,265.53148786905217],""minimum_valid_repetitions"":20,""resampled_valid_count_range"":[24,24],""resampling_plan_sha256"":""5f98d320079a8eabc798d4467116f7812aebb060206306373edde009c5a7e360"",""undefined_bootstrap_replicates"":0},""interval_status"":""available"",""mean_seconds"":5.256091679164797,""output_outcome_counts"":{""infrastructure_interruption"":0,""measurement_available"":0,""not_run"":0,""numerical_failure"":0,""output_failure_unclassified"":0,""resource_failure"":0,""valid"":24},""planned"":24,""plot_error_cost_point"":true,""reference_kind"":""analytic""}"
q2_squared,cuda-rwm-online_picard,4096,research_execution,24,24,analytic,1.0,0.0,0.0029072060770163263,0.0017357795347866648,0.005807696746281271,available,8.74969381250427,8.69112817915372,8.80751426746315,available,True,"{""bca_acceleration"":0.10087489866437335,""bca_adjusted_quantiles"":[0.07114703898187048,0.9965175135788534],""bca_bias_percentile"":0.5395539553955395,""bootstrap_expected_tail_counts"":[711.399242779723,34.821381725044546],""claim_type"":""analytic_mse"",""conditional_squared_discrepancy"":0.0029072060770163263,""confidence_interval"":{""high"":0.005807696746281271,""low"":0.0017357795347866648},""confidence_level"":0.95,""failed_or_unavailable"":0,""interval_coverage"":""pointwise_conditional_on_supplied_reference"",""interval_method"":""BCa"",""interval_status"":""available"",""minimum_valid_repetitions"":20,""observed_estimate_mean"":1.0219363070174634,""planned"":24,""reference_eligible"":true,""reference_kind"":""analytic"",""reference_mcse"":0.0,""reference_shift_is_confidence_interval"":false,""reference_shift_max"":0.0029072060770163263,""reference_shift_min"":0.0029072060770163263,""resampled_valid_count_range"":[24,24],""resampling_plan_sha256"":""5f98d320079a8eabc798d4467116f7812aebb060206306373edde009c5a7e360"",""squared_discrepancy_standard_error"":0.0008967881097813617,""supplied_reference_value"":1.0,""unconditional_squared_discrepancy"":0.0029072060770163263,""undefined_bootstrap_replicates"":0,""valid"":24}","{""available_functions_missing_cost"":0,""conditioning"":""same finite function estimates as conditional error; all such costs must be complete"",""confidence_interval"":{""high"":8.80751426746315,""low"":8.69112817915372},""function_available"":24,""interval_diagnostics"":{""bca_acceleration"":0.0013097679169367842,""bca_adjusted_quantiles"":[0.02381242018731141,0.9737566640574514],""bca_bias_percentile"":0.49484948494849484,""bootstrap_expected_tail_counts"":[238.1003894529268,262.4071160895432],""minimum_valid_repetitions"":20,""resampled_valid_count_range"":[24,24],""resampling_plan_sha256"":""5f98d320079a8eabc798d4467116f7812aebb060206306373edde009c5a7e360"",""undefined_bootstrap_replicates"":0},""interval_status"":""available"",""mean_seconds"":8.74969381250427,""output_outcome_counts"":{""infrastructure_interruption"":0,""measurement_available"":0,""not_run"":0,""numerical_failure"":0,""output_failure_unclassified"":0,""resource_failure"":0,""valid"":24},""planned"":24,""plot_error_cost_point"":true,""reference_kind"":""analytic""}"
q2_squared,cuda-rwm-sequential,1024,ordinary_workflow,24,24,analytic,1.0,0.0,0.0067454365789880585,0.003159102946353538,0.01697187813670342,available,3.76318486666734,3.741375826702977,3.7888466657937796,available,True,"{""bca_acceleration"":0.11767580177427671,""bca_adjusted_quantiles"":[0.08507231214867506,0.9981821624685917],""bca_bias_percentile"":0.5526552655265526,""bootstrap_expected_tail_counts"":[850.6380491746019,18.176557476551544],""claim_type"":""analytic_mse"",""conditional_squared_discrepancy"":0.0067454365789880585,""confidence_interval"":{""high"":0.01697187813670342,""low"":0.003159102946353538},""confidence_level"":0.95,""failed_or_unavailable"":0,""interval_coverage"":""pointwise_conditional_on_supplied_reference"",""interval_method"":""BCa"",""interval_status"":""available"",""minimum_valid_repetitions"":20,""observed_estimate_mean"":1.0108726058146886,""planned"":24,""reference_eligible"":true,""reference_kind"":""analytic"",""reference_mcse"":0.0,""reference_shift_is_confidence_interval"":false,""reference_shift_max"":0.0067454365789880585,""reference_shift_min"":0.0067454365789880585,""resampled_valid_count_range"":[24,24],""resampling_plan_sha256"":""5f98d320079a8eabc798d4467116f7812aebb060206306373edde009c5a7e360"",""squared_discrepancy_standard_error"":0.0028829837786722434,""supplied_reference_value"":1.0,""unconditional_squared_discrepancy"":0.0067454365789880585,""undefined_bootstrap_replicates"":0,""valid"":24}","{""available_functions_missing_cost"":0,""conditioning"":""same finite function estimates as conditional error; all such costs must be complete"",""confidence_interval"":{""high"":3.7888466657937796,""low"":3.741375826702977},""function_available"":24,""interval_diagnostics"":{""bca_acceleration"":0.019194023917206687,""bca_adjusted_quantiles"":[0.030521199775223103,0.9799891569412537],""bca_bias_percentile"":0.5032503250325032,""bootstrap_expected_tail_counts"":[305.1814765524558,200.08841974440466],""minimum_valid_repetitions"":20,""resampled_valid_count_range"":[24,24],""resampling_plan_sha256"":""5f98d320079a8eabc798d4467116f7812aebb060206306373edde009c5a7e360"",""undefined_bootstrap_replicates"":0},""interval_status"":""available"",""mean_seconds"":3.76318486666734,""output_outcome_counts"":{""infrastructure_interruption"":0,""measurement_available"":0,""not_run"":0,""numerical_failure"":0,""output_failure_unclassified"":0,""resource_failure"":0,""valid"":24},""planned"":24,""plot_error_cost_point"":true,""reference_kind"":""analytic""}"
q2_squared,cuda-rwm-sequential,1024,research_execution,24,24,analytic,1.0,0.0,0.0067454365789880585,0.003159102946353538,0.01697187813670342,available,6.384040570836078,6.343773948183694,6.434986746414012,available,True,"{""bca_acceleration"":0.11767580177427671,""bca_adjusted_quantiles"":[0.08507231214867506,0.9981821624685917],""bca_bias_percentile"":0.5526552655265526,""bootstrap_expected_tail_counts"":[850.6380491746019,18.176557476551544],""claim_type"":""analytic_mse"",""conditional_squared_discrepancy"":0.0067454365789880585,""confidence_interval"":{""high"":0.01697187813670342,""low"":0.003159102946353538},""confidence_level"":0.95,""failed_or_unavailable"":0,""interval_coverage"":""pointwise_conditional_on_supplied_reference"",""interval_method"":""BCa"",""interval_status"":""available"",""minimum_valid_repetitions"":20,""observed_estimate_mean"":1.0108726058146886,""planned"":24,""reference_eligible"":true,""reference_kind"":""analytic"",""reference_mcse"":0.0,""reference_shift_is_confidence_interval"":false,""reference_shift_max"":0.0067454365789880585,""reference_shift_min"":0.0067454365789880585,""resampled_valid_count_range"":[24,24],""resampling_plan_sha256"":""5f98d320079a8eabc798d4467116f7812aebb060206306373edde009c5a7e360"",""squared_discrepancy_standard_error"":0.0028829837786722434,""supplied_reference_value"":1.0,""unconditional_squared_discrepancy"":0.0067454365789880585,""undefined_bootstrap_replicates"":0,""valid"":24}","{""available_functions_missing_cost"":0,""conditioning"":""same finite function estimates as conditional error; all such costs must be complete"",""confidence_interval"":{""high"":6.434986746414012,""low"":6.343773948183694},""function_available"":24,""interval_diagnostics"":{""bca_acceleration"":0.03137897416927567,""bca_adjusted_quantiles"":[0.03498602008850863,0.9832994641457552],""bca_bias_percentile"":0.5072507250725072,""bootstrap_expected_tail_counts"":[349.8252148649978,166.98865800659377],""minimum_valid_repetitions"":20,""resampled_valid_count_range"":[24,24],""resampling_plan_sha256"":""5f98d320079a8eabc798d4467116f7812aebb060206306373edde009c5a7e360"",""undefined_bootstrap_replicates"":0},""interval_status"":""available"",""mean_seconds"":6.384040570836078,""output_outcome_counts"":{""infrastructure_interruption"":0,""measurement_available"":0,""not_run"":0,""numerical_failure"":0,""output_failure_unclassified"":0,""resource_failure"":0,""valid"":24},""planned"":24,""plot_error_cost_point"":true,""reference_kind"":""analytic""}"
q2_squared,cuda-rwm-sequential,4096,ordinary_workflow,24,24,analytic,1.0,0.0,0.002907206077016282,0.0017357795347866464,0.005807696746281224,available,6.9764204291664855,6.858744345579392,7.0727601019104345,available,True,"{""bca_acceleration"":0.1008748986643749,""bca_adjusted_quantiles"":[0.07114703898187101,0.9965175135788535],""bca_bias_percentile"":0.5395539553955395,""bootstrap_expected_tail_counts"":[711.3992427797282,34.82138172504343],""claim_type"":""analytic_mse"",""conditional_squared_discrepancy"":0.002907206077016282,""confidence_interval"":{""high"":0.005807696746281224,""low"":0.0017357795347866464},""confidence_level"":0.95,""failed_or_unavailable"":0,""interval_coverage"":""pointwise_conditional_on_supplied_reference"",""interval_method"":""BCa"",""interval_status"":""available"",""minimum_valid_repetitions"":20,""observed_estimate_mean"":1.0219363070174634,""planned"":24,""reference_eligible"":true,""reference_kind"":""analytic"",""reference_mcse"":0.0,""reference_shift_is_confidence_interval"":false,""reference_shift_max"":0.002907206077016282,""reference_shift_min"":0.002907206077016282,""resampled_valid_count_range"":[24,24],""resampling_plan_sha256"":""5f98d320079a8eabc798d4467116f7812aebb060206306373edde009c5a7e360"",""squared_discrepancy_standard_error"":0.0008967881097813552,""supplied_reference_value"":1.0,""unconditional_squared_discrepancy"":0.002907206077016282,""undefined_bootstrap_replicates"":0,""valid"":24}","{""available_functions_missing_cost"":0,""conditioning"":""same finite function estimates as conditional error; all such costs must be complete"",""confidence_interval"":{""high"":7.0727601019104345,""low"":6.858744345579392},""function_available"":24,""interval_diagnostics"":{""bca_acceleration"":-0.024755307399207508,""bca_adjusted_quantiles"":[0.018250175809083287,0.9671730116485155],""bca_bias_percentile"":0.49404940494049404,""bootstrap_expected_tail_counts"":[182.48350791502378,328.23705652649306],""minimum_valid_repetitions"":20,""resampled_valid_count_range"":[24,24],""resampling_plan_sha256"":""5f98d320079a8eabc798d4467116f7812aebb060206306373edde009c5a7e360"",""undefined_bootstrap_replicates"":0},""interval_status"":""available"",""mean_seconds"":6.9764204291664855,""output_outcome_counts"":{""infrastructure_interruption"":0,""measurement_available"":0,""not_run"":0,""numerical_failure"":0,""output_failure_unclassified"":0,""resource_failure"":0,""valid"":24},""planned"":24,""plot_error_cost_point"":true,""reference_kind"":""analytic""}"
q2_squared,cuda-rwm-sequential,4096,research_execution,24,24,analytic,1.0,0.0,0.002907206077016282,0.0017357795347866464,0.005807696746281224,available,10.454615770830666,10.343627666773468,10.544391006363744,available,True,"{""bca_acceleration"":0.1008748986643749,""bca_adjusted_quantiles"":[0.07114703898187101,0.9965175135788535],""bca_bias_percentile"":0.5395539553955395,""bootstrap_expected_tail_counts"":[711.3992427797282,34.82138172504343],""claim_type"":""analytic_mse"",""conditional_squared_discrepancy"":0.002907206077016282,""confidence_interval"":{""high"":0.005807696746281224,""low"":0.0017357795347866464},""confidence_level"":0.95,""failed_or_unavailable"":0,""interval_coverage"":""pointwise_conditional_on_supplied_reference"",""interval_method"":""BCa"",""interval_status"":""available"",""minimum_valid_repetitions"":20,""observed_estimate_mean"":1.0219363070174634,""planned"":24,""reference_eligible"":true,""reference_kind"":""analytic"",""reference_mcse"":0.0,""reference_shift_is_confidence_interval"":false,""reference_shift_max"":0.002907206077016282,""reference_shift_min"":0.002907206077016282,""resampled_valid_count_range"":[24,24],""resampling_plan_sha256"":""5f98d320079a8eabc798d4467116f7812aebb060206306373edde009c5a7e360"",""squared_discrepancy_standard_error"":0.0008967881097813552,""supplied_reference_value"":1.0,""unconditional_squared_discrepancy"":0.002907206077016282,""undefined_bootstrap_replicates"":0,""valid"":24}","{""available_functions_missing_cost"":0,""conditioning"":""same finite function estimates as conditional error; all such costs must be complete"",""confidence_interval"":{""high"":10.544391006363744,""low"":10.343627666773468},""function_available"":24,""interval_diagnostics"":{""bca_acceleration"":-0.01991928821114297,""bca_adjusted_quantiles"":[0.018879658289949277,0.9679369846316723],""bca_bias_percentile"":0.49274927492749276,""bootstrap_expected_tail_counts"":[188.77770324120283,320.5980906679084],""minimum_valid_repetitions"":20,""resampled_valid_count_range"":[24,24],""resampling_plan_sha256"":""5f98d320079a8eabc798d4467116f7812aebb060206306373edde009c5a7e360"",""undefined_bootstrap_replicates"":0},""interval_status"":""available"",""mean_seconds"":10.454615770830666,""output_outcome_counts"":{""infrastructure_interruption"":0,""measurement_available"":0,""not_run"":0,""numerical_failure"":0,""output_failure_unclassified"":0,""resource_failure"":0,""valid"":24},""planned"":24,""plot_error_cost_point"":true,""reference_kind"":""analytic""}"
