task_id,workflow,chain,retained_iteration,q1,positive
5b173c7a2bdf99a46ab24da2,cpu-rwm-sequential,1,1,-5.304743565993554,0
5b173c7a2bdf99a46ab24da2,cpu-rwm-sequential,1,2,-5.304743565993554,0
5b173c7a2bdf99a46ab24da2,cpu-rwm-sequential,1,3,-5.304743565993554,0
5b173c7a2bdf99a46ab24da2,cpu-rwm-sequential,1,4,-5.817278928176587,0
5b173c7a2bdf99a46ab24da2,cpu-rwm-sequential,1,5,-5.817278928176587,0
5b173c7a2bdf99a46ab24da2,cpu-rwm-sequential,1,6,-5.817278928176587,0
5b173c7a2bdf99a46ab24da2,cpu-rwm-sequential,1,7,-5.817278928176587,0
5b173c7a2bdf99a46ab24da2,cpu-rwm-sequential,1,8,-5.817278928176587,0
5b173c7a2bdf99a46ab24da2,cpu-rwm-sequential,1,9,-5.964367590096168,0
5b173c7a2bdf99a46ab24da2,cpu-rwm-sequential,1,10,-5.964367590096168,0
5b173c7a2bdf99a46ab24da2,cpu-rwm-sequential,1,11,-5.964367590096168,0
5b173c7a2bdf99a46ab24da2,cpu-rwm-sequential,1,12,-5.800130708853871,0
5b173c7a2bdf99a46ab24da2,cpu-rwm-sequential,1,13,-5.800130708853871,0
5b173c7a2bdf99a46ab24da2,cpu-rwm-sequential,1,14,-5.800130708853871,0
5b173c7a2bdf99a46ab24da2,cpu-rwm-sequential,1,15,-5.800130708853871,0
5b173c7a2bdf99a46ab24da2,cpu-rwm-sequential,1,16,-5.800130708853871,0
5b173c7a2bdf99a46ab24da2,cpu-rwm-sequential,1,17,-5.800130708853871,0
5b173c7a2bdf99a46ab24da2,cpu-rwm-sequential,1,18,-5.800130708853871,0
5b173c7a2bdf99a46ab24da2,cpu-rwm-sequential,1,19,-5.71109944238985,0
5b173c7a2bdf99a46ab24da2,cpu-rwm-sequential,1,20,-5.71109944238985,0
5b173c7a2bdf99a46ab24da2,cpu-rwm-sequential,1,21,-5.71109944238985,0
5b173c7a2bdf99a46ab24da2,cpu-rwm-sequential,1,22,-5.71109944238985,0
5b173c7a2bdf99a46ab24da2,cpu-rwm-sequential,1,23,-6.334847352827692,0
5b173c7a2bdf99a46ab24da2,cpu-rwm-sequential,1,24,-6.334847352827692,0
5b173c7a2bdf99a46ab24da2,cpu-rwm-sequential,1,25,-5.0891682473237125,0
5b173c7a2bdf99a46ab24da2,cpu-rwm-sequential,1,26,-5.0891682473237125,0
5b173c7a2bdf99a46ab24da2,cpu-rwm-sequential,1,27,-5.0891682473237125,0
5b173c7a2bdf99a46ab24da2,cpu-rwm-sequential,1,28,-5.0891682473237125,0
5b173c7a2bdf99a46ab24da2,cpu-rwm-sequential,1,29,-5.0891682473237125,0
5b173c7a2bdf99a46ab24da2,cpu-rwm-sequential,1,30,-5.0891682473237125,0
5b173c7a2bdf99a46ab24da2,cpu-rwm-sequential,1,31,-5.0891682473237125,0
5b173c7a2bdf99a46ab24da2,cpu-rwm-sequential,1,32,-5.0891682473237125,0
5b173c7a2bdf99a46ab24da2,cpu-rwm-sequential,1,33,-5.0891682473237125,0
5b173c7a2bdf99a46ab24da2,cpu-rwm-sequential,1,34,-5.0891682473237125,0
5b173c7a2bdf99a46ab24da2,cpu-rwm-sequential,1,35,-5.0891682473237125,0
5b173c7a2bdf99a46ab24da2,cpu-rwm-sequential,1,36,-5.124926202435458,0
5b173c7a2bdf99a46ab24da2,cpu-rwm-sequential,1,37,-5.124926202435458,0
5b173c7a2bdf99a46ab24da2,cpu-rwm-sequential,1,38,-5.124926202435458,0
5b173c7a2bdf99a46ab24da2,cpu-rwm-sequential,1,39,-5.124926202435458,0
5b173c7a2bdf99a46ab24da2,cpu-rwm-sequential,1,40,-5.124926202435458,0
5b173c7a2bdf99a46ab24da2,cpu-rwm-sequential,1,41,-4.057149399380765,0
5b173c7a2bdf99a46ab24da2,cpu-rwm-sequential,1,42,-4.057149399380765,0
5b173c7a2bdf99a46ab24da2,cpu-rwm-sequential,1,43,-4.270240737918534,0
5b173c7a2bdf99a46ab24da2,cpu-rwm-sequential,1,44,-4.270240737918534,0
5b173c7a2bdf99a46ab24da2,cpu-rwm-sequential,1,45,-4.270240737918534,0
5b173c7a2bdf99a46ab24da2,cpu-rwm-sequential,1,46,-4.270240737918534,0
5b173c7a2bdf99a46ab24da2,cpu-rwm-sequential,1,47,-4.270240737918534,0
5b173c7a2bdf99a46ab24da2,cpu-rwm-sequential,1,48,-3.739006030005203,0
5b173c7a2bdf99a46ab24da2,cpu-rwm-sequential,1,49,-3.592539759271049,0
5b173c7a2bdf99a46ab24da2,cpu-rwm-sequential,1,50,-3.592539759271049,0
5b173c7a2bdf99a46ab24da2,cpu-rwm-sequential,1,51,-3.592539759271049,0
5b173c7a2bdf99a46ab24da2,cpu-rwm-sequential,1,52,-3.592539759271049,0
5b173c7a2bdf99a46ab24da2,cpu-rwm-sequential,1,53,-3.592539759271049,0
5b173c7a2bdf99a46ab24da2,cpu-rwm-sequential,1,54,-3.592539759271049,0
5b173c7a2bdf99a46ab24da2,cpu-rwm-sequential,1,55,-3.592539759271049,0
5b173c7a2bdf99a46ab24da2,cpu-rwm-sequential,1,56,-3.592539759271049,0
5b173c7a2bdf99a46ab24da2,cpu-rwm-sequential,1,57,-3.592539759271049,0
5b173c7a2bdf99a46ab24da2,cpu-rwm-sequential,1,58,-3.909118816342671,0
5b173c7a2bdf99a46ab24da2,cpu-rwm-sequential,1,59,-3.909118816342671,0
5b173c7a2bdf99a46ab24da2,cpu-rwm-sequential,1,60,-3.909118816342671,0
5b173c7a2bdf99a46ab24da2,cpu-rwm-sequential,1,61,-3.909118816342671,0
5b173c7a2bdf99a46ab24da2,cpu-rwm-sequential,1,62,-2.8126309442567843,0
5b173c7a2bdf99a46ab24da2,cpu-rwm-sequential,1,63,-4.148823839057558,0
5b173c7a2bdf99a46ab24da2,cpu-rwm-sequential,1,64,-4.5241279709631055,0
5b173c7a2bdf99a46ab24da2,cpu-rwm-sequential,1,65,-4.5241279709631055,0
5b173c7a2bdf99a46ab24da2,cpu-rwm-sequential,1,66,-4.5241279709631055,0
5b173c7a2bdf99a46ab24da2,cpu-rwm-sequential,1,67,-3.97819087447718,0
5b173c7a2bdf99a46ab24da2,cpu-rwm-sequential,1,68,-3.97819087447718,0
5b173c7a2bdf99a46ab24da2,cpu-rwm-sequential,1,69,-3.97819087447718,0
5b173c7a2bdf99a46ab24da2,cpu-rwm-sequential,1,70,-3.97819087447718,0
5b173c7a2bdf99a46ab24da2,cpu-rwm-sequential,1,71,-3.97819087447718,0
5b173c7a2bdf99a46ab24da2,cpu-rwm-sequential,1,72,-3.97819087447718,0
5b173c7a2bdf99a46ab24da2,cpu-rwm-sequential,1,73,-3.97819087447718,0
5b173c7a2bdf99a46ab24da2,cpu-rwm-sequential,1,74,-4.24919684004816,0
5b173c7a2bdf99a46ab24da2,cpu-rwm-sequential,1,75,-4.24919684004816,0
5b173c7a2bdf99a46ab24da2,cpu-rwm-sequential,1,76,-4.24919684004816,0
5b173c7a2bdf99a46ab24da2,cpu-rwm-sequential,1,77,-4.24919684004816,0
5b173c7a2bdf99a46ab24da2,cpu-rwm-sequential,1,78,-4.24919684004816,0
5b173c7a2bdf99a46ab24da2,cpu-rwm-sequential,1,79,-3.6656812657154627,0
5b173c7a2bdf99a46ab24da2,cpu-rwm-sequential,1,80,-3.6656812657154627,0
5b173c7a2bdf99a46ab24da2,cpu-rwm-sequential,1,81,-3.6656812657154627,0
5b173c7a2bdf99a46ab24da2,cpu-rwm-sequential,1,82,-3.6656812657154627,0
5b173c7a2bdf99a46ab24da2,cpu-rwm-sequential,1,83,-3.3770857759717297,0
5b173c7a2bdf99a46ab24da2,cpu-rwm-sequential,1,84,-4.806896731620387,0
5b173c7a2bdf99a46ab24da2,cpu-rwm-sequential,1,85,-5.497923835848189,0
5b173c7a2bdf99a46ab24da2,cpu-rwm-sequential,1,86,-5.89085340485439,0
5b173c7a2bdf99a46ab24da2,cpu-rwm-sequential,1,87,-5.89085340485439,0
5b173c7a2bdf99a46ab24da2,cpu-rwm-sequential,1,88,-5.89085340485439,0
5b173c7a2bdf99a46ab24da2,cpu-rwm-sequential,1,89,-5.89085340485439,0
5b173c7a2bdf99a46ab24da2,cpu-rwm-sequential,1,90,-5.89085340485439,0
5b173c7a2bdf99a46ab24da2,cpu-rwm-sequential,1,91,-5.89085340485439,0
5b173c7a2bdf99a46ab24da2,cpu-rwm-sequential,1,92,-4.293049180951185,0
5b173c7a2bdf99a46ab24da2,cpu-rwm-sequential,1,93,-4.293049180951185,0
5b173c7a2bdf99a46ab24da2,cpu-rwm-sequential,1,94,-4.293049180951185,0
5b173c7a2bdf99a46ab24da2,cpu-rwm-sequential,1,95,-4.293049180951185,0
5b173c7a2bdf99a46ab24da2,cpu-rwm-sequential,1,96,-4.589756138498809,0
5b173c7a2bdf99a46ab24da2,cpu-rwm-sequential,1,97,-4.589756138498809,0
5b173c7a2bdf99a46ab24da2,cpu-rwm-sequential,1,98,-4.589756138498809,0
5b173c7a2bdf99a46ab24da2,cpu-rwm-sequential,1,99,-4.589756138498809,0
5b173c7a2bdf99a46ab24da2,cpu-rwm-sequential,1,100,-4.589756138498809,0
5b173c7a2bdf99a46ab24da2,cpu-rwm-sequential,1,101,-4.589756138498809,0
5b173c7a2bdf99a46ab24da2,cpu-rwm-sequential,1,102,-4.142644660346185,0
5b173c7a2bdf99a46ab24da2,cpu-rwm-sequential,1,103,-4.142644660346185,0
5b173c7a2bdf99a46ab24da2,cpu-rwm-sequential,1,104,-4.142644660346185,0
5b173c7a2bdf99a46ab24da2,cpu-rwm-sequential,1,105,-4.142644660346185,0
5b173c7a2bdf99a46ab24da2,cpu-rwm-sequential,1,106,-4.142644660346185,0
5b173c7a2bdf99a46ab24da2,cpu-rwm-sequential,1,107,-4.142644660346185,0
5b173c7a2bdf99a46ab24da2,cpu-rwm-sequential,1,108,-4.595346490276926,0
5b173c7a2bdf99a46ab24da2,cpu-rwm-sequential,1,109,-5.078003529113306,0
5b173c7a2bdf99a46ab24da2,cpu-rwm-sequential,1,110,-5.078003529113306,0
5b173c7a2bdf99a46ab24da2,cpu-rwm-sequential,1,111,-5.078003529113306,0
5b173c7a2bdf99a46ab24da2,cpu-rwm-sequential,1,112,-4.587444639521889,0
5b173c7a2bdf99a46ab24da2,cpu-rwm-sequential,1,113,-4.587444639521889,0
5b173c7a2bdf99a46ab24da2,cpu-rwm-sequential,1,114,-4.887873319486587,0
5b173c7a2bdf99a46ab24da2,cpu-rwm-sequential,1,115,-4.887873319486587,0
5b173c7a2bdf99a46ab24da2,cpu-rwm-sequential,1,116,-4.887873319486587,0
5b173c7a2bdf99a46ab24da2,cpu-rwm-sequential,1,117,-4.887873319486587,0
5b173c7a2bdf99a46ab24da2,cpu-rwm-sequential,1,118,-4.887873319486587,0
5b173c7a2bdf99a46ab24da2,cpu-rwm-sequential,1,119,-4.887873319486587,0
5b173c7a2bdf99a46ab24da2,cpu-rwm-sequential,1,120,-4.887873319486587,0
5b173c7a2bdf99a46ab24da2,cpu-rwm-sequential,1,121,-5.287263469430684,0
5b173c7a2bdf99a46ab24da2,cpu-rwm-sequential,1,122,-5.287263469430684,0
5b173c7a2bdf99a46ab24da2,cpu-rwm-sequential,1,123,-5.287263469430684,0
5b173c7a2bdf99a46ab24da2,cpu-rwm-sequential,1,124,-5.287263469430684,0
5b173c7a2bdf99a46ab24da2,cpu-rwm-sequential,1,125,-5.287263469430684,0
5b173c7a2bdf99a46ab24da2,cpu-rwm-sequential,1,126,-5.287263469430684,0
5b173c7a2bdf99a46ab24da2,cpu-rwm-sequential,1,127,-5.287263469430684,0
5b173c7a2bdf99a46ab24da2,cpu-rwm-sequential,1,128,-5.287263469430684,0
5b173c7a2bdf99a46ab24da2,cpu-rwm-sequential,1,129,-5.287263469430684,0
5b173c7a2bdf99a46ab24da2,cpu-rwm-sequential,1,130,-5.287263469430684,0
5b173c7a2bdf99a46ab24da2,cpu-rwm-sequential,1,131,-5.287263469430684,0
5b173c7a2bdf99a46ab24da2,cpu-rwm-sequential,1,132,-5.287263469430684,0
5b173c7a2bdf99a46ab24da2,cpu-rwm-sequential,1,133,-5.287263469430684,0
5b173c7a2bdf99a46ab24da2,cpu-rwm-sequential,1,134,-4.927957526560097,0
5b173c7a2bdf99a46ab24da2,cpu-rwm-sequential,1,135,-4.927957526560097,0
5b173c7a2bdf99a46ab24da2,cpu-rwm-sequential,1,136,-4.927957526560097,0
5b173c7a2bdf99a46ab24da2,cpu-rwm-sequential,1,137,-4.927957526560097,0
5b173c7a2bdf99a46ab24da2,cpu-rwm-sequential,1,138,-4.927957526560097,0
5b173c7a2bdf99a46ab24da2,cpu-rwm-sequential,1,139,-4.927957526560097,0
5b173c7a2bdf99a46ab24da2,cpu-rwm-sequential,1,140,-4.927957526560097,0
5b173c7a2bdf99a46ab24da2,cpu-rwm-sequential,1,141,-4.927957526560097,0
5b173c7a2bdf99a46ab24da2,cpu-rwm-sequential,1,142,-4.927957526560097,0
5b173c7a2bdf99a46ab24da2,cpu-rwm-sequential,1,143,-4.927957526560097,0
5b173c7a2bdf99a46ab24da2,cpu-rwm-sequential,1,144,-3.482289886257726,0
5b173c7a2bdf99a46ab24da2,cpu-rwm-sequential,1,145,-3.482289886257726,0
5b173c7a2bdf99a46ab24da2,cpu-rwm-sequential,1,146,-4.3628828105839546,0
5b173c7a2bdf99a46ab24da2,cpu-rwm-sequential,1,147,-4.9637556030672565,0
5b173c7a2bdf99a46ab24da2,cpu-rwm-sequential,1,148,-4.9637556030672565,0
5b173c7a2bdf99a46ab24da2,cpu-rwm-sequential,1,149,-4.9637556030672565,0
5b173c7a2bdf99a46ab24da2,cpu-rwm-sequential,1,150,-4.626527670468623,0
5b173c7a2bdf99a46ab24da2,cpu-rwm-sequential,1,151,-4.626527670468623,0
5b173c7a2bdf99a46ab24da2,cpu-rwm-sequential,1,152,-4.626527670468623,0
5b173c7a2bdf99a46ab24da2,cpu-rwm-sequential,1,153,-4.626527670468623,0
5b173c7a2bdf99a46ab24da2,cpu-rwm-sequential,1,154,-4.626527670468623,0
5b173c7a2bdf99a46ab24da2,cpu-rwm-sequential,1,155,-4.626527670468623,0
5b173c7a2bdf99a46ab24da2,cpu-rwm-sequential,1,156,-4.626527670468623,0
5b173c7a2bdf99a46ab24da2,cpu-rwm-sequential,1,157,-4.626527670468623,0
5b173c7a2bdf99a46ab24da2,cpu-rwm-sequential,1,158,-4.834644836779571,0
5b173c7a2bdf99a46ab24da2,cpu-rwm-sequential,1,159,-4.834644836779571,0
5b173c7a2bdf99a46ab24da2,cpu-rwm-sequential,1,160,-4.834644836779571,0
5b173c7a2bdf99a46ab24da2,cpu-rwm-sequential,1,161,-4.834644836779571,0
5b173c7a2bdf99a46ab24da2,cpu-rwm-sequential,1,162,-4.834644836779571,0
5b173c7a2bdf99a46ab24da2,cpu-rwm-sequential,1,163,-5.20508604319312,0
5b173c7a2bdf99a46ab24da2,cpu-rwm-sequential,1,164,-4.870466537133803,0
5b173c7a2bdf99a46ab24da2,cpu-rwm-sequential,1,165,-4.870466537133803,0
5b173c7a2bdf99a46ab24da2,cpu-rwm-sequential,1,166,-4.870466537133803,0
5b173c7a2bdf99a46ab24da2,cpu-rwm-sequential,1,167,-4.870466537133803,0
5b173c7a2bdf99a46ab24da2,cpu-rwm-sequential,1,168,-4.768136959997473,0
5b173c7a2bdf99a46ab24da2,cpu-rwm-sequential,1,169,-4.768136959997473,0
5b173c7a2bdf99a46ab24da2,cpu-rwm-sequential,1,170,-4.768136959997473,0
5b173c7a2bdf99a46ab24da2,cpu-rwm-sequential,1,171,-4.768136959997473,0
5b173c7a2bdf99a46ab24da2,cpu-rwm-sequential,1,172,-5.90557143206143,0
5b173c7a2bdf99a46ab24da2,cpu-rwm-sequential,1,173,-5.90557143206143,0
5b173c7a2bdf99a46ab24da2,cpu-rwm-sequential,1,174,-5.90557143206143,0
5b173c7a2bdf99a46ab24da2,cpu-rwm-sequential,1,175,-5.90557143206143,0
5b173c7a2bdf99a46ab24da2,cpu-rwm-sequential,1,176,-5.90557143206143,0
5b173c7a2bdf99a46ab24da2,cpu-rwm-sequential,1,177,-5.90557143206143,0
5b173c7a2bdf99a46ab24da2,cpu-rwm-sequential,1,178,-6.400303774267426,0
5b173c7a2bdf99a46ab24da2,cpu-rwm-sequential,1,179,-6.400303774267426,0
5b173c7a2bdf99a46ab24da2,cpu-rwm-sequential,1,180,-4.585753743038413,0
5b173c7a2bdf99a46ab24da2,cpu-rwm-sequential,1,181,-4.585753743038413,0
5b173c7a2bdf99a46ab24da2,cpu-rwm-sequential,1,182,-4.585753743038413,0
5b173c7a2bdf99a46ab24da2,cpu-rwm-sequential,1,183,-4.585753743038413,0
5b173c7a2bdf99a46ab24da2,cpu-rwm-sequential,1,184,-4.452957910987739,0
5b173c7a2bdf99a46ab24da2,cpu-rwm-sequential,1,185,-4.452957910987739,0
5b173c7a2bdf99a46ab24da2,cpu-rwm-sequential,1,186,-3.975450226972547,0
5b173c7a2bdf99a46ab24da2,cpu-rwm-sequential,1,187,-3.975450226972547,0
5b173c7a2bdf99a46ab24da2,cpu-rwm-sequential,1,188,-3.787997003538865,0
5b173c7a2bdf99a46ab24da2,cpu-rwm-sequential,1,189,-3.787997003538865,0
5b173c7a2bdf99a46ab24da2,cpu-rwm-sequential,1,190,-3.787997003538865,0
5b173c7a2bdf99a46ab24da2,cpu-rwm-sequential,1,191,-3.787997003538865,0
5b173c7a2bdf99a46ab24da2,cpu-rwm-sequential,1,192,-4.1414309779289535,0
5b173c7a2bdf99a46ab24da2,cpu-rwm-sequential,1,193,-4.7598857916362265,0
5b173c7a2bdf99a46ab24da2,cpu-rwm-sequential,1,194,-4.7598857916362265,0
5b173c7a2bdf99a46ab24da2,cpu-rwm-sequential,1,195,-4.7598857916362265,0
5b173c7a2bdf99a46ab24da2,cpu-rwm-sequential,1,196,-3.8415624987632677,0
5b173c7a2bdf99a46ab24da2,cpu-rwm-sequential,1,197,-4.633769894226903,0
5b173c7a2bdf99a46ab24da2,cpu-rwm-sequential,1,198,-4.633769894226903,0
5b173c7a2bdf99a46ab24da2,cpu-rwm-sequential,1,199,-4.633769894226903,0
5b173c7a2bdf99a46ab24da2,cpu-rwm-sequential,1,200,-4.6900655556768465,0
5b173c7a2bdf99a46ab24da2,cpu-rwm-sequential,1,201,-4.6900655556768465,0
5b173c7a2bdf99a46ab24da2,cpu-rwm-sequential,1,202,-4.6900655556768465,0
5b173c7a2bdf99a46ab24da2,cpu-rwm-sequential,1,203,-4.6900655556768465,0
5b173c7a2bdf99a46ab24da2,cpu-rwm-sequential,1,204,-4.6900655556768465,0
5b173c7a2bdf99a46ab24da2,cpu-rwm-sequential,1,205,-4.6900655556768465,0
5b173c7a2bdf99a46ab24da2,cpu-rwm-sequential,1,206,-4.6900655556768465,0
5b173c7a2bdf99a46ab24da2,cpu-rwm-sequential,1,207,-4.6900655556768465,0
5b173c7a2bdf99a46ab24da2,cpu-rwm-sequential,1,208,-4.6900655556768465,0
5b173c7a2bdf99a46ab24da2,cpu-rwm-sequential,1,209,-4.755222158389105,0
5b173c7a2bdf99a46ab24da2,cpu-rwm-sequential,1,210,-4.755222158389105,0
5b173c7a2bdf99a46ab24da2,cpu-rwm-sequential,1,211,-4.755222158389105,0
5b173c7a2bdf99a46ab24da2,cpu-rwm-sequential,1,212,-4.755222158389105,0
5b173c7a2bdf99a46ab24da2,cpu-rwm-sequential,1,213,-4.755222158389105,0
5b173c7a2bdf99a46ab24da2,cpu-rwm-sequential,1,214,-4.743701831019863,0
5b173c7a2bdf99a46ab24da2,cpu-rwm-sequential,1,215,-4.743701831019863,0
5b173c7a2bdf99a46ab24da2,cpu-rwm-sequential,1,216,-4.743701831019863,0
5b173c7a2bdf99a46ab24da2,cpu-rwm-sequential,1,217,-4.743701831019863,0
5b173c7a2bdf99a46ab24da2,cpu-rwm-sequential,1,218,-4.704929517178977,0
5b173c7a2bdf99a46ab24da2,cpu-rwm-sequential,1,219,-4.704929517178977,0
5b173c7a2bdf99a46ab24da2,cpu-rwm-sequential,1,220,-4.704929517178977,0
5b173c7a2bdf99a46ab24da2,cpu-rwm-sequential,1,221,-4.704929517178977,0
5b173c7a2bdf99a46ab24da2,cpu-rwm-sequential,1,222,-4.704929517178977,0
5b173c7a2bdf99a46ab24da2,cpu-rwm-sequential,1,223,-4.704929517178977,0
5b173c7a2bdf99a46ab24da2,cpu-rwm-sequential,1,224,-4.704929517178977,0
5b173c7a2bdf99a46ab24da2,cpu-rwm-sequential,1,225,-4.704929517178977,0
5b173c7a2bdf99a46ab24da2,cpu-rwm-sequential,1,226,-4.704929517178977,0
5b173c7a2bdf99a46ab24da2,cpu-rwm-sequential,1,227,-4.1311429366465875,0
5b173c7a2bdf99a46ab24da2,cpu-rwm-sequential,1,228,-4.1311429366465875,0
5b173c7a2bdf99a46ab24da2,cpu-rwm-sequential,1,229,-4.1311429366465875,0
5b173c7a2bdf99a46ab24da2,cpu-rwm-sequential,1,230,-4.53227953000149,0
5b173c7a2bdf99a46ab24da2,cpu-rwm-sequential,1,231,-4.53227953000149,0
5b173c7a2bdf99a46ab24da2,cpu-rwm-sequential,1,232,-4.53227953000149,0
5b173c7a2bdf99a46ab24da2,cpu-rwm-sequential,1,233,-4.104775765220224,0
5b173c7a2bdf99a46ab24da2,cpu-rwm-sequential,1,234,-4.104775765220224,0
5b173c7a2bdf99a46ab24da2,cpu-rwm-sequential,1,235,-4.104775765220224,0
5b173c7a2bdf99a46ab24da2,cpu-rwm-sequential,1,236,-4.104775765220224,0
5b173c7a2bdf99a46ab24da2,cpu-rwm-sequential,1,237,-4.104775765220224,0
5b173c7a2bdf99a46ab24da2,cpu-rwm-sequential,1,238,-4.470372149677284,0
5b173c7a2bdf99a46ab24da2,cpu-rwm-sequential,1,239,-4.470372149677284,0
5b173c7a2bdf99a46ab24da2,cpu-rwm-sequential,1,240,-4.470372149677284,0
5b173c7a2bdf99a46ab24da2,cpu-rwm-sequential,1,241,-4.7824406392086996,0
5b173c7a2bdf99a46ab24da2,cpu-rwm-sequential,1,242,-4.207557697702437,0
5b173c7a2bdf99a46ab24da2,cpu-rwm-sequential,1,243,-4.207557697702437,0
5b173c7a2bdf99a46ab24da2,cpu-rwm-sequential,1,244,-4.207557697702437,0
5b173c7a2bdf99a46ab24da2,cpu-rwm-sequential,1,245,-4.207557697702437,0
5b173c7a2bdf99a46ab24da2,cpu-rwm-sequential,1,246,-4.1616755598675885,0
5b173c7a2bdf99a46ab24da2,cpu-rwm-sequential,1,247,-4.1616755598675885,0
5b173c7a2bdf99a46ab24da2,cpu-rwm-sequential,1,248,-4.1616755598675885,0
5b173c7a2bdf99a46ab24da2,cpu-rwm-sequential,1,249,-4.1616755598675885,0
5b173c7a2bdf99a46ab24da2,cpu-rwm-sequential,1,250,-4.8068885529798795,0
5b173c7a2bdf99a46ab24da2,cpu-rwm-sequential,1,251,-4.8068885529798795,0
5b173c7a2bdf99a46ab24da2,cpu-rwm-sequential,1,252,-4.8068885529798795,0
5b173c7a2bdf99a46ab24da2,cpu-rwm-sequential,1,253,-4.8068885529798795,0
5b173c7a2bdf99a46ab24da2,cpu-rwm-sequential,1,254,-4.8068885529798795,0
5b173c7a2bdf99a46ab24da2,cpu-rwm-sequential,1,255,-4.8068885529798795,0
5b173c7a2bdf99a46ab24da2,cpu-rwm-sequential,1,256,-4.8068885529798795,0
5b173c7a2bdf99a46ab24da2,cpu-rwm-sequential,1,257,-3.3862085969095963,0
5b173c7a2bdf99a46ab24da2,cpu-rwm-sequential,1,258,-3.3862085969095963,0
5b173c7a2bdf99a46ab24da2,cpu-rwm-sequential,1,259,-3.3862085969095963,0
5b173c7a2bdf99a46ab24da2,cpu-rwm-sequential,1,260,-3.3862085969095963,0
5b173c7a2bdf99a46ab24da2,cpu-rwm-sequential,1,261,-3.3862085969095963,0
5b173c7a2bdf99a46ab24da2,cpu-rwm-sequential,1,262,-3.3862085969095963,0
5b173c7a2bdf99a46ab24da2,cpu-rwm-sequential,1,263,-3.3862085969095963,0
5b173c7a2bdf99a46ab24da2,cpu-rwm-sequential,1,264,-3.3862085969095963,0
5b173c7a2bdf99a46ab24da2,cpu-rwm-sequential,1,265,-3.3862085969095963,0
5b173c7a2bdf99a46ab24da2,cpu-rwm-sequential,1,266,-3.3862085969095963,0
5b173c7a2bdf99a46ab24da2,cpu-rwm-sequential,1,267,-3.3862085969095963,0
5b173c7a2bdf99a46ab24da2,cpu-rwm-sequential,1,268,-3.3862085969095963,0
5b173c7a2bdf99a46ab24da2,cpu-rwm-sequential,1,269,-3.3862085969095963,0
5b173c7a2bdf99a46ab24da2,cpu-rwm-sequential,1,270,-5.1804793385350925,0
5b173c7a2bdf99a46ab24da2,cpu-rwm-sequential,1,271,-5.1804793385350925,0
5b173c7a2bdf99a46ab24da2,cpu-rwm-sequential,1,272,-5.1804793385350925,0
5b173c7a2bdf99a46ab24da2,cpu-rwm-sequential,1,273,-5.1804793385350925,0
5b173c7a2bdf99a46ab24da2,cpu-rwm-sequential,1,274,-5.1804793385350925,0
5b173c7a2bdf99a46ab24da2,cpu-rwm-sequential,1,275,-5.1804793385350925,0
5b173c7a2bdf99a46ab24da2,cpu-rwm-sequential,1,276,-5.1804793385350925,0
5b173c7a2bdf99a46ab24da2,cpu-rwm-sequential,1,277,-5.1804793385350925,0
5b173c7a2bdf99a46ab24da2,cpu-rwm-sequential,1,278,-5.1804793385350925,0
5b173c7a2bdf99a46ab24da2,cpu-rwm-sequential,1,279,-6.2106992572347615,0
5b173c7a2bdf99a46ab24da2,cpu-rwm-sequential,1,280,-6.2106992572347615,0
5b173c7a2bdf99a46ab24da2,cpu-rwm-sequential,1,281,-6.2106992572347615,0
5b173c7a2bdf99a46ab24da2,cpu-rwm-sequential,1,282,-6.2106992572347615,0
5b173c7a2bdf99a46ab24da2,cpu-rwm-sequential,1,283,-6.18154227646255,0
5b173c7a2bdf99a46ab24da2,cpu-rwm-sequential,1,284,-6.18154227646255,0
5b173c7a2bdf99a46ab24da2,cpu-rwm-sequential,1,285,-6.507399455208845,0
5b173c7a2bdf99a46ab24da2,cpu-rwm-sequential,1,286,-6.507399455208845,0
5b173c7a2bdf99a46ab24da2,cpu-rwm-sequential,1,287,-6.507399455208845,0
5b173c7a2bdf99a46ab24da2,cpu-rwm-sequential,1,288,-6.950220784741049,0
5b173c7a2bdf99a46ab24da2,cpu-rwm-sequential,1,289,-7.454412264699479,0
5b173c7a2bdf99a46ab24da2,cpu-rwm-sequential,1,290,-6.838971141634257,0
5b173c7a2bdf99a46ab24da2,cpu-rwm-sequential,1,291,-6.8688516082941575,0
5b173c7a2bdf99a46ab24da2,cpu-rwm-sequential,1,292,-6.8688516082941575,0
5b173c7a2bdf99a46ab24da2,cpu-rwm-sequential,1,293,-6.8688516082941575,0
5b173c7a2bdf99a46ab24da2,cpu-rwm-sequential,1,294,-6.8688516082941575,0
5b173c7a2bdf99a46ab24da2,cpu-rwm-sequential,1,295,-4.96302618841538,0
5b173c7a2bdf99a46ab24da2,cpu-rwm-sequential,1,296,-4.96302618841538,0
5b173c7a2bdf99a46ab24da2,cpu-rwm-sequential,1,297,-4.96302618841538,0
5b173c7a2bdf99a46ab24da2,cpu-rwm-sequential,1,298,-4.96302618841538,0
5b173c7a2bdf99a46ab24da2,cpu-rwm-sequential,1,299,-4.96302618841538,0
5b173c7a2bdf99a46ab24da2,cpu-rwm-sequential,1,300,-4.96302618841538,0
5b173c7a2bdf99a46ab24da2,cpu-rwm-sequential,1,301,-4.573527998059385,0
5b173c7a2bdf99a46ab24da2,cpu-rwm-sequential,1,302,-4.573527998059385,0
5b173c7a2bdf99a46ab24da2,cpu-rwm-sequential,1,303,-4.062610241381292,0
5b173c7a2bdf99a46ab24da2,cpu-rwm-sequential,1,304,-4.062610241381292,0
5b173c7a2bdf99a46ab24da2,cpu-rwm-sequential,1,305,-4.062610241381292,0
5b173c7a2bdf99a46ab24da2,cpu-rwm-sequential,1,306,-4.119206282840171,0
5b173c7a2bdf99a46ab24da2,cpu-rwm-sequential,1,307,-4.742892533386997,0
5b173c7a2bdf99a46ab24da2,cpu-rwm-sequential,1,308,-4.742892533386997,0
5b173c7a2bdf99a46ab24da2,cpu-rwm-sequential,1,309,-4.742892533386997,0
5b173c7a2bdf99a46ab24da2,cpu-rwm-sequential,1,310,-5.172746982472977,0
5b173c7a2bdf99a46ab24da2,cpu-rwm-sequential,1,311,-5.172746982472977,0
5b173c7a2bdf99a46ab24da2,cpu-rwm-sequential,1,312,-5.172746982472977,0
5b173c7a2bdf99a46ab24da2,cpu-rwm-sequential,1,313,-5.304447009379727,0
5b173c7a2bdf99a46ab24da2,cpu-rwm-sequential,1,314,-5.304447009379727,0
5b173c7a2bdf99a46ab24da2,cpu-rwm-sequential,1,315,-5.304447009379727,0
5b173c7a2bdf99a46ab24da2,cpu-rwm-sequential,1,316,-5.304447009379727,0
5b173c7a2bdf99a46ab24da2,cpu-rwm-sequential,1,317,-5.304447009379727,0
5b173c7a2bdf99a46ab24da2,cpu-rwm-sequential,1,318,-6.5152182759815815,0
5b173c7a2bdf99a46ab24da2,cpu-rwm-sequential,1,319,-7.51446950864757,0
5b173c7a2bdf99a46ab24da2,cpu-rwm-sequential,1,320,-4.819555900863623,0
5b173c7a2bdf99a46ab24da2,cpu-rwm-sequential,1,321,-4.819555900863623,0
5b173c7a2bdf99a46ab24da2,cpu-rwm-sequential,1,322,-4.987453093354213,0
5b173c7a2bdf99a46ab24da2,cpu-rwm-sequential,1,323,-4.987453093354213,0
5b173c7a2bdf99a46ab24da2,cpu-rwm-sequential,1,324,-4.987453093354213,0
5b173c7a2bdf99a46ab24da2,cpu-rwm-sequential,1,325,-4.987453093354213,0
5b173c7a2bdf99a46ab24da2,cpu-rwm-sequential,1,326,-4.006087458489138,0
5b173c7a2bdf99a46ab24da2,cpu-rwm-sequential,1,327,-4.006087458489138,0
5b173c7a2bdf99a46ab24da2,cpu-rwm-sequential,1,328,-4.006087458489138,0
5b173c7a2bdf99a46ab24da2,cpu-rwm-sequential,1,329,-3.2385271914661935,0
5b173c7a2bdf99a46ab24da2,cpu-rwm-sequential,1,330,-3.2385271914661935,0
5b173c7a2bdf99a46ab24da2,cpu-rwm-sequential,1,331,-4.234989302993869,0
5b173c7a2bdf99a46ab24da2,cpu-rwm-sequential,1,332,-4.234989302993869,0
5b173c7a2bdf99a46ab24da2,cpu-rwm-sequential,1,333,-4.0897288861670384,0
5b173c7a2bdf99a46ab24da2,cpu-rwm-sequential,1,334,-4.0897288861670384,0
5b173c7a2bdf99a46ab24da2,cpu-rwm-sequential,1,335,-4.30971162721787,0
5b173c7a2bdf99a46ab24da2,cpu-rwm-sequential,1,336,-4.30971162721787,0
5b173c7a2bdf99a46ab24da2,cpu-rwm-sequential,1,337,-4.30971162721787,0
5b173c7a2bdf99a46ab24da2,cpu-rwm-sequential,1,338,-4.30971162721787,0
5b173c7a2bdf99a46ab24da2,cpu-rwm-sequential,1,339,-4.30971162721787,0
5b173c7a2bdf99a46ab24da2,cpu-rwm-sequential,1,340,-4.078450268663251,0
5b173c7a2bdf99a46ab24da2,cpu-rwm-sequential,1,341,-4.078450268663251,0
5b173c7a2bdf99a46ab24da2,cpu-rwm-sequential,1,342,-4.078450268663251,0
5b173c7a2bdf99a46ab24da2,cpu-rwm-sequential,1,343,-4.078450268663251,0
5b173c7a2bdf99a46ab24da2,cpu-rwm-sequential,1,344,-4.078450268663251,0
5b173c7a2bdf99a46ab24da2,cpu-rwm-sequential,1,345,-4.078450268663251,0
5b173c7a2bdf99a46ab24da2,cpu-rwm-sequential,1,346,-4.078450268663251,0
5b173c7a2bdf99a46ab24da2,cpu-rwm-sequential,1,347,-4.078450268663251,0
5b173c7a2bdf99a46ab24da2,cpu-rwm-sequential,1,348,-4.078450268663251,0
5b173c7a2bdf99a46ab24da2,cpu-rwm-sequential,1,349,-4.078450268663251,0
5b173c7a2bdf99a46ab24da2,cpu-rwm-sequential,1,350,-4.078450268663251,0
5b173c7a2bdf99a46ab24da2,cpu-rwm-sequential,1,351,-4.078450268663251,0
5b173c7a2bdf99a46ab24da2,cpu-rwm-sequential,1,352,-4.078450268663251,0
5b173c7a2bdf99a46ab24da2,cpu-rwm-sequential,1,353,-4.078450268663251,0
5b173c7a2bdf99a46ab24da2,cpu-rwm-sequential,1,354,-4.078450268663251,0
5b173c7a2bdf99a46ab24da2,cpu-rwm-sequential,1,355,-4.078450268663251,0
5b173c7a2bdf99a46ab24da2,cpu-rwm-sequential,1,356,-3.8622367797618278,0
5b173c7a2bdf99a46ab24da2,cpu-rwm-sequential,1,357,-3.8622367797618278,0
5b173c7a2bdf99a46ab24da2,cpu-rwm-sequential,1,358,-3.8622367797618278,0
5b173c7a2bdf99a46ab24da2,cpu-rwm-sequential,1,359,-4.0332291882921645,0
5b173c7a2bdf99a46ab24da2,cpu-rwm-sequential,1,360,-4.0332291882921645,0
5b173c7a2bdf99a46ab24da2,cpu-rwm-sequential,1,361,-4.0332291882921645,0
5b173c7a2bdf99a46ab24da2,cpu-rwm-sequential,1,362,-4.0332291882921645,0
5b173c7a2bdf99a46ab24da2,cpu-rwm-sequential,1,363,-4.493173014130414,0
5b173c7a2bdf99a46ab24da2,cpu-rwm-sequential,1,364,-5.798769039428136,0
5b173c7a2bdf99a46ab24da2,cpu-rwm-sequential,1,365,-5.854454110883752,0
5b173c7a2bdf99a46ab24da2,cpu-rwm-sequential,1,366,-5.854454110883752,0
5b173c7a2bdf99a46ab24da2,cpu-rwm-sequential,1,367,-5.854454110883752,0
5b173c7a2bdf99a46ab24da2,cpu-rwm-sequential,1,368,-5.330777720676546,0
5b173c7a2bdf99a46ab24da2,cpu-rwm-sequential,1,369,-5.330777720676546,0
5b173c7a2bdf99a46ab24da2,cpu-rwm-sequential,1,370,-5.177633739745203,0
5b173c7a2bdf99a46ab24da2,cpu-rwm-sequential,1,371,-5.177633739745203,0
5b173c7a2bdf99a46ab24da2,cpu-rwm-sequential,1,372,-5.2819459333647,0
5b173c7a2bdf99a46ab24da2,cpu-rwm-sequential,1,373,-5.2819459333647,0
5b173c7a2bdf99a46ab24da2,cpu-rwm-sequential,1,374,-5.2819459333647,0
5b173c7a2bdf99a46ab24da2,cpu-rwm-sequential,1,375,-4.972656853890741,0
5b173c7a2bdf99a46ab24da2,cpu-rwm-sequential,1,376,-5.755606138165497,0
5b173c7a2bdf99a46ab24da2,cpu-rwm-sequential,1,377,-5.755606138165497,0
5b173c7a2bdf99a46ab24da2,cpu-rwm-sequential,1,378,-6.7772091377034585,0
5b173c7a2bdf99a46ab24da2,cpu-rwm-sequential,1,379,-6.7772091377034585,0
5b173c7a2bdf99a46ab24da2,cpu-rwm-sequential,1,380,-5.4322163809562,0
5b173c7a2bdf99a46ab24da2,cpu-rwm-sequential,1,381,-5.4322163809562,0
5b173c7a2bdf99a46ab24da2,cpu-rwm-sequential,1,382,-5.3813011200425995,0
5b173c7a2bdf99a46ab24da2,cpu-rwm-sequential,1,383,-5.3813011200425995,0
5b173c7a2bdf99a46ab24da2,cpu-rwm-sequential,1,384,-4.493051572927522,0
5b173c7a2bdf99a46ab24da2,cpu-rwm-sequential,1,385,-4.493051572927522,0
5b173c7a2bdf99a46ab24da2,cpu-rwm-sequential,1,386,-4.660255052628308,0
5b173c7a2bdf99a46ab24da2,cpu-rwm-sequential,1,387,-4.660255052628308,0
5b173c7a2bdf99a46ab24da2,cpu-rwm-sequential,1,388,-4.840782896155428,0
5b173c7a2bdf99a46ab24da2,cpu-rwm-sequential,1,389,-4.840782896155428,0
5b173c7a2bdf99a46ab24da2,cpu-rwm-sequential,1,390,-4.840782896155428,0
5b173c7a2bdf99a46ab24da2,cpu-rwm-sequential,1,391,-4.840782896155428,0
5b173c7a2bdf99a46ab24da2,cpu-rwm-sequential,1,392,-4.840782896155428,0
5b173c7a2bdf99a46ab24da2,cpu-rwm-sequential,1,393,-4.840782896155428,0
5b173c7a2bdf99a46ab24da2,cpu-rwm-sequential,1,394,-4.263434305400065,0
5b173c7a2bdf99a46ab24da2,cpu-rwm-sequential,1,395,-4.263434305400065,0
5b173c7a2bdf99a46ab24da2,cpu-rwm-sequential,1,396,-4.263434305400065,0
5b173c7a2bdf99a46ab24da2,cpu-rwm-sequential,1,397,-4.263434305400065,0
5b173c7a2bdf99a46ab24da2,cpu-rwm-sequential,1,398,-2.967403959912889,0
5b173c7a2bdf99a46ab24da2,cpu-rwm-sequential,1,399,-2.967403959912889,0
5b173c7a2bdf99a46ab24da2,cpu-rwm-sequential,1,400,-2.967403959912889,0
5b173c7a2bdf99a46ab24da2,cpu-rwm-sequential,1,401,-2.967403959912889,0
5b173c7a2bdf99a46ab24da2,cpu-rwm-sequential,1,402,-3.495820907139734,0
5b173c7a2bdf99a46ab24da2,cpu-rwm-sequential,1,403,-3.495820907139734,0
5b173c7a2bdf99a46ab24da2,cpu-rwm-sequential,1,404,-3.9790807175382876,0
5b173c7a2bdf99a46ab24da2,cpu-rwm-sequential,1,405,-3.9790807175382876,0
5b173c7a2bdf99a46ab24da2,cpu-rwm-sequential,1,406,-4.039637833765905,0
5b173c7a2bdf99a46ab24da2,cpu-rwm-sequential,1,407,-4.039637833765905,0
5b173c7a2bdf99a46ab24da2,cpu-rwm-sequential,1,408,-4.039637833765905,0
5b173c7a2bdf99a46ab24da2,cpu-rwm-sequential,1,409,-4.039637833765905,0
5b173c7a2bdf99a46ab24da2,cpu-rwm-sequential,1,410,-4.039637833765905,0
5b173c7a2bdf99a46ab24da2,cpu-rwm-sequential,1,411,-4.039637833765905,0
5b173c7a2bdf99a46ab24da2,cpu-rwm-sequential,1,412,-5.113662640822327,0
5b173c7a2bdf99a46ab24da2,cpu-rwm-sequential,1,413,-4.952517277784368,0
5b173c7a2bdf99a46ab24da2,cpu-rwm-sequential,1,414,-4.952517277784368,0
5b173c7a2bdf99a46ab24da2,cpu-rwm-sequential,1,415,-4.914713292276133,0
5b173c7a2bdf99a46ab24da2,cpu-rwm-sequential,1,416,-4.914713292276133,0
5b173c7a2bdf99a46ab24da2,cpu-rwm-sequential,1,417,-6.364508344379388,0
5b173c7a2bdf99a46ab24da2,cpu-rwm-sequential,1,418,-6.364508344379388,0
5b173c7a2bdf99a46ab24da2,cpu-rwm-sequential,1,419,-6.364508344379388,0
5b173c7a2bdf99a46ab24da2,cpu-rwm-sequential,1,420,-6.364508344379388,0
5b173c7a2bdf99a46ab24da2,cpu-rwm-sequential,1,421,-6.520337110593485,0
5b173c7a2bdf99a46ab24da2,cpu-rwm-sequential,1,422,-6.520337110593485,0
5b173c7a2bdf99a46ab24da2,cpu-rwm-sequential,1,423,-6.520337110593485,0
5b173c7a2bdf99a46ab24da2,cpu-rwm-sequential,1,424,-6.520337110593485,0
5b173c7a2bdf99a46ab24da2,cpu-rwm-sequential,1,425,-6.520337110593485,0
5b173c7a2bdf99a46ab24da2,cpu-rwm-sequential,1,426,-6.520337110593485,0
5b173c7a2bdf99a46ab24da2,cpu-rwm-sequential,1,427,-6.520337110593485,0
5b173c7a2bdf99a46ab24da2,cpu-rwm-sequential,1,428,-6.520337110593485,0
5b173c7a2bdf99a46ab24da2,cpu-rwm-sequential,1,429,-6.520337110593485,0
5b173c7a2bdf99a46ab24da2,cpu-rwm-sequential,1,430,-6.520337110593485,0
5b173c7a2bdf99a46ab24da2,cpu-rwm-sequential,1,431,-6.520337110593485,0
5b173c7a2bdf99a46ab24da2,cpu-rwm-sequential,1,432,-5.2841424589465245,0
5b173c7a2bdf99a46ab24da2,cpu-rwm-sequential,1,433,-5.2841424589465245,0
5b173c7a2bdf99a46ab24da2,cpu-rwm-sequential,1,434,-4.801870573058778,0
5b173c7a2bdf99a46ab24da2,cpu-rwm-sequential,1,435,-4.801870573058778,0
5b173c7a2bdf99a46ab24da2,cpu-rwm-sequential,1,436,-4.801870573058778,0
5b173c7a2bdf99a46ab24da2,cpu-rwm-sequential,1,437,-4.801870573058778,0
5b173c7a2bdf99a46ab24da2,cpu-rwm-sequential,1,438,-4.801870573058778,0
5b173c7a2bdf99a46ab24da2,cpu-rwm-sequential,1,439,-4.801870573058778,0
5b173c7a2bdf99a46ab24da2,cpu-rwm-sequential,1,440,-4.888251306098961,0
5b173c7a2bdf99a46ab24da2,cpu-rwm-sequential,1,441,-4.888251306098961,0
5b173c7a2bdf99a46ab24da2,cpu-rwm-sequential,1,442,-3.7703212340346153,0
5b173c7a2bdf99a46ab24da2,cpu-rwm-sequential,1,443,-3.7703212340346153,0
5b173c7a2bdf99a46ab24da2,cpu-rwm-sequential,1,444,-3.7703212340346153,0
5b173c7a2bdf99a46ab24da2,cpu-rwm-sequential,1,445,-3.7703212340346153,0
5b173c7a2bdf99a46ab24da2,cpu-rwm-sequential,1,446,-3.7703212340346153,0
5b173c7a2bdf99a46ab24da2,cpu-rwm-sequential,1,447,-3.7703212340346153,0
5b173c7a2bdf99a46ab24da2,cpu-rwm-sequential,1,448,-3.7703212340346153,0
5b173c7a2bdf99a46ab24da2,cpu-rwm-sequential,1,449,-3.7703212340346153,0
5b173c7a2bdf99a46ab24da2,cpu-rwm-sequential,1,450,-3.7703212340346153,0
5b173c7a2bdf99a46ab24da2,cpu-rwm-sequential,1,451,-3.7703212340346153,0
5b173c7a2bdf99a46ab24da2,cpu-rwm-sequential,1,452,-5.205976840453745,0
5b173c7a2bdf99a46ab24da2,cpu-rwm-sequential,1,453,-5.205976840453745,0
5b173c7a2bdf99a46ab24da2,cpu-rwm-sequential,1,454,-5.205976840453745,0
5b173c7a2bdf99a46ab24da2,cpu-rwm-sequential,1,455,-5.297191249590181,0
5b173c7a2bdf99a46ab24da2,cpu-rwm-sequential,1,456,-5.297191249590181,0
5b173c7a2bdf99a46ab24da2,cpu-rwm-sequential,1,457,-5.297191249590181,0
5b173c7a2bdf99a46ab24da2,cpu-rwm-sequential,1,458,-5.297191249590181,0
5b173c7a2bdf99a46ab24da2,cpu-rwm-sequential,1,459,-5.297191249590181,0
5b173c7a2bdf99a46ab24da2,cpu-rwm-sequential,1,460,-5.297191249590181,0
5b173c7a2bdf99a46ab24da2,cpu-rwm-sequential,1,461,-5.297191249590181,0
5b173c7a2bdf99a46ab24da2,cpu-rwm-sequential,1,462,-5.297191249590181,0
5b173c7a2bdf99a46ab24da2,cpu-rwm-sequential,1,463,-5.297191249590181,0
5b173c7a2bdf99a46ab24da2,cpu-rwm-sequential,1,464,-5.096560444651829,0
5b173c7a2bdf99a46ab24da2,cpu-rwm-sequential,1,465,-5.096560444651829,0
5b173c7a2bdf99a46ab24da2,cpu-rwm-sequential,1,466,-5.631267837933617,0
5b173c7a2bdf99a46ab24da2,cpu-rwm-sequential,1,467,-6.407616908357676,0
5b173c7a2bdf99a46ab24da2,cpu-rwm-sequential,1,468,-6.407616908357676,0
5b173c7a2bdf99a46ab24da2,cpu-rwm-sequential,1,469,-6.407616908357676,0
5b173c7a2bdf99a46ab24da2,cpu-rwm-sequential,1,470,-6.407616908357676,0
5b173c7a2bdf99a46ab24da2,cpu-rwm-sequential,1,471,-6.407616908357676,0
5b173c7a2bdf99a46ab24da2,cpu-rwm-sequential,1,472,-6.407616908357676,0
5b173c7a2bdf99a46ab24da2,cpu-rwm-sequential,1,473,-6.407616908357676,0
5b173c7a2bdf99a46ab24da2,cpu-rwm-sequential,1,474,-6.407616908357676,0
5b173c7a2bdf99a46ab24da2,cpu-rwm-sequential,1,475,-6.407616908357676,0
5b173c7a2bdf99a46ab24da2,cpu-rwm-sequential,1,476,-6.407616908357676,0
5b173c7a2bdf99a46ab24da2,cpu-rwm-sequential,1,477,-6.407616908357676,0
5b173c7a2bdf99a46ab24da2,cpu-rwm-sequential,1,478,-6.407616908357676,0
5b173c7a2bdf99a46ab24da2,cpu-rwm-sequential,1,479,-6.407616908357676,0
5b173c7a2bdf99a46ab24da2,cpu-rwm-sequential,1,480,-6.407616908357676,0
5b173c7a2bdf99a46ab24da2,cpu-rwm-sequential,1,481,-6.407616908357676,0
5b173c7a2bdf99a46ab24da2,cpu-rwm-sequential,1,482,-6.407616908357676,0
5b173c7a2bdf99a46ab24da2,cpu-rwm-sequential,1,483,-6.407616908357676,0
5b173c7a2bdf99a46ab24da2,cpu-rwm-sequential,1,484,-6.407616908357676,0
5b173c7a2bdf99a46ab24da2,cpu-rwm-sequential,1,485,-6.407616908357676,0
5b173c7a2bdf99a46ab24da2,cpu-rwm-sequential,1,486,-6.407616908357676,0
5b173c7a2bdf99a46ab24da2,cpu-rwm-sequential,1,487,-6.407616908357676,0
5b173c7a2bdf99a46ab24da2,cpu-rwm-sequential,1,488,-6.176556228788202,0
5b173c7a2bdf99a46ab24da2,cpu-rwm-sequential,1,489,-6.084314905211428,0
5b173c7a2bdf99a46ab24da2,cpu-rwm-sequential,1,490,-6.084314905211428,0
5b173c7a2bdf99a46ab24da2,cpu-rwm-sequential,1,491,-6.084314905211428,0
5b173c7a2bdf99a46ab24da2,cpu-rwm-sequential,1,492,-6.065180760228533,0
5b173c7a2bdf99a46ab24da2,cpu-rwm-sequential,1,493,-6.937199223743547,0
5b173c7a2bdf99a46ab24da2,cpu-rwm-sequential,1,494,-6.937199223743547,0
5b173c7a2bdf99a46ab24da2,cpu-rwm-sequential,1,495,-6.86195434235824,0
5b173c7a2bdf99a46ab24da2,cpu-rwm-sequential,1,496,-6.86195434235824,0
5b173c7a2bdf99a46ab24da2,cpu-rwm-sequential,1,497,-6.86195434235824,0
5b173c7a2bdf99a46ab24da2,cpu-rwm-sequential,1,498,-6.86195434235824,0
5b173c7a2bdf99a46ab24da2,cpu-rwm-sequential,1,499,-6.4818663736177875,0
5b173c7a2bdf99a46ab24da2,cpu-rwm-sequential,1,500,-6.043583685125667,0
5b173c7a2bdf99a46ab24da2,cpu-rwm-sequential,1,501,-5.856247269787644,0
5b173c7a2bdf99a46ab24da2,cpu-rwm-sequential,1,502,-5.856247269787644,0
5b173c7a2bdf99a46ab24da2,cpu-rwm-sequential,1,503,-5.269543208007389,0
5b173c7a2bdf99a46ab24da2,cpu-rwm-sequential,1,504,-4.594474396458506,0
5b173c7a2bdf99a46ab24da2,cpu-rwm-sequential,1,505,-4.594474396458506,0
5b173c7a2bdf99a46ab24da2,cpu-rwm-sequential,1,506,-4.594474396458506,0
5b173c7a2bdf99a46ab24da2,cpu-rwm-sequential,1,507,-4.594474396458506,0
5b173c7a2bdf99a46ab24da2,cpu-rwm-sequential,1,508,-4.594474396458506,0
5b173c7a2bdf99a46ab24da2,cpu-rwm-sequential,1,509,-4.594474396458506,0
5b173c7a2bdf99a46ab24da2,cpu-rwm-sequential,1,510,-4.594474396458506,0
5b173c7a2bdf99a46ab24da2,cpu-rwm-sequential,1,511,-4.594474396458506,0
5b173c7a2bdf99a46ab24da2,cpu-rwm-sequential,1,512,-3.729003034235542,0
5b173c7a2bdf99a46ab24da2,cpu-rwm-sequential,1,513,-3.729003034235542,0
5b173c7a2bdf99a46ab24da2,cpu-rwm-sequential,1,514,-3.729003034235542,0
5b173c7a2bdf99a46ab24da2,cpu-rwm-sequential,1,515,-3.729003034235542,0
5b173c7a2bdf99a46ab24da2,cpu-rwm-sequential,1,516,-3.729003034235542,0
5b173c7a2bdf99a46ab24da2,cpu-rwm-sequential,1,517,-3.729003034235542,0
5b173c7a2bdf99a46ab24da2,cpu-rwm-sequential,1,518,-3.729003034235542,0
5b173c7a2bdf99a46ab24da2,cpu-rwm-sequential,1,519,-3.729003034235542,0
5b173c7a2bdf99a46ab24da2,cpu-rwm-sequential,1,520,-4.275123897611111,0
5b173c7a2bdf99a46ab24da2,cpu-rwm-sequential,1,521,-4.275123897611111,0
5b173c7a2bdf99a46ab24da2,cpu-rwm-sequential,1,522,-4.585661273141407,0
5b173c7a2bdf99a46ab24da2,cpu-rwm-sequential,1,523,-4.585661273141407,0
5b173c7a2bdf99a46ab24da2,cpu-rwm-sequential,1,524,-4.585661273141407,0
5b173c7a2bdf99a46ab24da2,cpu-rwm-sequential,1,525,-5.275136262369589,0
5b173c7a2bdf99a46ab24da2,cpu-rwm-sequential,1,526,-5.275136262369589,0
5b173c7a2bdf99a46ab24da2,cpu-rwm-sequential,1,527,-5.275136262369589,0
5b173c7a2bdf99a46ab24da2,cpu-rwm-sequential,1,528,-5.275136262369589,0
5b173c7a2bdf99a46ab24da2,cpu-rwm-sequential,1,529,-5.275136262369589,0
5b173c7a2bdf99a46ab24da2,cpu-rwm-sequential,1,530,-5.0973346849854035,0
5b173c7a2bdf99a46ab24da2,cpu-rwm-sequential,1,531,-5.595230123717818,0
5b173c7a2bdf99a46ab24da2,cpu-rwm-sequential,1,532,-5.595230123717818,0
5b173c7a2bdf99a46ab24da2,cpu-rwm-sequential,1,533,-5.595230123717818,0
5b173c7a2bdf99a46ab24da2,cpu-rwm-sequential,1,534,-5.595230123717818,0
5b173c7a2bdf99a46ab24da2,cpu-rwm-sequential,1,535,-5.595230123717818,0
5b173c7a2bdf99a46ab24da2,cpu-rwm-sequential,1,536,-5.595230123717818,0
5b173c7a2bdf99a46ab24da2,cpu-rwm-sequential,1,537,-5.712723821834828,0
5b173c7a2bdf99a46ab24da2,cpu-rwm-sequential,1,538,-5.712723821834828,0
5b173c7a2bdf99a46ab24da2,cpu-rwm-sequential,1,539,-5.712723821834828,0
5b173c7a2bdf99a46ab24da2,cpu-rwm-sequential,1,540,-5.712723821834828,0
5b173c7a2bdf99a46ab24da2,cpu-rwm-sequential,1,541,-5.712723821834828,0
5b173c7a2bdf99a46ab24da2,cpu-rwm-sequential,1,542,-4.154205258410169,0
5b173c7a2bdf99a46ab24da2,cpu-rwm-sequential,1,543,-4.154205258410169,0
5b173c7a2bdf99a46ab24da2,cpu-rwm-sequential,1,544,-4.154205258410169,0
5b173c7a2bdf99a46ab24da2,cpu-rwm-sequential,1,545,-4.154205258410169,0
5b173c7a2bdf99a46ab24da2,cpu-rwm-sequential,1,546,-4.076360574943397,0
5b173c7a2bdf99a46ab24da2,cpu-rwm-sequential,1,547,-4.076360574943397,0
5b173c7a2bdf99a46ab24da2,cpu-rwm-sequential,1,548,-4.076360574943397,0
5b173c7a2bdf99a46ab24da2,cpu-rwm-sequential,1,549,-4.076360574943397,0
5b173c7a2bdf99a46ab24da2,cpu-rwm-sequential,1,550,-4.076360574943397,0
5b173c7a2bdf99a46ab24da2,cpu-rwm-sequential,1,551,-4.076360574943397,0
5b173c7a2bdf99a46ab24da2,cpu-rwm-sequential,1,552,-5.38909407741336,0
5b173c7a2bdf99a46ab24da2,cpu-rwm-sequential,1,553,-5.38909407741336,0
5b173c7a2bdf99a46ab24da2,cpu-rwm-sequential,1,554,-5.38909407741336,0
5b173c7a2bdf99a46ab24da2,cpu-rwm-sequential,1,555,-5.38909407741336,0
5b173c7a2bdf99a46ab24da2,cpu-rwm-sequential,1,556,-5.38909407741336,0
5b173c7a2bdf99a46ab24da2,cpu-rwm-sequential,1,557,-5.38909407741336,0
5b173c7a2bdf99a46ab24da2,cpu-rwm-sequential,1,558,-5.38909407741336,0
5b173c7a2bdf99a46ab24da2,cpu-rwm-sequential,1,559,-5.38909407741336,0
5b173c7a2bdf99a46ab24da2,cpu-rwm-sequential,1,560,-5.38909407741336,0
5b173c7a2bdf99a46ab24da2,cpu-rwm-sequential,1,561,-6.176154624214121,0
5b173c7a2bdf99a46ab24da2,cpu-rwm-sequential,1,562,-6.176154624214121,0
5b173c7a2bdf99a46ab24da2,cpu-rwm-sequential,1,563,-6.176154624214121,0
5b173c7a2bdf99a46ab24da2,cpu-rwm-sequential,1,564,-6.176154624214121,0
5b173c7a2bdf99a46ab24da2,cpu-rwm-sequential,1,565,-6.176154624214121,0
5b173c7a2bdf99a46ab24da2,cpu-rwm-sequential,1,566,-6.176154624214121,0
5b173c7a2bdf99a46ab24da2,cpu-rwm-sequential,1,567,-6.176154624214121,0
5b173c7a2bdf99a46ab24da2,cpu-rwm-sequential,1,568,-6.176154624214121,0
5b173c7a2bdf99a46ab24da2,cpu-rwm-sequential,1,569,-5.615330436980722,0
5b173c7a2bdf99a46ab24da2,cpu-rwm-sequential,1,570,-5.615330436980722,0
5b173c7a2bdf99a46ab24da2,cpu-rwm-sequential,1,571,-5.607008872307593,0
5b173c7a2bdf99a46ab24da2,cpu-rwm-sequential,1,572,-5.607008872307593,0
5b173c7a2bdf99a46ab24da2,cpu-rwm-sequential,1,573,-5.607008872307593,0
5b173c7a2bdf99a46ab24da2,cpu-rwm-sequential,1,574,-5.607008872307593,0
5b173c7a2bdf99a46ab24da2,cpu-rwm-sequential,1,575,-5.607008872307593,0
5b173c7a2bdf99a46ab24da2,cpu-rwm-sequential,1,576,-5.607008872307593,0
5b173c7a2bdf99a46ab24da2,cpu-rwm-sequential,1,577,-5.607008872307593,0
5b173c7a2bdf99a46ab24da2,cpu-rwm-sequential,1,578,-5.607008872307593,0
5b173c7a2bdf99a46ab24da2,cpu-rwm-sequential,1,579,-5.607008872307593,0
5b173c7a2bdf99a46ab24da2,cpu-rwm-sequential,1,580,-5.607008872307593,0
5b173c7a2bdf99a46ab24da2,cpu-rwm-sequential,1,581,-6.017520487411493,0
5b173c7a2bdf99a46ab24da2,cpu-rwm-sequential,1,582,-6.293022606850981,0
5b173c7a2bdf99a46ab24da2,cpu-rwm-sequential,1,583,-6.609605618276536,0
5b173c7a2bdf99a46ab24da2,cpu-rwm-sequential,1,584,-6.649711540311851,0
5b173c7a2bdf99a46ab24da2,cpu-rwm-sequential,1,585,-6.649711540311851,0
5b173c7a2bdf99a46ab24da2,cpu-rwm-sequential,1,586,-6.649711540311851,0
5b173c7a2bdf99a46ab24da2,cpu-rwm-sequential,1,587,-6.649711540311851,0
5b173c7a2bdf99a46ab24da2,cpu-rwm-sequential,1,588,-6.649711540311851,0
5b173c7a2bdf99a46ab24da2,cpu-rwm-sequential,1,589,-6.649711540311851,0
5b173c7a2bdf99a46ab24da2,cpu-rwm-sequential,1,590,-6.649711540311851,0
5b173c7a2bdf99a46ab24da2,cpu-rwm-sequential,1,591,-6.649711540311851,0
5b173c7a2bdf99a46ab24da2,cpu-rwm-sequential,1,592,-7.028134689487136,0
5b173c7a2bdf99a46ab24da2,cpu-rwm-sequential,1,593,-7.028134689487136,0
5b173c7a2bdf99a46ab24da2,cpu-rwm-sequential,1,594,-7.028134689487136,0
5b173c7a2bdf99a46ab24da2,cpu-rwm-sequential,1,595,-7.028134689487136,0
5b173c7a2bdf99a46ab24da2,cpu-rwm-sequential,1,596,-6.0183866884332975,0
5b173c7a2bdf99a46ab24da2,cpu-rwm-sequential,1,597,-6.0183866884332975,0
5b173c7a2bdf99a46ab24da2,cpu-rwm-sequential,1,598,-6.0183866884332975,0
5b173c7a2bdf99a46ab24da2,cpu-rwm-sequential,1,599,-5.209995971284189,0
5b173c7a2bdf99a46ab24da2,cpu-rwm-sequential,1,600,-5.209995971284189,0
5b173c7a2bdf99a46ab24da2,cpu-rwm-sequential,1,601,-5.338966645996622,0
5b173c7a2bdf99a46ab24da2,cpu-rwm-sequential,1,602,-5.338966645996622,0
5b173c7a2bdf99a46ab24da2,cpu-rwm-sequential,1,603,-5.338966645996622,0
5b173c7a2bdf99a46ab24da2,cpu-rwm-sequential,1,604,-5.338966645996622,0
5b173c7a2bdf99a46ab24da2,cpu-rwm-sequential,1,605,-5.338966645996622,0
5b173c7a2bdf99a46ab24da2,cpu-rwm-sequential,1,606,-5.338966645996622,0
5b173c7a2bdf99a46ab24da2,cpu-rwm-sequential,1,607,-5.1039258528628455,0
5b173c7a2bdf99a46ab24da2,cpu-rwm-sequential,1,608,-5.1039258528628455,0
5b173c7a2bdf99a46ab24da2,cpu-rwm-sequential,1,609,-5.1039258528628455,0
5b173c7a2bdf99a46ab24da2,cpu-rwm-sequential,1,610,-5.1039258528628455,0
5b173c7a2bdf99a46ab24da2,cpu-rwm-sequential,1,611,-5.1039258528628455,0
5b173c7a2bdf99a46ab24da2,cpu-rwm-sequential,1,612,-5.1039258528628455,0
5b173c7a2bdf99a46ab24da2,cpu-rwm-sequential,1,613,-5.1039258528628455,0
5b173c7a2bdf99a46ab24da2,cpu-rwm-sequential,1,614,-5.503038641191613,0
5b173c7a2bdf99a46ab24da2,cpu-rwm-sequential,1,615,-5.503038641191613,0
5b173c7a2bdf99a46ab24da2,cpu-rwm-sequential,1,616,-6.051613627649642,0
5b173c7a2bdf99a46ab24da2,cpu-rwm-sequential,1,617,-6.051613627649642,0
5b173c7a2bdf99a46ab24da2,cpu-rwm-sequential,1,618,-6.051613627649642,0
5b173c7a2bdf99a46ab24da2,cpu-rwm-sequential,1,619,-5.502716009290247,0
5b173c7a2bdf99a46ab24da2,cpu-rwm-sequential,1,620,-5.502716009290247,0
5b173c7a2bdf99a46ab24da2,cpu-rwm-sequential,1,621,-5.502716009290247,0
5b173c7a2bdf99a46ab24da2,cpu-rwm-sequential,1,622,-6.910362514861219,0
5b173c7a2bdf99a46ab24da2,cpu-rwm-sequential,1,623,-6.910362514861219,0
5b173c7a2bdf99a46ab24da2,cpu-rwm-sequential,1,624,-7.294435129708068,0
5b173c7a2bdf99a46ab24da2,cpu-rwm-sequential,1,625,-7.701999170121355,0
5b173c7a2bdf99a46ab24da2,cpu-rwm-sequential,1,626,-7.701999170121355,0
5b173c7a2bdf99a46ab24da2,cpu-rwm-sequential,1,627,-7.551691722657295,0
5b173c7a2bdf99a46ab24da2,cpu-rwm-sequential,1,628,-7.551691722657295,0
5b173c7a2bdf99a46ab24da2,cpu-rwm-sequential,1,629,-7.551691722657295,0
5b173c7a2bdf99a46ab24da2,cpu-rwm-sequential,1,630,-6.740911792636163,0
5b173c7a2bdf99a46ab24da2,cpu-rwm-sequential,1,631,-6.740911792636163,0
5b173c7a2bdf99a46ab24da2,cpu-rwm-sequential,1,632,-6.740911792636163,0
5b173c7a2bdf99a46ab24da2,cpu-rwm-sequential,1,633,-6.740911792636163,0
5b173c7a2bdf99a46ab24da2,cpu-rwm-sequential,1,634,-6.740911792636163,0
5b173c7a2bdf99a46ab24da2,cpu-rwm-sequential,1,635,-6.740911792636163,0
5b173c7a2bdf99a46ab24da2,cpu-rwm-sequential,1,636,-6.740911792636163,0
5b173c7a2bdf99a46ab24da2,cpu-rwm-sequential,1,637,-6.740911792636163,0
5b173c7a2bdf99a46ab24da2,cpu-rwm-sequential,1,638,-6.740911792636163,0
5b173c7a2bdf99a46ab24da2,cpu-rwm-sequential,1,639,-6.740911792636163,0
5b173c7a2bdf99a46ab24da2,cpu-rwm-sequential,1,640,-4.520648134025466,0
5b173c7a2bdf99a46ab24da2,cpu-rwm-sequential,1,641,-4.279309597552017,0
5b173c7a2bdf99a46ab24da2,cpu-rwm-sequential,1,642,-4.279309597552017,0
5b173c7a2bdf99a46ab24da2,cpu-rwm-sequential,1,643,-4.279309597552017,0
5b173c7a2bdf99a46ab24da2,cpu-rwm-sequential,1,644,-4.279309597552017,0
5b173c7a2bdf99a46ab24da2,cpu-rwm-sequential,1,645,-4.279309597552017,0
5b173c7a2bdf99a46ab24da2,cpu-rwm-sequential,1,646,-4.677051909587158,0
5b173c7a2bdf99a46ab24da2,cpu-rwm-sequential,1,647,-4.677051909587158,0
5b173c7a2bdf99a46ab24da2,cpu-rwm-sequential,1,648,-4.677051909587158,0
5b173c7a2bdf99a46ab24da2,cpu-rwm-sequential,1,649,-4.677051909587158,0
5b173c7a2bdf99a46ab24da2,cpu-rwm-sequential,1,650,-4.677051909587158,0
5b173c7a2bdf99a46ab24da2,cpu-rwm-sequential,1,651,-5.8892977553937484,0
5b173c7a2bdf99a46ab24da2,cpu-rwm-sequential,1,652,-5.8892977553937484,0
5b173c7a2bdf99a46ab24da2,cpu-rwm-sequential,1,653,-5.217036477335674,0
5b173c7a2bdf99a46ab24da2,cpu-rwm-sequential,1,654,-5.811646851959825,0
5b173c7a2bdf99a46ab24da2,cpu-rwm-sequential,1,655,-6.3711731379260295,0
5b173c7a2bdf99a46ab24da2,cpu-rwm-sequential,1,656,-6.3711731379260295,0
5b173c7a2bdf99a46ab24da2,cpu-rwm-sequential,1,657,-6.3711731379260295,0
5b173c7a2bdf99a46ab24da2,cpu-rwm-sequential,1,658,-6.3711731379260295,0
5b173c7a2bdf99a46ab24da2,cpu-rwm-sequential,1,659,-5.3590170348571355,0
5b173c7a2bdf99a46ab24da2,cpu-rwm-sequential,1,660,-5.3590170348571355,0
5b173c7a2bdf99a46ab24da2,cpu-rwm-sequential,1,661,-5.839102134940027,0
5b173c7a2bdf99a46ab24da2,cpu-rwm-sequential,1,662,-5.010451073116237,0
5b173c7a2bdf99a46ab24da2,cpu-rwm-sequential,1,663,-5.010451073116237,0
5b173c7a2bdf99a46ab24da2,cpu-rwm-sequential,1,664,-5.010451073116237,0
5b173c7a2bdf99a46ab24da2,cpu-rwm-sequential,1,665,-5.010451073116237,0
5b173c7a2bdf99a46ab24da2,cpu-rwm-sequential,1,666,-5.010451073116237,0
5b173c7a2bdf99a46ab24da2,cpu-rwm-sequential,1,667,-6.1335521892900395,0
5b173c7a2bdf99a46ab24da2,cpu-rwm-sequential,1,668,-6.1335521892900395,0
5b173c7a2bdf99a46ab24da2,cpu-rwm-sequential,1,669,-6.622018479420912,0
5b173c7a2bdf99a46ab24da2,cpu-rwm-sequential,1,670,-6.760531324000917,0
5b173c7a2bdf99a46ab24da2,cpu-rwm-sequential,1,671,-6.150285000143831,0
5b173c7a2bdf99a46ab24da2,cpu-rwm-sequential,1,672,-6.150285000143831,0
5b173c7a2bdf99a46ab24da2,cpu-rwm-sequential,1,673,-6.150285000143831,0
5b173c7a2bdf99a46ab24da2,cpu-rwm-sequential,1,674,-5.773504200255671,0
5b173c7a2bdf99a46ab24da2,cpu-rwm-sequential,1,675,-5.773504200255671,0
5b173c7a2bdf99a46ab24da2,cpu-rwm-sequential,1,676,-5.773504200255671,0
5b173c7a2bdf99a46ab24da2,cpu-rwm-sequential,1,677,-5.773504200255671,0
5b173c7a2bdf99a46ab24da2,cpu-rwm-sequential,1,678,-5.773504200255671,0
5b173c7a2bdf99a46ab24da2,cpu-rwm-sequential,1,679,-5.773504200255671,0
5b173c7a2bdf99a46ab24da2,cpu-rwm-sequential,1,680,-5.773504200255671,0
5b173c7a2bdf99a46ab24da2,cpu-rwm-sequential,1,681,-5.041566557975595,0
5b173c7a2bdf99a46ab24da2,cpu-rwm-sequential,1,682,-5.632407961635956,0
5b173c7a2bdf99a46ab24da2,cpu-rwm-sequential,1,683,-5.632407961635956,0
5b173c7a2bdf99a46ab24da2,cpu-rwm-sequential,1,684,-5.632407961635956,0
5b173c7a2bdf99a46ab24da2,cpu-rwm-sequential,1,685,-5.632407961635956,0
5b173c7a2bdf99a46ab24da2,cpu-rwm-sequential,1,686,-5.632407961635956,0
5b173c7a2bdf99a46ab24da2,cpu-rwm-sequential,1,687,-5.632407961635956,0
5b173c7a2bdf99a46ab24da2,cpu-rwm-sequential,1,688,-4.237300463545617,0
5b173c7a2bdf99a46ab24da2,cpu-rwm-sequential,1,689,-4.237300463545617,0
5b173c7a2bdf99a46ab24da2,cpu-rwm-sequential,1,690,-4.237300463545617,0
5b173c7a2bdf99a46ab24da2,cpu-rwm-sequential,1,691,-4.237300463545617,0
5b173c7a2bdf99a46ab24da2,cpu-rwm-sequential,1,692,-4.237300463545617,0
5b173c7a2bdf99a46ab24da2,cpu-rwm-sequential,1,693,-4.211335461412661,0
5b173c7a2bdf99a46ab24da2,cpu-rwm-sequential,1,694,-4.211335461412661,0
5b173c7a2bdf99a46ab24da2,cpu-rwm-sequential,1,695,-4.211335461412661,0
5b173c7a2bdf99a46ab24da2,cpu-rwm-sequential,1,696,-4.211335461412661,0
5b173c7a2bdf99a46ab24da2,cpu-rwm-sequential,1,697,-4.211335461412661,0
5b173c7a2bdf99a46ab24da2,cpu-rwm-sequential,1,698,-4.211335461412661,0
5b173c7a2bdf99a46ab24da2,cpu-rwm-sequential,1,699,-4.211335461412661,0
5b173c7a2bdf99a46ab24da2,cpu-rwm-sequential,1,700,-4.4372440321861255,0
5b173c7a2bdf99a46ab24da2,cpu-rwm-sequential,1,701,-4.4372440321861255,0
5b173c7a2bdf99a46ab24da2,cpu-rwm-sequential,1,702,-4.4372440321861255,0
5b173c7a2bdf99a46ab24da2,cpu-rwm-sequential,1,703,-4.4372440321861255,0
5b173c7a2bdf99a46ab24da2,cpu-rwm-sequential,1,704,-4.4372440321861255,0
5b173c7a2bdf99a46ab24da2,cpu-rwm-sequential,1,705,-5.1788787066878355,0
5b173c7a2bdf99a46ab24da2,cpu-rwm-sequential,1,706,-4.994027037521346,0
5b173c7a2bdf99a46ab24da2,cpu-rwm-sequential,1,707,-4.662649429316721,0
5b173c7a2bdf99a46ab24da2,cpu-rwm-sequential,1,708,-4.662649429316721,0
5b173c7a2bdf99a46ab24da2,cpu-rwm-sequential,1,709,-4.662649429316721,0
5b173c7a2bdf99a46ab24da2,cpu-rwm-sequential,1,710,-4.807058735494092,0
5b173c7a2bdf99a46ab24da2,cpu-rwm-sequential,1,711,-4.807058735494092,0
5b173c7a2bdf99a46ab24da2,cpu-rwm-sequential,1,712,-4.807058735494092,0
5b173c7a2bdf99a46ab24da2,cpu-rwm-sequential,1,713,-4.807058735494092,0
5b173c7a2bdf99a46ab24da2,cpu-rwm-sequential,1,714,-3.6585783963521887,0
5b173c7a2bdf99a46ab24da2,cpu-rwm-sequential,1,715,-3.6585783963521887,0
5b173c7a2bdf99a46ab24da2,cpu-rwm-sequential,1,716,-3.6585783963521887,0
5b173c7a2bdf99a46ab24da2,cpu-rwm-sequential,1,717,-3.6585783963521887,0
5b173c7a2bdf99a46ab24da2,cpu-rwm-sequential,1,718,-3.6585783963521887,0
5b173c7a2bdf99a46ab24da2,cpu-rwm-sequential,1,719,-3.6585783963521887,0
5b173c7a2bdf99a46ab24da2,cpu-rwm-sequential,1,720,-3.6585783963521887,0
5b173c7a2bdf99a46ab24da2,cpu-rwm-sequential,1,721,-3.6585783963521887,0
5b173c7a2bdf99a46ab24da2,cpu-rwm-sequential,1,722,-3.6585783963521887,0
5b173c7a2bdf99a46ab24da2,cpu-rwm-sequential,1,723,-3.6585783963521887,0
5b173c7a2bdf99a46ab24da2,cpu-rwm-sequential,1,724,-3.6585783963521887,0
5b173c7a2bdf99a46ab24da2,cpu-rwm-sequential,1,725,-3.6585783963521887,0
5b173c7a2bdf99a46ab24da2,cpu-rwm-sequential,1,726,-3.6585783963521887,0
5b173c7a2bdf99a46ab24da2,cpu-rwm-sequential,1,727,-3.408852255254062,0
5b173c7a2bdf99a46ab24da2,cpu-rwm-sequential,1,728,-3.408852255254062,0
5b173c7a2bdf99a46ab24da2,cpu-rwm-sequential,1,729,-3.408852255254062,0
5b173c7a2bdf99a46ab24da2,cpu-rwm-sequential,1,730,-3.408852255254062,0
5b173c7a2bdf99a46ab24da2,cpu-rwm-sequential,1,731,-3.811106749883853,0
5b173c7a2bdf99a46ab24da2,cpu-rwm-sequential,1,732,-3.811106749883853,0
5b173c7a2bdf99a46ab24da2,cpu-rwm-sequential,1,733,-3.811106749883853,0
5b173c7a2bdf99a46ab24da2,cpu-rwm-sequential,1,734,-3.8608489179917185,0
5b173c7a2bdf99a46ab24da2,cpu-rwm-sequential,1,735,-3.8608489179917185,0
5b173c7a2bdf99a46ab24da2,cpu-rwm-sequential,1,736,-3.8608489179917185,0
5b173c7a2bdf99a46ab24da2,cpu-rwm-sequential,1,737,-3.8608489179917185,0
5b173c7a2bdf99a46ab24da2,cpu-rwm-sequential,1,738,-3.8608489179917185,0
5b173c7a2bdf99a46ab24da2,cpu-rwm-sequential,1,739,-4.86497173163073,0
5b173c7a2bdf99a46ab24da2,cpu-rwm-sequential,1,740,-4.86497173163073,0
5b173c7a2bdf99a46ab24da2,cpu-rwm-sequential,1,741,-4.573424811653058,0
5b173c7a2bdf99a46ab24da2,cpu-rwm-sequential,1,742,-4.573424811653058,0
5b173c7a2bdf99a46ab24da2,cpu-rwm-sequential,1,743,-5.346483188073177,0
5b173c7a2bdf99a46ab24da2,cpu-rwm-sequential,1,744,-5.346483188073177,0
5b173c7a2bdf99a46ab24da2,cpu-rwm-sequential,1,745,-5.346483188073177,0
5b173c7a2bdf99a46ab24da2,cpu-rwm-sequential,1,746,-5.346483188073177,0
5b173c7a2bdf99a46ab24da2,cpu-rwm-sequential,1,747,-4.388023313245592,0
5b173c7a2bdf99a46ab24da2,cpu-rwm-sequential,1,748,-4.690792082352952,0
5b173c7a2bdf99a46ab24da2,cpu-rwm-sequential,1,749,-4.690792082352952,0
5b173c7a2bdf99a46ab24da2,cpu-rwm-sequential,1,750,-4.690792082352952,0
5b173c7a2bdf99a46ab24da2,cpu-rwm-sequential,1,751,-5.224266433708787,0
5b173c7a2bdf99a46ab24da2,cpu-rwm-sequential,1,752,-5.051207516282034,0
5b173c7a2bdf99a46ab24da2,cpu-rwm-sequential,1,753,-5.051207516282034,0
5b173c7a2bdf99a46ab24da2,cpu-rwm-sequential,1,754,-5.051207516282034,0
5b173c7a2bdf99a46ab24da2,cpu-rwm-sequential,1,755,-5.051207516282034,0
5b173c7a2bdf99a46ab24da2,cpu-rwm-sequential,1,756,-5.051207516282034,0
5b173c7a2bdf99a46ab24da2,cpu-rwm-sequential,1,757,-5.051207516282034,0
5b173c7a2bdf99a46ab24da2,cpu-rwm-sequential,1,758,-5.051207516282034,0
5b173c7a2bdf99a46ab24da2,cpu-rwm-sequential,1,759,-5.051207516282034,0
5b173c7a2bdf99a46ab24da2,cpu-rwm-sequential,1,760,-5.434229981547601,0
5b173c7a2bdf99a46ab24da2,cpu-rwm-sequential,1,761,-5.434229981547601,0
5b173c7a2bdf99a46ab24da2,cpu-rwm-sequential,1,762,-5.7890715356457845,0
5b173c7a2bdf99a46ab24da2,cpu-rwm-sequential,1,763,-5.7890715356457845,0
5b173c7a2bdf99a46ab24da2,cpu-rwm-sequential,1,764,-5.7890715356457845,0
5b173c7a2bdf99a46ab24da2,cpu-rwm-sequential,1,765,-5.7890715356457845,0
5b173c7a2bdf99a46ab24da2,cpu-rwm-sequential,1,766,-5.757186677950184,0
5b173c7a2bdf99a46ab24da2,cpu-rwm-sequential,1,767,-5.5166150085658305,0
5b173c7a2bdf99a46ab24da2,cpu-rwm-sequential,1,768,-5.5166150085658305,0
5b173c7a2bdf99a46ab24da2,cpu-rwm-sequential,1,769,-5.5166150085658305,0
5b173c7a2bdf99a46ab24da2,cpu-rwm-sequential,1,770,-5.5166150085658305,0
5b173c7a2bdf99a46ab24da2,cpu-rwm-sequential,1,771,-5.5166150085658305,0
5b173c7a2bdf99a46ab24da2,cpu-rwm-sequential,1,772,-5.5166150085658305,0
5b173c7a2bdf99a46ab24da2,cpu-rwm-sequential,1,773,-5.970540117177202,0
5b173c7a2bdf99a46ab24da2,cpu-rwm-sequential,1,774,-5.970540117177202,0
5b173c7a2bdf99a46ab24da2,cpu-rwm-sequential,1,775,-5.466781241491523,0
5b173c7a2bdf99a46ab24da2,cpu-rwm-sequential,1,776,-5.060605887309985,0
5b173c7a2bdf99a46ab24da2,cpu-rwm-sequential,1,777,-5.060605887309985,0
5b173c7a2bdf99a46ab24da2,cpu-rwm-sequential,1,778,-4.928727348910174,0
5b173c7a2bdf99a46ab24da2,cpu-rwm-sequential,1,779,-4.928727348910174,0
5b173c7a2bdf99a46ab24da2,cpu-rwm-sequential,1,780,-4.928727348910174,0
5b173c7a2bdf99a46ab24da2,cpu-rwm-sequential,1,781,-4.928727348910174,0
5b173c7a2bdf99a46ab24da2,cpu-rwm-sequential,1,782,-4.928727348910174,0
5b173c7a2bdf99a46ab24da2,cpu-rwm-sequential,1,783,-4.928727348910174,0
5b173c7a2bdf99a46ab24da2,cpu-rwm-sequential,1,784,-4.928727348910174,0
5b173c7a2bdf99a46ab24da2,cpu-rwm-sequential,1,785,-4.228627966004753,0
5b173c7a2bdf99a46ab24da2,cpu-rwm-sequential,1,786,-4.228627966004753,0
5b173c7a2bdf99a46ab24da2,cpu-rwm-sequential,1,787,-5.568305937537492,0
5b173c7a2bdf99a46ab24da2,cpu-rwm-sequential,1,788,-5.296809051791017,0
5b173c7a2bdf99a46ab24da2,cpu-rwm-sequential,1,789,-5.296809051791017,0
5b173c7a2bdf99a46ab24da2,cpu-rwm-sequential,1,790,-5.296809051791017,0
5b173c7a2bdf99a46ab24da2,cpu-rwm-sequential,1,791,-5.296809051791017,0
5b173c7a2bdf99a46ab24da2,cpu-rwm-sequential,1,792,-5.296809051791017,0
5b173c7a2bdf99a46ab24da2,cpu-rwm-sequential,1,793,-5.296809051791017,0
5b173c7a2bdf99a46ab24da2,cpu-rwm-sequential,1,794,-5.296809051791017,0
5b173c7a2bdf99a46ab24da2,cpu-rwm-sequential,1,795,-5.296809051791017,0
5b173c7a2bdf99a46ab24da2,cpu-rwm-sequential,1,796,-5.296809051791017,0
5b173c7a2bdf99a46ab24da2,cpu-rwm-sequential,1,797,-5.296809051791017,0
5b173c7a2bdf99a46ab24da2,cpu-rwm-sequential,1,798,-5.296809051791017,0
5b173c7a2bdf99a46ab24da2,cpu-rwm-sequential,1,799,-5.166389439771805,0
5b173c7a2bdf99a46ab24da2,cpu-rwm-sequential,1,800,-5.166389439771805,0
5b173c7a2bdf99a46ab24da2,cpu-rwm-sequential,1,801,-5.166389439771805,0
5b173c7a2bdf99a46ab24da2,cpu-rwm-sequential,1,802,-5.166389439771805,0
5b173c7a2bdf99a46ab24da2,cpu-rwm-sequential,1,803,-5.166389439771805,0
5b173c7a2bdf99a46ab24da2,cpu-rwm-sequential,1,804,-6.100283675821279,0
5b173c7a2bdf99a46ab24da2,cpu-rwm-sequential,1,805,-6.100283675821279,0
5b173c7a2bdf99a46ab24da2,cpu-rwm-sequential,1,806,-6.100283675821279,0
5b173c7a2bdf99a46ab24da2,cpu-rwm-sequential,1,807,-6.100283675821279,0
5b173c7a2bdf99a46ab24da2,cpu-rwm-sequential,1,808,-6.100283675821279,0
5b173c7a2bdf99a46ab24da2,cpu-rwm-sequential,1,809,-5.790144488778972,0
5b173c7a2bdf99a46ab24da2,cpu-rwm-sequential,1,810,-5.790144488778972,0
5b173c7a2bdf99a46ab24da2,cpu-rwm-sequential,1,811,-5.790144488778972,0
5b173c7a2bdf99a46ab24da2,cpu-rwm-sequential,1,812,-4.832176081532614,0
5b173c7a2bdf99a46ab24da2,cpu-rwm-sequential,1,813,-4.832176081532614,0
5b173c7a2bdf99a46ab24da2,cpu-rwm-sequential,1,814,-4.832176081532614,0
5b173c7a2bdf99a46ab24da2,cpu-rwm-sequential,1,815,-4.832176081532614,0
5b173c7a2bdf99a46ab24da2,cpu-rwm-sequential,1,816,-5.4105638754556695,0
5b173c7a2bdf99a46ab24da2,cpu-rwm-sequential,1,817,-5.642195178606887,0
5b173c7a2bdf99a46ab24da2,cpu-rwm-sequential,1,818,-5.642195178606887,0
5b173c7a2bdf99a46ab24da2,cpu-rwm-sequential,1,819,-5.642195178606887,0
5b173c7a2bdf99a46ab24da2,cpu-rwm-sequential,1,820,-4.64713311357429,0
5b173c7a2bdf99a46ab24da2,cpu-rwm-sequential,1,821,-4.64713311357429,0
5b173c7a2bdf99a46ab24da2,cpu-rwm-sequential,1,822,-4.64713311357429,0
5b173c7a2bdf99a46ab24da2,cpu-rwm-sequential,1,823,-4.64713311357429,0
5b173c7a2bdf99a46ab24da2,cpu-rwm-sequential,1,824,-4.64713311357429,0
5b173c7a2bdf99a46ab24da2,cpu-rwm-sequential,1,825,-6.145724512071003,0
5b173c7a2bdf99a46ab24da2,cpu-rwm-sequential,1,826,-6.145724512071003,0
5b173c7a2bdf99a46ab24da2,cpu-rwm-sequential,1,827,-6.145724512071003,0
5b173c7a2bdf99a46ab24da2,cpu-rwm-sequential,1,828,-6.145724512071003,0
5b173c7a2bdf99a46ab24da2,cpu-rwm-sequential,1,829,-6.145724512071003,0
5b173c7a2bdf99a46ab24da2,cpu-rwm-sequential,1,830,-6.145724512071003,0
5b173c7a2bdf99a46ab24da2,cpu-rwm-sequential,1,831,-6.145724512071003,0
5b173c7a2bdf99a46ab24da2,cpu-rwm-sequential,1,832,-6.145724512071003,0
5b173c7a2bdf99a46ab24da2,cpu-rwm-sequential,1,833,-6.145724512071003,0
5b173c7a2bdf99a46ab24da2,cpu-rwm-sequential,1,834,-6.145724512071003,0
5b173c7a2bdf99a46ab24da2,cpu-rwm-sequential,1,835,-6.145724512071003,0
5b173c7a2bdf99a46ab24da2,cpu-rwm-sequential,1,836,-6.145724512071003,0
5b173c7a2bdf99a46ab24da2,cpu-rwm-sequential,1,837,-5.401718705834738,0
5b173c7a2bdf99a46ab24da2,cpu-rwm-sequential,1,838,-5.38006609681038,0
5b173c7a2bdf99a46ab24da2,cpu-rwm-sequential,1,839,-5.251290106676953,0
5b173c7a2bdf99a46ab24da2,cpu-rwm-sequential,1,840,-5.251290106676953,0
5b173c7a2bdf99a46ab24da2,cpu-rwm-sequential,1,841,-5.251290106676953,0
5b173c7a2bdf99a46ab24da2,cpu-rwm-sequential,1,842,-4.953218546896209,0
5b173c7a2bdf99a46ab24da2,cpu-rwm-sequential,1,843,-5.808166627329333,0
5b173c7a2bdf99a46ab24da2,cpu-rwm-sequential,1,844,-5.808166627329333,0
5b173c7a2bdf99a46ab24da2,cpu-rwm-sequential,1,845,-5.808166627329333,0
5b173c7a2bdf99a46ab24da2,cpu-rwm-sequential,1,846,-3.5894281193893516,0
5b173c7a2bdf99a46ab24da2,cpu-rwm-sequential,1,847,-3.5894281193893516,0
5b173c7a2bdf99a46ab24da2,cpu-rwm-sequential,1,848,-3.6819644465211,0
5b173c7a2bdf99a46ab24da2,cpu-rwm-sequential,1,849,-3.6819644465211,0
5b173c7a2bdf99a46ab24da2,cpu-rwm-sequential,1,850,-3.6819644465211,0
5b173c7a2bdf99a46ab24da2,cpu-rwm-sequential,1,851,-3.6819644465211,0
5b173c7a2bdf99a46ab24da2,cpu-rwm-sequential,1,852,-3.6819644465211,0
5b173c7a2bdf99a46ab24da2,cpu-rwm-sequential,1,853,-3.8719451937170044,0
5b173c7a2bdf99a46ab24da2,cpu-rwm-sequential,1,854,-3.763783848647538,0
5b173c7a2bdf99a46ab24da2,cpu-rwm-sequential,1,855,-3.763783848647538,0
5b173c7a2bdf99a46ab24da2,cpu-rwm-sequential,1,856,-3.763783848647538,0
5b173c7a2bdf99a46ab24da2,cpu-rwm-sequential,1,857,-3.763783848647538,0
5b173c7a2bdf99a46ab24da2,cpu-rwm-sequential,1,858,-3.763783848647538,0
5b173c7a2bdf99a46ab24da2,cpu-rwm-sequential,1,859,-3.763783848647538,0
5b173c7a2bdf99a46ab24da2,cpu-rwm-sequential,1,860,-3.763783848647538,0
5b173c7a2bdf99a46ab24da2,cpu-rwm-sequential,1,861,-3.763783848647538,0
5b173c7a2bdf99a46ab24da2,cpu-rwm-sequential,1,862,-3.763783848647538,0
5b173c7a2bdf99a46ab24da2,cpu-rwm-sequential,1,863,-3.166459126778803,0
5b173c7a2bdf99a46ab24da2,cpu-rwm-sequential,1,864,-3.166459126778803,0
5b173c7a2bdf99a46ab24da2,cpu-rwm-sequential,1,865,-3.166459126778803,0
5b173c7a2bdf99a46ab24da2,cpu-rwm-sequential,1,866,-3.166459126778803,0
5b173c7a2bdf99a46ab24da2,cpu-rwm-sequential,1,867,-3.166459126778803,0
5b173c7a2bdf99a46ab24da2,cpu-rwm-sequential,1,868,-4.012382017585451,0
5b173c7a2bdf99a46ab24da2,cpu-rwm-sequential,1,869,-4.012382017585451,0
5b173c7a2bdf99a46ab24da2,cpu-rwm-sequential,1,870,-4.012382017585451,0
5b173c7a2bdf99a46ab24da2,cpu-rwm-sequential,1,871,-4.012382017585451,0
5b173c7a2bdf99a46ab24da2,cpu-rwm-sequential,1,872,-4.012382017585451,0
5b173c7a2bdf99a46ab24da2,cpu-rwm-sequential,1,873,-4.012382017585451,0
5b173c7a2bdf99a46ab24da2,cpu-rwm-sequential,1,874,-4.136234984178854,0
5b173c7a2bdf99a46ab24da2,cpu-rwm-sequential,1,875,-4.29331611897795,0
5b173c7a2bdf99a46ab24da2,cpu-rwm-sequential,1,876,-5.1146439237804495,0
5b173c7a2bdf99a46ab24da2,cpu-rwm-sequential,1,877,-6.124752819982375,0
5b173c7a2bdf99a46ab24da2,cpu-rwm-sequential,1,878,-6.2062058563349485,0
5b173c7a2bdf99a46ab24da2,cpu-rwm-sequential,1,879,-6.2062058563349485,0
5b173c7a2bdf99a46ab24da2,cpu-rwm-sequential,1,880,-6.2062058563349485,0
5b173c7a2bdf99a46ab24da2,cpu-rwm-sequential,1,881,-6.2062058563349485,0
5b173c7a2bdf99a46ab24da2,cpu-rwm-sequential,1,882,-6.2062058563349485,0
5b173c7a2bdf99a46ab24da2,cpu-rwm-sequential,1,883,-6.2062058563349485,0
5b173c7a2bdf99a46ab24da2,cpu-rwm-sequential,1,884,-6.2062058563349485,0
5b173c7a2bdf99a46ab24da2,cpu-rwm-sequential,1,885,-5.556823431580845,0
5b173c7a2bdf99a46ab24da2,cpu-rwm-sequential,1,886,-5.556823431580845,0
5b173c7a2bdf99a46ab24da2,cpu-rwm-sequential,1,887,-5.556823431580845,0
5b173c7a2bdf99a46ab24da2,cpu-rwm-sequential,1,888,-5.556823431580845,0
5b173c7a2bdf99a46ab24da2,cpu-rwm-sequential,1,889,-5.556823431580845,0
5b173c7a2bdf99a46ab24da2,cpu-rwm-sequential,1,890,-5.556823431580845,0
5b173c7a2bdf99a46ab24da2,cpu-rwm-sequential,1,891,-5.556823431580845,0
5b173c7a2bdf99a46ab24da2,cpu-rwm-sequential,1,892,-5.556823431580845,0
5b173c7a2bdf99a46ab24da2,cpu-rwm-sequential,1,893,-5.66293232944291,0
5b173c7a2bdf99a46ab24da2,cpu-rwm-sequential,1,894,-5.66293232944291,0
5b173c7a2bdf99a46ab24da2,cpu-rwm-sequential,1,895,-4.365497124318948,0
5b173c7a2bdf99a46ab24da2,cpu-rwm-sequential,1,896,-3.4807929112010507,0
5b173c7a2bdf99a46ab24da2,cpu-rwm-sequential,1,897,-2.830422950396545,0
5b173c7a2bdf99a46ab24da2,cpu-rwm-sequential,1,898,-2.8298525524462335,0
5b173c7a2bdf99a46ab24da2,cpu-rwm-sequential,1,899,-3.758025521557827,0
5b173c7a2bdf99a46ab24da2,cpu-rwm-sequential,1,900,-3.758025521557827,0
5b173c7a2bdf99a46ab24da2,cpu-rwm-sequential,1,901,-3.758025521557827,0
5b173c7a2bdf99a46ab24da2,cpu-rwm-sequential,1,902,-4.239676783344188,0
5b173c7a2bdf99a46ab24da2,cpu-rwm-sequential,1,903,-5.139053304566424,0
5b173c7a2bdf99a46ab24da2,cpu-rwm-sequential,1,904,-6.326200695106588,0
5b173c7a2bdf99a46ab24da2,cpu-rwm-sequential,1,905,-6.326200695106588,0
5b173c7a2bdf99a46ab24da2,cpu-rwm-sequential,1,906,-6.326200695106588,0
5b173c7a2bdf99a46ab24da2,cpu-rwm-sequential,1,907,-6.326200695106588,0
5b173c7a2bdf99a46ab24da2,cpu-rwm-sequential,1,908,-6.326200695106588,0
5b173c7a2bdf99a46ab24da2,cpu-rwm-sequential,1,909,-5.180433476511358,0
5b173c7a2bdf99a46ab24da2,cpu-rwm-sequential,1,910,-5.180433476511358,0
5b173c7a2bdf99a46ab24da2,cpu-rwm-sequential,1,911,-5.180433476511358,0
5b173c7a2bdf99a46ab24da2,cpu-rwm-sequential,1,912,-5.866267110158653,0
5b173c7a2bdf99a46ab24da2,cpu-rwm-sequential,1,913,-5.866267110158653,0
5b173c7a2bdf99a46ab24da2,cpu-rwm-sequential,1,914,-4.729755843982176,0
5b173c7a2bdf99a46ab24da2,cpu-rwm-sequential,1,915,-4.729755843982176,0
5b173c7a2bdf99a46ab24da2,cpu-rwm-sequential,1,916,-4.729755843982176,0
5b173c7a2bdf99a46ab24da2,cpu-rwm-sequential,1,917,-4.729755843982176,0
5b173c7a2bdf99a46ab24da2,cpu-rwm-sequential,1,918,-4.729755843982176,0
5b173c7a2bdf99a46ab24da2,cpu-rwm-sequential,1,919,-4.729755843982176,0
5b173c7a2bdf99a46ab24da2,cpu-rwm-sequential,1,920,-4.729755843982176,0
5b173c7a2bdf99a46ab24da2,cpu-rwm-sequential,1,921,-4.729755843982176,0
5b173c7a2bdf99a46ab24da2,cpu-rwm-sequential,1,922,-4.729755843982176,0
5b173c7a2bdf99a46ab24da2,cpu-rwm-sequential,1,923,-4.899105717437576,0
5b173c7a2bdf99a46ab24da2,cpu-rwm-sequential,1,924,-4.899105717437576,0
5b173c7a2bdf99a46ab24da2,cpu-rwm-sequential,1,925,-4.899105717437576,0
5b173c7a2bdf99a46ab24da2,cpu-rwm-sequential,1,926,-4.899105717437576,0
5b173c7a2bdf99a46ab24da2,cpu-rwm-sequential,1,927,-4.852102594581533,0
5b173c7a2bdf99a46ab24da2,cpu-rwm-sequential,1,928,-4.480765169217073,0
5b173c7a2bdf99a46ab24da2,cpu-rwm-sequential,1,929,-4.480765169217073,0
5b173c7a2bdf99a46ab24da2,cpu-rwm-sequential,1,930,-4.7445477564083,0
5b173c7a2bdf99a46ab24da2,cpu-rwm-sequential,1,931,-5.3998612472425584,0
5b173c7a2bdf99a46ab24da2,cpu-rwm-sequential,1,932,-5.3998612472425584,0
5b173c7a2bdf99a46ab24da2,cpu-rwm-sequential,1,933,-5.3998612472425584,0
5b173c7a2bdf99a46ab24da2,cpu-rwm-sequential,1,934,-5.3998612472425584,0
5b173c7a2bdf99a46ab24da2,cpu-rwm-sequential,1,935,-5.023083214952429,0
5b173c7a2bdf99a46ab24da2,cpu-rwm-sequential,1,936,-5.023083214952429,0
5b173c7a2bdf99a46ab24da2,cpu-rwm-sequential,1,937,-5.724944358591373,0
5b173c7a2bdf99a46ab24da2,cpu-rwm-sequential,1,938,-5.309144423238912,0
5b173c7a2bdf99a46ab24da2,cpu-rwm-sequential,1,939,-5.309144423238912,0
5b173c7a2bdf99a46ab24da2,cpu-rwm-sequential,1,940,-5.309144423238912,0
5b173c7a2bdf99a46ab24da2,cpu-rwm-sequential,1,941,-5.2101901316067805,0
5b173c7a2bdf99a46ab24da2,cpu-rwm-sequential,1,942,-4.518787676589973,0
5b173c7a2bdf99a46ab24da2,cpu-rwm-sequential,1,943,-4.518787676589973,0
5b173c7a2bdf99a46ab24da2,cpu-rwm-sequential,1,944,-4.518787676589973,0
5b173c7a2bdf99a46ab24da2,cpu-rwm-sequential,1,945,-4.518787676589973,0
5b173c7a2bdf99a46ab24da2,cpu-rwm-sequential,1,946,-4.861055458824445,0
5b173c7a2bdf99a46ab24da2,cpu-rwm-sequential,1,947,-4.861055458824445,0
5b173c7a2bdf99a46ab24da2,cpu-rwm-sequential,1,948,-4.861055458824445,0
5b173c7a2bdf99a46ab24da2,cpu-rwm-sequential,1,949,-4.861055458824445,0
5b173c7a2bdf99a46ab24da2,cpu-rwm-sequential,1,950,-4.861055458824445,0
5b173c7a2bdf99a46ab24da2,cpu-rwm-sequential,1,951,-4.201280689723639,0
5b173c7a2bdf99a46ab24da2,cpu-rwm-sequential,1,952,-4.201280689723639,0
5b173c7a2bdf99a46ab24da2,cpu-rwm-sequential,1,953,-4.201280689723639,0
5b173c7a2bdf99a46ab24da2,cpu-rwm-sequential,1,954,-4.352481678223662,0
5b173c7a2bdf99a46ab24da2,cpu-rwm-sequential,1,955,-4.352481678223662,0
5b173c7a2bdf99a46ab24da2,cpu-rwm-sequential,1,956,-4.352481678223662,0
5b173c7a2bdf99a46ab24da2,cpu-rwm-sequential,1,957,-4.352481678223662,0
5b173c7a2bdf99a46ab24da2,cpu-rwm-sequential,1,958,-4.1371793567937765,0
5b173c7a2bdf99a46ab24da2,cpu-rwm-sequential,1,959,-4.1371793567937765,0
5b173c7a2bdf99a46ab24da2,cpu-rwm-sequential,1,960,-4.1371793567937765,0
5b173c7a2bdf99a46ab24da2,cpu-rwm-sequential,1,961,-4.1371793567937765,0
5b173c7a2bdf99a46ab24da2,cpu-rwm-sequential,1,962,-4.1371793567937765,0
5b173c7a2bdf99a46ab24da2,cpu-rwm-sequential,1,963,-4.1371793567937765,0
5b173c7a2bdf99a46ab24da2,cpu-rwm-sequential,1,964,-5.188147915283316,0
5b173c7a2bdf99a46ab24da2,cpu-rwm-sequential,1,965,-5.188147915283316,0
5b173c7a2bdf99a46ab24da2,cpu-rwm-sequential,1,966,-5.188147915283316,0
5b173c7a2bdf99a46ab24da2,cpu-rwm-sequential,1,967,-5.188147915283316,0
5b173c7a2bdf99a46ab24da2,cpu-rwm-sequential,1,968,-5.188147915283316,0
5b173c7a2bdf99a46ab24da2,cpu-rwm-sequential,1,969,-5.188147915283316,0
5b173c7a2bdf99a46ab24da2,cpu-rwm-sequential,1,970,-5.188147915283316,0
5b173c7a2bdf99a46ab24da2,cpu-rwm-sequential,1,971,-5.33299705215893,0
5b173c7a2bdf99a46ab24da2,cpu-rwm-sequential,1,972,-4.736085153515428,0
5b173c7a2bdf99a46ab24da2,cpu-rwm-sequential,1,973,-4.736085153515428,0
5b173c7a2bdf99a46ab24da2,cpu-rwm-sequential,1,974,-4.736085153515428,0
5b173c7a2bdf99a46ab24da2,cpu-rwm-sequential,1,975,-4.736085153515428,0
5b173c7a2bdf99a46ab24da2,cpu-rwm-sequential,1,976,-4.736085153515428,0
5b173c7a2bdf99a46ab24da2,cpu-rwm-sequential,1,977,-4.035329143344604,0
5b173c7a2bdf99a46ab24da2,cpu-rwm-sequential,1,978,-4.035329143344604,0
5b173c7a2bdf99a46ab24da2,cpu-rwm-sequential,1,979,-4.035329143344604,0
5b173c7a2bdf99a46ab24da2,cpu-rwm-sequential,1,980,-4.035329143344604,0
5b173c7a2bdf99a46ab24da2,cpu-rwm-sequential,1,981,-3.1556482885046666,0
5b173c7a2bdf99a46ab24da2,cpu-rwm-sequential,1,982,-3.1556482885046666,0
5b173c7a2bdf99a46ab24da2,cpu-rwm-sequential,1,983,-3.1556482885046666,0
5b173c7a2bdf99a46ab24da2,cpu-rwm-sequential,1,984,-3.1556482885046666,0
5b173c7a2bdf99a46ab24da2,cpu-rwm-sequential,1,985,-3.1549606170778426,0
5b173c7a2bdf99a46ab24da2,cpu-rwm-sequential,1,986,-3.1549606170778426,0
5b173c7a2bdf99a46ab24da2,cpu-rwm-sequential,1,987,-3.1549606170778426,0
5b173c7a2bdf99a46ab24da2,cpu-rwm-sequential,1,988,-2.879799081187395,0
5b173c7a2bdf99a46ab24da2,cpu-rwm-sequential,1,989,-2.879799081187395,0
5b173c7a2bdf99a46ab24da2,cpu-rwm-sequential,1,990,-3.4403390492984722,0
5b173c7a2bdf99a46ab24da2,cpu-rwm-sequential,1,991,-3.4403390492984722,0
5b173c7a2bdf99a46ab24da2,cpu-rwm-sequential,1,992,-3.4403390492984722,0
5b173c7a2bdf99a46ab24da2,cpu-rwm-sequential,1,993,-3.2122719182335397,0
5b173c7a2bdf99a46ab24da2,cpu-rwm-sequential,1,994,-2.3596658484508355,0
5b173c7a2bdf99a46ab24da2,cpu-rwm-sequential,1,995,-2.3596658484508355,0
5b173c7a2bdf99a46ab24da2,cpu-rwm-sequential,1,996,-2.3596658484508355,0
5b173c7a2bdf99a46ab24da2,cpu-rwm-sequential,1,997,-2.3596658484508355,0
5b173c7a2bdf99a46ab24da2,cpu-rwm-sequential,1,998,-2.3596658484508355,0
5b173c7a2bdf99a46ab24da2,cpu-rwm-sequential,1,999,-3.278710842857971,0
5b173c7a2bdf99a46ab24da2,cpu-rwm-sequential,1,1000,-3.573102352802114,0
5b173c7a2bdf99a46ab24da2,cpu-rwm-sequential,1,1001,-4.375799244830794,0
5b173c7a2bdf99a46ab24da2,cpu-rwm-sequential,1,1002,-4.375799244830794,0
5b173c7a2bdf99a46ab24da2,cpu-rwm-sequential,1,1003,-4.375799244830794,0
5b173c7a2bdf99a46ab24da2,cpu-rwm-sequential,1,1004,-4.991948189024488,0
5b173c7a2bdf99a46ab24da2,cpu-rwm-sequential,1,1005,-4.991948189024488,0
5b173c7a2bdf99a46ab24da2,cpu-rwm-sequential,1,1006,-4.991948189024488,0
5b173c7a2bdf99a46ab24da2,cpu-rwm-sequential,1,1007,-4.991948189024488,0
5b173c7a2bdf99a46ab24da2,cpu-rwm-sequential,1,1008,-4.991948189024488,0
5b173c7a2bdf99a46ab24da2,cpu-rwm-sequential,1,1009,-4.774399793555412,0
5b173c7a2bdf99a46ab24da2,cpu-rwm-sequential,1,1010,-4.774399793555412,0
5b173c7a2bdf99a46ab24da2,cpu-rwm-sequential,1,1011,-4.774399793555412,0
5b173c7a2bdf99a46ab24da2,cpu-rwm-sequential,1,1012,-4.774399793555412,0
5b173c7a2bdf99a46ab24da2,cpu-rwm-sequential,1,1013,-4.25536422950643,0
5b173c7a2bdf99a46ab24da2,cpu-rwm-sequential,1,1014,-4.25536422950643,0
5b173c7a2bdf99a46ab24da2,cpu-rwm-sequential,1,1015,-4.25536422950643,0
5b173c7a2bdf99a46ab24da2,cpu-rwm-sequential,1,1016,-4.25536422950643,0
5b173c7a2bdf99a46ab24da2,cpu-rwm-sequential,1,1017,-4.25536422950643,0
5b173c7a2bdf99a46ab24da2,cpu-rwm-sequential,1,1018,-4.25536422950643,0
5b173c7a2bdf99a46ab24da2,cpu-rwm-sequential,1,1019,-4.25536422950643,0
5b173c7a2bdf99a46ab24da2,cpu-rwm-sequential,1,1020,-4.163035503826035,0
5b173c7a2bdf99a46ab24da2,cpu-rwm-sequential,1,1021,-4.309746993845474,0
5b173c7a2bdf99a46ab24da2,cpu-rwm-sequential,1,1022,-4.026263844093523,0
5b173c7a2bdf99a46ab24da2,cpu-rwm-sequential,1,1023,-5.45139286643628,0
5b173c7a2bdf99a46ab24da2,cpu-rwm-sequential,1,1024,-5.45139286643628,0
5b173c7a2bdf99a46ab24da2,cpu-rwm-sequential,2,1,3.3355074930044384,1
5b173c7a2bdf99a46ab24da2,cpu-rwm-sequential,2,2,3.3355074930044384,1
5b173c7a2bdf99a46ab24da2,cpu-rwm-sequential,2,3,3.3355074930044384,1
5b173c7a2bdf99a46ab24da2,cpu-rwm-sequential,2,4,3.3355074930044384,1
5b173c7a2bdf99a46ab24da2,cpu-rwm-sequential,2,5,5.004959528048615,1
5b173c7a2bdf99a46ab24da2,cpu-rwm-sequential,2,6,5.004959528048615,1
5b173c7a2bdf99a46ab24da2,cpu-rwm-sequential,2,7,4.716399528431109,1
5b173c7a2bdf99a46ab24da2,cpu-rwm-sequential,2,8,4.716399528431109,1
5b173c7a2bdf99a46ab24da2,cpu-rwm-sequential,2,9,5.528559061855506,1
5b173c7a2bdf99a46ab24da2,cpu-rwm-sequential,2,10,5.528559061855506,1
5b173c7a2bdf99a46ab24da2,cpu-rwm-sequential,2,11,5.528559061855506,1
5b173c7a2bdf99a46ab24da2,cpu-rwm-sequential,2,12,5.528559061855506,1
5b173c7a2bdf99a46ab24da2,cpu-rwm-sequential,2,13,5.528559061855506,1
5b173c7a2bdf99a46ab24da2,cpu-rwm-sequential,2,14,5.289012515840393,1
5b173c7a2bdf99a46ab24da2,cpu-rwm-sequential,2,15,5.289012515840393,1
5b173c7a2bdf99a46ab24da2,cpu-rwm-sequential,2,16,6.2669270597609135,1
5b173c7a2bdf99a46ab24da2,cpu-rwm-sequential,2,17,6.2669270597609135,1
5b173c7a2bdf99a46ab24da2,cpu-rwm-sequential,2,18,6.2669270597609135,1
5b173c7a2bdf99a46ab24da2,cpu-rwm-sequential,2,19,6.2669270597609135,1
5b173c7a2bdf99a46ab24da2,cpu-rwm-sequential,2,20,6.2669270597609135,1
5b173c7a2bdf99a46ab24da2,cpu-rwm-sequential,2,21,6.2669270597609135,1
5b173c7a2bdf99a46ab24da2,cpu-rwm-sequential,2,22,6.2669270597609135,1
5b173c7a2bdf99a46ab24da2,cpu-rwm-sequential,2,23,6.2669270597609135,1
5b173c7a2bdf99a46ab24da2,cpu-rwm-sequential,2,24,6.2669270597609135,1
5b173c7a2bdf99a46ab24da2,cpu-rwm-sequential,2,25,4.921273234683109,1
5b173c7a2bdf99a46ab24da2,cpu-rwm-sequential,2,26,4.346542676348054,1
5b173c7a2bdf99a46ab24da2,cpu-rwm-sequential,2,27,4.346542676348054,1
5b173c7a2bdf99a46ab24da2,cpu-rwm-sequential,2,28,4.346542676348054,1
5b173c7a2bdf99a46ab24da2,cpu-rwm-sequential,2,29,4.346542676348054,1
5b173c7a2bdf99a46ab24da2,cpu-rwm-sequential,2,30,4.346542676348054,1
5b173c7a2bdf99a46ab24da2,cpu-rwm-sequential,2,31,4.346542676348054,1
5b173c7a2bdf99a46ab24da2,cpu-rwm-sequential,2,32,4.930381214449539,1
5b173c7a2bdf99a46ab24da2,cpu-rwm-sequential,2,33,4.930381214449539,1
5b173c7a2bdf99a46ab24da2,cpu-rwm-sequential,2,34,3.9025143064265926,1
5b173c7a2bdf99a46ab24da2,cpu-rwm-sequential,2,35,4.811242363833225,1
5b173c7a2bdf99a46ab24da2,cpu-rwm-sequential,2,36,4.811242363833225,1
5b173c7a2bdf99a46ab24da2,cpu-rwm-sequential,2,37,4.811242363833225,1
5b173c7a2bdf99a46ab24da2,cpu-rwm-sequential,2,38,4.80443305972629,1
5b173c7a2bdf99a46ab24da2,cpu-rwm-sequential,2,39,4.80443305972629,1
5b173c7a2bdf99a46ab24da2,cpu-rwm-sequential,2,40,4.517362864922938,1
5b173c7a2bdf99a46ab24da2,cpu-rwm-sequential,2,41,4.517362864922938,1
5b173c7a2bdf99a46ab24da2,cpu-rwm-sequential,2,42,4.674442351426463,1
5b173c7a2bdf99a46ab24da2,cpu-rwm-sequential,2,43,4.674442351426463,1
5b173c7a2bdf99a46ab24da2,cpu-rwm-sequential,2,44,4.231047854895059,1
5b173c7a2bdf99a46ab24da2,cpu-rwm-sequential,2,45,4.582866382223922,1
5b173c7a2bdf99a46ab24da2,cpu-rwm-sequential,2,46,4.582866382223922,1
5b173c7a2bdf99a46ab24da2,cpu-rwm-sequential,2,47,4.582866382223922,1
5b173c7a2bdf99a46ab24da2,cpu-rwm-sequential,2,48,3.174702326337261,1
5b173c7a2bdf99a46ab24da2,cpu-rwm-sequential,2,49,3.385502150892768,1
5b173c7a2bdf99a46ab24da2,cpu-rwm-sequential,2,50,3.385502150892768,1
5b173c7a2bdf99a46ab24da2,cpu-rwm-sequential,2,51,3.385502150892768,1
5b173c7a2bdf99a46ab24da2,cpu-rwm-sequential,2,52,3.162326481323367,1
5b173c7a2bdf99a46ab24da2,cpu-rwm-sequential,2,53,1.6735549555562734,1
5b173c7a2bdf99a46ab24da2,cpu-rwm-sequential,2,54,1.6735549555562734,1
5b173c7a2bdf99a46ab24da2,cpu-rwm-sequential,2,55,1.6735549555562734,1
5b173c7a2bdf99a46ab24da2,cpu-rwm-sequential,2,56,1.6735549555562734,1
5b173c7a2bdf99a46ab24da2,cpu-rwm-sequential,2,57,2.500523366257503,1
5b173c7a2bdf99a46ab24da2,cpu-rwm-sequential,2,58,3.429517355690045,1
5b173c7a2bdf99a46ab24da2,cpu-rwm-sequential,2,59,3.429517355690045,1
5b173c7a2bdf99a46ab24da2,cpu-rwm-sequential,2,60,3.429517355690045,1
5b173c7a2bdf99a46ab24da2,cpu-rwm-sequential,2,61,3.429517355690045,1
5b173c7a2bdf99a46ab24da2,cpu-rwm-sequential,2,62,3.543484212590368,1
5b173c7a2bdf99a46ab24da2,cpu-rwm-sequential,2,63,3.543484212590368,1
5b173c7a2bdf99a46ab24da2,cpu-rwm-sequential,2,64,3.543484212590368,1
5b173c7a2bdf99a46ab24da2,cpu-rwm-sequential,2,65,4.750647705453736,1
5b173c7a2bdf99a46ab24da2,cpu-rwm-sequential,2,66,4.750647705453736,1
5b173c7a2bdf99a46ab24da2,cpu-rwm-sequential,2,67,4.750647705453736,1
5b173c7a2bdf99a46ab24da2,cpu-rwm-sequential,2,68,4.750647705453736,1
5b173c7a2bdf99a46ab24da2,cpu-rwm-sequential,2,69,4.750647705453736,1
5b173c7a2bdf99a46ab24da2,cpu-rwm-sequential,2,70,4.335805691578099,1
5b173c7a2bdf99a46ab24da2,cpu-rwm-sequential,2,71,3.1869161521619285,1
5b173c7a2bdf99a46ab24da2,cpu-rwm-sequential,2,72,3.1869161521619285,1
5b173c7a2bdf99a46ab24da2,cpu-rwm-sequential,2,73,3.1869161521619285,1
5b173c7a2bdf99a46ab24da2,cpu-rwm-sequential,2,74,3.1869161521619285,1
5b173c7a2bdf99a46ab24da2,cpu-rwm-sequential,2,75,3.1869161521619285,1
5b173c7a2bdf99a46ab24da2,cpu-rwm-sequential,2,76,3.1869161521619285,1
5b173c7a2bdf99a46ab24da2,cpu-rwm-sequential,2,77,3.1869161521619285,1
5b173c7a2bdf99a46ab24da2,cpu-rwm-sequential,2,78,4.1543435268911795,1
5b173c7a2bdf99a46ab24da2,cpu-rwm-sequential,2,79,4.1543435268911795,1
5b173c7a2bdf99a46ab24da2,cpu-rwm-sequential,2,80,4.1543435268911795,1
5b173c7a2bdf99a46ab24da2,cpu-rwm-sequential,2,81,4.1543435268911795,1
5b173c7a2bdf99a46ab24da2,cpu-rwm-sequential,2,82,4.1543435268911795,1
5b173c7a2bdf99a46ab24da2,cpu-rwm-sequential,2,83,4.353485396147584,1
5b173c7a2bdf99a46ab24da2,cpu-rwm-sequential,2,84,4.353485396147584,1
5b173c7a2bdf99a46ab24da2,cpu-rwm-sequential,2,85,4.871057050532672,1
5b173c7a2bdf99a46ab24da2,cpu-rwm-sequential,2,86,4.503387696290064,1
5b173c7a2bdf99a46ab24da2,cpu-rwm-sequential,2,87,4.503387696290064,1
5b173c7a2bdf99a46ab24da2,cpu-rwm-sequential,2,88,4.503387696290064,1
5b173c7a2bdf99a46ab24da2,cpu-rwm-sequential,2,89,3.855678878778032,1
5b173c7a2bdf99a46ab24da2,cpu-rwm-sequential,2,90,3.855678878778032,1
5b173c7a2bdf99a46ab24da2,cpu-rwm-sequential,2,91,3.1968370307216594,1
5b173c7a2bdf99a46ab24da2,cpu-rwm-sequential,2,92,3.1968370307216594,1
5b173c7a2bdf99a46ab24da2,cpu-rwm-sequential,2,93,3.1968370307216594,1
5b173c7a2bdf99a46ab24da2,cpu-rwm-sequential,2,94,3.0611961389862548,1
5b173c7a2bdf99a46ab24da2,cpu-rwm-sequential,2,95,3.337745263681969,1
5b173c7a2bdf99a46ab24da2,cpu-rwm-sequential,2,96,3.2154314354992795,1
5b173c7a2bdf99a46ab24da2,cpu-rwm-sequential,2,97,3.2154314354992795,1
5b173c7a2bdf99a46ab24da2,cpu-rwm-sequential,2,98,3.2154314354992795,1
5b173c7a2bdf99a46ab24da2,cpu-rwm-sequential,2,99,3.165746011779845,1
5b173c7a2bdf99a46ab24da2,cpu-rwm-sequential,2,100,3.165746011779845,1
5b173c7a2bdf99a46ab24da2,cpu-rwm-sequential,2,101,4.360843741570243,1
5b173c7a2bdf99a46ab24da2,cpu-rwm-sequential,2,102,5.573887838890139,1
5b173c7a2bdf99a46ab24da2,cpu-rwm-sequential,2,103,5.573887838890139,1
5b173c7a2bdf99a46ab24da2,cpu-rwm-sequential,2,104,3.982084748695554,1
5b173c7a2bdf99a46ab24da2,cpu-rwm-sequential,2,105,3.982084748695554,1
5b173c7a2bdf99a46ab24da2,cpu-rwm-sequential,2,106,3.982084748695554,1
5b173c7a2bdf99a46ab24da2,cpu-rwm-sequential,2,107,3.982084748695554,1
5b173c7a2bdf99a46ab24da2,cpu-rwm-sequential,2,108,3.982084748695554,1
5b173c7a2bdf99a46ab24da2,cpu-rwm-sequential,2,109,3.982084748695554,1
5b173c7a2bdf99a46ab24da2,cpu-rwm-sequential,2,110,3.982084748695554,1
5b173c7a2bdf99a46ab24da2,cpu-rwm-sequential,2,111,4.3884557839696265,1
5b173c7a2bdf99a46ab24da2,cpu-rwm-sequential,2,112,4.3884557839696265,1
5b173c7a2bdf99a46ab24da2,cpu-rwm-sequential,2,113,4.3884557839696265,1
5b173c7a2bdf99a46ab24da2,cpu-rwm-sequential,2,114,4.316996514929586,1
5b173c7a2bdf99a46ab24da2,cpu-rwm-sequential,2,115,4.316996514929586,1
5b173c7a2bdf99a46ab24da2,cpu-rwm-sequential,2,116,4.316996514929586,1
5b173c7a2bdf99a46ab24da2,cpu-rwm-sequential,2,117,4.316996514929586,1
5b173c7a2bdf99a46ab24da2,cpu-rwm-sequential,2,118,4.987499071172875,1
5b173c7a2bdf99a46ab24da2,cpu-rwm-sequential,2,119,4.987499071172875,1
5b173c7a2bdf99a46ab24da2,cpu-rwm-sequential,2,120,4.987499071172875,1
5b173c7a2bdf99a46ab24da2,cpu-rwm-sequential,2,121,4.987499071172875,1
5b173c7a2bdf99a46ab24da2,cpu-rwm-sequential,2,122,4.987499071172875,1
5b173c7a2bdf99a46ab24da2,cpu-rwm-sequential,2,123,4.987499071172875,1
5b173c7a2bdf99a46ab24da2,cpu-rwm-sequential,2,124,4.380936656609229,1
5b173c7a2bdf99a46ab24da2,cpu-rwm-sequential,2,125,4.380936656609229,1
5b173c7a2bdf99a46ab24da2,cpu-rwm-sequential,2,126,4.492955671770241,1
5b173c7a2bdf99a46ab24da2,cpu-rwm-sequential,2,127,5.22143008257042,1
5b173c7a2bdf99a46ab24da2,cpu-rwm-sequential,2,128,5.22143008257042,1
5b173c7a2bdf99a46ab24da2,cpu-rwm-sequential,2,129,5.22143008257042,1
5b173c7a2bdf99a46ab24da2,cpu-rwm-sequential,2,130,4.752945525880245,1
5b173c7a2bdf99a46ab24da2,cpu-rwm-sequential,2,131,6.030739020441162,1
5b173c7a2bdf99a46ab24da2,cpu-rwm-sequential,2,132,6.030739020441162,1
5b173c7a2bdf99a46ab24da2,cpu-rwm-sequential,2,133,5.406253019457508,1
5b173c7a2bdf99a46ab24da2,cpu-rwm-sequential,2,134,3.6904983599728225,1
5b173c7a2bdf99a46ab24da2,cpu-rwm-sequential,2,135,3.6904983599728225,1
5b173c7a2bdf99a46ab24da2,cpu-rwm-sequential,2,136,3.6904983599728225,1
5b173c7a2bdf99a46ab24da2,cpu-rwm-sequential,2,137,3.6904983599728225,1
5b173c7a2bdf99a46ab24da2,cpu-rwm-sequential,2,138,3.8473151535789976,1
5b173c7a2bdf99a46ab24da2,cpu-rwm-sequential,2,139,3.8473151535789976,1
5b173c7a2bdf99a46ab24da2,cpu-rwm-sequential,2,140,3.8473151535789976,1
5b173c7a2bdf99a46ab24da2,cpu-rwm-sequential,2,141,4.295792970065925,1
5b173c7a2bdf99a46ab24da2,cpu-rwm-sequential,2,142,4.295792970065925,1
5b173c7a2bdf99a46ab24da2,cpu-rwm-sequential,2,143,4.295792970065925,1
5b173c7a2bdf99a46ab24da2,cpu-rwm-sequential,2,144,4.295792970065925,1
5b173c7a2bdf99a46ab24da2,cpu-rwm-sequential,2,145,4.295792970065925,1
5b173c7a2bdf99a46ab24da2,cpu-rwm-sequential,2,146,4.295792970065925,1
5b173c7a2bdf99a46ab24da2,cpu-rwm-sequential,2,147,4.295792970065925,1
5b173c7a2bdf99a46ab24da2,cpu-rwm-sequential,2,148,3.848709138360319,1
5b173c7a2bdf99a46ab24da2,cpu-rwm-sequential,2,149,3.848709138360319,1
5b173c7a2bdf99a46ab24da2,cpu-rwm-sequential,2,150,3.848709138360319,1
5b173c7a2bdf99a46ab24da2,cpu-rwm-sequential,2,151,3.848709138360319,1
5b173c7a2bdf99a46ab24da2,cpu-rwm-sequential,2,152,3.848709138360319,1
5b173c7a2bdf99a46ab24da2,cpu-rwm-sequential,2,153,3.848709138360319,1
5b173c7a2bdf99a46ab24da2,cpu-rwm-sequential,2,154,4.658964389606889,1
5b173c7a2bdf99a46ab24da2,cpu-rwm-sequential,2,155,4.658964389606889,1
5b173c7a2bdf99a46ab24da2,cpu-rwm-sequential,2,156,4.658964389606889,1
5b173c7a2bdf99a46ab24da2,cpu-rwm-sequential,2,157,4.3303773920446496,1
5b173c7a2bdf99a46ab24da2,cpu-rwm-sequential,2,158,4.3303773920446496,1
5b173c7a2bdf99a46ab24da2,cpu-rwm-sequential,2,159,5.093478514024581,1
5b173c7a2bdf99a46ab24da2,cpu-rwm-sequential,2,160,5.093478514024581,1
5b173c7a2bdf99a46ab24da2,cpu-rwm-sequential,2,161,5.093478514024581,1
5b173c7a2bdf99a46ab24da2,cpu-rwm-sequential,2,162,4.583723827548177,1
5b173c7a2bdf99a46ab24da2,cpu-rwm-sequential,2,163,5.739226060556636,1
5b173c7a2bdf99a46ab24da2,cpu-rwm-sequential,2,164,5.739226060556636,1
5b173c7a2bdf99a46ab24da2,cpu-rwm-sequential,2,165,5.739226060556636,1
5b173c7a2bdf99a46ab24da2,cpu-rwm-sequential,2,166,4.918025825302331,1
5b173c7a2bdf99a46ab24da2,cpu-rwm-sequential,2,167,4.918025825302331,1
5b173c7a2bdf99a46ab24da2,cpu-rwm-sequential,2,168,3.7824202920697374,1
5b173c7a2bdf99a46ab24da2,cpu-rwm-sequential,2,169,3.7824202920697374,1
5b173c7a2bdf99a46ab24da2,cpu-rwm-sequential,2,170,3.7824202920697374,1
5b173c7a2bdf99a46ab24da2,cpu-rwm-sequential,2,171,3.7824202920697374,1
5b173c7a2bdf99a46ab24da2,cpu-rwm-sequential,2,172,3.6883620838678826,1
5b173c7a2bdf99a46ab24da2,cpu-rwm-sequential,2,173,3.6883620838678826,1
5b173c7a2bdf99a46ab24da2,cpu-rwm-sequential,2,174,4.327499052949723,1
5b173c7a2bdf99a46ab24da2,cpu-rwm-sequential,2,175,4.327499052949723,1
5b173c7a2bdf99a46ab24da2,cpu-rwm-sequential,2,176,5.555490579151911,1
5b173c7a2bdf99a46ab24da2,cpu-rwm-sequential,2,177,5.555490579151911,1
5b173c7a2bdf99a46ab24da2,cpu-rwm-sequential,2,178,5.60489869853255,1
5b173c7a2bdf99a46ab24da2,cpu-rwm-sequential,2,179,5.60489869853255,1
5b173c7a2bdf99a46ab24da2,cpu-rwm-sequential,2,180,5.60489869853255,1
5b173c7a2bdf99a46ab24da2,cpu-rwm-sequential,2,181,5.60489869853255,1
5b173c7a2bdf99a46ab24da2,cpu-rwm-sequential,2,182,5.60489869853255,1
5b173c7a2bdf99a46ab24da2,cpu-rwm-sequential,2,183,5.438994962076045,1
5b173c7a2bdf99a46ab24da2,cpu-rwm-sequential,2,184,5.438994962076045,1
5b173c7a2bdf99a46ab24da2,cpu-rwm-sequential,2,185,5.438994962076045,1
5b173c7a2bdf99a46ab24da2,cpu-rwm-sequential,2,186,5.438994962076045,1
5b173c7a2bdf99a46ab24da2,cpu-rwm-sequential,2,187,3.837611593793,1
5b173c7a2bdf99a46ab24da2,cpu-rwm-sequential,2,188,3.8761301451056673,1
5b173c7a2bdf99a46ab24da2,cpu-rwm-sequential,2,189,3.8761301451056673,1
5b173c7a2bdf99a46ab24da2,cpu-rwm-sequential,2,190,3.8761301451056673,1
5b173c7a2bdf99a46ab24da2,cpu-rwm-sequential,2,191,3.8761301451056673,1
5b173c7a2bdf99a46ab24da2,cpu-rwm-sequential,2,192,3.8761301451056673,1
5b173c7a2bdf99a46ab24da2,cpu-rwm-sequential,2,193,3.8761301451056673,1
5b173c7a2bdf99a46ab24da2,cpu-rwm-sequential,2,194,4.393749969766102,1
5b173c7a2bdf99a46ab24da2,cpu-rwm-sequential,2,195,4.393749969766102,1
5b173c7a2bdf99a46ab24da2,cpu-rwm-sequential,2,196,5.373674932021517,1
5b173c7a2bdf99a46ab24da2,cpu-rwm-sequential,2,197,5.373674932021517,1
5b173c7a2bdf99a46ab24da2,cpu-rwm-sequential,2,198,5.373674932021517,1
5b173c7a2bdf99a46ab24da2,cpu-rwm-sequential,2,199,5.373674932021517,1
5b173c7a2bdf99a46ab24da2,cpu-rwm-sequential,2,200,5.188727090696586,1
5b173c7a2bdf99a46ab24da2,cpu-rwm-sequential,2,201,5.112062462047561,1
5b173c7a2bdf99a46ab24da2,cpu-rwm-sequential,2,202,5.112062462047561,1
5b173c7a2bdf99a46ab24da2,cpu-rwm-sequential,2,203,5.112062462047561,1
5b173c7a2bdf99a46ab24da2,cpu-rwm-sequential,2,204,5.112062462047561,1
5b173c7a2bdf99a46ab24da2,cpu-rwm-sequential,2,205,5.112062462047561,1
5b173c7a2bdf99a46ab24da2,cpu-rwm-sequential,2,206,3.9012412930006883,1
5b173c7a2bdf99a46ab24da2,cpu-rwm-sequential,2,207,3.2369048946690215,1
5b173c7a2bdf99a46ab24da2,cpu-rwm-sequential,2,208,3.2369048946690215,1
5b173c7a2bdf99a46ab24da2,cpu-rwm-sequential,2,209,3.2369048946690215,1
5b173c7a2bdf99a46ab24da2,cpu-rwm-sequential,2,210,3.2369048946690215,1
5b173c7a2bdf99a46ab24da2,cpu-rwm-sequential,2,211,3.2369048946690215,1
5b173c7a2bdf99a46ab24da2,cpu-rwm-sequential,2,212,3.277470673584215,1
5b173c7a2bdf99a46ab24da2,cpu-rwm-sequential,2,213,3.668992521604927,1
5b173c7a2bdf99a46ab24da2,cpu-rwm-sequential,2,214,3.668992521604927,1
5b173c7a2bdf99a46ab24da2,cpu-rwm-sequential,2,215,3.668992521604927,1
5b173c7a2bdf99a46ab24da2,cpu-rwm-sequential,2,216,3.668992521604927,1
5b173c7a2bdf99a46ab24da2,cpu-rwm-sequential,2,217,3.668992521604927,1
5b173c7a2bdf99a46ab24da2,cpu-rwm-sequential,2,218,3.668992521604927,1
5b173c7a2bdf99a46ab24da2,cpu-rwm-sequential,2,219,3.668992521604927,1
5b173c7a2bdf99a46ab24da2,cpu-rwm-sequential,2,220,3.668992521604927,1
5b173c7a2bdf99a46ab24da2,cpu-rwm-sequential,2,221,3.668992521604927,1
5b173c7a2bdf99a46ab24da2,cpu-rwm-sequential,2,222,4.07230949681874,1
5b173c7a2bdf99a46ab24da2,cpu-rwm-sequential,2,223,4.07230949681874,1
5b173c7a2bdf99a46ab24da2,cpu-rwm-sequential,2,224,4.480439821548428,1
5b173c7a2bdf99a46ab24da2,cpu-rwm-sequential,2,225,4.480439821548428,1
5b173c7a2bdf99a46ab24da2,cpu-rwm-sequential,2,226,4.480439821548428,1
5b173c7a2bdf99a46ab24da2,cpu-rwm-sequential,2,227,4.9121830859788265,1
5b173c7a2bdf99a46ab24da2,cpu-rwm-sequential,2,228,4.9121830859788265,1
5b173c7a2bdf99a46ab24da2,cpu-rwm-sequential,2,229,4.9121830859788265,1
5b173c7a2bdf99a46ab24da2,cpu-rwm-sequential,2,230,5.410427315024856,1
5b173c7a2bdf99a46ab24da2,cpu-rwm-sequential,2,231,5.410427315024856,1
5b173c7a2bdf99a46ab24da2,cpu-rwm-sequential,2,232,5.757265764942369,1
5b173c7a2bdf99a46ab24da2,cpu-rwm-sequential,2,233,5.732578357979732,1
5b173c7a2bdf99a46ab24da2,cpu-rwm-sequential,2,234,5.2979856552277855,1
5b173c7a2bdf99a46ab24da2,cpu-rwm-sequential,2,235,5.2979856552277855,1
5b173c7a2bdf99a46ab24da2,cpu-rwm-sequential,2,236,5.517099374014142,1
5b173c7a2bdf99a46ab24da2,cpu-rwm-sequential,2,237,5.517099374014142,1
5b173c7a2bdf99a46ab24da2,cpu-rwm-sequential,2,238,5.517099374014142,1
5b173c7a2bdf99a46ab24da2,cpu-rwm-sequential,2,239,5.517099374014142,1
5b173c7a2bdf99a46ab24da2,cpu-rwm-sequential,2,240,5.517099374014142,1
5b173c7a2bdf99a46ab24da2,cpu-rwm-sequential,2,241,5.517099374014142,1
5b173c7a2bdf99a46ab24da2,cpu-rwm-sequential,2,242,5.517099374014142,1
5b173c7a2bdf99a46ab24da2,cpu-rwm-sequential,2,243,5.517099374014142,1
5b173c7a2bdf99a46ab24da2,cpu-rwm-sequential,2,244,5.43197754214111,1
5b173c7a2bdf99a46ab24da2,cpu-rwm-sequential,2,245,5.636444583748375,1
5b173c7a2bdf99a46ab24da2,cpu-rwm-sequential,2,246,5.636444583748375,1
5b173c7a2bdf99a46ab24da2,cpu-rwm-sequential,2,247,5.636444583748375,1
5b173c7a2bdf99a46ab24da2,cpu-rwm-sequential,2,248,5.636444583748375,1
5b173c7a2bdf99a46ab24da2,cpu-rwm-sequential,2,249,5.636444583748375,1
5b173c7a2bdf99a46ab24da2,cpu-rwm-sequential,2,250,5.636444583748375,1
5b173c7a2bdf99a46ab24da2,cpu-rwm-sequential,2,251,5.636444583748375,1
5b173c7a2bdf99a46ab24da2,cpu-rwm-sequential,2,252,6.357836724281299,1
5b173c7a2bdf99a46ab24da2,cpu-rwm-sequential,2,253,5.95596742655109,1
5b173c7a2bdf99a46ab24da2,cpu-rwm-sequential,2,254,5.420814087063074,1
5b173c7a2bdf99a46ab24da2,cpu-rwm-sequential,2,255,5.86970967491048,1
5b173c7a2bdf99a46ab24da2,cpu-rwm-sequential,2,256,5.86970967491048,1
5b173c7a2bdf99a46ab24da2,cpu-rwm-sequential,2,257,4.168080127738427,1
5b173c7a2bdf99a46ab24da2,cpu-rwm-sequential,2,258,4.168080127738427,1
5b173c7a2bdf99a46ab24da2,cpu-rwm-sequential,2,259,4.226869222196368,1
5b173c7a2bdf99a46ab24da2,cpu-rwm-sequential,2,260,4.226869222196368,1
5b173c7a2bdf99a46ab24da2,cpu-rwm-sequential,2,261,4.226869222196368,1
5b173c7a2bdf99a46ab24da2,cpu-rwm-sequential,2,262,3.9610654031836896,1
5b173c7a2bdf99a46ab24da2,cpu-rwm-sequential,2,263,3.9610654031836896,1
5b173c7a2bdf99a46ab24da2,cpu-rwm-sequential,2,264,3.9610654031836896,1
5b173c7a2bdf99a46ab24da2,cpu-rwm-sequential,2,265,3.9610654031836896,1
5b173c7a2bdf99a46ab24da2,cpu-rwm-sequential,2,266,5.9467752837551915,1
5b173c7a2bdf99a46ab24da2,cpu-rwm-sequential,2,267,5.665357042578309,1
5b173c7a2bdf99a46ab24da2,cpu-rwm-sequential,2,268,5.885719576601362,1
5b173c7a2bdf99a46ab24da2,cpu-rwm-sequential,2,269,5.885719576601362,1
5b173c7a2bdf99a46ab24da2,cpu-rwm-sequential,2,270,5.885719576601362,1
5b173c7a2bdf99a46ab24da2,cpu-rwm-sequential,2,271,5.885719576601362,1
5b173c7a2bdf99a46ab24da2,cpu-rwm-sequential,2,272,5.885719576601362,1
5b173c7a2bdf99a46ab24da2,cpu-rwm-sequential,2,273,5.029708394048866,1
5b173c7a2bdf99a46ab24da2,cpu-rwm-sequential,2,274,5.029708394048866,1
5b173c7a2bdf99a46ab24da2,cpu-rwm-sequential,2,275,5.029708394048866,1
5b173c7a2bdf99a46ab24da2,cpu-rwm-sequential,2,276,5.029708394048866,1
5b173c7a2bdf99a46ab24da2,cpu-rwm-sequential,2,277,5.029708394048866,1
5b173c7a2bdf99a46ab24da2,cpu-rwm-sequential,2,278,5.029708394048866,1
5b173c7a2bdf99a46ab24da2,cpu-rwm-sequential,2,279,5.029708394048866,1
5b173c7a2bdf99a46ab24da2,cpu-rwm-sequential,2,280,5.029708394048866,1
5b173c7a2bdf99a46ab24da2,cpu-rwm-sequential,2,281,5.779962287614928,1
5b173c7a2bdf99a46ab24da2,cpu-rwm-sequential,2,282,5.779962287614928,1
5b173c7a2bdf99a46ab24da2,cpu-rwm-sequential,2,283,6.231401350330455,1
5b173c7a2bdf99a46ab24da2,cpu-rwm-sequential,2,284,6.231401350330455,1
5b173c7a2bdf99a46ab24da2,cpu-rwm-sequential,2,285,6.231401350330455,1
5b173c7a2bdf99a46ab24da2,cpu-rwm-sequential,2,286,6.231401350330455,1
5b173c7a2bdf99a46ab24da2,cpu-rwm-sequential,2,287,6.231401350330455,1
5b173c7a2bdf99a46ab24da2,cpu-rwm-sequential,2,288,6.231401350330455,1
5b173c7a2bdf99a46ab24da2,cpu-rwm-sequential,2,289,6.231401350330455,1
5b173c7a2bdf99a46ab24da2,cpu-rwm-sequential,2,290,6.231401350330455,1
5b173c7a2bdf99a46ab24da2,cpu-rwm-sequential,2,291,6.231401350330455,1
5b173c7a2bdf99a46ab24da2,cpu-rwm-sequential,2,292,6.231401350330455,1
5b173c7a2bdf99a46ab24da2,cpu-rwm-sequential,2,293,6.231401350330455,1
5b173c7a2bdf99a46ab24da2,cpu-rwm-sequential,2,294,6.444890092306546,1
5b173c7a2bdf99a46ab24da2,cpu-rwm-sequential,2,295,6.444890092306546,1
5b173c7a2bdf99a46ab24da2,cpu-rwm-sequential,2,296,6.444890092306546,1
5b173c7a2bdf99a46ab24da2,cpu-rwm-sequential,2,297,6.444890092306546,1
5b173c7a2bdf99a46ab24da2,cpu-rwm-sequential,2,298,6.444890092306546,1
5b173c7a2bdf99a46ab24da2,cpu-rwm-sequential,2,299,6.444890092306546,1
5b173c7a2bdf99a46ab24da2,cpu-rwm-sequential,2,300,6.444890092306546,1
5b173c7a2bdf99a46ab24da2,cpu-rwm-sequential,2,301,6.444890092306546,1
5b173c7a2bdf99a46ab24da2,cpu-rwm-sequential,2,302,5.712226745120355,1
5b173c7a2bdf99a46ab24da2,cpu-rwm-sequential,2,303,5.712226745120355,1
5b173c7a2bdf99a46ab24da2,cpu-rwm-sequential,2,304,5.712226745120355,1
5b173c7a2bdf99a46ab24da2,cpu-rwm-sequential,2,305,5.712226745120355,1
5b173c7a2bdf99a46ab24da2,cpu-rwm-sequential,2,306,5.117711337748889,1
5b173c7a2bdf99a46ab24da2,cpu-rwm-sequential,2,307,5.117711337748889,1
5b173c7a2bdf99a46ab24da2,cpu-rwm-sequential,2,308,4.063748121864871,1
5b173c7a2bdf99a46ab24da2,cpu-rwm-sequential,2,309,4.063748121864871,1
5b173c7a2bdf99a46ab24da2,cpu-rwm-sequential,2,310,4.063748121864871,1
5b173c7a2bdf99a46ab24da2,cpu-rwm-sequential,2,311,4.063748121864871,1
5b173c7a2bdf99a46ab24da2,cpu-rwm-sequential,2,312,4.063748121864871,1
5b173c7a2bdf99a46ab24da2,cpu-rwm-sequential,2,313,4.063748121864871,1
5b173c7a2bdf99a46ab24da2,cpu-rwm-sequential,2,314,4.3517424279144805,1
5b173c7a2bdf99a46ab24da2,cpu-rwm-sequential,2,315,4.201055309665667,1
5b173c7a2bdf99a46ab24da2,cpu-rwm-sequential,2,316,4.201055309665667,1
5b173c7a2bdf99a46ab24da2,cpu-rwm-sequential,2,317,4.6771093166937945,1
5b173c7a2bdf99a46ab24da2,cpu-rwm-sequential,2,318,3.7416419149730484,1
5b173c7a2bdf99a46ab24da2,cpu-rwm-sequential,2,319,3.7416419149730484,1
5b173c7a2bdf99a46ab24da2,cpu-rwm-sequential,2,320,4.141923235247662,1
5b173c7a2bdf99a46ab24da2,cpu-rwm-sequential,2,321,4.822431345120313,1
5b173c7a2bdf99a46ab24da2,cpu-rwm-sequential,2,322,4.822431345120313,1
5b173c7a2bdf99a46ab24da2,cpu-rwm-sequential,2,323,4.822431345120313,1
5b173c7a2bdf99a46ab24da2,cpu-rwm-sequential,2,324,4.341992978201606,1
5b173c7a2bdf99a46ab24da2,cpu-rwm-sequential,2,325,4.341992978201606,1
5b173c7a2bdf99a46ab24da2,cpu-rwm-sequential,2,326,4.802734583357904,1
5b173c7a2bdf99a46ab24da2,cpu-rwm-sequential,2,327,4.673120520848485,1
5b173c7a2bdf99a46ab24da2,cpu-rwm-sequential,2,328,4.673120520848485,1
5b173c7a2bdf99a46ab24da2,cpu-rwm-sequential,2,329,4.673120520848485,1
5b173c7a2bdf99a46ab24da2,cpu-rwm-sequential,2,330,4.673120520848485,1
5b173c7a2bdf99a46ab24da2,cpu-rwm-sequential,2,331,4.673120520848485,1
5b173c7a2bdf99a46ab24da2,cpu-rwm-sequential,2,332,4.673120520848485,1
5b173c7a2bdf99a46ab24da2,cpu-rwm-sequential,2,333,3.723282058661058,1
5b173c7a2bdf99a46ab24da2,cpu-rwm-sequential,2,334,3.723282058661058,1
5b173c7a2bdf99a46ab24da2,cpu-rwm-sequential,2,335,3.321870408598727,1
5b173c7a2bdf99a46ab24da2,cpu-rwm-sequential,2,336,3.321870408598727,1
5b173c7a2bdf99a46ab24da2,cpu-rwm-sequential,2,337,3.321870408598727,1
5b173c7a2bdf99a46ab24da2,cpu-rwm-sequential,2,338,3.321870408598727,1
5b173c7a2bdf99a46ab24da2,cpu-rwm-sequential,2,339,3.485708506412476,1
5b173c7a2bdf99a46ab24da2,cpu-rwm-sequential,2,340,3.485708506412476,1
5b173c7a2bdf99a46ab24da2,cpu-rwm-sequential,2,341,3.485708506412476,1
5b173c7a2bdf99a46ab24da2,cpu-rwm-sequential,2,342,3.485708506412476,1
5b173c7a2bdf99a46ab24da2,cpu-rwm-sequential,2,343,3.485708506412476,1
5b173c7a2bdf99a46ab24da2,cpu-rwm-sequential,2,344,3.712264852869236,1
5b173c7a2bdf99a46ab24da2,cpu-rwm-sequential,2,345,4.400500574929732,1
5b173c7a2bdf99a46ab24da2,cpu-rwm-sequential,2,346,5.020377236488813,1
5b173c7a2bdf99a46ab24da2,cpu-rwm-sequential,2,347,5.020377236488813,1
5b173c7a2bdf99a46ab24da2,cpu-rwm-sequential,2,348,5.020377236488813,1
5b173c7a2bdf99a46ab24da2,cpu-rwm-sequential,2,349,3.962153222434705,1
5b173c7a2bdf99a46ab24da2,cpu-rwm-sequential,2,350,3.962153222434705,1
5b173c7a2bdf99a46ab24da2,cpu-rwm-sequential,2,351,3.962153222434705,1
5b173c7a2bdf99a46ab24da2,cpu-rwm-sequential,2,352,3.962153222434705,1
5b173c7a2bdf99a46ab24da2,cpu-rwm-sequential,2,353,4.877226241214833,1
5b173c7a2bdf99a46ab24da2,cpu-rwm-sequential,2,354,4.223256563946174,1
5b173c7a2bdf99a46ab24da2,cpu-rwm-sequential,2,355,4.223256563946174,1
5b173c7a2bdf99a46ab24da2,cpu-rwm-sequential,2,356,4.223256563946174,1
5b173c7a2bdf99a46ab24da2,cpu-rwm-sequential,2,357,4.223256563946174,1
5b173c7a2bdf99a46ab24da2,cpu-rwm-sequential,2,358,4.223256563946174,1
5b173c7a2bdf99a46ab24da2,cpu-rwm-sequential,2,359,5.1055273375864605,1
5b173c7a2bdf99a46ab24da2,cpu-rwm-sequential,2,360,3.917123929263166,1
5b173c7a2bdf99a46ab24da2,cpu-rwm-sequential,2,361,4.847120785391034,1
5b173c7a2bdf99a46ab24da2,cpu-rwm-sequential,2,362,4.847120785391034,1
5b173c7a2bdf99a46ab24da2,cpu-rwm-sequential,2,363,4.847120785391034,1
5b173c7a2bdf99a46ab24da2,cpu-rwm-sequential,2,364,4.935332185599419,1
5b173c7a2bdf99a46ab24da2,cpu-rwm-sequential,2,365,4.935332185599419,1
5b173c7a2bdf99a46ab24da2,cpu-rwm-sequential,2,366,4.935332185599419,1
5b173c7a2bdf99a46ab24da2,cpu-rwm-sequential,2,367,5.213595097260737,1
5b173c7a2bdf99a46ab24da2,cpu-rwm-sequential,2,368,5.615422350085924,1
5b173c7a2bdf99a46ab24da2,cpu-rwm-sequential,2,369,5.615422350085924,1
5b173c7a2bdf99a46ab24da2,cpu-rwm-sequential,2,370,5.615422350085924,1
5b173c7a2bdf99a46ab24da2,cpu-rwm-sequential,2,371,5.615422350085924,1
5b173c7a2bdf99a46ab24da2,cpu-rwm-sequential,2,372,5.615422350085924,1
5b173c7a2bdf99a46ab24da2,cpu-rwm-sequential,2,373,5.615422350085924,1
5b173c7a2bdf99a46ab24da2,cpu-rwm-sequential,2,374,5.615422350085924,1
5b173c7a2bdf99a46ab24da2,cpu-rwm-sequential,2,375,5.615422350085924,1
5b173c7a2bdf99a46ab24da2,cpu-rwm-sequential,2,376,5.615422350085924,1
5b173c7a2bdf99a46ab24da2,cpu-rwm-sequential,2,377,5.615422350085924,1
5b173c7a2bdf99a46ab24da2,cpu-rwm-sequential,2,378,5.615422350085924,1
5b173c7a2bdf99a46ab24da2,cpu-rwm-sequential,2,379,5.615422350085924,1
5b173c7a2bdf99a46ab24da2,cpu-rwm-sequential,2,380,5.615422350085924,1
5b173c7a2bdf99a46ab24da2,cpu-rwm-sequential,2,381,5.615422350085924,1
5b173c7a2bdf99a46ab24da2,cpu-rwm-sequential,2,382,5.615422350085924,1
5b173c7a2bdf99a46ab24da2,cpu-rwm-sequential,2,383,5.615422350085924,1
5b173c7a2bdf99a46ab24da2,cpu-rwm-sequential,2,384,5.615422350085924,1
5b173c7a2bdf99a46ab24da2,cpu-rwm-sequential,2,385,5.615422350085924,1
5b173c7a2bdf99a46ab24da2,cpu-rwm-sequential,2,386,5.615422350085924,1
5b173c7a2bdf99a46ab24da2,cpu-rwm-sequential,2,387,5.615422350085924,1
5b173c7a2bdf99a46ab24da2,cpu-rwm-sequential,2,388,5.615422350085924,1
5b173c7a2bdf99a46ab24da2,cpu-rwm-sequential,2,389,5.615422350085924,1
5b173c7a2bdf99a46ab24da2,cpu-rwm-sequential,2,390,5.615422350085924,1
5b173c7a2bdf99a46ab24da2,cpu-rwm-sequential,2,391,4.686790834362188,1
5b173c7a2bdf99a46ab24da2,cpu-rwm-sequential,2,392,4.686790834362188,1
5b173c7a2bdf99a46ab24da2,cpu-rwm-sequential,2,393,4.686790834362188,1
5b173c7a2bdf99a46ab24da2,cpu-rwm-sequential,2,394,4.686790834362188,1
5b173c7a2bdf99a46ab24da2,cpu-rwm-sequential,2,395,4.686790834362188,1
5b173c7a2bdf99a46ab24da2,cpu-rwm-sequential,2,396,4.686790834362188,1
5b173c7a2bdf99a46ab24da2,cpu-rwm-sequential,2,397,4.686790834362188,1
5b173c7a2bdf99a46ab24da2,cpu-rwm-sequential,2,398,4.686790834362188,1
5b173c7a2bdf99a46ab24da2,cpu-rwm-sequential,2,399,4.686790834362188,1
5b173c7a2bdf99a46ab24da2,cpu-rwm-sequential,2,400,4.686790834362188,1
5b173c7a2bdf99a46ab24da2,cpu-rwm-sequential,2,401,4.686790834362188,1
5b173c7a2bdf99a46ab24da2,cpu-rwm-sequential,2,402,4.686790834362188,1
5b173c7a2bdf99a46ab24da2,cpu-rwm-sequential,2,403,4.686790834362188,1
5b173c7a2bdf99a46ab24da2,cpu-rwm-sequential,2,404,4.686790834362188,1
5b173c7a2bdf99a46ab24da2,cpu-rwm-sequential,2,405,4.686790834362188,1
5b173c7a2bdf99a46ab24da2,cpu-rwm-sequential,2,406,4.686790834362188,1
5b173c7a2bdf99a46ab24da2,cpu-rwm-sequential,2,407,4.686790834362188,1
5b173c7a2bdf99a46ab24da2,cpu-rwm-sequential,2,408,4.686790834362188,1
5b173c7a2bdf99a46ab24da2,cpu-rwm-sequential,2,409,4.686790834362188,1
5b173c7a2bdf99a46ab24da2,cpu-rwm-sequential,2,410,4.686790834362188,1
5b173c7a2bdf99a46ab24da2,cpu-rwm-sequential,2,411,5.044479247104234,1
5b173c7a2bdf99a46ab24da2,cpu-rwm-sequential,2,412,5.044479247104234,1
5b173c7a2bdf99a46ab24da2,cpu-rwm-sequential,2,413,5.698432917972183,1
5b173c7a2bdf99a46ab24da2,cpu-rwm-sequential,2,414,5.698432917972183,1
5b173c7a2bdf99a46ab24da2,cpu-rwm-sequential,2,415,5.698432917972183,1
5b173c7a2bdf99a46ab24da2,cpu-rwm-sequential,2,416,5.698432917972183,1
5b173c7a2bdf99a46ab24da2,cpu-rwm-sequential,2,417,5.698432917972183,1
5b173c7a2bdf99a46ab24da2,cpu-rwm-sequential,2,418,5.509197199872928,1
5b173c7a2bdf99a46ab24da2,cpu-rwm-sequential,2,419,5.509197199872928,1
5b173c7a2bdf99a46ab24da2,cpu-rwm-sequential,2,420,5.509197199872928,1
5b173c7a2bdf99a46ab24da2,cpu-rwm-sequential,2,421,5.509197199872928,1
5b173c7a2bdf99a46ab24da2,cpu-rwm-sequential,2,422,5.509197199872928,1
5b173c7a2bdf99a46ab24da2,cpu-rwm-sequential,2,423,5.509197199872928,1
5b173c7a2bdf99a46ab24da2,cpu-rwm-sequential,2,424,5.509197199872928,1
5b173c7a2bdf99a46ab24da2,cpu-rwm-sequential,2,425,5.509197199872928,1
5b173c7a2bdf99a46ab24da2,cpu-rwm-sequential,2,426,5.509197199872928,1
5b173c7a2bdf99a46ab24da2,cpu-rwm-sequential,2,427,5.509197199872928,1
5b173c7a2bdf99a46ab24da2,cpu-rwm-sequential,2,428,5.509197199872928,1
5b173c7a2bdf99a46ab24da2,cpu-rwm-sequential,2,429,3.9445554095317763,1
5b173c7a2bdf99a46ab24da2,cpu-rwm-sequential,2,430,3.9445554095317763,1
5b173c7a2bdf99a46ab24da2,cpu-rwm-sequential,2,431,3.9445554095317763,1
5b173c7a2bdf99a46ab24da2,cpu-rwm-sequential,2,432,3.9445554095317763,1
5b173c7a2bdf99a46ab24da2,cpu-rwm-sequential,2,433,4.635015526364286,1
5b173c7a2bdf99a46ab24da2,cpu-rwm-sequential,2,434,4.967452672485293,1
5b173c7a2bdf99a46ab24da2,cpu-rwm-sequential,2,435,4.967452672485293,1
5b173c7a2bdf99a46ab24da2,cpu-rwm-sequential,2,436,4.967452672485293,1
5b173c7a2bdf99a46ab24da2,cpu-rwm-sequential,2,437,4.967452672485293,1
5b173c7a2bdf99a46ab24da2,cpu-rwm-sequential,2,438,4.967452672485293,1
5b173c7a2bdf99a46ab24da2,cpu-rwm-sequential,2,439,4.967452672485293,1
5b173c7a2bdf99a46ab24da2,cpu-rwm-sequential,2,440,5.12707362875542,1
5b173c7a2bdf99a46ab24da2,cpu-rwm-sequential,2,441,5.12707362875542,1
5b173c7a2bdf99a46ab24da2,cpu-rwm-sequential,2,442,5.12707362875542,1
5b173c7a2bdf99a46ab24da2,cpu-rwm-sequential,2,443,5.12707362875542,1
5b173c7a2bdf99a46ab24da2,cpu-rwm-sequential,2,444,5.12707362875542,1
5b173c7a2bdf99a46ab24da2,cpu-rwm-sequential,2,445,5.12707362875542,1
5b173c7a2bdf99a46ab24da2,cpu-rwm-sequential,2,446,5.12707362875542,1
5b173c7a2bdf99a46ab24da2,cpu-rwm-sequential,2,447,5.12707362875542,1
5b173c7a2bdf99a46ab24da2,cpu-rwm-sequential,2,448,5.12707362875542,1
5b173c7a2bdf99a46ab24da2,cpu-rwm-sequential,2,449,5.12707362875542,1
5b173c7a2bdf99a46ab24da2,cpu-rwm-sequential,2,450,5.12707362875542,1
5b173c7a2bdf99a46ab24da2,cpu-rwm-sequential,2,451,4.26778445581425,1
5b173c7a2bdf99a46ab24da2,cpu-rwm-sequential,2,452,4.643348064607877,1
5b173c7a2bdf99a46ab24da2,cpu-rwm-sequential,2,453,5.572016732788934,1
5b173c7a2bdf99a46ab24da2,cpu-rwm-sequential,2,454,5.572016732788934,1
5b173c7a2bdf99a46ab24da2,cpu-rwm-sequential,2,455,5.572016732788934,1
5b173c7a2bdf99a46ab24da2,cpu-rwm-sequential,2,456,5.0329007186292545,1
5b173c7a2bdf99a46ab24da2,cpu-rwm-sequential,2,457,5.0329007186292545,1
5b173c7a2bdf99a46ab24da2,cpu-rwm-sequential,2,458,4.987087154442361,1
5b173c7a2bdf99a46ab24da2,cpu-rwm-sequential,2,459,4.987087154442361,1
5b173c7a2bdf99a46ab24da2,cpu-rwm-sequential,2,460,4.987087154442361,1
5b173c7a2bdf99a46ab24da2,cpu-rwm-sequential,2,461,4.987087154442361,1
5b173c7a2bdf99a46ab24da2,cpu-rwm-sequential,2,462,4.987087154442361,1
5b173c7a2bdf99a46ab24da2,cpu-rwm-sequential,2,463,4.987087154442361,1
5b173c7a2bdf99a46ab24da2,cpu-rwm-sequential,2,464,4.987087154442361,1
5b173c7a2bdf99a46ab24da2,cpu-rwm-sequential,2,465,4.987087154442361,1
5b173c7a2bdf99a46ab24da2,cpu-rwm-sequential,2,466,5.804976080545204,1
5b173c7a2bdf99a46ab24da2,cpu-rwm-sequential,2,467,5.804976080545204,1
5b173c7a2bdf99a46ab24da2,cpu-rwm-sequential,2,468,5.804976080545204,1
5b173c7a2bdf99a46ab24da2,cpu-rwm-sequential,2,469,5.804976080545204,1
5b173c7a2bdf99a46ab24da2,cpu-rwm-sequential,2,470,5.804976080545204,1
5b173c7a2bdf99a46ab24da2,cpu-rwm-sequential,2,471,5.804976080545204,1
5b173c7a2bdf99a46ab24da2,cpu-rwm-sequential,2,472,5.804976080545204,1
5b173c7a2bdf99a46ab24da2,cpu-rwm-sequential,2,473,6.18442732331663,1
5b173c7a2bdf99a46ab24da2,cpu-rwm-sequential,2,474,6.18442732331663,1
5b173c7a2bdf99a46ab24da2,cpu-rwm-sequential,2,475,6.18442732331663,1
5b173c7a2bdf99a46ab24da2,cpu-rwm-sequential,2,476,6.18442732331663,1
5b173c7a2bdf99a46ab24da2,cpu-rwm-sequential,2,477,6.351842752684569,1
5b173c7a2bdf99a46ab24da2,cpu-rwm-sequential,2,478,4.9885096598821965,1
5b173c7a2bdf99a46ab24da2,cpu-rwm-sequential,2,479,4.9885096598821965,1
5b173c7a2bdf99a46ab24da2,cpu-rwm-sequential,2,480,4.9885096598821965,1
5b173c7a2bdf99a46ab24da2,cpu-rwm-sequential,2,481,4.9885096598821965,1
5b173c7a2bdf99a46ab24da2,cpu-rwm-sequential,2,482,4.9885096598821965,1
5b173c7a2bdf99a46ab24da2,cpu-rwm-sequential,2,483,4.9885096598821965,1
5b173c7a2bdf99a46ab24da2,cpu-rwm-sequential,2,484,4.9885096598821965,1
5b173c7a2bdf99a46ab24da2,cpu-rwm-sequential,2,485,7.031056600991734,1
5b173c7a2bdf99a46ab24da2,cpu-rwm-sequential,2,486,6.8894517984490955,1
5b173c7a2bdf99a46ab24da2,cpu-rwm-sequential,2,487,6.801911133181259,1
5b173c7a2bdf99a46ab24da2,cpu-rwm-sequential,2,488,6.801911133181259,1
5b173c7a2bdf99a46ab24da2,cpu-rwm-sequential,2,489,6.438017899213808,1
5b173c7a2bdf99a46ab24da2,cpu-rwm-sequential,2,490,7.219515148877675,1
5b173c7a2bdf99a46ab24da2,cpu-rwm-sequential,2,491,7.219515148877675,1
5b173c7a2bdf99a46ab24da2,cpu-rwm-sequential,2,492,7.219515148877675,1
5b173c7a2bdf99a46ab24da2,cpu-rwm-sequential,2,493,7.219515148877675,1
5b173c7a2bdf99a46ab24da2,cpu-rwm-sequential,2,494,7.219515148877675,1
5b173c7a2bdf99a46ab24da2,cpu-rwm-sequential,2,495,6.848150175615073,1
5b173c7a2bdf99a46ab24da2,cpu-rwm-sequential,2,496,6.848150175615073,1
5b173c7a2bdf99a46ab24da2,cpu-rwm-sequential,2,497,6.1262008380370165,1
5b173c7a2bdf99a46ab24da2,cpu-rwm-sequential,2,498,6.0247043282489265,1
5b173c7a2bdf99a46ab24da2,cpu-rwm-sequential,2,499,6.0247043282489265,1
5b173c7a2bdf99a46ab24da2,cpu-rwm-sequential,2,500,6.0247043282489265,1
5b173c7a2bdf99a46ab24da2,cpu-rwm-sequential,2,501,6.0247043282489265,1
5b173c7a2bdf99a46ab24da2,cpu-rwm-sequential,2,502,7.130502788243753,1
5b173c7a2bdf99a46ab24da2,cpu-rwm-sequential,2,503,7.130502788243753,1
5b173c7a2bdf99a46ab24da2,cpu-rwm-sequential,2,504,6.097682185738529,1
5b173c7a2bdf99a46ab24da2,cpu-rwm-sequential,2,505,6.097682185738529,1
5b173c7a2bdf99a46ab24da2,cpu-rwm-sequential,2,506,6.097682185738529,1
5b173c7a2bdf99a46ab24da2,cpu-rwm-sequential,2,507,6.097682185738529,1
5b173c7a2bdf99a46ab24da2,cpu-rwm-sequential,2,508,6.097682185738529,1
5b173c7a2bdf99a46ab24da2,cpu-rwm-sequential,2,509,6.097682185738529,1
5b173c7a2bdf99a46ab24da2,cpu-rwm-sequential,2,510,6.097682185738529,1
5b173c7a2bdf99a46ab24da2,cpu-rwm-sequential,2,511,6.097682185738529,1
5b173c7a2bdf99a46ab24da2,cpu-rwm-sequential,2,512,6.097682185738529,1
5b173c7a2bdf99a46ab24da2,cpu-rwm-sequential,2,513,6.2350270427859344,1
5b173c7a2bdf99a46ab24da2,cpu-rwm-sequential,2,514,6.2350270427859344,1
5b173c7a2bdf99a46ab24da2,cpu-rwm-sequential,2,515,5.957260939392924,1
5b173c7a2bdf99a46ab24da2,cpu-rwm-sequential,2,516,5.987236153398573,1
5b173c7a2bdf99a46ab24da2,cpu-rwm-sequential,2,517,5.987236153398573,1
5b173c7a2bdf99a46ab24da2,cpu-rwm-sequential,2,518,5.987236153398573,1
5b173c7a2bdf99a46ab24da2,cpu-rwm-sequential,2,519,4.890695204217256,1
5b173c7a2bdf99a46ab24da2,cpu-rwm-sequential,2,520,4.890695204217256,1
5b173c7a2bdf99a46ab24da2,cpu-rwm-sequential,2,521,4.890695204217256,1
5b173c7a2bdf99a46ab24da2,cpu-rwm-sequential,2,522,4.890695204217256,1
5b173c7a2bdf99a46ab24da2,cpu-rwm-sequential,2,523,4.890695204217256,1
5b173c7a2bdf99a46ab24da2,cpu-rwm-sequential,2,524,4.730864005475366,1
5b173c7a2bdf99a46ab24da2,cpu-rwm-sequential,2,525,4.730864005475366,1
5b173c7a2bdf99a46ab24da2,cpu-rwm-sequential,2,526,4.730864005475366,1
5b173c7a2bdf99a46ab24da2,cpu-rwm-sequential,2,527,4.730864005475366,1
5b173c7a2bdf99a46ab24da2,cpu-rwm-sequential,2,528,4.730864005475366,1
5b173c7a2bdf99a46ab24da2,cpu-rwm-sequential,2,529,4.730864005475366,1
5b173c7a2bdf99a46ab24da2,cpu-rwm-sequential,2,530,4.654774835932438,1
5b173c7a2bdf99a46ab24da2,cpu-rwm-sequential,2,531,4.654774835932438,1
5b173c7a2bdf99a46ab24da2,cpu-rwm-sequential,2,532,4.654774835932438,1
5b173c7a2bdf99a46ab24da2,cpu-rwm-sequential,2,533,4.654774835932438,1
5b173c7a2bdf99a46ab24da2,cpu-rwm-sequential,2,534,5.076613017484784,1
5b173c7a2bdf99a46ab24da2,cpu-rwm-sequential,2,535,5.108570716255021,1
5b173c7a2bdf99a46ab24da2,cpu-rwm-sequential,2,536,6.096696967939984,1
5b173c7a2bdf99a46ab24da2,cpu-rwm-sequential,2,537,6.096696967939984,1
5b173c7a2bdf99a46ab24da2,cpu-rwm-sequential,2,538,5.22285162313872,1
5b173c7a2bdf99a46ab24da2,cpu-rwm-sequential,2,539,5.22285162313872,1
5b173c7a2bdf99a46ab24da2,cpu-rwm-sequential,2,540,5.1135646193386375,1
5b173c7a2bdf99a46ab24da2,cpu-rwm-sequential,2,541,5.49437455637125,1
5b173c7a2bdf99a46ab24da2,cpu-rwm-sequential,2,542,5.49437455637125,1
5b173c7a2bdf99a46ab24da2,cpu-rwm-sequential,2,543,5.305559664930121,1
5b173c7a2bdf99a46ab24da2,cpu-rwm-sequential,2,544,5.305559664930121,1
5b173c7a2bdf99a46ab24da2,cpu-rwm-sequential,2,545,5.305559664930121,1
5b173c7a2bdf99a46ab24da2,cpu-rwm-sequential,2,546,5.305559664930121,1
5b173c7a2bdf99a46ab24da2,cpu-rwm-sequential,2,547,5.305559664930121,1
5b173c7a2bdf99a46ab24da2,cpu-rwm-sequential,2,548,5.305559664930121,1
5b173c7a2bdf99a46ab24da2,cpu-rwm-sequential,2,549,6.328512694726234,1
5b173c7a2bdf99a46ab24da2,cpu-rwm-sequential,2,550,6.328512694726234,1
5b173c7a2bdf99a46ab24da2,cpu-rwm-sequential,2,551,6.328512694726234,1
5b173c7a2bdf99a46ab24da2,cpu-rwm-sequential,2,552,6.328512694726234,1
5b173c7a2bdf99a46ab24da2,cpu-rwm-sequential,2,553,6.328512694726234,1
5b173c7a2bdf99a46ab24da2,cpu-rwm-sequential,2,554,6.328512694726234,1
5b173c7a2bdf99a46ab24da2,cpu-rwm-sequential,2,555,6.052429125727439,1
5b173c7a2bdf99a46ab24da2,cpu-rwm-sequential,2,556,5.890250365763261,1
5b173c7a2bdf99a46ab24da2,cpu-rwm-sequential,2,557,5.890250365763261,1
5b173c7a2bdf99a46ab24da2,cpu-rwm-sequential,2,558,5.890250365763261,1
5b173c7a2bdf99a46ab24da2,cpu-rwm-sequential,2,559,5.890250365763261,1
5b173c7a2bdf99a46ab24da2,cpu-rwm-sequential,2,560,5.890250365763261,1
5b173c7a2bdf99a46ab24da2,cpu-rwm-sequential,2,561,5.890250365763261,1
5b173c7a2bdf99a46ab24da2,cpu-rwm-sequential,2,562,6.057607576420084,1
5b173c7a2bdf99a46ab24da2,cpu-rwm-sequential,2,563,6.057607576420084,1
5b173c7a2bdf99a46ab24da2,cpu-rwm-sequential,2,564,6.057607576420084,1
5b173c7a2bdf99a46ab24da2,cpu-rwm-sequential,2,565,6.057607576420084,1
5b173c7a2bdf99a46ab24da2,cpu-rwm-sequential,2,566,6.057607576420084,1
5b173c7a2bdf99a46ab24da2,cpu-rwm-sequential,2,567,6.057607576420084,1
5b173c7a2bdf99a46ab24da2,cpu-rwm-sequential,2,568,5.935254730648799,1
5b173c7a2bdf99a46ab24da2,cpu-rwm-sequential,2,569,5.935254730648799,1
5b173c7a2bdf99a46ab24da2,cpu-rwm-sequential,2,570,5.935254730648799,1
5b173c7a2bdf99a46ab24da2,cpu-rwm-sequential,2,571,5.935254730648799,1
5b173c7a2bdf99a46ab24da2,cpu-rwm-sequential,2,572,5.309515898067616,1
5b173c7a2bdf99a46ab24da2,cpu-rwm-sequential,2,573,5.897190396090455,1
5b173c7a2bdf99a46ab24da2,cpu-rwm-sequential,2,574,5.897190396090455,1
5b173c7a2bdf99a46ab24da2,cpu-rwm-sequential,2,575,5.897190396090455,1
5b173c7a2bdf99a46ab24da2,cpu-rwm-sequential,2,576,5.897190396090455,1
5b173c7a2bdf99a46ab24da2,cpu-rwm-sequential,2,577,5.106872253683111,1
5b173c7a2bdf99a46ab24da2,cpu-rwm-sequential,2,578,5.106872253683111,1
5b173c7a2bdf99a46ab24da2,cpu-rwm-sequential,2,579,5.106872253683111,1
5b173c7a2bdf99a46ab24da2,cpu-rwm-sequential,2,580,5.215187440187668,1
5b173c7a2bdf99a46ab24da2,cpu-rwm-sequential,2,581,6.114756643695791,1
5b173c7a2bdf99a46ab24da2,cpu-rwm-sequential,2,582,6.114756643695791,1
5b173c7a2bdf99a46ab24da2,cpu-rwm-sequential,2,583,6.114756643695791,1
5b173c7a2bdf99a46ab24da2,cpu-rwm-sequential,2,584,6.114756643695791,1
5b173c7a2bdf99a46ab24da2,cpu-rwm-sequential,2,585,5.379655024820456,1
5b173c7a2bdf99a46ab24da2,cpu-rwm-sequential,2,586,5.379655024820456,1
5b173c7a2bdf99a46ab24da2,cpu-rwm-sequential,2,587,6.528176844319063,1
5b173c7a2bdf99a46ab24da2,cpu-rwm-sequential,2,588,4.890158759951892,1
5b173c7a2bdf99a46ab24da2,cpu-rwm-sequential,2,589,4.8527741784032425,1
5b173c7a2bdf99a46ab24da2,cpu-rwm-sequential,2,590,4.8527741784032425,1
5b173c7a2bdf99a46ab24da2,cpu-rwm-sequential,2,591,4.411839974793762,1
5b173c7a2bdf99a46ab24da2,cpu-rwm-sequential,2,592,4.411839974793762,1
5b173c7a2bdf99a46ab24da2,cpu-rwm-sequential,2,593,4.411839974793762,1
5b173c7a2bdf99a46ab24da2,cpu-rwm-sequential,2,594,4.411839974793762,1
5b173c7a2bdf99a46ab24da2,cpu-rwm-sequential,2,595,4.411839974793762,1
5b173c7a2bdf99a46ab24da2,cpu-rwm-sequential,2,596,4.411839974793762,1
5b173c7a2bdf99a46ab24da2,cpu-rwm-sequential,2,597,4.411839974793762,1
5b173c7a2bdf99a46ab24da2,cpu-rwm-sequential,2,598,4.411839974793762,1
5b173c7a2bdf99a46ab24da2,cpu-rwm-sequential,2,599,4.658011523171337,1
5b173c7a2bdf99a46ab24da2,cpu-rwm-sequential,2,600,4.431514835494519,1
5b173c7a2bdf99a46ab24da2,cpu-rwm-sequential,2,601,4.45177066727426,1
5b173c7a2bdf99a46ab24da2,cpu-rwm-sequential,2,602,4.798128948340726,1
5b173c7a2bdf99a46ab24da2,cpu-rwm-sequential,2,603,3.9926454084285825,1
5b173c7a2bdf99a46ab24da2,cpu-rwm-sequential,2,604,4.483086377594138,1
5b173c7a2bdf99a46ab24da2,cpu-rwm-sequential,2,605,4.483086377594138,1
5b173c7a2bdf99a46ab24da2,cpu-rwm-sequential,2,606,4.483086377594138,1
5b173c7a2bdf99a46ab24da2,cpu-rwm-sequential,2,607,4.483086377594138,1
5b173c7a2bdf99a46ab24da2,cpu-rwm-sequential,2,608,4.483086377594138,1
5b173c7a2bdf99a46ab24da2,cpu-rwm-sequential,2,609,4.483086377594138,1
5b173c7a2bdf99a46ab24da2,cpu-rwm-sequential,2,610,4.236925457017002,1
5b173c7a2bdf99a46ab24da2,cpu-rwm-sequential,2,611,4.236925457017002,1
5b173c7a2bdf99a46ab24da2,cpu-rwm-sequential,2,612,4.236925457017002,1
5b173c7a2bdf99a46ab24da2,cpu-rwm-sequential,2,613,3.973791349963615,1
5b173c7a2bdf99a46ab24da2,cpu-rwm-sequential,2,614,3.973791349963615,1
5b173c7a2bdf99a46ab24da2,cpu-rwm-sequential,2,615,3.973791349963615,1
5b173c7a2bdf99a46ab24da2,cpu-rwm-sequential,2,616,3.973791349963615,1
5b173c7a2bdf99a46ab24da2,cpu-rwm-sequential,2,617,3.973791349963615,1
5b173c7a2bdf99a46ab24da2,cpu-rwm-sequential,2,618,3.7507524294728314,1
5b173c7a2bdf99a46ab24da2,cpu-rwm-sequential,2,619,3.7507524294728314,1
5b173c7a2bdf99a46ab24da2,cpu-rwm-sequential,2,620,3.7507524294728314,1
5b173c7a2bdf99a46ab24da2,cpu-rwm-sequential,2,621,3.7507524294728314,1
5b173c7a2bdf99a46ab24da2,cpu-rwm-sequential,2,622,3.7507524294728314,1
5b173c7a2bdf99a46ab24da2,cpu-rwm-sequential,2,623,3.7507524294728314,1
5b173c7a2bdf99a46ab24da2,cpu-rwm-sequential,2,624,3.7507524294728314,1
5b173c7a2bdf99a46ab24da2,cpu-rwm-sequential,2,625,3.8585102559187656,1
5b173c7a2bdf99a46ab24da2,cpu-rwm-sequential,2,626,4.545769524591973,1
5b173c7a2bdf99a46ab24da2,cpu-rwm-sequential,2,627,4.545769524591973,1
5b173c7a2bdf99a46ab24da2,cpu-rwm-sequential,2,628,4.8942192592231635,1
5b173c7a2bdf99a46ab24da2,cpu-rwm-sequential,2,629,5.534212316203501,1
5b173c7a2bdf99a46ab24da2,cpu-rwm-sequential,2,630,5.079007096823385,1
5b173c7a2bdf99a46ab24da2,cpu-rwm-sequential,2,631,5.079007096823385,1
5b173c7a2bdf99a46ab24da2,cpu-rwm-sequential,2,632,5.079007096823385,1
5b173c7a2bdf99a46ab24da2,cpu-rwm-sequential,2,633,5.079007096823385,1
5b173c7a2bdf99a46ab24da2,cpu-rwm-sequential,2,634,3.266764061901063,1
5b173c7a2bdf99a46ab24da2,cpu-rwm-sequential,2,635,3.266764061901063,1
5b173c7a2bdf99a46ab24da2,cpu-rwm-sequential,2,636,3.266764061901063,1
5b173c7a2bdf99a46ab24da2,cpu-rwm-sequential,2,637,3.3753220553825356,1
5b173c7a2bdf99a46ab24da2,cpu-rwm-sequential,2,638,3.3753220553825356,1
5b173c7a2bdf99a46ab24da2,cpu-rwm-sequential,2,639,3.3753220553825356,1
5b173c7a2bdf99a46ab24da2,cpu-rwm-sequential,2,640,3.419812826618585,1
5b173c7a2bdf99a46ab24da2,cpu-rwm-sequential,2,641,3.419812826618585,1
5b173c7a2bdf99a46ab24da2,cpu-rwm-sequential,2,642,3.831733325429627,1
5b173c7a2bdf99a46ab24da2,cpu-rwm-sequential,2,643,3.506586399695056,1
5b173c7a2bdf99a46ab24da2,cpu-rwm-sequential,2,644,2.7209785369511676,1
5b173c7a2bdf99a46ab24da2,cpu-rwm-sequential,2,645,2.7209785369511676,1
5b173c7a2bdf99a46ab24da2,cpu-rwm-sequential,2,646,2.7209785369511676,1
5b173c7a2bdf99a46ab24da2,cpu-rwm-sequential,2,647,3.4282480451998523,1
5b173c7a2bdf99a46ab24da2,cpu-rwm-sequential,2,648,4.971742033065773,1
5b173c7a2bdf99a46ab24da2,cpu-rwm-sequential,2,649,4.539335058030601,1
5b173c7a2bdf99a46ab24da2,cpu-rwm-sequential,2,650,5.156598589028939,1
5b173c7a2bdf99a46ab24da2,cpu-rwm-sequential,2,651,4.478411822348379,1
5b173c7a2bdf99a46ab24da2,cpu-rwm-sequential,2,652,3.6506807460595816,1
5b173c7a2bdf99a46ab24da2,cpu-rwm-sequential,2,653,3.6506807460595816,1
5b173c7a2bdf99a46ab24da2,cpu-rwm-sequential,2,654,3.6506807460595816,1
5b173c7a2bdf99a46ab24da2,cpu-rwm-sequential,2,655,4.553302803032161,1
5b173c7a2bdf99a46ab24da2,cpu-rwm-sequential,2,656,5.321689861857817,1
5b173c7a2bdf99a46ab24da2,cpu-rwm-sequential,2,657,4.343497540458526,1
5b173c7a2bdf99a46ab24da2,cpu-rwm-sequential,2,658,4.343497540458526,1
5b173c7a2bdf99a46ab24da2,cpu-rwm-sequential,2,659,5.071705930613583,1
5b173c7a2bdf99a46ab24da2,cpu-rwm-sequential,2,660,5.071705930613583,1
5b173c7a2bdf99a46ab24da2,cpu-rwm-sequential,2,661,5.071705930613583,1
5b173c7a2bdf99a46ab24da2,cpu-rwm-sequential,2,662,3.6196815176450974,1
5b173c7a2bdf99a46ab24da2,cpu-rwm-sequential,2,663,4.304978156253838,1
5b173c7a2bdf99a46ab24da2,cpu-rwm-sequential,2,664,4.304978156253838,1
5b173c7a2bdf99a46ab24da2,cpu-rwm-sequential,2,665,4.304978156253838,1
5b173c7a2bdf99a46ab24da2,cpu-rwm-sequential,2,666,4.931775864377196,1
5b173c7a2bdf99a46ab24da2,cpu-rwm-sequential,2,667,4.931775864377196,1
5b173c7a2bdf99a46ab24da2,cpu-rwm-sequential,2,668,6.475145717328867,1
5b173c7a2bdf99a46ab24da2,cpu-rwm-sequential,2,669,6.475145717328867,1
5b173c7a2bdf99a46ab24da2,cpu-rwm-sequential,2,670,6.475145717328867,1
5b173c7a2bdf99a46ab24da2,cpu-rwm-sequential,2,671,6.17531181439595,1
5b173c7a2bdf99a46ab24da2,cpu-rwm-sequential,2,672,5.695307740720717,1
5b173c7a2bdf99a46ab24da2,cpu-rwm-sequential,2,673,5.695307740720717,1
5b173c7a2bdf99a46ab24da2,cpu-rwm-sequential,2,674,5.695307740720717,1
5b173c7a2bdf99a46ab24da2,cpu-rwm-sequential,2,675,5.695307740720717,1
5b173c7a2bdf99a46ab24da2,cpu-rwm-sequential,2,676,5.695307740720717,1
5b173c7a2bdf99a46ab24da2,cpu-rwm-sequential,2,677,5.695307740720717,1
5b173c7a2bdf99a46ab24da2,cpu-rwm-sequential,2,678,5.792693771350684,1
5b173c7a2bdf99a46ab24da2,cpu-rwm-sequential,2,679,5.792693771350684,1
5b173c7a2bdf99a46ab24da2,cpu-rwm-sequential,2,680,5.792693771350684,1
5b173c7a2bdf99a46ab24da2,cpu-rwm-sequential,2,681,5.792693771350684,1
5b173c7a2bdf99a46ab24da2,cpu-rwm-sequential,2,682,6.21548404535722,1
5b173c7a2bdf99a46ab24da2,cpu-rwm-sequential,2,683,7.802841214319381,1
5b173c7a2bdf99a46ab24da2,cpu-rwm-sequential,2,684,6.07132899949771,1
5b173c7a2bdf99a46ab24da2,cpu-rwm-sequential,2,685,6.07132899949771,1
5b173c7a2bdf99a46ab24da2,cpu-rwm-sequential,2,686,6.07132899949771,1
5b173c7a2bdf99a46ab24da2,cpu-rwm-sequential,2,687,6.07132899949771,1
5b173c7a2bdf99a46ab24da2,cpu-rwm-sequential,2,688,6.07132899949771,1
5b173c7a2bdf99a46ab24da2,cpu-rwm-sequential,2,689,6.07132899949771,1
5b173c7a2bdf99a46ab24da2,cpu-rwm-sequential,2,690,6.07132899949771,1
5b173c7a2bdf99a46ab24da2,cpu-rwm-sequential,2,691,6.07132899949771,1
5b173c7a2bdf99a46ab24da2,cpu-rwm-sequential,2,692,6.07132899949771,1
5b173c7a2bdf99a46ab24da2,cpu-rwm-sequential,2,693,6.07132899949771,1
5b173c7a2bdf99a46ab24da2,cpu-rwm-sequential,2,694,6.07132899949771,1
5b173c7a2bdf99a46ab24da2,cpu-rwm-sequential,2,695,6.2569796257819075,1
5b173c7a2bdf99a46ab24da2,cpu-rwm-sequential,2,696,3.817370115198469,1
5b173c7a2bdf99a46ab24da2,cpu-rwm-sequential,2,697,3.817370115198469,1
5b173c7a2bdf99a46ab24da2,cpu-rwm-sequential,2,698,3.817370115198469,1
5b173c7a2bdf99a46ab24da2,cpu-rwm-sequential,2,699,3.817370115198469,1
5b173c7a2bdf99a46ab24da2,cpu-rwm-sequential,2,700,3.817370115198469,1
5b173c7a2bdf99a46ab24da2,cpu-rwm-sequential,2,701,4.43231233947921,1
5b173c7a2bdf99a46ab24da2,cpu-rwm-sequential,2,702,4.43231233947921,1
5b173c7a2bdf99a46ab24da2,cpu-rwm-sequential,2,703,4.43231233947921,1
5b173c7a2bdf99a46ab24da2,cpu-rwm-sequential,2,704,4.29845271407825,1
5b173c7a2bdf99a46ab24da2,cpu-rwm-sequential,2,705,4.29845271407825,1
5b173c7a2bdf99a46ab24da2,cpu-rwm-sequential,2,706,4.29845271407825,1
5b173c7a2bdf99a46ab24da2,cpu-rwm-sequential,2,707,4.29845271407825,1
5b173c7a2bdf99a46ab24da2,cpu-rwm-sequential,2,708,4.29845271407825,1
5b173c7a2bdf99a46ab24da2,cpu-rwm-sequential,2,709,5.44334512868296,1
5b173c7a2bdf99a46ab24da2,cpu-rwm-sequential,2,710,4.59547562173732,1
5b173c7a2bdf99a46ab24da2,cpu-rwm-sequential,2,711,4.59547562173732,1
5b173c7a2bdf99a46ab24da2,cpu-rwm-sequential,2,712,3.9085844759240747,1
5b173c7a2bdf99a46ab24da2,cpu-rwm-sequential,2,713,4.1326324381442685,1
5b173c7a2bdf99a46ab24da2,cpu-rwm-sequential,2,714,4.1326324381442685,1
5b173c7a2bdf99a46ab24da2,cpu-rwm-sequential,2,715,4.1326324381442685,1
5b173c7a2bdf99a46ab24da2,cpu-rwm-sequential,2,716,4.853255974715203,1
5b173c7a2bdf99a46ab24da2,cpu-rwm-sequential,2,717,4.853255974715203,1
5b173c7a2bdf99a46ab24da2,cpu-rwm-sequential,2,718,4.853255974715203,1
5b173c7a2bdf99a46ab24da2,cpu-rwm-sequential,2,719,4.853255974715203,1
5b173c7a2bdf99a46ab24da2,cpu-rwm-sequential,2,720,4.853255974715203,1
5b173c7a2bdf99a46ab24da2,cpu-rwm-sequential,2,721,4.853255974715203,1
5b173c7a2bdf99a46ab24da2,cpu-rwm-sequential,2,722,4.982811161711607,1
5b173c7a2bdf99a46ab24da2,cpu-rwm-sequential,2,723,4.982811161711607,1
5b173c7a2bdf99a46ab24da2,cpu-rwm-sequential,2,724,4.635873998047426,1
5b173c7a2bdf99a46ab24da2,cpu-rwm-sequential,2,725,4.635873998047426,1
5b173c7a2bdf99a46ab24da2,cpu-rwm-sequential,2,726,4.635873998047426,1
5b173c7a2bdf99a46ab24da2,cpu-rwm-sequential,2,727,4.635873998047426,1
5b173c7a2bdf99a46ab24da2,cpu-rwm-sequential,2,728,4.635873998047426,1
5b173c7a2bdf99a46ab24da2,cpu-rwm-sequential,2,729,4.930924558195267,1
5b173c7a2bdf99a46ab24da2,cpu-rwm-sequential,2,730,4.930924558195267,1
5b173c7a2bdf99a46ab24da2,cpu-rwm-sequential,2,731,4.930924558195267,1
5b173c7a2bdf99a46ab24da2,cpu-rwm-sequential,2,732,4.930924558195267,1
5b173c7a2bdf99a46ab24da2,cpu-rwm-sequential,2,733,4.930924558195267,1
5b173c7a2bdf99a46ab24da2,cpu-rwm-sequential,2,734,4.930924558195267,1
5b173c7a2bdf99a46ab24da2,cpu-rwm-sequential,2,735,4.930924558195267,1
5b173c7a2bdf99a46ab24da2,cpu-rwm-sequential,2,736,4.930924558195267,1
5b173c7a2bdf99a46ab24da2,cpu-rwm-sequential,2,737,4.930924558195267,1
5b173c7a2bdf99a46ab24da2,cpu-rwm-sequential,2,738,4.930924558195267,1
5b173c7a2bdf99a46ab24da2,cpu-rwm-sequential,2,739,4.930924558195267,1
5b173c7a2bdf99a46ab24da2,cpu-rwm-sequential,2,740,4.930924558195267,1
5b173c7a2bdf99a46ab24da2,cpu-rwm-sequential,2,741,4.62521574242149,1
5b173c7a2bdf99a46ab24da2,cpu-rwm-sequential,2,742,4.62521574242149,1
5b173c7a2bdf99a46ab24da2,cpu-rwm-sequential,2,743,4.62521574242149,1
5b173c7a2bdf99a46ab24da2,cpu-rwm-sequential,2,744,4.62521574242149,1
5b173c7a2bdf99a46ab24da2,cpu-rwm-sequential,2,745,4.62521574242149,1
5b173c7a2bdf99a46ab24da2,cpu-rwm-sequential,2,746,4.62521574242149,1
5b173c7a2bdf99a46ab24da2,cpu-rwm-sequential,2,747,4.62521574242149,1
5b173c7a2bdf99a46ab24da2,cpu-rwm-sequential,2,748,4.62521574242149,1
5b173c7a2bdf99a46ab24da2,cpu-rwm-sequential,2,749,4.62521574242149,1
5b173c7a2bdf99a46ab24da2,cpu-rwm-sequential,2,750,4.62521574242149,1
5b173c7a2bdf99a46ab24da2,cpu-rwm-sequential,2,751,5.145618036207143,1
5b173c7a2bdf99a46ab24da2,cpu-rwm-sequential,2,752,5.145618036207143,1
5b173c7a2bdf99a46ab24da2,cpu-rwm-sequential,2,753,5.145618036207143,1
5b173c7a2bdf99a46ab24da2,cpu-rwm-sequential,2,754,3.929092289919798,1
5b173c7a2bdf99a46ab24da2,cpu-rwm-sequential,2,755,5.652192144893991,1
5b173c7a2bdf99a46ab24da2,cpu-rwm-sequential,2,756,5.652192144893991,1
5b173c7a2bdf99a46ab24da2,cpu-rwm-sequential,2,757,5.652192144893991,1
5b173c7a2bdf99a46ab24da2,cpu-rwm-sequential,2,758,5.652192144893991,1
5b173c7a2bdf99a46ab24da2,cpu-rwm-sequential,2,759,5.652192144893991,1
5b173c7a2bdf99a46ab24da2,cpu-rwm-sequential,2,760,5.652192144893991,1
5b173c7a2bdf99a46ab24da2,cpu-rwm-sequential,2,761,5.652192144893991,1
5b173c7a2bdf99a46ab24da2,cpu-rwm-sequential,2,762,5.652192144893991,1
5b173c7a2bdf99a46ab24da2,cpu-rwm-sequential,2,763,5.652192144893991,1
5b173c7a2bdf99a46ab24da2,cpu-rwm-sequential,2,764,5.336653794229101,1
5b173c7a2bdf99a46ab24da2,cpu-rwm-sequential,2,765,5.336653794229101,1
5b173c7a2bdf99a46ab24da2,cpu-rwm-sequential,2,766,5.336653794229101,1
5b173c7a2bdf99a46ab24da2,cpu-rwm-sequential,2,767,5.336653794229101,1
5b173c7a2bdf99a46ab24da2,cpu-rwm-sequential,2,768,5.336653794229101,1
5b173c7a2bdf99a46ab24da2,cpu-rwm-sequential,2,769,4.684676023465943,1
5b173c7a2bdf99a46ab24da2,cpu-rwm-sequential,2,770,4.684676023465943,1
5b173c7a2bdf99a46ab24da2,cpu-rwm-sequential,2,771,4.209584254306777,1
5b173c7a2bdf99a46ab24da2,cpu-rwm-sequential,2,772,4.209584254306777,1
5b173c7a2bdf99a46ab24da2,cpu-rwm-sequential,2,773,4.209584254306777,1
5b173c7a2bdf99a46ab24da2,cpu-rwm-sequential,2,774,4.209584254306777,1
5b173c7a2bdf99a46ab24da2,cpu-rwm-sequential,2,775,4.209584254306777,1
5b173c7a2bdf99a46ab24da2,cpu-rwm-sequential,2,776,4.209584254306777,1
5b173c7a2bdf99a46ab24da2,cpu-rwm-sequential,2,777,4.209584254306777,1
5b173c7a2bdf99a46ab24da2,cpu-rwm-sequential,2,778,4.209584254306777,1
5b173c7a2bdf99a46ab24da2,cpu-rwm-sequential,2,779,4.209584254306777,1
5b173c7a2bdf99a46ab24da2,cpu-rwm-sequential,2,780,4.209584254306777,1
5b173c7a2bdf99a46ab24da2,cpu-rwm-sequential,2,781,4.973270674679812,1
5b173c7a2bdf99a46ab24da2,cpu-rwm-sequential,2,782,5.483942212288598,1
5b173c7a2bdf99a46ab24da2,cpu-rwm-sequential,2,783,5.483942212288598,1
5b173c7a2bdf99a46ab24da2,cpu-rwm-sequential,2,784,5.263682604787746,1
5b173c7a2bdf99a46ab24da2,cpu-rwm-sequential,2,785,5.263682604787746,1
5b173c7a2bdf99a46ab24da2,cpu-rwm-sequential,2,786,5.263682604787746,1
5b173c7a2bdf99a46ab24da2,cpu-rwm-sequential,2,787,6.088002115647402,1
5b173c7a2bdf99a46ab24da2,cpu-rwm-sequential,2,788,6.088002115647402,1
5b173c7a2bdf99a46ab24da2,cpu-rwm-sequential,2,789,5.475410833630447,1
5b173c7a2bdf99a46ab24da2,cpu-rwm-sequential,2,790,5.475410833630447,1
5b173c7a2bdf99a46ab24da2,cpu-rwm-sequential,2,791,5.475410833630447,1
5b173c7a2bdf99a46ab24da2,cpu-rwm-sequential,2,792,5.475410833630447,1
5b173c7a2bdf99a46ab24da2,cpu-rwm-sequential,2,793,4.378173389593272,1
5b173c7a2bdf99a46ab24da2,cpu-rwm-sequential,2,794,4.378173389593272,1
5b173c7a2bdf99a46ab24da2,cpu-rwm-sequential,2,795,4.378173389593272,1
5b173c7a2bdf99a46ab24da2,cpu-rwm-sequential,2,796,4.378173389593272,1
5b173c7a2bdf99a46ab24da2,cpu-rwm-sequential,2,797,4.378173389593272,1
5b173c7a2bdf99a46ab24da2,cpu-rwm-sequential,2,798,4.378173389593272,1
5b173c7a2bdf99a46ab24da2,cpu-rwm-sequential,2,799,4.378173389593272,1
5b173c7a2bdf99a46ab24da2,cpu-rwm-sequential,2,800,3.528139077126254,1
5b173c7a2bdf99a46ab24da2,cpu-rwm-sequential,2,801,3.528139077126254,1
5b173c7a2bdf99a46ab24da2,cpu-rwm-sequential,2,802,3.528139077126254,1
5b173c7a2bdf99a46ab24da2,cpu-rwm-sequential,2,803,3.179517623853175,1
5b173c7a2bdf99a46ab24da2,cpu-rwm-sequential,2,804,3.179517623853175,1
5b173c7a2bdf99a46ab24da2,cpu-rwm-sequential,2,805,3.179517623853175,1
5b173c7a2bdf99a46ab24da2,cpu-rwm-sequential,2,806,3.179517623853175,1
5b173c7a2bdf99a46ab24da2,cpu-rwm-sequential,2,807,3.179517623853175,1
5b173c7a2bdf99a46ab24da2,cpu-rwm-sequential,2,808,3.179517623853175,1
5b173c7a2bdf99a46ab24da2,cpu-rwm-sequential,2,809,3.179517623853175,1
5b173c7a2bdf99a46ab24da2,cpu-rwm-sequential,2,810,3.8465120674377746,1
5b173c7a2bdf99a46ab24da2,cpu-rwm-sequential,2,811,3.8465120674377746,1
5b173c7a2bdf99a46ab24da2,cpu-rwm-sequential,2,812,3.8465120674377746,1
5b173c7a2bdf99a46ab24da2,cpu-rwm-sequential,2,813,4.236807014066555,1
5b173c7a2bdf99a46ab24da2,cpu-rwm-sequential,2,814,4.236807014066555,1
5b173c7a2bdf99a46ab24da2,cpu-rwm-sequential,2,815,4.475466569939819,1
5b173c7a2bdf99a46ab24da2,cpu-rwm-sequential,2,816,4.402435287790954,1
5b173c7a2bdf99a46ab24da2,cpu-rwm-sequential,2,817,4.832019454351398,1
5b173c7a2bdf99a46ab24da2,cpu-rwm-sequential,2,818,4.832019454351398,1
5b173c7a2bdf99a46ab24da2,cpu-rwm-sequential,2,819,4.482943935381881,1
5b173c7a2bdf99a46ab24da2,cpu-rwm-sequential,2,820,4.482943935381881,1
5b173c7a2bdf99a46ab24da2,cpu-rwm-sequential,2,821,4.482943935381881,1
5b173c7a2bdf99a46ab24da2,cpu-rwm-sequential,2,822,4.482943935381881,1
5b173c7a2bdf99a46ab24da2,cpu-rwm-sequential,2,823,4.3568483865613,1
5b173c7a2bdf99a46ab24da2,cpu-rwm-sequential,2,824,4.3568483865613,1
5b173c7a2bdf99a46ab24da2,cpu-rwm-sequential,2,825,5.594319944771817,1
5b173c7a2bdf99a46ab24da2,cpu-rwm-sequential,2,826,5.782680620430546,1
5b173c7a2bdf99a46ab24da2,cpu-rwm-sequential,2,827,5.625788542446009,1
5b173c7a2bdf99a46ab24da2,cpu-rwm-sequential,2,828,5.625788542446009,1
5b173c7a2bdf99a46ab24da2,cpu-rwm-sequential,2,829,5.625788542446009,1
5b173c7a2bdf99a46ab24da2,cpu-rwm-sequential,2,830,5.625788542446009,1
5b173c7a2bdf99a46ab24da2,cpu-rwm-sequential,2,831,5.625788542446009,1
5b173c7a2bdf99a46ab24da2,cpu-rwm-sequential,2,832,5.625788542446009,1
5b173c7a2bdf99a46ab24da2,cpu-rwm-sequential,2,833,5.625788542446009,1
5b173c7a2bdf99a46ab24da2,cpu-rwm-sequential,2,834,5.625788542446009,1
5b173c7a2bdf99a46ab24da2,cpu-rwm-sequential,2,835,5.625788542446009,1
5b173c7a2bdf99a46ab24da2,cpu-rwm-sequential,2,836,5.625788542446009,1
5b173c7a2bdf99a46ab24da2,cpu-rwm-sequential,2,837,4.157241058816238,1
5b173c7a2bdf99a46ab24da2,cpu-rwm-sequential,2,838,4.157241058816238,1
5b173c7a2bdf99a46ab24da2,cpu-rwm-sequential,2,839,4.157241058816238,1
5b173c7a2bdf99a46ab24da2,cpu-rwm-sequential,2,840,4.157241058816238,1
5b173c7a2bdf99a46ab24da2,cpu-rwm-sequential,2,841,4.157241058816238,1
5b173c7a2bdf99a46ab24da2,cpu-rwm-sequential,2,842,4.157241058816238,1
5b173c7a2bdf99a46ab24da2,cpu-rwm-sequential,2,843,4.157241058816238,1
5b173c7a2bdf99a46ab24da2,cpu-rwm-sequential,2,844,4.693215904067912,1
5b173c7a2bdf99a46ab24da2,cpu-rwm-sequential,2,845,4.693215904067912,1
5b173c7a2bdf99a46ab24da2,cpu-rwm-sequential,2,846,4.693215904067912,1
5b173c7a2bdf99a46ab24da2,cpu-rwm-sequential,2,847,4.7575877432619444,1
5b173c7a2bdf99a46ab24da2,cpu-rwm-sequential,2,848,4.7575877432619444,1
5b173c7a2bdf99a46ab24da2,cpu-rwm-sequential,2,849,4.622278236189138,1
5b173c7a2bdf99a46ab24da2,cpu-rwm-sequential,2,850,4.622278236189138,1
5b173c7a2bdf99a46ab24da2,cpu-rwm-sequential,2,851,4.622278236189138,1
5b173c7a2bdf99a46ab24da2,cpu-rwm-sequential,2,852,4.622278236189138,1
5b173c7a2bdf99a46ab24da2,cpu-rwm-sequential,2,853,4.622278236189138,1
5b173c7a2bdf99a46ab24da2,cpu-rwm-sequential,2,854,4.622278236189138,1
5b173c7a2bdf99a46ab24da2,cpu-rwm-sequential,2,855,4.622278236189138,1
5b173c7a2bdf99a46ab24da2,cpu-rwm-sequential,2,856,4.622278236189138,1
5b173c7a2bdf99a46ab24da2,cpu-rwm-sequential,2,857,4.622278236189138,1
5b173c7a2bdf99a46ab24da2,cpu-rwm-sequential,2,858,4.820257209236019,1
5b173c7a2bdf99a46ab24da2,cpu-rwm-sequential,2,859,4.820257209236019,1
5b173c7a2bdf99a46ab24da2,cpu-rwm-sequential,2,860,4.820257209236019,1
5b173c7a2bdf99a46ab24da2,cpu-rwm-sequential,2,861,4.618387694923442,1
5b173c7a2bdf99a46ab24da2,cpu-rwm-sequential,2,862,4.618387694923442,1
5b173c7a2bdf99a46ab24da2,cpu-rwm-sequential,2,863,4.618387694923442,1
5b173c7a2bdf99a46ab24da2,cpu-rwm-sequential,2,864,4.618387694923442,1
5b173c7a2bdf99a46ab24da2,cpu-rwm-sequential,2,865,4.618387694923442,1
5b173c7a2bdf99a46ab24da2,cpu-rwm-sequential,2,866,4.618387694923442,1
5b173c7a2bdf99a46ab24da2,cpu-rwm-sequential,2,867,4.618387694923442,1
5b173c7a2bdf99a46ab24da2,cpu-rwm-sequential,2,868,4.618387694923442,1
5b173c7a2bdf99a46ab24da2,cpu-rwm-sequential,2,869,4.618387694923442,1
5b173c7a2bdf99a46ab24da2,cpu-rwm-sequential,2,870,4.618387694923442,1
5b173c7a2bdf99a46ab24da2,cpu-rwm-sequential,2,871,4.618387694923442,1
5b173c7a2bdf99a46ab24da2,cpu-rwm-sequential,2,872,4.618387694923442,1
5b173c7a2bdf99a46ab24da2,cpu-rwm-sequential,2,873,4.618387694923442,1
5b173c7a2bdf99a46ab24da2,cpu-rwm-sequential,2,874,4.618387694923442,1
5b173c7a2bdf99a46ab24da2,cpu-rwm-sequential,2,875,4.618387694923442,1
5b173c7a2bdf99a46ab24da2,cpu-rwm-sequential,2,876,4.618387694923442,1
5b173c7a2bdf99a46ab24da2,cpu-rwm-sequential,2,877,4.618387694923442,1
5b173c7a2bdf99a46ab24da2,cpu-rwm-sequential,2,878,4.618387694923442,1
5b173c7a2bdf99a46ab24da2,cpu-rwm-sequential,2,879,4.618387694923442,1
5b173c7a2bdf99a46ab24da2,cpu-rwm-sequential,2,880,4.9627052862967505,1
5b173c7a2bdf99a46ab24da2,cpu-rwm-sequential,2,881,4.9627052862967505,1
5b173c7a2bdf99a46ab24da2,cpu-rwm-sequential,2,882,5.25519926769097,1
5b173c7a2bdf99a46ab24da2,cpu-rwm-sequential,2,883,5.25519926769097,1
5b173c7a2bdf99a46ab24da2,cpu-rwm-sequential,2,884,5.25519926769097,1
5b173c7a2bdf99a46ab24da2,cpu-rwm-sequential,2,885,5.25519926769097,1
5b173c7a2bdf99a46ab24da2,cpu-rwm-sequential,2,886,5.25519926769097,1
5b173c7a2bdf99a46ab24da2,cpu-rwm-sequential,2,887,4.8820338722471925,1
5b173c7a2bdf99a46ab24da2,cpu-rwm-sequential,2,888,4.8820338722471925,1
5b173c7a2bdf99a46ab24da2,cpu-rwm-sequential,2,889,4.8820338722471925,1
5b173c7a2bdf99a46ab24da2,cpu-rwm-sequential,2,890,4.966350974396985,1
5b173c7a2bdf99a46ab24da2,cpu-rwm-sequential,2,891,4.5837913366144125,1
5b173c7a2bdf99a46ab24da2,cpu-rwm-sequential,2,892,4.5837913366144125,1
5b173c7a2bdf99a46ab24da2,cpu-rwm-sequential,2,893,4.5837913366144125,1
5b173c7a2bdf99a46ab24da2,cpu-rwm-sequential,2,894,4.5837913366144125,1
5b173c7a2bdf99a46ab24da2,cpu-rwm-sequential,2,895,4.5837913366144125,1
5b173c7a2bdf99a46ab24da2,cpu-rwm-sequential,2,896,4.5837913366144125,1
5b173c7a2bdf99a46ab24da2,cpu-rwm-sequential,2,897,4.5837913366144125,1
5b173c7a2bdf99a46ab24da2,cpu-rwm-sequential,2,898,4.5837913366144125,1
5b173c7a2bdf99a46ab24da2,cpu-rwm-sequential,2,899,4.01586117521513,1
5b173c7a2bdf99a46ab24da2,cpu-rwm-sequential,2,900,4.01586117521513,1
5b173c7a2bdf99a46ab24da2,cpu-rwm-sequential,2,901,4.01586117521513,1
5b173c7a2bdf99a46ab24da2,cpu-rwm-sequential,2,902,4.01586117521513,1
5b173c7a2bdf99a46ab24da2,cpu-rwm-sequential,2,903,4.01586117521513,1
5b173c7a2bdf99a46ab24da2,cpu-rwm-sequential,2,904,5.287371633937449,1
5b173c7a2bdf99a46ab24da2,cpu-rwm-sequential,2,905,5.920862719780443,1
5b173c7a2bdf99a46ab24da2,cpu-rwm-sequential,2,906,5.920862719780443,1
5b173c7a2bdf99a46ab24da2,cpu-rwm-sequential,2,907,5.920862719780443,1
5b173c7a2bdf99a46ab24da2,cpu-rwm-sequential,2,908,5.920862719780443,1
5b173c7a2bdf99a46ab24da2,cpu-rwm-sequential,2,909,5.920862719780443,1
5b173c7a2bdf99a46ab24da2,cpu-rwm-sequential,2,910,5.920862719780443,1
5b173c7a2bdf99a46ab24da2,cpu-rwm-sequential,2,911,5.920862719780443,1
5b173c7a2bdf99a46ab24da2,cpu-rwm-sequential,2,912,5.920862719780443,1
5b173c7a2bdf99a46ab24da2,cpu-rwm-sequential,2,913,5.920862719780443,1
5b173c7a2bdf99a46ab24da2,cpu-rwm-sequential,2,914,5.920862719780443,1
5b173c7a2bdf99a46ab24da2,cpu-rwm-sequential,2,915,6.776874665041553,1
5b173c7a2bdf99a46ab24da2,cpu-rwm-sequential,2,916,6.776874665041553,1
5b173c7a2bdf99a46ab24da2,cpu-rwm-sequential,2,917,6.522723013745585,1
5b173c7a2bdf99a46ab24da2,cpu-rwm-sequential,2,918,6.522723013745585,1
5b173c7a2bdf99a46ab24da2,cpu-rwm-sequential,2,919,5.163931305931095,1
5b173c7a2bdf99a46ab24da2,cpu-rwm-sequential,2,920,5.163931305931095,1
5b173c7a2bdf99a46ab24da2,cpu-rwm-sequential,2,921,5.163931305931095,1
5b173c7a2bdf99a46ab24da2,cpu-rwm-sequential,2,922,5.163931305931095,1
5b173c7a2bdf99a46ab24da2,cpu-rwm-sequential,2,923,5.163931305931095,1
5b173c7a2bdf99a46ab24da2,cpu-rwm-sequential,2,924,5.163931305931095,1
5b173c7a2bdf99a46ab24da2,cpu-rwm-sequential,2,925,5.163931305931095,1
5b173c7a2bdf99a46ab24da2,cpu-rwm-sequential,2,926,5.000576074273117,1
5b173c7a2bdf99a46ab24da2,cpu-rwm-sequential,2,927,5.000576074273117,1
5b173c7a2bdf99a46ab24da2,cpu-rwm-sequential,2,928,5.000576074273117,1
5b173c7a2bdf99a46ab24da2,cpu-rwm-sequential,2,929,5.000576074273117,1
5b173c7a2bdf99a46ab24da2,cpu-rwm-sequential,2,930,5.401301124825807,1
5b173c7a2bdf99a46ab24da2,cpu-rwm-sequential,2,931,5.401301124825807,1
5b173c7a2bdf99a46ab24da2,cpu-rwm-sequential,2,932,5.401301124825807,1
5b173c7a2bdf99a46ab24da2,cpu-rwm-sequential,2,933,6.496677697568758,1
5b173c7a2bdf99a46ab24da2,cpu-rwm-sequential,2,934,6.496677697568758,1
5b173c7a2bdf99a46ab24da2,cpu-rwm-sequential,2,935,6.496677697568758,1
5b173c7a2bdf99a46ab24da2,cpu-rwm-sequential,2,936,6.496677697568758,1
5b173c7a2bdf99a46ab24da2,cpu-rwm-sequential,2,937,6.496677697568758,1
5b173c7a2bdf99a46ab24da2,cpu-rwm-sequential,2,938,5.941796742911363,1
5b173c7a2bdf99a46ab24da2,cpu-rwm-sequential,2,939,5.941796742911363,1
5b173c7a2bdf99a46ab24da2,cpu-rwm-sequential,2,940,5.941796742911363,1
5b173c7a2bdf99a46ab24da2,cpu-rwm-sequential,2,941,5.941796742911363,1
5b173c7a2bdf99a46ab24da2,cpu-rwm-sequential,2,942,5.941796742911363,1
5b173c7a2bdf99a46ab24da2,cpu-rwm-sequential,2,943,5.941796742911363,1
5b173c7a2bdf99a46ab24da2,cpu-rwm-sequential,2,944,5.515145617760789,1
5b173c7a2bdf99a46ab24da2,cpu-rwm-sequential,2,945,5.515145617760789,1
5b173c7a2bdf99a46ab24da2,cpu-rwm-sequential,2,946,5.515145617760789,1
5b173c7a2bdf99a46ab24da2,cpu-rwm-sequential,2,947,4.101903051374473,1
5b173c7a2bdf99a46ab24da2,cpu-rwm-sequential,2,948,5.364075314696506,1
5b173c7a2bdf99a46ab24da2,cpu-rwm-sequential,2,949,5.364075314696506,1
5b173c7a2bdf99a46ab24da2,cpu-rwm-sequential,2,950,5.364075314696506,1
5b173c7a2bdf99a46ab24da2,cpu-rwm-sequential,2,951,5.364075314696506,1
5b173c7a2bdf99a46ab24da2,cpu-rwm-sequential,2,952,5.364075314696506,1
5b173c7a2bdf99a46ab24da2,cpu-rwm-sequential,2,953,6.628671162763899,1
5b173c7a2bdf99a46ab24da2,cpu-rwm-sequential,2,954,6.628671162763899,1
5b173c7a2bdf99a46ab24da2,cpu-rwm-sequential,2,955,4.965257323003993,1
5b173c7a2bdf99a46ab24da2,cpu-rwm-sequential,2,956,4.965257323003993,1
5b173c7a2bdf99a46ab24da2,cpu-rwm-sequential,2,957,4.965257323003993,1
5b173c7a2bdf99a46ab24da2,cpu-rwm-sequential,2,958,4.965257323003993,1
5b173c7a2bdf99a46ab24da2,cpu-rwm-sequential,2,959,4.965257323003993,1
5b173c7a2bdf99a46ab24da2,cpu-rwm-sequential,2,960,4.965257323003993,1
5b173c7a2bdf99a46ab24da2,cpu-rwm-sequential,2,961,4.965257323003993,1
5b173c7a2bdf99a46ab24da2,cpu-rwm-sequential,2,962,4.965257323003993,1
5b173c7a2bdf99a46ab24da2,cpu-rwm-sequential,2,963,4.965257323003993,1
5b173c7a2bdf99a46ab24da2,cpu-rwm-sequential,2,964,3.9164340207036035,1
5b173c7a2bdf99a46ab24da2,cpu-rwm-sequential,2,965,4.468451369410502,1
5b173c7a2bdf99a46ab24da2,cpu-rwm-sequential,2,966,4.468451369410502,1
5b173c7a2bdf99a46ab24da2,cpu-rwm-sequential,2,967,4.550180796336918,1
5b173c7a2bdf99a46ab24da2,cpu-rwm-sequential,2,968,4.550180796336918,1
5b173c7a2bdf99a46ab24da2,cpu-rwm-sequential,2,969,4.564405527002617,1
5b173c7a2bdf99a46ab24da2,cpu-rwm-sequential,2,970,4.564405527002617,1
5b173c7a2bdf99a46ab24da2,cpu-rwm-sequential,2,971,4.564405527002617,1
5b173c7a2bdf99a46ab24da2,cpu-rwm-sequential,2,972,4.564405527002617,1
5b173c7a2bdf99a46ab24da2,cpu-rwm-sequential,2,973,4.12798645643773,1
5b173c7a2bdf99a46ab24da2,cpu-rwm-sequential,2,974,2.9941962612826267,1
5b173c7a2bdf99a46ab24da2,cpu-rwm-sequential,2,975,2.9941962612826267,1
5b173c7a2bdf99a46ab24da2,cpu-rwm-sequential,2,976,2.9941962612826267,1
5b173c7a2bdf99a46ab24da2,cpu-rwm-sequential,2,977,4.012218706073701,1
5b173c7a2bdf99a46ab24da2,cpu-rwm-sequential,2,978,4.012218706073701,1
5b173c7a2bdf99a46ab24da2,cpu-rwm-sequential,2,979,4.012218706073701,1
5b173c7a2bdf99a46ab24da2,cpu-rwm-sequential,2,980,4.7300130933390685,1
5b173c7a2bdf99a46ab24da2,cpu-rwm-sequential,2,981,4.7300130933390685,1
5b173c7a2bdf99a46ab24da2,cpu-rwm-sequential,2,982,3.6799616680316882,1
5b173c7a2bdf99a46ab24da2,cpu-rwm-sequential,2,983,2.3686533978544735,1
5b173c7a2bdf99a46ab24da2,cpu-rwm-sequential,2,984,2.3686533978544735,1
5b173c7a2bdf99a46ab24da2,cpu-rwm-sequential,2,985,2.7890496586525786,1
5b173c7a2bdf99a46ab24da2,cpu-rwm-sequential,2,986,3.426505663774157,1
5b173c7a2bdf99a46ab24da2,cpu-rwm-sequential,2,987,3.426505663774157,1
5b173c7a2bdf99a46ab24da2,cpu-rwm-sequential,2,988,3.426505663774157,1
5b173c7a2bdf99a46ab24da2,cpu-rwm-sequential,2,989,3.5941819521942158,1
5b173c7a2bdf99a46ab24da2,cpu-rwm-sequential,2,990,3.5941819521942158,1
5b173c7a2bdf99a46ab24da2,cpu-rwm-sequential,2,991,2.840760749839423,1
5b173c7a2bdf99a46ab24da2,cpu-rwm-sequential,2,992,2.840760749839423,1
5b173c7a2bdf99a46ab24da2,cpu-rwm-sequential,2,993,2.840760749839423,1
5b173c7a2bdf99a46ab24da2,cpu-rwm-sequential,2,994,2.840760749839423,1
5b173c7a2bdf99a46ab24da2,cpu-rwm-sequential,2,995,2.840760749839423,1
5b173c7a2bdf99a46ab24da2,cpu-rwm-sequential,2,996,2.840760749839423,1
5b173c7a2bdf99a46ab24da2,cpu-rwm-sequential,2,997,2.840760749839423,1
5b173c7a2bdf99a46ab24da2,cpu-rwm-sequential,2,998,3.7880060835317444,1
5b173c7a2bdf99a46ab24da2,cpu-rwm-sequential,2,999,3.7880060835317444,1
5b173c7a2bdf99a46ab24da2,cpu-rwm-sequential,2,1000,3.7880060835317444,1
5b173c7a2bdf99a46ab24da2,cpu-rwm-sequential,2,1001,3.7880060835317444,1
5b173c7a2bdf99a46ab24da2,cpu-rwm-sequential,2,1002,3.7880060835317444,1
5b173c7a2bdf99a46ab24da2,cpu-rwm-sequential,2,1003,3.7880060835317444,1
5b173c7a2bdf99a46ab24da2,cpu-rwm-sequential,2,1004,4.975241773006476,1
5b173c7a2bdf99a46ab24da2,cpu-rwm-sequential,2,1005,5.120636111804288,1
5b173c7a2bdf99a46ab24da2,cpu-rwm-sequential,2,1006,5.120636111804288,1
5b173c7a2bdf99a46ab24da2,cpu-rwm-sequential,2,1007,5.120636111804288,1
5b173c7a2bdf99a46ab24da2,cpu-rwm-sequential,2,1008,5.120636111804288,1
5b173c7a2bdf99a46ab24da2,cpu-rwm-sequential,2,1009,4.5574169361289645,1
5b173c7a2bdf99a46ab24da2,cpu-rwm-sequential,2,1010,4.5574169361289645,1
5b173c7a2bdf99a46ab24da2,cpu-rwm-sequential,2,1011,4.5574169361289645,1
5b173c7a2bdf99a46ab24da2,cpu-rwm-sequential,2,1012,4.5574169361289645,1
5b173c7a2bdf99a46ab24da2,cpu-rwm-sequential,2,1013,4.5574169361289645,1
5b173c7a2bdf99a46ab24da2,cpu-rwm-sequential,2,1014,4.5574169361289645,1
5b173c7a2bdf99a46ab24da2,cpu-rwm-sequential,2,1015,4.5574169361289645,1
5b173c7a2bdf99a46ab24da2,cpu-rwm-sequential,2,1016,4.761039427897868,1
5b173c7a2bdf99a46ab24da2,cpu-rwm-sequential,2,1017,4.761039427897868,1
5b173c7a2bdf99a46ab24da2,cpu-rwm-sequential,2,1018,4.761039427897868,1
5b173c7a2bdf99a46ab24da2,cpu-rwm-sequential,2,1019,4.761039427897868,1
5b173c7a2bdf99a46ab24da2,cpu-rwm-sequential,2,1020,4.749380223480238,1
5b173c7a2bdf99a46ab24da2,cpu-rwm-sequential,2,1021,4.749380223480238,1
5b173c7a2bdf99a46ab24da2,cpu-rwm-sequential,2,1022,4.749380223480238,1
5b173c7a2bdf99a46ab24da2,cpu-rwm-sequential,2,1023,4.749380223480238,1
5b173c7a2bdf99a46ab24da2,cpu-rwm-sequential,2,1024,4.749380223480238,1
5b173c7a2bdf99a46ab24da2,cpu-rwm-sequential,3,1,-5.416968391605277,0
5b173c7a2bdf99a46ab24da2,cpu-rwm-sequential,3,2,-4.2957895370624595,0
5b173c7a2bdf99a46ab24da2,cpu-rwm-sequential,3,3,-4.2957895370624595,0
5b173c7a2bdf99a46ab24da2,cpu-rwm-sequential,3,4,-4.2957895370624595,0
5b173c7a2bdf99a46ab24da2,cpu-rwm-sequential,3,5,-4.2957895370624595,0
5b173c7a2bdf99a46ab24da2,cpu-rwm-sequential,3,6,-4.2957895370624595,0
5b173c7a2bdf99a46ab24da2,cpu-rwm-sequential,3,7,-4.2957895370624595,0
5b173c7a2bdf99a46ab24da2,cpu-rwm-sequential,3,8,-4.2957895370624595,0
5b173c7a2bdf99a46ab24da2,cpu-rwm-sequential,3,9,-4.2957895370624595,0
5b173c7a2bdf99a46ab24da2,cpu-rwm-sequential,3,10,-4.2957895370624595,0
5b173c7a2bdf99a46ab24da2,cpu-rwm-sequential,3,11,-4.467598896863261,0
5b173c7a2bdf99a46ab24da2,cpu-rwm-sequential,3,12,-4.467598896863261,0
5b173c7a2bdf99a46ab24da2,cpu-rwm-sequential,3,13,-4.467598896863261,0
5b173c7a2bdf99a46ab24da2,cpu-rwm-sequential,3,14,-4.467598896863261,0
5b173c7a2bdf99a46ab24da2,cpu-rwm-sequential,3,15,-6.57017885122581,0
5b173c7a2bdf99a46ab24da2,cpu-rwm-sequential,3,16,-6.57017885122581,0
5b173c7a2bdf99a46ab24da2,cpu-rwm-sequential,3,17,-6.57017885122581,0
5b173c7a2bdf99a46ab24da2,cpu-rwm-sequential,3,18,-6.57017885122581,0
5b173c7a2bdf99a46ab24da2,cpu-rwm-sequential,3,19,-6.57017885122581,0
5b173c7a2bdf99a46ab24da2,cpu-rwm-sequential,3,20,-6.01427247859399,0
5b173c7a2bdf99a46ab24da2,cpu-rwm-sequential,3,21,-6.01427247859399,0
5b173c7a2bdf99a46ab24da2,cpu-rwm-sequential,3,22,-6.01427247859399,0
5b173c7a2bdf99a46ab24da2,cpu-rwm-sequential,3,23,-5.223150547755828,0
5b173c7a2bdf99a46ab24da2,cpu-rwm-sequential,3,24,-5.223150547755828,0
5b173c7a2bdf99a46ab24da2,cpu-rwm-sequential,3,25,-5.223150547755828,0
5b173c7a2bdf99a46ab24da2,cpu-rwm-sequential,3,26,-5.223150547755828,0
5b173c7a2bdf99a46ab24da2,cpu-rwm-sequential,3,27,-5.223150547755828,0
5b173c7a2bdf99a46ab24da2,cpu-rwm-sequential,3,28,-5.223150547755828,0
5b173c7a2bdf99a46ab24da2,cpu-rwm-sequential,3,29,-5.223150547755828,0
5b173c7a2bdf99a46ab24da2,cpu-rwm-sequential,3,30,-6.274966334423862,0
5b173c7a2bdf99a46ab24da2,cpu-rwm-sequential,3,31,-6.274966334423862,0
5b173c7a2bdf99a46ab24da2,cpu-rwm-sequential,3,32,-6.274966334423862,0
5b173c7a2bdf99a46ab24da2,cpu-rwm-sequential,3,33,-6.620062309826919,0
5b173c7a2bdf99a46ab24da2,cpu-rwm-sequential,3,34,-5.685442204459547,0
5b173c7a2bdf99a46ab24da2,cpu-rwm-sequential,3,35,-5.685442204459547,0
5b173c7a2bdf99a46ab24da2,cpu-rwm-sequential,3,36,-5.685442204459547,0
5b173c7a2bdf99a46ab24da2,cpu-rwm-sequential,3,37,-5.685442204459547,0
5b173c7a2bdf99a46ab24da2,cpu-rwm-sequential,3,38,-4.673469573879928,0
5b173c7a2bdf99a46ab24da2,cpu-rwm-sequential,3,39,-4.673469573879928,0
5b173c7a2bdf99a46ab24da2,cpu-rwm-sequential,3,40,-4.673469573879928,0
5b173c7a2bdf99a46ab24da2,cpu-rwm-sequential,3,41,-3.6894548917921726,0
5b173c7a2bdf99a46ab24da2,cpu-rwm-sequential,3,42,-3.6894548917921726,0
5b173c7a2bdf99a46ab24da2,cpu-rwm-sequential,3,43,-3.6894548917921726,0
5b173c7a2bdf99a46ab24da2,cpu-rwm-sequential,3,44,-4.773813337842019,0
5b173c7a2bdf99a46ab24da2,cpu-rwm-sequential,3,45,-4.773813337842019,0
5b173c7a2bdf99a46ab24da2,cpu-rwm-sequential,3,46,-4.773813337842019,0
5b173c7a2bdf99a46ab24da2,cpu-rwm-sequential,3,47,-4.773813337842019,0
5b173c7a2bdf99a46ab24da2,cpu-rwm-sequential,3,48,-3.837391149315974,0
5b173c7a2bdf99a46ab24da2,cpu-rwm-sequential,3,49,-4.970810947653636,0
5b173c7a2bdf99a46ab24da2,cpu-rwm-sequential,3,50,-4.970810947653636,0
5b173c7a2bdf99a46ab24da2,cpu-rwm-sequential,3,51,-4.970810947653636,0
5b173c7a2bdf99a46ab24da2,cpu-rwm-sequential,3,52,-4.970810947653636,0
5b173c7a2bdf99a46ab24da2,cpu-rwm-sequential,3,53,-6.243885964630309,0
5b173c7a2bdf99a46ab24da2,cpu-rwm-sequential,3,54,-6.243885964630309,0
5b173c7a2bdf99a46ab24da2,cpu-rwm-sequential,3,55,-4.706758830959615,0
5b173c7a2bdf99a46ab24da2,cpu-rwm-sequential,3,56,-4.706758830959615,0
5b173c7a2bdf99a46ab24da2,cpu-rwm-sequential,3,57,-4.16815142016434,0
5b173c7a2bdf99a46ab24da2,cpu-rwm-sequential,3,58,-4.189908050914833,0
5b173c7a2bdf99a46ab24da2,cpu-rwm-sequential,3,59,-5.140807393548531,0
5b173c7a2bdf99a46ab24da2,cpu-rwm-sequential,3,60,-5.140807393548531,0
5b173c7a2bdf99a46ab24da2,cpu-rwm-sequential,3,61,-5.440316640198947,0
5b173c7a2bdf99a46ab24da2,cpu-rwm-sequential,3,62,-4.9944832172449205,0
5b173c7a2bdf99a46ab24da2,cpu-rwm-sequential,3,63,-4.9944832172449205,0
5b173c7a2bdf99a46ab24da2,cpu-rwm-sequential,3,64,-4.814570802433676,0
5b173c7a2bdf99a46ab24da2,cpu-rwm-sequential,3,65,-4.814570802433676,0
5b173c7a2bdf99a46ab24da2,cpu-rwm-sequential,3,66,-4.814570802433676,0
5b173c7a2bdf99a46ab24da2,cpu-rwm-sequential,3,67,-5.305438524867644,0
5b173c7a2bdf99a46ab24da2,cpu-rwm-sequential,3,68,-5.867051617698233,0
5b173c7a2bdf99a46ab24da2,cpu-rwm-sequential,3,69,-5.867051617698233,0
5b173c7a2bdf99a46ab24da2,cpu-rwm-sequential,3,70,-5.282589079252336,0
5b173c7a2bdf99a46ab24da2,cpu-rwm-sequential,3,71,-5.3945216594937895,0
5b173c7a2bdf99a46ab24da2,cpu-rwm-sequential,3,72,-4.798419459871714,0
5b173c7a2bdf99a46ab24da2,cpu-rwm-sequential,3,73,-4.798419459871714,0
5b173c7a2bdf99a46ab24da2,cpu-rwm-sequential,3,74,-4.798419459871714,0
5b173c7a2bdf99a46ab24da2,cpu-rwm-sequential,3,75,-4.798419459871714,0
5b173c7a2bdf99a46ab24da2,cpu-rwm-sequential,3,76,-5.029253670052817,0
5b173c7a2bdf99a46ab24da2,cpu-rwm-sequential,3,77,-5.029253670052817,0
5b173c7a2bdf99a46ab24da2,cpu-rwm-sequential,3,78,-5.029253670052817,0
5b173c7a2bdf99a46ab24da2,cpu-rwm-sequential,3,79,-5.4805423001159665,0
5b173c7a2bdf99a46ab24da2,cpu-rwm-sequential,3,80,-4.8209522190998735,0
5b173c7a2bdf99a46ab24da2,cpu-rwm-sequential,3,81,-4.8209522190998735,0
5b173c7a2bdf99a46ab24da2,cpu-rwm-sequential,3,82,-4.513140036548268,0
5b173c7a2bdf99a46ab24da2,cpu-rwm-sequential,3,83,-4.513140036548268,0
5b173c7a2bdf99a46ab24da2,cpu-rwm-sequential,3,84,-4.513140036548268,0
5b173c7a2bdf99a46ab24da2,cpu-rwm-sequential,3,85,-4.513140036548268,0
5b173c7a2bdf99a46ab24da2,cpu-rwm-sequential,3,86,-4.442833649929173,0
5b173c7a2bdf99a46ab24da2,cpu-rwm-sequential,3,87,-4.442833649929173,0
5b173c7a2bdf99a46ab24da2,cpu-rwm-sequential,3,88,-4.442833649929173,0
5b173c7a2bdf99a46ab24da2,cpu-rwm-sequential,3,89,-4.442833649929173,0
5b173c7a2bdf99a46ab24da2,cpu-rwm-sequential,3,90,-3.435460782800895,0
5b173c7a2bdf99a46ab24da2,cpu-rwm-sequential,3,91,-3.6997564449651845,0
5b173c7a2bdf99a46ab24da2,cpu-rwm-sequential,3,92,-3.6997564449651845,0
5b173c7a2bdf99a46ab24da2,cpu-rwm-sequential,3,93,-3.6997564449651845,0
5b173c7a2bdf99a46ab24da2,cpu-rwm-sequential,3,94,-3.6997564449651845,0
5b173c7a2bdf99a46ab24da2,cpu-rwm-sequential,3,95,-3.6997564449651845,0
5b173c7a2bdf99a46ab24da2,cpu-rwm-sequential,3,96,-3.6997564449651845,0
5b173c7a2bdf99a46ab24da2,cpu-rwm-sequential,3,97,-3.6997564449651845,0
5b173c7a2bdf99a46ab24da2,cpu-rwm-sequential,3,98,-3.6997564449651845,0
5b173c7a2bdf99a46ab24da2,cpu-rwm-sequential,3,99,-3.6997564449651845,0
5b173c7a2bdf99a46ab24da2,cpu-rwm-sequential,3,100,-3.6997564449651845,0
5b173c7a2bdf99a46ab24da2,cpu-rwm-sequential,3,101,-3.6879794459231214,0
5b173c7a2bdf99a46ab24da2,cpu-rwm-sequential,3,102,-3.6879794459231214,0
5b173c7a2bdf99a46ab24da2,cpu-rwm-sequential,3,103,-3.9949371396463533,0
5b173c7a2bdf99a46ab24da2,cpu-rwm-sequential,3,104,-4.222813785952377,0
5b173c7a2bdf99a46ab24da2,cpu-rwm-sequential,3,105,-3.994702198533543,0
5b173c7a2bdf99a46ab24da2,cpu-rwm-sequential,3,106,-3.994702198533543,0
5b173c7a2bdf99a46ab24da2,cpu-rwm-sequential,3,107,-3.994702198533543,0
5b173c7a2bdf99a46ab24da2,cpu-rwm-sequential,3,108,-3.994702198533543,0
5b173c7a2bdf99a46ab24da2,cpu-rwm-sequential,3,109,-3.994702198533543,0
5b173c7a2bdf99a46ab24da2,cpu-rwm-sequential,3,110,-3.994702198533543,0
5b173c7a2bdf99a46ab24da2,cpu-rwm-sequential,3,111,-3.994702198533543,0
5b173c7a2bdf99a46ab24da2,cpu-rwm-sequential,3,112,-3.994702198533543,0
5b173c7a2bdf99a46ab24da2,cpu-rwm-sequential,3,113,-4.270704181355181,0
5b173c7a2bdf99a46ab24da2,cpu-rwm-sequential,3,114,-4.923396753583951,0
5b173c7a2bdf99a46ab24da2,cpu-rwm-sequential,3,115,-4.923396753583951,0
5b173c7a2bdf99a46ab24da2,cpu-rwm-sequential,3,116,-4.693335319462712,0
5b173c7a2bdf99a46ab24da2,cpu-rwm-sequential,3,117,-3.2638741721759725,0
5b173c7a2bdf99a46ab24da2,cpu-rwm-sequential,3,118,-3.2638741721759725,0
5b173c7a2bdf99a46ab24da2,cpu-rwm-sequential,3,119,-5.25992766941687,0
5b173c7a2bdf99a46ab24da2,cpu-rwm-sequential,3,120,-5.25992766941687,0
5b173c7a2bdf99a46ab24da2,cpu-rwm-sequential,3,121,-5.279824619957562,0
5b173c7a2bdf99a46ab24da2,cpu-rwm-sequential,3,122,-5.279824619957562,0
5b173c7a2bdf99a46ab24da2,cpu-rwm-sequential,3,123,-5.432191608728893,0
5b173c7a2bdf99a46ab24da2,cpu-rwm-sequential,3,124,-5.432191608728893,0
5b173c7a2bdf99a46ab24da2,cpu-rwm-sequential,3,125,-5.432191608728893,0
5b173c7a2bdf99a46ab24da2,cpu-rwm-sequential,3,126,-6.260036368120655,0
5b173c7a2bdf99a46ab24da2,cpu-rwm-sequential,3,127,-6.260036368120655,0
5b173c7a2bdf99a46ab24da2,cpu-rwm-sequential,3,128,-7.011542153702237,0
5b173c7a2bdf99a46ab24da2,cpu-rwm-sequential,3,129,-7.011542153702237,0
5b173c7a2bdf99a46ab24da2,cpu-rwm-sequential,3,130,-7.011542153702237,0
5b173c7a2bdf99a46ab24da2,cpu-rwm-sequential,3,131,-6.497299750882266,0
5b173c7a2bdf99a46ab24da2,cpu-rwm-sequential,3,132,-6.497299750882266,0
5b173c7a2bdf99a46ab24da2,cpu-rwm-sequential,3,133,-5.378256011791043,0
5b173c7a2bdf99a46ab24da2,cpu-rwm-sequential,3,134,-5.378256011791043,0
5b173c7a2bdf99a46ab24da2,cpu-rwm-sequential,3,135,-4.989254255232649,0
5b173c7a2bdf99a46ab24da2,cpu-rwm-sequential,3,136,-4.989254255232649,0
5b173c7a2bdf99a46ab24da2,cpu-rwm-sequential,3,137,-5.8533617853089055,0
5b173c7a2bdf99a46ab24da2,cpu-rwm-sequential,3,138,-5.8533617853089055,0
5b173c7a2bdf99a46ab24da2,cpu-rwm-sequential,3,139,-5.767212040129509,0
5b173c7a2bdf99a46ab24da2,cpu-rwm-sequential,3,140,-5.767212040129509,0
5b173c7a2bdf99a46ab24da2,cpu-rwm-sequential,3,141,-5.767212040129509,0
5b173c7a2bdf99a46ab24da2,cpu-rwm-sequential,3,142,-5.767212040129509,0
5b173c7a2bdf99a46ab24da2,cpu-rwm-sequential,3,143,-5.767212040129509,0
5b173c7a2bdf99a46ab24da2,cpu-rwm-sequential,3,144,-5.767212040129509,0
5b173c7a2bdf99a46ab24da2,cpu-rwm-sequential,3,145,-6.13601312890849,0
5b173c7a2bdf99a46ab24da2,cpu-rwm-sequential,3,146,-6.13601312890849,0
5b173c7a2bdf99a46ab24da2,cpu-rwm-sequential,3,147,-6.13601312890849,0
5b173c7a2bdf99a46ab24da2,cpu-rwm-sequential,3,148,-6.13601312890849,0
5b173c7a2bdf99a46ab24da2,cpu-rwm-sequential,3,149,-6.13601312890849,0
5b173c7a2bdf99a46ab24da2,cpu-rwm-sequential,3,150,-6.13601312890849,0
5b173c7a2bdf99a46ab24da2,cpu-rwm-sequential,3,151,-6.13601312890849,0
5b173c7a2bdf99a46ab24da2,cpu-rwm-sequential,3,152,-6.13601312890849,0
5b173c7a2bdf99a46ab24da2,cpu-rwm-sequential,3,153,-6.13601312890849,0
5b173c7a2bdf99a46ab24da2,cpu-rwm-sequential,3,154,-4.545548070353907,0
5b173c7a2bdf99a46ab24da2,cpu-rwm-sequential,3,155,-4.545548070353907,0
5b173c7a2bdf99a46ab24da2,cpu-rwm-sequential,3,156,-4.545548070353907,0
5b173c7a2bdf99a46ab24da2,cpu-rwm-sequential,3,157,-4.545548070353907,0
5b173c7a2bdf99a46ab24da2,cpu-rwm-sequential,3,158,-4.545548070353907,0
5b173c7a2bdf99a46ab24da2,cpu-rwm-sequential,3,159,-4.545548070353907,0
5b173c7a2bdf99a46ab24da2,cpu-rwm-sequential,3,160,-4.545548070353907,0
5b173c7a2bdf99a46ab24da2,cpu-rwm-sequential,3,161,-4.7167150082357265,0
5b173c7a2bdf99a46ab24da2,cpu-rwm-sequential,3,162,-4.7167150082357265,0
5b173c7a2bdf99a46ab24da2,cpu-rwm-sequential,3,163,-4.7167150082357265,0
5b173c7a2bdf99a46ab24da2,cpu-rwm-sequential,3,164,-4.7167150082357265,0
5b173c7a2bdf99a46ab24da2,cpu-rwm-sequential,3,165,-4.7167150082357265,0
5b173c7a2bdf99a46ab24da2,cpu-rwm-sequential,3,166,-3.044615165508727,0
5b173c7a2bdf99a46ab24da2,cpu-rwm-sequential,3,167,-3.044615165508727,0
5b173c7a2bdf99a46ab24da2,cpu-rwm-sequential,3,168,-3.044615165508727,0
5b173c7a2bdf99a46ab24da2,cpu-rwm-sequential,3,169,-3.044615165508727,0
5b173c7a2bdf99a46ab24da2,cpu-rwm-sequential,3,170,-3.044615165508727,0
5b173c7a2bdf99a46ab24da2,cpu-rwm-sequential,3,171,-3.044615165508727,0
5b173c7a2bdf99a46ab24da2,cpu-rwm-sequential,3,172,-4.643231784424394,0
5b173c7a2bdf99a46ab24da2,cpu-rwm-sequential,3,173,-4.840480226163847,0
5b173c7a2bdf99a46ab24da2,cpu-rwm-sequential,3,174,-4.840480226163847,0
5b173c7a2bdf99a46ab24da2,cpu-rwm-sequential,3,175,-4.840480226163847,0
5b173c7a2bdf99a46ab24da2,cpu-rwm-sequential,3,176,-4.840480226163847,0
5b173c7a2bdf99a46ab24da2,cpu-rwm-sequential,3,177,-4.840480226163847,0
5b173c7a2bdf99a46ab24da2,cpu-rwm-sequential,3,178,-4.540694525935523,0
5b173c7a2bdf99a46ab24da2,cpu-rwm-sequential,3,179,-4.540694525935523,0
5b173c7a2bdf99a46ab24da2,cpu-rwm-sequential,3,180,-4.540694525935523,0
5b173c7a2bdf99a46ab24da2,cpu-rwm-sequential,3,181,-4.540694525935523,0
5b173c7a2bdf99a46ab24da2,cpu-rwm-sequential,3,182,-4.540694525935523,0
5b173c7a2bdf99a46ab24da2,cpu-rwm-sequential,3,183,-4.540694525935523,0
5b173c7a2bdf99a46ab24da2,cpu-rwm-sequential,3,184,-5.090089959653853,0
5b173c7a2bdf99a46ab24da2,cpu-rwm-sequential,3,185,-5.090089959653853,0
5b173c7a2bdf99a46ab24da2,cpu-rwm-sequential,3,186,-5.090089959653853,0
5b173c7a2bdf99a46ab24da2,cpu-rwm-sequential,3,187,-6.252212877023165,0
5b173c7a2bdf99a46ab24da2,cpu-rwm-sequential,3,188,-6.536922658534906,0
5b173c7a2bdf99a46ab24da2,cpu-rwm-sequential,3,189,-5.917071251432174,0
5b173c7a2bdf99a46ab24da2,cpu-rwm-sequential,3,190,-5.727872831692869,0
5b173c7a2bdf99a46ab24da2,cpu-rwm-sequential,3,191,-6.827579007068368,0
5b173c7a2bdf99a46ab24da2,cpu-rwm-sequential,3,192,-6.827579007068368,0
5b173c7a2bdf99a46ab24da2,cpu-rwm-sequential,3,193,-6.827579007068368,0
5b173c7a2bdf99a46ab24da2,cpu-rwm-sequential,3,194,-6.827579007068368,0
5b173c7a2bdf99a46ab24da2,cpu-rwm-sequential,3,195,-6.063729458854641,0
5b173c7a2bdf99a46ab24da2,cpu-rwm-sequential,3,196,-5.675699184812288,0
5b173c7a2bdf99a46ab24da2,cpu-rwm-sequential,3,197,-6.094939935365924,0
5b173c7a2bdf99a46ab24da2,cpu-rwm-sequential,3,198,-6.094939935365924,0
5b173c7a2bdf99a46ab24da2,cpu-rwm-sequential,3,199,-6.094939935365924,0
5b173c7a2bdf99a46ab24da2,cpu-rwm-sequential,3,200,-6.094939935365924,0
5b173c7a2bdf99a46ab24da2,cpu-rwm-sequential,3,201,-5.312191408937572,0
5b173c7a2bdf99a46ab24da2,cpu-rwm-sequential,3,202,-5.312191408937572,0
5b173c7a2bdf99a46ab24da2,cpu-rwm-sequential,3,203,-5.312191408937572,0
5b173c7a2bdf99a46ab24da2,cpu-rwm-sequential,3,204,-5.312191408937572,0
5b173c7a2bdf99a46ab24da2,cpu-rwm-sequential,3,205,-5.312191408937572,0
5b173c7a2bdf99a46ab24da2,cpu-rwm-sequential,3,206,-5.614497331519265,0
5b173c7a2bdf99a46ab24da2,cpu-rwm-sequential,3,207,-5.614497331519265,0
5b173c7a2bdf99a46ab24da2,cpu-rwm-sequential,3,208,-5.614497331519265,0
5b173c7a2bdf99a46ab24da2,cpu-rwm-sequential,3,209,-4.960325070026716,0
5b173c7a2bdf99a46ab24da2,cpu-rwm-sequential,3,210,-4.845332436464678,0
5b173c7a2bdf99a46ab24da2,cpu-rwm-sequential,3,211,-4.845332436464678,0
5b173c7a2bdf99a46ab24da2,cpu-rwm-sequential,3,212,-4.845332436464678,0
5b173c7a2bdf99a46ab24da2,cpu-rwm-sequential,3,213,-5.498892515053369,0
5b173c7a2bdf99a46ab24da2,cpu-rwm-sequential,3,214,-5.498892515053369,0
5b173c7a2bdf99a46ab24da2,cpu-rwm-sequential,3,215,-5.498892515053369,0
5b173c7a2bdf99a46ab24da2,cpu-rwm-sequential,3,216,-5.498892515053369,0
5b173c7a2bdf99a46ab24da2,cpu-rwm-sequential,3,217,-5.498892515053369,0
5b173c7a2bdf99a46ab24da2,cpu-rwm-sequential,3,218,-5.498892515053369,0
5b173c7a2bdf99a46ab24da2,cpu-rwm-sequential,3,219,-5.8181161983723975,0
5b173c7a2bdf99a46ab24da2,cpu-rwm-sequential,3,220,-5.8181161983723975,0
5b173c7a2bdf99a46ab24da2,cpu-rwm-sequential,3,221,-5.8181161983723975,0
5b173c7a2bdf99a46ab24da2,cpu-rwm-sequential,3,222,-5.8181161983723975,0
5b173c7a2bdf99a46ab24da2,cpu-rwm-sequential,3,223,-5.8181161983723975,0
5b173c7a2bdf99a46ab24da2,cpu-rwm-sequential,3,224,-5.8181161983723975,0
5b173c7a2bdf99a46ab24da2,cpu-rwm-sequential,3,225,-4.928701681561543,0
5b173c7a2bdf99a46ab24da2,cpu-rwm-sequential,3,226,-4.928701681561543,0
5b173c7a2bdf99a46ab24da2,cpu-rwm-sequential,3,227,-4.2040695189474135,0
5b173c7a2bdf99a46ab24da2,cpu-rwm-sequential,3,228,-4.2040695189474135,0
5b173c7a2bdf99a46ab24da2,cpu-rwm-sequential,3,229,-4.2040695189474135,0
5b173c7a2bdf99a46ab24da2,cpu-rwm-sequential,3,230,-4.28510740838497,0
5b173c7a2bdf99a46ab24da2,cpu-rwm-sequential,3,231,-4.389590363514684,0
5b173c7a2bdf99a46ab24da2,cpu-rwm-sequential,3,232,-3.7318098518045124,0
5b173c7a2bdf99a46ab24da2,cpu-rwm-sequential,3,233,-3.7318098518045124,0
5b173c7a2bdf99a46ab24da2,cpu-rwm-sequential,3,234,-3.7318098518045124,0
5b173c7a2bdf99a46ab24da2,cpu-rwm-sequential,3,235,-3.7318098518045124,0
5b173c7a2bdf99a46ab24da2,cpu-rwm-sequential,3,236,-5.01369163446489,0
5b173c7a2bdf99a46ab24da2,cpu-rwm-sequential,3,237,-5.01369163446489,0
5b173c7a2bdf99a46ab24da2,cpu-rwm-sequential,3,238,-5.01369163446489,0
5b173c7a2bdf99a46ab24da2,cpu-rwm-sequential,3,239,-3.8135150334855004,0
5b173c7a2bdf99a46ab24da2,cpu-rwm-sequential,3,240,-5.668589142731142,0
5b173c7a2bdf99a46ab24da2,cpu-rwm-sequential,3,241,-5.668589142731142,0
5b173c7a2bdf99a46ab24da2,cpu-rwm-sequential,3,242,-5.668589142731142,0
5b173c7a2bdf99a46ab24da2,cpu-rwm-sequential,3,243,-5.7625103074041455,0
5b173c7a2bdf99a46ab24da2,cpu-rwm-sequential,3,244,-5.7625103074041455,0
5b173c7a2bdf99a46ab24da2,cpu-rwm-sequential,3,245,-5.7625103074041455,0
5b173c7a2bdf99a46ab24da2,cpu-rwm-sequential,3,246,-5.7625103074041455,0
5b173c7a2bdf99a46ab24da2,cpu-rwm-sequential,3,247,-6.008844328921428,0
5b173c7a2bdf99a46ab24da2,cpu-rwm-sequential,3,248,-6.008844328921428,0
5b173c7a2bdf99a46ab24da2,cpu-rwm-sequential,3,249,-6.008844328921428,0
5b173c7a2bdf99a46ab24da2,cpu-rwm-sequential,3,250,-6.008844328921428,0
5b173c7a2bdf99a46ab24da2,cpu-rwm-sequential,3,251,-5.007770198398665,0
5b173c7a2bdf99a46ab24da2,cpu-rwm-sequential,3,252,-5.748728722771313,0
5b173c7a2bdf99a46ab24da2,cpu-rwm-sequential,3,253,-5.950073127131692,0
5b173c7a2bdf99a46ab24da2,cpu-rwm-sequential,3,254,-5.950073127131692,0
5b173c7a2bdf99a46ab24da2,cpu-rwm-sequential,3,255,-5.950073127131692,0
5b173c7a2bdf99a46ab24da2,cpu-rwm-sequential,3,256,-5.607721694411607,0
5b173c7a2bdf99a46ab24da2,cpu-rwm-sequential,3,257,-5.607721694411607,0
5b173c7a2bdf99a46ab24da2,cpu-rwm-sequential,3,258,-5.607721694411607,0
5b173c7a2bdf99a46ab24da2,cpu-rwm-sequential,3,259,-5.607721694411607,0
5b173c7a2bdf99a46ab24da2,cpu-rwm-sequential,3,260,-5.607721694411607,0
5b173c7a2bdf99a46ab24da2,cpu-rwm-sequential,3,261,-5.607721694411607,0
5b173c7a2bdf99a46ab24da2,cpu-rwm-sequential,3,262,-6.1248005257617715,0
5b173c7a2bdf99a46ab24da2,cpu-rwm-sequential,3,263,-6.5759555752642695,0
5b173c7a2bdf99a46ab24da2,cpu-rwm-sequential,3,264,-6.278292747941301,0
5b173c7a2bdf99a46ab24da2,cpu-rwm-sequential,3,265,-5.1867126570454385,0
5b173c7a2bdf99a46ab24da2,cpu-rwm-sequential,3,266,-5.1867126570454385,0
5b173c7a2bdf99a46ab24da2,cpu-rwm-sequential,3,267,-5.1867126570454385,0
5b173c7a2bdf99a46ab24da2,cpu-rwm-sequential,3,268,-5.1867126570454385,0
5b173c7a2bdf99a46ab24da2,cpu-rwm-sequential,3,269,-5.1867126570454385,0
5b173c7a2bdf99a46ab24da2,cpu-rwm-sequential,3,270,-5.1867126570454385,0
5b173c7a2bdf99a46ab24da2,cpu-rwm-sequential,3,271,-5.347924893814282,0
5b173c7a2bdf99a46ab24da2,cpu-rwm-sequential,3,272,-5.347924893814282,0
5b173c7a2bdf99a46ab24da2,cpu-rwm-sequential,3,273,-5.347924893814282,0
5b173c7a2bdf99a46ab24da2,cpu-rwm-sequential,3,274,-5.347924893814282,0
5b173c7a2bdf99a46ab24da2,cpu-rwm-sequential,3,275,-5.451140235916335,0
5b173c7a2bdf99a46ab24da2,cpu-rwm-sequential,3,276,-5.145342342074017,0
5b173c7a2bdf99a46ab24da2,cpu-rwm-sequential,3,277,-5.145342342074017,0
5b173c7a2bdf99a46ab24da2,cpu-rwm-sequential,3,278,-5.145342342074017,0
5b173c7a2bdf99a46ab24da2,cpu-rwm-sequential,3,279,-4.475209873558214,0
5b173c7a2bdf99a46ab24da2,cpu-rwm-sequential,3,280,-4.475209873558214,0
5b173c7a2bdf99a46ab24da2,cpu-rwm-sequential,3,281,-4.475209873558214,0
5b173c7a2bdf99a46ab24da2,cpu-rwm-sequential,3,282,-4.475209873558214,0
5b173c7a2bdf99a46ab24da2,cpu-rwm-sequential,3,283,-3.923562996174895,0
5b173c7a2bdf99a46ab24da2,cpu-rwm-sequential,3,284,-3.923562996174895,0
5b173c7a2bdf99a46ab24da2,cpu-rwm-sequential,3,285,-3.8453334611121415,0
5b173c7a2bdf99a46ab24da2,cpu-rwm-sequential,3,286,-3.8453334611121415,0
5b173c7a2bdf99a46ab24da2,cpu-rwm-sequential,3,287,-3.8453334611121415,0
5b173c7a2bdf99a46ab24da2,cpu-rwm-sequential,3,288,-3.8453334611121415,0
5b173c7a2bdf99a46ab24da2,cpu-rwm-sequential,3,289,-3.8453334611121415,0
5b173c7a2bdf99a46ab24da2,cpu-rwm-sequential,3,290,-3.8453334611121415,0
5b173c7a2bdf99a46ab24da2,cpu-rwm-sequential,3,291,-3.8453334611121415,0
5b173c7a2bdf99a46ab24da2,cpu-rwm-sequential,3,292,-3.8453334611121415,0
5b173c7a2bdf99a46ab24da2,cpu-rwm-sequential,3,293,-3.8453334611121415,0
5b173c7a2bdf99a46ab24da2,cpu-rwm-sequential,3,294,-3.8453334611121415,0
5b173c7a2bdf99a46ab24da2,cpu-rwm-sequential,3,295,-3.8453334611121415,0
5b173c7a2bdf99a46ab24da2,cpu-rwm-sequential,3,296,-3.8453334611121415,0
5b173c7a2bdf99a46ab24da2,cpu-rwm-sequential,3,297,-4.783707939675587,0
5b173c7a2bdf99a46ab24da2,cpu-rwm-sequential,3,298,-4.783707939675587,0
5b173c7a2bdf99a46ab24da2,cpu-rwm-sequential,3,299,-4.783707939675587,0
5b173c7a2bdf99a46ab24da2,cpu-rwm-sequential,3,300,-4.783707939675587,0
5b173c7a2bdf99a46ab24da2,cpu-rwm-sequential,3,301,-4.783707939675587,0
5b173c7a2bdf99a46ab24da2,cpu-rwm-sequential,3,302,-4.805806416855813,0
5b173c7a2bdf99a46ab24da2,cpu-rwm-sequential,3,303,-4.231655500190833,0
5b173c7a2bdf99a46ab24da2,cpu-rwm-sequential,3,304,-3.7629353257525993,0
5b173c7a2bdf99a46ab24da2,cpu-rwm-sequential,3,305,-3.5637867444591067,0
5b173c7a2bdf99a46ab24da2,cpu-rwm-sequential,3,306,-3.5637867444591067,0
5b173c7a2bdf99a46ab24da2,cpu-rwm-sequential,3,307,-3.5637867444591067,0
5b173c7a2bdf99a46ab24da2,cpu-rwm-sequential,3,308,-3.5637867444591067,0
5b173c7a2bdf99a46ab24da2,cpu-rwm-sequential,3,309,-3.5637867444591067,0
5b173c7a2bdf99a46ab24da2,cpu-rwm-sequential,3,310,-4.441100744879849,0
5b173c7a2bdf99a46ab24da2,cpu-rwm-sequential,3,311,-4.441100744879849,0
5b173c7a2bdf99a46ab24da2,cpu-rwm-sequential,3,312,-4.644403881410973,0
5b173c7a2bdf99a46ab24da2,cpu-rwm-sequential,3,313,-4.644403881410973,0
5b173c7a2bdf99a46ab24da2,cpu-rwm-sequential,3,314,-4.644403881410973,0
5b173c7a2bdf99a46ab24da2,cpu-rwm-sequential,3,315,-4.644403881410973,0
5b173c7a2bdf99a46ab24da2,cpu-rwm-sequential,3,316,-5.891959431486506,0
5b173c7a2bdf99a46ab24da2,cpu-rwm-sequential,3,317,-5.891959431486506,0
5b173c7a2bdf99a46ab24da2,cpu-rwm-sequential,3,318,-5.891959431486506,0
5b173c7a2bdf99a46ab24da2,cpu-rwm-sequential,3,319,-5.891959431486506,0
5b173c7a2bdf99a46ab24da2,cpu-rwm-sequential,3,320,-5.891959431486506,0
5b173c7a2bdf99a46ab24da2,cpu-rwm-sequential,3,321,-6.048193756698936,0
5b173c7a2bdf99a46ab24da2,cpu-rwm-sequential,3,322,-6.048193756698936,0
5b173c7a2bdf99a46ab24da2,cpu-rwm-sequential,3,323,-6.048193756698936,0
5b173c7a2bdf99a46ab24da2,cpu-rwm-sequential,3,324,-6.048193756698936,0
5b173c7a2bdf99a46ab24da2,cpu-rwm-sequential,3,325,-6.048193756698936,0
5b173c7a2bdf99a46ab24da2,cpu-rwm-sequential,3,326,-6.052233870037138,0
5b173c7a2bdf99a46ab24da2,cpu-rwm-sequential,3,327,-6.052233870037138,0
5b173c7a2bdf99a46ab24da2,cpu-rwm-sequential,3,328,-5.9288155556629025,0
5b173c7a2bdf99a46ab24da2,cpu-rwm-sequential,3,329,-5.9288155556629025,0
5b173c7a2bdf99a46ab24da2,cpu-rwm-sequential,3,330,-5.9288155556629025,0
5b173c7a2bdf99a46ab24da2,cpu-rwm-sequential,3,331,-5.9288155556629025,0
5b173c7a2bdf99a46ab24da2,cpu-rwm-sequential,3,332,-5.9288155556629025,0
5b173c7a2bdf99a46ab24da2,cpu-rwm-sequential,3,333,-5.9288155556629025,0
5b173c7a2bdf99a46ab24da2,cpu-rwm-sequential,3,334,-5.306620495750292,0
5b173c7a2bdf99a46ab24da2,cpu-rwm-sequential,3,335,-5.306620495750292,0
5b173c7a2bdf99a46ab24da2,cpu-rwm-sequential,3,336,-4.745556495283985,0
5b173c7a2bdf99a46ab24da2,cpu-rwm-sequential,3,337,-4.745556495283985,0
5b173c7a2bdf99a46ab24da2,cpu-rwm-sequential,3,338,-4.745556495283985,0
5b173c7a2bdf99a46ab24da2,cpu-rwm-sequential,3,339,-4.745556495283985,0
5b173c7a2bdf99a46ab24da2,cpu-rwm-sequential,3,340,-5.407578818311628,0
5b173c7a2bdf99a46ab24da2,cpu-rwm-sequential,3,341,-5.407578818311628,0
5b173c7a2bdf99a46ab24da2,cpu-rwm-sequential,3,342,-4.437962144732245,0
5b173c7a2bdf99a46ab24da2,cpu-rwm-sequential,3,343,-5.060117273608238,0
5b173c7a2bdf99a46ab24da2,cpu-rwm-sequential,3,344,-5.060117273608238,0
5b173c7a2bdf99a46ab24da2,cpu-rwm-sequential,3,345,-4.42675282817865,0
5b173c7a2bdf99a46ab24da2,cpu-rwm-sequential,3,346,-4.42675282817865,0
5b173c7a2bdf99a46ab24da2,cpu-rwm-sequential,3,347,-4.42675282817865,0
5b173c7a2bdf99a46ab24da2,cpu-rwm-sequential,3,348,-4.42675282817865,0
5b173c7a2bdf99a46ab24da2,cpu-rwm-sequential,3,349,-3.9562109893142368,0
5b173c7a2bdf99a46ab24da2,cpu-rwm-sequential,3,350,-3.9562109893142368,0
5b173c7a2bdf99a46ab24da2,cpu-rwm-sequential,3,351,-3.9562109893142368,0
5b173c7a2bdf99a46ab24da2,cpu-rwm-sequential,3,352,-3.9562109893142368,0
5b173c7a2bdf99a46ab24da2,cpu-rwm-sequential,3,353,-4.257739792987943,0
5b173c7a2bdf99a46ab24da2,cpu-rwm-sequential,3,354,-3.9894259092627977,0
5b173c7a2bdf99a46ab24da2,cpu-rwm-sequential,3,355,-3.9894259092627977,0
5b173c7a2bdf99a46ab24da2,cpu-rwm-sequential,3,356,-3.6085834497114417,0
5b173c7a2bdf99a46ab24da2,cpu-rwm-sequential,3,357,-3.9803256811452727,0
5b173c7a2bdf99a46ab24da2,cpu-rwm-sequential,3,358,-4.533976025180169,0
5b173c7a2bdf99a46ab24da2,cpu-rwm-sequential,3,359,-4.533976025180169,0
5b173c7a2bdf99a46ab24da2,cpu-rwm-sequential,3,360,-4.533976025180169,0
5b173c7a2bdf99a46ab24da2,cpu-rwm-sequential,3,361,-4.533976025180169,0
5b173c7a2bdf99a46ab24da2,cpu-rwm-sequential,3,362,-4.533976025180169,0
5b173c7a2bdf99a46ab24da2,cpu-rwm-sequential,3,363,-4.533976025180169,0
5b173c7a2bdf99a46ab24da2,cpu-rwm-sequential,3,364,-4.533976025180169,0
5b173c7a2bdf99a46ab24da2,cpu-rwm-sequential,3,365,-4.533976025180169,0
5b173c7a2bdf99a46ab24da2,cpu-rwm-sequential,3,366,-4.533976025180169,0
5b173c7a2bdf99a46ab24da2,cpu-rwm-sequential,3,367,-4.5404352760876305,0
5b173c7a2bdf99a46ab24da2,cpu-rwm-sequential,3,368,-3.9599562332682776,0
5b173c7a2bdf99a46ab24da2,cpu-rwm-sequential,3,369,-4.1164461682836535,0
5b173c7a2bdf99a46ab24da2,cpu-rwm-sequential,3,370,-4.1164461682836535,0
5b173c7a2bdf99a46ab24da2,cpu-rwm-sequential,3,371,-4.1164461682836535,0
5b173c7a2bdf99a46ab24da2,cpu-rwm-sequential,3,372,-3.805568140054369,0
5b173c7a2bdf99a46ab24da2,cpu-rwm-sequential,3,373,-3.805568140054369,0
5b173c7a2bdf99a46ab24da2,cpu-rwm-sequential,3,374,-4.773572608337739,0
5b173c7a2bdf99a46ab24da2,cpu-rwm-sequential,3,375,-4.823301361677696,0
5b173c7a2bdf99a46ab24da2,cpu-rwm-sequential,3,376,-4.823301361677696,0
5b173c7a2bdf99a46ab24da2,cpu-rwm-sequential,3,377,-5.758800443292409,0
5b173c7a2bdf99a46ab24da2,cpu-rwm-sequential,3,378,-5.758800443292409,0
5b173c7a2bdf99a46ab24da2,cpu-rwm-sequential,3,379,-5.758800443292409,0
5b173c7a2bdf99a46ab24da2,cpu-rwm-sequential,3,380,-5.758800443292409,0
5b173c7a2bdf99a46ab24da2,cpu-rwm-sequential,3,381,-5.758800443292409,0
5b173c7a2bdf99a46ab24da2,cpu-rwm-sequential,3,382,-5.943895766369888,0
5b173c7a2bdf99a46ab24da2,cpu-rwm-sequential,3,383,-5.943895766369888,0
5b173c7a2bdf99a46ab24da2,cpu-rwm-sequential,3,384,-5.943895766369888,0
5b173c7a2bdf99a46ab24da2,cpu-rwm-sequential,3,385,-5.943895766369888,0
5b173c7a2bdf99a46ab24da2,cpu-rwm-sequential,3,386,-5.943895766369888,0
5b173c7a2bdf99a46ab24da2,cpu-rwm-sequential,3,387,-5.943895766369888,0
5b173c7a2bdf99a46ab24da2,cpu-rwm-sequential,3,388,-5.943895766369888,0
5b173c7a2bdf99a46ab24da2,cpu-rwm-sequential,3,389,-6.145612299644095,0
5b173c7a2bdf99a46ab24da2,cpu-rwm-sequential,3,390,-6.9906163161093975,0
5b173c7a2bdf99a46ab24da2,cpu-rwm-sequential,3,391,-6.9906163161093975,0
5b173c7a2bdf99a46ab24da2,cpu-rwm-sequential,3,392,-6.9906163161093975,0
5b173c7a2bdf99a46ab24da2,cpu-rwm-sequential,3,393,-6.9906163161093975,0
5b173c7a2bdf99a46ab24da2,cpu-rwm-sequential,3,394,-6.9906163161093975,0
5b173c7a2bdf99a46ab24da2,cpu-rwm-sequential,3,395,-6.815932876811254,0
5b173c7a2bdf99a46ab24da2,cpu-rwm-sequential,3,396,-6.187505091419105,0
5b173c7a2bdf99a46ab24da2,cpu-rwm-sequential,3,397,-6.187505091419105,0
5b173c7a2bdf99a46ab24da2,cpu-rwm-sequential,3,398,-5.956324073873905,0
5b173c7a2bdf99a46ab24da2,cpu-rwm-sequential,3,399,-5.956324073873905,0
5b173c7a2bdf99a46ab24da2,cpu-rwm-sequential,3,400,-5.956324073873905,0
5b173c7a2bdf99a46ab24da2,cpu-rwm-sequential,3,401,-5.832490605208158,0
5b173c7a2bdf99a46ab24da2,cpu-rwm-sequential,3,402,-5.832490605208158,0
5b173c7a2bdf99a46ab24da2,cpu-rwm-sequential,3,403,-5.832490605208158,0
5b173c7a2bdf99a46ab24da2,cpu-rwm-sequential,3,404,-4.89068882802347,0
5b173c7a2bdf99a46ab24da2,cpu-rwm-sequential,3,405,-4.89068882802347,0
5b173c7a2bdf99a46ab24da2,cpu-rwm-sequential,3,406,-4.89068882802347,0
5b173c7a2bdf99a46ab24da2,cpu-rwm-sequential,3,407,-4.89068882802347,0
5b173c7a2bdf99a46ab24da2,cpu-rwm-sequential,3,408,-4.89068882802347,0
5b173c7a2bdf99a46ab24da2,cpu-rwm-sequential,3,409,-4.89068882802347,0
5b173c7a2bdf99a46ab24da2,cpu-rwm-sequential,3,410,-4.89068882802347,0
5b173c7a2bdf99a46ab24da2,cpu-rwm-sequential,3,411,-4.89068882802347,0
5b173c7a2bdf99a46ab24da2,cpu-rwm-sequential,3,412,-4.89068882802347,0
5b173c7a2bdf99a46ab24da2,cpu-rwm-sequential,3,413,-4.89068882802347,0
5b173c7a2bdf99a46ab24da2,cpu-rwm-sequential,3,414,-4.89068882802347,0
5b173c7a2bdf99a46ab24da2,cpu-rwm-sequential,3,415,-4.89068882802347,0
5b173c7a2bdf99a46ab24da2,cpu-rwm-sequential,3,416,-4.89068882802347,0
5b173c7a2bdf99a46ab24da2,cpu-rwm-sequential,3,417,-4.89068882802347,0
5b173c7a2bdf99a46ab24da2,cpu-rwm-sequential,3,418,-4.89068882802347,0
5b173c7a2bdf99a46ab24da2,cpu-rwm-sequential,3,419,-4.89068882802347,0
5b173c7a2bdf99a46ab24da2,cpu-rwm-sequential,3,420,-4.89068882802347,0
5b173c7a2bdf99a46ab24da2,cpu-rwm-sequential,3,421,-5.825935224585901,0
5b173c7a2bdf99a46ab24da2,cpu-rwm-sequential,3,422,-5.825935224585901,0
5b173c7a2bdf99a46ab24da2,cpu-rwm-sequential,3,423,-5.825935224585901,0
5b173c7a2bdf99a46ab24da2,cpu-rwm-sequential,3,424,-5.825935224585901,0
5b173c7a2bdf99a46ab24da2,cpu-rwm-sequential,3,425,-5.519712096716242,0
5b173c7a2bdf99a46ab24da2,cpu-rwm-sequential,3,426,-5.519712096716242,0
5b173c7a2bdf99a46ab24da2,cpu-rwm-sequential,3,427,-5.519712096716242,0
5b173c7a2bdf99a46ab24da2,cpu-rwm-sequential,3,428,-5.519712096716242,0
5b173c7a2bdf99a46ab24da2,cpu-rwm-sequential,3,429,-5.523428289585974,0
5b173c7a2bdf99a46ab24da2,cpu-rwm-sequential,3,430,-5.523428289585974,0
5b173c7a2bdf99a46ab24da2,cpu-rwm-sequential,3,431,-5.523428289585974,0
5b173c7a2bdf99a46ab24da2,cpu-rwm-sequential,3,432,-5.523428289585974,0
5b173c7a2bdf99a46ab24da2,cpu-rwm-sequential,3,433,-5.523428289585974,0
5b173c7a2bdf99a46ab24da2,cpu-rwm-sequential,3,434,-5.57197361401749,0
5b173c7a2bdf99a46ab24da2,cpu-rwm-sequential,3,435,-5.57197361401749,0
5b173c7a2bdf99a46ab24da2,cpu-rwm-sequential,3,436,-5.57197361401749,0
5b173c7a2bdf99a46ab24da2,cpu-rwm-sequential,3,437,-4.317282552289852,0
5b173c7a2bdf99a46ab24da2,cpu-rwm-sequential,3,438,-4.317282552289852,0
5b173c7a2bdf99a46ab24da2,cpu-rwm-sequential,3,439,-5.0778556294129285,0
5b173c7a2bdf99a46ab24da2,cpu-rwm-sequential,3,440,-5.311371328027873,0
5b173c7a2bdf99a46ab24da2,cpu-rwm-sequential,3,441,-5.311371328027873,0
5b173c7a2bdf99a46ab24da2,cpu-rwm-sequential,3,442,-5.311371328027873,0
5b173c7a2bdf99a46ab24da2,cpu-rwm-sequential,3,443,-3.8098561889880482,0
5b173c7a2bdf99a46ab24da2,cpu-rwm-sequential,3,444,-3.8098561889880482,0
5b173c7a2bdf99a46ab24da2,cpu-rwm-sequential,3,445,-4.458587241915519,0
5b173c7a2bdf99a46ab24da2,cpu-rwm-sequential,3,446,-4.458587241915519,0
5b173c7a2bdf99a46ab24da2,cpu-rwm-sequential,3,447,-4.458587241915519,0
5b173c7a2bdf99a46ab24da2,cpu-rwm-sequential,3,448,-4.458587241915519,0
5b173c7a2bdf99a46ab24da2,cpu-rwm-sequential,3,449,-4.458587241915519,0
5b173c7a2bdf99a46ab24da2,cpu-rwm-sequential,3,450,-4.458587241915519,0
5b173c7a2bdf99a46ab24da2,cpu-rwm-sequential,3,451,-4.458587241915519,0
5b173c7a2bdf99a46ab24da2,cpu-rwm-sequential,3,452,-5.06152409680428,0
5b173c7a2bdf99a46ab24da2,cpu-rwm-sequential,3,453,-5.06152409680428,0
5b173c7a2bdf99a46ab24da2,cpu-rwm-sequential,3,454,-5.06152409680428,0
5b173c7a2bdf99a46ab24da2,cpu-rwm-sequential,3,455,-5.06152409680428,0
5b173c7a2bdf99a46ab24da2,cpu-rwm-sequential,3,456,-5.06152409680428,0
5b173c7a2bdf99a46ab24da2,cpu-rwm-sequential,3,457,-5.06152409680428,0
5b173c7a2bdf99a46ab24da2,cpu-rwm-sequential,3,458,-5.616642860098677,0
5b173c7a2bdf99a46ab24da2,cpu-rwm-sequential,3,459,-4.354165698059185,0
5b173c7a2bdf99a46ab24da2,cpu-rwm-sequential,3,460,-4.354165698059185,0
5b173c7a2bdf99a46ab24da2,cpu-rwm-sequential,3,461,-4.354165698059185,0
5b173c7a2bdf99a46ab24da2,cpu-rwm-sequential,3,462,-4.354165698059185,0
5b173c7a2bdf99a46ab24da2,cpu-rwm-sequential,3,463,-4.354165698059185,0
5b173c7a2bdf99a46ab24da2,cpu-rwm-sequential,3,464,-4.354165698059185,0
5b173c7a2bdf99a46ab24da2,cpu-rwm-sequential,3,465,-4.354165698059185,0
5b173c7a2bdf99a46ab24da2,cpu-rwm-sequential,3,466,-4.354165698059185,0
5b173c7a2bdf99a46ab24da2,cpu-rwm-sequential,3,467,-4.354165698059185,0
5b173c7a2bdf99a46ab24da2,cpu-rwm-sequential,3,468,-4.354165698059185,0
5b173c7a2bdf99a46ab24da2,cpu-rwm-sequential,3,469,-4.354165698059185,0
5b173c7a2bdf99a46ab24da2,cpu-rwm-sequential,3,470,-4.05665283201707,0
5b173c7a2bdf99a46ab24da2,cpu-rwm-sequential,3,471,-4.05665283201707,0
5b173c7a2bdf99a46ab24da2,cpu-rwm-sequential,3,472,-4.05665283201707,0
5b173c7a2bdf99a46ab24da2,cpu-rwm-sequential,3,473,-4.05665283201707,0
5b173c7a2bdf99a46ab24da2,cpu-rwm-sequential,3,474,-4.05665283201707,0
5b173c7a2bdf99a46ab24da2,cpu-rwm-sequential,3,475,-4.636380377276575,0
5b173c7a2bdf99a46ab24da2,cpu-rwm-sequential,3,476,-4.489309803277058,0
5b173c7a2bdf99a46ab24da2,cpu-rwm-sequential,3,477,-4.489309803277058,0
5b173c7a2bdf99a46ab24da2,cpu-rwm-sequential,3,478,-4.294917183140581,0
5b173c7a2bdf99a46ab24da2,cpu-rwm-sequential,3,479,-4.294917183140581,0
5b173c7a2bdf99a46ab24da2,cpu-rwm-sequential,3,480,-3.7179612137235454,0
5b173c7a2bdf99a46ab24da2,cpu-rwm-sequential,3,481,-3.276574089736962,0
5b173c7a2bdf99a46ab24da2,cpu-rwm-sequential,3,482,-3.276574089736962,0
5b173c7a2bdf99a46ab24da2,cpu-rwm-sequential,3,483,-3.276574089736962,0
5b173c7a2bdf99a46ab24da2,cpu-rwm-sequential,3,484,-3.276574089736962,0
5b173c7a2bdf99a46ab24da2,cpu-rwm-sequential,3,485,-3.276574089736962,0
5b173c7a2bdf99a46ab24da2,cpu-rwm-sequential,3,486,-4.1987541996455535,0
5b173c7a2bdf99a46ab24da2,cpu-rwm-sequential,3,487,-4.1987541996455535,0
5b173c7a2bdf99a46ab24da2,cpu-rwm-sequential,3,488,-4.1987541996455535,0
5b173c7a2bdf99a46ab24da2,cpu-rwm-sequential,3,489,-4.1987541996455535,0
5b173c7a2bdf99a46ab24da2,cpu-rwm-sequential,3,490,-3.7610274662030805,0
5b173c7a2bdf99a46ab24da2,cpu-rwm-sequential,3,491,-3.7610274662030805,0
5b173c7a2bdf99a46ab24da2,cpu-rwm-sequential,3,492,-3.7610274662030805,0
5b173c7a2bdf99a46ab24da2,cpu-rwm-sequential,3,493,-3.7610274662030805,0
5b173c7a2bdf99a46ab24da2,cpu-rwm-sequential,3,494,-3.7610274662030805,0
5b173c7a2bdf99a46ab24da2,cpu-rwm-sequential,3,495,-3.7610274662030805,0
5b173c7a2bdf99a46ab24da2,cpu-rwm-sequential,3,496,-3.7610274662030805,0
5b173c7a2bdf99a46ab24da2,cpu-rwm-sequential,3,497,-5.0241516336007574,0
5b173c7a2bdf99a46ab24da2,cpu-rwm-sequential,3,498,-5.0241516336007574,0
5b173c7a2bdf99a46ab24da2,cpu-rwm-sequential,3,499,-5.713505818877586,0
5b173c7a2bdf99a46ab24da2,cpu-rwm-sequential,3,500,-5.713505818877586,0
5b173c7a2bdf99a46ab24da2,cpu-rwm-sequential,3,501,-5.361852073962536,0
5b173c7a2bdf99a46ab24da2,cpu-rwm-sequential,3,502,-5.361852073962536,0
5b173c7a2bdf99a46ab24da2,cpu-rwm-sequential,3,503,-5.364338297344697,0
5b173c7a2bdf99a46ab24da2,cpu-rwm-sequential,3,504,-4.760570013930083,0
5b173c7a2bdf99a46ab24da2,cpu-rwm-sequential,3,505,-4.760570013930083,0
5b173c7a2bdf99a46ab24da2,cpu-rwm-sequential,3,506,-5.634207747129797,0
5b173c7a2bdf99a46ab24da2,cpu-rwm-sequential,3,507,-5.634207747129797,0
5b173c7a2bdf99a46ab24da2,cpu-rwm-sequential,3,508,-5.634207747129797,0
5b173c7a2bdf99a46ab24da2,cpu-rwm-sequential,3,509,-5.634207747129797,0
5b173c7a2bdf99a46ab24da2,cpu-rwm-sequential,3,510,-5.634207747129797,0
5b173c7a2bdf99a46ab24da2,cpu-rwm-sequential,3,511,-5.634207747129797,0
5b173c7a2bdf99a46ab24da2,cpu-rwm-sequential,3,512,-6.01756373239766,0
5b173c7a2bdf99a46ab24da2,cpu-rwm-sequential,3,513,-6.01756373239766,0
5b173c7a2bdf99a46ab24da2,cpu-rwm-sequential,3,514,-6.01756373239766,0
5b173c7a2bdf99a46ab24da2,cpu-rwm-sequential,3,515,-6.01756373239766,0
5b173c7a2bdf99a46ab24da2,cpu-rwm-sequential,3,516,-5.468621544527897,0
5b173c7a2bdf99a46ab24da2,cpu-rwm-sequential,3,517,-5.468621544527897,0
5b173c7a2bdf99a46ab24da2,cpu-rwm-sequential,3,518,-5.468621544527897,0
5b173c7a2bdf99a46ab24da2,cpu-rwm-sequential,3,519,-5.468621544527897,0
5b173c7a2bdf99a46ab24da2,cpu-rwm-sequential,3,520,-5.468621544527897,0
5b173c7a2bdf99a46ab24da2,cpu-rwm-sequential,3,521,-5.468621544527897,0
5b173c7a2bdf99a46ab24da2,cpu-rwm-sequential,3,522,-4.259910768540474,0
5b173c7a2bdf99a46ab24da2,cpu-rwm-sequential,3,523,-4.259910768540474,0
5b173c7a2bdf99a46ab24da2,cpu-rwm-sequential,3,524,-4.259910768540474,0
5b173c7a2bdf99a46ab24da2,cpu-rwm-sequential,3,525,-3.1281069415623897,0
5b173c7a2bdf99a46ab24da2,cpu-rwm-sequential,3,526,-3.1281069415623897,0
5b173c7a2bdf99a46ab24da2,cpu-rwm-sequential,3,527,-4.561649003948598,0
5b173c7a2bdf99a46ab24da2,cpu-rwm-sequential,3,528,-4.561649003948598,0
5b173c7a2bdf99a46ab24da2,cpu-rwm-sequential,3,529,-4.561649003948598,0
5b173c7a2bdf99a46ab24da2,cpu-rwm-sequential,3,530,-4.561649003948598,0
5b173c7a2bdf99a46ab24da2,cpu-rwm-sequential,3,531,-4.561649003948598,0
5b173c7a2bdf99a46ab24da2,cpu-rwm-sequential,3,532,-5.399836245903304,0
5b173c7a2bdf99a46ab24da2,cpu-rwm-sequential,3,533,-5.399836245903304,0
5b173c7a2bdf99a46ab24da2,cpu-rwm-sequential,3,534,-5.399836245903304,0
5b173c7a2bdf99a46ab24da2,cpu-rwm-sequential,3,535,-5.399836245903304,0
5b173c7a2bdf99a46ab24da2,cpu-rwm-sequential,3,536,-5.399836245903304,0
5b173c7a2bdf99a46ab24da2,cpu-rwm-sequential,3,537,-5.399836245903304,0
5b173c7a2bdf99a46ab24da2,cpu-rwm-sequential,3,538,-4.839140537356873,0
5b173c7a2bdf99a46ab24da2,cpu-rwm-sequential,3,539,-4.780234821452073,0
5b173c7a2bdf99a46ab24da2,cpu-rwm-sequential,3,540,-4.780234821452073,0
5b173c7a2bdf99a46ab24da2,cpu-rwm-sequential,3,541,-4.780234821452073,0
5b173c7a2bdf99a46ab24da2,cpu-rwm-sequential,3,542,-4.780234821452073,0
5b173c7a2bdf99a46ab24da2,cpu-rwm-sequential,3,543,-4.780234821452073,0
5b173c7a2bdf99a46ab24da2,cpu-rwm-sequential,3,544,-4.183283687934978,0
5b173c7a2bdf99a46ab24da2,cpu-rwm-sequential,3,545,-4.183283687934978,0
5b173c7a2bdf99a46ab24da2,cpu-rwm-sequential,3,546,-3.3667871046841498,0
5b173c7a2bdf99a46ab24da2,cpu-rwm-sequential,3,547,-3.3667871046841498,0
5b173c7a2bdf99a46ab24da2,cpu-rwm-sequential,3,548,-3.3667871046841498,0
5b173c7a2bdf99a46ab24da2,cpu-rwm-sequential,3,549,-3.3667871046841498,0
5b173c7a2bdf99a46ab24da2,cpu-rwm-sequential,3,550,-3.3667871046841498,0
5b173c7a2bdf99a46ab24da2,cpu-rwm-sequential,3,551,-3.3667871046841498,0
5b173c7a2bdf99a46ab24da2,cpu-rwm-sequential,3,552,-3.5782714162600766,0
5b173c7a2bdf99a46ab24da2,cpu-rwm-sequential,3,553,-3.5782714162600766,0
5b173c7a2bdf99a46ab24da2,cpu-rwm-sequential,3,554,-3.403820532884151,0
5b173c7a2bdf99a46ab24da2,cpu-rwm-sequential,3,555,-3.403820532884151,0
5b173c7a2bdf99a46ab24da2,cpu-rwm-sequential,3,556,-3.403820532884151,0
5b173c7a2bdf99a46ab24da2,cpu-rwm-sequential,3,557,-4.2898511242758195,0
5b173c7a2bdf99a46ab24da2,cpu-rwm-sequential,3,558,-5.079884550524267,0
5b173c7a2bdf99a46ab24da2,cpu-rwm-sequential,3,559,-5.079884550524267,0
5b173c7a2bdf99a46ab24da2,cpu-rwm-sequential,3,560,-5.079884550524267,0
5b173c7a2bdf99a46ab24da2,cpu-rwm-sequential,3,561,-5.079884550524267,0
5b173c7a2bdf99a46ab24da2,cpu-rwm-sequential,3,562,-6.045894008890734,0
5b173c7a2bdf99a46ab24da2,cpu-rwm-sequential,3,563,-6.045894008890734,0
5b173c7a2bdf99a46ab24da2,cpu-rwm-sequential,3,564,-6.045894008890734,0
5b173c7a2bdf99a46ab24da2,cpu-rwm-sequential,3,565,-6.045894008890734,0
5b173c7a2bdf99a46ab24da2,cpu-rwm-sequential,3,566,-6.045894008890734,0
5b173c7a2bdf99a46ab24da2,cpu-rwm-sequential,3,567,-6.045894008890734,0
5b173c7a2bdf99a46ab24da2,cpu-rwm-sequential,3,568,-6.045894008890734,0
5b173c7a2bdf99a46ab24da2,cpu-rwm-sequential,3,569,-6.54447804368401,0
5b173c7a2bdf99a46ab24da2,cpu-rwm-sequential,3,570,-6.54447804368401,0
5b173c7a2bdf99a46ab24da2,cpu-rwm-sequential,3,571,-6.54447804368401,0
5b173c7a2bdf99a46ab24da2,cpu-rwm-sequential,3,572,-6.54447804368401,0
5b173c7a2bdf99a46ab24da2,cpu-rwm-sequential,3,573,-6.320090781816007,0
5b173c7a2bdf99a46ab24da2,cpu-rwm-sequential,3,574,-6.320090781816007,0
5b173c7a2bdf99a46ab24da2,cpu-rwm-sequential,3,575,-5.93936596451934,0
5b173c7a2bdf99a46ab24da2,cpu-rwm-sequential,3,576,-5.93936596451934,0
5b173c7a2bdf99a46ab24da2,cpu-rwm-sequential,3,577,-7.030694086770592,0
5b173c7a2bdf99a46ab24da2,cpu-rwm-sequential,3,578,-7.030694086770592,0
5b173c7a2bdf99a46ab24da2,cpu-rwm-sequential,3,579,-7.094828509089129,0
5b173c7a2bdf99a46ab24da2,cpu-rwm-sequential,3,580,-7.094828509089129,0
5b173c7a2bdf99a46ab24da2,cpu-rwm-sequential,3,581,-7.094828509089129,0
5b173c7a2bdf99a46ab24da2,cpu-rwm-sequential,3,582,-5.66791181953428,0
5b173c7a2bdf99a46ab24da2,cpu-rwm-sequential,3,583,-5.66791181953428,0
5b173c7a2bdf99a46ab24da2,cpu-rwm-sequential,3,584,-6.433844274171731,0
5b173c7a2bdf99a46ab24da2,cpu-rwm-sequential,3,585,-6.433844274171731,0
5b173c7a2bdf99a46ab24da2,cpu-rwm-sequential,3,586,-6.433844274171731,0
5b173c7a2bdf99a46ab24da2,cpu-rwm-sequential,3,587,-5.63854725352124,0
5b173c7a2bdf99a46ab24da2,cpu-rwm-sequential,3,588,-5.762985564516675,0
5b173c7a2bdf99a46ab24da2,cpu-rwm-sequential,3,589,-5.762985564516675,0
5b173c7a2bdf99a46ab24da2,cpu-rwm-sequential,3,590,-5.762985564516675,0
5b173c7a2bdf99a46ab24da2,cpu-rwm-sequential,3,591,-5.762985564516675,0
5b173c7a2bdf99a46ab24da2,cpu-rwm-sequential,3,592,-5.762985564516675,0
5b173c7a2bdf99a46ab24da2,cpu-rwm-sequential,3,593,-5.762985564516675,0
5b173c7a2bdf99a46ab24da2,cpu-rwm-sequential,3,594,-5.762985564516675,0
5b173c7a2bdf99a46ab24da2,cpu-rwm-sequential,3,595,-5.762985564516675,0
5b173c7a2bdf99a46ab24da2,cpu-rwm-sequential,3,596,-5.762985564516675,0
5b173c7a2bdf99a46ab24da2,cpu-rwm-sequential,3,597,-5.322421428723151,0
5b173c7a2bdf99a46ab24da2,cpu-rwm-sequential,3,598,-5.322421428723151,0
5b173c7a2bdf99a46ab24da2,cpu-rwm-sequential,3,599,-5.322421428723151,0
5b173c7a2bdf99a46ab24da2,cpu-rwm-sequential,3,600,-5.398016230031345,0
5b173c7a2bdf99a46ab24da2,cpu-rwm-sequential,3,601,-6.419619213851118,0
5b173c7a2bdf99a46ab24da2,cpu-rwm-sequential,3,602,-6.419619213851118,0
5b173c7a2bdf99a46ab24da2,cpu-rwm-sequential,3,603,-6.419619213851118,0
5b173c7a2bdf99a46ab24da2,cpu-rwm-sequential,3,604,-6.419619213851118,0
5b173c7a2bdf99a46ab24da2,cpu-rwm-sequential,3,605,-5.962999988751365,0
5b173c7a2bdf99a46ab24da2,cpu-rwm-sequential,3,606,-5.962999988751365,0
5b173c7a2bdf99a46ab24da2,cpu-rwm-sequential,3,607,-5.962999988751365,0
5b173c7a2bdf99a46ab24da2,cpu-rwm-sequential,3,608,-4.86440131643959,0
5b173c7a2bdf99a46ab24da2,cpu-rwm-sequential,3,609,-4.86440131643959,0
5b173c7a2bdf99a46ab24da2,cpu-rwm-sequential,3,610,-4.86440131643959,0
5b173c7a2bdf99a46ab24da2,cpu-rwm-sequential,3,611,-5.56446040455082,0
5b173c7a2bdf99a46ab24da2,cpu-rwm-sequential,3,612,-5.56446040455082,0
5b173c7a2bdf99a46ab24da2,cpu-rwm-sequential,3,613,-5.56446040455082,0
5b173c7a2bdf99a46ab24da2,cpu-rwm-sequential,3,614,-5.56446040455082,0
5b173c7a2bdf99a46ab24da2,cpu-rwm-sequential,3,615,-5.56446040455082,0
5b173c7a2bdf99a46ab24da2,cpu-rwm-sequential,3,616,-5.56446040455082,0
5b173c7a2bdf99a46ab24da2,cpu-rwm-sequential,3,617,-5.56446040455082,0
5b173c7a2bdf99a46ab24da2,cpu-rwm-sequential,3,618,-5.4711249893270155,0
5b173c7a2bdf99a46ab24da2,cpu-rwm-sequential,3,619,-5.4711249893270155,0
5b173c7a2bdf99a46ab24da2,cpu-rwm-sequential,3,620,-5.241773368154679,0
5b173c7a2bdf99a46ab24da2,cpu-rwm-sequential,3,621,-5.241773368154679,0
5b173c7a2bdf99a46ab24da2,cpu-rwm-sequential,3,622,-5.241773368154679,0
5b173c7a2bdf99a46ab24da2,cpu-rwm-sequential,3,623,-5.241773368154679,0
5b173c7a2bdf99a46ab24da2,cpu-rwm-sequential,3,624,-5.241773368154679,0
5b173c7a2bdf99a46ab24da2,cpu-rwm-sequential,3,625,-5.241773368154679,0
5b173c7a2bdf99a46ab24da2,cpu-rwm-sequential,3,626,-5.241773368154679,0
5b173c7a2bdf99a46ab24da2,cpu-rwm-sequential,3,627,-5.241773368154679,0
5b173c7a2bdf99a46ab24da2,cpu-rwm-sequential,3,628,-3.7467909083831334,0
5b173c7a2bdf99a46ab24da2,cpu-rwm-sequential,3,629,-4.097870067561577,0
5b173c7a2bdf99a46ab24da2,cpu-rwm-sequential,3,630,-4.097870067561577,0
5b173c7a2bdf99a46ab24da2,cpu-rwm-sequential,3,631,-4.097870067561577,0
5b173c7a2bdf99a46ab24da2,cpu-rwm-sequential,3,632,-4.097870067561577,0
5b173c7a2bdf99a46ab24da2,cpu-rwm-sequential,3,633,-4.097870067561577,0
5b173c7a2bdf99a46ab24da2,cpu-rwm-sequential,3,634,-3.3648164001699494,0
5b173c7a2bdf99a46ab24da2,cpu-rwm-sequential,3,635,-3.3648164001699494,0
5b173c7a2bdf99a46ab24da2,cpu-rwm-sequential,3,636,-5.567027941983664,0
5b173c7a2bdf99a46ab24da2,cpu-rwm-sequential,3,637,-5.567027941983664,0
5b173c7a2bdf99a46ab24da2,cpu-rwm-sequential,3,638,-5.567027941983664,0
5b173c7a2bdf99a46ab24da2,cpu-rwm-sequential,3,639,-5.567027941983664,0
5b173c7a2bdf99a46ab24da2,cpu-rwm-sequential,3,640,-5.567027941983664,0
5b173c7a2bdf99a46ab24da2,cpu-rwm-sequential,3,641,-4.888123225649383,0
5b173c7a2bdf99a46ab24da2,cpu-rwm-sequential,3,642,-4.725310124552124,0
5b173c7a2bdf99a46ab24da2,cpu-rwm-sequential,3,643,-5.359802828227165,0
5b173c7a2bdf99a46ab24da2,cpu-rwm-sequential,3,644,-5.516089353351114,0
5b173c7a2bdf99a46ab24da2,cpu-rwm-sequential,3,645,-5.516089353351114,0
5b173c7a2bdf99a46ab24da2,cpu-rwm-sequential,3,646,-5.516089353351114,0
5b173c7a2bdf99a46ab24da2,cpu-rwm-sequential,3,647,-5.516089353351114,0
5b173c7a2bdf99a46ab24da2,cpu-rwm-sequential,3,648,-5.516089353351114,0
5b173c7a2bdf99a46ab24da2,cpu-rwm-sequential,3,649,-4.687679760244464,0
5b173c7a2bdf99a46ab24da2,cpu-rwm-sequential,3,650,-3.189951271818173,0
5b173c7a2bdf99a46ab24da2,cpu-rwm-sequential,3,651,-3.189951271818173,0
5b173c7a2bdf99a46ab24da2,cpu-rwm-sequential,3,652,-3.189951271818173,0
5b173c7a2bdf99a46ab24da2,cpu-rwm-sequential,3,653,-2.4313331957056974,0
5b173c7a2bdf99a46ab24da2,cpu-rwm-sequential,3,654,-3.5309469273782526,0
5b173c7a2bdf99a46ab24da2,cpu-rwm-sequential,3,655,-3.7663450563579812,0
5b173c7a2bdf99a46ab24da2,cpu-rwm-sequential,3,656,-3.7663450563579812,0
5b173c7a2bdf99a46ab24da2,cpu-rwm-sequential,3,657,-3.7663450563579812,0
5b173c7a2bdf99a46ab24da2,cpu-rwm-sequential,3,658,-3.7663450563579812,0
5b173c7a2bdf99a46ab24da2,cpu-rwm-sequential,3,659,-3.505540363974443,0
5b173c7a2bdf99a46ab24da2,cpu-rwm-sequential,3,660,-3.505540363974443,0
5b173c7a2bdf99a46ab24da2,cpu-rwm-sequential,3,661,-3.3361059613646873,0
5b173c7a2bdf99a46ab24da2,cpu-rwm-sequential,3,662,-3.3361059613646873,0
5b173c7a2bdf99a46ab24da2,cpu-rwm-sequential,3,663,-3.3361059613646873,0
5b173c7a2bdf99a46ab24da2,cpu-rwm-sequential,3,664,-3.3361059613646873,0
5b173c7a2bdf99a46ab24da2,cpu-rwm-sequential,3,665,-3.5668191189162686,0
5b173c7a2bdf99a46ab24da2,cpu-rwm-sequential,3,666,-4.843582625222246,0
5b173c7a2bdf99a46ab24da2,cpu-rwm-sequential,3,667,-3.75443917223165,0
5b173c7a2bdf99a46ab24da2,cpu-rwm-sequential,3,668,-3.6689944595816457,0
5b173c7a2bdf99a46ab24da2,cpu-rwm-sequential,3,669,-3.6689944595816457,0
5b173c7a2bdf99a46ab24da2,cpu-rwm-sequential,3,670,-3.7602270370085713,0
5b173c7a2bdf99a46ab24da2,cpu-rwm-sequential,3,671,-3.7602270370085713,0
5b173c7a2bdf99a46ab24da2,cpu-rwm-sequential,3,672,-3.7602270370085713,0
5b173c7a2bdf99a46ab24da2,cpu-rwm-sequential,3,673,-3.7602270370085713,0
5b173c7a2bdf99a46ab24da2,cpu-rwm-sequential,3,674,-3.7602270370085713,0
5b173c7a2bdf99a46ab24da2,cpu-rwm-sequential,3,675,-3.7602270370085713,0
5b173c7a2bdf99a46ab24da2,cpu-rwm-sequential,3,676,-3.7602270370085713,0
5b173c7a2bdf99a46ab24da2,cpu-rwm-sequential,3,677,-3.7602270370085713,0
5b173c7a2bdf99a46ab24da2,cpu-rwm-sequential,3,678,-3.7602270370085713,0
5b173c7a2bdf99a46ab24da2,cpu-rwm-sequential,3,679,-3.7602270370085713,0
5b173c7a2bdf99a46ab24da2,cpu-rwm-sequential,3,680,-3.7602270370085713,0
5b173c7a2bdf99a46ab24da2,cpu-rwm-sequential,3,681,-3.7602270370085713,0
5b173c7a2bdf99a46ab24da2,cpu-rwm-sequential,3,682,-3.7602270370085713,0
5b173c7a2bdf99a46ab24da2,cpu-rwm-sequential,3,683,-3.7602270370085713,0
5b173c7a2bdf99a46ab24da2,cpu-rwm-sequential,3,684,-3.579184038839343,0
5b173c7a2bdf99a46ab24da2,cpu-rwm-sequential,3,685,-3.579184038839343,0
5b173c7a2bdf99a46ab24da2,cpu-rwm-sequential,3,686,-3.579184038839343,0
5b173c7a2bdf99a46ab24da2,cpu-rwm-sequential,3,687,-3.968637648128849,0
5b173c7a2bdf99a46ab24da2,cpu-rwm-sequential,3,688,-5.083405429420728,0
5b173c7a2bdf99a46ab24da2,cpu-rwm-sequential,3,689,-5.083405429420728,0
5b173c7a2bdf99a46ab24da2,cpu-rwm-sequential,3,690,-5.653513315910724,0
5b173c7a2bdf99a46ab24da2,cpu-rwm-sequential,3,691,-4.1299019616452615,0
5b173c7a2bdf99a46ab24da2,cpu-rwm-sequential,3,692,-4.1299019616452615,0
5b173c7a2bdf99a46ab24da2,cpu-rwm-sequential,3,693,-3.4466450330160225,0
5b173c7a2bdf99a46ab24da2,cpu-rwm-sequential,3,694,-3.4466450330160225,0
5b173c7a2bdf99a46ab24da2,cpu-rwm-sequential,3,695,-3.4466450330160225,0
5b173c7a2bdf99a46ab24da2,cpu-rwm-sequential,3,696,-3.4466450330160225,0
5b173c7a2bdf99a46ab24da2,cpu-rwm-sequential,3,697,-3.4466450330160225,0
5b173c7a2bdf99a46ab24da2,cpu-rwm-sequential,3,698,-3.4466450330160225,0
5b173c7a2bdf99a46ab24da2,cpu-rwm-sequential,3,699,-3.7114108441843916,0
5b173c7a2bdf99a46ab24da2,cpu-rwm-sequential,3,700,-4.019080172135103,0
5b173c7a2bdf99a46ab24da2,cpu-rwm-sequential,3,701,-4.297758818282652,0
5b173c7a2bdf99a46ab24da2,cpu-rwm-sequential,3,702,-4.297758818282652,0
5b173c7a2bdf99a46ab24da2,cpu-rwm-sequential,3,703,-4.297758818282652,0
5b173c7a2bdf99a46ab24da2,cpu-rwm-sequential,3,704,-4.297758818282652,0
5b173c7a2bdf99a46ab24da2,cpu-rwm-sequential,3,705,-4.97948970438569,0
5b173c7a2bdf99a46ab24da2,cpu-rwm-sequential,3,706,-4.97948970438569,0
5b173c7a2bdf99a46ab24da2,cpu-rwm-sequential,3,707,-4.930536395465937,0
5b173c7a2bdf99a46ab24da2,cpu-rwm-sequential,3,708,-4.930536395465937,0
5b173c7a2bdf99a46ab24da2,cpu-rwm-sequential,3,709,-4.6078258600762405,0
5b173c7a2bdf99a46ab24da2,cpu-rwm-sequential,3,710,-4.6078258600762405,0
5b173c7a2bdf99a46ab24da2,cpu-rwm-sequential,3,711,-4.6078258600762405,0
5b173c7a2bdf99a46ab24da2,cpu-rwm-sequential,3,712,-4.6078258600762405,0
5b173c7a2bdf99a46ab24da2,cpu-rwm-sequential,3,713,-4.6078258600762405,0
5b173c7a2bdf99a46ab24da2,cpu-rwm-sequential,3,714,-4.6078258600762405,0
5b173c7a2bdf99a46ab24da2,cpu-rwm-sequential,3,715,-4.6078258600762405,0
5b173c7a2bdf99a46ab24da2,cpu-rwm-sequential,3,716,-4.994135044889532,0
5b173c7a2bdf99a46ab24da2,cpu-rwm-sequential,3,717,-5.819898995191907,0
5b173c7a2bdf99a46ab24da2,cpu-rwm-sequential,3,718,-4.480435647496861,0
5b173c7a2bdf99a46ab24da2,cpu-rwm-sequential,3,719,-4.480435647496861,0
5b173c7a2bdf99a46ab24da2,cpu-rwm-sequential,3,720,-4.480435647496861,0
5b173c7a2bdf99a46ab24da2,cpu-rwm-sequential,3,721,-4.480435647496861,0
5b173c7a2bdf99a46ab24da2,cpu-rwm-sequential,3,722,-4.480435647496861,0
5b173c7a2bdf99a46ab24da2,cpu-rwm-sequential,3,723,-4.480435647496861,0
5b173c7a2bdf99a46ab24da2,cpu-rwm-sequential,3,724,-4.480435647496861,0
5b173c7a2bdf99a46ab24da2,cpu-rwm-sequential,3,725,-4.480435647496861,0
5b173c7a2bdf99a46ab24da2,cpu-rwm-sequential,3,726,-4.480435647496861,0
5b173c7a2bdf99a46ab24da2,cpu-rwm-sequential,3,727,-4.127868423967702,0
5b173c7a2bdf99a46ab24da2,cpu-rwm-sequential,3,728,-4.4392660992849535,0
5b173c7a2bdf99a46ab24da2,cpu-rwm-sequential,3,729,-4.4392660992849535,0
5b173c7a2bdf99a46ab24da2,cpu-rwm-sequential,3,730,-4.4392660992849535,0
5b173c7a2bdf99a46ab24da2,cpu-rwm-sequential,3,731,-6.025304153146728,0
5b173c7a2bdf99a46ab24da2,cpu-rwm-sequential,3,732,-5.4031103304890635,0
5b173c7a2bdf99a46ab24da2,cpu-rwm-sequential,3,733,-5.4031103304890635,0
5b173c7a2bdf99a46ab24da2,cpu-rwm-sequential,3,734,-5.4031103304890635,0
5b173c7a2bdf99a46ab24da2,cpu-rwm-sequential,3,735,-5.4031103304890635,0
5b173c7a2bdf99a46ab24da2,cpu-rwm-sequential,3,736,-5.4031103304890635,0
5b173c7a2bdf99a46ab24da2,cpu-rwm-sequential,3,737,-5.4031103304890635,0
5b173c7a2bdf99a46ab24da2,cpu-rwm-sequential,3,738,-5.4031103304890635,0
5b173c7a2bdf99a46ab24da2,cpu-rwm-sequential,3,739,-5.4031103304890635,0
5b173c7a2bdf99a46ab24da2,cpu-rwm-sequential,3,740,-4.367148934258564,0
5b173c7a2bdf99a46ab24da2,cpu-rwm-sequential,3,741,-3.6016459093773197,0
5b173c7a2bdf99a46ab24da2,cpu-rwm-sequential,3,742,-4.073406822302808,0
5b173c7a2bdf99a46ab24da2,cpu-rwm-sequential,3,743,-4.073406822302808,0
5b173c7a2bdf99a46ab24da2,cpu-rwm-sequential,3,744,-4.073406822302808,0
5b173c7a2bdf99a46ab24da2,cpu-rwm-sequential,3,745,-4.073406822302808,0
5b173c7a2bdf99a46ab24da2,cpu-rwm-sequential,3,746,-4.073406822302808,0
5b173c7a2bdf99a46ab24da2,cpu-rwm-sequential,3,747,-4.073406822302808,0
5b173c7a2bdf99a46ab24da2,cpu-rwm-sequential,3,748,-4.073406822302808,0
5b173c7a2bdf99a46ab24da2,cpu-rwm-sequential,3,749,-4.073406822302808,0
5b173c7a2bdf99a46ab24da2,cpu-rwm-sequential,3,750,-4.6042735892457864,0
5b173c7a2bdf99a46ab24da2,cpu-rwm-sequential,3,751,-4.813591416542445,0
5b173c7a2bdf99a46ab24da2,cpu-rwm-sequential,3,752,-4.813591416542445,0
5b173c7a2bdf99a46ab24da2,cpu-rwm-sequential,3,753,-4.813591416542445,0
5b173c7a2bdf99a46ab24da2,cpu-rwm-sequential,3,754,-4.813591416542445,0
5b173c7a2bdf99a46ab24da2,cpu-rwm-sequential,3,755,-5.227930642955309,0
5b173c7a2bdf99a46ab24da2,cpu-rwm-sequential,3,756,-5.227930642955309,0
5b173c7a2bdf99a46ab24da2,cpu-rwm-sequential,3,757,-5.227930642955309,0
5b173c7a2bdf99a46ab24da2,cpu-rwm-sequential,3,758,-7.074490611924368,0
5b173c7a2bdf99a46ab24da2,cpu-rwm-sequential,3,759,-7.074490611924368,0
5b173c7a2bdf99a46ab24da2,cpu-rwm-sequential,3,760,-6.726672246021546,0
5b173c7a2bdf99a46ab24da2,cpu-rwm-sequential,3,761,-6.726672246021546,0
5b173c7a2bdf99a46ab24da2,cpu-rwm-sequential,3,762,-6.726672246021546,0
5b173c7a2bdf99a46ab24da2,cpu-rwm-sequential,3,763,-6.196522021109572,0
5b173c7a2bdf99a46ab24da2,cpu-rwm-sequential,3,764,-6.5487086210840975,0
5b173c7a2bdf99a46ab24da2,cpu-rwm-sequential,3,765,-6.5487086210840975,0
5b173c7a2bdf99a46ab24da2,cpu-rwm-sequential,3,766,-6.5487086210840975,0
5b173c7a2bdf99a46ab24da2,cpu-rwm-sequential,3,767,-4.964757318265185,0
5b173c7a2bdf99a46ab24da2,cpu-rwm-sequential,3,768,-4.964757318265185,0
5b173c7a2bdf99a46ab24da2,cpu-rwm-sequential,3,769,-4.964757318265185,0
5b173c7a2bdf99a46ab24da2,cpu-rwm-sequential,3,770,-4.964757318265185,0
5b173c7a2bdf99a46ab24da2,cpu-rwm-sequential,3,771,-4.964757318265185,0
5b173c7a2bdf99a46ab24da2,cpu-rwm-sequential,3,772,-4.964757318265185,0
5b173c7a2bdf99a46ab24da2,cpu-rwm-sequential,3,773,-4.964757318265185,0
5b173c7a2bdf99a46ab24da2,cpu-rwm-sequential,3,774,-4.964757318265185,0
5b173c7a2bdf99a46ab24da2,cpu-rwm-sequential,3,775,-4.964757318265185,0
5b173c7a2bdf99a46ab24da2,cpu-rwm-sequential,3,776,-4.534968849695924,0
5b173c7a2bdf99a46ab24da2,cpu-rwm-sequential,3,777,-4.534968849695924,0
5b173c7a2bdf99a46ab24da2,cpu-rwm-sequential,3,778,-5.6402278162835735,0
5b173c7a2bdf99a46ab24da2,cpu-rwm-sequential,3,779,-5.6402278162835735,0
5b173c7a2bdf99a46ab24da2,cpu-rwm-sequential,3,780,-5.6402278162835735,0
5b173c7a2bdf99a46ab24da2,cpu-rwm-sequential,3,781,-5.377923354859059,0
5b173c7a2bdf99a46ab24da2,cpu-rwm-sequential,3,782,-5.377923354859059,0
5b173c7a2bdf99a46ab24da2,cpu-rwm-sequential,3,783,-5.377923354859059,0
5b173c7a2bdf99a46ab24da2,cpu-rwm-sequential,3,784,-5.377923354859059,0
5b173c7a2bdf99a46ab24da2,cpu-rwm-sequential,3,785,-5.377923354859059,0
5b173c7a2bdf99a46ab24da2,cpu-rwm-sequential,3,786,-5.377923354859059,0
5b173c7a2bdf99a46ab24da2,cpu-rwm-sequential,3,787,-5.303031691746937,0
5b173c7a2bdf99a46ab24da2,cpu-rwm-sequential,3,788,-5.303031691746937,0
5b173c7a2bdf99a46ab24da2,cpu-rwm-sequential,3,789,-4.658736549790668,0
5b173c7a2bdf99a46ab24da2,cpu-rwm-sequential,3,790,-3.430197802671561,0
5b173c7a2bdf99a46ab24da2,cpu-rwm-sequential,3,791,-3.430197802671561,0
5b173c7a2bdf99a46ab24da2,cpu-rwm-sequential,3,792,-3.430197802671561,0
5b173c7a2bdf99a46ab24da2,cpu-rwm-sequential,3,793,-3.430197802671561,0
5b173c7a2bdf99a46ab24da2,cpu-rwm-sequential,3,794,-3.430197802671561,0
5b173c7a2bdf99a46ab24da2,cpu-rwm-sequential,3,795,-3.430197802671561,0
5b173c7a2bdf99a46ab24da2,cpu-rwm-sequential,3,796,-3.430197802671561,0
5b173c7a2bdf99a46ab24da2,cpu-rwm-sequential,3,797,-2.8355170870046313,0
5b173c7a2bdf99a46ab24da2,cpu-rwm-sequential,3,798,-3.823610954903065,0
5b173c7a2bdf99a46ab24da2,cpu-rwm-sequential,3,799,-3.823610954903065,0
5b173c7a2bdf99a46ab24da2,cpu-rwm-sequential,3,800,-3.823610954903065,0
5b173c7a2bdf99a46ab24da2,cpu-rwm-sequential,3,801,-3.823610954903065,0
5b173c7a2bdf99a46ab24da2,cpu-rwm-sequential,3,802,-4.862510817564239,0
5b173c7a2bdf99a46ab24da2,cpu-rwm-sequential,3,803,-4.862510817564239,0
5b173c7a2bdf99a46ab24da2,cpu-rwm-sequential,3,804,-4.862510817564239,0
5b173c7a2bdf99a46ab24da2,cpu-rwm-sequential,3,805,-4.862510817564239,0
5b173c7a2bdf99a46ab24da2,cpu-rwm-sequential,3,806,-3.9783962860599726,0
5b173c7a2bdf99a46ab24da2,cpu-rwm-sequential,3,807,-3.9783962860599726,0
5b173c7a2bdf99a46ab24da2,cpu-rwm-sequential,3,808,-3.9783962860599726,0
5b173c7a2bdf99a46ab24da2,cpu-rwm-sequential,3,809,-3.9783962860599726,0
5b173c7a2bdf99a46ab24da2,cpu-rwm-sequential,3,810,-4.027317298525023,0
5b173c7a2bdf99a46ab24da2,cpu-rwm-sequential,3,811,-5.47858120795204,0
5b173c7a2bdf99a46ab24da2,cpu-rwm-sequential,3,812,-5.47858120795204,0
5b173c7a2bdf99a46ab24da2,cpu-rwm-sequential,3,813,-5.47858120795204,0
5b173c7a2bdf99a46ab24da2,cpu-rwm-sequential,3,814,-5.4842055369928575,0
5b173c7a2bdf99a46ab24da2,cpu-rwm-sequential,3,815,-5.4842055369928575,0
5b173c7a2bdf99a46ab24da2,cpu-rwm-sequential,3,816,-6.273377108719655,0
5b173c7a2bdf99a46ab24da2,cpu-rwm-sequential,3,817,-6.273377108719655,0
5b173c7a2bdf99a46ab24da2,cpu-rwm-sequential,3,818,-6.273377108719655,0
5b173c7a2bdf99a46ab24da2,cpu-rwm-sequential,3,819,-5.705484027016126,0
5b173c7a2bdf99a46ab24da2,cpu-rwm-sequential,3,820,-5.705484027016126,0
5b173c7a2bdf99a46ab24da2,cpu-rwm-sequential,3,821,-5.705484027016126,0
5b173c7a2bdf99a46ab24da2,cpu-rwm-sequential,3,822,-5.705484027016126,0
5b173c7a2bdf99a46ab24da2,cpu-rwm-sequential,3,823,-5.705484027016126,0
5b173c7a2bdf99a46ab24da2,cpu-rwm-sequential,3,824,-5.705484027016126,0
5b173c7a2bdf99a46ab24da2,cpu-rwm-sequential,3,825,-5.009521211089709,0
5b173c7a2bdf99a46ab24da2,cpu-rwm-sequential,3,826,-5.009521211089709,0
5b173c7a2bdf99a46ab24da2,cpu-rwm-sequential,3,827,-5.009521211089709,0
5b173c7a2bdf99a46ab24da2,cpu-rwm-sequential,3,828,-5.009521211089709,0
5b173c7a2bdf99a46ab24da2,cpu-rwm-sequential,3,829,-5.009521211089709,0
5b173c7a2bdf99a46ab24da2,cpu-rwm-sequential,3,830,-5.009521211089709,0
5b173c7a2bdf99a46ab24da2,cpu-rwm-sequential,3,831,-5.009521211089709,0
5b173c7a2bdf99a46ab24da2,cpu-rwm-sequential,3,832,-5.009521211089709,0
5b173c7a2bdf99a46ab24da2,cpu-rwm-sequential,3,833,-5.009521211089709,0
5b173c7a2bdf99a46ab24da2,cpu-rwm-sequential,3,834,-5.009521211089709,0
5b173c7a2bdf99a46ab24da2,cpu-rwm-sequential,3,835,-5.009521211089709,0
5b173c7a2bdf99a46ab24da2,cpu-rwm-sequential,3,836,-5.009521211089709,0
5b173c7a2bdf99a46ab24da2,cpu-rwm-sequential,3,837,-5.009521211089709,0
5b173c7a2bdf99a46ab24da2,cpu-rwm-sequential,3,838,-5.4055628605912664,0
5b173c7a2bdf99a46ab24da2,cpu-rwm-sequential,3,839,-5.4055628605912664,0
5b173c7a2bdf99a46ab24da2,cpu-rwm-sequential,3,840,-5.4055628605912664,0
5b173c7a2bdf99a46ab24da2,cpu-rwm-sequential,3,841,-5.4055628605912664,0
5b173c7a2bdf99a46ab24da2,cpu-rwm-sequential,3,842,-5.4055628605912664,0
5b173c7a2bdf99a46ab24da2,cpu-rwm-sequential,3,843,-5.4055628605912664,0
5b173c7a2bdf99a46ab24da2,cpu-rwm-sequential,3,844,-5.4055628605912664,0
5b173c7a2bdf99a46ab24da2,cpu-rwm-sequential,3,845,-5.4055628605912664,0
5b173c7a2bdf99a46ab24da2,cpu-rwm-sequential,3,846,-5.381293883428329,0
5b173c7a2bdf99a46ab24da2,cpu-rwm-sequential,3,847,-5.381293883428329,0
5b173c7a2bdf99a46ab24da2,cpu-rwm-sequential,3,848,-5.381293883428329,0
5b173c7a2bdf99a46ab24da2,cpu-rwm-sequential,3,849,-5.381293883428329,0
5b173c7a2bdf99a46ab24da2,cpu-rwm-sequential,3,850,-4.102321465489002,0
5b173c7a2bdf99a46ab24da2,cpu-rwm-sequential,3,851,-4.102321465489002,0
5b173c7a2bdf99a46ab24da2,cpu-rwm-sequential,3,852,-3.8141250865242435,0
5b173c7a2bdf99a46ab24da2,cpu-rwm-sequential,3,853,-3.8141250865242435,0
5b173c7a2bdf99a46ab24da2,cpu-rwm-sequential,3,854,-4.351606931078002,0
5b173c7a2bdf99a46ab24da2,cpu-rwm-sequential,3,855,-4.351606931078002,0
5b173c7a2bdf99a46ab24da2,cpu-rwm-sequential,3,856,-4.351606931078002,0
5b173c7a2bdf99a46ab24da2,cpu-rwm-sequential,3,857,-4.351606931078002,0
5b173c7a2bdf99a46ab24da2,cpu-rwm-sequential,3,858,-4.043161967642214,0
5b173c7a2bdf99a46ab24da2,cpu-rwm-sequential,3,859,-4.043161967642214,0
5b173c7a2bdf99a46ab24da2,cpu-rwm-sequential,3,860,-2.7108470809623197,0
5b173c7a2bdf99a46ab24da2,cpu-rwm-sequential,3,861,-1.3438328739205776,0
5b173c7a2bdf99a46ab24da2,cpu-rwm-sequential,3,862,-1.3438328739205776,0
5b173c7a2bdf99a46ab24da2,cpu-rwm-sequential,3,863,-1.3438328739205776,0
5b173c7a2bdf99a46ab24da2,cpu-rwm-sequential,3,864,-0.9578511463760925,0
5b173c7a2bdf99a46ab24da2,cpu-rwm-sequential,3,865,-0.9578511463760925,0
5b173c7a2bdf99a46ab24da2,cpu-rwm-sequential,3,866,-0.9578511463760925,0
5b173c7a2bdf99a46ab24da2,cpu-rwm-sequential,3,867,-0.9578511463760925,0
5b173c7a2bdf99a46ab24da2,cpu-rwm-sequential,3,868,-0.9578511463760925,0
5b173c7a2bdf99a46ab24da2,cpu-rwm-sequential,3,869,-1.332021060825698,0
5b173c7a2bdf99a46ab24da2,cpu-rwm-sequential,3,870,-1.1734584151229828,0
5b173c7a2bdf99a46ab24da2,cpu-rwm-sequential,3,871,-1.1734584151229828,0
5b173c7a2bdf99a46ab24da2,cpu-rwm-sequential,3,872,-1.9267254024662925,0
5b173c7a2bdf99a46ab24da2,cpu-rwm-sequential,3,873,-1.9267254024662925,0
5b173c7a2bdf99a46ab24da2,cpu-rwm-sequential,3,874,-3.4472299632230587,0
5b173c7a2bdf99a46ab24da2,cpu-rwm-sequential,3,875,-3.4472299632230587,0
5b173c7a2bdf99a46ab24da2,cpu-rwm-sequential,3,876,-3.145860359955326,0
5b173c7a2bdf99a46ab24da2,cpu-rwm-sequential,3,877,-3.5868923975230977,0
5b173c7a2bdf99a46ab24da2,cpu-rwm-sequential,3,878,-3.5868923975230977,0
5b173c7a2bdf99a46ab24da2,cpu-rwm-sequential,3,879,-3.5868923975230977,0
5b173c7a2bdf99a46ab24da2,cpu-rwm-sequential,3,880,-4.146005598435952,0
5b173c7a2bdf99a46ab24da2,cpu-rwm-sequential,3,881,-4.146005598435952,0
5b173c7a2bdf99a46ab24da2,cpu-rwm-sequential,3,882,-4.146005598435952,0
5b173c7a2bdf99a46ab24da2,cpu-rwm-sequential,3,883,-4.032096422348003,0
5b173c7a2bdf99a46ab24da2,cpu-rwm-sequential,3,884,-3.5106278598918546,0
5b173c7a2bdf99a46ab24da2,cpu-rwm-sequential,3,885,-3.5106278598918546,0
5b173c7a2bdf99a46ab24da2,cpu-rwm-sequential,3,886,-3.5106278598918546,0
5b173c7a2bdf99a46ab24da2,cpu-rwm-sequential,3,887,-4.415210895861473,0
5b173c7a2bdf99a46ab24da2,cpu-rwm-sequential,3,888,-4.415210895861473,0
5b173c7a2bdf99a46ab24da2,cpu-rwm-sequential,3,889,-4.415210895861473,0
5b173c7a2bdf99a46ab24da2,cpu-rwm-sequential,3,890,-4.415210895861473,0
5b173c7a2bdf99a46ab24da2,cpu-rwm-sequential,3,891,-4.415210895861473,0
5b173c7a2bdf99a46ab24da2,cpu-rwm-sequential,3,892,-4.415210895861473,0
5b173c7a2bdf99a46ab24da2,cpu-rwm-sequential,3,893,-4.877743657500109,0
5b173c7a2bdf99a46ab24da2,cpu-rwm-sequential,3,894,-4.877743657500109,0
5b173c7a2bdf99a46ab24da2,cpu-rwm-sequential,3,895,-4.877743657500109,0
5b173c7a2bdf99a46ab24da2,cpu-rwm-sequential,3,896,-4.877743657500109,0
5b173c7a2bdf99a46ab24da2,cpu-rwm-sequential,3,897,-4.877743657500109,0
5b173c7a2bdf99a46ab24da2,cpu-rwm-sequential,3,898,-4.411550029406371,0
5b173c7a2bdf99a46ab24da2,cpu-rwm-sequential,3,899,-4.411550029406371,0
5b173c7a2bdf99a46ab24da2,cpu-rwm-sequential,3,900,-4.411550029406371,0
5b173c7a2bdf99a46ab24da2,cpu-rwm-sequential,3,901,-4.796219050110193,0
5b173c7a2bdf99a46ab24da2,cpu-rwm-sequential,3,902,-4.620722976268511,0
5b173c7a2bdf99a46ab24da2,cpu-rwm-sequential,3,903,-4.620722976268511,0
5b173c7a2bdf99a46ab24da2,cpu-rwm-sequential,3,904,-4.620722976268511,0
5b173c7a2bdf99a46ab24da2,cpu-rwm-sequential,3,905,-4.620722976268511,0
5b173c7a2bdf99a46ab24da2,cpu-rwm-sequential,3,906,-4.930774233452231,0
5b173c7a2bdf99a46ab24da2,cpu-rwm-sequential,3,907,-4.52975451116693,0
5b173c7a2bdf99a46ab24da2,cpu-rwm-sequential,3,908,-4.52975451116693,0
5b173c7a2bdf99a46ab24da2,cpu-rwm-sequential,3,909,-4.52975451116693,0
5b173c7a2bdf99a46ab24da2,cpu-rwm-sequential,3,910,-4.52975451116693,0
5b173c7a2bdf99a46ab24da2,cpu-rwm-sequential,3,911,-4.52975451116693,0
5b173c7a2bdf99a46ab24da2,cpu-rwm-sequential,3,912,-4.52975451116693,0
5b173c7a2bdf99a46ab24da2,cpu-rwm-sequential,3,913,-4.316482178003418,0
5b173c7a2bdf99a46ab24da2,cpu-rwm-sequential,3,914,-5.467077066946152,0
5b173c7a2bdf99a46ab24da2,cpu-rwm-sequential,3,915,-5.467077066946152,0
5b173c7a2bdf99a46ab24da2,cpu-rwm-sequential,3,916,-5.467077066946152,0
5b173c7a2bdf99a46ab24da2,cpu-rwm-sequential,3,917,-5.467077066946152,0
5b173c7a2bdf99a46ab24da2,cpu-rwm-sequential,3,918,-5.545377487888991,0
5b173c7a2bdf99a46ab24da2,cpu-rwm-sequential,3,919,-5.545377487888991,0
5b173c7a2bdf99a46ab24da2,cpu-rwm-sequential,3,920,-5.545377487888991,0
5b173c7a2bdf99a46ab24da2,cpu-rwm-sequential,3,921,-5.545377487888991,0
5b173c7a2bdf99a46ab24da2,cpu-rwm-sequential,3,922,-6.047904320458321,0
5b173c7a2bdf99a46ab24da2,cpu-rwm-sequential,3,923,-6.047904320458321,0
5b173c7a2bdf99a46ab24da2,cpu-rwm-sequential,3,924,-6.071286474674117,0
5b173c7a2bdf99a46ab24da2,cpu-rwm-sequential,3,925,-6.071286474674117,0
5b173c7a2bdf99a46ab24da2,cpu-rwm-sequential,3,926,-7.028516260381032,0
5b173c7a2bdf99a46ab24da2,cpu-rwm-sequential,3,927,-7.028516260381032,0
5b173c7a2bdf99a46ab24da2,cpu-rwm-sequential,3,928,-7.028516260381032,0
5b173c7a2bdf99a46ab24da2,cpu-rwm-sequential,3,929,-6.95296582107873,0
5b173c7a2bdf99a46ab24da2,cpu-rwm-sequential,3,930,-5.8261656891149025,0
5b173c7a2bdf99a46ab24da2,cpu-rwm-sequential,3,931,-5.37434076722258,0
5b173c7a2bdf99a46ab24da2,cpu-rwm-sequential,3,932,-5.00106931808105,0
5b173c7a2bdf99a46ab24da2,cpu-rwm-sequential,3,933,-5.00106931808105,0
5b173c7a2bdf99a46ab24da2,cpu-rwm-sequential,3,934,-5.00106931808105,0
5b173c7a2bdf99a46ab24da2,cpu-rwm-sequential,3,935,-5.00106931808105,0
5b173c7a2bdf99a46ab24da2,cpu-rwm-sequential,3,936,-5.00106931808105,0
5b173c7a2bdf99a46ab24da2,cpu-rwm-sequential,3,937,-5.00106931808105,0
5b173c7a2bdf99a46ab24da2,cpu-rwm-sequential,3,938,-5.00106931808105,0
5b173c7a2bdf99a46ab24da2,cpu-rwm-sequential,3,939,-3.8639956642543494,0
5b173c7a2bdf99a46ab24da2,cpu-rwm-sequential,3,940,-3.8639956642543494,0
5b173c7a2bdf99a46ab24da2,cpu-rwm-sequential,3,941,-3.8639956642543494,0
5b173c7a2bdf99a46ab24da2,cpu-rwm-sequential,3,942,-3.8639956642543494,0
5b173c7a2bdf99a46ab24da2,cpu-rwm-sequential,3,943,-3.8639956642543494,0
5b173c7a2bdf99a46ab24da2,cpu-rwm-sequential,3,944,-3.8639956642543494,0
5b173c7a2bdf99a46ab24da2,cpu-rwm-sequential,3,945,-3.8639956642543494,0
5b173c7a2bdf99a46ab24da2,cpu-rwm-sequential,3,946,-3.8639956642543494,0
5b173c7a2bdf99a46ab24da2,cpu-rwm-sequential,3,947,-3.8639956642543494,0
5b173c7a2bdf99a46ab24da2,cpu-rwm-sequential,3,948,-3.4072948978298565,0
5b173c7a2bdf99a46ab24da2,cpu-rwm-sequential,3,949,-3.4072948978298565,0
5b173c7a2bdf99a46ab24da2,cpu-rwm-sequential,3,950,-3.4072948978298565,0
5b173c7a2bdf99a46ab24da2,cpu-rwm-sequential,3,951,-3.4072948978298565,0
5b173c7a2bdf99a46ab24da2,cpu-rwm-sequential,3,952,-3.4072948978298565,0
5b173c7a2bdf99a46ab24da2,cpu-rwm-sequential,3,953,-3.4072948978298565,0
5b173c7a2bdf99a46ab24da2,cpu-rwm-sequential,3,954,-3.4072948978298565,0
5b173c7a2bdf99a46ab24da2,cpu-rwm-sequential,3,955,-3.4072948978298565,0
5b173c7a2bdf99a46ab24da2,cpu-rwm-sequential,3,956,-3.4072948978298565,0
5b173c7a2bdf99a46ab24da2,cpu-rwm-sequential,3,957,-3.4072948978298565,0
5b173c7a2bdf99a46ab24da2,cpu-rwm-sequential,3,958,-3.4072948978298565,0
5b173c7a2bdf99a46ab24da2,cpu-rwm-sequential,3,959,-3.4072948978298565,0
5b173c7a2bdf99a46ab24da2,cpu-rwm-sequential,3,960,-3.4072948978298565,0
5b173c7a2bdf99a46ab24da2,cpu-rwm-sequential,3,961,-3.4072948978298565,0
5b173c7a2bdf99a46ab24da2,cpu-rwm-sequential,3,962,-4.590241679751613,0
5b173c7a2bdf99a46ab24da2,cpu-rwm-sequential,3,963,-4.590241679751613,0
5b173c7a2bdf99a46ab24da2,cpu-rwm-sequential,3,964,-4.590241679751613,0
5b173c7a2bdf99a46ab24da2,cpu-rwm-sequential,3,965,-4.590241679751613,0
5b173c7a2bdf99a46ab24da2,cpu-rwm-sequential,3,966,-4.590241679751613,0
5b173c7a2bdf99a46ab24da2,cpu-rwm-sequential,3,967,-4.590241679751613,0
5b173c7a2bdf99a46ab24da2,cpu-rwm-sequential,3,968,-4.590241679751613,0
5b173c7a2bdf99a46ab24da2,cpu-rwm-sequential,3,969,-4.590241679751613,0
5b173c7a2bdf99a46ab24da2,cpu-rwm-sequential,3,970,-4.590241679751613,0
5b173c7a2bdf99a46ab24da2,cpu-rwm-sequential,3,971,-5.059936796841466,0
5b173c7a2bdf99a46ab24da2,cpu-rwm-sequential,3,972,-5.059936796841466,0
5b173c7a2bdf99a46ab24da2,cpu-rwm-sequential,3,973,-4.0329605209655845,0
5b173c7a2bdf99a46ab24da2,cpu-rwm-sequential,3,974,-4.0329605209655845,0
5b173c7a2bdf99a46ab24da2,cpu-rwm-sequential,3,975,-4.320098952057643,0
5b173c7a2bdf99a46ab24da2,cpu-rwm-sequential,3,976,-4.320098952057643,0
5b173c7a2bdf99a46ab24da2,cpu-rwm-sequential,3,977,-4.320098952057643,0
5b173c7a2bdf99a46ab24da2,cpu-rwm-sequential,3,978,-4.320098952057643,0
5b173c7a2bdf99a46ab24da2,cpu-rwm-sequential,3,979,-4.320098952057643,0
5b173c7a2bdf99a46ab24da2,cpu-rwm-sequential,3,980,-4.320098952057643,0
5b173c7a2bdf99a46ab24da2,cpu-rwm-sequential,3,981,-4.320098952057643,0
5b173c7a2bdf99a46ab24da2,cpu-rwm-sequential,3,982,-4.320098952057643,0
5b173c7a2bdf99a46ab24da2,cpu-rwm-sequential,3,983,-4.320098952057643,0
5b173c7a2bdf99a46ab24da2,cpu-rwm-sequential,3,984,-4.320098952057643,0
5b173c7a2bdf99a46ab24da2,cpu-rwm-sequential,3,985,-5.859344170094726,0
5b173c7a2bdf99a46ab24da2,cpu-rwm-sequential,3,986,-5.859344170094726,0
5b173c7a2bdf99a46ab24da2,cpu-rwm-sequential,3,987,-6.144730927592412,0
5b173c7a2bdf99a46ab24da2,cpu-rwm-sequential,3,988,-6.981305407752092,0
5b173c7a2bdf99a46ab24da2,cpu-rwm-sequential,3,989,-6.981305407752092,0
5b173c7a2bdf99a46ab24da2,cpu-rwm-sequential,3,990,-6.936797124183315,0
5b173c7a2bdf99a46ab24da2,cpu-rwm-sequential,3,991,-7.046851071919628,0
5b173c7a2bdf99a46ab24da2,cpu-rwm-sequential,3,992,-7.046851071919628,0
5b173c7a2bdf99a46ab24da2,cpu-rwm-sequential,3,993,-6.3892257013183995,0
5b173c7a2bdf99a46ab24da2,cpu-rwm-sequential,3,994,-6.3892257013183995,0
5b173c7a2bdf99a46ab24da2,cpu-rwm-sequential,3,995,-6.3892257013183995,0
5b173c7a2bdf99a46ab24da2,cpu-rwm-sequential,3,996,-6.3892257013183995,0
5b173c7a2bdf99a46ab24da2,cpu-rwm-sequential,3,997,-6.3892257013183995,0
5b173c7a2bdf99a46ab24da2,cpu-rwm-sequential,3,998,-5.173700523082081,0
5b173c7a2bdf99a46ab24da2,cpu-rwm-sequential,3,999,-5.173700523082081,0
5b173c7a2bdf99a46ab24da2,cpu-rwm-sequential,3,1000,-5.173700523082081,0
5b173c7a2bdf99a46ab24da2,cpu-rwm-sequential,3,1001,-5.388287767948537,0
5b173c7a2bdf99a46ab24da2,cpu-rwm-sequential,3,1002,-5.388287767948537,0
5b173c7a2bdf99a46ab24da2,cpu-rwm-sequential,3,1003,-5.9203037162451615,0
5b173c7a2bdf99a46ab24da2,cpu-rwm-sequential,3,1004,-5.9203037162451615,0
5b173c7a2bdf99a46ab24da2,cpu-rwm-sequential,3,1005,-5.21056213270177,0
5b173c7a2bdf99a46ab24da2,cpu-rwm-sequential,3,1006,-5.21056213270177,0
5b173c7a2bdf99a46ab24da2,cpu-rwm-sequential,3,1007,-5.21056213270177,0
5b173c7a2bdf99a46ab24da2,cpu-rwm-sequential,3,1008,-4.5144298466593975,0
5b173c7a2bdf99a46ab24da2,cpu-rwm-sequential,3,1009,-4.5144298466593975,0
5b173c7a2bdf99a46ab24da2,cpu-rwm-sequential,3,1010,-4.5144298466593975,0
5b173c7a2bdf99a46ab24da2,cpu-rwm-sequential,3,1011,-4.5144298466593975,0
5b173c7a2bdf99a46ab24da2,cpu-rwm-sequential,3,1012,-6.332801643537751,0
5b173c7a2bdf99a46ab24da2,cpu-rwm-sequential,3,1013,-6.332801643537751,0
5b173c7a2bdf99a46ab24da2,cpu-rwm-sequential,3,1014,-6.332801643537751,0
5b173c7a2bdf99a46ab24da2,cpu-rwm-sequential,3,1015,-6.332801643537751,0
5b173c7a2bdf99a46ab24da2,cpu-rwm-sequential,3,1016,-6.332801643537751,0
5b173c7a2bdf99a46ab24da2,cpu-rwm-sequential,3,1017,-5.987522601775194,0
5b173c7a2bdf99a46ab24da2,cpu-rwm-sequential,3,1018,-5.987522601775194,0
5b173c7a2bdf99a46ab24da2,cpu-rwm-sequential,3,1019,-5.987522601775194,0
5b173c7a2bdf99a46ab24da2,cpu-rwm-sequential,3,1020,-5.987522601775194,0
5b173c7a2bdf99a46ab24da2,cpu-rwm-sequential,3,1021,-4.989015285612473,0
5b173c7a2bdf99a46ab24da2,cpu-rwm-sequential,3,1022,-4.989015285612473,0
5b173c7a2bdf99a46ab24da2,cpu-rwm-sequential,3,1023,-4.989015285612473,0
5b173c7a2bdf99a46ab24da2,cpu-rwm-sequential,3,1024,-4.7443622258118285,0
5b173c7a2bdf99a46ab24da2,cpu-rwm-sequential,4,1,5.071838113282182,1
5b173c7a2bdf99a46ab24da2,cpu-rwm-sequential,4,2,5.186903666270487,1
5b173c7a2bdf99a46ab24da2,cpu-rwm-sequential,4,3,5.186903666270487,1
5b173c7a2bdf99a46ab24da2,cpu-rwm-sequential,4,4,4.479209147743575,1
5b173c7a2bdf99a46ab24da2,cpu-rwm-sequential,4,5,5.125863826334382,1
5b173c7a2bdf99a46ab24da2,cpu-rwm-sequential,4,6,5.125863826334382,1
5b173c7a2bdf99a46ab24da2,cpu-rwm-sequential,4,7,5.125863826334382,1
5b173c7a2bdf99a46ab24da2,cpu-rwm-sequential,4,8,3.9045460224845767,1
5b173c7a2bdf99a46ab24da2,cpu-rwm-sequential,4,9,3.9045460224845767,1
5b173c7a2bdf99a46ab24da2,cpu-rwm-sequential,4,10,3.9045460224845767,1
5b173c7a2bdf99a46ab24da2,cpu-rwm-sequential,4,11,3.9045460224845767,1
5b173c7a2bdf99a46ab24da2,cpu-rwm-sequential,4,12,3.9045460224845767,1
5b173c7a2bdf99a46ab24da2,cpu-rwm-sequential,4,13,3.9045460224845767,1
5b173c7a2bdf99a46ab24da2,cpu-rwm-sequential,4,14,3.6615510683906107,1
5b173c7a2bdf99a46ab24da2,cpu-rwm-sequential,4,15,3.6615510683906107,1
5b173c7a2bdf99a46ab24da2,cpu-rwm-sequential,4,16,3.6615510683906107,1
5b173c7a2bdf99a46ab24da2,cpu-rwm-sequential,4,17,3.6615510683906107,1
5b173c7a2bdf99a46ab24da2,cpu-rwm-sequential,4,18,3.1735421809656206,1
5b173c7a2bdf99a46ab24da2,cpu-rwm-sequential,4,19,3.1735421809656206,1
5b173c7a2bdf99a46ab24da2,cpu-rwm-sequential,4,20,3.9227940541168245,1
5b173c7a2bdf99a46ab24da2,cpu-rwm-sequential,4,21,4.348536387479533,1
5b173c7a2bdf99a46ab24da2,cpu-rwm-sequential,4,22,4.348536387479533,1
5b173c7a2bdf99a46ab24da2,cpu-rwm-sequential,4,23,4.348536387479533,1
5b173c7a2bdf99a46ab24da2,cpu-rwm-sequential,4,24,4.348536387479533,1
5b173c7a2bdf99a46ab24da2,cpu-rwm-sequential,4,25,4.348536387479533,1
5b173c7a2bdf99a46ab24da2,cpu-rwm-sequential,4,26,4.348536387479533,1
5b173c7a2bdf99a46ab24da2,cpu-rwm-sequential,4,27,3.8876299881373515,1
5b173c7a2bdf99a46ab24da2,cpu-rwm-sequential,4,28,3.8876299881373515,1
5b173c7a2bdf99a46ab24da2,cpu-rwm-sequential,4,29,4.426051140831978,1
5b173c7a2bdf99a46ab24da2,cpu-rwm-sequential,4,30,3.9197592670056896,1
5b173c7a2bdf99a46ab24da2,cpu-rwm-sequential,4,31,3.9197592670056896,1
5b173c7a2bdf99a46ab24da2,cpu-rwm-sequential,4,32,3.9197592670056896,1
5b173c7a2bdf99a46ab24da2,cpu-rwm-sequential,4,33,3.9197592670056896,1
5b173c7a2bdf99a46ab24da2,cpu-rwm-sequential,4,34,3.9197592670056896,1
5b173c7a2bdf99a46ab24da2,cpu-rwm-sequential,4,35,3.0617215722094246,1
5b173c7a2bdf99a46ab24da2,cpu-rwm-sequential,4,36,3.0617215722094246,1
5b173c7a2bdf99a46ab24da2,cpu-rwm-sequential,4,37,3.0617215722094246,1
5b173c7a2bdf99a46ab24da2,cpu-rwm-sequential,4,38,3.0617215722094246,1
5b173c7a2bdf99a46ab24da2,cpu-rwm-sequential,4,39,3.0617215722094246,1
5b173c7a2bdf99a46ab24da2,cpu-rwm-sequential,4,40,3.0617215722094246,1
5b173c7a2bdf99a46ab24da2,cpu-rwm-sequential,4,41,3.060664742545656,1
5b173c7a2bdf99a46ab24da2,cpu-rwm-sequential,4,42,3.060664742545656,1
5b173c7a2bdf99a46ab24da2,cpu-rwm-sequential,4,43,3.060664742545656,1
5b173c7a2bdf99a46ab24da2,cpu-rwm-sequential,4,44,3.060664742545656,1
5b173c7a2bdf99a46ab24da2,cpu-rwm-sequential,4,45,3.060664742545656,1
5b173c7a2bdf99a46ab24da2,cpu-rwm-sequential,4,46,2.868592760436922,1
5b173c7a2bdf99a46ab24da2,cpu-rwm-sequential,4,47,2.868592760436922,1
5b173c7a2bdf99a46ab24da2,cpu-rwm-sequential,4,48,2.868592760436922,1
5b173c7a2bdf99a46ab24da2,cpu-rwm-sequential,4,49,2.868592760436922,1
5b173c7a2bdf99a46ab24da2,cpu-rwm-sequential,4,50,2.868592760436922,1
5b173c7a2bdf99a46ab24da2,cpu-rwm-sequential,4,51,2.868592760436922,1
5b173c7a2bdf99a46ab24da2,cpu-rwm-sequential,4,52,2.868592760436922,1
5b173c7a2bdf99a46ab24da2,cpu-rwm-sequential,4,53,2.868592760436922,1
5b173c7a2bdf99a46ab24da2,cpu-rwm-sequential,4,54,2.868592760436922,1
5b173c7a2bdf99a46ab24da2,cpu-rwm-sequential,4,55,2.868592760436922,1
5b173c7a2bdf99a46ab24da2,cpu-rwm-sequential,4,56,2.868592760436922,1
5b173c7a2bdf99a46ab24da2,cpu-rwm-sequential,4,57,2.928129545834969,1
5b173c7a2bdf99a46ab24da2,cpu-rwm-sequential,4,58,2.9963212523844267,1
5b173c7a2bdf99a46ab24da2,cpu-rwm-sequential,4,59,2.9963212523844267,1
5b173c7a2bdf99a46ab24da2,cpu-rwm-sequential,4,60,2.9963212523844267,1
5b173c7a2bdf99a46ab24da2,cpu-rwm-sequential,4,61,2.9963212523844267,1
5b173c7a2bdf99a46ab24da2,cpu-rwm-sequential,4,62,2.9963212523844267,1
5b173c7a2bdf99a46ab24da2,cpu-rwm-sequential,4,63,2.9963212523844267,1
5b173c7a2bdf99a46ab24da2,cpu-rwm-sequential,4,64,2.9963212523844267,1
5b173c7a2bdf99a46ab24da2,cpu-rwm-sequential,4,65,2.9963212523844267,1
5b173c7a2bdf99a46ab24da2,cpu-rwm-sequential,4,66,2.9963212523844267,1
5b173c7a2bdf99a46ab24da2,cpu-rwm-sequential,4,67,2.9963212523844267,1
5b173c7a2bdf99a46ab24da2,cpu-rwm-sequential,4,68,2.9963212523844267,1
5b173c7a2bdf99a46ab24da2,cpu-rwm-sequential,4,69,2.9963212523844267,1
5b173c7a2bdf99a46ab24da2,cpu-rwm-sequential,4,70,3.102194927034311,1
5b173c7a2bdf99a46ab24da2,cpu-rwm-sequential,4,71,3.2139817997914037,1
5b173c7a2bdf99a46ab24da2,cpu-rwm-sequential,4,72,3.2139817997914037,1
5b173c7a2bdf99a46ab24da2,cpu-rwm-sequential,4,73,3.2139817997914037,1
5b173c7a2bdf99a46ab24da2,cpu-rwm-sequential,4,74,3.2139817997914037,1
5b173c7a2bdf99a46ab24da2,cpu-rwm-sequential,4,75,3.2139817997914037,1
5b173c7a2bdf99a46ab24da2,cpu-rwm-sequential,4,76,3.2139817997914037,1
5b173c7a2bdf99a46ab24da2,cpu-rwm-sequential,4,77,3.2139817997914037,1
5b173c7a2bdf99a46ab24da2,cpu-rwm-sequential,4,78,4.526114256479173,1
5b173c7a2bdf99a46ab24da2,cpu-rwm-sequential,4,79,4.526114256479173,1
5b173c7a2bdf99a46ab24da2,cpu-rwm-sequential,4,80,3.19188336450089,1
5b173c7a2bdf99a46ab24da2,cpu-rwm-sequential,4,81,3.763061207445726,1
5b173c7a2bdf99a46ab24da2,cpu-rwm-sequential,4,82,3.763061207445726,1
5b173c7a2bdf99a46ab24da2,cpu-rwm-sequential,4,83,3.763061207445726,1
5b173c7a2bdf99a46ab24da2,cpu-rwm-sequential,4,84,3.763061207445726,1
5b173c7a2bdf99a46ab24da2,cpu-rwm-sequential,4,85,3.763061207445726,1
5b173c7a2bdf99a46ab24da2,cpu-rwm-sequential,4,86,3.763061207445726,1
5b173c7a2bdf99a46ab24da2,cpu-rwm-sequential,4,87,3.763061207445726,1
5b173c7a2bdf99a46ab24da2,cpu-rwm-sequential,4,88,3.763061207445726,1
5b173c7a2bdf99a46ab24da2,cpu-rwm-sequential,4,89,5.220968008332164,1
5b173c7a2bdf99a46ab24da2,cpu-rwm-sequential,4,90,4.913930562214143,1
5b173c7a2bdf99a46ab24da2,cpu-rwm-sequential,4,91,4.913930562214143,1
5b173c7a2bdf99a46ab24da2,cpu-rwm-sequential,4,92,4.913930562214143,1
5b173c7a2bdf99a46ab24da2,cpu-rwm-sequential,4,93,4.913930562214143,1
5b173c7a2bdf99a46ab24da2,cpu-rwm-sequential,4,94,4.913930562214143,1
5b173c7a2bdf99a46ab24da2,cpu-rwm-sequential,4,95,5.443785149111427,1
5b173c7a2bdf99a46ab24da2,cpu-rwm-sequential,4,96,5.443785149111427,1
5b173c7a2bdf99a46ab24da2,cpu-rwm-sequential,4,97,5.443785149111427,1
5b173c7a2bdf99a46ab24da2,cpu-rwm-sequential,4,98,5.443785149111427,1
5b173c7a2bdf99a46ab24da2,cpu-rwm-sequential,4,99,5.443785149111427,1
5b173c7a2bdf99a46ab24da2,cpu-rwm-sequential,4,100,4.785741827283936,1
5b173c7a2bdf99a46ab24da2,cpu-rwm-sequential,4,101,4.785741827283936,1
5b173c7a2bdf99a46ab24da2,cpu-rwm-sequential,4,102,4.785741827283936,1
5b173c7a2bdf99a46ab24da2,cpu-rwm-sequential,4,103,4.785741827283936,1
5b173c7a2bdf99a46ab24da2,cpu-rwm-sequential,4,104,4.785741827283936,1
5b173c7a2bdf99a46ab24da2,cpu-rwm-sequential,4,105,4.785741827283936,1
5b173c7a2bdf99a46ab24da2,cpu-rwm-sequential,4,106,4.785741827283936,1
5b173c7a2bdf99a46ab24da2,cpu-rwm-sequential,4,107,4.785741827283936,1
5b173c7a2bdf99a46ab24da2,cpu-rwm-sequential,4,108,4.785741827283936,1
5b173c7a2bdf99a46ab24da2,cpu-rwm-sequential,4,109,4.785741827283936,1
5b173c7a2bdf99a46ab24da2,cpu-rwm-sequential,4,110,4.785741827283936,1
5b173c7a2bdf99a46ab24da2,cpu-rwm-sequential,4,111,4.785741827283936,1
5b173c7a2bdf99a46ab24da2,cpu-rwm-sequential,4,112,4.785741827283936,1
5b173c7a2bdf99a46ab24da2,cpu-rwm-sequential,4,113,5.825851222414862,1
5b173c7a2bdf99a46ab24da2,cpu-rwm-sequential,4,114,5.825851222414862,1
5b173c7a2bdf99a46ab24da2,cpu-rwm-sequential,4,115,5.825851222414862,1
5b173c7a2bdf99a46ab24da2,cpu-rwm-sequential,4,116,5.825851222414862,1
5b173c7a2bdf99a46ab24da2,cpu-rwm-sequential,4,117,5.825851222414862,1
5b173c7a2bdf99a46ab24da2,cpu-rwm-sequential,4,118,5.825851222414862,1
5b173c7a2bdf99a46ab24da2,cpu-rwm-sequential,4,119,5.681015217009301,1
5b173c7a2bdf99a46ab24da2,cpu-rwm-sequential,4,120,5.681015217009301,1
5b173c7a2bdf99a46ab24da2,cpu-rwm-sequential,4,121,5.681015217009301,1
5b173c7a2bdf99a46ab24da2,cpu-rwm-sequential,4,122,5.681015217009301,1
5b173c7a2bdf99a46ab24da2,cpu-rwm-sequential,4,123,5.681015217009301,1
5b173c7a2bdf99a46ab24da2,cpu-rwm-sequential,4,124,5.681015217009301,1
5b173c7a2bdf99a46ab24da2,cpu-rwm-sequential,4,125,6.4794020964018735,1
5b173c7a2bdf99a46ab24da2,cpu-rwm-sequential,4,126,6.4794020964018735,1
5b173c7a2bdf99a46ab24da2,cpu-rwm-sequential,4,127,6.4794020964018735,1
5b173c7a2bdf99a46ab24da2,cpu-rwm-sequential,4,128,6.4794020964018735,1
5b173c7a2bdf99a46ab24da2,cpu-rwm-sequential,4,129,6.4794020964018735,1
5b173c7a2bdf99a46ab24da2,cpu-rwm-sequential,4,130,6.4794020964018735,1
5b173c7a2bdf99a46ab24da2,cpu-rwm-sequential,4,131,6.4794020964018735,1
5b173c7a2bdf99a46ab24da2,cpu-rwm-sequential,4,132,6.4794020964018735,1
5b173c7a2bdf99a46ab24da2,cpu-rwm-sequential,4,133,6.4794020964018735,1
5b173c7a2bdf99a46ab24da2,cpu-rwm-sequential,4,134,6.4794020964018735,1
5b173c7a2bdf99a46ab24da2,cpu-rwm-sequential,4,135,6.4794020964018735,1
5b173c7a2bdf99a46ab24da2,cpu-rwm-sequential,4,136,6.282866965348666,1
5b173c7a2bdf99a46ab24da2,cpu-rwm-sequential,4,137,6.282866965348666,1
5b173c7a2bdf99a46ab24da2,cpu-rwm-sequential,4,138,5.758771435857409,1
5b173c7a2bdf99a46ab24da2,cpu-rwm-sequential,4,139,5.758771435857409,1
5b173c7a2bdf99a46ab24da2,cpu-rwm-sequential,4,140,5.758771435857409,1
5b173c7a2bdf99a46ab24da2,cpu-rwm-sequential,4,141,5.758771435857409,1
5b173c7a2bdf99a46ab24da2,cpu-rwm-sequential,4,142,5.758771435857409,1
5b173c7a2bdf99a46ab24da2,cpu-rwm-sequential,4,143,5.758771435857409,1
5b173c7a2bdf99a46ab24da2,cpu-rwm-sequential,4,144,5.78191691279655,1
5b173c7a2bdf99a46ab24da2,cpu-rwm-sequential,4,145,5.78191691279655,1
5b173c7a2bdf99a46ab24da2,cpu-rwm-sequential,4,146,5.2887186275855536,1
5b173c7a2bdf99a46ab24da2,cpu-rwm-sequential,4,147,5.2887186275855536,1
5b173c7a2bdf99a46ab24da2,cpu-rwm-sequential,4,148,6.033937076827198,1
5b173c7a2bdf99a46ab24da2,cpu-rwm-sequential,4,149,6.033937076827198,1
5b173c7a2bdf99a46ab24da2,cpu-rwm-sequential,4,150,5.039766018994703,1
5b173c7a2bdf99a46ab24da2,cpu-rwm-sequential,4,151,4.660494267222973,1
5b173c7a2bdf99a46ab24da2,cpu-rwm-sequential,4,152,4.660494267222973,1
5b173c7a2bdf99a46ab24da2,cpu-rwm-sequential,4,153,4.660494267222973,1
5b173c7a2bdf99a46ab24da2,cpu-rwm-sequential,4,154,3.532226130683845,1
5b173c7a2bdf99a46ab24da2,cpu-rwm-sequential,4,155,3.532226130683845,1
5b173c7a2bdf99a46ab24da2,cpu-rwm-sequential,4,156,3.2641717532025556,1
5b173c7a2bdf99a46ab24da2,cpu-rwm-sequential,4,157,3.2641717532025556,1
5b173c7a2bdf99a46ab24da2,cpu-rwm-sequential,4,158,3.8749167791653187,1
5b173c7a2bdf99a46ab24da2,cpu-rwm-sequential,4,159,4.158892896917759,1
5b173c7a2bdf99a46ab24da2,cpu-rwm-sequential,4,160,5.507610404765795,1
5b173c7a2bdf99a46ab24da2,cpu-rwm-sequential,4,161,5.969770850702364,1
5b173c7a2bdf99a46ab24da2,cpu-rwm-sequential,4,162,5.969770850702364,1
5b173c7a2bdf99a46ab24da2,cpu-rwm-sequential,4,163,5.969770850702364,1
5b173c7a2bdf99a46ab24da2,cpu-rwm-sequential,4,164,6.5465405855869445,1
5b173c7a2bdf99a46ab24da2,cpu-rwm-sequential,4,165,6.5465405855869445,1
5b173c7a2bdf99a46ab24da2,cpu-rwm-sequential,4,166,6.5465405855869445,1
5b173c7a2bdf99a46ab24da2,cpu-rwm-sequential,4,167,6.5465405855869445,1
5b173c7a2bdf99a46ab24da2,cpu-rwm-sequential,4,168,6.5465405855869445,1
5b173c7a2bdf99a46ab24da2,cpu-rwm-sequential,4,169,6.5465405855869445,1
5b173c7a2bdf99a46ab24da2,cpu-rwm-sequential,4,170,6.5465405855869445,1
5b173c7a2bdf99a46ab24da2,cpu-rwm-sequential,4,171,6.908181467910773,1
5b173c7a2bdf99a46ab24da2,cpu-rwm-sequential,4,172,6.464624851739611,1
5b173c7a2bdf99a46ab24da2,cpu-rwm-sequential,4,173,5.26273181273354,1
5b173c7a2bdf99a46ab24da2,cpu-rwm-sequential,4,174,5.26273181273354,1
5b173c7a2bdf99a46ab24da2,cpu-rwm-sequential,4,175,5.549475224717176,1
5b173c7a2bdf99a46ab24da2,cpu-rwm-sequential,4,176,5.549475224717176,1
5b173c7a2bdf99a46ab24da2,cpu-rwm-sequential,4,177,5.549475224717176,1
5b173c7a2bdf99a46ab24da2,cpu-rwm-sequential,4,178,5.549475224717176,1
5b173c7a2bdf99a46ab24da2,cpu-rwm-sequential,4,179,5.577111640185341,1
5b173c7a2bdf99a46ab24da2,cpu-rwm-sequential,4,180,5.969174675040763,1
5b173c7a2bdf99a46ab24da2,cpu-rwm-sequential,4,181,5.969174675040763,1
5b173c7a2bdf99a46ab24da2,cpu-rwm-sequential,4,182,5.969174675040763,1
5b173c7a2bdf99a46ab24da2,cpu-rwm-sequential,4,183,6.574657100387416,1
5b173c7a2bdf99a46ab24da2,cpu-rwm-sequential,4,184,6.574657100387416,1
5b173c7a2bdf99a46ab24da2,cpu-rwm-sequential,4,185,4.313701784386925,1
5b173c7a2bdf99a46ab24da2,cpu-rwm-sequential,4,186,4.313701784386925,1
5b173c7a2bdf99a46ab24da2,cpu-rwm-sequential,4,187,4.795569894556237,1
5b173c7a2bdf99a46ab24da2,cpu-rwm-sequential,4,188,4.795569894556237,1
5b173c7a2bdf99a46ab24da2,cpu-rwm-sequential,4,189,4.795569894556237,1
5b173c7a2bdf99a46ab24da2,cpu-rwm-sequential,4,190,4.795569894556237,1
5b173c7a2bdf99a46ab24da2,cpu-rwm-sequential,4,191,4.500460675427969,1
5b173c7a2bdf99a46ab24da2,cpu-rwm-sequential,4,192,4.311877055427278,1
5b173c7a2bdf99a46ab24da2,cpu-rwm-sequential,4,193,3.764038292739311,1
5b173c7a2bdf99a46ab24da2,cpu-rwm-sequential,4,194,3.764038292739311,1
5b173c7a2bdf99a46ab24da2,cpu-rwm-sequential,4,195,3.764038292739311,1
5b173c7a2bdf99a46ab24da2,cpu-rwm-sequential,4,196,3.4522293805286943,1
5b173c7a2bdf99a46ab24da2,cpu-rwm-sequential,4,197,3.4522293805286943,1
5b173c7a2bdf99a46ab24da2,cpu-rwm-sequential,4,198,5.812914340815122,1
5b173c7a2bdf99a46ab24da2,cpu-rwm-sequential,4,199,5.812914340815122,1
5b173c7a2bdf99a46ab24da2,cpu-rwm-sequential,4,200,4.6800326992471675,1
5b173c7a2bdf99a46ab24da2,cpu-rwm-sequential,4,201,4.6800326992471675,1
5b173c7a2bdf99a46ab24da2,cpu-rwm-sequential,4,202,4.6800326992471675,1
5b173c7a2bdf99a46ab24da2,cpu-rwm-sequential,4,203,4.6800326992471675,1
5b173c7a2bdf99a46ab24da2,cpu-rwm-sequential,4,204,5.369692200919238,1
5b173c7a2bdf99a46ab24da2,cpu-rwm-sequential,4,205,5.369692200919238,1
5b173c7a2bdf99a46ab24da2,cpu-rwm-sequential,4,206,5.369692200919238,1
5b173c7a2bdf99a46ab24da2,cpu-rwm-sequential,4,207,5.369692200919238,1
5b173c7a2bdf99a46ab24da2,cpu-rwm-sequential,4,208,5.369692200919238,1
5b173c7a2bdf99a46ab24da2,cpu-rwm-sequential,4,209,5.369692200919238,1
5b173c7a2bdf99a46ab24da2,cpu-rwm-sequential,4,210,5.369692200919238,1
5b173c7a2bdf99a46ab24da2,cpu-rwm-sequential,4,211,5.369692200919238,1
5b173c7a2bdf99a46ab24da2,cpu-rwm-sequential,4,212,5.369692200919238,1
5b173c7a2bdf99a46ab24da2,cpu-rwm-sequential,4,213,5.369692200919238,1
5b173c7a2bdf99a46ab24da2,cpu-rwm-sequential,4,214,5.369692200919238,1
5b173c7a2bdf99a46ab24da2,cpu-rwm-sequential,4,215,5.369692200919238,1
5b173c7a2bdf99a46ab24da2,cpu-rwm-sequential,4,216,5.262900219478466,1
5b173c7a2bdf99a46ab24da2,cpu-rwm-sequential,4,217,4.8301388048355065,1
5b173c7a2bdf99a46ab24da2,cpu-rwm-sequential,4,218,4.8301388048355065,1
5b173c7a2bdf99a46ab24da2,cpu-rwm-sequential,4,219,4.024710415315076,1
5b173c7a2bdf99a46ab24da2,cpu-rwm-sequential,4,220,4.024710415315076,1
5b173c7a2bdf99a46ab24da2,cpu-rwm-sequential,4,221,4.024710415315076,1
5b173c7a2bdf99a46ab24da2,cpu-rwm-sequential,4,222,4.024710415315076,1
5b173c7a2bdf99a46ab24da2,cpu-rwm-sequential,4,223,4.024710415315076,1
5b173c7a2bdf99a46ab24da2,cpu-rwm-sequential,4,224,4.024710415315076,1
5b173c7a2bdf99a46ab24da2,cpu-rwm-sequential,4,225,4.024710415315076,1
5b173c7a2bdf99a46ab24da2,cpu-rwm-sequential,4,226,4.024710415315076,1
5b173c7a2bdf99a46ab24da2,cpu-rwm-sequential,4,227,4.024710415315076,1
5b173c7a2bdf99a46ab24da2,cpu-rwm-sequential,4,228,4.024710415315076,1
5b173c7a2bdf99a46ab24da2,cpu-rwm-sequential,4,229,4.024710415315076,1
5b173c7a2bdf99a46ab24da2,cpu-rwm-sequential,4,230,4.024710415315076,1
5b173c7a2bdf99a46ab24da2,cpu-rwm-sequential,4,231,3.625719296340301,1
5b173c7a2bdf99a46ab24da2,cpu-rwm-sequential,4,232,3.625719296340301,1
5b173c7a2bdf99a46ab24da2,cpu-rwm-sequential,4,233,3.625719296340301,1
5b173c7a2bdf99a46ab24da2,cpu-rwm-sequential,4,234,3.625719296340301,1
5b173c7a2bdf99a46ab24da2,cpu-rwm-sequential,4,235,3.625719296340301,1
5b173c7a2bdf99a46ab24da2,cpu-rwm-sequential,4,236,4.581553019329473,1
5b173c7a2bdf99a46ab24da2,cpu-rwm-sequential,4,237,4.581553019329473,1
5b173c7a2bdf99a46ab24da2,cpu-rwm-sequential,4,238,4.581553019329473,1
5b173c7a2bdf99a46ab24da2,cpu-rwm-sequential,4,239,4.581553019329473,1
5b173c7a2bdf99a46ab24da2,cpu-rwm-sequential,4,240,4.39892971343526,1
5b173c7a2bdf99a46ab24da2,cpu-rwm-sequential,4,241,5.324958675023556,1
5b173c7a2bdf99a46ab24da2,cpu-rwm-sequential,4,242,5.324958675023556,1
5b173c7a2bdf99a46ab24da2,cpu-rwm-sequential,4,243,4.7919514313689495,1
5b173c7a2bdf99a46ab24da2,cpu-rwm-sequential,4,244,4.7919514313689495,1
5b173c7a2bdf99a46ab24da2,cpu-rwm-sequential,4,245,4.7919514313689495,1
5b173c7a2bdf99a46ab24da2,cpu-rwm-sequential,4,246,4.7919514313689495,1
5b173c7a2bdf99a46ab24da2,cpu-rwm-sequential,4,247,4.7919514313689495,1
5b173c7a2bdf99a46ab24da2,cpu-rwm-sequential,4,248,4.7919514313689495,1
5b173c7a2bdf99a46ab24da2,cpu-rwm-sequential,4,249,4.7919514313689495,1
5b173c7a2bdf99a46ab24da2,cpu-rwm-sequential,4,250,4.7919514313689495,1
5b173c7a2bdf99a46ab24da2,cpu-rwm-sequential,4,251,4.7919514313689495,1
5b173c7a2bdf99a46ab24da2,cpu-rwm-sequential,4,252,4.7919514313689495,1
5b173c7a2bdf99a46ab24da2,cpu-rwm-sequential,4,253,5.048872267976764,1
5b173c7a2bdf99a46ab24da2,cpu-rwm-sequential,4,254,5.048872267976764,1
5b173c7a2bdf99a46ab24da2,cpu-rwm-sequential,4,255,5.048872267976764,1
5b173c7a2bdf99a46ab24da2,cpu-rwm-sequential,4,256,5.048872267976764,1
5b173c7a2bdf99a46ab24da2,cpu-rwm-sequential,4,257,5.048872267976764,1
5b173c7a2bdf99a46ab24da2,cpu-rwm-sequential,4,258,5.048872267976764,1
5b173c7a2bdf99a46ab24da2,cpu-rwm-sequential,4,259,4.143005900775517,1
5b173c7a2bdf99a46ab24da2,cpu-rwm-sequential,4,260,3.794925692385167,1
5b173c7a2bdf99a46ab24da2,cpu-rwm-sequential,4,261,4.339967952824747,1
5b173c7a2bdf99a46ab24da2,cpu-rwm-sequential,4,262,4.339967952824747,1
5b173c7a2bdf99a46ab24da2,cpu-rwm-sequential,4,263,4.339967952824747,1
5b173c7a2bdf99a46ab24da2,cpu-rwm-sequential,4,264,3.812886529186769,1
5b173c7a2bdf99a46ab24da2,cpu-rwm-sequential,4,265,3.812886529186769,1
5b173c7a2bdf99a46ab24da2,cpu-rwm-sequential,4,266,4.94975560238888,1
5b173c7a2bdf99a46ab24da2,cpu-rwm-sequential,4,267,4.94975560238888,1
5b173c7a2bdf99a46ab24da2,cpu-rwm-sequential,4,268,4.94975560238888,1
5b173c7a2bdf99a46ab24da2,cpu-rwm-sequential,4,269,4.954083809257171,1
5b173c7a2bdf99a46ab24da2,cpu-rwm-sequential,4,270,4.954083809257171,1
5b173c7a2bdf99a46ab24da2,cpu-rwm-sequential,4,271,4.954083809257171,1
5b173c7a2bdf99a46ab24da2,cpu-rwm-sequential,4,272,5.543162551314303,1
5b173c7a2bdf99a46ab24da2,cpu-rwm-sequential,4,273,5.543162551314303,1
5b173c7a2bdf99a46ab24da2,cpu-rwm-sequential,4,274,6.7791863953040234,1
5b173c7a2bdf99a46ab24da2,cpu-rwm-sequential,4,275,6.7791863953040234,1
5b173c7a2bdf99a46ab24da2,cpu-rwm-sequential,4,276,6.7791863953040234,1
5b173c7a2bdf99a46ab24da2,cpu-rwm-sequential,4,277,6.7791863953040234,1
5b173c7a2bdf99a46ab24da2,cpu-rwm-sequential,4,278,5.384603382068464,1
5b173c7a2bdf99a46ab24da2,cpu-rwm-sequential,4,279,5.789102835515801,1
5b173c7a2bdf99a46ab24da2,cpu-rwm-sequential,4,280,5.789102835515801,1
5b173c7a2bdf99a46ab24da2,cpu-rwm-sequential,4,281,5.1189026836803935,1
5b173c7a2bdf99a46ab24da2,cpu-rwm-sequential,4,282,5.1189026836803935,1
5b173c7a2bdf99a46ab24da2,cpu-rwm-sequential,4,283,5.1189026836803935,1
5b173c7a2bdf99a46ab24da2,cpu-rwm-sequential,4,284,5.1189026836803935,1
5b173c7a2bdf99a46ab24da2,cpu-rwm-sequential,4,285,5.618372505304644,1
5b173c7a2bdf99a46ab24da2,cpu-rwm-sequential,4,286,5.335251744492511,1
5b173c7a2bdf99a46ab24da2,cpu-rwm-sequential,4,287,4.485018536391591,1
5b173c7a2bdf99a46ab24da2,cpu-rwm-sequential,4,288,4.485018536391591,1
5b173c7a2bdf99a46ab24da2,cpu-rwm-sequential,4,289,4.485018536391591,1
5b173c7a2bdf99a46ab24da2,cpu-rwm-sequential,4,290,4.485018536391591,1
5b173c7a2bdf99a46ab24da2,cpu-rwm-sequential,4,291,4.485018536391591,1
5b173c7a2bdf99a46ab24da2,cpu-rwm-sequential,4,292,4.485018536391591,1
5b173c7a2bdf99a46ab24da2,cpu-rwm-sequential,4,293,4.485018536391591,1
5b173c7a2bdf99a46ab24da2,cpu-rwm-sequential,4,294,4.485018536391591,1
5b173c7a2bdf99a46ab24da2,cpu-rwm-sequential,4,295,4.485018536391591,1
5b173c7a2bdf99a46ab24da2,cpu-rwm-sequential,4,296,5.1274525424077435,1
5b173c7a2bdf99a46ab24da2,cpu-rwm-sequential,4,297,5.1274525424077435,1
5b173c7a2bdf99a46ab24da2,cpu-rwm-sequential,4,298,5.1274525424077435,1
5b173c7a2bdf99a46ab24da2,cpu-rwm-sequential,4,299,5.1274525424077435,1
5b173c7a2bdf99a46ab24da2,cpu-rwm-sequential,4,300,5.1274525424077435,1
5b173c7a2bdf99a46ab24da2,cpu-rwm-sequential,4,301,5.1274525424077435,1
5b173c7a2bdf99a46ab24da2,cpu-rwm-sequential,4,302,5.1274525424077435,1
5b173c7a2bdf99a46ab24da2,cpu-rwm-sequential,4,303,5.1274525424077435,1
5b173c7a2bdf99a46ab24da2,cpu-rwm-sequential,4,304,5.1274525424077435,1
5b173c7a2bdf99a46ab24da2,cpu-rwm-sequential,4,305,5.1274525424077435,1
5b173c7a2bdf99a46ab24da2,cpu-rwm-sequential,4,306,5.1274525424077435,1
5b173c7a2bdf99a46ab24da2,cpu-rwm-sequential,4,307,5.1274525424077435,1
5b173c7a2bdf99a46ab24da2,cpu-rwm-sequential,4,308,5.1274525424077435,1
5b173c7a2bdf99a46ab24da2,cpu-rwm-sequential,4,309,5.1274525424077435,1
5b173c7a2bdf99a46ab24da2,cpu-rwm-sequential,4,310,5.1274525424077435,1
5b173c7a2bdf99a46ab24da2,cpu-rwm-sequential,4,311,5.1274525424077435,1
5b173c7a2bdf99a46ab24da2,cpu-rwm-sequential,4,312,5.1274525424077435,1
5b173c7a2bdf99a46ab24da2,cpu-rwm-sequential,4,313,5.1274525424077435,1
5b173c7a2bdf99a46ab24da2,cpu-rwm-sequential,4,314,5.1274525424077435,1
5b173c7a2bdf99a46ab24da2,cpu-rwm-sequential,4,315,5.1274525424077435,1
5b173c7a2bdf99a46ab24da2,cpu-rwm-sequential,4,316,5.1274525424077435,1
5b173c7a2bdf99a46ab24da2,cpu-rwm-sequential,4,317,5.1274525424077435,1
5b173c7a2bdf99a46ab24da2,cpu-rwm-sequential,4,318,5.1274525424077435,1
5b173c7a2bdf99a46ab24da2,cpu-rwm-sequential,4,319,6.086953651363678,1
5b173c7a2bdf99a46ab24da2,cpu-rwm-sequential,4,320,6.086953651363678,1
5b173c7a2bdf99a46ab24da2,cpu-rwm-sequential,4,321,6.086953651363678,1
5b173c7a2bdf99a46ab24da2,cpu-rwm-sequential,4,322,6.086953651363678,1
5b173c7a2bdf99a46ab24da2,cpu-rwm-sequential,4,323,6.086953651363678,1
5b173c7a2bdf99a46ab24da2,cpu-rwm-sequential,4,324,6.038874413146712,1
5b173c7a2bdf99a46ab24da2,cpu-rwm-sequential,4,325,6.038874413146712,1
5b173c7a2bdf99a46ab24da2,cpu-rwm-sequential,4,326,6.038874413146712,1
5b173c7a2bdf99a46ab24da2,cpu-rwm-sequential,4,327,6.038874413146712,1
5b173c7a2bdf99a46ab24da2,cpu-rwm-sequential,4,328,6.038874413146712,1
5b173c7a2bdf99a46ab24da2,cpu-rwm-sequential,4,329,6.038874413146712,1
5b173c7a2bdf99a46ab24da2,cpu-rwm-sequential,4,330,6.038874413146712,1
5b173c7a2bdf99a46ab24da2,cpu-rwm-sequential,4,331,6.038874413146712,1
5b173c7a2bdf99a46ab24da2,cpu-rwm-sequential,4,332,5.048121490306497,1
5b173c7a2bdf99a46ab24da2,cpu-rwm-sequential,4,333,5.048121490306497,1
5b173c7a2bdf99a46ab24da2,cpu-rwm-sequential,4,334,5.048121490306497,1
5b173c7a2bdf99a46ab24da2,cpu-rwm-sequential,4,335,5.048121490306497,1
5b173c7a2bdf99a46ab24da2,cpu-rwm-sequential,4,336,5.048121490306497,1
5b173c7a2bdf99a46ab24da2,cpu-rwm-sequential,4,337,5.048121490306497,1
5b173c7a2bdf99a46ab24da2,cpu-rwm-sequential,4,338,5.048121490306497,1
5b173c7a2bdf99a46ab24da2,cpu-rwm-sequential,4,339,5.048121490306497,1
5b173c7a2bdf99a46ab24da2,cpu-rwm-sequential,4,340,5.048121490306497,1
5b173c7a2bdf99a46ab24da2,cpu-rwm-sequential,4,341,4.805934268628392,1
5b173c7a2bdf99a46ab24da2,cpu-rwm-sequential,4,342,4.805934268628392,1
5b173c7a2bdf99a46ab24da2,cpu-rwm-sequential,4,343,4.760454537048135,1
5b173c7a2bdf99a46ab24da2,cpu-rwm-sequential,4,344,4.760454537048135,1
5b173c7a2bdf99a46ab24da2,cpu-rwm-sequential,4,345,5.49919928829154,1
5b173c7a2bdf99a46ab24da2,cpu-rwm-sequential,4,346,6.080482885274259,1
5b173c7a2bdf99a46ab24da2,cpu-rwm-sequential,4,347,5.4277988920762335,1
5b173c7a2bdf99a46ab24da2,cpu-rwm-sequential,4,348,5.4277988920762335,1
5b173c7a2bdf99a46ab24da2,cpu-rwm-sequential,4,349,6.473256655848027,1
5b173c7a2bdf99a46ab24da2,cpu-rwm-sequential,4,350,6.668564636672367,1
5b173c7a2bdf99a46ab24da2,cpu-rwm-sequential,4,351,6.668564636672367,1
5b173c7a2bdf99a46ab24da2,cpu-rwm-sequential,4,352,5.93668119182194,1
5b173c7a2bdf99a46ab24da2,cpu-rwm-sequential,4,353,5.93668119182194,1
5b173c7a2bdf99a46ab24da2,cpu-rwm-sequential,4,354,5.93668119182194,1
5b173c7a2bdf99a46ab24da2,cpu-rwm-sequential,4,355,5.557947351265867,1
5b173c7a2bdf99a46ab24da2,cpu-rwm-sequential,4,356,5.557947351265867,1
5b173c7a2bdf99a46ab24da2,cpu-rwm-sequential,4,357,5.557947351265867,1
5b173c7a2bdf99a46ab24da2,cpu-rwm-sequential,4,358,5.557947351265867,1
5b173c7a2bdf99a46ab24da2,cpu-rwm-sequential,4,359,5.557947351265867,1
5b173c7a2bdf99a46ab24da2,cpu-rwm-sequential,4,360,5.557947351265867,1
5b173c7a2bdf99a46ab24da2,cpu-rwm-sequential,4,361,5.557947351265867,1
5b173c7a2bdf99a46ab24da2,cpu-rwm-sequential,4,362,5.557947351265867,1
5b173c7a2bdf99a46ab24da2,cpu-rwm-sequential,4,363,5.557947351265867,1
5b173c7a2bdf99a46ab24da2,cpu-rwm-sequential,4,364,5.557947351265867,1
5b173c7a2bdf99a46ab24da2,cpu-rwm-sequential,4,365,5.696606441111516,1
5b173c7a2bdf99a46ab24da2,cpu-rwm-sequential,4,366,5.696606441111516,1
5b173c7a2bdf99a46ab24da2,cpu-rwm-sequential,4,367,5.696606441111516,1
5b173c7a2bdf99a46ab24da2,cpu-rwm-sequential,4,368,5.374471664286072,1
5b173c7a2bdf99a46ab24da2,cpu-rwm-sequential,4,369,5.374471664286072,1
5b173c7a2bdf99a46ab24da2,cpu-rwm-sequential,4,370,5.374471664286072,1
5b173c7a2bdf99a46ab24da2,cpu-rwm-sequential,4,371,5.374471664286072,1
5b173c7a2bdf99a46ab24da2,cpu-rwm-sequential,4,372,5.374471664286072,1
5b173c7a2bdf99a46ab24da2,cpu-rwm-sequential,4,373,5.374471664286072,1
5b173c7a2bdf99a46ab24da2,cpu-rwm-sequential,4,374,5.374471664286072,1
5b173c7a2bdf99a46ab24da2,cpu-rwm-sequential,4,375,3.6651556057052908,1
5b173c7a2bdf99a46ab24da2,cpu-rwm-sequential,4,376,3.6651556057052908,1
5b173c7a2bdf99a46ab24da2,cpu-rwm-sequential,4,377,3.6651556057052908,1
5b173c7a2bdf99a46ab24da2,cpu-rwm-sequential,4,378,3.6651556057052908,1
5b173c7a2bdf99a46ab24da2,cpu-rwm-sequential,4,379,3.6651556057052908,1
5b173c7a2bdf99a46ab24da2,cpu-rwm-sequential,4,380,3.6651556057052908,1
5b173c7a2bdf99a46ab24da2,cpu-rwm-sequential,4,381,4.345269157127329,1
5b173c7a2bdf99a46ab24da2,cpu-rwm-sequential,4,382,4.345269157127329,1
5b173c7a2bdf99a46ab24da2,cpu-rwm-sequential,4,383,4.345269157127329,1
5b173c7a2bdf99a46ab24da2,cpu-rwm-sequential,4,384,4.345269157127329,1
5b173c7a2bdf99a46ab24da2,cpu-rwm-sequential,4,385,4.345269157127329,1
5b173c7a2bdf99a46ab24da2,cpu-rwm-sequential,4,386,4.345269157127329,1
5b173c7a2bdf99a46ab24da2,cpu-rwm-sequential,4,387,4.345269157127329,1
5b173c7a2bdf99a46ab24da2,cpu-rwm-sequential,4,388,6.0848237436575285,1
5b173c7a2bdf99a46ab24da2,cpu-rwm-sequential,4,389,5.558133582820258,1
5b173c7a2bdf99a46ab24da2,cpu-rwm-sequential,4,390,5.558133582820258,1
5b173c7a2bdf99a46ab24da2,cpu-rwm-sequential,4,391,5.558133582820258,1
5b173c7a2bdf99a46ab24da2,cpu-rwm-sequential,4,392,4.962977551289391,1
5b173c7a2bdf99a46ab24da2,cpu-rwm-sequential,4,393,5.526307641858391,1
5b173c7a2bdf99a46ab24da2,cpu-rwm-sequential,4,394,5.526307641858391,1
5b173c7a2bdf99a46ab24da2,cpu-rwm-sequential,4,395,5.526307641858391,1
5b173c7a2bdf99a46ab24da2,cpu-rwm-sequential,4,396,5.526307641858391,1
5b173c7a2bdf99a46ab24da2,cpu-rwm-sequential,4,397,6.67360470278099,1
5b173c7a2bdf99a46ab24da2,cpu-rwm-sequential,4,398,6.67360470278099,1
5b173c7a2bdf99a46ab24da2,cpu-rwm-sequential,4,399,6.67360470278099,1
5b173c7a2bdf99a46ab24da2,cpu-rwm-sequential,4,400,6.277894802013671,1
5b173c7a2bdf99a46ab24da2,cpu-rwm-sequential,4,401,5.671552719833798,1
5b173c7a2bdf99a46ab24da2,cpu-rwm-sequential,4,402,5.671552719833798,1
5b173c7a2bdf99a46ab24da2,cpu-rwm-sequential,4,403,4.103904690565301,1
5b173c7a2bdf99a46ab24da2,cpu-rwm-sequential,4,404,5.858228562178103,1
5b173c7a2bdf99a46ab24da2,cpu-rwm-sequential,4,405,5.858228562178103,1
5b173c7a2bdf99a46ab24da2,cpu-rwm-sequential,4,406,6.521603111079461,1
5b173c7a2bdf99a46ab24da2,cpu-rwm-sequential,4,407,6.2106417744941815,1
5b173c7a2bdf99a46ab24da2,cpu-rwm-sequential,4,408,6.2106417744941815,1
5b173c7a2bdf99a46ab24da2,cpu-rwm-sequential,4,409,6.2106417744941815,1
5b173c7a2bdf99a46ab24da2,cpu-rwm-sequential,4,410,6.2106417744941815,1
5b173c7a2bdf99a46ab24da2,cpu-rwm-sequential,4,411,6.2106417744941815,1
5b173c7a2bdf99a46ab24da2,cpu-rwm-sequential,4,412,6.2106417744941815,1
5b173c7a2bdf99a46ab24da2,cpu-rwm-sequential,4,413,6.2106417744941815,1
5b173c7a2bdf99a46ab24da2,cpu-rwm-sequential,4,414,6.2106417744941815,1
5b173c7a2bdf99a46ab24da2,cpu-rwm-sequential,4,415,6.2106417744941815,1
5b173c7a2bdf99a46ab24da2,cpu-rwm-sequential,4,416,6.2106417744941815,1
5b173c7a2bdf99a46ab24da2,cpu-rwm-sequential,4,417,6.2106417744941815,1
5b173c7a2bdf99a46ab24da2,cpu-rwm-sequential,4,418,6.2106417744941815,1
5b173c7a2bdf99a46ab24da2,cpu-rwm-sequential,4,419,6.582277862674864,1
5b173c7a2bdf99a46ab24da2,cpu-rwm-sequential,4,420,6.582277862674864,1
5b173c7a2bdf99a46ab24da2,cpu-rwm-sequential,4,421,6.582277862674864,1
5b173c7a2bdf99a46ab24da2,cpu-rwm-sequential,4,422,6.582277862674864,1
5b173c7a2bdf99a46ab24da2,cpu-rwm-sequential,4,423,6.582277862674864,1
5b173c7a2bdf99a46ab24da2,cpu-rwm-sequential,4,424,6.582277862674864,1
5b173c7a2bdf99a46ab24da2,cpu-rwm-sequential,4,425,6.582277862674864,1
5b173c7a2bdf99a46ab24da2,cpu-rwm-sequential,4,426,6.582277862674864,1
5b173c7a2bdf99a46ab24da2,cpu-rwm-sequential,4,427,6.582277862674864,1
5b173c7a2bdf99a46ab24da2,cpu-rwm-sequential,4,428,6.582277862674864,1
5b173c7a2bdf99a46ab24da2,cpu-rwm-sequential,4,429,6.582277862674864,1
5b173c7a2bdf99a46ab24da2,cpu-rwm-sequential,4,430,6.582277862674864,1
5b173c7a2bdf99a46ab24da2,cpu-rwm-sequential,4,431,6.582277862674864,1
5b173c7a2bdf99a46ab24da2,cpu-rwm-sequential,4,432,5.726469654835032,1
5b173c7a2bdf99a46ab24da2,cpu-rwm-sequential,4,433,5.54742398189518,1
5b173c7a2bdf99a46ab24da2,cpu-rwm-sequential,4,434,5.54742398189518,1
5b173c7a2bdf99a46ab24da2,cpu-rwm-sequential,4,435,5.54742398189518,1
5b173c7a2bdf99a46ab24da2,cpu-rwm-sequential,4,436,6.676348482199792,1
5b173c7a2bdf99a46ab24da2,cpu-rwm-sequential,4,437,5.798145059225373,1
5b173c7a2bdf99a46ab24da2,cpu-rwm-sequential,4,438,5.798145059225373,1
5b173c7a2bdf99a46ab24da2,cpu-rwm-sequential,4,439,5.841630919309062,1
5b173c7a2bdf99a46ab24da2,cpu-rwm-sequential,4,440,5.841630919309062,1
5b173c7a2bdf99a46ab24da2,cpu-rwm-sequential,4,441,5.841630919309062,1
5b173c7a2bdf99a46ab24da2,cpu-rwm-sequential,4,442,6.2167666235886605,1
5b173c7a2bdf99a46ab24da2,cpu-rwm-sequential,4,443,6.2167666235886605,1
5b173c7a2bdf99a46ab24da2,cpu-rwm-sequential,4,444,6.308074420059147,1
5b173c7a2bdf99a46ab24da2,cpu-rwm-sequential,4,445,6.308074420059147,1
5b173c7a2bdf99a46ab24da2,cpu-rwm-sequential,4,446,6.308074420059147,1
5b173c7a2bdf99a46ab24da2,cpu-rwm-sequential,4,447,6.308074420059147,1
5b173c7a2bdf99a46ab24da2,cpu-rwm-sequential,4,448,6.308074420059147,1
5b173c7a2bdf99a46ab24da2,cpu-rwm-sequential,4,449,5.756581045649997,1
5b173c7a2bdf99a46ab24da2,cpu-rwm-sequential,4,450,5.756581045649997,1
5b173c7a2bdf99a46ab24da2,cpu-rwm-sequential,4,451,5.756581045649997,1
5b173c7a2bdf99a46ab24da2,cpu-rwm-sequential,4,452,5.756581045649997,1
5b173c7a2bdf99a46ab24da2,cpu-rwm-sequential,4,453,5.756581045649997,1
5b173c7a2bdf99a46ab24da2,cpu-rwm-sequential,4,454,5.756581045649997,1
5b173c7a2bdf99a46ab24da2,cpu-rwm-sequential,4,455,5.756581045649997,1
5b173c7a2bdf99a46ab24da2,cpu-rwm-sequential,4,456,5.756581045649997,1
5b173c7a2bdf99a46ab24da2,cpu-rwm-sequential,4,457,5.532644952042213,1
5b173c7a2bdf99a46ab24da2,cpu-rwm-sequential,4,458,5.532644952042213,1
5b173c7a2bdf99a46ab24da2,cpu-rwm-sequential,4,459,5.532644952042213,1
5b173c7a2bdf99a46ab24da2,cpu-rwm-sequential,4,460,5.828881979058497,1
5b173c7a2bdf99a46ab24da2,cpu-rwm-sequential,4,461,5.828881979058497,1
5b173c7a2bdf99a46ab24da2,cpu-rwm-sequential,4,462,5.828881979058497,1
5b173c7a2bdf99a46ab24da2,cpu-rwm-sequential,4,463,5.828881979058497,1
5b173c7a2bdf99a46ab24da2,cpu-rwm-sequential,4,464,5.828881979058497,1
5b173c7a2bdf99a46ab24da2,cpu-rwm-sequential,4,465,5.828881979058497,1
5b173c7a2bdf99a46ab24da2,cpu-rwm-sequential,4,466,5.828881979058497,1
5b173c7a2bdf99a46ab24da2,cpu-rwm-sequential,4,467,5.767776857708677,1
5b173c7a2bdf99a46ab24da2,cpu-rwm-sequential,4,468,6.552707655598876,1
5b173c7a2bdf99a46ab24da2,cpu-rwm-sequential,4,469,6.552707655598876,1
5b173c7a2bdf99a46ab24da2,cpu-rwm-sequential,4,470,6.552707655598876,1
5b173c7a2bdf99a46ab24da2,cpu-rwm-sequential,4,471,6.552707655598876,1
5b173c7a2bdf99a46ab24da2,cpu-rwm-sequential,4,472,6.552707655598876,1
5b173c7a2bdf99a46ab24da2,cpu-rwm-sequential,4,473,6.552707655598876,1
5b173c7a2bdf99a46ab24da2,cpu-rwm-sequential,4,474,6.552707655598876,1
5b173c7a2bdf99a46ab24da2,cpu-rwm-sequential,4,475,6.552707655598876,1
5b173c7a2bdf99a46ab24da2,cpu-rwm-sequential,4,476,6.552707655598876,1
5b173c7a2bdf99a46ab24da2,cpu-rwm-sequential,4,477,6.552707655598876,1
5b173c7a2bdf99a46ab24da2,cpu-rwm-sequential,4,478,6.552707655598876,1
5b173c7a2bdf99a46ab24da2,cpu-rwm-sequential,4,479,6.552707655598876,1
5b173c7a2bdf99a46ab24da2,cpu-rwm-sequential,4,480,6.552707655598876,1
5b173c7a2bdf99a46ab24da2,cpu-rwm-sequential,4,481,6.552707655598876,1
5b173c7a2bdf99a46ab24da2,cpu-rwm-sequential,4,482,5.336881051379665,1
5b173c7a2bdf99a46ab24da2,cpu-rwm-sequential,4,483,5.336881051379665,1
5b173c7a2bdf99a46ab24da2,cpu-rwm-sequential,4,484,5.336881051379665,1
5b173c7a2bdf99a46ab24da2,cpu-rwm-sequential,4,485,5.336881051379665,1
5b173c7a2bdf99a46ab24da2,cpu-rwm-sequential,4,486,5.336881051379665,1
5b173c7a2bdf99a46ab24da2,cpu-rwm-sequential,4,487,5.336881051379665,1
5b173c7a2bdf99a46ab24da2,cpu-rwm-sequential,4,488,4.692284241489878,1
5b173c7a2bdf99a46ab24da2,cpu-rwm-sequential,4,489,4.692284241489878,1
5b173c7a2bdf99a46ab24da2,cpu-rwm-sequential,4,490,4.692284241489878,1
5b173c7a2bdf99a46ab24da2,cpu-rwm-sequential,4,491,4.692284241489878,1
5b173c7a2bdf99a46ab24da2,cpu-rwm-sequential,4,492,6.115296060022258,1
5b173c7a2bdf99a46ab24da2,cpu-rwm-sequential,4,493,6.115296060022258,1
5b173c7a2bdf99a46ab24da2,cpu-rwm-sequential,4,494,5.850480684554429,1
5b173c7a2bdf99a46ab24da2,cpu-rwm-sequential,4,495,5.850480684554429,1
5b173c7a2bdf99a46ab24da2,cpu-rwm-sequential,4,496,4.83724017390532,1
5b173c7a2bdf99a46ab24da2,cpu-rwm-sequential,4,497,4.83724017390532,1
5b173c7a2bdf99a46ab24da2,cpu-rwm-sequential,4,498,4.83724017390532,1
5b173c7a2bdf99a46ab24da2,cpu-rwm-sequential,4,499,4.83724017390532,1
5b173c7a2bdf99a46ab24da2,cpu-rwm-sequential,4,500,4.83724017390532,1
5b173c7a2bdf99a46ab24da2,cpu-rwm-sequential,4,501,4.83724017390532,1
5b173c7a2bdf99a46ab24da2,cpu-rwm-sequential,4,502,4.83724017390532,1
5b173c7a2bdf99a46ab24da2,cpu-rwm-sequential,4,503,4.83724017390532,1
5b173c7a2bdf99a46ab24da2,cpu-rwm-sequential,4,504,4.83724017390532,1
5b173c7a2bdf99a46ab24da2,cpu-rwm-sequential,4,505,4.83724017390532,1
5b173c7a2bdf99a46ab24da2,cpu-rwm-sequential,4,506,4.83724017390532,1
5b173c7a2bdf99a46ab24da2,cpu-rwm-sequential,4,507,4.83724017390532,1
5b173c7a2bdf99a46ab24da2,cpu-rwm-sequential,4,508,4.83724017390532,1
5b173c7a2bdf99a46ab24da2,cpu-rwm-sequential,4,509,4.153336137906724,1
5b173c7a2bdf99a46ab24da2,cpu-rwm-sequential,4,510,4.153336137906724,1
5b173c7a2bdf99a46ab24da2,cpu-rwm-sequential,4,511,4.153336137906724,1
5b173c7a2bdf99a46ab24da2,cpu-rwm-sequential,4,512,4.153336137906724,1
5b173c7a2bdf99a46ab24da2,cpu-rwm-sequential,4,513,4.153336137906724,1
5b173c7a2bdf99a46ab24da2,cpu-rwm-sequential,4,514,4.153336137906724,1
5b173c7a2bdf99a46ab24da2,cpu-rwm-sequential,4,515,4.153336137906724,1
5b173c7a2bdf99a46ab24da2,cpu-rwm-sequential,4,516,4.153336137906724,1
5b173c7a2bdf99a46ab24da2,cpu-rwm-sequential,4,517,4.153336137906724,1
5b173c7a2bdf99a46ab24da2,cpu-rwm-sequential,4,518,4.153336137906724,1
5b173c7a2bdf99a46ab24da2,cpu-rwm-sequential,4,519,5.145135823003847,1
5b173c7a2bdf99a46ab24da2,cpu-rwm-sequential,4,520,4.0445120830911705,1
5b173c7a2bdf99a46ab24da2,cpu-rwm-sequential,4,521,4.0445120830911705,1
5b173c7a2bdf99a46ab24da2,cpu-rwm-sequential,4,522,4.0445120830911705,1
5b173c7a2bdf99a46ab24da2,cpu-rwm-sequential,4,523,4.0445120830911705,1
5b173c7a2bdf99a46ab24da2,cpu-rwm-sequential,4,524,4.0445120830911705,1
5b173c7a2bdf99a46ab24da2,cpu-rwm-sequential,4,525,4.886713601976484,1
5b173c7a2bdf99a46ab24da2,cpu-rwm-sequential,4,526,4.886713601976484,1
5b173c7a2bdf99a46ab24da2,cpu-rwm-sequential,4,527,4.886713601976484,1
5b173c7a2bdf99a46ab24da2,cpu-rwm-sequential,4,528,4.886713601976484,1
5b173c7a2bdf99a46ab24da2,cpu-rwm-sequential,4,529,4.886713601976484,1
5b173c7a2bdf99a46ab24da2,cpu-rwm-sequential,4,530,4.371020722436009,1
5b173c7a2bdf99a46ab24da2,cpu-rwm-sequential,4,531,4.371020722436009,1
5b173c7a2bdf99a46ab24da2,cpu-rwm-sequential,4,532,4.371020722436009,1
5b173c7a2bdf99a46ab24da2,cpu-rwm-sequential,4,533,4.371020722436009,1
5b173c7a2bdf99a46ab24da2,cpu-rwm-sequential,4,534,3.4937483444568747,1
5b173c7a2bdf99a46ab24da2,cpu-rwm-sequential,4,535,3.4937483444568747,1
5b173c7a2bdf99a46ab24da2,cpu-rwm-sequential,4,536,3.4937483444568747,1
5b173c7a2bdf99a46ab24da2,cpu-rwm-sequential,4,537,3.4937483444568747,1
5b173c7a2bdf99a46ab24da2,cpu-rwm-sequential,4,538,3.4521844953089906,1
5b173c7a2bdf99a46ab24da2,cpu-rwm-sequential,4,539,3.4521844953089906,1
5b173c7a2bdf99a46ab24da2,cpu-rwm-sequential,4,540,3.4521844953089906,1
5b173c7a2bdf99a46ab24da2,cpu-rwm-sequential,4,541,3.4521844953089906,1
5b173c7a2bdf99a46ab24da2,cpu-rwm-sequential,4,542,3.4521844953089906,1
5b173c7a2bdf99a46ab24da2,cpu-rwm-sequential,4,543,3.4521844953089906,1
5b173c7a2bdf99a46ab24da2,cpu-rwm-sequential,4,544,3.941469222839228,1
5b173c7a2bdf99a46ab24da2,cpu-rwm-sequential,4,545,3.941469222839228,1
5b173c7a2bdf99a46ab24da2,cpu-rwm-sequential,4,546,3.941469222839228,1
5b173c7a2bdf99a46ab24da2,cpu-rwm-sequential,4,547,3.1715249233511402,1
5b173c7a2bdf99a46ab24da2,cpu-rwm-sequential,4,548,3.0553739432519103,1
5b173c7a2bdf99a46ab24da2,cpu-rwm-sequential,4,549,3.0553739432519103,1
5b173c7a2bdf99a46ab24da2,cpu-rwm-sequential,4,550,3.0553739432519103,1
5b173c7a2bdf99a46ab24da2,cpu-rwm-sequential,4,551,3.0553739432519103,1
5b173c7a2bdf99a46ab24da2,cpu-rwm-sequential,4,552,3.0553739432519103,1
5b173c7a2bdf99a46ab24da2,cpu-rwm-sequential,4,553,3.600570738162974,1
5b173c7a2bdf99a46ab24da2,cpu-rwm-sequential,4,554,3.600570738162974,1
5b173c7a2bdf99a46ab24da2,cpu-rwm-sequential,4,555,3.600570738162974,1
5b173c7a2bdf99a46ab24da2,cpu-rwm-sequential,4,556,3.600570738162974,1
5b173c7a2bdf99a46ab24da2,cpu-rwm-sequential,4,557,3.600570738162974,1
5b173c7a2bdf99a46ab24da2,cpu-rwm-sequential,4,558,3.600570738162974,1
5b173c7a2bdf99a46ab24da2,cpu-rwm-sequential,4,559,4.864212147218783,1
5b173c7a2bdf99a46ab24da2,cpu-rwm-sequential,4,560,5.555067023861641,1
5b173c7a2bdf99a46ab24da2,cpu-rwm-sequential,4,561,5.555067023861641,1
5b173c7a2bdf99a46ab24da2,cpu-rwm-sequential,4,562,4.651850808690096,1
5b173c7a2bdf99a46ab24da2,cpu-rwm-sequential,4,563,4.651850808690096,1
5b173c7a2bdf99a46ab24da2,cpu-rwm-sequential,4,564,4.651850808690096,1
5b173c7a2bdf99a46ab24da2,cpu-rwm-sequential,4,565,4.039228988965847,1
5b173c7a2bdf99a46ab24da2,cpu-rwm-sequential,4,566,4.039228988965847,1
5b173c7a2bdf99a46ab24da2,cpu-rwm-sequential,4,567,4.039228988965847,1
5b173c7a2bdf99a46ab24da2,cpu-rwm-sequential,4,568,4.039228988965847,1
5b173c7a2bdf99a46ab24da2,cpu-rwm-sequential,4,569,4.039228988965847,1
5b173c7a2bdf99a46ab24da2,cpu-rwm-sequential,4,570,4.039228988965847,1
5b173c7a2bdf99a46ab24da2,cpu-rwm-sequential,4,571,4.039228988965847,1
5b173c7a2bdf99a46ab24da2,cpu-rwm-sequential,4,572,4.039228988965847,1
5b173c7a2bdf99a46ab24da2,cpu-rwm-sequential,4,573,4.039228988965847,1
5b173c7a2bdf99a46ab24da2,cpu-rwm-sequential,4,574,4.039228988965847,1
5b173c7a2bdf99a46ab24da2,cpu-rwm-sequential,4,575,4.039228988965847,1
5b173c7a2bdf99a46ab24da2,cpu-rwm-sequential,4,576,4.376143485124053,1
5b173c7a2bdf99a46ab24da2,cpu-rwm-sequential,4,577,4.480170502554601,1
5b173c7a2bdf99a46ab24da2,cpu-rwm-sequential,4,578,4.480170502554601,1
5b173c7a2bdf99a46ab24da2,cpu-rwm-sequential,4,579,3.0128180544043257,1
5b173c7a2bdf99a46ab24da2,cpu-rwm-sequential,4,580,3.0128180544043257,1
5b173c7a2bdf99a46ab24da2,cpu-rwm-sequential,4,581,3.0128180544043257,1
5b173c7a2bdf99a46ab24da2,cpu-rwm-sequential,4,582,3.0128180544043257,1
5b173c7a2bdf99a46ab24da2,cpu-rwm-sequential,4,583,3.0128180544043257,1
5b173c7a2bdf99a46ab24da2,cpu-rwm-sequential,4,584,3.0128180544043257,1
5b173c7a2bdf99a46ab24da2,cpu-rwm-sequential,4,585,3.0128180544043257,1
5b173c7a2bdf99a46ab24da2,cpu-rwm-sequential,4,586,1.978119042699858,1
5b173c7a2bdf99a46ab24da2,cpu-rwm-sequential,4,587,1.978119042699858,1
5b173c7a2bdf99a46ab24da2,cpu-rwm-sequential,4,588,1.978119042699858,1
5b173c7a2bdf99a46ab24da2,cpu-rwm-sequential,4,589,2.0692194061851583,1
5b173c7a2bdf99a46ab24da2,cpu-rwm-sequential,4,590,3.1047233915109045,1
5b173c7a2bdf99a46ab24da2,cpu-rwm-sequential,4,591,2.119274596786161,1
5b173c7a2bdf99a46ab24da2,cpu-rwm-sequential,4,592,3.157297683276177,1
5b173c7a2bdf99a46ab24da2,cpu-rwm-sequential,4,593,3.157297683276177,1
5b173c7a2bdf99a46ab24da2,cpu-rwm-sequential,4,594,3.157297683276177,1
5b173c7a2bdf99a46ab24da2,cpu-rwm-sequential,4,595,3.157297683276177,1
5b173c7a2bdf99a46ab24da2,cpu-rwm-sequential,4,596,3.157297683276177,1
5b173c7a2bdf99a46ab24da2,cpu-rwm-sequential,4,597,3.157297683276177,1
5b173c7a2bdf99a46ab24da2,cpu-rwm-sequential,4,598,4.895115440549031,1
5b173c7a2bdf99a46ab24da2,cpu-rwm-sequential,4,599,4.895115440549031,1
5b173c7a2bdf99a46ab24da2,cpu-rwm-sequential,4,600,4.895115440549031,1
5b173c7a2bdf99a46ab24da2,cpu-rwm-sequential,4,601,4.895115440549031,1
5b173c7a2bdf99a46ab24da2,cpu-rwm-sequential,4,602,4.895115440549031,1
5b173c7a2bdf99a46ab24da2,cpu-rwm-sequential,4,603,4.646261615497185,1
5b173c7a2bdf99a46ab24da2,cpu-rwm-sequential,4,604,4.646261615497185,1
5b173c7a2bdf99a46ab24da2,cpu-rwm-sequential,4,605,4.646261615497185,1
5b173c7a2bdf99a46ab24da2,cpu-rwm-sequential,4,606,3.7832350564468227,1
5b173c7a2bdf99a46ab24da2,cpu-rwm-sequential,4,607,4.873176366254865,1
5b173c7a2bdf99a46ab24da2,cpu-rwm-sequential,4,608,4.873176366254865,1
5b173c7a2bdf99a46ab24da2,cpu-rwm-sequential,4,609,5.020418977928876,1
5b173c7a2bdf99a46ab24da2,cpu-rwm-sequential,4,610,5.098280256111569,1
5b173c7a2bdf99a46ab24da2,cpu-rwm-sequential,4,611,5.405382327194379,1
5b173c7a2bdf99a46ab24da2,cpu-rwm-sequential,4,612,5.405382327194379,1
5b173c7a2bdf99a46ab24da2,cpu-rwm-sequential,4,613,5.405382327194379,1
5b173c7a2bdf99a46ab24da2,cpu-rwm-sequential,4,614,5.405382327194379,1
5b173c7a2bdf99a46ab24da2,cpu-rwm-sequential,4,615,5.581087911528923,1
5b173c7a2bdf99a46ab24da2,cpu-rwm-sequential,4,616,5.581087911528923,1
5b173c7a2bdf99a46ab24da2,cpu-rwm-sequential,4,617,3.934980724597124,1
5b173c7a2bdf99a46ab24da2,cpu-rwm-sequential,4,618,3.934980724597124,1
5b173c7a2bdf99a46ab24da2,cpu-rwm-sequential,4,619,3.934980724597124,1
5b173c7a2bdf99a46ab24da2,cpu-rwm-sequential,4,620,3.405522766813254,1
5b173c7a2bdf99a46ab24da2,cpu-rwm-sequential,4,621,4.055543220284769,1
5b173c7a2bdf99a46ab24da2,cpu-rwm-sequential,4,622,4.055543220284769,1
5b173c7a2bdf99a46ab24da2,cpu-rwm-sequential,4,623,5.008191507640484,1
5b173c7a2bdf99a46ab24da2,cpu-rwm-sequential,4,624,5.008191507640484,1
5b173c7a2bdf99a46ab24da2,cpu-rwm-sequential,4,625,5.008191507640484,1
5b173c7a2bdf99a46ab24da2,cpu-rwm-sequential,4,626,5.008191507640484,1
5b173c7a2bdf99a46ab24da2,cpu-rwm-sequential,4,627,5.008191507640484,1
5b173c7a2bdf99a46ab24da2,cpu-rwm-sequential,4,628,5.008191507640484,1
5b173c7a2bdf99a46ab24da2,cpu-rwm-sequential,4,629,5.008191507640484,1
5b173c7a2bdf99a46ab24da2,cpu-rwm-sequential,4,630,5.008191507640484,1
5b173c7a2bdf99a46ab24da2,cpu-rwm-sequential,4,631,5.008191507640484,1
5b173c7a2bdf99a46ab24da2,cpu-rwm-sequential,4,632,4.049228018153078,1
5b173c7a2bdf99a46ab24da2,cpu-rwm-sequential,4,633,4.049228018153078,1
5b173c7a2bdf99a46ab24da2,cpu-rwm-sequential,4,634,3.6321078757046767,1
5b173c7a2bdf99a46ab24da2,cpu-rwm-sequential,4,635,2.7819727177460534,1
5b173c7a2bdf99a46ab24da2,cpu-rwm-sequential,4,636,2.7819727177460534,1
5b173c7a2bdf99a46ab24da2,cpu-rwm-sequential,4,637,2.7819727177460534,1
5b173c7a2bdf99a46ab24da2,cpu-rwm-sequential,4,638,2.7819727177460534,1
5b173c7a2bdf99a46ab24da2,cpu-rwm-sequential,4,639,3.0266470946075263,1
5b173c7a2bdf99a46ab24da2,cpu-rwm-sequential,4,640,3.916017063096891,1
5b173c7a2bdf99a46ab24da2,cpu-rwm-sequential,4,641,3.508871213601222,1
5b173c7a2bdf99a46ab24da2,cpu-rwm-sequential,4,642,3.508871213601222,1
5b173c7a2bdf99a46ab24da2,cpu-rwm-sequential,4,643,3.7266749057526627,1
5b173c7a2bdf99a46ab24da2,cpu-rwm-sequential,4,644,3.0221854042778467,1
5b173c7a2bdf99a46ab24da2,cpu-rwm-sequential,4,645,3.0221854042778467,1
5b173c7a2bdf99a46ab24da2,cpu-rwm-sequential,4,646,3.0221854042778467,1
5b173c7a2bdf99a46ab24da2,cpu-rwm-sequential,4,647,3.0221854042778467,1
5b173c7a2bdf99a46ab24da2,cpu-rwm-sequential,4,648,3.7992396651011013,1
5b173c7a2bdf99a46ab24da2,cpu-rwm-sequential,4,649,3.452227814382632,1
5b173c7a2bdf99a46ab24da2,cpu-rwm-sequential,4,650,4.451190140401827,1
5b173c7a2bdf99a46ab24da2,cpu-rwm-sequential,4,651,4.451190140401827,1
5b173c7a2bdf99a46ab24da2,cpu-rwm-sequential,4,652,4.451190140401827,1
5b173c7a2bdf99a46ab24da2,cpu-rwm-sequential,4,653,5.0166868468267225,1
5b173c7a2bdf99a46ab24da2,cpu-rwm-sequential,4,654,5.0166868468267225,1
5b173c7a2bdf99a46ab24da2,cpu-rwm-sequential,4,655,4.643836806991295,1
5b173c7a2bdf99a46ab24da2,cpu-rwm-sequential,4,656,3.718918441187797,1
5b173c7a2bdf99a46ab24da2,cpu-rwm-sequential,4,657,3.718918441187797,1
5b173c7a2bdf99a46ab24da2,cpu-rwm-sequential,4,658,3.60429245268501,1
5b173c7a2bdf99a46ab24da2,cpu-rwm-sequential,4,659,3.60429245268501,1
5b173c7a2bdf99a46ab24da2,cpu-rwm-sequential,4,660,3.60429245268501,1
5b173c7a2bdf99a46ab24da2,cpu-rwm-sequential,4,661,3.60429245268501,1
5b173c7a2bdf99a46ab24da2,cpu-rwm-sequential,4,662,3.60429245268501,1
5b173c7a2bdf99a46ab24da2,cpu-rwm-sequential,4,663,3.60429245268501,1
5b173c7a2bdf99a46ab24da2,cpu-rwm-sequential,4,664,3.60429245268501,1
5b173c7a2bdf99a46ab24da2,cpu-rwm-sequential,4,665,3.60429245268501,1
5b173c7a2bdf99a46ab24da2,cpu-rwm-sequential,4,666,3.60429245268501,1
5b173c7a2bdf99a46ab24da2,cpu-rwm-sequential,4,667,3.4781081673750265,1
5b173c7a2bdf99a46ab24da2,cpu-rwm-sequential,4,668,3.4781081673750265,1
5b173c7a2bdf99a46ab24da2,cpu-rwm-sequential,4,669,3.4781081673750265,1
5b173c7a2bdf99a46ab24da2,cpu-rwm-sequential,4,670,3.4781081673750265,1
5b173c7a2bdf99a46ab24da2,cpu-rwm-sequential,4,671,3.4781081673750265,1
5b173c7a2bdf99a46ab24da2,cpu-rwm-sequential,4,672,3.4781081673750265,1
5b173c7a2bdf99a46ab24da2,cpu-rwm-sequential,4,673,3.4781081673750265,1
5b173c7a2bdf99a46ab24da2,cpu-rwm-sequential,4,674,3.4781081673750265,1
5b173c7a2bdf99a46ab24da2,cpu-rwm-sequential,4,675,3.4781081673750265,1
5b173c7a2bdf99a46ab24da2,cpu-rwm-sequential,4,676,3.4781081673750265,1
5b173c7a2bdf99a46ab24da2,cpu-rwm-sequential,4,677,3.4781081673750265,1
5b173c7a2bdf99a46ab24da2,cpu-rwm-sequential,4,678,3.4781081673750265,1
5b173c7a2bdf99a46ab24da2,cpu-rwm-sequential,4,679,3.4781081673750265,1
5b173c7a2bdf99a46ab24da2,cpu-rwm-sequential,4,680,3.4781081673750265,1
5b173c7a2bdf99a46ab24da2,cpu-rwm-sequential,4,681,3.0522051341052427,1
5b173c7a2bdf99a46ab24da2,cpu-rwm-sequential,4,682,3.124891719303785,1
5b173c7a2bdf99a46ab24da2,cpu-rwm-sequential,4,683,3.124891719303785,1
5b173c7a2bdf99a46ab24da2,cpu-rwm-sequential,4,684,3.9515240714213764,1
5b173c7a2bdf99a46ab24da2,cpu-rwm-sequential,4,685,3.9515240714213764,1
5b173c7a2bdf99a46ab24da2,cpu-rwm-sequential,4,686,3.699348121865995,1
5b173c7a2bdf99a46ab24da2,cpu-rwm-sequential,4,687,3.699348121865995,1
5b173c7a2bdf99a46ab24da2,cpu-rwm-sequential,4,688,3.699348121865995,1
5b173c7a2bdf99a46ab24da2,cpu-rwm-sequential,4,689,4.483253623559666,1
5b173c7a2bdf99a46ab24da2,cpu-rwm-sequential,4,690,4.483253623559666,1
5b173c7a2bdf99a46ab24da2,cpu-rwm-sequential,4,691,4.483253623559666,1
5b173c7a2bdf99a46ab24da2,cpu-rwm-sequential,4,692,4.483253623559666,1
5b173c7a2bdf99a46ab24da2,cpu-rwm-sequential,4,693,4.483253623559666,1
5b173c7a2bdf99a46ab24da2,cpu-rwm-sequential,4,694,4.483253623559666,1
5b173c7a2bdf99a46ab24da2,cpu-rwm-sequential,4,695,4.483253623559666,1
5b173c7a2bdf99a46ab24da2,cpu-rwm-sequential,4,696,4.483253623559666,1
5b173c7a2bdf99a46ab24da2,cpu-rwm-sequential,4,697,4.483253623559666,1
5b173c7a2bdf99a46ab24da2,cpu-rwm-sequential,4,698,4.483253623559666,1
5b173c7a2bdf99a46ab24da2,cpu-rwm-sequential,4,699,4.483253623559666,1
5b173c7a2bdf99a46ab24da2,cpu-rwm-sequential,4,700,4.483253623559666,1
5b173c7a2bdf99a46ab24da2,cpu-rwm-sequential,4,701,4.483253623559666,1
5b173c7a2bdf99a46ab24da2,cpu-rwm-sequential,4,702,4.483253623559666,1
5b173c7a2bdf99a46ab24da2,cpu-rwm-sequential,4,703,4.483253623559666,1
5b173c7a2bdf99a46ab24da2,cpu-rwm-sequential,4,704,4.500441644631416,1
5b173c7a2bdf99a46ab24da2,cpu-rwm-sequential,4,705,4.500441644631416,1
5b173c7a2bdf99a46ab24da2,cpu-rwm-sequential,4,706,4.500441644631416,1
5b173c7a2bdf99a46ab24da2,cpu-rwm-sequential,4,707,4.500441644631416,1
5b173c7a2bdf99a46ab24da2,cpu-rwm-sequential,4,708,4.500441644631416,1
5b173c7a2bdf99a46ab24da2,cpu-rwm-sequential,4,709,4.500441644631416,1
5b173c7a2bdf99a46ab24da2,cpu-rwm-sequential,4,710,4.500441644631416,1
5b173c7a2bdf99a46ab24da2,cpu-rwm-sequential,4,711,4.500441644631416,1
5b173c7a2bdf99a46ab24da2,cpu-rwm-sequential,4,712,4.500441644631416,1
5b173c7a2bdf99a46ab24da2,cpu-rwm-sequential,4,713,4.500441644631416,1
5b173c7a2bdf99a46ab24da2,cpu-rwm-sequential,4,714,4.500441644631416,1
5b173c7a2bdf99a46ab24da2,cpu-rwm-sequential,4,715,4.717051820863571,1
5b173c7a2bdf99a46ab24da2,cpu-rwm-sequential,4,716,4.717051820863571,1
5b173c7a2bdf99a46ab24da2,cpu-rwm-sequential,4,717,4.717051820863571,1
5b173c7a2bdf99a46ab24da2,cpu-rwm-sequential,4,718,4.188046062681719,1
5b173c7a2bdf99a46ab24da2,cpu-rwm-sequential,4,719,4.188046062681719,1
5b173c7a2bdf99a46ab24da2,cpu-rwm-sequential,4,720,4.188046062681719,1
5b173c7a2bdf99a46ab24da2,cpu-rwm-sequential,4,721,4.188046062681719,1
5b173c7a2bdf99a46ab24da2,cpu-rwm-sequential,4,722,4.188046062681719,1
5b173c7a2bdf99a46ab24da2,cpu-rwm-sequential,4,723,4.832457282779621,1
5b173c7a2bdf99a46ab24da2,cpu-rwm-sequential,4,724,4.832457282779621,1
5b173c7a2bdf99a46ab24da2,cpu-rwm-sequential,4,725,4.832457282779621,1
5b173c7a2bdf99a46ab24da2,cpu-rwm-sequential,4,726,4.832457282779621,1
5b173c7a2bdf99a46ab24da2,cpu-rwm-sequential,4,727,4.832457282779621,1
5b173c7a2bdf99a46ab24da2,cpu-rwm-sequential,4,728,4.805836105099025,1
5b173c7a2bdf99a46ab24da2,cpu-rwm-sequential,4,729,4.805836105099025,1
5b173c7a2bdf99a46ab24da2,cpu-rwm-sequential,4,730,4.805836105099025,1
5b173c7a2bdf99a46ab24da2,cpu-rwm-sequential,4,731,4.805836105099025,1
5b173c7a2bdf99a46ab24da2,cpu-rwm-sequential,4,732,4.805836105099025,1
5b173c7a2bdf99a46ab24da2,cpu-rwm-sequential,4,733,5.39065535316889,1
5b173c7a2bdf99a46ab24da2,cpu-rwm-sequential,4,734,5.39065535316889,1
5b173c7a2bdf99a46ab24da2,cpu-rwm-sequential,4,735,5.39065535316889,1
5b173c7a2bdf99a46ab24da2,cpu-rwm-sequential,4,736,5.39065535316889,1
5b173c7a2bdf99a46ab24da2,cpu-rwm-sequential,4,737,5.39065535316889,1
5b173c7a2bdf99a46ab24da2,cpu-rwm-sequential,4,738,5.39065535316889,1
5b173c7a2bdf99a46ab24da2,cpu-rwm-sequential,4,739,5.39065535316889,1
5b173c7a2bdf99a46ab24da2,cpu-rwm-sequential,4,740,5.39065535316889,1
5b173c7a2bdf99a46ab24da2,cpu-rwm-sequential,4,741,5.39065535316889,1
5b173c7a2bdf99a46ab24da2,cpu-rwm-sequential,4,742,5.39065535316889,1
5b173c7a2bdf99a46ab24da2,cpu-rwm-sequential,4,743,5.39065535316889,1
5b173c7a2bdf99a46ab24da2,cpu-rwm-sequential,4,744,5.39065535316889,1
5b173c7a2bdf99a46ab24da2,cpu-rwm-sequential,4,745,5.39065535316889,1
5b173c7a2bdf99a46ab24da2,cpu-rwm-sequential,4,746,5.39065535316889,1
5b173c7a2bdf99a46ab24da2,cpu-rwm-sequential,4,747,5.39065535316889,1
5b173c7a2bdf99a46ab24da2,cpu-rwm-sequential,4,748,5.39065535316889,1
5b173c7a2bdf99a46ab24da2,cpu-rwm-sequential,4,749,5.39065535316889,1
5b173c7a2bdf99a46ab24da2,cpu-rwm-sequential,4,750,5.39065535316889,1
5b173c7a2bdf99a46ab24da2,cpu-rwm-sequential,4,751,5.39065535316889,1
5b173c7a2bdf99a46ab24da2,cpu-rwm-sequential,4,752,4.868070605293666,1
5b173c7a2bdf99a46ab24da2,cpu-rwm-sequential,4,753,4.868070605293666,1
5b173c7a2bdf99a46ab24da2,cpu-rwm-sequential,4,754,4.868070605293666,1
5b173c7a2bdf99a46ab24da2,cpu-rwm-sequential,4,755,4.868070605293666,1
5b173c7a2bdf99a46ab24da2,cpu-rwm-sequential,4,756,4.868070605293666,1
5b173c7a2bdf99a46ab24da2,cpu-rwm-sequential,4,757,5.6268940455751375,1
5b173c7a2bdf99a46ab24da2,cpu-rwm-sequential,4,758,5.6268940455751375,1
5b173c7a2bdf99a46ab24da2,cpu-rwm-sequential,4,759,5.104675592594959,1
5b173c7a2bdf99a46ab24da2,cpu-rwm-sequential,4,760,5.104675592594959,1
5b173c7a2bdf99a46ab24da2,cpu-rwm-sequential,4,761,4.6929913500004,1
5b173c7a2bdf99a46ab24da2,cpu-rwm-sequential,4,762,4.7891092551427485,1
5b173c7a2bdf99a46ab24da2,cpu-rwm-sequential,4,763,4.7891092551427485,1
5b173c7a2bdf99a46ab24da2,cpu-rwm-sequential,4,764,5.967996955967612,1
5b173c7a2bdf99a46ab24da2,cpu-rwm-sequential,4,765,5.967996955967612,1
5b173c7a2bdf99a46ab24da2,cpu-rwm-sequential,4,766,4.93929218902228,1
5b173c7a2bdf99a46ab24da2,cpu-rwm-sequential,4,767,4.93929218902228,1
5b173c7a2bdf99a46ab24da2,cpu-rwm-sequential,4,768,4.93929218902228,1
5b173c7a2bdf99a46ab24da2,cpu-rwm-sequential,4,769,4.93929218902228,1
5b173c7a2bdf99a46ab24da2,cpu-rwm-sequential,4,770,4.93929218902228,1
5b173c7a2bdf99a46ab24da2,cpu-rwm-sequential,4,771,4.93929218902228,1
5b173c7a2bdf99a46ab24da2,cpu-rwm-sequential,4,772,4.93929218902228,1
5b173c7a2bdf99a46ab24da2,cpu-rwm-sequential,4,773,4.93929218902228,1
5b173c7a2bdf99a46ab24da2,cpu-rwm-sequential,4,774,4.93929218902228,1
5b173c7a2bdf99a46ab24da2,cpu-rwm-sequential,4,775,4.93929218902228,1
5b173c7a2bdf99a46ab24da2,cpu-rwm-sequential,4,776,4.93929218902228,1
5b173c7a2bdf99a46ab24da2,cpu-rwm-sequential,4,777,4.93929218902228,1
5b173c7a2bdf99a46ab24da2,cpu-rwm-sequential,4,778,4.93929218902228,1
5b173c7a2bdf99a46ab24da2,cpu-rwm-sequential,4,779,5.956572619620041,1
5b173c7a2bdf99a46ab24da2,cpu-rwm-sequential,4,780,5.956572619620041,1
5b173c7a2bdf99a46ab24da2,cpu-rwm-sequential,4,781,5.956572619620041,1
5b173c7a2bdf99a46ab24da2,cpu-rwm-sequential,4,782,5.956572619620041,1
5b173c7a2bdf99a46ab24da2,cpu-rwm-sequential,4,783,5.956572619620041,1
5b173c7a2bdf99a46ab24da2,cpu-rwm-sequential,4,784,6.531812308361214,1
5b173c7a2bdf99a46ab24da2,cpu-rwm-sequential,4,785,6.531812308361214,1
5b173c7a2bdf99a46ab24da2,cpu-rwm-sequential,4,786,7.149128803433661,1
5b173c7a2bdf99a46ab24da2,cpu-rwm-sequential,4,787,5.835674179990388,1
5b173c7a2bdf99a46ab24da2,cpu-rwm-sequential,4,788,5.835674179990388,1
5b173c7a2bdf99a46ab24da2,cpu-rwm-sequential,4,789,5.835674179990388,1
5b173c7a2bdf99a46ab24da2,cpu-rwm-sequential,4,790,5.153851024055323,1
5b173c7a2bdf99a46ab24da2,cpu-rwm-sequential,4,791,5.153851024055323,1
5b173c7a2bdf99a46ab24da2,cpu-rwm-sequential,4,792,5.153851024055323,1
5b173c7a2bdf99a46ab24da2,cpu-rwm-sequential,4,793,5.153851024055323,1
5b173c7a2bdf99a46ab24da2,cpu-rwm-sequential,4,794,4.841081991737254,1
5b173c7a2bdf99a46ab24da2,cpu-rwm-sequential,4,795,4.988060333954601,1
5b173c7a2bdf99a46ab24da2,cpu-rwm-sequential,4,796,4.988060333954601,1
5b173c7a2bdf99a46ab24da2,cpu-rwm-sequential,4,797,4.988060333954601,1
5b173c7a2bdf99a46ab24da2,cpu-rwm-sequential,4,798,4.988060333954601,1
5b173c7a2bdf99a46ab24da2,cpu-rwm-sequential,4,799,4.988060333954601,1
5b173c7a2bdf99a46ab24da2,cpu-rwm-sequential,4,800,4.988060333954601,1
5b173c7a2bdf99a46ab24da2,cpu-rwm-sequential,4,801,4.988060333954601,1
5b173c7a2bdf99a46ab24da2,cpu-rwm-sequential,4,802,4.988060333954601,1
5b173c7a2bdf99a46ab24da2,cpu-rwm-sequential,4,803,4.988060333954601,1
5b173c7a2bdf99a46ab24da2,cpu-rwm-sequential,4,804,4.988060333954601,1
5b173c7a2bdf99a46ab24da2,cpu-rwm-sequential,4,805,5.8175425777618806,1
5b173c7a2bdf99a46ab24da2,cpu-rwm-sequential,4,806,4.58720802168466,1
5b173c7a2bdf99a46ab24da2,cpu-rwm-sequential,4,807,4.936398162209196,1
5b173c7a2bdf99a46ab24da2,cpu-rwm-sequential,4,808,4.936398162209196,1
5b173c7a2bdf99a46ab24da2,cpu-rwm-sequential,4,809,4.936398162209196,1
5b173c7a2bdf99a46ab24da2,cpu-rwm-sequential,4,810,5.800387333638925,1
5b173c7a2bdf99a46ab24da2,cpu-rwm-sequential,4,811,5.800387333638925,1
5b173c7a2bdf99a46ab24da2,cpu-rwm-sequential,4,812,5.800387333638925,1
5b173c7a2bdf99a46ab24da2,cpu-rwm-sequential,4,813,5.800387333638925,1
5b173c7a2bdf99a46ab24da2,cpu-rwm-sequential,4,814,5.800387333638925,1
5b173c7a2bdf99a46ab24da2,cpu-rwm-sequential,4,815,5.800387333638925,1
5b173c7a2bdf99a46ab24da2,cpu-rwm-sequential,4,816,6.308534248192596,1
5b173c7a2bdf99a46ab24da2,cpu-rwm-sequential,4,817,4.953168591964703,1
5b173c7a2bdf99a46ab24da2,cpu-rwm-sequential,4,818,4.953168591964703,1
5b173c7a2bdf99a46ab24da2,cpu-rwm-sequential,4,819,4.953168591964703,1
5b173c7a2bdf99a46ab24da2,cpu-rwm-sequential,4,820,4.953168591964703,1
5b173c7a2bdf99a46ab24da2,cpu-rwm-sequential,4,821,4.953168591964703,1
5b173c7a2bdf99a46ab24da2,cpu-rwm-sequential,4,822,4.303930270318448,1
5b173c7a2bdf99a46ab24da2,cpu-rwm-sequential,4,823,4.303930270318448,1
5b173c7a2bdf99a46ab24da2,cpu-rwm-sequential,4,824,3.6575711369408355,1
5b173c7a2bdf99a46ab24da2,cpu-rwm-sequential,4,825,3.6575711369408355,1
5b173c7a2bdf99a46ab24da2,cpu-rwm-sequential,4,826,3.92263988279671,1
5b173c7a2bdf99a46ab24da2,cpu-rwm-sequential,4,827,3.92263988279671,1
5b173c7a2bdf99a46ab24da2,cpu-rwm-sequential,4,828,3.92263988279671,1
5b173c7a2bdf99a46ab24da2,cpu-rwm-sequential,4,829,3.92263988279671,1
5b173c7a2bdf99a46ab24da2,cpu-rwm-sequential,4,830,3.6399134095495245,1
5b173c7a2bdf99a46ab24da2,cpu-rwm-sequential,4,831,3.6399134095495245,1
5b173c7a2bdf99a46ab24da2,cpu-rwm-sequential,4,832,3.6399134095495245,1
5b173c7a2bdf99a46ab24da2,cpu-rwm-sequential,4,833,3.6399134095495245,1
5b173c7a2bdf99a46ab24da2,cpu-rwm-sequential,4,834,3.6399134095495245,1
5b173c7a2bdf99a46ab24da2,cpu-rwm-sequential,4,835,3.6399134095495245,1
5b173c7a2bdf99a46ab24da2,cpu-rwm-sequential,4,836,3.6399134095495245,1
5b173c7a2bdf99a46ab24da2,cpu-rwm-sequential,4,837,5.026349318530215,1
5b173c7a2bdf99a46ab24da2,cpu-rwm-sequential,4,838,5.026349318530215,1
5b173c7a2bdf99a46ab24da2,cpu-rwm-sequential,4,839,5.026349318530215,1
5b173c7a2bdf99a46ab24da2,cpu-rwm-sequential,4,840,5.026349318530215,1
5b173c7a2bdf99a46ab24da2,cpu-rwm-sequential,4,841,4.583418601564231,1
5b173c7a2bdf99a46ab24da2,cpu-rwm-sequential,4,842,4.247964504185012,1
5b173c7a2bdf99a46ab24da2,cpu-rwm-sequential,4,843,4.247964504185012,1
5b173c7a2bdf99a46ab24da2,cpu-rwm-sequential,4,844,4.143672935811547,1
5b173c7a2bdf99a46ab24da2,cpu-rwm-sequential,4,845,4.143672935811547,1
5b173c7a2bdf99a46ab24da2,cpu-rwm-sequential,4,846,5.702618347588448,1
5b173c7a2bdf99a46ab24da2,cpu-rwm-sequential,4,847,4.357240771519528,1
5b173c7a2bdf99a46ab24da2,cpu-rwm-sequential,4,848,4.357240771519528,1
5b173c7a2bdf99a46ab24da2,cpu-rwm-sequential,4,849,4.357240771519528,1
5b173c7a2bdf99a46ab24da2,cpu-rwm-sequential,4,850,4.357240771519528,1
5b173c7a2bdf99a46ab24da2,cpu-rwm-sequential,4,851,4.357240771519528,1
5b173c7a2bdf99a46ab24da2,cpu-rwm-sequential,4,852,4.357240771519528,1
5b173c7a2bdf99a46ab24da2,cpu-rwm-sequential,4,853,4.357240771519528,1
5b173c7a2bdf99a46ab24da2,cpu-rwm-sequential,4,854,4.357240771519528,1
5b173c7a2bdf99a46ab24da2,cpu-rwm-sequential,4,855,4.357240771519528,1
5b173c7a2bdf99a46ab24da2,cpu-rwm-sequential,4,856,4.357240771519528,1
5b173c7a2bdf99a46ab24da2,cpu-rwm-sequential,4,857,4.958520508041358,1
5b173c7a2bdf99a46ab24da2,cpu-rwm-sequential,4,858,4.958520508041358,1
5b173c7a2bdf99a46ab24da2,cpu-rwm-sequential,4,859,4.047502326293242,1
5b173c7a2bdf99a46ab24da2,cpu-rwm-sequential,4,860,4.047502326293242,1
5b173c7a2bdf99a46ab24da2,cpu-rwm-sequential,4,861,4.737204205776074,1
5b173c7a2bdf99a46ab24da2,cpu-rwm-sequential,4,862,4.737204205776074,1
5b173c7a2bdf99a46ab24da2,cpu-rwm-sequential,4,863,5.053038632354329,1
5b173c7a2bdf99a46ab24da2,cpu-rwm-sequential,4,864,4.434459081307465,1
5b173c7a2bdf99a46ab24da2,cpu-rwm-sequential,4,865,4.434459081307465,1
5b173c7a2bdf99a46ab24da2,cpu-rwm-sequential,4,866,4.434459081307465,1
5b173c7a2bdf99a46ab24da2,cpu-rwm-sequential,4,867,5.702115825265141,1
5b173c7a2bdf99a46ab24da2,cpu-rwm-sequential,4,868,5.702115825265141,1
5b173c7a2bdf99a46ab24da2,cpu-rwm-sequential,4,869,5.702115825265141,1
5b173c7a2bdf99a46ab24da2,cpu-rwm-sequential,4,870,5.702115825265141,1
5b173c7a2bdf99a46ab24da2,cpu-rwm-sequential,4,871,6.00038826897271,1
5b173c7a2bdf99a46ab24da2,cpu-rwm-sequential,4,872,6.00038826897271,1
5b173c7a2bdf99a46ab24da2,cpu-rwm-sequential,4,873,6.00038826897271,1
5b173c7a2bdf99a46ab24da2,cpu-rwm-sequential,4,874,6.00038826897271,1
5b173c7a2bdf99a46ab24da2,cpu-rwm-sequential,4,875,6.00038826897271,1
5b173c7a2bdf99a46ab24da2,cpu-rwm-sequential,4,876,6.00038826897271,1
5b173c7a2bdf99a46ab24da2,cpu-rwm-sequential,4,877,6.00038826897271,1
5b173c7a2bdf99a46ab24da2,cpu-rwm-sequential,4,878,6.00038826897271,1
5b173c7a2bdf99a46ab24da2,cpu-rwm-sequential,4,879,6.00038826897271,1
5b173c7a2bdf99a46ab24da2,cpu-rwm-sequential,4,880,6.00038826897271,1
5b173c7a2bdf99a46ab24da2,cpu-rwm-sequential,4,881,6.00038826897271,1
5b173c7a2bdf99a46ab24da2,cpu-rwm-sequential,4,882,5.557029590021746,1
5b173c7a2bdf99a46ab24da2,cpu-rwm-sequential,4,883,5.557029590021746,1
5b173c7a2bdf99a46ab24da2,cpu-rwm-sequential,4,884,5.406989173341999,1
5b173c7a2bdf99a46ab24da2,cpu-rwm-sequential,4,885,5.397346146401266,1
5b173c7a2bdf99a46ab24da2,cpu-rwm-sequential,4,886,5.397346146401266,1
5b173c7a2bdf99a46ab24da2,cpu-rwm-sequential,4,887,5.397346146401266,1
5b173c7a2bdf99a46ab24da2,cpu-rwm-sequential,4,888,5.397346146401266,1
5b173c7a2bdf99a46ab24da2,cpu-rwm-sequential,4,889,5.397346146401266,1
5b173c7a2bdf99a46ab24da2,cpu-rwm-sequential,4,890,5.397346146401266,1
5b173c7a2bdf99a46ab24da2,cpu-rwm-sequential,4,891,4.543659889673589,1
5b173c7a2bdf99a46ab24da2,cpu-rwm-sequential,4,892,4.543659889673589,1
5b173c7a2bdf99a46ab24da2,cpu-rwm-sequential,4,893,4.543659889673589,1
5b173c7a2bdf99a46ab24da2,cpu-rwm-sequential,4,894,5.074394239277398,1
5b173c7a2bdf99a46ab24da2,cpu-rwm-sequential,4,895,5.074394239277398,1
5b173c7a2bdf99a46ab24da2,cpu-rwm-sequential,4,896,5.488673727027238,1
5b173c7a2bdf99a46ab24da2,cpu-rwm-sequential,4,897,5.488673727027238,1
5b173c7a2bdf99a46ab24da2,cpu-rwm-sequential,4,898,5.488673727027238,1
5b173c7a2bdf99a46ab24da2,cpu-rwm-sequential,4,899,5.488673727027238,1
5b173c7a2bdf99a46ab24da2,cpu-rwm-sequential,4,900,5.488673727027238,1
5b173c7a2bdf99a46ab24da2,cpu-rwm-sequential,4,901,5.488673727027238,1
5b173c7a2bdf99a46ab24da2,cpu-rwm-sequential,4,902,5.488673727027238,1
5b173c7a2bdf99a46ab24da2,cpu-rwm-sequential,4,903,5.488673727027238,1
5b173c7a2bdf99a46ab24da2,cpu-rwm-sequential,4,904,5.335647190809431,1
5b173c7a2bdf99a46ab24da2,cpu-rwm-sequential,4,905,5.335647190809431,1
5b173c7a2bdf99a46ab24da2,cpu-rwm-sequential,4,906,5.335647190809431,1
5b173c7a2bdf99a46ab24da2,cpu-rwm-sequential,4,907,4.846097301074558,1
5b173c7a2bdf99a46ab24da2,cpu-rwm-sequential,4,908,4.846097301074558,1
5b173c7a2bdf99a46ab24da2,cpu-rwm-sequential,4,909,3.875544817686982,1
5b173c7a2bdf99a46ab24da2,cpu-rwm-sequential,4,910,3.875544817686982,1
5b173c7a2bdf99a46ab24da2,cpu-rwm-sequential,4,911,3.875544817686982,1
5b173c7a2bdf99a46ab24da2,cpu-rwm-sequential,4,912,3.875544817686982,1
5b173c7a2bdf99a46ab24da2,cpu-rwm-sequential,4,913,3.875544817686982,1
5b173c7a2bdf99a46ab24da2,cpu-rwm-sequential,4,914,3.875544817686982,1
5b173c7a2bdf99a46ab24da2,cpu-rwm-sequential,4,915,4.975384269549066,1
5b173c7a2bdf99a46ab24da2,cpu-rwm-sequential,4,916,4.975384269549066,1
5b173c7a2bdf99a46ab24da2,cpu-rwm-sequential,4,917,4.975384269549066,1
5b173c7a2bdf99a46ab24da2,cpu-rwm-sequential,4,918,4.975384269549066,1
5b173c7a2bdf99a46ab24da2,cpu-rwm-sequential,4,919,4.975384269549066,1
5b173c7a2bdf99a46ab24da2,cpu-rwm-sequential,4,920,5.017192713216185,1
5b173c7a2bdf99a46ab24da2,cpu-rwm-sequential,4,921,4.836491293911044,1
5b173c7a2bdf99a46ab24da2,cpu-rwm-sequential,4,922,4.836491293911044,1
5b173c7a2bdf99a46ab24da2,cpu-rwm-sequential,4,923,4.836491293911044,1
5b173c7a2bdf99a46ab24da2,cpu-rwm-sequential,4,924,4.836491293911044,1
5b173c7a2bdf99a46ab24da2,cpu-rwm-sequential,4,925,4.836491293911044,1
5b173c7a2bdf99a46ab24da2,cpu-rwm-sequential,4,926,4.836491293911044,1
5b173c7a2bdf99a46ab24da2,cpu-rwm-sequential,4,927,4.836491293911044,1
5b173c7a2bdf99a46ab24da2,cpu-rwm-sequential,4,928,4.836491293911044,1
5b173c7a2bdf99a46ab24da2,cpu-rwm-sequential,4,929,4.9420996487080915,1
5b173c7a2bdf99a46ab24da2,cpu-rwm-sequential,4,930,4.9420996487080915,1
5b173c7a2bdf99a46ab24da2,cpu-rwm-sequential,4,931,4.9420996487080915,1
5b173c7a2bdf99a46ab24da2,cpu-rwm-sequential,4,932,4.9420996487080915,1
5b173c7a2bdf99a46ab24da2,cpu-rwm-sequential,4,933,4.9420996487080915,1
5b173c7a2bdf99a46ab24da2,cpu-rwm-sequential,4,934,4.9420996487080915,1
5b173c7a2bdf99a46ab24da2,cpu-rwm-sequential,4,935,4.9420996487080915,1
5b173c7a2bdf99a46ab24da2,cpu-rwm-sequential,4,936,4.9420996487080915,1
5b173c7a2bdf99a46ab24da2,cpu-rwm-sequential,4,937,4.9420996487080915,1
5b173c7a2bdf99a46ab24da2,cpu-rwm-sequential,4,938,4.9420996487080915,1
5b173c7a2bdf99a46ab24da2,cpu-rwm-sequential,4,939,4.9420996487080915,1
5b173c7a2bdf99a46ab24da2,cpu-rwm-sequential,4,940,4.9420996487080915,1
5b173c7a2bdf99a46ab24da2,cpu-rwm-sequential,4,941,4.9420996487080915,1
5b173c7a2bdf99a46ab24da2,cpu-rwm-sequential,4,942,4.9420996487080915,1
5b173c7a2bdf99a46ab24da2,cpu-rwm-sequential,4,943,4.9420996487080915,1
5b173c7a2bdf99a46ab24da2,cpu-rwm-sequential,4,944,5.800873317955553,1
5b173c7a2bdf99a46ab24da2,cpu-rwm-sequential,4,945,5.800873317955553,1
5b173c7a2bdf99a46ab24da2,cpu-rwm-sequential,4,946,5.3291236225483365,1
5b173c7a2bdf99a46ab24da2,cpu-rwm-sequential,4,947,5.3291236225483365,1
5b173c7a2bdf99a46ab24da2,cpu-rwm-sequential,4,948,5.3291236225483365,1
5b173c7a2bdf99a46ab24da2,cpu-rwm-sequential,4,949,5.380993552543712,1
5b173c7a2bdf99a46ab24da2,cpu-rwm-sequential,4,950,5.380993552543712,1
5b173c7a2bdf99a46ab24da2,cpu-rwm-sequential,4,951,5.380993552543712,1
5b173c7a2bdf99a46ab24da2,cpu-rwm-sequential,4,952,5.380993552543712,1
5b173c7a2bdf99a46ab24da2,cpu-rwm-sequential,4,953,5.380993552543712,1
5b173c7a2bdf99a46ab24da2,cpu-rwm-sequential,4,954,5.380993552543712,1
5b173c7a2bdf99a46ab24da2,cpu-rwm-sequential,4,955,5.380993552543712,1
5b173c7a2bdf99a46ab24da2,cpu-rwm-sequential,4,956,5.380993552543712,1
5b173c7a2bdf99a46ab24da2,cpu-rwm-sequential,4,957,5.380993552543712,1
5b173c7a2bdf99a46ab24da2,cpu-rwm-sequential,4,958,5.380993552543712,1
5b173c7a2bdf99a46ab24da2,cpu-rwm-sequential,4,959,5.380993552543712,1
5b173c7a2bdf99a46ab24da2,cpu-rwm-sequential,4,960,5.985325565768837,1
5b173c7a2bdf99a46ab24da2,cpu-rwm-sequential,4,961,5.985325565768837,1
5b173c7a2bdf99a46ab24da2,cpu-rwm-sequential,4,962,5.985325565768837,1
5b173c7a2bdf99a46ab24da2,cpu-rwm-sequential,4,963,5.985325565768837,1
5b173c7a2bdf99a46ab24da2,cpu-rwm-sequential,4,964,5.985325565768837,1
5b173c7a2bdf99a46ab24da2,cpu-rwm-sequential,4,965,5.985325565768837,1
5b173c7a2bdf99a46ab24da2,cpu-rwm-sequential,4,966,5.985325565768837,1
5b173c7a2bdf99a46ab24da2,cpu-rwm-sequential,4,967,5.985325565768837,1
5b173c7a2bdf99a46ab24da2,cpu-rwm-sequential,4,968,5.985325565768837,1
5b173c7a2bdf99a46ab24da2,cpu-rwm-sequential,4,969,5.985325565768837,1
5b173c7a2bdf99a46ab24da2,cpu-rwm-sequential,4,970,5.985325565768837,1
5b173c7a2bdf99a46ab24da2,cpu-rwm-sequential,4,971,5.985325565768837,1
5b173c7a2bdf99a46ab24da2,cpu-rwm-sequential,4,972,5.985325565768837,1
5b173c7a2bdf99a46ab24da2,cpu-rwm-sequential,4,973,4.9471168913061705,1
5b173c7a2bdf99a46ab24da2,cpu-rwm-sequential,4,974,4.9471168913061705,1
5b173c7a2bdf99a46ab24da2,cpu-rwm-sequential,4,975,5.510959474648781,1
5b173c7a2bdf99a46ab24da2,cpu-rwm-sequential,4,976,5.510959474648781,1
5b173c7a2bdf99a46ab24da2,cpu-rwm-sequential,4,977,5.510959474648781,1
5b173c7a2bdf99a46ab24da2,cpu-rwm-sequential,4,978,5.846116812499701,1
5b173c7a2bdf99a46ab24da2,cpu-rwm-sequential,4,979,7.410580685292531,1
5b173c7a2bdf99a46ab24da2,cpu-rwm-sequential,4,980,7.410580685292531,1
5b173c7a2bdf99a46ab24da2,cpu-rwm-sequential,4,981,7.410580685292531,1
5b173c7a2bdf99a46ab24da2,cpu-rwm-sequential,4,982,7.410580685292531,1
5b173c7a2bdf99a46ab24da2,cpu-rwm-sequential,4,983,7.410580685292531,1
5b173c7a2bdf99a46ab24da2,cpu-rwm-sequential,4,984,6.399820325932976,1
5b173c7a2bdf99a46ab24da2,cpu-rwm-sequential,4,985,6.399820325932976,1
5b173c7a2bdf99a46ab24da2,cpu-rwm-sequential,4,986,6.399820325932976,1
5b173c7a2bdf99a46ab24da2,cpu-rwm-sequential,4,987,6.399820325932976,1
5b173c7a2bdf99a46ab24da2,cpu-rwm-sequential,4,988,5.974714219914836,1
5b173c7a2bdf99a46ab24da2,cpu-rwm-sequential,4,989,6.4609104478867625,1
5b173c7a2bdf99a46ab24da2,cpu-rwm-sequential,4,990,6.4609104478867625,1
5b173c7a2bdf99a46ab24da2,cpu-rwm-sequential,4,991,6.4609104478867625,1
5b173c7a2bdf99a46ab24da2,cpu-rwm-sequential,4,992,6.4609104478867625,1
5b173c7a2bdf99a46ab24da2,cpu-rwm-sequential,4,993,6.4609104478867625,1
5b173c7a2bdf99a46ab24da2,cpu-rwm-sequential,4,994,5.781343743449731,1
5b173c7a2bdf99a46ab24da2,cpu-rwm-sequential,4,995,5.781343743449731,1
5b173c7a2bdf99a46ab24da2,cpu-rwm-sequential,4,996,5.781343743449731,1
5b173c7a2bdf99a46ab24da2,cpu-rwm-sequential,4,997,5.164102291520419,1
5b173c7a2bdf99a46ab24da2,cpu-rwm-sequential,4,998,5.164102291520419,1
5b173c7a2bdf99a46ab24da2,cpu-rwm-sequential,4,999,5.164102291520419,1
5b173c7a2bdf99a46ab24da2,cpu-rwm-sequential,4,1000,5.164102291520419,1
5b173c7a2bdf99a46ab24da2,cpu-rwm-sequential,4,1001,5.164102291520419,1
5b173c7a2bdf99a46ab24da2,cpu-rwm-sequential,4,1002,5.164102291520419,1
5b173c7a2bdf99a46ab24da2,cpu-rwm-sequential,4,1003,5.164102291520419,1
5b173c7a2bdf99a46ab24da2,cpu-rwm-sequential,4,1004,5.164102291520419,1
5b173c7a2bdf99a46ab24da2,cpu-rwm-sequential,4,1005,5.164102291520419,1
5b173c7a2bdf99a46ab24da2,cpu-rwm-sequential,4,1006,5.164102291520419,1
5b173c7a2bdf99a46ab24da2,cpu-rwm-sequential,4,1007,5.164102291520419,1
5b173c7a2bdf99a46ab24da2,cpu-rwm-sequential,4,1008,5.586672115638439,1
5b173c7a2bdf99a46ab24da2,cpu-rwm-sequential,4,1009,5.586672115638439,1
5b173c7a2bdf99a46ab24da2,cpu-rwm-sequential,4,1010,5.586672115638439,1
5b173c7a2bdf99a46ab24da2,cpu-rwm-sequential,4,1011,5.586672115638439,1
5b173c7a2bdf99a46ab24da2,cpu-rwm-sequential,4,1012,5.586672115638439,1
5b173c7a2bdf99a46ab24da2,cpu-rwm-sequential,4,1013,5.586672115638439,1
5b173c7a2bdf99a46ab24da2,cpu-rwm-sequential,4,1014,5.586672115638439,1
5b173c7a2bdf99a46ab24da2,cpu-rwm-sequential,4,1015,5.586672115638439,1
5b173c7a2bdf99a46ab24da2,cpu-rwm-sequential,4,1016,5.736209727735305,1
5b173c7a2bdf99a46ab24da2,cpu-rwm-sequential,4,1017,5.736209727735305,1
5b173c7a2bdf99a46ab24da2,cpu-rwm-sequential,4,1018,5.736209727735305,1
5b173c7a2bdf99a46ab24da2,cpu-rwm-sequential,4,1019,5.736209727735305,1
5b173c7a2bdf99a46ab24da2,cpu-rwm-sequential,4,1020,5.736209727735305,1
5b173c7a2bdf99a46ab24da2,cpu-rwm-sequential,4,1021,5.736209727735305,1
5b173c7a2bdf99a46ab24da2,cpu-rwm-sequential,4,1022,5.736209727735305,1
5b173c7a2bdf99a46ab24da2,cpu-rwm-sequential,4,1023,5.25456529913918,1
5b173c7a2bdf99a46ab24da2,cpu-rwm-sequential,4,1024,5.25456529913918,1
d5a9cf6a9c76310134edcf28,cpu-nuts-spawn_chains,1,1,-4.675228685131181,0
d5a9cf6a9c76310134edcf28,cpu-nuts-spawn_chains,1,2,-4.34121581384087,0
d5a9cf6a9c76310134edcf28,cpu-nuts-spawn_chains,1,3,-5.553220876629572,0
d5a9cf6a9c76310134edcf28,cpu-nuts-spawn_chains,1,4,-4.822142065076766,0
d5a9cf6a9c76310134edcf28,cpu-nuts-spawn_chains,1,5,-4.525110320784567,0
d5a9cf6a9c76310134edcf28,cpu-nuts-spawn_chains,1,6,-3.4830878130741283,0
d5a9cf6a9c76310134edcf28,cpu-nuts-spawn_chains,1,7,-3.7969276748460628,0
d5a9cf6a9c76310134edcf28,cpu-nuts-spawn_chains,1,8,-6.2727424183462634,0
d5a9cf6a9c76310134edcf28,cpu-nuts-spawn_chains,1,9,-4.937420443427344,0
d5a9cf6a9c76310134edcf28,cpu-nuts-spawn_chains,1,10,-5.586368783766574,0
d5a9cf6a9c76310134edcf28,cpu-nuts-spawn_chains,1,11,-4.6312728859605965,0
d5a9cf6a9c76310134edcf28,cpu-nuts-spawn_chains,1,12,-4.897991068235763,0
d5a9cf6a9c76310134edcf28,cpu-nuts-spawn_chains,1,13,-5.184967817460913,0
d5a9cf6a9c76310134edcf28,cpu-nuts-spawn_chains,1,14,-6.023323623630963,0
d5a9cf6a9c76310134edcf28,cpu-nuts-spawn_chains,1,15,-5.348149889262508,0
d5a9cf6a9c76310134edcf28,cpu-nuts-spawn_chains,1,16,-4.7396687628026966,0
d5a9cf6a9c76310134edcf28,cpu-nuts-spawn_chains,1,17,-5.678206773326977,0
d5a9cf6a9c76310134edcf28,cpu-nuts-spawn_chains,1,18,-4.423317410397887,0
d5a9cf6a9c76310134edcf28,cpu-nuts-spawn_chains,1,19,-5.333979502094419,0
d5a9cf6a9c76310134edcf28,cpu-nuts-spawn_chains,1,20,-4.259292021768695,0
d5a9cf6a9c76310134edcf28,cpu-nuts-spawn_chains,1,21,-5.6457906451632605,0
d5a9cf6a9c76310134edcf28,cpu-nuts-spawn_chains,1,22,-4.373301010097928,0
d5a9cf6a9c76310134edcf28,cpu-nuts-spawn_chains,1,23,-5.916204246543208,0
d5a9cf6a9c76310134edcf28,cpu-nuts-spawn_chains,1,24,-5.285379045970274,0
d5a9cf6a9c76310134edcf28,cpu-nuts-spawn_chains,1,25,-4.5967802282532855,0
d5a9cf6a9c76310134edcf28,cpu-nuts-spawn_chains,1,26,-3.0111500408863794,0
d5a9cf6a9c76310134edcf28,cpu-nuts-spawn_chains,1,27,-4.8232084895133465,0
d5a9cf6a9c76310134edcf28,cpu-nuts-spawn_chains,1,28,-5.03845170393062,0
d5a9cf6a9c76310134edcf28,cpu-nuts-spawn_chains,1,29,-4.737423781712785,0
d5a9cf6a9c76310134edcf28,cpu-nuts-spawn_chains,1,30,-5.415238632656341,0
d5a9cf6a9c76310134edcf28,cpu-nuts-spawn_chains,1,31,-5.103743509458578,0
d5a9cf6a9c76310134edcf28,cpu-nuts-spawn_chains,1,32,-4.579321217598903,0
d5a9cf6a9c76310134edcf28,cpu-nuts-spawn_chains,1,33,-5.885437715923091,0
d5a9cf6a9c76310134edcf28,cpu-nuts-spawn_chains,1,34,-3.984234360487506,0
d5a9cf6a9c76310134edcf28,cpu-nuts-spawn_chains,1,35,-3.9841778123077787,0
d5a9cf6a9c76310134edcf28,cpu-nuts-spawn_chains,1,36,-3.455904546093219,0
d5a9cf6a9c76310134edcf28,cpu-nuts-spawn_chains,1,37,-5.2026191772030534,0
d5a9cf6a9c76310134edcf28,cpu-nuts-spawn_chains,1,38,-4.754050916097538,0
d5a9cf6a9c76310134edcf28,cpu-nuts-spawn_chains,1,39,-3.884999746100472,0
d5a9cf6a9c76310134edcf28,cpu-nuts-spawn_chains,1,40,-4.40376180495208,0
d5a9cf6a9c76310134edcf28,cpu-nuts-spawn_chains,1,41,-5.419469634502108,0
d5a9cf6a9c76310134edcf28,cpu-nuts-spawn_chains,1,42,-4.690556221930461,0
d5a9cf6a9c76310134edcf28,cpu-nuts-spawn_chains,1,43,-4.594417255146688,0
d5a9cf6a9c76310134edcf28,cpu-nuts-spawn_chains,1,44,-4.282226621577101,0
d5a9cf6a9c76310134edcf28,cpu-nuts-spawn_chains,1,45,-4.833061383804765,0
d5a9cf6a9c76310134edcf28,cpu-nuts-spawn_chains,1,46,-6.624756336569203,0
d5a9cf6a9c76310134edcf28,cpu-nuts-spawn_chains,1,47,-5.567317506842305,0
d5a9cf6a9c76310134edcf28,cpu-nuts-spawn_chains,1,48,-4.243170399987571,0
d5a9cf6a9c76310134edcf28,cpu-nuts-spawn_chains,1,49,-5.610182289315514,0
d5a9cf6a9c76310134edcf28,cpu-nuts-spawn_chains,1,50,-3.773024082133587,0
d5a9cf6a9c76310134edcf28,cpu-nuts-spawn_chains,1,51,-5.827750549140867,0
d5a9cf6a9c76310134edcf28,cpu-nuts-spawn_chains,1,52,-7.344004330068587,0
d5a9cf6a9c76310134edcf28,cpu-nuts-spawn_chains,1,53,-4.150113755997224,0
d5a9cf6a9c76310134edcf28,cpu-nuts-spawn_chains,1,54,-5.885502127621799,0
d5a9cf6a9c76310134edcf28,cpu-nuts-spawn_chains,1,55,-4.390889515946863,0
d5a9cf6a9c76310134edcf28,cpu-nuts-spawn_chains,1,56,-4.608746890515156,0
d5a9cf6a9c76310134edcf28,cpu-nuts-spawn_chains,1,57,-5.663143834574379,0
d5a9cf6a9c76310134edcf28,cpu-nuts-spawn_chains,1,58,-5.4869302030146905,0
d5a9cf6a9c76310134edcf28,cpu-nuts-spawn_chains,1,59,-5.387269742467029,0
d5a9cf6a9c76310134edcf28,cpu-nuts-spawn_chains,1,60,-3.5120888692938,0
d5a9cf6a9c76310134edcf28,cpu-nuts-spawn_chains,1,61,-6.048502252802924,0
d5a9cf6a9c76310134edcf28,cpu-nuts-spawn_chains,1,62,-3.3928921508085494,0
d5a9cf6a9c76310134edcf28,cpu-nuts-spawn_chains,1,63,-6.421684073707569,0
d5a9cf6a9c76310134edcf28,cpu-nuts-spawn_chains,1,64,-3.2807686459453427,0
d5a9cf6a9c76310134edcf28,cpu-nuts-spawn_chains,1,65,-4.906759163212515,0
d5a9cf6a9c76310134edcf28,cpu-nuts-spawn_chains,1,66,-3.8852870265146855,0
d5a9cf6a9c76310134edcf28,cpu-nuts-spawn_chains,1,67,-4.963575438847969,0
d5a9cf6a9c76310134edcf28,cpu-nuts-spawn_chains,1,68,-5.07765805303997,0
d5a9cf6a9c76310134edcf28,cpu-nuts-spawn_chains,1,69,-4.640212699065477,0
d5a9cf6a9c76310134edcf28,cpu-nuts-spawn_chains,1,70,-5.4257630716442735,0
d5a9cf6a9c76310134edcf28,cpu-nuts-spawn_chains,1,71,-5.938186809771385,0
d5a9cf6a9c76310134edcf28,cpu-nuts-spawn_chains,1,72,-4.481712940060018,0
d5a9cf6a9c76310134edcf28,cpu-nuts-spawn_chains,1,73,-6.572338017398007,0
d5a9cf6a9c76310134edcf28,cpu-nuts-spawn_chains,1,74,-3.4890155571302204,0
d5a9cf6a9c76310134edcf28,cpu-nuts-spawn_chains,1,75,-2.609281631680091,0
d5a9cf6a9c76310134edcf28,cpu-nuts-spawn_chains,1,76,-3.959283849905904,0
d5a9cf6a9c76310134edcf28,cpu-nuts-spawn_chains,1,77,-4.54333907470889,0
d5a9cf6a9c76310134edcf28,cpu-nuts-spawn_chains,1,78,-5.712742581281838,0
d5a9cf6a9c76310134edcf28,cpu-nuts-spawn_chains,1,79,-5.250769429672338,0
d5a9cf6a9c76310134edcf28,cpu-nuts-spawn_chains,1,80,-5.714150405852141,0
d5a9cf6a9c76310134edcf28,cpu-nuts-spawn_chains,1,81,-4.91287669673242,0
d5a9cf6a9c76310134edcf28,cpu-nuts-spawn_chains,1,82,-2.9926223440188453,0
d5a9cf6a9c76310134edcf28,cpu-nuts-spawn_chains,1,83,-2.939928887369227,0
d5a9cf6a9c76310134edcf28,cpu-nuts-spawn_chains,1,84,-3.8266971480218492,0
d5a9cf6a9c76310134edcf28,cpu-nuts-spawn_chains,1,85,-6.241180157430443,0
d5a9cf6a9c76310134edcf28,cpu-nuts-spawn_chains,1,86,-3.574537158676883,0
d5a9cf6a9c76310134edcf28,cpu-nuts-spawn_chains,1,87,-6.627203469718383,0
d5a9cf6a9c76310134edcf28,cpu-nuts-spawn_chains,1,88,-4.400898646011624,0
d5a9cf6a9c76310134edcf28,cpu-nuts-spawn_chains,1,89,-5.083847627792887,0
d5a9cf6a9c76310134edcf28,cpu-nuts-spawn_chains,1,90,-4.63640513652831,0
d5a9cf6a9c76310134edcf28,cpu-nuts-spawn_chains,1,91,-4.3583328528663845,0
d5a9cf6a9c76310134edcf28,cpu-nuts-spawn_chains,1,92,-4.9487359503026065,0
d5a9cf6a9c76310134edcf28,cpu-nuts-spawn_chains,1,93,-5.257441377772486,0
d5a9cf6a9c76310134edcf28,cpu-nuts-spawn_chains,1,94,-6.072033060364311,0
d5a9cf6a9c76310134edcf28,cpu-nuts-spawn_chains,1,95,-4.901557292943514,0
d5a9cf6a9c76310134edcf28,cpu-nuts-spawn_chains,1,96,-5.622914812007046,0
d5a9cf6a9c76310134edcf28,cpu-nuts-spawn_chains,1,97,-4.0908980617503845,0
d5a9cf6a9c76310134edcf28,cpu-nuts-spawn_chains,1,98,-5.033329745329011,0
d5a9cf6a9c76310134edcf28,cpu-nuts-spawn_chains,1,99,-7.395496369859759,0
d5a9cf6a9c76310134edcf28,cpu-nuts-spawn_chains,1,100,-3.668556259646643,0
d5a9cf6a9c76310134edcf28,cpu-nuts-spawn_chains,1,101,-6.686857533648833,0
d5a9cf6a9c76310134edcf28,cpu-nuts-spawn_chains,1,102,-4.4562952493688295,0
d5a9cf6a9c76310134edcf28,cpu-nuts-spawn_chains,1,103,-5.616517840548852,0
d5a9cf6a9c76310134edcf28,cpu-nuts-spawn_chains,1,104,-4.696188401210605,0
d5a9cf6a9c76310134edcf28,cpu-nuts-spawn_chains,1,105,-5.650217669197096,0
d5a9cf6a9c76310134edcf28,cpu-nuts-spawn_chains,1,106,-4.33607960499796,0
d5a9cf6a9c76310134edcf28,cpu-nuts-spawn_chains,1,107,-5.4974838754136455,0
d5a9cf6a9c76310134edcf28,cpu-nuts-spawn_chains,1,108,-4.52307976474339,0
d5a9cf6a9c76310134edcf28,cpu-nuts-spawn_chains,1,109,-4.474449398724889,0
d5a9cf6a9c76310134edcf28,cpu-nuts-spawn_chains,1,110,-6.819324559536305,0
d5a9cf6a9c76310134edcf28,cpu-nuts-spawn_chains,1,111,-2.8337771928477036,0
d5a9cf6a9c76310134edcf28,cpu-nuts-spawn_chains,1,112,-7.011938832588598,0
d5a9cf6a9c76310134edcf28,cpu-nuts-spawn_chains,1,113,-1.8691125089268747,0
d5a9cf6a9c76310134edcf28,cpu-nuts-spawn_chains,1,114,-6.247927216814084,0
d5a9cf6a9c76310134edcf28,cpu-nuts-spawn_chains,1,115,-4.7538237937544014,0
d5a9cf6a9c76310134edcf28,cpu-nuts-spawn_chains,1,116,-5.211605669499191,0
d5a9cf6a9c76310134edcf28,cpu-nuts-spawn_chains,1,117,-4.385837119245048,0
d5a9cf6a9c76310134edcf28,cpu-nuts-spawn_chains,1,118,-6.704311092030719,0
d5a9cf6a9c76310134edcf28,cpu-nuts-spawn_chains,1,119,-3.486680998062835,0
d5a9cf6a9c76310134edcf28,cpu-nuts-spawn_chains,1,120,-3.191229566910417,0
d5a9cf6a9c76310134edcf28,cpu-nuts-spawn_chains,1,121,-6.606743303107217,0
d5a9cf6a9c76310134edcf28,cpu-nuts-spawn_chains,1,122,-2.609091316001134,0
d5a9cf6a9c76310134edcf28,cpu-nuts-spawn_chains,1,123,-3.3655444262927126,0
d5a9cf6a9c76310134edcf28,cpu-nuts-spawn_chains,1,124,-6.771394592883298,0
d5a9cf6a9c76310134edcf28,cpu-nuts-spawn_chains,1,125,-3.7691474056687646,0
d5a9cf6a9c76310134edcf28,cpu-nuts-spawn_chains,1,126,-4.743408851600292,0
d5a9cf6a9c76310134edcf28,cpu-nuts-spawn_chains,1,127,-3.9712102802902747,0
d5a9cf6a9c76310134edcf28,cpu-nuts-spawn_chains,1,128,-6.421759042245762,0
d5a9cf6a9c76310134edcf28,cpu-nuts-spawn_chains,1,129,-4.6094972645761665,0
d5a9cf6a9c76310134edcf28,cpu-nuts-spawn_chains,1,130,-5.268042205443628,0
d5a9cf6a9c76310134edcf28,cpu-nuts-spawn_chains,1,131,-4.460034402082748,0
d5a9cf6a9c76310134edcf28,cpu-nuts-spawn_chains,1,132,-5.548849835963116,0
d5a9cf6a9c76310134edcf28,cpu-nuts-spawn_chains,1,133,-4.6426801744706285,0
d5a9cf6a9c76310134edcf28,cpu-nuts-spawn_chains,1,134,-4.199690788573134,0
d5a9cf6a9c76310134edcf28,cpu-nuts-spawn_chains,1,135,-4.194533491747194,0
d5a9cf6a9c76310134edcf28,cpu-nuts-spawn_chains,1,136,-5.4588934926173005,0
d5a9cf6a9c76310134edcf28,cpu-nuts-spawn_chains,1,137,-3.746679055153769,0
d5a9cf6a9c76310134edcf28,cpu-nuts-spawn_chains,1,138,-4.739636018336772,0
d5a9cf6a9c76310134edcf28,cpu-nuts-spawn_chains,1,139,-5.296022251182291,0
d5a9cf6a9c76310134edcf28,cpu-nuts-spawn_chains,1,140,-5.335425605229361,0
d5a9cf6a9c76310134edcf28,cpu-nuts-spawn_chains,1,141,-5.516473425758594,0
d5a9cf6a9c76310134edcf28,cpu-nuts-spawn_chains,1,142,-6.09395530261777,0
d5a9cf6a9c76310134edcf28,cpu-nuts-spawn_chains,1,143,-3.822888666440304,0
d5a9cf6a9c76310134edcf28,cpu-nuts-spawn_chains,1,144,-4.240597965247403,0
d5a9cf6a9c76310134edcf28,cpu-nuts-spawn_chains,1,145,-5.827916840130113,0
d5a9cf6a9c76310134edcf28,cpu-nuts-spawn_chains,1,146,-4.8701367139177,0
d5a9cf6a9c76310134edcf28,cpu-nuts-spawn_chains,1,147,-3.970169328499023,0
d5a9cf6a9c76310134edcf28,cpu-nuts-spawn_chains,1,148,-6.144369139290252,0
d5a9cf6a9c76310134edcf28,cpu-nuts-spawn_chains,1,149,-2.7475401859739694,0
d5a9cf6a9c76310134edcf28,cpu-nuts-spawn_chains,1,150,-3.196318952614025,0
d5a9cf6a9c76310134edcf28,cpu-nuts-spawn_chains,1,151,-6.043530879682582,0
d5a9cf6a9c76310134edcf28,cpu-nuts-spawn_chains,1,152,-4.092760742327694,0
d5a9cf6a9c76310134edcf28,cpu-nuts-spawn_chains,1,153,-5.493085371753373,0
d5a9cf6a9c76310134edcf28,cpu-nuts-spawn_chains,1,154,-4.459428040523262,0
d5a9cf6a9c76310134edcf28,cpu-nuts-spawn_chains,1,155,-4.081288662704552,0
d5a9cf6a9c76310134edcf28,cpu-nuts-spawn_chains,1,156,-5.30045895408511,0
d5a9cf6a9c76310134edcf28,cpu-nuts-spawn_chains,1,157,-4.512245105851852,0
d5a9cf6a9c76310134edcf28,cpu-nuts-spawn_chains,1,158,-3.9131890973628987,0
d5a9cf6a9c76310134edcf28,cpu-nuts-spawn_chains,1,159,-4.264015158264377,0
d5a9cf6a9c76310134edcf28,cpu-nuts-spawn_chains,1,160,-4.315201951743776,0
d5a9cf6a9c76310134edcf28,cpu-nuts-spawn_chains,1,161,-4.869915835952014,0
d5a9cf6a9c76310134edcf28,cpu-nuts-spawn_chains,1,162,-4.859970198555314,0
d5a9cf6a9c76310134edcf28,cpu-nuts-spawn_chains,1,163,-5.280972987305219,0
d5a9cf6a9c76310134edcf28,cpu-nuts-spawn_chains,1,164,-6.167551502923971,0
d5a9cf6a9c76310134edcf28,cpu-nuts-spawn_chains,1,165,-4.6643595104325515,0
d5a9cf6a9c76310134edcf28,cpu-nuts-spawn_chains,1,166,-5.49006779481537,0
d5a9cf6a9c76310134edcf28,cpu-nuts-spawn_chains,1,167,-8.581236843298479,0
d5a9cf6a9c76310134edcf28,cpu-nuts-spawn_chains,1,168,-3.362223620900334,0
d5a9cf6a9c76310134edcf28,cpu-nuts-spawn_chains,1,169,-4.679567213219074,0
d5a9cf6a9c76310134edcf28,cpu-nuts-spawn_chains,1,170,-6.006665054158717,0
d5a9cf6a9c76310134edcf28,cpu-nuts-spawn_chains,1,171,-3.9276482338504977,0
d5a9cf6a9c76310134edcf28,cpu-nuts-spawn_chains,1,172,-6.657450785548466,0
d5a9cf6a9c76310134edcf28,cpu-nuts-spawn_chains,1,173,-5.541531775304384,0
d5a9cf6a9c76310134edcf28,cpu-nuts-spawn_chains,1,174,-4.152591272379892,0
d5a9cf6a9c76310134edcf28,cpu-nuts-spawn_chains,1,175,-5.096423921176351,0
d5a9cf6a9c76310134edcf28,cpu-nuts-spawn_chains,1,176,-4.864463122637542,0
d5a9cf6a9c76310134edcf28,cpu-nuts-spawn_chains,1,177,-6.418729074470582,0
d5a9cf6a9c76310134edcf28,cpu-nuts-spawn_chains,1,178,-4.476124043712182,0
d5a9cf6a9c76310134edcf28,cpu-nuts-spawn_chains,1,179,-4.73345322657001,0
d5a9cf6a9c76310134edcf28,cpu-nuts-spawn_chains,1,180,-4.73345322657001,0
d5a9cf6a9c76310134edcf28,cpu-nuts-spawn_chains,1,181,-4.78228734670893,0
d5a9cf6a9c76310134edcf28,cpu-nuts-spawn_chains,1,182,-3.8768222980398246,0
d5a9cf6a9c76310134edcf28,cpu-nuts-spawn_chains,1,183,-5.522126055390832,0
d5a9cf6a9c76310134edcf28,cpu-nuts-spawn_chains,1,184,-5.16028291161985,0
d5a9cf6a9c76310134edcf28,cpu-nuts-spawn_chains,1,185,-4.892208294354574,0
d5a9cf6a9c76310134edcf28,cpu-nuts-spawn_chains,1,186,-4.219542967713288,0
d5a9cf6a9c76310134edcf28,cpu-nuts-spawn_chains,1,187,-5.67426419474466,0
d5a9cf6a9c76310134edcf28,cpu-nuts-spawn_chains,1,188,-4.561194723302823,0
d5a9cf6a9c76310134edcf28,cpu-nuts-spawn_chains,1,189,-5.330947349234963,0
d5a9cf6a9c76310134edcf28,cpu-nuts-spawn_chains,1,190,-4.800197797068496,0
d5a9cf6a9c76310134edcf28,cpu-nuts-spawn_chains,1,191,-4.971241765710921,0
d5a9cf6a9c76310134edcf28,cpu-nuts-spawn_chains,1,192,-5.606030999614155,0
d5a9cf6a9c76310134edcf28,cpu-nuts-spawn_chains,1,193,-4.914011479470722,0
d5a9cf6a9c76310134edcf28,cpu-nuts-spawn_chains,1,194,-4.5840282992570724,0
d5a9cf6a9c76310134edcf28,cpu-nuts-spawn_chains,1,195,-5.535002924203967,0
d5a9cf6a9c76310134edcf28,cpu-nuts-spawn_chains,1,196,-5.0804225935727905,0
d5a9cf6a9c76310134edcf28,cpu-nuts-spawn_chains,1,197,-4.416177865565358,0
d5a9cf6a9c76310134edcf28,cpu-nuts-spawn_chains,1,198,-5.446767300417375,0
d5a9cf6a9c76310134edcf28,cpu-nuts-spawn_chains,1,199,-3.9625913911332895,0
d5a9cf6a9c76310134edcf28,cpu-nuts-spawn_chains,1,200,-6.245009804148062,0
d5a9cf6a9c76310134edcf28,cpu-nuts-spawn_chains,1,201,-3.9397043647915995,0
d5a9cf6a9c76310134edcf28,cpu-nuts-spawn_chains,1,202,-5.943471526043471,0
d5a9cf6a9c76310134edcf28,cpu-nuts-spawn_chains,1,203,-6.4867194686204295,0
d5a9cf6a9c76310134edcf28,cpu-nuts-spawn_chains,1,204,-4.311866791367522,0
d5a9cf6a9c76310134edcf28,cpu-nuts-spawn_chains,1,205,-5.514746644857268,0
d5a9cf6a9c76310134edcf28,cpu-nuts-spawn_chains,1,206,-6.366943248154991,0
d5a9cf6a9c76310134edcf28,cpu-nuts-spawn_chains,1,207,-4.4537385645559295,0
d5a9cf6a9c76310134edcf28,cpu-nuts-spawn_chains,1,208,-5.053457593573127,0
d5a9cf6a9c76310134edcf28,cpu-nuts-spawn_chains,1,209,-5.046296748290981,0
d5a9cf6a9c76310134edcf28,cpu-nuts-spawn_chains,1,210,-4.527942032215291,0
d5a9cf6a9c76310134edcf28,cpu-nuts-spawn_chains,1,211,-5.367457259689938,0
d5a9cf6a9c76310134edcf28,cpu-nuts-spawn_chains,1,212,-4.5548151398653705,0
d5a9cf6a9c76310134edcf28,cpu-nuts-spawn_chains,1,213,-4.192304101231353,0
d5a9cf6a9c76310134edcf28,cpu-nuts-spawn_chains,1,214,-3.8843121320991396,0
d5a9cf6a9c76310134edcf28,cpu-nuts-spawn_chains,1,215,-5.070825549982191,0
d5a9cf6a9c76310134edcf28,cpu-nuts-spawn_chains,1,216,-5.95681073741561,0
d5a9cf6a9c76310134edcf28,cpu-nuts-spawn_chains,1,217,-5.763126486913943,0
d5a9cf6a9c76310134edcf28,cpu-nuts-spawn_chains,1,218,-5.804183596565337,0
d5a9cf6a9c76310134edcf28,cpu-nuts-spawn_chains,1,219,-6.959409642819897,0
d5a9cf6a9c76310134edcf28,cpu-nuts-spawn_chains,1,220,-3.7800014991784643,0
d5a9cf6a9c76310134edcf28,cpu-nuts-spawn_chains,1,221,-4.011583118401169,0
d5a9cf6a9c76310134edcf28,cpu-nuts-spawn_chains,1,222,-6.176837282521091,0
d5a9cf6a9c76310134edcf28,cpu-nuts-spawn_chains,1,223,-4.5375265890570535,0
d5a9cf6a9c76310134edcf28,cpu-nuts-spawn_chains,1,224,-4.970310847451357,0
d5a9cf6a9c76310134edcf28,cpu-nuts-spawn_chains,1,225,-5.646756452052966,0
d5a9cf6a9c76310134edcf28,cpu-nuts-spawn_chains,1,226,-4.204682492566116,0
d5a9cf6a9c76310134edcf28,cpu-nuts-spawn_chains,1,227,-4.838602137462428,0
d5a9cf6a9c76310134edcf28,cpu-nuts-spawn_chains,1,228,-4.628849800647804,0
d5a9cf6a9c76310134edcf28,cpu-nuts-spawn_chains,1,229,-5.042881980767864,0
d5a9cf6a9c76310134edcf28,cpu-nuts-spawn_chains,1,230,-4.155774660904307,0
d5a9cf6a9c76310134edcf28,cpu-nuts-spawn_chains,1,231,-5.625590256462369,0
d5a9cf6a9c76310134edcf28,cpu-nuts-spawn_chains,1,232,-4.480837478866118,0
d5a9cf6a9c76310134edcf28,cpu-nuts-spawn_chains,1,233,-6.282829820371501,0
d5a9cf6a9c76310134edcf28,cpu-nuts-spawn_chains,1,234,-4.3138448737857855,0
d5a9cf6a9c76310134edcf28,cpu-nuts-spawn_chains,1,235,-2.18199635511162,0
d5a9cf6a9c76310134edcf28,cpu-nuts-spawn_chains,1,236,-6.523107164251385,0
d5a9cf6a9c76310134edcf28,cpu-nuts-spawn_chains,1,237,-3.3321326719756135,0
d5a9cf6a9c76310134edcf28,cpu-nuts-spawn_chains,1,238,-5.642550667469854,0
d5a9cf6a9c76310134edcf28,cpu-nuts-spawn_chains,1,239,-4.296947856256503,0
d5a9cf6a9c76310134edcf28,cpu-nuts-spawn_chains,1,240,-3.6971377523968076,0
d5a9cf6a9c76310134edcf28,cpu-nuts-spawn_chains,1,241,-6.238622016914327,0
d5a9cf6a9c76310134edcf28,cpu-nuts-spawn_chains,1,242,-3.792818024799044,0
d5a9cf6a9c76310134edcf28,cpu-nuts-spawn_chains,1,243,-3.751744024308178,0
d5a9cf6a9c76310134edcf28,cpu-nuts-spawn_chains,1,244,-5.343901117378183,0
d5a9cf6a9c76310134edcf28,cpu-nuts-spawn_chains,1,245,-6.134171990056196,0
d5a9cf6a9c76310134edcf28,cpu-nuts-spawn_chains,1,246,-6.93556394755559,0
d5a9cf6a9c76310134edcf28,cpu-nuts-spawn_chains,1,247,-4.291377776472179,0
d5a9cf6a9c76310134edcf28,cpu-nuts-spawn_chains,1,248,-5.6642108742487345,0
d5a9cf6a9c76310134edcf28,cpu-nuts-spawn_chains,1,249,-3.795409679856802,0
d5a9cf6a9c76310134edcf28,cpu-nuts-spawn_chains,1,250,-6.285922776131839,0
d5a9cf6a9c76310134edcf28,cpu-nuts-spawn_chains,1,251,-1.943899414942419,0
d5a9cf6a9c76310134edcf28,cpu-nuts-spawn_chains,1,252,-6.839903895024268,0
d5a9cf6a9c76310134edcf28,cpu-nuts-spawn_chains,1,253,-3.458130035342189,0
d5a9cf6a9c76310134edcf28,cpu-nuts-spawn_chains,1,254,-6.842054940830201,0
d5a9cf6a9c76310134edcf28,cpu-nuts-spawn_chains,1,255,-3.544481399866134,0
d5a9cf6a9c76310134edcf28,cpu-nuts-spawn_chains,1,256,-6.074210236320742,0
d5a9cf6a9c76310134edcf28,cpu-nuts-spawn_chains,1,257,-2.2681816059939304,0
d5a9cf6a9c76310134edcf28,cpu-nuts-spawn_chains,1,258,-2.7890085497772557,0
d5a9cf6a9c76310134edcf28,cpu-nuts-spawn_chains,1,259,-6.988123472455961,0
d5a9cf6a9c76310134edcf28,cpu-nuts-spawn_chains,1,260,-2.7750442434503495,0
d5a9cf6a9c76310134edcf28,cpu-nuts-spawn_chains,1,261,-3.2541827677307626,0
d5a9cf6a9c76310134edcf28,cpu-nuts-spawn_chains,1,262,-6.398796040364321,0
d5a9cf6a9c76310134edcf28,cpu-nuts-spawn_chains,1,263,-3.4875780355347326,0
d5a9cf6a9c76310134edcf28,cpu-nuts-spawn_chains,1,264,-3.5250715389144234,0
d5a9cf6a9c76310134edcf28,cpu-nuts-spawn_chains,1,265,-5.558955531419791,0
d5a9cf6a9c76310134edcf28,cpu-nuts-spawn_chains,1,266,-4.996316599621465,0
d5a9cf6a9c76310134edcf28,cpu-nuts-spawn_chains,1,267,-4.577643792793574,0
d5a9cf6a9c76310134edcf28,cpu-nuts-spawn_chains,1,268,-5.487308465524265,0
d5a9cf6a9c76310134edcf28,cpu-nuts-spawn_chains,1,269,-4.365191181768525,0
d5a9cf6a9c76310134edcf28,cpu-nuts-spawn_chains,1,270,-5.034815240215462,0
d5a9cf6a9c76310134edcf28,cpu-nuts-spawn_chains,1,271,-6.338161376987956,0
d5a9cf6a9c76310134edcf28,cpu-nuts-spawn_chains,1,272,-3.744595558032132,0
d5a9cf6a9c76310134edcf28,cpu-nuts-spawn_chains,1,273,-6.130285366583401,0
d5a9cf6a9c76310134edcf28,cpu-nuts-spawn_chains,1,274,-4.805393051464217,0
d5a9cf6a9c76310134edcf28,cpu-nuts-spawn_chains,1,275,-5.2615122829473355,0
d5a9cf6a9c76310134edcf28,cpu-nuts-spawn_chains,1,276,-6.019294674354591,0
d5a9cf6a9c76310134edcf28,cpu-nuts-spawn_chains,1,277,-3.895324556918031,0
d5a9cf6a9c76310134edcf28,cpu-nuts-spawn_chains,1,278,-5.357622005000636,0
d5a9cf6a9c76310134edcf28,cpu-nuts-spawn_chains,1,279,-5.066092510882059,0
d5a9cf6a9c76310134edcf28,cpu-nuts-spawn_chains,1,280,-3.8660491163355646,0
d5a9cf6a9c76310134edcf28,cpu-nuts-spawn_chains,1,281,-6.05651820258778,0
d5a9cf6a9c76310134edcf28,cpu-nuts-spawn_chains,1,282,-4.505642070034106,0
d5a9cf6a9c76310134edcf28,cpu-nuts-spawn_chains,1,283,-4.908334937061432,0
d5a9cf6a9c76310134edcf28,cpu-nuts-spawn_chains,1,284,-5.2508813349475725,0
d5a9cf6a9c76310134edcf28,cpu-nuts-spawn_chains,1,285,-3.608145563436472,0
d5a9cf6a9c76310134edcf28,cpu-nuts-spawn_chains,1,286,-4.0960713628355085,0
d5a9cf6a9c76310134edcf28,cpu-nuts-spawn_chains,1,287,-5.874941176919659,0
d5a9cf6a9c76310134edcf28,cpu-nuts-spawn_chains,1,288,-4.497098079611193,0
d5a9cf6a9c76310134edcf28,cpu-nuts-spawn_chains,1,289,-5.067072147031772,0
d5a9cf6a9c76310134edcf28,cpu-nuts-spawn_chains,1,290,-5.009280445560888,0
d5a9cf6a9c76310134edcf28,cpu-nuts-spawn_chains,1,291,-3.868136583574988,0
d5a9cf6a9c76310134edcf28,cpu-nuts-spawn_chains,1,292,-6.234022235046558,0
d5a9cf6a9c76310134edcf28,cpu-nuts-spawn_chains,1,293,-7.131621869603372,0
d5a9cf6a9c76310134edcf28,cpu-nuts-spawn_chains,1,294,-4.1626686403615,0
d5a9cf6a9c76310134edcf28,cpu-nuts-spawn_chains,1,295,-6.011731420861095,0
d5a9cf6a9c76310134edcf28,cpu-nuts-spawn_chains,1,296,-5.961854509493889,0
d5a9cf6a9c76310134edcf28,cpu-nuts-spawn_chains,1,297,-5.780934734837527,0
d5a9cf6a9c76310134edcf28,cpu-nuts-spawn_chains,1,298,-4.226596589843615,0
d5a9cf6a9c76310134edcf28,cpu-nuts-spawn_chains,1,299,-4.37122082351908,0
d5a9cf6a9c76310134edcf28,cpu-nuts-spawn_chains,1,300,-5.918152356713052,0
d5a9cf6a9c76310134edcf28,cpu-nuts-spawn_chains,1,301,-5.07550709868514,0
d5a9cf6a9c76310134edcf28,cpu-nuts-spawn_chains,1,302,-4.932337313090231,0
d5a9cf6a9c76310134edcf28,cpu-nuts-spawn_chains,1,303,-4.809531531841581,0
d5a9cf6a9c76310134edcf28,cpu-nuts-spawn_chains,1,304,-5.381074935232672,0
d5a9cf6a9c76310134edcf28,cpu-nuts-spawn_chains,1,305,-5.309085867037661,0
d5a9cf6a9c76310134edcf28,cpu-nuts-spawn_chains,1,306,-4.309373530185032,0
d5a9cf6a9c76310134edcf28,cpu-nuts-spawn_chains,1,307,-4.000474788120411,0
d5a9cf6a9c76310134edcf28,cpu-nuts-spawn_chains,1,308,-6.0971447623896315,0
d5a9cf6a9c76310134edcf28,cpu-nuts-spawn_chains,1,309,-6.780804581105375,0
d5a9cf6a9c76310134edcf28,cpu-nuts-spawn_chains,1,310,-5.218261091889808,0
d5a9cf6a9c76310134edcf28,cpu-nuts-spawn_chains,1,311,-5.035207525198261,0
d5a9cf6a9c76310134edcf28,cpu-nuts-spawn_chains,1,312,-6.076598049494221,0
d5a9cf6a9c76310134edcf28,cpu-nuts-spawn_chains,1,313,-4.169088076441821,0
d5a9cf6a9c76310134edcf28,cpu-nuts-spawn_chains,1,314,-5.68973856168985,0
d5a9cf6a9c76310134edcf28,cpu-nuts-spawn_chains,1,315,-4.377750763685694,0
d5a9cf6a9c76310134edcf28,cpu-nuts-spawn_chains,1,316,-4.552090724991438,0
d5a9cf6a9c76310134edcf28,cpu-nuts-spawn_chains,1,317,-4.551079337908203,0
d5a9cf6a9c76310134edcf28,cpu-nuts-spawn_chains,1,318,-5.969743180721523,0
d5a9cf6a9c76310134edcf28,cpu-nuts-spawn_chains,1,319,-5.0080808205749126,0
d5a9cf6a9c76310134edcf28,cpu-nuts-spawn_chains,1,320,-5.05210919678001,0
d5a9cf6a9c76310134edcf28,cpu-nuts-spawn_chains,1,321,-4.537419151976744,0
d5a9cf6a9c76310134edcf28,cpu-nuts-spawn_chains,1,322,-5.9227164013649976,0
d5a9cf6a9c76310134edcf28,cpu-nuts-spawn_chains,1,323,-4.11190370249144,0
d5a9cf6a9c76310134edcf28,cpu-nuts-spawn_chains,1,324,-5.416337457580645,0
d5a9cf6a9c76310134edcf28,cpu-nuts-spawn_chains,1,325,-6.1619523046147995,0
d5a9cf6a9c76310134edcf28,cpu-nuts-spawn_chains,1,326,-4.776947290225134,0
d5a9cf6a9c76310134edcf28,cpu-nuts-spawn_chains,1,327,-4.4878264758274575,0
d5a9cf6a9c76310134edcf28,cpu-nuts-spawn_chains,1,328,-5.635743892982115,0
d5a9cf6a9c76310134edcf28,cpu-nuts-spawn_chains,1,329,-4.042183345210789,0
d5a9cf6a9c76310134edcf28,cpu-nuts-spawn_chains,1,330,-6.209172776657509,0
d5a9cf6a9c76310134edcf28,cpu-nuts-spawn_chains,1,331,-5.298210806510545,0
d5a9cf6a9c76310134edcf28,cpu-nuts-spawn_chains,1,332,-4.566120770528643,0
d5a9cf6a9c76310134edcf28,cpu-nuts-spawn_chains,1,333,-5.528288698519585,0
d5a9cf6a9c76310134edcf28,cpu-nuts-spawn_chains,1,334,-5.176989657246118,0
d5a9cf6a9c76310134edcf28,cpu-nuts-spawn_chains,1,335,-5.169768691400295,0
d5a9cf6a9c76310134edcf28,cpu-nuts-spawn_chains,1,336,-4.76406882836725,0
d5a9cf6a9c76310134edcf28,cpu-nuts-spawn_chains,1,337,-4.189775354831561,0
d5a9cf6a9c76310134edcf28,cpu-nuts-spawn_chains,1,338,-4.055864846902092,0
d5a9cf6a9c76310134edcf28,cpu-nuts-spawn_chains,1,339,-4.9966544259292,0
d5a9cf6a9c76310134edcf28,cpu-nuts-spawn_chains,1,340,-5.811284437686892,0
d5a9cf6a9c76310134edcf28,cpu-nuts-spawn_chains,1,341,-5.414958484104852,0
d5a9cf6a9c76310134edcf28,cpu-nuts-spawn_chains,1,342,-5.223831130491439,0
d5a9cf6a9c76310134edcf28,cpu-nuts-spawn_chains,1,343,-5.563393912284509,0
d5a9cf6a9c76310134edcf28,cpu-nuts-spawn_chains,1,344,-2.875314055590332,0
d5a9cf6a9c76310134edcf28,cpu-nuts-spawn_chains,1,345,-4.705363037233768,0
d5a9cf6a9c76310134edcf28,cpu-nuts-spawn_chains,1,346,-5.318099101394719,0
d5a9cf6a9c76310134edcf28,cpu-nuts-spawn_chains,1,347,-4.473544027363992,0
d5a9cf6a9c76310134edcf28,cpu-nuts-spawn_chains,1,348,-4.372844211369292,0
d5a9cf6a9c76310134edcf28,cpu-nuts-spawn_chains,1,349,-6.796242898055679,0
d5a9cf6a9c76310134edcf28,cpu-nuts-spawn_chains,1,350,-5.571136169737613,0
d5a9cf6a9c76310134edcf28,cpu-nuts-spawn_chains,1,351,-5.301531585739393,0
d5a9cf6a9c76310134edcf28,cpu-nuts-spawn_chains,1,352,-4.8344881468759615,0
d5a9cf6a9c76310134edcf28,cpu-nuts-spawn_chains,1,353,-4.15990145668517,0
d5a9cf6a9c76310134edcf28,cpu-nuts-spawn_chains,1,354,-6.3128368045451495,0
d5a9cf6a9c76310134edcf28,cpu-nuts-spawn_chains,1,355,-5.023320777779673,0
d5a9cf6a9c76310134edcf28,cpu-nuts-spawn_chains,1,356,-4.491136573926063,0
d5a9cf6a9c76310134edcf28,cpu-nuts-spawn_chains,1,357,-3.6133330907057024,0
d5a9cf6a9c76310134edcf28,cpu-nuts-spawn_chains,1,358,-5.131977219698693,0
d5a9cf6a9c76310134edcf28,cpu-nuts-spawn_chains,1,359,-4.099114123071578,0
d5a9cf6a9c76310134edcf28,cpu-nuts-spawn_chains,1,360,-6.0107404723890765,0
d5a9cf6a9c76310134edcf28,cpu-nuts-spawn_chains,1,361,-5.3121049005566405,0
d5a9cf6a9c76310134edcf28,cpu-nuts-spawn_chains,1,362,-4.2475509258242194,0
d5a9cf6a9c76310134edcf28,cpu-nuts-spawn_chains,1,363,-4.465189358687538,0
d5a9cf6a9c76310134edcf28,cpu-nuts-spawn_chains,1,364,-5.392096828434267,0
d5a9cf6a9c76310134edcf28,cpu-nuts-spawn_chains,1,365,-4.471891834125261,0
d5a9cf6a9c76310134edcf28,cpu-nuts-spawn_chains,1,366,-5.749078493433597,0
d5a9cf6a9c76310134edcf28,cpu-nuts-spawn_chains,1,367,-2.84058872824234,0
d5a9cf6a9c76310134edcf28,cpu-nuts-spawn_chains,1,368,-3.6052216799037664,0
d5a9cf6a9c76310134edcf28,cpu-nuts-spawn_chains,1,369,-5.571509902194079,0
d5a9cf6a9c76310134edcf28,cpu-nuts-spawn_chains,1,370,-6.1418519968384855,0
d5a9cf6a9c76310134edcf28,cpu-nuts-spawn_chains,1,371,-4.1225839688210275,0
d5a9cf6a9c76310134edcf28,cpu-nuts-spawn_chains,1,372,-4.523205390863088,0
d5a9cf6a9c76310134edcf28,cpu-nuts-spawn_chains,1,373,-4.226748296072067,0
d5a9cf6a9c76310134edcf28,cpu-nuts-spawn_chains,1,374,-6.7757054759021,0
d5a9cf6a9c76310134edcf28,cpu-nuts-spawn_chains,1,375,-3.963445950159372,0
d5a9cf6a9c76310134edcf28,cpu-nuts-spawn_chains,1,376,-5.95028697371561,0
d5a9cf6a9c76310134edcf28,cpu-nuts-spawn_chains,1,377,-3.956888475517993,0
d5a9cf6a9c76310134edcf28,cpu-nuts-spawn_chains,1,378,-4.139121746523251,0
d5a9cf6a9c76310134edcf28,cpu-nuts-spawn_chains,1,379,-3.453069885494592,0
d5a9cf6a9c76310134edcf28,cpu-nuts-spawn_chains,1,380,-4.181272109098422,0
d5a9cf6a9c76310134edcf28,cpu-nuts-spawn_chains,1,381,-5.9486325076837545,0
d5a9cf6a9c76310134edcf28,cpu-nuts-spawn_chains,1,382,-4.994326684350427,0
d5a9cf6a9c76310134edcf28,cpu-nuts-spawn_chains,1,383,-5.3917562684559766,0
d5a9cf6a9c76310134edcf28,cpu-nuts-spawn_chains,1,384,-4.859112847063752,0
d5a9cf6a9c76310134edcf28,cpu-nuts-spawn_chains,1,385,-5.636220260907173,0
d5a9cf6a9c76310134edcf28,cpu-nuts-spawn_chains,1,386,-4.184299452909336,0
d5a9cf6a9c76310134edcf28,cpu-nuts-spawn_chains,1,387,-5.380640328009838,0
d5a9cf6a9c76310134edcf28,cpu-nuts-spawn_chains,1,388,-6.6960555075979045,0
d5a9cf6a9c76310134edcf28,cpu-nuts-spawn_chains,1,389,-3.88315933903408,0
d5a9cf6a9c76310134edcf28,cpu-nuts-spawn_chains,1,390,-5.6989258518359565,0
d5a9cf6a9c76310134edcf28,cpu-nuts-spawn_chains,1,391,-4.10101908871526,0
d5a9cf6a9c76310134edcf28,cpu-nuts-spawn_chains,1,392,-5.78523959393469,0
d5a9cf6a9c76310134edcf28,cpu-nuts-spawn_chains,1,393,-4.1123782447928905,0
d5a9cf6a9c76310134edcf28,cpu-nuts-spawn_chains,1,394,-5.2546392409023674,0
d5a9cf6a9c76310134edcf28,cpu-nuts-spawn_chains,1,395,-4.689519570472513,0
d5a9cf6a9c76310134edcf28,cpu-nuts-spawn_chains,1,396,-5.061880945948421,0
d5a9cf6a9c76310134edcf28,cpu-nuts-spawn_chains,1,397,-5.3207910744433775,0
d5a9cf6a9c76310134edcf28,cpu-nuts-spawn_chains,1,398,-5.469365776016888,0
d5a9cf6a9c76310134edcf28,cpu-nuts-spawn_chains,1,399,-5.787472694956157,0
d5a9cf6a9c76310134edcf28,cpu-nuts-spawn_chains,1,400,-5.259316088523249,0
d5a9cf6a9c76310134edcf28,cpu-nuts-spawn_chains,1,401,-5.217732761980632,0
d5a9cf6a9c76310134edcf28,cpu-nuts-spawn_chains,1,402,-5.8814388321735525,0
d5a9cf6a9c76310134edcf28,cpu-nuts-spawn_chains,1,403,-3.9663679721067306,0
d5a9cf6a9c76310134edcf28,cpu-nuts-spawn_chains,1,404,-6.689839569946032,0
d5a9cf6a9c76310134edcf28,cpu-nuts-spawn_chains,1,405,-3.5420368938275515,0
d5a9cf6a9c76310134edcf28,cpu-nuts-spawn_chains,1,406,-5.324451533500921,0
d5a9cf6a9c76310134edcf28,cpu-nuts-spawn_chains,1,407,-4.441071699297388,0
d5a9cf6a9c76310134edcf28,cpu-nuts-spawn_chains,1,408,-4.429859976294466,0
d5a9cf6a9c76310134edcf28,cpu-nuts-spawn_chains,1,409,-5.452157038140165,0
d5a9cf6a9c76310134edcf28,cpu-nuts-spawn_chains,1,410,-5.594629387386396,0
d5a9cf6a9c76310134edcf28,cpu-nuts-spawn_chains,1,411,-5.662690090525384,0
d5a9cf6a9c76310134edcf28,cpu-nuts-spawn_chains,1,412,-7.043610965499296,0
d5a9cf6a9c76310134edcf28,cpu-nuts-spawn_chains,1,413,-5.4318127685848445,0
d5a9cf6a9c76310134edcf28,cpu-nuts-spawn_chains,1,414,-6.331077632300557,0
d5a9cf6a9c76310134edcf28,cpu-nuts-spawn_chains,1,415,-4.757550726345189,0
d5a9cf6a9c76310134edcf28,cpu-nuts-spawn_chains,1,416,-5.671804466933963,0
d5a9cf6a9c76310134edcf28,cpu-nuts-spawn_chains,1,417,-5.742333002768593,0
d5a9cf6a9c76310134edcf28,cpu-nuts-spawn_chains,1,418,-5.394627605176655,0
d5a9cf6a9c76310134edcf28,cpu-nuts-spawn_chains,1,419,-4.831348068692007,0
d5a9cf6a9c76310134edcf28,cpu-nuts-spawn_chains,1,420,-4.158765366739091,0
d5a9cf6a9c76310134edcf28,cpu-nuts-spawn_chains,1,421,-6.400191099145039,0
d5a9cf6a9c76310134edcf28,cpu-nuts-spawn_chains,1,422,-3.58806098148536,0
d5a9cf6a9c76310134edcf28,cpu-nuts-spawn_chains,1,423,-5.447906070411704,0
d5a9cf6a9c76310134edcf28,cpu-nuts-spawn_chains,1,424,-5.3411835150200035,0
d5a9cf6a9c76310134edcf28,cpu-nuts-spawn_chains,1,425,-5.592408247005373,0
d5a9cf6a9c76310134edcf28,cpu-nuts-spawn_chains,1,426,-3.26198023422623,0
d5a9cf6a9c76310134edcf28,cpu-nuts-spawn_chains,1,427,-5.554740252877187,0
d5a9cf6a9c76310134edcf28,cpu-nuts-spawn_chains,1,428,-4.888355805012277,0
d5a9cf6a9c76310134edcf28,cpu-nuts-spawn_chains,1,429,-6.260252623657723,0
d5a9cf6a9c76310134edcf28,cpu-nuts-spawn_chains,1,430,-4.276652082570527,0
d5a9cf6a9c76310134edcf28,cpu-nuts-spawn_chains,1,431,-5.009160532349251,0
d5a9cf6a9c76310134edcf28,cpu-nuts-spawn_chains,1,432,-6.1531558000249795,0
d5a9cf6a9c76310134edcf28,cpu-nuts-spawn_chains,1,433,-4.900359382710085,0
d5a9cf6a9c76310134edcf28,cpu-nuts-spawn_chains,1,434,-4.513497623988337,0
d5a9cf6a9c76310134edcf28,cpu-nuts-spawn_chains,1,435,-4.78581832194005,0
d5a9cf6a9c76310134edcf28,cpu-nuts-spawn_chains,1,436,-5.148566140560312,0
d5a9cf6a9c76310134edcf28,cpu-nuts-spawn_chains,1,437,-4.925134344124264,0
d5a9cf6a9c76310134edcf28,cpu-nuts-spawn_chains,1,438,-5.366889802225906,0
d5a9cf6a9c76310134edcf28,cpu-nuts-spawn_chains,1,439,-4.9792453511968855,0
d5a9cf6a9c76310134edcf28,cpu-nuts-spawn_chains,1,440,-4.290084689822565,0
d5a9cf6a9c76310134edcf28,cpu-nuts-spawn_chains,1,441,-4.069181939152119,0
d5a9cf6a9c76310134edcf28,cpu-nuts-spawn_chains,1,442,-5.495971101941739,0
d5a9cf6a9c76310134edcf28,cpu-nuts-spawn_chains,1,443,-6.236610503478175,0
d5a9cf6a9c76310134edcf28,cpu-nuts-spawn_chains,1,444,-3.5100318673796163,0
d5a9cf6a9c76310134edcf28,cpu-nuts-spawn_chains,1,445,-5.659034900737353,0
d5a9cf6a9c76310134edcf28,cpu-nuts-spawn_chains,1,446,-5.255373827568183,0
d5a9cf6a9c76310134edcf28,cpu-nuts-spawn_chains,1,447,-4.369204547602999,0
d5a9cf6a9c76310134edcf28,cpu-nuts-spawn_chains,1,448,-5.91736030890504,0
d5a9cf6a9c76310134edcf28,cpu-nuts-spawn_chains,1,449,-6.122936972256423,0
d5a9cf6a9c76310134edcf28,cpu-nuts-spawn_chains,1,450,-4.393660106126797,0
d5a9cf6a9c76310134edcf28,cpu-nuts-spawn_chains,1,451,-6.235860248769196,0
d5a9cf6a9c76310134edcf28,cpu-nuts-spawn_chains,1,452,-6.70051925130437,0
d5a9cf6a9c76310134edcf28,cpu-nuts-spawn_chains,1,453,-3.222871987489898,0
d5a9cf6a9c76310134edcf28,cpu-nuts-spawn_chains,1,454,-5.462267257964664,0
d5a9cf6a9c76310134edcf28,cpu-nuts-spawn_chains,1,455,-7.290915476138344,0
d5a9cf6a9c76310134edcf28,cpu-nuts-spawn_chains,1,456,-3.2791970308859506,0
d5a9cf6a9c76310134edcf28,cpu-nuts-spawn_chains,1,457,-5.908955282105986,0
d5a9cf6a9c76310134edcf28,cpu-nuts-spawn_chains,1,458,-4.536853248353604,0
d5a9cf6a9c76310134edcf28,cpu-nuts-spawn_chains,1,459,-4.9646414635019,0
d5a9cf6a9c76310134edcf28,cpu-nuts-spawn_chains,1,460,-4.752446872686487,0
d5a9cf6a9c76310134edcf28,cpu-nuts-spawn_chains,1,461,-4.83201736804166,0
d5a9cf6a9c76310134edcf28,cpu-nuts-spawn_chains,1,462,-5.373555823620397,0
d5a9cf6a9c76310134edcf28,cpu-nuts-spawn_chains,1,463,-5.528257330101205,0
d5a9cf6a9c76310134edcf28,cpu-nuts-spawn_chains,1,464,-3.888168383522403,0
d5a9cf6a9c76310134edcf28,cpu-nuts-spawn_chains,1,465,-5.8155178803109555,0
d5a9cf6a9c76310134edcf28,cpu-nuts-spawn_chains,1,466,-5.542442680208966,0
d5a9cf6a9c76310134edcf28,cpu-nuts-spawn_chains,1,467,-4.742821244763244,0
d5a9cf6a9c76310134edcf28,cpu-nuts-spawn_chains,1,468,-6.2998099301144,0
d5a9cf6a9c76310134edcf28,cpu-nuts-spawn_chains,1,469,-3.7590261595351477,0
d5a9cf6a9c76310134edcf28,cpu-nuts-spawn_chains,1,470,-6.331496017790755,0
d5a9cf6a9c76310134edcf28,cpu-nuts-spawn_chains,1,471,-4.828934844526785,0
d5a9cf6a9c76310134edcf28,cpu-nuts-spawn_chains,1,472,-4.820272236237256,0
d5a9cf6a9c76310134edcf28,cpu-nuts-spawn_chains,1,473,-4.421604671803333,0
d5a9cf6a9c76310134edcf28,cpu-nuts-spawn_chains,1,474,-5.391630139649408,0
d5a9cf6a9c76310134edcf28,cpu-nuts-spawn_chains,1,475,-4.766530530376405,0
d5a9cf6a9c76310134edcf28,cpu-nuts-spawn_chains,1,476,-4.7358906167086054,0
d5a9cf6a9c76310134edcf28,cpu-nuts-spawn_chains,1,477,-3.457758554992341,0
d5a9cf6a9c76310134edcf28,cpu-nuts-spawn_chains,1,478,-4.242026269997353,0
d5a9cf6a9c76310134edcf28,cpu-nuts-spawn_chains,1,479,-4.978388595272408,0
d5a9cf6a9c76310134edcf28,cpu-nuts-spawn_chains,1,480,-4.046353987092726,0
d5a9cf6a9c76310134edcf28,cpu-nuts-spawn_chains,1,481,-6.301054141425621,0
d5a9cf6a9c76310134edcf28,cpu-nuts-spawn_chains,1,482,-3.34078641232363,0
d5a9cf6a9c76310134edcf28,cpu-nuts-spawn_chains,1,483,-3.5585964523964226,0
d5a9cf6a9c76310134edcf28,cpu-nuts-spawn_chains,1,484,-5.4349317798817305,0
d5a9cf6a9c76310134edcf28,cpu-nuts-spawn_chains,1,485,-4.58753795135821,0
d5a9cf6a9c76310134edcf28,cpu-nuts-spawn_chains,1,486,-5.7543011643683935,0
d5a9cf6a9c76310134edcf28,cpu-nuts-spawn_chains,1,487,-5.3093018911126055,0
d5a9cf6a9c76310134edcf28,cpu-nuts-spawn_chains,1,488,-4.751968749959882,0
d5a9cf6a9c76310134edcf28,cpu-nuts-spawn_chains,1,489,-5.298764910943845,0
d5a9cf6a9c76310134edcf28,cpu-nuts-spawn_chains,1,490,-5.010619163670822,0
d5a9cf6a9c76310134edcf28,cpu-nuts-spawn_chains,1,491,-5.797233727078667,0
d5a9cf6a9c76310134edcf28,cpu-nuts-spawn_chains,1,492,-3.529107719417702,0
d5a9cf6a9c76310134edcf28,cpu-nuts-spawn_chains,1,493,-6.619659589044248,0
d5a9cf6a9c76310134edcf28,cpu-nuts-spawn_chains,1,494,-4.150551326764947,0
d5a9cf6a9c76310134edcf28,cpu-nuts-spawn_chains,1,495,-3.005212424037603,0
d5a9cf6a9c76310134edcf28,cpu-nuts-spawn_chains,1,496,-6.947907721997835,0
d5a9cf6a9c76310134edcf28,cpu-nuts-spawn_chains,1,497,-4.547087036098803,0
d5a9cf6a9c76310134edcf28,cpu-nuts-spawn_chains,1,498,-5.530027841010618,0
d5a9cf6a9c76310134edcf28,cpu-nuts-spawn_chains,1,499,-5.293118469203059,0
d5a9cf6a9c76310134edcf28,cpu-nuts-spawn_chains,1,500,-4.298240072371174,0
d5a9cf6a9c76310134edcf28,cpu-nuts-spawn_chains,1,501,-4.8705785522756875,0
d5a9cf6a9c76310134edcf28,cpu-nuts-spawn_chains,1,502,-5.320156023789013,0
d5a9cf6a9c76310134edcf28,cpu-nuts-spawn_chains,1,503,-5.1870315484437075,0
d5a9cf6a9c76310134edcf28,cpu-nuts-spawn_chains,1,504,-3.578482524153653,0
d5a9cf6a9c76310134edcf28,cpu-nuts-spawn_chains,1,505,-4.136099047683816,0
d5a9cf6a9c76310134edcf28,cpu-nuts-spawn_chains,1,506,-5.576575626793704,0
d5a9cf6a9c76310134edcf28,cpu-nuts-spawn_chains,1,507,-5.184226989525221,0
d5a9cf6a9c76310134edcf28,cpu-nuts-spawn_chains,1,508,-4.906599202227472,0
d5a9cf6a9c76310134edcf28,cpu-nuts-spawn_chains,1,509,-5.318218242480294,0
d5a9cf6a9c76310134edcf28,cpu-nuts-spawn_chains,1,510,-4.935163013326562,0
d5a9cf6a9c76310134edcf28,cpu-nuts-spawn_chains,1,511,-4.17233537198599,0
d5a9cf6a9c76310134edcf28,cpu-nuts-spawn_chains,1,512,-6.3117622781896445,0
d5a9cf6a9c76310134edcf28,cpu-nuts-spawn_chains,1,513,-5.2525971683504045,0
d5a9cf6a9c76310134edcf28,cpu-nuts-spawn_chains,1,514,-5.484376491220815,0
d5a9cf6a9c76310134edcf28,cpu-nuts-spawn_chains,1,515,-4.393983602835072,0
d5a9cf6a9c76310134edcf28,cpu-nuts-spawn_chains,1,516,-5.369982495934642,0
d5a9cf6a9c76310134edcf28,cpu-nuts-spawn_chains,1,517,-4.204004859948789,0
d5a9cf6a9c76310134edcf28,cpu-nuts-spawn_chains,1,518,-5.334564686588872,0
d5a9cf6a9c76310134edcf28,cpu-nuts-spawn_chains,1,519,-2.4514212243973654,0
d5a9cf6a9c76310134edcf28,cpu-nuts-spawn_chains,1,520,-6.555979972379126,0
d5a9cf6a9c76310134edcf28,cpu-nuts-spawn_chains,1,521,-3.06381974959257,0
d5a9cf6a9c76310134edcf28,cpu-nuts-spawn_chains,1,522,-5.104171052222626,0
d5a9cf6a9c76310134edcf28,cpu-nuts-spawn_chains,1,523,-4.982875827225005,0
d5a9cf6a9c76310134edcf28,cpu-nuts-spawn_chains,1,524,-4.899816838402708,0
d5a9cf6a9c76310134edcf28,cpu-nuts-spawn_chains,1,525,-5.0538785828181405,0
d5a9cf6a9c76310134edcf28,cpu-nuts-spawn_chains,1,526,-6.356171362349244,0
d5a9cf6a9c76310134edcf28,cpu-nuts-spawn_chains,1,527,-3.7104043624435348,0
d5a9cf6a9c76310134edcf28,cpu-nuts-spawn_chains,1,528,-5.147942620875367,0
d5a9cf6a9c76310134edcf28,cpu-nuts-spawn_chains,1,529,-4.663320531484234,0
d5a9cf6a9c76310134edcf28,cpu-nuts-spawn_chains,1,530,-5.423971479831833,0
d5a9cf6a9c76310134edcf28,cpu-nuts-spawn_chains,1,531,-4.776134669868078,0
d5a9cf6a9c76310134edcf28,cpu-nuts-spawn_chains,1,532,-5.272303026752622,0
d5a9cf6a9c76310134edcf28,cpu-nuts-spawn_chains,1,533,-4.357621943848336,0
d5a9cf6a9c76310134edcf28,cpu-nuts-spawn_chains,1,534,-5.6540771274106145,0
d5a9cf6a9c76310134edcf28,cpu-nuts-spawn_chains,1,535,-4.82335484538311,0
d5a9cf6a9c76310134edcf28,cpu-nuts-spawn_chains,1,536,-4.844642216502525,0
d5a9cf6a9c76310134edcf28,cpu-nuts-spawn_chains,1,537,-5.757988864142226,0
d5a9cf6a9c76310134edcf28,cpu-nuts-spawn_chains,1,538,-4.642327510802527,0
d5a9cf6a9c76310134edcf28,cpu-nuts-spawn_chains,1,539,-5.145564343599823,0
d5a9cf6a9c76310134edcf28,cpu-nuts-spawn_chains,1,540,-5.730730799969147,0
d5a9cf6a9c76310134edcf28,cpu-nuts-spawn_chains,1,541,-4.314974337223525,0
d5a9cf6a9c76310134edcf28,cpu-nuts-spawn_chains,1,542,-5.277105134820876,0
d5a9cf6a9c76310134edcf28,cpu-nuts-spawn_chains,1,543,-5.691458558762702,0
d5a9cf6a9c76310134edcf28,cpu-nuts-spawn_chains,1,544,-4.064364052377176,0
d5a9cf6a9c76310134edcf28,cpu-nuts-spawn_chains,1,545,-4.333011521200449,0
d5a9cf6a9c76310134edcf28,cpu-nuts-spawn_chains,1,546,-6.000722746685627,0
d5a9cf6a9c76310134edcf28,cpu-nuts-spawn_chains,1,547,-5.494457750105815,0
d5a9cf6a9c76310134edcf28,cpu-nuts-spawn_chains,1,548,-5.412519391683583,0
d5a9cf6a9c76310134edcf28,cpu-nuts-spawn_chains,1,549,-4.508641999022578,0
d5a9cf6a9c76310134edcf28,cpu-nuts-spawn_chains,1,550,-2.891975321892135,0
d5a9cf6a9c76310134edcf28,cpu-nuts-spawn_chains,1,551,-6.723320795288137,0
d5a9cf6a9c76310134edcf28,cpu-nuts-spawn_chains,1,552,-3.3035014752889094,0
d5a9cf6a9c76310134edcf28,cpu-nuts-spawn_chains,1,553,-4.0398700305007775,0
d5a9cf6a9c76310134edcf28,cpu-nuts-spawn_chains,1,554,-3.9641641303376907,0
d5a9cf6a9c76310134edcf28,cpu-nuts-spawn_chains,1,555,-5.716115363507854,0
d5a9cf6a9c76310134edcf28,cpu-nuts-spawn_chains,1,556,-5.162832224089503,0
d5a9cf6a9c76310134edcf28,cpu-nuts-spawn_chains,1,557,-4.7109875775749055,0
d5a9cf6a9c76310134edcf28,cpu-nuts-spawn_chains,1,558,-5.195954337779154,0
d5a9cf6a9c76310134edcf28,cpu-nuts-spawn_chains,1,559,-4.878512646345486,0
d5a9cf6a9c76310134edcf28,cpu-nuts-spawn_chains,1,560,-5.061181185249723,0
d5a9cf6a9c76310134edcf28,cpu-nuts-spawn_chains,1,561,-4.94290654014512,0
d5a9cf6a9c76310134edcf28,cpu-nuts-spawn_chains,1,562,-4.63671720554294,0
d5a9cf6a9c76310134edcf28,cpu-nuts-spawn_chains,1,563,-4.383178411788909,0
d5a9cf6a9c76310134edcf28,cpu-nuts-spawn_chains,1,564,-4.857104979929981,0
d5a9cf6a9c76310134edcf28,cpu-nuts-spawn_chains,1,565,-5.0836652218978315,0
d5a9cf6a9c76310134edcf28,cpu-nuts-spawn_chains,1,566,-5.181555217840672,0
d5a9cf6a9c76310134edcf28,cpu-nuts-spawn_chains,1,567,-4.437870545684982,0
d5a9cf6a9c76310134edcf28,cpu-nuts-spawn_chains,1,568,-5.066662715003056,0
d5a9cf6a9c76310134edcf28,cpu-nuts-spawn_chains,1,569,-4.781516897967504,0
d5a9cf6a9c76310134edcf28,cpu-nuts-spawn_chains,1,570,-6.0270529561719695,0
d5a9cf6a9c76310134edcf28,cpu-nuts-spawn_chains,1,571,-5.07381317823187,0
d5a9cf6a9c76310134edcf28,cpu-nuts-spawn_chains,1,572,-5.285073632088118,0
d5a9cf6a9c76310134edcf28,cpu-nuts-spawn_chains,1,573,-5.864716428037125,0
d5a9cf6a9c76310134edcf28,cpu-nuts-spawn_chains,1,574,-2.93043936995401,0
d5a9cf6a9c76310134edcf28,cpu-nuts-spawn_chains,1,575,-7.129336331765007,0
d5a9cf6a9c76310134edcf28,cpu-nuts-spawn_chains,1,576,-4.697648179251422,0
d5a9cf6a9c76310134edcf28,cpu-nuts-spawn_chains,1,577,-5.579917692086066,0
d5a9cf6a9c76310134edcf28,cpu-nuts-spawn_chains,1,578,-5.304784424038581,0
d5a9cf6a9c76310134edcf28,cpu-nuts-spawn_chains,1,579,-3.5534155470337563,0
d5a9cf6a9c76310134edcf28,cpu-nuts-spawn_chains,1,580,-6.247600391928538,0
d5a9cf6a9c76310134edcf28,cpu-nuts-spawn_chains,1,581,-3.503310936428379,0
d5a9cf6a9c76310134edcf28,cpu-nuts-spawn_chains,1,582,-5.799897202043388,0
d5a9cf6a9c76310134edcf28,cpu-nuts-spawn_chains,1,583,-3.1597925556383886,0
d5a9cf6a9c76310134edcf28,cpu-nuts-spawn_chains,1,584,-6.151326232671851,0
d5a9cf6a9c76310134edcf28,cpu-nuts-spawn_chains,1,585,-3.793238759032686,0
d5a9cf6a9c76310134edcf28,cpu-nuts-spawn_chains,1,586,-5.464911298909269,0
d5a9cf6a9c76310134edcf28,cpu-nuts-spawn_chains,1,587,-4.248232401551832,0
d5a9cf6a9c76310134edcf28,cpu-nuts-spawn_chains,1,588,-4.408948183997708,0
d5a9cf6a9c76310134edcf28,cpu-nuts-spawn_chains,1,589,-7.034106423847421,0
d5a9cf6a9c76310134edcf28,cpu-nuts-spawn_chains,1,590,-4.8004220189942135,0
d5a9cf6a9c76310134edcf28,cpu-nuts-spawn_chains,1,591,-6.023848166376231,0
d5a9cf6a9c76310134edcf28,cpu-nuts-spawn_chains,1,592,-4.235629145185146,0
d5a9cf6a9c76310134edcf28,cpu-nuts-spawn_chains,1,593,-5.271673650586793,0
d5a9cf6a9c76310134edcf28,cpu-nuts-spawn_chains,1,594,-4.646255059871655,0
d5a9cf6a9c76310134edcf28,cpu-nuts-spawn_chains,1,595,-4.708412951296533,0
d5a9cf6a9c76310134edcf28,cpu-nuts-spawn_chains,1,596,-3.7930039009989445,0
d5a9cf6a9c76310134edcf28,cpu-nuts-spawn_chains,1,597,-5.3712101120463025,0
d5a9cf6a9c76310134edcf28,cpu-nuts-spawn_chains,1,598,-4.0105211494771416,0
d5a9cf6a9c76310134edcf28,cpu-nuts-spawn_chains,1,599,-5.802524950696158,0
d5a9cf6a9c76310134edcf28,cpu-nuts-spawn_chains,1,600,-5.214145132190373,0
d5a9cf6a9c76310134edcf28,cpu-nuts-spawn_chains,1,601,-4.532431219970533,0
d5a9cf6a9c76310134edcf28,cpu-nuts-spawn_chains,1,602,-5.316018141751236,0
d5a9cf6a9c76310134edcf28,cpu-nuts-spawn_chains,1,603,-4.523938372212654,0
d5a9cf6a9c76310134edcf28,cpu-nuts-spawn_chains,1,604,-5.355873269859973,0
d5a9cf6a9c76310134edcf28,cpu-nuts-spawn_chains,1,605,-4.464089957197283,0
d5a9cf6a9c76310134edcf28,cpu-nuts-spawn_chains,1,606,-5.798070374781681,0
d5a9cf6a9c76310134edcf28,cpu-nuts-spawn_chains,1,607,-4.104308950282327,0
d5a9cf6a9c76310134edcf28,cpu-nuts-spawn_chains,1,608,-4.6636531410421895,0
d5a9cf6a9c76310134edcf28,cpu-nuts-spawn_chains,1,609,-4.485237910980991,0
d5a9cf6a9c76310134edcf28,cpu-nuts-spawn_chains,1,610,-5.817204021929785,0
d5a9cf6a9c76310134edcf28,cpu-nuts-spawn_chains,1,611,-4.841963935526418,0
d5a9cf6a9c76310134edcf28,cpu-nuts-spawn_chains,1,612,-5.213798407433329,0
d5a9cf6a9c76310134edcf28,cpu-nuts-spawn_chains,1,613,-4.255583000348665,0
d5a9cf6a9c76310134edcf28,cpu-nuts-spawn_chains,1,614,-5.872075049918599,0
d5a9cf6a9c76310134edcf28,cpu-nuts-spawn_chains,1,615,-4.21040431189022,0
d5a9cf6a9c76310134edcf28,cpu-nuts-spawn_chains,1,616,-5.125670526228848,0
d5a9cf6a9c76310134edcf28,cpu-nuts-spawn_chains,1,617,-5.379835835845199,0
d5a9cf6a9c76310134edcf28,cpu-nuts-spawn_chains,1,618,-3.981540574474932,0
d5a9cf6a9c76310134edcf28,cpu-nuts-spawn_chains,1,619,-3.1893611158557684,0
d5a9cf6a9c76310134edcf28,cpu-nuts-spawn_chains,1,620,-6.618106400572376,0
d5a9cf6a9c76310134edcf28,cpu-nuts-spawn_chains,1,621,-5.247443093224318,0
d5a9cf6a9c76310134edcf28,cpu-nuts-spawn_chains,1,622,-4.250712352159269,0
d5a9cf6a9c76310134edcf28,cpu-nuts-spawn_chains,1,623,-5.7881372070827455,0
d5a9cf6a9c76310134edcf28,cpu-nuts-spawn_chains,1,624,-5.434102011136711,0
d5a9cf6a9c76310134edcf28,cpu-nuts-spawn_chains,1,625,-5.6010633241064784,0
d5a9cf6a9c76310134edcf28,cpu-nuts-spawn_chains,1,626,-5.6010633241064784,0
d5a9cf6a9c76310134edcf28,cpu-nuts-spawn_chains,1,627,-6.225659563040517,0
d5a9cf6a9c76310134edcf28,cpu-nuts-spawn_chains,1,628,-3.7083568728805827,0
d5a9cf6a9c76310134edcf28,cpu-nuts-spawn_chains,1,629,-5.345788884593756,0
d5a9cf6a9c76310134edcf28,cpu-nuts-spawn_chains,1,630,-3.98320515502982,0
d5a9cf6a9c76310134edcf28,cpu-nuts-spawn_chains,1,631,-4.00659681301884,0
d5a9cf6a9c76310134edcf28,cpu-nuts-spawn_chains,1,632,-5.841980510936008,0
d5a9cf6a9c76310134edcf28,cpu-nuts-spawn_chains,1,633,-4.667355160916072,0
d5a9cf6a9c76310134edcf28,cpu-nuts-spawn_chains,1,634,-5.409088064990496,0
d5a9cf6a9c76310134edcf28,cpu-nuts-spawn_chains,1,635,-4.4296628263379345,0
d5a9cf6a9c76310134edcf28,cpu-nuts-spawn_chains,1,636,-6.565602622135056,0
d5a9cf6a9c76310134edcf28,cpu-nuts-spawn_chains,1,637,-5.458648561359405,0
d5a9cf6a9c76310134edcf28,cpu-nuts-spawn_chains,1,638,-5.537576766241242,0
d5a9cf6a9c76310134edcf28,cpu-nuts-spawn_chains,1,639,-5.684423677281621,0
d5a9cf6a9c76310134edcf28,cpu-nuts-spawn_chains,1,640,-6.3974378458574,0
d5a9cf6a9c76310134edcf28,cpu-nuts-spawn_chains,1,641,-3.3755040240918825,0
d5a9cf6a9c76310134edcf28,cpu-nuts-spawn_chains,1,642,-5.205431972532123,0
d5a9cf6a9c76310134edcf28,cpu-nuts-spawn_chains,1,643,-4.374969724742122,0
d5a9cf6a9c76310134edcf28,cpu-nuts-spawn_chains,1,644,-6.617407018893525,0
d5a9cf6a9c76310134edcf28,cpu-nuts-spawn_chains,1,645,-5.959424663891985,0
d5a9cf6a9c76310134edcf28,cpu-nuts-spawn_chains,1,646,-6.14790945470034,0
d5a9cf6a9c76310134edcf28,cpu-nuts-spawn_chains,1,647,-4.181102031137424,0
d5a9cf6a9c76310134edcf28,cpu-nuts-spawn_chains,1,648,-7.1765794064190285,0
d5a9cf6a9c76310134edcf28,cpu-nuts-spawn_chains,1,649,-4.94580870784584,0
d5a9cf6a9c76310134edcf28,cpu-nuts-spawn_chains,1,650,-4.834837245613235,0
d5a9cf6a9c76310134edcf28,cpu-nuts-spawn_chains,1,651,-5.178384069558312,0
d5a9cf6a9c76310134edcf28,cpu-nuts-spawn_chains,1,652,-5.507517867133247,0
d5a9cf6a9c76310134edcf28,cpu-nuts-spawn_chains,1,653,-4.444366583566471,0
d5a9cf6a9c76310134edcf28,cpu-nuts-spawn_chains,1,654,-5.426597710649904,0
d5a9cf6a9c76310134edcf28,cpu-nuts-spawn_chains,1,655,-4.371765639110425,0
d5a9cf6a9c76310134edcf28,cpu-nuts-spawn_chains,1,656,-3.8256260968442666,0
d5a9cf6a9c76310134edcf28,cpu-nuts-spawn_chains,1,657,-4.648287108932913,0
d5a9cf6a9c76310134edcf28,cpu-nuts-spawn_chains,1,658,-5.775772546910733,0
d5a9cf6a9c76310134edcf28,cpu-nuts-spawn_chains,1,659,-6.271126824174621,0
d5a9cf6a9c76310134edcf28,cpu-nuts-spawn_chains,1,660,-3.799201814786215,0
d5a9cf6a9c76310134edcf28,cpu-nuts-spawn_chains,1,661,-5.5420795684432065,0
d5a9cf6a9c76310134edcf28,cpu-nuts-spawn_chains,1,662,-4.955226286547944,0
d5a9cf6a9c76310134edcf28,cpu-nuts-spawn_chains,1,663,-4.64720446218414,0
d5a9cf6a9c76310134edcf28,cpu-nuts-spawn_chains,1,664,-4.427953290764846,0
d5a9cf6a9c76310134edcf28,cpu-nuts-spawn_chains,1,665,-4.320402185448607,0
d5a9cf6a9c76310134edcf28,cpu-nuts-spawn_chains,1,666,-6.151634008358811,0
d5a9cf6a9c76310134edcf28,cpu-nuts-spawn_chains,1,667,-6.195896236610593,0
d5a9cf6a9c76310134edcf28,cpu-nuts-spawn_chains,1,668,-4.628089094609665,0
d5a9cf6a9c76310134edcf28,cpu-nuts-spawn_chains,1,669,-5.495387226108654,0
d5a9cf6a9c76310134edcf28,cpu-nuts-spawn_chains,1,670,-5.5912903602538915,0
d5a9cf6a9c76310134edcf28,cpu-nuts-spawn_chains,1,671,-5.568689106557857,0
d5a9cf6a9c76310134edcf28,cpu-nuts-spawn_chains,1,672,-4.350655833359401,0
d5a9cf6a9c76310134edcf28,cpu-nuts-spawn_chains,1,673,-4.577117543842878,0
d5a9cf6a9c76310134edcf28,cpu-nuts-spawn_chains,1,674,-5.14712872901037,0
d5a9cf6a9c76310134edcf28,cpu-nuts-spawn_chains,1,675,-4.8069214565426845,0
d5a9cf6a9c76310134edcf28,cpu-nuts-spawn_chains,1,676,-5.0304835165488235,0
d5a9cf6a9c76310134edcf28,cpu-nuts-spawn_chains,1,677,-5.0024223608618845,0
d5a9cf6a9c76310134edcf28,cpu-nuts-spawn_chains,1,678,-5.0024223608618845,0
d5a9cf6a9c76310134edcf28,cpu-nuts-spawn_chains,1,679,-7.036427769936263,0
d5a9cf6a9c76310134edcf28,cpu-nuts-spawn_chains,1,680,-7.022641910699109,0
d5a9cf6a9c76310134edcf28,cpu-nuts-spawn_chains,1,681,-6.253292391075037,0
d5a9cf6a9c76310134edcf28,cpu-nuts-spawn_chains,1,682,-4.926786157679506,0
d5a9cf6a9c76310134edcf28,cpu-nuts-spawn_chains,1,683,-5.105425472254702,0
d5a9cf6a9c76310134edcf28,cpu-nuts-spawn_chains,1,684,-6.311270883493648,0
d5a9cf6a9c76310134edcf28,cpu-nuts-spawn_chains,1,685,-3.741237963876251,0
d5a9cf6a9c76310134edcf28,cpu-nuts-spawn_chains,1,686,-5.07996390719269,0
d5a9cf6a9c76310134edcf28,cpu-nuts-spawn_chains,1,687,-4.526578414036467,0
d5a9cf6a9c76310134edcf28,cpu-nuts-spawn_chains,1,688,-3.5085934295554377,0
d5a9cf6a9c76310134edcf28,cpu-nuts-spawn_chains,1,689,-4.992650121511509,0
d5a9cf6a9c76310134edcf28,cpu-nuts-spawn_chains,1,690,-6.620639543124238,0
d5a9cf6a9c76310134edcf28,cpu-nuts-spawn_chains,1,691,-6.401719749202776,0
d5a9cf6a9c76310134edcf28,cpu-nuts-spawn_chains,1,692,-4.035945201098884,0
d5a9cf6a9c76310134edcf28,cpu-nuts-spawn_chains,1,693,-6.201931931830672,0
d5a9cf6a9c76310134edcf28,cpu-nuts-spawn_chains,1,694,-3.571932186983339,0
d5a9cf6a9c76310134edcf28,cpu-nuts-spawn_chains,1,695,-6.5195662896950175,0
d5a9cf6a9c76310134edcf28,cpu-nuts-spawn_chains,1,696,-3.453792576058299,0
d5a9cf6a9c76310134edcf28,cpu-nuts-spawn_chains,1,697,-6.165098705875152,0
d5a9cf6a9c76310134edcf28,cpu-nuts-spawn_chains,1,698,-4.641877643026108,0
d5a9cf6a9c76310134edcf28,cpu-nuts-spawn_chains,1,699,-4.549019542641954,0
d5a9cf6a9c76310134edcf28,cpu-nuts-spawn_chains,1,700,-3.55556235981929,0
d5a9cf6a9c76310134edcf28,cpu-nuts-spawn_chains,1,701,-4.5710507181173305,0
d5a9cf6a9c76310134edcf28,cpu-nuts-spawn_chains,1,702,-5.2460429395095085,0
d5a9cf6a9c76310134edcf28,cpu-nuts-spawn_chains,1,703,-4.667953840992697,0
d5a9cf6a9c76310134edcf28,cpu-nuts-spawn_chains,1,704,-5.777010325090478,0
d5a9cf6a9c76310134edcf28,cpu-nuts-spawn_chains,1,705,-4.451102833439679,0
d5a9cf6a9c76310134edcf28,cpu-nuts-spawn_chains,1,706,-5.2977260905269015,0
d5a9cf6a9c76310134edcf28,cpu-nuts-spawn_chains,1,707,-4.939256421076365,0
d5a9cf6a9c76310134edcf28,cpu-nuts-spawn_chains,1,708,-5.2620189062267695,0
d5a9cf6a9c76310134edcf28,cpu-nuts-spawn_chains,1,709,-4.574272706469689,0
d5a9cf6a9c76310134edcf28,cpu-nuts-spawn_chains,1,710,-3.687774168814102,0
d5a9cf6a9c76310134edcf28,cpu-nuts-spawn_chains,1,711,-3.864312505137718,0
d5a9cf6a9c76310134edcf28,cpu-nuts-spawn_chains,1,712,-5.945462661312149,0
d5a9cf6a9c76310134edcf28,cpu-nuts-spawn_chains,1,713,-4.295906595849399,0
d5a9cf6a9c76310134edcf28,cpu-nuts-spawn_chains,1,714,-5.5574484364262435,0
d5a9cf6a9c76310134edcf28,cpu-nuts-spawn_chains,1,715,-4.475950609509932,0
d5a9cf6a9c76310134edcf28,cpu-nuts-spawn_chains,1,716,-5.822481404536909,0
d5a9cf6a9c76310134edcf28,cpu-nuts-spawn_chains,1,717,-5.076928652366724,0
d5a9cf6a9c76310134edcf28,cpu-nuts-spawn_chains,1,718,-4.218188188180305,0
d5a9cf6a9c76310134edcf28,cpu-nuts-spawn_chains,1,719,-6.810798815230896,0
d5a9cf6a9c76310134edcf28,cpu-nuts-spawn_chains,1,720,-4.719424206662024,0
d5a9cf6a9c76310134edcf28,cpu-nuts-spawn_chains,1,721,-5.250306799410259,0
d5a9cf6a9c76310134edcf28,cpu-nuts-spawn_chains,1,722,-4.987826557814756,0
d5a9cf6a9c76310134edcf28,cpu-nuts-spawn_chains,1,723,-5.1355838937023846,0
d5a9cf6a9c76310134edcf28,cpu-nuts-spawn_chains,1,724,-5.021993610241154,0
d5a9cf6a9c76310134edcf28,cpu-nuts-spawn_chains,1,725,-5.963231314000537,0
d5a9cf6a9c76310134edcf28,cpu-nuts-spawn_chains,1,726,-5.578949360943637,0
d5a9cf6a9c76310134edcf28,cpu-nuts-spawn_chains,1,727,-4.3828549618847745,0
d5a9cf6a9c76310134edcf28,cpu-nuts-spawn_chains,1,728,-5.582089993305164,0
d5a9cf6a9c76310134edcf28,cpu-nuts-spawn_chains,1,729,-6.018020818709885,0
d5a9cf6a9c76310134edcf28,cpu-nuts-spawn_chains,1,730,-4.573943561719486,0
d5a9cf6a9c76310134edcf28,cpu-nuts-spawn_chains,1,731,-4.632384822560705,0
d5a9cf6a9c76310134edcf28,cpu-nuts-spawn_chains,1,732,-6.404297059690176,0
d5a9cf6a9c76310134edcf28,cpu-nuts-spawn_chains,1,733,-3.498145077664624,0
d5a9cf6a9c76310134edcf28,cpu-nuts-spawn_chains,1,734,-5.191196380624347,0
d5a9cf6a9c76310134edcf28,cpu-nuts-spawn_chains,1,735,-5.0874270568284885,0
d5a9cf6a9c76310134edcf28,cpu-nuts-spawn_chains,1,736,-5.031377761566963,0
d5a9cf6a9c76310134edcf28,cpu-nuts-spawn_chains,1,737,-4.9768753272083455,0
d5a9cf6a9c76310134edcf28,cpu-nuts-spawn_chains,1,738,-5.053226537864267,0
d5a9cf6a9c76310134edcf28,cpu-nuts-spawn_chains,1,739,-4.132443831631431,0
d5a9cf6a9c76310134edcf28,cpu-nuts-spawn_chains,1,740,-3.664471321420639,0
d5a9cf6a9c76310134edcf28,cpu-nuts-spawn_chains,1,741,-4.597172173346549,0
d5a9cf6a9c76310134edcf28,cpu-nuts-spawn_chains,1,742,-4.343297759961604,0
d5a9cf6a9c76310134edcf28,cpu-nuts-spawn_chains,1,743,-5.7667434425944775,0
d5a9cf6a9c76310134edcf28,cpu-nuts-spawn_chains,1,744,-6.438615105242858,0
d5a9cf6a9c76310134edcf28,cpu-nuts-spawn_chains,1,745,-5.011579931148138,0
d5a9cf6a9c76310134edcf28,cpu-nuts-spawn_chains,1,746,-5.074365102193822,0
d5a9cf6a9c76310134edcf28,cpu-nuts-spawn_chains,1,747,-4.589097184466393,0
d5a9cf6a9c76310134edcf28,cpu-nuts-spawn_chains,1,748,-5.2476071230388115,0
d5a9cf6a9c76310134edcf28,cpu-nuts-spawn_chains,1,749,-5.24324871152736,0
d5a9cf6a9c76310134edcf28,cpu-nuts-spawn_chains,1,750,-5.015673942418552,0
d5a9cf6a9c76310134edcf28,cpu-nuts-spawn_chains,1,751,-4.907667145412851,0
d5a9cf6a9c76310134edcf28,cpu-nuts-spawn_chains,1,752,-2.627369044390497,0
d5a9cf6a9c76310134edcf28,cpu-nuts-spawn_chains,1,753,-6.331550714092682,0
d5a9cf6a9c76310134edcf28,cpu-nuts-spawn_chains,1,754,-6.072017861203991,0
d5a9cf6a9c76310134edcf28,cpu-nuts-spawn_chains,1,755,-3.8904054889722115,0
d5a9cf6a9c76310134edcf28,cpu-nuts-spawn_chains,1,756,-3.913639392262302,0
d5a9cf6a9c76310134edcf28,cpu-nuts-spawn_chains,1,757,-6.300012237587112,0
d5a9cf6a9c76310134edcf28,cpu-nuts-spawn_chains,1,758,-4.832716878121692,0
d5a9cf6a9c76310134edcf28,cpu-nuts-spawn_chains,1,759,-4.484862403898994,0
d5a9cf6a9c76310134edcf28,cpu-nuts-spawn_chains,1,760,-5.397703693575915,0
d5a9cf6a9c76310134edcf28,cpu-nuts-spawn_chains,1,761,-4.8771323448583885,0
d5a9cf6a9c76310134edcf28,cpu-nuts-spawn_chains,1,762,-4.178508913427056,0
d5a9cf6a9c76310134edcf28,cpu-nuts-spawn_chains,1,763,-5.648440922637495,0
d5a9cf6a9c76310134edcf28,cpu-nuts-spawn_chains,1,764,-6.202268300212443,0
d5a9cf6a9c76310134edcf28,cpu-nuts-spawn_chains,1,765,-5.6544131648098706,0
d5a9cf6a9c76310134edcf28,cpu-nuts-spawn_chains,1,766,-4.557312720999718,0
d5a9cf6a9c76310134edcf28,cpu-nuts-spawn_chains,1,767,-3.6673497912271866,0
d5a9cf6a9c76310134edcf28,cpu-nuts-spawn_chains,1,768,-7.15997271523895,0
d5a9cf6a9c76310134edcf28,cpu-nuts-spawn_chains,1,769,-5.72580832814013,0
d5a9cf6a9c76310134edcf28,cpu-nuts-spawn_chains,1,770,-4.179858363243678,0
d5a9cf6a9c76310134edcf28,cpu-nuts-spawn_chains,1,771,-5.811915228982095,0
d5a9cf6a9c76310134edcf28,cpu-nuts-spawn_chains,1,772,-6.501333240969913,0
d5a9cf6a9c76310134edcf28,cpu-nuts-spawn_chains,1,773,-3.6897875917946785,0
d5a9cf6a9c76310134edcf28,cpu-nuts-spawn_chains,1,774,-3.7929956728059677,0
d5a9cf6a9c76310134edcf28,cpu-nuts-spawn_chains,1,775,-4.439132226344387,0
d5a9cf6a9c76310134edcf28,cpu-nuts-spawn_chains,1,776,-4.316568740704564,0
d5a9cf6a9c76310134edcf28,cpu-nuts-spawn_chains,1,777,-5.407862797098918,0
d5a9cf6a9c76310134edcf28,cpu-nuts-spawn_chains,1,778,-5.407862797098918,0
d5a9cf6a9c76310134edcf28,cpu-nuts-spawn_chains,1,779,-4.452456301484267,0
d5a9cf6a9c76310134edcf28,cpu-nuts-spawn_chains,1,780,-5.510160471921397,0
d5a9cf6a9c76310134edcf28,cpu-nuts-spawn_chains,1,781,-3.7948487163783664,0
d5a9cf6a9c76310134edcf28,cpu-nuts-spawn_chains,1,782,-6.62446614963824,0
d5a9cf6a9c76310134edcf28,cpu-nuts-spawn_chains,1,783,-5.515240342494278,0
d5a9cf6a9c76310134edcf28,cpu-nuts-spawn_chains,1,784,-4.868122522928097,0
d5a9cf6a9c76310134edcf28,cpu-nuts-spawn_chains,1,785,-5.443264874619327,0
d5a9cf6a9c76310134edcf28,cpu-nuts-spawn_chains,1,786,-4.6765147036969115,0
d5a9cf6a9c76310134edcf28,cpu-nuts-spawn_chains,1,787,-5.528597207436495,0
d5a9cf6a9c76310134edcf28,cpu-nuts-spawn_chains,1,788,-4.624703543653677,0
d5a9cf6a9c76310134edcf28,cpu-nuts-spawn_chains,1,789,-5.317804139531977,0
d5a9cf6a9c76310134edcf28,cpu-nuts-spawn_chains,1,790,-5.498439743684184,0
d5a9cf6a9c76310134edcf28,cpu-nuts-spawn_chains,1,791,-4.194770698695586,0
d5a9cf6a9c76310134edcf28,cpu-nuts-spawn_chains,1,792,-4.042207126965068,0
d5a9cf6a9c76310134edcf28,cpu-nuts-spawn_chains,1,793,-5.491295874073575,0
d5a9cf6a9c76310134edcf28,cpu-nuts-spawn_chains,1,794,-3.895031979908888,0
d5a9cf6a9c76310134edcf28,cpu-nuts-spawn_chains,1,795,-4.299207260685553,0
d5a9cf6a9c76310134edcf28,cpu-nuts-spawn_chains,1,796,-5.779613728735974,0
d5a9cf6a9c76310134edcf28,cpu-nuts-spawn_chains,1,797,-3.807117850765767,0
d5a9cf6a9c76310134edcf28,cpu-nuts-spawn_chains,1,798,-6.067215875409834,0
d5a9cf6a9c76310134edcf28,cpu-nuts-spawn_chains,1,799,-4.127082213116077,0
d5a9cf6a9c76310134edcf28,cpu-nuts-spawn_chains,1,800,-4.23597046376649,0
d5a9cf6a9c76310134edcf28,cpu-nuts-spawn_chains,1,801,-4.466095399653138,0
d5a9cf6a9c76310134edcf28,cpu-nuts-spawn_chains,1,802,-4.291683131850371,0
d5a9cf6a9c76310134edcf28,cpu-nuts-spawn_chains,1,803,-5.935548321618692,0
d5a9cf6a9c76310134edcf28,cpu-nuts-spawn_chains,1,804,-4.37992846607914,0
d5a9cf6a9c76310134edcf28,cpu-nuts-spawn_chains,1,805,-4.774653964280353,0
d5a9cf6a9c76310134edcf28,cpu-nuts-spawn_chains,1,806,-5.496158723235231,0
d5a9cf6a9c76310134edcf28,cpu-nuts-spawn_chains,1,807,-4.225043675798522,0
d5a9cf6a9c76310134edcf28,cpu-nuts-spawn_chains,1,808,-6.075475307726811,0
d5a9cf6a9c76310134edcf28,cpu-nuts-spawn_chains,1,809,-5.978243893167392,0
d5a9cf6a9c76310134edcf28,cpu-nuts-spawn_chains,1,810,-4.7769141594996345,0
d5a9cf6a9c76310134edcf28,cpu-nuts-spawn_chains,1,811,-4.6263170237274815,0
d5a9cf6a9c76310134edcf28,cpu-nuts-spawn_chains,1,812,-4.851113551580278,0
d5a9cf6a9c76310134edcf28,cpu-nuts-spawn_chains,1,813,-5.190960628230313,0
d5a9cf6a9c76310134edcf28,cpu-nuts-spawn_chains,1,814,-4.777304242214653,0
d5a9cf6a9c76310134edcf28,cpu-nuts-spawn_chains,1,815,-4.315075067714965,0
d5a9cf6a9c76310134edcf28,cpu-nuts-spawn_chains,1,816,-5.148431512534951,0
d5a9cf6a9c76310134edcf28,cpu-nuts-spawn_chains,1,817,-5.459645753922268,0
d5a9cf6a9c76310134edcf28,cpu-nuts-spawn_chains,1,818,-3.6028199382417583,0
d5a9cf6a9c76310134edcf28,cpu-nuts-spawn_chains,1,819,-6.98724633972936,0
d5a9cf6a9c76310134edcf28,cpu-nuts-spawn_chains,1,820,-5.728537462615714,0
d5a9cf6a9c76310134edcf28,cpu-nuts-spawn_chains,1,821,-3.0390764303047604,0
d5a9cf6a9c76310134edcf28,cpu-nuts-spawn_chains,1,822,-3.5496442154078975,0
d5a9cf6a9c76310134edcf28,cpu-nuts-spawn_chains,1,823,-6.695517211434221,0
d5a9cf6a9c76310134edcf28,cpu-nuts-spawn_chains,1,824,-3.395123920467605,0
d5a9cf6a9c76310134edcf28,cpu-nuts-spawn_chains,1,825,-6.412830021725137,0
d5a9cf6a9c76310134edcf28,cpu-nuts-spawn_chains,1,826,-3.7099022766955687,0
d5a9cf6a9c76310134edcf28,cpu-nuts-spawn_chains,1,827,-5.315345287091377,0
d5a9cf6a9c76310134edcf28,cpu-nuts-spawn_chains,1,828,-5.231524692625915,0
d5a9cf6a9c76310134edcf28,cpu-nuts-spawn_chains,1,829,-4.707125437963546,0
d5a9cf6a9c76310134edcf28,cpu-nuts-spawn_chains,1,830,-5.299748637712178,0
d5a9cf6a9c76310134edcf28,cpu-nuts-spawn_chains,1,831,-4.430465279955999,0
d5a9cf6a9c76310134edcf28,cpu-nuts-spawn_chains,1,832,-4.935315498514893,0
d5a9cf6a9c76310134edcf28,cpu-nuts-spawn_chains,1,833,-4.990808316280072,0
d5a9cf6a9c76310134edcf28,cpu-nuts-spawn_chains,1,834,-4.578328858301968,0
d5a9cf6a9c76310134edcf28,cpu-nuts-spawn_chains,1,835,-5.314960030056842,0
d5a9cf6a9c76310134edcf28,cpu-nuts-spawn_chains,1,836,-4.183110824816205,0
d5a9cf6a9c76310134edcf28,cpu-nuts-spawn_chains,1,837,-5.759469947580466,0
d5a9cf6a9c76310134edcf28,cpu-nuts-spawn_chains,1,838,-5.014765700228729,0
d5a9cf6a9c76310134edcf28,cpu-nuts-spawn_chains,1,839,-4.835508362767729,0
d5a9cf6a9c76310134edcf28,cpu-nuts-spawn_chains,1,840,-4.90793592467032,0
d5a9cf6a9c76310134edcf28,cpu-nuts-spawn_chains,1,841,-4.468037986032478,0
d5a9cf6a9c76310134edcf28,cpu-nuts-spawn_chains,1,842,-5.372862706820778,0
d5a9cf6a9c76310134edcf28,cpu-nuts-spawn_chains,1,843,-4.55029641555644,0
d5a9cf6a9c76310134edcf28,cpu-nuts-spawn_chains,1,844,-5.558289067384753,0
d5a9cf6a9c76310134edcf28,cpu-nuts-spawn_chains,1,845,-4.370953373390032,0
d5a9cf6a9c76310134edcf28,cpu-nuts-spawn_chains,1,846,-4.370953373390032,0
d5a9cf6a9c76310134edcf28,cpu-nuts-spawn_chains,1,847,-5.27113850309673,0
d5a9cf6a9c76310134edcf28,cpu-nuts-spawn_chains,1,848,-5.343267405903701,0
d5a9cf6a9c76310134edcf28,cpu-nuts-spawn_chains,1,849,-4.855792586846648,0
d5a9cf6a9c76310134edcf28,cpu-nuts-spawn_chains,1,850,-4.811764870745502,0
d5a9cf6a9c76310134edcf28,cpu-nuts-spawn_chains,1,851,-5.821424861446263,0
d5a9cf6a9c76310134edcf28,cpu-nuts-spawn_chains,1,852,-4.105153744337983,0
d5a9cf6a9c76310134edcf28,cpu-nuts-spawn_chains,1,853,-2.4855128605201506,0
d5a9cf6a9c76310134edcf28,cpu-nuts-spawn_chains,1,854,-7.7245480364483186,0
d5a9cf6a9c76310134edcf28,cpu-nuts-spawn_chains,1,855,-3.8351108393579656,0
d5a9cf6a9c76310134edcf28,cpu-nuts-spawn_chains,1,856,-5.92012188390603,0
d5a9cf6a9c76310134edcf28,cpu-nuts-spawn_chains,1,857,-4.781653557928705,0
d5a9cf6a9c76310134edcf28,cpu-nuts-spawn_chains,1,858,-4.276440866726848,0
d5a9cf6a9c76310134edcf28,cpu-nuts-spawn_chains,1,859,-5.871227199496545,0
d5a9cf6a9c76310134edcf28,cpu-nuts-spawn_chains,1,860,-3.141768408042478,0
d5a9cf6a9c76310134edcf28,cpu-nuts-spawn_chains,1,861,-6.634798969291728,0
d5a9cf6a9c76310134edcf28,cpu-nuts-spawn_chains,1,862,-6.274649879866829,0
d5a9cf6a9c76310134edcf28,cpu-nuts-spawn_chains,1,863,-7.007533419430847,0
d5a9cf6a9c76310134edcf28,cpu-nuts-spawn_chains,1,864,-4.618935686565935,0
d5a9cf6a9c76310134edcf28,cpu-nuts-spawn_chains,1,865,-4.487311095837361,0
d5a9cf6a9c76310134edcf28,cpu-nuts-spawn_chains,1,866,-4.188098662468427,0
d5a9cf6a9c76310134edcf28,cpu-nuts-spawn_chains,1,867,-5.197350974166442,0
d5a9cf6a9c76310134edcf28,cpu-nuts-spawn_chains,1,868,-4.795462347569709,0
d5a9cf6a9c76310134edcf28,cpu-nuts-spawn_chains,1,869,-5.246945908135335,0
d5a9cf6a9c76310134edcf28,cpu-nuts-spawn_chains,1,870,-5.629788838031338,0
d5a9cf6a9c76310134edcf28,cpu-nuts-spawn_chains,1,871,-4.521308346691885,0
d5a9cf6a9c76310134edcf28,cpu-nuts-spawn_chains,1,872,-3.2278960630661326,0
d5a9cf6a9c76310134edcf28,cpu-nuts-spawn_chains,1,873,-6.54145808261647,0
d5a9cf6a9c76310134edcf28,cpu-nuts-spawn_chains,1,874,-5.974481786963291,0
d5a9cf6a9c76310134edcf28,cpu-nuts-spawn_chains,1,875,-5.537190874315869,0
d5a9cf6a9c76310134edcf28,cpu-nuts-spawn_chains,1,876,-4.921461846453427,0
d5a9cf6a9c76310134edcf28,cpu-nuts-spawn_chains,1,877,-5.232342863281306,0
d5a9cf6a9c76310134edcf28,cpu-nuts-spawn_chains,1,878,-5.304684991973981,0
d5a9cf6a9c76310134edcf28,cpu-nuts-spawn_chains,1,879,-4.4680424406335115,0
d5a9cf6a9c76310134edcf28,cpu-nuts-spawn_chains,1,880,-4.5398319572329155,0
d5a9cf6a9c76310134edcf28,cpu-nuts-spawn_chains,1,881,-5.600556593802402,0
d5a9cf6a9c76310134edcf28,cpu-nuts-spawn_chains,1,882,-4.595706359576914,0
d5a9cf6a9c76310134edcf28,cpu-nuts-spawn_chains,1,883,-4.898783795416098,0
d5a9cf6a9c76310134edcf28,cpu-nuts-spawn_chains,1,884,-4.4987332910777695,0
d5a9cf6a9c76310134edcf28,cpu-nuts-spawn_chains,1,885,-4.318531907990494,0
d5a9cf6a9c76310134edcf28,cpu-nuts-spawn_chains,1,886,-4.590473985947666,0
d5a9cf6a9c76310134edcf28,cpu-nuts-spawn_chains,1,887,-5.3430712630852115,0
d5a9cf6a9c76310134edcf28,cpu-nuts-spawn_chains,1,888,-4.580427332901746,0
d5a9cf6a9c76310134edcf28,cpu-nuts-spawn_chains,1,889,-4.0683102169201995,0
d5a9cf6a9c76310134edcf28,cpu-nuts-spawn_chains,1,890,-3.8346967174279376,0
d5a9cf6a9c76310134edcf28,cpu-nuts-spawn_chains,1,891,-5.944929726433273,0
d5a9cf6a9c76310134edcf28,cpu-nuts-spawn_chains,1,892,-3.1840714817357965,0
d5a9cf6a9c76310134edcf28,cpu-nuts-spawn_chains,1,893,-4.826317504832799,0
d5a9cf6a9c76310134edcf28,cpu-nuts-spawn_chains,1,894,-4.881600386049697,0
d5a9cf6a9c76310134edcf28,cpu-nuts-spawn_chains,1,895,-6.7395278751041445,0
d5a9cf6a9c76310134edcf28,cpu-nuts-spawn_chains,1,896,-5.751223369044944,0
d5a9cf6a9c76310134edcf28,cpu-nuts-spawn_chains,1,897,-4.8321137018439675,0
d5a9cf6a9c76310134edcf28,cpu-nuts-spawn_chains,1,898,-3.637963992825565,0
d5a9cf6a9c76310134edcf28,cpu-nuts-spawn_chains,1,899,-3.882703074166234,0
d5a9cf6a9c76310134edcf28,cpu-nuts-spawn_chains,1,900,-3.860871841043377,0
d5a9cf6a9c76310134edcf28,cpu-nuts-spawn_chains,1,901,-4.329489294128229,0
d5a9cf6a9c76310134edcf28,cpu-nuts-spawn_chains,1,902,-4.49198283542664,0
d5a9cf6a9c76310134edcf28,cpu-nuts-spawn_chains,1,903,-5.797145889350927,0
d5a9cf6a9c76310134edcf28,cpu-nuts-spawn_chains,1,904,-4.016960599493869,0
d5a9cf6a9c76310134edcf28,cpu-nuts-spawn_chains,1,905,-4.567094117999427,0
d5a9cf6a9c76310134edcf28,cpu-nuts-spawn_chains,1,906,-5.61514910954272,0
d5a9cf6a9c76310134edcf28,cpu-nuts-spawn_chains,1,907,-6.068063819338932,0
d5a9cf6a9c76310134edcf28,cpu-nuts-spawn_chains,1,908,-6.176308023643348,0
d5a9cf6a9c76310134edcf28,cpu-nuts-spawn_chains,1,909,-3.13539991532298,0
d5a9cf6a9c76310134edcf28,cpu-nuts-spawn_chains,1,910,-6.672998510122722,0
d5a9cf6a9c76310134edcf28,cpu-nuts-spawn_chains,1,911,-4.87672189152705,0
d5a9cf6a9c76310134edcf28,cpu-nuts-spawn_chains,1,912,-4.601161993475137,0
d5a9cf6a9c76310134edcf28,cpu-nuts-spawn_chains,1,913,-5.128209772633361,0
d5a9cf6a9c76310134edcf28,cpu-nuts-spawn_chains,1,914,-4.707711846316419,0
d5a9cf6a9c76310134edcf28,cpu-nuts-spawn_chains,1,915,-5.703306518265578,0
d5a9cf6a9c76310134edcf28,cpu-nuts-spawn_chains,1,916,-4.8298263822912055,0
d5a9cf6a9c76310134edcf28,cpu-nuts-spawn_chains,1,917,-4.422191926640661,0
d5a9cf6a9c76310134edcf28,cpu-nuts-spawn_chains,1,918,-4.259183554314192,0
d5a9cf6a9c76310134edcf28,cpu-nuts-spawn_chains,1,919,-5.6799528108859425,0
d5a9cf6a9c76310134edcf28,cpu-nuts-spawn_chains,1,920,-6.28288025579615,0
d5a9cf6a9c76310134edcf28,cpu-nuts-spawn_chains,1,921,-4.419928923571991,0
d5a9cf6a9c76310134edcf28,cpu-nuts-spawn_chains,1,922,-4.975189730587409,0
d5a9cf6a9c76310134edcf28,cpu-nuts-spawn_chains,1,923,-5.63678068168685,0
d5a9cf6a9c76310134edcf28,cpu-nuts-spawn_chains,1,924,-5.028009544793136,0
d5a9cf6a9c76310134edcf28,cpu-nuts-spawn_chains,1,925,-5.296415620978915,0
d5a9cf6a9c76310134edcf28,cpu-nuts-spawn_chains,1,926,-3.69577014273466,0
d5a9cf6a9c76310134edcf28,cpu-nuts-spawn_chains,1,927,-4.366143134976898,0
d5a9cf6a9c76310134edcf28,cpu-nuts-spawn_chains,1,928,-6.1709853650005515,0
d5a9cf6a9c76310134edcf28,cpu-nuts-spawn_chains,1,929,-3.1448897883503375,0
d5a9cf6a9c76310134edcf28,cpu-nuts-spawn_chains,1,930,-5.727639374001507,0
d5a9cf6a9c76310134edcf28,cpu-nuts-spawn_chains,1,931,-4.371535808959363,0
d5a9cf6a9c76310134edcf28,cpu-nuts-spawn_chains,1,932,-4.861578800724734,0
d5a9cf6a9c76310134edcf28,cpu-nuts-spawn_chains,1,933,-5.68598031907606,0
d5a9cf6a9c76310134edcf28,cpu-nuts-spawn_chains,1,934,-3.5484313324368872,0
d5a9cf6a9c76310134edcf28,cpu-nuts-spawn_chains,1,935,-3.3796929027564175,0
d5a9cf6a9c76310134edcf28,cpu-nuts-spawn_chains,1,936,-5.873358892588624,0
d5a9cf6a9c76310134edcf28,cpu-nuts-spawn_chains,1,937,-5.873358892588624,0
d5a9cf6a9c76310134edcf28,cpu-nuts-spawn_chains,1,938,-4.107563030990077,0
d5a9cf6a9c76310134edcf28,cpu-nuts-spawn_chains,1,939,-4.638333967268123,0
d5a9cf6a9c76310134edcf28,cpu-nuts-spawn_chains,1,940,-5.936271297844842,0
d5a9cf6a9c76310134edcf28,cpu-nuts-spawn_chains,1,941,-5.802652061600341,0
d5a9cf6a9c76310134edcf28,cpu-nuts-spawn_chains,1,942,-3.8424693184165943,0
d5a9cf6a9c76310134edcf28,cpu-nuts-spawn_chains,1,943,-3.960569455197623,0
d5a9cf6a9c76310134edcf28,cpu-nuts-spawn_chains,1,944,-3.5462526019193628,0
d5a9cf6a9c76310134edcf28,cpu-nuts-spawn_chains,1,945,-3.1334285697099262,0
d5a9cf6a9c76310134edcf28,cpu-nuts-spawn_chains,1,946,-6.390508508089522,0
d5a9cf6a9c76310134edcf28,cpu-nuts-spawn_chains,1,947,-4.989238853630148,0
d5a9cf6a9c76310134edcf28,cpu-nuts-spawn_chains,1,948,-4.725639369219527,0
d5a9cf6a9c76310134edcf28,cpu-nuts-spawn_chains,1,949,-4.144262785713286,0
d5a9cf6a9c76310134edcf28,cpu-nuts-spawn_chains,1,950,-4.379740878502689,0
d5a9cf6a9c76310134edcf28,cpu-nuts-spawn_chains,1,951,-5.4572514930676235,0
d5a9cf6a9c76310134edcf28,cpu-nuts-spawn_chains,1,952,-6.000064182288409,0
d5a9cf6a9c76310134edcf28,cpu-nuts-spawn_chains,1,953,-3.8842636230919907,0
d5a9cf6a9c76310134edcf28,cpu-nuts-spawn_chains,1,954,-6.88981268176469,0
d5a9cf6a9c76310134edcf28,cpu-nuts-spawn_chains,1,955,-3.0628146353824186,0
d5a9cf6a9c76310134edcf28,cpu-nuts-spawn_chains,1,956,-7.35393207819936,0
d5a9cf6a9c76310134edcf28,cpu-nuts-spawn_chains,1,957,-3.951546636218912,0
d5a9cf6a9c76310134edcf28,cpu-nuts-spawn_chains,1,958,-5.083495113243524,0
d5a9cf6a9c76310134edcf28,cpu-nuts-spawn_chains,1,959,-4.730226479871595,0
d5a9cf6a9c76310134edcf28,cpu-nuts-spawn_chains,1,960,-4.536393385390528,0
d5a9cf6a9c76310134edcf28,cpu-nuts-spawn_chains,1,961,-5.466854738634964,0
d5a9cf6a9c76310134edcf28,cpu-nuts-spawn_chains,1,962,-2.892736510715993,0
d5a9cf6a9c76310134edcf28,cpu-nuts-spawn_chains,1,963,-7.018516415129706,0
d5a9cf6a9c76310134edcf28,cpu-nuts-spawn_chains,1,964,-3.144197153412991,0
d5a9cf6a9c76310134edcf28,cpu-nuts-spawn_chains,1,965,-3.6922945697833818,0
d5a9cf6a9c76310134edcf28,cpu-nuts-spawn_chains,1,966,-6.251729373221098,0
d5a9cf6a9c76310134edcf28,cpu-nuts-spawn_chains,1,967,-5.339098467456889,0
d5a9cf6a9c76310134edcf28,cpu-nuts-spawn_chains,1,968,-3.7866824152090244,0
d5a9cf6a9c76310134edcf28,cpu-nuts-spawn_chains,1,969,-6.37733432068966,0
d5a9cf6a9c76310134edcf28,cpu-nuts-spawn_chains,1,970,-5.307192596629682,0
d5a9cf6a9c76310134edcf28,cpu-nuts-spawn_chains,1,971,-4.4206733856219325,0
d5a9cf6a9c76310134edcf28,cpu-nuts-spawn_chains,1,972,-5.231473487104866,0
d5a9cf6a9c76310134edcf28,cpu-nuts-spawn_chains,1,973,-6.516260921856244,0
d5a9cf6a9c76310134edcf28,cpu-nuts-spawn_chains,1,974,-5.769450735537219,0
d5a9cf6a9c76310134edcf28,cpu-nuts-spawn_chains,1,975,-3.972406844164848,0
d5a9cf6a9c76310134edcf28,cpu-nuts-spawn_chains,1,976,-6.174605815814851,0
d5a9cf6a9c76310134edcf28,cpu-nuts-spawn_chains,1,977,-6.339593605384784,0
d5a9cf6a9c76310134edcf28,cpu-nuts-spawn_chains,1,978,-6.6274428307851245,0
d5a9cf6a9c76310134edcf28,cpu-nuts-spawn_chains,1,979,-3.4454255102058258,0
d5a9cf6a9c76310134edcf28,cpu-nuts-spawn_chains,1,980,-4.932216438931021,0
d5a9cf6a9c76310134edcf28,cpu-nuts-spawn_chains,1,981,-5.04963047972887,0
d5a9cf6a9c76310134edcf28,cpu-nuts-spawn_chains,1,982,-5.817833408893893,0
d5a9cf6a9c76310134edcf28,cpu-nuts-spawn_chains,1,983,-3.8145924871710806,0
d5a9cf6a9c76310134edcf28,cpu-nuts-spawn_chains,1,984,-5.987552584330324,0
d5a9cf6a9c76310134edcf28,cpu-nuts-spawn_chains,1,985,-4.447496960508033,0
d5a9cf6a9c76310134edcf28,cpu-nuts-spawn_chains,1,986,-5.544157036666448,0
d5a9cf6a9c76310134edcf28,cpu-nuts-spawn_chains,1,987,-3.5599386083014686,0
d5a9cf6a9c76310134edcf28,cpu-nuts-spawn_chains,1,988,-3.052950583640643,0
d5a9cf6a9c76310134edcf28,cpu-nuts-spawn_chains,1,989,-7.068551929180413,0
d5a9cf6a9c76310134edcf28,cpu-nuts-spawn_chains,1,990,-3.006888007182722,0
d5a9cf6a9c76310134edcf28,cpu-nuts-spawn_chains,1,991,-7.391812414141721,0
d5a9cf6a9c76310134edcf28,cpu-nuts-spawn_chains,1,992,-6.037103746054662,0
d5a9cf6a9c76310134edcf28,cpu-nuts-spawn_chains,1,993,-3.567680557241649,0
d5a9cf6a9c76310134edcf28,cpu-nuts-spawn_chains,1,994,-3.6548865269273323,0
d5a9cf6a9c76310134edcf28,cpu-nuts-spawn_chains,1,995,-3.747155458892998,0
d5a9cf6a9c76310134edcf28,cpu-nuts-spawn_chains,1,996,-3.5847409632089176,0
d5a9cf6a9c76310134edcf28,cpu-nuts-spawn_chains,1,997,-6.621066068049998,0
d5a9cf6a9c76310134edcf28,cpu-nuts-spawn_chains,1,998,-5.740039858516105,0
d5a9cf6a9c76310134edcf28,cpu-nuts-spawn_chains,1,999,-4.900567089524296,0
d5a9cf6a9c76310134edcf28,cpu-nuts-spawn_chains,1,1000,-4.783754185016406,0
d5a9cf6a9c76310134edcf28,cpu-nuts-spawn_chains,1,1001,-6.065603435762137,0
d5a9cf6a9c76310134edcf28,cpu-nuts-spawn_chains,1,1002,-5.535763289254388,0
d5a9cf6a9c76310134edcf28,cpu-nuts-spawn_chains,1,1003,-4.941448373430686,0
d5a9cf6a9c76310134edcf28,cpu-nuts-spawn_chains,1,1004,-5.365077372836777,0
d5a9cf6a9c76310134edcf28,cpu-nuts-spawn_chains,1,1005,-5.90334635965282,0
d5a9cf6a9c76310134edcf28,cpu-nuts-spawn_chains,1,1006,-4.012626302267275,0
d5a9cf6a9c76310134edcf28,cpu-nuts-spawn_chains,1,1007,-6.194661788539648,0
d5a9cf6a9c76310134edcf28,cpu-nuts-spawn_chains,1,1008,-4.086873472326453,0
d5a9cf6a9c76310134edcf28,cpu-nuts-spawn_chains,1,1009,-3.729001844671407,0
d5a9cf6a9c76310134edcf28,cpu-nuts-spawn_chains,1,1010,-3.1157315648806074,0
d5a9cf6a9c76310134edcf28,cpu-nuts-spawn_chains,1,1011,-7.084030901399682,0
d5a9cf6a9c76310134edcf28,cpu-nuts-spawn_chains,1,1012,-2.9252953678361093,0
d5a9cf6a9c76310134edcf28,cpu-nuts-spawn_chains,1,1013,-4.833354341516774,0
d5a9cf6a9c76310134edcf28,cpu-nuts-spawn_chains,1,1014,-5.217594914923386,0
d5a9cf6a9c76310134edcf28,cpu-nuts-spawn_chains,1,1015,-4.271176912046807,0
d5a9cf6a9c76310134edcf28,cpu-nuts-spawn_chains,1,1016,-6.192750193904919,0
d5a9cf6a9c76310134edcf28,cpu-nuts-spawn_chains,1,1017,-3.9282576834083844,0
d5a9cf6a9c76310134edcf28,cpu-nuts-spawn_chains,1,1018,-6.095176963245645,0
d5a9cf6a9c76310134edcf28,cpu-nuts-spawn_chains,1,1019,-3.639408831092813,0
d5a9cf6a9c76310134edcf28,cpu-nuts-spawn_chains,1,1020,-3.7202875821657857,0
d5a9cf6a9c76310134edcf28,cpu-nuts-spawn_chains,1,1021,-5.849522339123074,0
d5a9cf6a9c76310134edcf28,cpu-nuts-spawn_chains,1,1022,-5.801918539378989,0
d5a9cf6a9c76310134edcf28,cpu-nuts-spawn_chains,1,1023,-5.022906048318079,0
d5a9cf6a9c76310134edcf28,cpu-nuts-spawn_chains,1,1024,-3.788689522084712,0
d5a9cf6a9c76310134edcf28,cpu-nuts-spawn_chains,2,1,4.2064522687852115,1
d5a9cf6a9c76310134edcf28,cpu-nuts-spawn_chains,2,2,6.398288137898599,1
d5a9cf6a9c76310134edcf28,cpu-nuts-spawn_chains,2,3,3.9983911243776276,1
d5a9cf6a9c76310134edcf28,cpu-nuts-spawn_chains,2,4,4.0839368703433365,1
d5a9cf6a9c76310134edcf28,cpu-nuts-spawn_chains,2,5,7.220709653613827,1
d5a9cf6a9c76310134edcf28,cpu-nuts-spawn_chains,2,6,3.065748602462563,1
d5a9cf6a9c76310134edcf28,cpu-nuts-spawn_chains,2,7,5.625071623044629,1
d5a9cf6a9c76310134edcf28,cpu-nuts-spawn_chains,2,8,4.298985587424827,1
d5a9cf6a9c76310134edcf28,cpu-nuts-spawn_chains,2,9,3.830611543242825,1
d5a9cf6a9c76310134edcf28,cpu-nuts-spawn_chains,2,10,3.3528040895598434,1
d5a9cf6a9c76310134edcf28,cpu-nuts-spawn_chains,2,11,4.9029078113551225,1
d5a9cf6a9c76310134edcf28,cpu-nuts-spawn_chains,2,12,5.553584903845136,1
d5a9cf6a9c76310134edcf28,cpu-nuts-spawn_chains,2,13,4.986998214912068,1
d5a9cf6a9c76310134edcf28,cpu-nuts-spawn_chains,2,14,5.785937281210787,1
d5a9cf6a9c76310134edcf28,cpu-nuts-spawn_chains,2,15,5.4115404646869765,1
d5a9cf6a9c76310134edcf28,cpu-nuts-spawn_chains,2,16,4.418028696941487,1
d5a9cf6a9c76310134edcf28,cpu-nuts-spawn_chains,2,17,5.671183149314055,1
d5a9cf6a9c76310134edcf28,cpu-nuts-spawn_chains,2,18,4.682212524567927,1
d5a9cf6a9c76310134edcf28,cpu-nuts-spawn_chains,2,19,5.5571995935102,1
d5a9cf6a9c76310134edcf28,cpu-nuts-spawn_chains,2,20,3.786439546015766,1
d5a9cf6a9c76310134edcf28,cpu-nuts-spawn_chains,2,21,5.285160890723047,1
d5a9cf6a9c76310134edcf28,cpu-nuts-spawn_chains,2,22,4.9410161363009655,1
d5a9cf6a9c76310134edcf28,cpu-nuts-spawn_chains,2,23,7.257102226055821,1
d5a9cf6a9c76310134edcf28,cpu-nuts-spawn_chains,2,24,2.2628448573677455,1
d5a9cf6a9c76310134edcf28,cpu-nuts-spawn_chains,2,25,5.023596310498183,1
d5a9cf6a9c76310134edcf28,cpu-nuts-spawn_chains,2,26,4.188127396723805,1
d5a9cf6a9c76310134edcf28,cpu-nuts-spawn_chains,2,27,6.34298866654111,1
d5a9cf6a9c76310134edcf28,cpu-nuts-spawn_chains,2,28,5.121340896735718,1
d5a9cf6a9c76310134edcf28,cpu-nuts-spawn_chains,2,29,4.471622752213382,1
d5a9cf6a9c76310134edcf28,cpu-nuts-spawn_chains,2,30,5.244359304716433,1
d5a9cf6a9c76310134edcf28,cpu-nuts-spawn_chains,2,31,4.947415463702598,1
d5a9cf6a9c76310134edcf28,cpu-nuts-spawn_chains,2,32,4.758768342036907,1
d5a9cf6a9c76310134edcf28,cpu-nuts-spawn_chains,2,33,3.5596921075866357,1
d5a9cf6a9c76310134edcf28,cpu-nuts-spawn_chains,2,34,6.112408746089763,1
d5a9cf6a9c76310134edcf28,cpu-nuts-spawn_chains,2,35,5.452611706936313,1
d5a9cf6a9c76310134edcf28,cpu-nuts-spawn_chains,2,36,6.906537120404508,1
d5a9cf6a9c76310134edcf28,cpu-nuts-spawn_chains,2,37,3.598000574542635,1
d5a9cf6a9c76310134edcf28,cpu-nuts-spawn_chains,2,38,6.763354557880516,1
d5a9cf6a9c76310134edcf28,cpu-nuts-spawn_chains,2,39,5.542679954665168,1
d5a9cf6a9c76310134edcf28,cpu-nuts-spawn_chains,2,40,5.5781561283471826,1
d5a9cf6a9c76310134edcf28,cpu-nuts-spawn_chains,2,41,4.07991314783403,1
d5a9cf6a9c76310134edcf28,cpu-nuts-spawn_chains,2,42,3.2143111255590155,1
d5a9cf6a9c76310134edcf28,cpu-nuts-spawn_chains,2,43,6.015507225792854,1
d5a9cf6a9c76310134edcf28,cpu-nuts-spawn_chains,2,44,4.254386771457763,1
d5a9cf6a9c76310134edcf28,cpu-nuts-spawn_chains,2,45,7.565310146179999,1
d5a9cf6a9c76310134edcf28,cpu-nuts-spawn_chains,2,46,5.340211485235583,1
d5a9cf6a9c76310134edcf28,cpu-nuts-spawn_chains,2,47,4.652296629690294,1
d5a9cf6a9c76310134edcf28,cpu-nuts-spawn_chains,2,48,5.423817643409782,1
d5a9cf6a9c76310134edcf28,cpu-nuts-spawn_chains,2,49,5.062365555204658,1
d5a9cf6a9c76310134edcf28,cpu-nuts-spawn_chains,2,50,4.452390830791329,1
d5a9cf6a9c76310134edcf28,cpu-nuts-spawn_chains,2,51,5.977429522286201,1
d5a9cf6a9c76310134edcf28,cpu-nuts-spawn_chains,2,52,3.929495303036103,1
d5a9cf6a9c76310134edcf28,cpu-nuts-spawn_chains,2,53,5.67083163943506,1
d5a9cf6a9c76310134edcf28,cpu-nuts-spawn_chains,2,54,4.979902119831811,1
d5a9cf6a9c76310134edcf28,cpu-nuts-spawn_chains,2,55,5.091192428047082,1
d5a9cf6a9c76310134edcf28,cpu-nuts-spawn_chains,2,56,4.00471041746712,1
d5a9cf6a9c76310134edcf28,cpu-nuts-spawn_chains,2,57,4.705204990970002,1
d5a9cf6a9c76310134edcf28,cpu-nuts-spawn_chains,2,58,5.182323823912085,1
d5a9cf6a9c76310134edcf28,cpu-nuts-spawn_chains,2,59,4.400177750517577,1
d5a9cf6a9c76310134edcf28,cpu-nuts-spawn_chains,2,60,5.8744527810219385,1
d5a9cf6a9c76310134edcf28,cpu-nuts-spawn_chains,2,61,4.726815655941204,1
d5a9cf6a9c76310134edcf28,cpu-nuts-spawn_chains,2,62,4.048993708103118,1
d5a9cf6a9c76310134edcf28,cpu-nuts-spawn_chains,2,63,6.036197573823371,1
d5a9cf6a9c76310134edcf28,cpu-nuts-spawn_chains,2,64,3.8127049702659637,1
d5a9cf6a9c76310134edcf28,cpu-nuts-spawn_chains,2,65,6.283743637303621,1
d5a9cf6a9c76310134edcf28,cpu-nuts-spawn_chains,2,66,3.2637861773264807,1
d5a9cf6a9c76310134edcf28,cpu-nuts-spawn_chains,2,67,5.999268134198079,1
d5a9cf6a9c76310134edcf28,cpu-nuts-spawn_chains,2,68,3.6289650941252036,1
d5a9cf6a9c76310134edcf28,cpu-nuts-spawn_chains,2,69,6.472502935818608,1
d5a9cf6a9c76310134edcf28,cpu-nuts-spawn_chains,2,70,6.440838714590069,1
d5a9cf6a9c76310134edcf28,cpu-nuts-spawn_chains,2,71,5.904771527696466,1
d5a9cf6a9c76310134edcf28,cpu-nuts-spawn_chains,2,72,5.504819578247755,1
d5a9cf6a9c76310134edcf28,cpu-nuts-spawn_chains,2,73,5.173362536686017,1
d5a9cf6a9c76310134edcf28,cpu-nuts-spawn_chains,2,74,5.220773527105158,1
d5a9cf6a9c76310134edcf28,cpu-nuts-spawn_chains,2,75,4.653729280862462,1
d5a9cf6a9c76310134edcf28,cpu-nuts-spawn_chains,2,76,5.145748700598292,1
d5a9cf6a9c76310134edcf28,cpu-nuts-spawn_chains,2,77,5.504207210778325,1
d5a9cf6a9c76310134edcf28,cpu-nuts-spawn_chains,2,78,3.924580902553393,1
d5a9cf6a9c76310134edcf28,cpu-nuts-spawn_chains,2,79,5.274132014624306,1
d5a9cf6a9c76310134edcf28,cpu-nuts-spawn_chains,2,80,5.9903680033735345,1
d5a9cf6a9c76310134edcf28,cpu-nuts-spawn_chains,2,81,3.983566140912218,1
d5a9cf6a9c76310134edcf28,cpu-nuts-spawn_chains,2,82,6.306703126952427,1
d5a9cf6a9c76310134edcf28,cpu-nuts-spawn_chains,2,83,4.819729889590732,1
d5a9cf6a9c76310134edcf28,cpu-nuts-spawn_chains,2,84,4.0725735714262825,1
d5a9cf6a9c76310134edcf28,cpu-nuts-spawn_chains,2,85,4.960016091218075,1
d5a9cf6a9c76310134edcf28,cpu-nuts-spawn_chains,2,86,5.995629020877084,1
d5a9cf6a9c76310134edcf28,cpu-nuts-spawn_chains,2,87,3.731673145396863,1
d5a9cf6a9c76310134edcf28,cpu-nuts-spawn_chains,2,88,3.078560113347857,1
d5a9cf6a9c76310134edcf28,cpu-nuts-spawn_chains,2,89,4.050985946565904,1
d5a9cf6a9c76310134edcf28,cpu-nuts-spawn_chains,2,90,5.0292446265306525,1
d5a9cf6a9c76310134edcf28,cpu-nuts-spawn_chains,2,91,6.043495590849812,1
d5a9cf6a9c76310134edcf28,cpu-nuts-spawn_chains,2,92,3.688799783715794,1
d5a9cf6a9c76310134edcf28,cpu-nuts-spawn_chains,2,93,6.324690304297047,1
d5a9cf6a9c76310134edcf28,cpu-nuts-spawn_chains,2,94,4.547016391476722,1
d5a9cf6a9c76310134edcf28,cpu-nuts-spawn_chains,2,95,4.074418113602462,1
d5a9cf6a9c76310134edcf28,cpu-nuts-spawn_chains,2,96,5.87183171428543,1
d5a9cf6a9c76310134edcf28,cpu-nuts-spawn_chains,2,97,5.052121010813975,1
d5a9cf6a9c76310134edcf28,cpu-nuts-spawn_chains,2,98,5.439480605144771,1
d5a9cf6a9c76310134edcf28,cpu-nuts-spawn_chains,2,99,3.8623514229233944,1
d5a9cf6a9c76310134edcf28,cpu-nuts-spawn_chains,2,100,5.815567230841754,1
d5a9cf6a9c76310134edcf28,cpu-nuts-spawn_chains,2,101,5.177595571307163,1
d5a9cf6a9c76310134edcf28,cpu-nuts-spawn_chains,2,102,4.514296056868391,1
d5a9cf6a9c76310134edcf28,cpu-nuts-spawn_chains,2,103,3.9883336210124254,1
d5a9cf6a9c76310134edcf28,cpu-nuts-spawn_chains,2,104,5.644522791964127,1
d5a9cf6a9c76310134edcf28,cpu-nuts-spawn_chains,2,105,5.077798515622359,1
d5a9cf6a9c76310134edcf28,cpu-nuts-spawn_chains,2,106,4.566856153564856,1
d5a9cf6a9c76310134edcf28,cpu-nuts-spawn_chains,2,107,5.0148502234393115,1
d5a9cf6a9c76310134edcf28,cpu-nuts-spawn_chains,2,108,5.32297875521873,1
d5a9cf6a9c76310134edcf28,cpu-nuts-spawn_chains,2,109,5.147710330814416,1
d5a9cf6a9c76310134edcf28,cpu-nuts-spawn_chains,2,110,5.313719510835825,1
d5a9cf6a9c76310134edcf28,cpu-nuts-spawn_chains,2,111,4.622172479900735,1
d5a9cf6a9c76310134edcf28,cpu-nuts-spawn_chains,2,112,5.362280655350753,1
d5a9cf6a9c76310134edcf28,cpu-nuts-spawn_chains,2,113,4.642725904741658,1
d5a9cf6a9c76310134edcf28,cpu-nuts-spawn_chains,2,114,6.129532739331149,1
d5a9cf6a9c76310134edcf28,cpu-nuts-spawn_chains,2,115,6.1360138742243535,1
d5a9cf6a9c76310134edcf28,cpu-nuts-spawn_chains,2,116,3.9707452845374145,1
d5a9cf6a9c76310134edcf28,cpu-nuts-spawn_chains,2,117,6.027114868117982,1
d5a9cf6a9c76310134edcf28,cpu-nuts-spawn_chains,2,118,4.014463453107879,1
d5a9cf6a9c76310134edcf28,cpu-nuts-spawn_chains,2,119,5.67587469520845,1
d5a9cf6a9c76310134edcf28,cpu-nuts-spawn_chains,2,120,4.792970370805543,1
d5a9cf6a9c76310134edcf28,cpu-nuts-spawn_chains,2,121,3.1734936121463933,1
d5a9cf6a9c76310134edcf28,cpu-nuts-spawn_chains,2,122,4.789495959490711,1
d5a9cf6a9c76310134edcf28,cpu-nuts-spawn_chains,2,123,5.444959580524467,1
d5a9cf6a9c76310134edcf28,cpu-nuts-spawn_chains,2,124,6.441472451420719,1
d5a9cf6a9c76310134edcf28,cpu-nuts-spawn_chains,2,125,4.756299796456862,1
d5a9cf6a9c76310134edcf28,cpu-nuts-spawn_chains,2,126,4.770745621343738,1
d5a9cf6a9c76310134edcf28,cpu-nuts-spawn_chains,2,127,5.539885963440615,1
d5a9cf6a9c76310134edcf28,cpu-nuts-spawn_chains,2,128,4.351737969269769,1
d5a9cf6a9c76310134edcf28,cpu-nuts-spawn_chains,2,129,5.221784016331235,1
d5a9cf6a9c76310134edcf28,cpu-nuts-spawn_chains,2,130,4.636447194485896,1
d5a9cf6a9c76310134edcf28,cpu-nuts-spawn_chains,2,131,5.980618086343756,1
d5a9cf6a9c76310134edcf28,cpu-nuts-spawn_chains,2,132,4.357367411527533,1
d5a9cf6a9c76310134edcf28,cpu-nuts-spawn_chains,2,133,6.173140364331825,1
d5a9cf6a9c76310134edcf28,cpu-nuts-spawn_chains,2,134,3.9668667903797,1
d5a9cf6a9c76310134edcf28,cpu-nuts-spawn_chains,2,135,5.210042974606826,1
d5a9cf6a9c76310134edcf28,cpu-nuts-spawn_chains,2,136,5.1815446456595575,1
d5a9cf6a9c76310134edcf28,cpu-nuts-spawn_chains,2,137,4.6097711272548745,1
d5a9cf6a9c76310134edcf28,cpu-nuts-spawn_chains,2,138,5.570122535619532,1
d5a9cf6a9c76310134edcf28,cpu-nuts-spawn_chains,2,139,4.807766124780749,1
d5a9cf6a9c76310134edcf28,cpu-nuts-spawn_chains,2,140,5.623786693672323,1
d5a9cf6a9c76310134edcf28,cpu-nuts-spawn_chains,2,141,4.429800561846519,1
d5a9cf6a9c76310134edcf28,cpu-nuts-spawn_chains,2,142,3.9399634669361965,1
d5a9cf6a9c76310134edcf28,cpu-nuts-spawn_chains,2,143,4.360434148067927,1
d5a9cf6a9c76310134edcf28,cpu-nuts-spawn_chains,2,144,4.024065319347663,1
d5a9cf6a9c76310134edcf28,cpu-nuts-spawn_chains,2,145,5.881894655933375,1
d5a9cf6a9c76310134edcf28,cpu-nuts-spawn_chains,2,146,4.585820732135114,1
d5a9cf6a9c76310134edcf28,cpu-nuts-spawn_chains,2,147,5.532298905018696,1
d5a9cf6a9c76310134edcf28,cpu-nuts-spawn_chains,2,148,4.459647402096469,1
d5a9cf6a9c76310134edcf28,cpu-nuts-spawn_chains,2,149,6.020898052028741,1
d5a9cf6a9c76310134edcf28,cpu-nuts-spawn_chains,2,150,5.110238028445416,1
d5a9cf6a9c76310134edcf28,cpu-nuts-spawn_chains,2,151,5.063755323974883,1
d5a9cf6a9c76310134edcf28,cpu-nuts-spawn_chains,2,152,4.90287883131416,1
d5a9cf6a9c76310134edcf28,cpu-nuts-spawn_chains,2,153,5.202579242910576,1
d5a9cf6a9c76310134edcf28,cpu-nuts-spawn_chains,2,154,5.2119498449048045,1
d5a9cf6a9c76310134edcf28,cpu-nuts-spawn_chains,2,155,4.136926792266783,1
d5a9cf6a9c76310134edcf28,cpu-nuts-spawn_chains,2,156,4.75474060883297,1
d5a9cf6a9c76310134edcf28,cpu-nuts-spawn_chains,2,157,5.068806739390855,1
d5a9cf6a9c76310134edcf28,cpu-nuts-spawn_chains,2,158,3.328680654193881,1
d5a9cf6a9c76310134edcf28,cpu-nuts-spawn_chains,2,159,6.899092737262382,1
d5a9cf6a9c76310134edcf28,cpu-nuts-spawn_chains,2,160,4.285392759077122,1
d5a9cf6a9c76310134edcf28,cpu-nuts-spawn_chains,2,161,5.808386526485474,1
d5a9cf6a9c76310134edcf28,cpu-nuts-spawn_chains,2,162,3.266588735674814,1
d5a9cf6a9c76310134edcf28,cpu-nuts-spawn_chains,2,163,6.5849338086997875,1
d5a9cf6a9c76310134edcf28,cpu-nuts-spawn_chains,2,164,4.668391778128074,1
d5a9cf6a9c76310134edcf28,cpu-nuts-spawn_chains,2,165,6.497350202422241,1
d5a9cf6a9c76310134edcf28,cpu-nuts-spawn_chains,2,166,3.2645185470141254,1
d5a9cf6a9c76310134edcf28,cpu-nuts-spawn_chains,2,167,4.803316365934762,1
d5a9cf6a9c76310134edcf28,cpu-nuts-spawn_chains,2,168,5.6860649934118275,1
d5a9cf6a9c76310134edcf28,cpu-nuts-spawn_chains,2,169,3.2534138985419756,1
d5a9cf6a9c76310134edcf28,cpu-nuts-spawn_chains,2,170,6.1949418890312655,1
d5a9cf6a9c76310134edcf28,cpu-nuts-spawn_chains,2,171,4.323659255525155,1
d5a9cf6a9c76310134edcf28,cpu-nuts-spawn_chains,2,172,4.749445289300676,1
d5a9cf6a9c76310134edcf28,cpu-nuts-spawn_chains,2,173,4.479464156991451,1
d5a9cf6a9c76310134edcf28,cpu-nuts-spawn_chains,2,174,5.858381672366502,1
d5a9cf6a9c76310134edcf28,cpu-nuts-spawn_chains,2,175,3.3661550407834575,1
d5a9cf6a9c76310134edcf28,cpu-nuts-spawn_chains,2,176,6.198952916956024,1
d5a9cf6a9c76310134edcf28,cpu-nuts-spawn_chains,2,177,4.128633084701233,1
d5a9cf6a9c76310134edcf28,cpu-nuts-spawn_chains,2,178,5.792358202005603,1
d5a9cf6a9c76310134edcf28,cpu-nuts-spawn_chains,2,179,4.468415534328271,1
d5a9cf6a9c76310134edcf28,cpu-nuts-spawn_chains,2,180,5.845767788565419,1
d5a9cf6a9c76310134edcf28,cpu-nuts-spawn_chains,2,181,4.4665664166729675,1
d5a9cf6a9c76310134edcf28,cpu-nuts-spawn_chains,2,182,5.250567851386799,1
d5a9cf6a9c76310134edcf28,cpu-nuts-spawn_chains,2,183,4.063202551775698,1
d5a9cf6a9c76310134edcf28,cpu-nuts-spawn_chains,2,184,5.561874433748391,1
d5a9cf6a9c76310134edcf28,cpu-nuts-spawn_chains,2,185,6.041674599041837,1
d5a9cf6a9c76310134edcf28,cpu-nuts-spawn_chains,2,186,5.250653207839997,1
d5a9cf6a9c76310134edcf28,cpu-nuts-spawn_chains,2,187,4.309184009454878,1
d5a9cf6a9c76310134edcf28,cpu-nuts-spawn_chains,2,188,5.685884684499472,1
d5a9cf6a9c76310134edcf28,cpu-nuts-spawn_chains,2,189,4.652293165598174,1
d5a9cf6a9c76310134edcf28,cpu-nuts-spawn_chains,2,190,6.544573897496156,1
d5a9cf6a9c76310134edcf28,cpu-nuts-spawn_chains,2,191,3.540486317281134,1
d5a9cf6a9c76310134edcf28,cpu-nuts-spawn_chains,2,192,8.010080607565035,1
d5a9cf6a9c76310134edcf28,cpu-nuts-spawn_chains,2,193,2.1375538976663018,1
d5a9cf6a9c76310134edcf28,cpu-nuts-spawn_chains,2,194,8.088294532060043,1
d5a9cf6a9c76310134edcf28,cpu-nuts-spawn_chains,2,195,4.79224252286987,1
d5a9cf6a9c76310134edcf28,cpu-nuts-spawn_chains,2,196,4.978765452101007,1
d5a9cf6a9c76310134edcf28,cpu-nuts-spawn_chains,2,197,5.222108057699427,1
d5a9cf6a9c76310134edcf28,cpu-nuts-spawn_chains,2,198,3.9904202984896373,1
d5a9cf6a9c76310134edcf28,cpu-nuts-spawn_chains,2,199,5.931194494318757,1
d5a9cf6a9c76310134edcf28,cpu-nuts-spawn_chains,2,200,4.182415411980926,1
d5a9cf6a9c76310134edcf28,cpu-nuts-spawn_chains,2,201,5.421566389645958,1
d5a9cf6a9c76310134edcf28,cpu-nuts-spawn_chains,2,202,4.509143072256058,1
d5a9cf6a9c76310134edcf28,cpu-nuts-spawn_chains,2,203,4.489594964073449,1
d5a9cf6a9c76310134edcf28,cpu-nuts-spawn_chains,2,204,6.15781252269754,1
d5a9cf6a9c76310134edcf28,cpu-nuts-spawn_chains,2,205,4.767549080345932,1
d5a9cf6a9c76310134edcf28,cpu-nuts-spawn_chains,2,206,2.7631774349841947,1
d5a9cf6a9c76310134edcf28,cpu-nuts-spawn_chains,2,207,7.078559678338328,1
d5a9cf6a9c76310134edcf28,cpu-nuts-spawn_chains,2,208,2.945906163457202,1
d5a9cf6a9c76310134edcf28,cpu-nuts-spawn_chains,2,209,4.9983246640755965,1
d5a9cf6a9c76310134edcf28,cpu-nuts-spawn_chains,2,210,3.9415255298436094,1
d5a9cf6a9c76310134edcf28,cpu-nuts-spawn_chains,2,211,4.855478852763316,1
d5a9cf6a9c76310134edcf28,cpu-nuts-spawn_chains,2,212,4.995247659457769,1
d5a9cf6a9c76310134edcf28,cpu-nuts-spawn_chains,2,213,4.767511365106823,1
d5a9cf6a9c76310134edcf28,cpu-nuts-spawn_chains,2,214,4.415741624975608,1
d5a9cf6a9c76310134edcf28,cpu-nuts-spawn_chains,2,215,4.735836885647218,1
d5a9cf6a9c76310134edcf28,cpu-nuts-spawn_chains,2,216,5.018341805394369,1
d5a9cf6a9c76310134edcf28,cpu-nuts-spawn_chains,2,217,6.152017198230262,1
d5a9cf6a9c76310134edcf28,cpu-nuts-spawn_chains,2,218,4.137401317598588,1
d5a9cf6a9c76310134edcf28,cpu-nuts-spawn_chains,2,219,4.691353290229917,1
d5a9cf6a9c76310134edcf28,cpu-nuts-spawn_chains,2,220,3.8774076224856984,1
d5a9cf6a9c76310134edcf28,cpu-nuts-spawn_chains,2,221,5.750464103510307,1
d5a9cf6a9c76310134edcf28,cpu-nuts-spawn_chains,2,222,5.568427228230718,1
d5a9cf6a9c76310134edcf28,cpu-nuts-spawn_chains,2,223,5.314949032834113,1
d5a9cf6a9c76310134edcf28,cpu-nuts-spawn_chains,2,224,5.009289013518969,1
d5a9cf6a9c76310134edcf28,cpu-nuts-spawn_chains,2,225,4.840170448796651,1
d5a9cf6a9c76310134edcf28,cpu-nuts-spawn_chains,2,226,6.762393480465407,1
d5a9cf6a9c76310134edcf28,cpu-nuts-spawn_chains,2,227,4.7284605861328135,1
d5a9cf6a9c76310134edcf28,cpu-nuts-spawn_chains,2,228,4.691920776347321,1
d5a9cf6a9c76310134edcf28,cpu-nuts-spawn_chains,2,229,4.321026594114763,1
d5a9cf6a9c76310134edcf28,cpu-nuts-spawn_chains,2,230,4.389791949138008,1
d5a9cf6a9c76310134edcf28,cpu-nuts-spawn_chains,2,231,4.368942772172029,1
d5a9cf6a9c76310134edcf28,cpu-nuts-spawn_chains,2,232,5.862359229462387,1
d5a9cf6a9c76310134edcf28,cpu-nuts-spawn_chains,2,233,4.355307574360163,1
d5a9cf6a9c76310134edcf28,cpu-nuts-spawn_chains,2,234,7.249202967504067,1
d5a9cf6a9c76310134edcf28,cpu-nuts-spawn_chains,2,235,5.4934511658442995,1
d5a9cf6a9c76310134edcf28,cpu-nuts-spawn_chains,2,236,4.505924395173926,1
d5a9cf6a9c76310134edcf28,cpu-nuts-spawn_chains,2,237,4.393487283916648,1
d5a9cf6a9c76310134edcf28,cpu-nuts-spawn_chains,2,238,5.587301457271049,1
d5a9cf6a9c76310134edcf28,cpu-nuts-spawn_chains,2,239,5.217017720864147,1
d5a9cf6a9c76310134edcf28,cpu-nuts-spawn_chains,2,240,5.243225172756455,1
d5a9cf6a9c76310134edcf28,cpu-nuts-spawn_chains,2,241,4.006623673720801,1
d5a9cf6a9c76310134edcf28,cpu-nuts-spawn_chains,2,242,6.04871689464192,1
d5a9cf6a9c76310134edcf28,cpu-nuts-spawn_chains,2,243,4.558763199412846,1
d5a9cf6a9c76310134edcf28,cpu-nuts-spawn_chains,2,244,6.437357673298987,1
d5a9cf6a9c76310134edcf28,cpu-nuts-spawn_chains,2,245,3.9304676945490638,1
d5a9cf6a9c76310134edcf28,cpu-nuts-spawn_chains,2,246,3.975791328535137,1
d5a9cf6a9c76310134edcf28,cpu-nuts-spawn_chains,2,247,6.010114613626377,1
d5a9cf6a9c76310134edcf28,cpu-nuts-spawn_chains,2,248,4.380782947836824,1
d5a9cf6a9c76310134edcf28,cpu-nuts-spawn_chains,2,249,4.992380998021316,1
d5a9cf6a9c76310134edcf28,cpu-nuts-spawn_chains,2,250,4.221908388550887,1
d5a9cf6a9c76310134edcf28,cpu-nuts-spawn_chains,2,251,5.592793356708939,1
d5a9cf6a9c76310134edcf28,cpu-nuts-spawn_chains,2,252,4.167727959597541,1
d5a9cf6a9c76310134edcf28,cpu-nuts-spawn_chains,2,253,5.7700101982510175,1
d5a9cf6a9c76310134edcf28,cpu-nuts-spawn_chains,2,254,3.2527706283123843,1
d5a9cf6a9c76310134edcf28,cpu-nuts-spawn_chains,2,255,3.934364810965823,1
d5a9cf6a9c76310134edcf28,cpu-nuts-spawn_chains,2,256,4.909250401437805,1
d5a9cf6a9c76310134edcf28,cpu-nuts-spawn_chains,2,257,4.909250401437805,1
d5a9cf6a9c76310134edcf28,cpu-nuts-spawn_chains,2,258,4.3549621459635155,1
d5a9cf6a9c76310134edcf28,cpu-nuts-spawn_chains,2,259,4.91722291430114,1
d5a9cf6a9c76310134edcf28,cpu-nuts-spawn_chains,2,260,4.9681572395876765,1
d5a9cf6a9c76310134edcf28,cpu-nuts-spawn_chains,2,261,5.08629938187396,1
d5a9cf6a9c76310134edcf28,cpu-nuts-spawn_chains,2,262,5.400496141030505,1
d5a9cf6a9c76310134edcf28,cpu-nuts-spawn_chains,2,263,4.627673850920019,1
d5a9cf6a9c76310134edcf28,cpu-nuts-spawn_chains,2,264,5.549042456440976,1
d5a9cf6a9c76310134edcf28,cpu-nuts-spawn_chains,2,265,4.452528585628634,1
d5a9cf6a9c76310134edcf28,cpu-nuts-spawn_chains,2,266,4.599271965136889,1
d5a9cf6a9c76310134edcf28,cpu-nuts-spawn_chains,2,267,4.903868398957777,1
d5a9cf6a9c76310134edcf28,cpu-nuts-spawn_chains,2,268,6.045245871724825,1
d5a9cf6a9c76310134edcf28,cpu-nuts-spawn_chains,2,269,3.707303265722793,1
d5a9cf6a9c76310134edcf28,cpu-nuts-spawn_chains,2,270,6.152021174021207,1
d5a9cf6a9c76310134edcf28,cpu-nuts-spawn_chains,2,271,5.573097420222151,1
d5a9cf6a9c76310134edcf28,cpu-nuts-spawn_chains,2,272,4.705095790480627,1
d5a9cf6a9c76310134edcf28,cpu-nuts-spawn_chains,2,273,4.179023170786788,1
d5a9cf6a9c76310134edcf28,cpu-nuts-spawn_chains,2,274,6.021065055764263,1
d5a9cf6a9c76310134edcf28,cpu-nuts-spawn_chains,2,275,5.166371086142086,1
d5a9cf6a9c76310134edcf28,cpu-nuts-spawn_chains,2,276,4.917454882173815,1
d5a9cf6a9c76310134edcf28,cpu-nuts-spawn_chains,2,277,5.840531115330093,1
d5a9cf6a9c76310134edcf28,cpu-nuts-spawn_chains,2,278,4.716119687532825,1
d5a9cf6a9c76310134edcf28,cpu-nuts-spawn_chains,2,279,5.657196073139887,1
d5a9cf6a9c76310134edcf28,cpu-nuts-spawn_chains,2,280,5.545073135232356,1
d5a9cf6a9c76310134edcf28,cpu-nuts-spawn_chains,2,281,5.731155045281447,1
d5a9cf6a9c76310134edcf28,cpu-nuts-spawn_chains,2,282,4.53211667747382,1
d5a9cf6a9c76310134edcf28,cpu-nuts-spawn_chains,2,283,5.880389636184269,1
d5a9cf6a9c76310134edcf28,cpu-nuts-spawn_chains,2,284,4.419447485502701,1
d5a9cf6a9c76310134edcf28,cpu-nuts-spawn_chains,2,285,4.834885762078577,1
d5a9cf6a9c76310134edcf28,cpu-nuts-spawn_chains,2,286,6.025108785798756,1
d5a9cf6a9c76310134edcf28,cpu-nuts-spawn_chains,2,287,5.122621415701696,1
d5a9cf6a9c76310134edcf28,cpu-nuts-spawn_chains,2,288,6.00341962824746,1
d5a9cf6a9c76310134edcf28,cpu-nuts-spawn_chains,2,289,4.040615068216458,1
d5a9cf6a9c76310134edcf28,cpu-nuts-spawn_chains,2,290,4.435570239364087,1
d5a9cf6a9c76310134edcf28,cpu-nuts-spawn_chains,2,291,3.4098698781814445,1
d5a9cf6a9c76310134edcf28,cpu-nuts-spawn_chains,2,292,4.634280456478162,1
d5a9cf6a9c76310134edcf28,cpu-nuts-spawn_chains,2,293,5.228465561919643,1
d5a9cf6a9c76310134edcf28,cpu-nuts-spawn_chains,2,294,5.768325099225057,1
d5a9cf6a9c76310134edcf28,cpu-nuts-spawn_chains,2,295,3.9997795188486602,1
d5a9cf6a9c76310134edcf28,cpu-nuts-spawn_chains,2,296,6.263450849214638,1
d5a9cf6a9c76310134edcf28,cpu-nuts-spawn_chains,2,297,6.280147404043452,1
d5a9cf6a9c76310134edcf28,cpu-nuts-spawn_chains,2,298,5.681639125305533,1
d5a9cf6a9c76310134edcf28,cpu-nuts-spawn_chains,2,299,4.485724110504575,1
d5a9cf6a9c76310134edcf28,cpu-nuts-spawn_chains,2,300,5.41629855265203,1
d5a9cf6a9c76310134edcf28,cpu-nuts-spawn_chains,2,301,4.599325024975471,1
d5a9cf6a9c76310134edcf28,cpu-nuts-spawn_chains,2,302,5.246544898738921,1
d5a9cf6a9c76310134edcf28,cpu-nuts-spawn_chains,2,303,4.972916261908568,1
d5a9cf6a9c76310134edcf28,cpu-nuts-spawn_chains,2,304,4.356219808788944,1
d5a9cf6a9c76310134edcf28,cpu-nuts-spawn_chains,2,305,4.340018209051386,1
d5a9cf6a9c76310134edcf28,cpu-nuts-spawn_chains,2,306,5.120390410892316,1
d5a9cf6a9c76310134edcf28,cpu-nuts-spawn_chains,2,307,3.804075403618972,1
d5a9cf6a9c76310134edcf28,cpu-nuts-spawn_chains,2,308,6.018602481539832,1
d5a9cf6a9c76310134edcf28,cpu-nuts-spawn_chains,2,309,5.233302859309273,1
d5a9cf6a9c76310134edcf28,cpu-nuts-spawn_chains,2,310,5.2385365016830345,1
d5a9cf6a9c76310134edcf28,cpu-nuts-spawn_chains,2,311,5.946033308425389,1
d5a9cf6a9c76310134edcf28,cpu-nuts-spawn_chains,2,312,4.658862668629003,1
d5a9cf6a9c76310134edcf28,cpu-nuts-spawn_chains,2,313,5.14005325467659,1
d5a9cf6a9c76310134edcf28,cpu-nuts-spawn_chains,2,314,4.3102823071833924,1
d5a9cf6a9c76310134edcf28,cpu-nuts-spawn_chains,2,315,6.1845284472213535,1
d5a9cf6a9c76310134edcf28,cpu-nuts-spawn_chains,2,316,4.4994899948586795,1
d5a9cf6a9c76310134edcf28,cpu-nuts-spawn_chains,2,317,5.179640252848216,1
d5a9cf6a9c76310134edcf28,cpu-nuts-spawn_chains,2,318,6.461188979864606,1
d5a9cf6a9c76310134edcf28,cpu-nuts-spawn_chains,2,319,6.080643396232312,1
d5a9cf6a9c76310134edcf28,cpu-nuts-spawn_chains,2,320,4.160272383965156,1
d5a9cf6a9c76310134edcf28,cpu-nuts-spawn_chains,2,321,1.1679303591742416,1
d5a9cf6a9c76310134edcf28,cpu-nuts-spawn_chains,2,322,4.516733834178189,1
d5a9cf6a9c76310134edcf28,cpu-nuts-spawn_chains,2,323,3.6989570296310372,1
d5a9cf6a9c76310134edcf28,cpu-nuts-spawn_chains,2,324,6.483731760086672,1
d5a9cf6a9c76310134edcf28,cpu-nuts-spawn_chains,2,325,5.141982505131009,1
d5a9cf6a9c76310134edcf28,cpu-nuts-spawn_chains,2,326,3.1189035829987244,1
d5a9cf6a9c76310134edcf28,cpu-nuts-spawn_chains,2,327,4.746383221489608,1
d5a9cf6a9c76310134edcf28,cpu-nuts-spawn_chains,2,328,5.329768597958125,1
d5a9cf6a9c76310134edcf28,cpu-nuts-spawn_chains,2,329,5.4640123283132995,1
d5a9cf6a9c76310134edcf28,cpu-nuts-spawn_chains,2,330,4.146244972575687,1
d5a9cf6a9c76310134edcf28,cpu-nuts-spawn_chains,2,331,5.546918580198227,1
d5a9cf6a9c76310134edcf28,cpu-nuts-spawn_chains,2,332,4.124707063173703,1
d5a9cf6a9c76310134edcf28,cpu-nuts-spawn_chains,2,333,5.6079110005560135,1
d5a9cf6a9c76310134edcf28,cpu-nuts-spawn_chains,2,334,5.0311131511141,1
d5a9cf6a9c76310134edcf28,cpu-nuts-spawn_chains,2,335,5.476335396665339,1
d5a9cf6a9c76310134edcf28,cpu-nuts-spawn_chains,2,336,5.4785458064886035,1
d5a9cf6a9c76310134edcf28,cpu-nuts-spawn_chains,2,337,4.109569315053977,1
d5a9cf6a9c76310134edcf28,cpu-nuts-spawn_chains,2,338,5.694629054799956,1
d5a9cf6a9c76310134edcf28,cpu-nuts-spawn_chains,2,339,4.214169202160369,1
d5a9cf6a9c76310134edcf28,cpu-nuts-spawn_chains,2,340,3.4262308560259407,1
d5a9cf6a9c76310134edcf28,cpu-nuts-spawn_chains,2,341,6.563220990422458,1
d5a9cf6a9c76310134edcf28,cpu-nuts-spawn_chains,2,342,3.295176490649387,1
d5a9cf6a9c76310134edcf28,cpu-nuts-spawn_chains,2,343,6.485802255561249,1
d5a9cf6a9c76310134edcf28,cpu-nuts-spawn_chains,2,344,3.1442142600385625,1
d5a9cf6a9c76310134edcf28,cpu-nuts-spawn_chains,2,345,6.742509647249511,1
d5a9cf6a9c76310134edcf28,cpu-nuts-spawn_chains,2,346,3.5158525725711147,1
d5a9cf6a9c76310134edcf28,cpu-nuts-spawn_chains,2,347,6.265195255803487,1
d5a9cf6a9c76310134edcf28,cpu-nuts-spawn_chains,2,348,5.448664407987473,1
d5a9cf6a9c76310134edcf28,cpu-nuts-spawn_chains,2,349,4.611828732130514,1
d5a9cf6a9c76310134edcf28,cpu-nuts-spawn_chains,2,350,3.2677609090383344,1
d5a9cf6a9c76310134edcf28,cpu-nuts-spawn_chains,2,351,7.208096205808378,1
d5a9cf6a9c76310134edcf28,cpu-nuts-spawn_chains,2,352,6.500709182075646,1
d5a9cf6a9c76310134edcf28,cpu-nuts-spawn_chains,2,353,3.8956900538766286,1
d5a9cf6a9c76310134edcf28,cpu-nuts-spawn_chains,2,354,5.7662913070284265,1
d5a9cf6a9c76310134edcf28,cpu-nuts-spawn_chains,2,355,5.614556967603013,1
d5a9cf6a9c76310134edcf28,cpu-nuts-spawn_chains,2,356,4.805838648482925,1
d5a9cf6a9c76310134edcf28,cpu-nuts-spawn_chains,2,357,5.48646939050256,1
d5a9cf6a9c76310134edcf28,cpu-nuts-spawn_chains,2,358,4.78153736711892,1
d5a9cf6a9c76310134edcf28,cpu-nuts-spawn_chains,2,359,4.807873782951958,1
d5a9cf6a9c76310134edcf28,cpu-nuts-spawn_chains,2,360,5.222672075689129,1
d5a9cf6a9c76310134edcf28,cpu-nuts-spawn_chains,2,361,5.2063244009729015,1
d5a9cf6a9c76310134edcf28,cpu-nuts-spawn_chains,2,362,4.700846471311606,1
d5a9cf6a9c76310134edcf28,cpu-nuts-spawn_chains,2,363,3.9884606330401473,1
d5a9cf6a9c76310134edcf28,cpu-nuts-spawn_chains,2,364,4.707117790678826,1
d5a9cf6a9c76310134edcf28,cpu-nuts-spawn_chains,2,365,5.625003349856965,1
d5a9cf6a9c76310134edcf28,cpu-nuts-spawn_chains,2,366,5.115480458112668,1
d5a9cf6a9c76310134edcf28,cpu-nuts-spawn_chains,2,367,4.971170823582731,1
d5a9cf6a9c76310134edcf28,cpu-nuts-spawn_chains,2,368,1.8787522805004884,1
d5a9cf6a9c76310134edcf28,cpu-nuts-spawn_chains,2,369,6.451510726379661,1
d5a9cf6a9c76310134edcf28,cpu-nuts-spawn_chains,2,370,6.38106913456061,1
d5a9cf6a9c76310134edcf28,cpu-nuts-spawn_chains,2,371,3.8934073748660074,1
d5a9cf6a9c76310134edcf28,cpu-nuts-spawn_chains,2,372,5.718266003633044,1
d5a9cf6a9c76310134edcf28,cpu-nuts-spawn_chains,2,373,5.546005893754965,1
d5a9cf6a9c76310134edcf28,cpu-nuts-spawn_chains,2,374,4.981619261634035,1
d5a9cf6a9c76310134edcf28,cpu-nuts-spawn_chains,2,375,3.1557380458400233,1
d5a9cf6a9c76310134edcf28,cpu-nuts-spawn_chains,2,376,4.436175640941646,1
d5a9cf6a9c76310134edcf28,cpu-nuts-spawn_chains,2,377,4.685796348769138,1
d5a9cf6a9c76310134edcf28,cpu-nuts-spawn_chains,2,378,6.411550899300121,1
d5a9cf6a9c76310134edcf28,cpu-nuts-spawn_chains,2,379,6.102818670557939,1
d5a9cf6a9c76310134edcf28,cpu-nuts-spawn_chains,2,380,4.5716001152707175,1
d5a9cf6a9c76310134edcf28,cpu-nuts-spawn_chains,2,381,5.507994175349923,1
d5a9cf6a9c76310134edcf28,cpu-nuts-spawn_chains,2,382,5.018738713753716,1
d5a9cf6a9c76310134edcf28,cpu-nuts-spawn_chains,2,383,5.049580878399444,1
d5a9cf6a9c76310134edcf28,cpu-nuts-spawn_chains,2,384,3.952327439385476,1
d5a9cf6a9c76310134edcf28,cpu-nuts-spawn_chains,2,385,5.416706514459161,1
d5a9cf6a9c76310134edcf28,cpu-nuts-spawn_chains,2,386,6.17409116058309,1
d5a9cf6a9c76310134edcf28,cpu-nuts-spawn_chains,2,387,4.158651962733943,1
d5a9cf6a9c76310134edcf28,cpu-nuts-spawn_chains,2,388,5.075562657169856,1
d5a9cf6a9c76310134edcf28,cpu-nuts-spawn_chains,2,389,6.058309654048625,1
d5a9cf6a9c76310134edcf28,cpu-nuts-spawn_chains,2,390,7.26805756344333,1
d5a9cf6a9c76310134edcf28,cpu-nuts-spawn_chains,2,391,3.117184400137457,1
d5a9cf6a9c76310134edcf28,cpu-nuts-spawn_chains,2,392,6.920140184650913,1
d5a9cf6a9c76310134edcf28,cpu-nuts-spawn_chains,2,393,3.361590232071688,1
d5a9cf6a9c76310134edcf28,cpu-nuts-spawn_chains,2,394,4.157883724953031,1
d5a9cf6a9c76310134edcf28,cpu-nuts-spawn_chains,2,395,5.992403461013899,1
d5a9cf6a9c76310134edcf28,cpu-nuts-spawn_chains,2,396,4.430170726669967,1
d5a9cf6a9c76310134edcf28,cpu-nuts-spawn_chains,2,397,5.497651451446625,1
d5a9cf6a9c76310134edcf28,cpu-nuts-spawn_chains,2,398,4.6588706610534745,1
d5a9cf6a9c76310134edcf28,cpu-nuts-spawn_chains,2,399,5.84107496417241,1
d5a9cf6a9c76310134edcf28,cpu-nuts-spawn_chains,2,400,4.373661793472697,1
d5a9cf6a9c76310134edcf28,cpu-nuts-spawn_chains,2,401,6.076734989291548,1
d5a9cf6a9c76310134edcf28,cpu-nuts-spawn_chains,2,402,3.6507806373942113,1
d5a9cf6a9c76310134edcf28,cpu-nuts-spawn_chains,2,403,4.385295646553684,1
d5a9cf6a9c76310134edcf28,cpu-nuts-spawn_chains,2,404,5.637976680408773,1
d5a9cf6a9c76310134edcf28,cpu-nuts-spawn_chains,2,405,4.211046934371126,1
d5a9cf6a9c76310134edcf28,cpu-nuts-spawn_chains,2,406,5.359762189763068,1
d5a9cf6a9c76310134edcf28,cpu-nuts-spawn_chains,2,407,5.41177765079481,1
d5a9cf6a9c76310134edcf28,cpu-nuts-spawn_chains,2,408,4.368222141438838,1
d5a9cf6a9c76310134edcf28,cpu-nuts-spawn_chains,2,409,5.734512731738809,1
d5a9cf6a9c76310134edcf28,cpu-nuts-spawn_chains,2,410,6.611568583606248,1
d5a9cf6a9c76310134edcf28,cpu-nuts-spawn_chains,2,411,3.201306013726581,1
d5a9cf6a9c76310134edcf28,cpu-nuts-spawn_chains,2,412,6.262438366894558,1
d5a9cf6a9c76310134edcf28,cpu-nuts-spawn_chains,2,413,4.050819753779571,1
d5a9cf6a9c76310134edcf28,cpu-nuts-spawn_chains,2,414,4.715359615465523,1
d5a9cf6a9c76310134edcf28,cpu-nuts-spawn_chains,2,415,5.593008615830768,1
d5a9cf6a9c76310134edcf28,cpu-nuts-spawn_chains,2,416,4.418793272485356,1
d5a9cf6a9c76310134edcf28,cpu-nuts-spawn_chains,2,417,4.252484789791186,1
d5a9cf6a9c76310134edcf28,cpu-nuts-spawn_chains,2,418,5.2845635896147245,1
d5a9cf6a9c76310134edcf28,cpu-nuts-spawn_chains,2,419,3.2409553698324993,1
d5a9cf6a9c76310134edcf28,cpu-nuts-spawn_chains,2,420,6.391165906298126,1
d5a9cf6a9c76310134edcf28,cpu-nuts-spawn_chains,2,421,6.3624875512649135,1
d5a9cf6a9c76310134edcf28,cpu-nuts-spawn_chains,2,422,4.649379638128044,1
d5a9cf6a9c76310134edcf28,cpu-nuts-spawn_chains,2,423,6.0000361408840925,1
d5a9cf6a9c76310134edcf28,cpu-nuts-spawn_chains,2,424,4.16561032179251,1
d5a9cf6a9c76310134edcf28,cpu-nuts-spawn_chains,2,425,5.386429011467931,1
d5a9cf6a9c76310134edcf28,cpu-nuts-spawn_chains,2,426,6.0605295978528995,1
d5a9cf6a9c76310134edcf28,cpu-nuts-spawn_chains,2,427,3.778230270796675,1
d5a9cf6a9c76310134edcf28,cpu-nuts-spawn_chains,2,428,6.152949142897951,1
d5a9cf6a9c76310134edcf28,cpu-nuts-spawn_chains,2,429,5.893778804310195,1
d5a9cf6a9c76310134edcf28,cpu-nuts-spawn_chains,2,430,4.29426100626402,1
d5a9cf6a9c76310134edcf28,cpu-nuts-spawn_chains,2,431,5.291449116632231,1
d5a9cf6a9c76310134edcf28,cpu-nuts-spawn_chains,2,432,3.6818567605686625,1
d5a9cf6a9c76310134edcf28,cpu-nuts-spawn_chains,2,433,6.1682168275641915,1
d5a9cf6a9c76310134edcf28,cpu-nuts-spawn_chains,2,434,4.808242490381966,1
d5a9cf6a9c76310134edcf28,cpu-nuts-spawn_chains,2,435,4.8007162911888726,1
d5a9cf6a9c76310134edcf28,cpu-nuts-spawn_chains,2,436,5.503853352849016,1
d5a9cf6a9c76310134edcf28,cpu-nuts-spawn_chains,2,437,4.533049668865359,1
d5a9cf6a9c76310134edcf28,cpu-nuts-spawn_chains,2,438,6.197571769724963,1
d5a9cf6a9c76310134edcf28,cpu-nuts-spawn_chains,2,439,6.232767351249271,1
d5a9cf6a9c76310134edcf28,cpu-nuts-spawn_chains,2,440,5.853125117806737,1
d5a9cf6a9c76310134edcf28,cpu-nuts-spawn_chains,2,441,4.048020064689484,1
d5a9cf6a9c76310134edcf28,cpu-nuts-spawn_chains,2,442,6.441225263451905,1
d5a9cf6a9c76310134edcf28,cpu-nuts-spawn_chains,2,443,5.413941175810173,1
d5a9cf6a9c76310134edcf28,cpu-nuts-spawn_chains,2,444,5.026085499367317,1
d5a9cf6a9c76310134edcf28,cpu-nuts-spawn_chains,2,445,4.752120256790605,1
d5a9cf6a9c76310134edcf28,cpu-nuts-spawn_chains,2,446,5.797802677720598,1
d5a9cf6a9c76310134edcf28,cpu-nuts-spawn_chains,2,447,5.0833815167182355,1
d5a9cf6a9c76310134edcf28,cpu-nuts-spawn_chains,2,448,5.74721940786806,1
d5a9cf6a9c76310134edcf28,cpu-nuts-spawn_chains,2,449,5.296565996449439,1
d5a9cf6a9c76310134edcf28,cpu-nuts-spawn_chains,2,450,4.153383621731624,1
d5a9cf6a9c76310134edcf28,cpu-nuts-spawn_chains,2,451,4.91089711436906,1
d5a9cf6a9c76310134edcf28,cpu-nuts-spawn_chains,2,452,5.092344358048456,1
d5a9cf6a9c76310134edcf28,cpu-nuts-spawn_chains,2,453,6.490709989329634,1
d5a9cf6a9c76310134edcf28,cpu-nuts-spawn_chains,2,454,3.6351306581427876,1
d5a9cf6a9c76310134edcf28,cpu-nuts-spawn_chains,2,455,5.19040993533254,1
d5a9cf6a9c76310134edcf28,cpu-nuts-spawn_chains,2,456,4.8624001054462695,1
d5a9cf6a9c76310134edcf28,cpu-nuts-spawn_chains,2,457,3.072140614675936,1
d5a9cf6a9c76310134edcf28,cpu-nuts-spawn_chains,2,458,6.917528265337423,1
d5a9cf6a9c76310134edcf28,cpu-nuts-spawn_chains,2,459,3.192802063426599,1
d5a9cf6a9c76310134edcf28,cpu-nuts-spawn_chains,2,460,7.460288050179784,1
d5a9cf6a9c76310134edcf28,cpu-nuts-spawn_chains,2,461,2.6042120124138957,1
d5a9cf6a9c76310134edcf28,cpu-nuts-spawn_chains,2,462,6.204891896514198,1
d5a9cf6a9c76310134edcf28,cpu-nuts-spawn_chains,2,463,5.521409273903501,1
d5a9cf6a9c76310134edcf28,cpu-nuts-spawn_chains,2,464,5.34151517733333,1
d5a9cf6a9c76310134edcf28,cpu-nuts-spawn_chains,2,465,4.82524221089453,1
d5a9cf6a9c76310134edcf28,cpu-nuts-spawn_chains,2,466,4.958729969281761,1
d5a9cf6a9c76310134edcf28,cpu-nuts-spawn_chains,2,467,5.428888663814465,1
d5a9cf6a9c76310134edcf28,cpu-nuts-spawn_chains,2,468,4.642664802527046,1
d5a9cf6a9c76310134edcf28,cpu-nuts-spawn_chains,2,469,5.972541368995884,1
d5a9cf6a9c76310134edcf28,cpu-nuts-spawn_chains,2,470,5.703507809852766,1
d5a9cf6a9c76310134edcf28,cpu-nuts-spawn_chains,2,471,3.394346512108812,1
d5a9cf6a9c76310134edcf28,cpu-nuts-spawn_chains,2,472,7.12630384272703,1
d5a9cf6a9c76310134edcf28,cpu-nuts-spawn_chains,2,473,3.818638454971069,1
d5a9cf6a9c76310134edcf28,cpu-nuts-spawn_chains,2,474,6.446081226785827,1
d5a9cf6a9c76310134edcf28,cpu-nuts-spawn_chains,2,475,4.06189318362757,1
d5a9cf6a9c76310134edcf28,cpu-nuts-spawn_chains,2,476,5.710477062642631,1
d5a9cf6a9c76310134edcf28,cpu-nuts-spawn_chains,2,477,5.101815560460931,1
d5a9cf6a9c76310134edcf28,cpu-nuts-spawn_chains,2,478,4.871772365737036,1
d5a9cf6a9c76310134edcf28,cpu-nuts-spawn_chains,2,479,5.8979907409581305,1
d5a9cf6a9c76310134edcf28,cpu-nuts-spawn_chains,2,480,4.345146844667189,1
d5a9cf6a9c76310134edcf28,cpu-nuts-spawn_chains,2,481,4.2346968597804135,1
d5a9cf6a9c76310134edcf28,cpu-nuts-spawn_chains,2,482,3.806253629142727,1
d5a9cf6a9c76310134edcf28,cpu-nuts-spawn_chains,2,483,5.619070366119968,1
d5a9cf6a9c76310134edcf28,cpu-nuts-spawn_chains,2,484,6.753828317692764,1
d5a9cf6a9c76310134edcf28,cpu-nuts-spawn_chains,2,485,2.9170706709384446,1
d5a9cf6a9c76310134edcf28,cpu-nuts-spawn_chains,2,486,7.873582044693039,1
d5a9cf6a9c76310134edcf28,cpu-nuts-spawn_chains,2,487,1.8693895691123368,1
d5a9cf6a9c76310134edcf28,cpu-nuts-spawn_chains,2,488,6.839379406364747,1
d5a9cf6a9c76310134edcf28,cpu-nuts-spawn_chains,2,489,3.6140913861426167,1
d5a9cf6a9c76310134edcf28,cpu-nuts-spawn_chains,2,490,3.088250893017657,1
d5a9cf6a9c76310134edcf28,cpu-nuts-spawn_chains,2,491,5.340637736109677,1
d5a9cf6a9c76310134edcf28,cpu-nuts-spawn_chains,2,492,4.602446214042507,1
d5a9cf6a9c76310134edcf28,cpu-nuts-spawn_chains,2,493,4.829632712175717,1
d5a9cf6a9c76310134edcf28,cpu-nuts-spawn_chains,2,494,4.703039179648258,1
d5a9cf6a9c76310134edcf28,cpu-nuts-spawn_chains,2,495,5.430360765731427,1
d5a9cf6a9c76310134edcf28,cpu-nuts-spawn_chains,2,496,4.765651503576633,1
d5a9cf6a9c76310134edcf28,cpu-nuts-spawn_chains,2,497,4.1460560962129955,1
d5a9cf6a9c76310134edcf28,cpu-nuts-spawn_chains,2,498,5.077462779738098,1
d5a9cf6a9c76310134edcf28,cpu-nuts-spawn_chains,2,499,4.663164751120298,1
d5a9cf6a9c76310134edcf28,cpu-nuts-spawn_chains,2,500,4.740218853282918,1
d5a9cf6a9c76310134edcf28,cpu-nuts-spawn_chains,2,501,5.368101442914327,1
d5a9cf6a9c76310134edcf28,cpu-nuts-spawn_chains,2,502,5.368101442914327,1
d5a9cf6a9c76310134edcf28,cpu-nuts-spawn_chains,2,503,6.8479050524415515,1
d5a9cf6a9c76310134edcf28,cpu-nuts-spawn_chains,2,504,3.750532998682252,1
d5a9cf6a9c76310134edcf28,cpu-nuts-spawn_chains,2,505,5.300414940170856,1
d5a9cf6a9c76310134edcf28,cpu-nuts-spawn_chains,2,506,4.922129392515835,1
d5a9cf6a9c76310134edcf28,cpu-nuts-spawn_chains,2,507,5.645126799123149,1
d5a9cf6a9c76310134edcf28,cpu-nuts-spawn_chains,2,508,4.3413802059696085,1
d5a9cf6a9c76310134edcf28,cpu-nuts-spawn_chains,2,509,5.94698884180941,1
d5a9cf6a9c76310134edcf28,cpu-nuts-spawn_chains,2,510,4.758455738759519,1
d5a9cf6a9c76310134edcf28,cpu-nuts-spawn_chains,2,511,5.312238885144511,1
d5a9cf6a9c76310134edcf28,cpu-nuts-spawn_chains,2,512,4.920318101657973,1
d5a9cf6a9c76310134edcf28,cpu-nuts-spawn_chains,2,513,4.851019437146648,1
d5a9cf6a9c76310134edcf28,cpu-nuts-spawn_chains,2,514,5.234441987747167,1
d5a9cf6a9c76310134edcf28,cpu-nuts-spawn_chains,2,515,5.009658614236709,1
d5a9cf6a9c76310134edcf28,cpu-nuts-spawn_chains,2,516,5.547956967450795,1
d5a9cf6a9c76310134edcf28,cpu-nuts-spawn_chains,2,517,6.26945813238953,1
d5a9cf6a9c76310134edcf28,cpu-nuts-spawn_chains,2,518,3.618572144820877,1
d5a9cf6a9c76310134edcf28,cpu-nuts-spawn_chains,2,519,6.585899439420207,1
d5a9cf6a9c76310134edcf28,cpu-nuts-spawn_chains,2,520,5.483682240964537,1
d5a9cf6a9c76310134edcf28,cpu-nuts-spawn_chains,2,521,4.141797257814147,1
d5a9cf6a9c76310134edcf28,cpu-nuts-spawn_chains,2,522,5.5384660269970345,1
d5a9cf6a9c76310134edcf28,cpu-nuts-spawn_chains,2,523,5.017746560179377,1
d5a9cf6a9c76310134edcf28,cpu-nuts-spawn_chains,2,524,5.437272928663134,1
d5a9cf6a9c76310134edcf28,cpu-nuts-spawn_chains,2,525,4.571291885662344,1
d5a9cf6a9c76310134edcf28,cpu-nuts-spawn_chains,2,526,5.41917569653374,1
d5a9cf6a9c76310134edcf28,cpu-nuts-spawn_chains,2,527,7.0881504993806645,1
d5a9cf6a9c76310134edcf28,cpu-nuts-spawn_chains,2,528,3.4106631554872555,1
d5a9cf6a9c76310134edcf28,cpu-nuts-spawn_chains,2,529,4.714955611460924,1
d5a9cf6a9c76310134edcf28,cpu-nuts-spawn_chains,2,530,5.262952296922739,1
d5a9cf6a9c76310134edcf28,cpu-nuts-spawn_chains,2,531,3.9220351399611024,1
d5a9cf6a9c76310134edcf28,cpu-nuts-spawn_chains,2,532,5.77750730353662,1
d5a9cf6a9c76310134edcf28,cpu-nuts-spawn_chains,2,533,4.072631274315752,1
d5a9cf6a9c76310134edcf28,cpu-nuts-spawn_chains,2,534,6.05443165006855,1
d5a9cf6a9c76310134edcf28,cpu-nuts-spawn_chains,2,535,3.788666323578064,1
d5a9cf6a9c76310134edcf28,cpu-nuts-spawn_chains,2,536,4.119389596331116,1
d5a9cf6a9c76310134edcf28,cpu-nuts-spawn_chains,2,537,4.359005234800174,1
d5a9cf6a9c76310134edcf28,cpu-nuts-spawn_chains,2,538,5.747761884118767,1
d5a9cf6a9c76310134edcf28,cpu-nuts-spawn_chains,2,539,4.440544764883709,1
d5a9cf6a9c76310134edcf28,cpu-nuts-spawn_chains,2,540,5.185114149984829,1
d5a9cf6a9c76310134edcf28,cpu-nuts-spawn_chains,2,541,5.643224995900881,1
d5a9cf6a9c76310134edcf28,cpu-nuts-spawn_chains,2,542,4.81069746873121,1
d5a9cf6a9c76310134edcf28,cpu-nuts-spawn_chains,2,543,4.019943689817456,1
d5a9cf6a9c76310134edcf28,cpu-nuts-spawn_chains,2,544,6.2040793770900144,1
d5a9cf6a9c76310134edcf28,cpu-nuts-spawn_chains,2,545,5.8075489097306106,1
d5a9cf6a9c76310134edcf28,cpu-nuts-spawn_chains,2,546,3.3246896203814615,1
d5a9cf6a9c76310134edcf28,cpu-nuts-spawn_chains,2,547,6.810540282941057,1
d5a9cf6a9c76310134edcf28,cpu-nuts-spawn_chains,2,548,3.539372174494612,1
d5a9cf6a9c76310134edcf28,cpu-nuts-spawn_chains,2,549,6.058915503315033,1
d5a9cf6a9c76310134edcf28,cpu-nuts-spawn_chains,2,550,4.824470790893113,1
d5a9cf6a9c76310134edcf28,cpu-nuts-spawn_chains,2,551,4.692931174516672,1
d5a9cf6a9c76310134edcf28,cpu-nuts-spawn_chains,2,552,4.950022978966823,1
d5a9cf6a9c76310134edcf28,cpu-nuts-spawn_chains,2,553,5.146511491119521,1
d5a9cf6a9c76310134edcf28,cpu-nuts-spawn_chains,2,554,4.337261931721573,1
d5a9cf6a9c76310134edcf28,cpu-nuts-spawn_chains,2,555,6.889519219894685,1
d5a9cf6a9c76310134edcf28,cpu-nuts-spawn_chains,2,556,2.5121780603583597,1
d5a9cf6a9c76310134edcf28,cpu-nuts-spawn_chains,2,557,3.2381282765193182,1
d5a9cf6a9c76310134edcf28,cpu-nuts-spawn_chains,2,558,7.220944546245378,1
d5a9cf6a9c76310134edcf28,cpu-nuts-spawn_chains,2,559,3.7443877058259605,1
d5a9cf6a9c76310134edcf28,cpu-nuts-spawn_chains,2,560,5.664674461130316,1
d5a9cf6a9c76310134edcf28,cpu-nuts-spawn_chains,2,561,4.003057027662898,1
d5a9cf6a9c76310134edcf28,cpu-nuts-spawn_chains,2,562,6.356077867698254,1
d5a9cf6a9c76310134edcf28,cpu-nuts-spawn_chains,2,563,3.4715374061044297,1
d5a9cf6a9c76310134edcf28,cpu-nuts-spawn_chains,2,564,6.964570477692984,1
d5a9cf6a9c76310134edcf28,cpu-nuts-spawn_chains,2,565,5.980906036313656,1
d5a9cf6a9c76310134edcf28,cpu-nuts-spawn_chains,2,566,6.566152495863326,1
d5a9cf6a9c76310134edcf28,cpu-nuts-spawn_chains,2,567,3.0288166580577083,1
d5a9cf6a9c76310134edcf28,cpu-nuts-spawn_chains,2,568,4.975171197681995,1
d5a9cf6a9c76310134edcf28,cpu-nuts-spawn_chains,2,569,4.066253515474983,1
d5a9cf6a9c76310134edcf28,cpu-nuts-spawn_chains,2,570,6.5676107354910584,1
d5a9cf6a9c76310134edcf28,cpu-nuts-spawn_chains,2,571,7.275420986033931,1
d5a9cf6a9c76310134edcf28,cpu-nuts-spawn_chains,2,572,5.490612896458173,1
d5a9cf6a9c76310134edcf28,cpu-nuts-spawn_chains,2,573,4.832614132610103,1
d5a9cf6a9c76310134edcf28,cpu-nuts-spawn_chains,2,574,3.151347945715609,1
d5a9cf6a9c76310134edcf28,cpu-nuts-spawn_chains,2,575,3.8521173914914697,1
d5a9cf6a9c76310134edcf28,cpu-nuts-spawn_chains,2,576,3.745392457747305,1
d5a9cf6a9c76310134edcf28,cpu-nuts-spawn_chains,2,577,3.4595580774815327,1
d5a9cf6a9c76310134edcf28,cpu-nuts-spawn_chains,2,578,3.257969056384503,1
d5a9cf6a9c76310134edcf28,cpu-nuts-spawn_chains,2,579,3.987662242205536,1
d5a9cf6a9c76310134edcf28,cpu-nuts-spawn_chains,2,580,7.917054891662686,1
d5a9cf6a9c76310134edcf28,cpu-nuts-spawn_chains,2,581,2.7822894264693936,1
d5a9cf6a9c76310134edcf28,cpu-nuts-spawn_chains,2,582,4.3757171593596516,1
d5a9cf6a9c76310134edcf28,cpu-nuts-spawn_chains,2,583,4.594640438319416,1
d5a9cf6a9c76310134edcf28,cpu-nuts-spawn_chains,2,584,5.0808956195732184,1
d5a9cf6a9c76310134edcf28,cpu-nuts-spawn_chains,2,585,4.123582639545703,1
d5a9cf6a9c76310134edcf28,cpu-nuts-spawn_chains,2,586,3.545576689419404,1
d5a9cf6a9c76310134edcf28,cpu-nuts-spawn_chains,2,587,3.666265258442305,1
d5a9cf6a9c76310134edcf28,cpu-nuts-spawn_chains,2,588,6.02174557707324,1
d5a9cf6a9c76310134edcf28,cpu-nuts-spawn_chains,2,589,4.179536171847823,1
d5a9cf6a9c76310134edcf28,cpu-nuts-spawn_chains,2,590,4.051959580642282,1
d5a9cf6a9c76310134edcf28,cpu-nuts-spawn_chains,2,591,5.415664819178772,1
d5a9cf6a9c76310134edcf28,cpu-nuts-spawn_chains,2,592,5.547153232977916,1
d5a9cf6a9c76310134edcf28,cpu-nuts-spawn_chains,2,593,3.9784527507948564,1
d5a9cf6a9c76310134edcf28,cpu-nuts-spawn_chains,2,594,3.561092870609518,1
d5a9cf6a9c76310134edcf28,cpu-nuts-spawn_chains,2,595,6.01090943123107,1
d5a9cf6a9c76310134edcf28,cpu-nuts-spawn_chains,2,596,5.251828411964015,1
d5a9cf6a9c76310134edcf28,cpu-nuts-spawn_chains,2,597,4.2289726901648805,1
d5a9cf6a9c76310134edcf28,cpu-nuts-spawn_chains,2,598,6.085183610879434,1
d5a9cf6a9c76310134edcf28,cpu-nuts-spawn_chains,2,599,5.130635688950772,1
d5a9cf6a9c76310134edcf28,cpu-nuts-spawn_chains,2,600,3.446629057251563,1
d5a9cf6a9c76310134edcf28,cpu-nuts-spawn_chains,2,601,4.484103477449046,1
d5a9cf6a9c76310134edcf28,cpu-nuts-spawn_chains,2,602,4.231426878293754,1
d5a9cf6a9c76310134edcf28,cpu-nuts-spawn_chains,2,603,5.198550641997071,1
d5a9cf6a9c76310134edcf28,cpu-nuts-spawn_chains,2,604,3.9676790680598146,1
d5a9cf6a9c76310134edcf28,cpu-nuts-spawn_chains,2,605,5.358351296171626,1
d5a9cf6a9c76310134edcf28,cpu-nuts-spawn_chains,2,606,6.32629008947286,1
d5a9cf6a9c76310134edcf28,cpu-nuts-spawn_chains,2,607,4.467401297917226,1
d5a9cf6a9c76310134edcf28,cpu-nuts-spawn_chains,2,608,3.9712384035739,1
d5a9cf6a9c76310134edcf28,cpu-nuts-spawn_chains,2,609,4.810984830090721,1
d5a9cf6a9c76310134edcf28,cpu-nuts-spawn_chains,2,610,4.371162965192901,1
d5a9cf6a9c76310134edcf28,cpu-nuts-spawn_chains,2,611,5.440310305092553,1
d5a9cf6a9c76310134edcf28,cpu-nuts-spawn_chains,2,612,5.42076212422079,1
d5a9cf6a9c76310134edcf28,cpu-nuts-spawn_chains,2,613,4.082923540649863,1
d5a9cf6a9c76310134edcf28,cpu-nuts-spawn_chains,2,614,3.644927222080795,1
d5a9cf6a9c76310134edcf28,cpu-nuts-spawn_chains,2,615,4.131715288644185,1
d5a9cf6a9c76310134edcf28,cpu-nuts-spawn_chains,2,616,5.453543371195552,1
d5a9cf6a9c76310134edcf28,cpu-nuts-spawn_chains,2,617,4.229548621998394,1
d5a9cf6a9c76310134edcf28,cpu-nuts-spawn_chains,2,618,4.747947805988093,1
d5a9cf6a9c76310134edcf28,cpu-nuts-spawn_chains,2,619,4.747947805988093,1
d5a9cf6a9c76310134edcf28,cpu-nuts-spawn_chains,2,620,3.661383178047424,1
d5a9cf6a9c76310134edcf28,cpu-nuts-spawn_chains,2,621,3.728360657925088,1
d5a9cf6a9c76310134edcf28,cpu-nuts-spawn_chains,2,622,6.1498345101365155,1
d5a9cf6a9c76310134edcf28,cpu-nuts-spawn_chains,2,623,3.235493248679753,1
d5a9cf6a9c76310134edcf28,cpu-nuts-spawn_chains,2,624,3.235493248679753,1
d5a9cf6a9c76310134edcf28,cpu-nuts-spawn_chains,2,625,4.438793334736793,1
d5a9cf6a9c76310134edcf28,cpu-nuts-spawn_chains,2,626,3.5775644273157665,1
d5a9cf6a9c76310134edcf28,cpu-nuts-spawn_chains,2,627,6.7979822897455024,1
d5a9cf6a9c76310134edcf28,cpu-nuts-spawn_chains,2,628,6.225794578963918,1
d5a9cf6a9c76310134edcf28,cpu-nuts-spawn_chains,2,629,5.8945481093350205,1
d5a9cf6a9c76310134edcf28,cpu-nuts-spawn_chains,2,630,3.513971416845871,1
d5a9cf6a9c76310134edcf28,cpu-nuts-spawn_chains,2,631,6.265341292831866,1
d5a9cf6a9c76310134edcf28,cpu-nuts-spawn_chains,2,632,4.966825585007701,1
d5a9cf6a9c76310134edcf28,cpu-nuts-spawn_chains,2,633,6.196218273256748,1
d5a9cf6a9c76310134edcf28,cpu-nuts-spawn_chains,2,634,6.331637655673814,1
d5a9cf6a9c76310134edcf28,cpu-nuts-spawn_chains,2,635,3.8487198976376558,1
d5a9cf6a9c76310134edcf28,cpu-nuts-spawn_chains,2,636,4.488507492716499,1
d5a9cf6a9c76310134edcf28,cpu-nuts-spawn_chains,2,637,5.543188725310355,1
d5a9cf6a9c76310134edcf28,cpu-nuts-spawn_chains,2,638,4.4961937787177035,1
d5a9cf6a9c76310134edcf28,cpu-nuts-spawn_chains,2,639,5.197640651216682,1
d5a9cf6a9c76310134edcf28,cpu-nuts-spawn_chains,2,640,3.5286891574092962,1
d5a9cf6a9c76310134edcf28,cpu-nuts-spawn_chains,2,641,4.143476757864157,1
d5a9cf6a9c76310134edcf28,cpu-nuts-spawn_chains,2,642,6.067076108700125,1
d5a9cf6a9c76310134edcf28,cpu-nuts-spawn_chains,2,643,3.6402243768157905,1
d5a9cf6a9c76310134edcf28,cpu-nuts-spawn_chains,2,644,4.267301796912828,1
d5a9cf6a9c76310134edcf28,cpu-nuts-spawn_chains,2,645,4.942168651420291,1
d5a9cf6a9c76310134edcf28,cpu-nuts-spawn_chains,2,646,4.329778162930135,1
d5a9cf6a9c76310134edcf28,cpu-nuts-spawn_chains,2,647,5.819685459231355,1
d5a9cf6a9c76310134edcf28,cpu-nuts-spawn_chains,2,648,5.08595674716385,1
d5a9cf6a9c76310134edcf28,cpu-nuts-spawn_chains,2,649,4.513170953228477,1
d5a9cf6a9c76310134edcf28,cpu-nuts-spawn_chains,2,650,4.513170953228477,1
d5a9cf6a9c76310134edcf28,cpu-nuts-spawn_chains,2,651,5.148308745648311,1
d5a9cf6a9c76310134edcf28,cpu-nuts-spawn_chains,2,652,5.244926233200443,1
d5a9cf6a9c76310134edcf28,cpu-nuts-spawn_chains,2,653,5.264075778282808,1
d5a9cf6a9c76310134edcf28,cpu-nuts-spawn_chains,2,654,4.684985077130126,1
d5a9cf6a9c76310134edcf28,cpu-nuts-spawn_chains,2,655,4.787115872185341,1
d5a9cf6a9c76310134edcf28,cpu-nuts-spawn_chains,2,656,5.392690905944197,1
d5a9cf6a9c76310134edcf28,cpu-nuts-spawn_chains,2,657,6.02742530583198,1
d5a9cf6a9c76310134edcf28,cpu-nuts-spawn_chains,2,658,4.169916216062183,1
d5a9cf6a9c76310134edcf28,cpu-nuts-spawn_chains,2,659,5.04404831040639,1
d5a9cf6a9c76310134edcf28,cpu-nuts-spawn_chains,2,660,4.545020196985945,1
d5a9cf6a9c76310134edcf28,cpu-nuts-spawn_chains,2,661,5.753994220128148,1
d5a9cf6a9c76310134edcf28,cpu-nuts-spawn_chains,2,662,4.248600278172948,1
d5a9cf6a9c76310134edcf28,cpu-nuts-spawn_chains,2,663,4.9071434871557305,1
d5a9cf6a9c76310134edcf28,cpu-nuts-spawn_chains,2,664,5.478326649309857,1
d5a9cf6a9c76310134edcf28,cpu-nuts-spawn_chains,2,665,4.6646357458819665,1
d5a9cf6a9c76310134edcf28,cpu-nuts-spawn_chains,2,666,4.811634598594208,1
d5a9cf6a9c76310134edcf28,cpu-nuts-spawn_chains,2,667,5.287900799621545,1
d5a9cf6a9c76310134edcf28,cpu-nuts-spawn_chains,2,668,5.476198956318642,1
d5a9cf6a9c76310134edcf28,cpu-nuts-spawn_chains,2,669,6.443582587645139,1
d5a9cf6a9c76310134edcf28,cpu-nuts-spawn_chains,2,670,5.361475389297935,1
d5a9cf6a9c76310134edcf28,cpu-nuts-spawn_chains,2,671,4.757790116748853,1
d5a9cf6a9c76310134edcf28,cpu-nuts-spawn_chains,2,672,4.533645837256357,1
d5a9cf6a9c76310134edcf28,cpu-nuts-spawn_chains,2,673,5.520524648545001,1
d5a9cf6a9c76310134edcf28,cpu-nuts-spawn_chains,2,674,4.426478361192889,1
d5a9cf6a9c76310134edcf28,cpu-nuts-spawn_chains,2,675,5.395919661409463,1
d5a9cf6a9c76310134edcf28,cpu-nuts-spawn_chains,2,676,5.014428805326453,1
d5a9cf6a9c76310134edcf28,cpu-nuts-spawn_chains,2,677,5.808238416764772,1
d5a9cf6a9c76310134edcf28,cpu-nuts-spawn_chains,2,678,3.346472507793223,1
d5a9cf6a9c76310134edcf28,cpu-nuts-spawn_chains,2,679,6.986712947921368,1
d5a9cf6a9c76310134edcf28,cpu-nuts-spawn_chains,2,680,5.881144715195723,1
d5a9cf6a9c76310134edcf28,cpu-nuts-spawn_chains,2,681,6.374049443280303,1
d5a9cf6a9c76310134edcf28,cpu-nuts-spawn_chains,2,682,4.80507655350187,1
d5a9cf6a9c76310134edcf28,cpu-nuts-spawn_chains,2,683,4.493516471170657,1
d5a9cf6a9c76310134edcf28,cpu-nuts-spawn_chains,2,684,5.068971781282874,1
d5a9cf6a9c76310134edcf28,cpu-nuts-spawn_chains,2,685,5.711485320222937,1
d5a9cf6a9c76310134edcf28,cpu-nuts-spawn_chains,2,686,4.427466985969289,1
d5a9cf6a9c76310134edcf28,cpu-nuts-spawn_chains,2,687,5.197468013796354,1
d5a9cf6a9c76310134edcf28,cpu-nuts-spawn_chains,2,688,4.054111647372543,1
d5a9cf6a9c76310134edcf28,cpu-nuts-spawn_chains,2,689,6.290237996244329,1
d5a9cf6a9c76310134edcf28,cpu-nuts-spawn_chains,2,690,4.100902883774481,1
d5a9cf6a9c76310134edcf28,cpu-nuts-spawn_chains,2,691,4.005147525118462,1
d5a9cf6a9c76310134edcf28,cpu-nuts-spawn_chains,2,692,3.8942147921761263,1
d5a9cf6a9c76310134edcf28,cpu-nuts-spawn_chains,2,693,4.907075167407346,1
d5a9cf6a9c76310134edcf28,cpu-nuts-spawn_chains,2,694,5.836464705305758,1
d5a9cf6a9c76310134edcf28,cpu-nuts-spawn_chains,2,695,4.238699984642726,1
d5a9cf6a9c76310134edcf28,cpu-nuts-spawn_chains,2,696,5.358618561504601,1
d5a9cf6a9c76310134edcf28,cpu-nuts-spawn_chains,2,697,4.862188351854415,1
d5a9cf6a9c76310134edcf28,cpu-nuts-spawn_chains,2,698,4.428123710699822,1
d5a9cf6a9c76310134edcf28,cpu-nuts-spawn_chains,2,699,5.219999052030875,1
d5a9cf6a9c76310134edcf28,cpu-nuts-spawn_chains,2,700,6.396299656721561,1
d5a9cf6a9c76310134edcf28,cpu-nuts-spawn_chains,2,701,3.7511003707313066,1
d5a9cf6a9c76310134edcf28,cpu-nuts-spawn_chains,2,702,6.380032835762436,1
d5a9cf6a9c76310134edcf28,cpu-nuts-spawn_chains,2,703,4.107370735718907,1
d5a9cf6a9c76310134edcf28,cpu-nuts-spawn_chains,2,704,5.138220680503679,1
d5a9cf6a9c76310134edcf28,cpu-nuts-spawn_chains,2,705,4.883252014688767,1
d5a9cf6a9c76310134edcf28,cpu-nuts-spawn_chains,2,706,5.16726030343112,1
d5a9cf6a9c76310134edcf28,cpu-nuts-spawn_chains,2,707,4.636170053753486,1
d5a9cf6a9c76310134edcf28,cpu-nuts-spawn_chains,2,708,5.465936808067819,1
d5a9cf6a9c76310134edcf28,cpu-nuts-spawn_chains,2,709,4.410950638156091,1
d5a9cf6a9c76310134edcf28,cpu-nuts-spawn_chains,2,710,5.208992451478377,1
d5a9cf6a9c76310134edcf28,cpu-nuts-spawn_chains,2,711,4.041214323523599,1
d5a9cf6a9c76310134edcf28,cpu-nuts-spawn_chains,2,712,5.255118190810741,1
d5a9cf6a9c76310134edcf28,cpu-nuts-spawn_chains,2,713,4.811799662498636,1
d5a9cf6a9c76310134edcf28,cpu-nuts-spawn_chains,2,714,5.144404337210748,1
d5a9cf6a9c76310134edcf28,cpu-nuts-spawn_chains,2,715,5.059512389165991,1
d5a9cf6a9c76310134edcf28,cpu-nuts-spawn_chains,2,716,5.772136936147855,1
d5a9cf6a9c76310134edcf28,cpu-nuts-spawn_chains,2,717,4.576018927888321,1
d5a9cf6a9c76310134edcf28,cpu-nuts-spawn_chains,2,718,5.605560996077444,1
d5a9cf6a9c76310134edcf28,cpu-nuts-spawn_chains,2,719,4.599193621447397,1
d5a9cf6a9c76310134edcf28,cpu-nuts-spawn_chains,2,720,2.736654359958327,1
d5a9cf6a9c76310134edcf28,cpu-nuts-spawn_chains,2,721,6.891805389975816,1
d5a9cf6a9c76310134edcf28,cpu-nuts-spawn_chains,2,722,5.779637502650141,1
d5a9cf6a9c76310134edcf28,cpu-nuts-spawn_chains,2,723,6.21281181398436,1
d5a9cf6a9c76310134edcf28,cpu-nuts-spawn_chains,2,724,4.390440838433779,1
d5a9cf6a9c76310134edcf28,cpu-nuts-spawn_chains,2,725,5.543474771776246,1
d5a9cf6a9c76310134edcf28,cpu-nuts-spawn_chains,2,726,3.2116369609270543,1
d5a9cf6a9c76310134edcf28,cpu-nuts-spawn_chains,2,727,3.7826792304770507,1
d5a9cf6a9c76310134edcf28,cpu-nuts-spawn_chains,2,728,5.289798176197737,1
d5a9cf6a9c76310134edcf28,cpu-nuts-spawn_chains,2,729,4.820203077536283,1
d5a9cf6a9c76310134edcf28,cpu-nuts-spawn_chains,2,730,4.912280611249785,1
d5a9cf6a9c76310134edcf28,cpu-nuts-spawn_chains,2,731,5.347346551989913,1
d5a9cf6a9c76310134edcf28,cpu-nuts-spawn_chains,2,732,3.975563566737576,1
d5a9cf6a9c76310134edcf28,cpu-nuts-spawn_chains,2,733,6.041019861201413,1
d5a9cf6a9c76310134edcf28,cpu-nuts-spawn_chains,2,734,6.110366730843493,1
d5a9cf6a9c76310134edcf28,cpu-nuts-spawn_chains,2,735,4.008550735897985,1
d5a9cf6a9c76310134edcf28,cpu-nuts-spawn_chains,2,736,6.634677650579613,1
d5a9cf6a9c76310134edcf28,cpu-nuts-spawn_chains,2,737,7.625544387973601,1
d5a9cf6a9c76310134edcf28,cpu-nuts-spawn_chains,2,738,2.665755912623943,1
d5a9cf6a9c76310134edcf28,cpu-nuts-spawn_chains,2,739,6.667847233713127,1
d5a9cf6a9c76310134edcf28,cpu-nuts-spawn_chains,2,740,4.835760301698484,1
d5a9cf6a9c76310134edcf28,cpu-nuts-spawn_chains,2,741,5.777493676746547,1
d5a9cf6a9c76310134edcf28,cpu-nuts-spawn_chains,2,742,4.576199893134314,1
d5a9cf6a9c76310134edcf28,cpu-nuts-spawn_chains,2,743,4.4376177988638705,1
d5a9cf6a9c76310134edcf28,cpu-nuts-spawn_chains,2,744,5.622805123746906,1
d5a9cf6a9c76310134edcf28,cpu-nuts-spawn_chains,2,745,4.385601042938882,1
d5a9cf6a9c76310134edcf28,cpu-nuts-spawn_chains,2,746,6.43294295809873,1
d5a9cf6a9c76310134edcf28,cpu-nuts-spawn_chains,2,747,6.0574669491881155,1
d5a9cf6a9c76310134edcf28,cpu-nuts-spawn_chains,2,748,4.504468075426456,1
d5a9cf6a9c76310134edcf28,cpu-nuts-spawn_chains,2,749,4.125548798187367,1
d5a9cf6a9c76310134edcf28,cpu-nuts-spawn_chains,2,750,4.703949856018814,1
d5a9cf6a9c76310134edcf28,cpu-nuts-spawn_chains,2,751,5.102690625544598,1
d5a9cf6a9c76310134edcf28,cpu-nuts-spawn_chains,2,752,5.877598979950196,1
d5a9cf6a9c76310134edcf28,cpu-nuts-spawn_chains,2,753,5.753423365569187,1
d5a9cf6a9c76310134edcf28,cpu-nuts-spawn_chains,2,754,4.099703003155365,1
d5a9cf6a9c76310134edcf28,cpu-nuts-spawn_chains,2,755,5.404732668804402,1
d5a9cf6a9c76310134edcf28,cpu-nuts-spawn_chains,2,756,4.939781529422319,1
d5a9cf6a9c76310134edcf28,cpu-nuts-spawn_chains,2,757,3.273662423147388,1
d5a9cf6a9c76310134edcf28,cpu-nuts-spawn_chains,2,758,6.566151419247337,1
d5a9cf6a9c76310134edcf28,cpu-nuts-spawn_chains,2,759,6.126235647069083,1
d5a9cf6a9c76310134edcf28,cpu-nuts-spawn_chains,2,760,5.913213281167777,1
d5a9cf6a9c76310134edcf28,cpu-nuts-spawn_chains,2,761,4.156549237445988,1
d5a9cf6a9c76310134edcf28,cpu-nuts-spawn_chains,2,762,3.3570419628970347,1
d5a9cf6a9c76310134edcf28,cpu-nuts-spawn_chains,2,763,4.211962725498259,1
d5a9cf6a9c76310134edcf28,cpu-nuts-spawn_chains,2,764,5.08001608609832,1
d5a9cf6a9c76310134edcf28,cpu-nuts-spawn_chains,2,765,5.378682327240242,1
d5a9cf6a9c76310134edcf28,cpu-nuts-spawn_chains,2,766,4.637661414351741,1
d5a9cf6a9c76310134edcf28,cpu-nuts-spawn_chains,2,767,6.128282397955327,1
d5a9cf6a9c76310134edcf28,cpu-nuts-spawn_chains,2,768,4.404021149087658,1
d5a9cf6a9c76310134edcf28,cpu-nuts-spawn_chains,2,769,5.954307879582009,1
d5a9cf6a9c76310134edcf28,cpu-nuts-spawn_chains,2,770,4.173129228226513,1
d5a9cf6a9c76310134edcf28,cpu-nuts-spawn_chains,2,771,5.555909704938335,1
d5a9cf6a9c76310134edcf28,cpu-nuts-spawn_chains,2,772,4.859447783812803,1
d5a9cf6a9c76310134edcf28,cpu-nuts-spawn_chains,2,773,4.395152363286269,1
d5a9cf6a9c76310134edcf28,cpu-nuts-spawn_chains,2,774,5.304622018286235,1
d5a9cf6a9c76310134edcf28,cpu-nuts-spawn_chains,2,775,6.143608139080648,1
d5a9cf6a9c76310134edcf28,cpu-nuts-spawn_chains,2,776,3.6621318561366962,1
d5a9cf6a9c76310134edcf28,cpu-nuts-spawn_chains,2,777,4.754803311717376,1
d5a9cf6a9c76310134edcf28,cpu-nuts-spawn_chains,2,778,3.1023591543021425,1
d5a9cf6a9c76310134edcf28,cpu-nuts-spawn_chains,2,779,3.9018228999962083,1
d5a9cf6a9c76310134edcf28,cpu-nuts-spawn_chains,2,780,4.999060071704291,1
d5a9cf6a9c76310134edcf28,cpu-nuts-spawn_chains,2,781,5.181812729091314,1
d5a9cf6a9c76310134edcf28,cpu-nuts-spawn_chains,2,782,6.1221706349580804,1
d5a9cf6a9c76310134edcf28,cpu-nuts-spawn_chains,2,783,5.725271260303266,1
d5a9cf6a9c76310134edcf28,cpu-nuts-spawn_chains,2,784,5.440759031800916,1
d5a9cf6a9c76310134edcf28,cpu-nuts-spawn_chains,2,785,4.420148471758953,1
d5a9cf6a9c76310134edcf28,cpu-nuts-spawn_chains,2,786,4.420148471758953,1
d5a9cf6a9c76310134edcf28,cpu-nuts-spawn_chains,2,787,5.517169400640381,1
d5a9cf6a9c76310134edcf28,cpu-nuts-spawn_chains,2,788,4.258427006435009,1
d5a9cf6a9c76310134edcf28,cpu-nuts-spawn_chains,2,789,5.381634221435135,1
d5a9cf6a9c76310134edcf28,cpu-nuts-spawn_chains,2,790,4.756882932140597,1
d5a9cf6a9c76310134edcf28,cpu-nuts-spawn_chains,2,791,4.327716204061974,1
d5a9cf6a9c76310134edcf28,cpu-nuts-spawn_chains,2,792,5.65253010346141,1
d5a9cf6a9c76310134edcf28,cpu-nuts-spawn_chains,2,793,5.7688553012797215,1
d5a9cf6a9c76310134edcf28,cpu-nuts-spawn_chains,2,794,2.5856144177433475,1
d5a9cf6a9c76310134edcf28,cpu-nuts-spawn_chains,2,795,7.293358736785388,1
d5a9cf6a9c76310134edcf28,cpu-nuts-spawn_chains,2,796,2.821405994951142,1
d5a9cf6a9c76310134edcf28,cpu-nuts-spawn_chains,2,797,7.420562453286619,1
d5a9cf6a9c76310134edcf28,cpu-nuts-spawn_chains,2,798,2.1846751012433696,1
d5a9cf6a9c76310134edcf28,cpu-nuts-spawn_chains,2,799,7.810848168091888,1
d5a9cf6a9c76310134edcf28,cpu-nuts-spawn_chains,2,800,4.364531172628582,1
d5a9cf6a9c76310134edcf28,cpu-nuts-spawn_chains,2,801,6.312794559238763,1
d5a9cf6a9c76310134edcf28,cpu-nuts-spawn_chains,2,802,4.529727656190959,1
d5a9cf6a9c76310134edcf28,cpu-nuts-spawn_chains,2,803,6.5766049935579645,1
d5a9cf6a9c76310134edcf28,cpu-nuts-spawn_chains,2,804,6.113762311484366,1
d5a9cf6a9c76310134edcf28,cpu-nuts-spawn_chains,2,805,3.801947037759969,1
d5a9cf6a9c76310134edcf28,cpu-nuts-spawn_chains,2,806,3.4638523847540843,1
d5a9cf6a9c76310134edcf28,cpu-nuts-spawn_chains,2,807,4.536115983395524,1
d5a9cf6a9c76310134edcf28,cpu-nuts-spawn_chains,2,808,5.106497594156481,1
d5a9cf6a9c76310134edcf28,cpu-nuts-spawn_chains,2,809,4.912440915361306,1
d5a9cf6a9c76310134edcf28,cpu-nuts-spawn_chains,2,810,5.3089291629815545,1
d5a9cf6a9c76310134edcf28,cpu-nuts-spawn_chains,2,811,4.815875837738559,1
d5a9cf6a9c76310134edcf28,cpu-nuts-spawn_chains,2,812,5.4750231099112545,1
d5a9cf6a9c76310134edcf28,cpu-nuts-spawn_chains,2,813,4.441986632575402,1
d5a9cf6a9c76310134edcf28,cpu-nuts-spawn_chains,2,814,5.58442940915121,1
d5a9cf6a9c76310134edcf28,cpu-nuts-spawn_chains,2,815,4.783475890151297,1
d5a9cf6a9c76310134edcf28,cpu-nuts-spawn_chains,2,816,5.41663378543657,1
d5a9cf6a9c76310134edcf28,cpu-nuts-spawn_chains,2,817,5.723021929658463,1
d5a9cf6a9c76310134edcf28,cpu-nuts-spawn_chains,2,818,4.814687395554344,1
d5a9cf6a9c76310134edcf28,cpu-nuts-spawn_chains,2,819,5.403885014154875,1
d5a9cf6a9c76310134edcf28,cpu-nuts-spawn_chains,2,820,5.07638009698726,1
d5a9cf6a9c76310134edcf28,cpu-nuts-spawn_chains,2,821,4.601132162460184,1
d5a9cf6a9c76310134edcf28,cpu-nuts-spawn_chains,2,822,5.282629642681357,1
d5a9cf6a9c76310134edcf28,cpu-nuts-spawn_chains,2,823,4.969543433823242,1
d5a9cf6a9c76310134edcf28,cpu-nuts-spawn_chains,2,824,4.567615590282317,1
d5a9cf6a9c76310134edcf28,cpu-nuts-spawn_chains,2,825,5.242117984066543,1
d5a9cf6a9c76310134edcf28,cpu-nuts-spawn_chains,2,826,4.809231304569358,1
d5a9cf6a9c76310134edcf28,cpu-nuts-spawn_chains,2,827,6.54489705731216,1
d5a9cf6a9c76310134edcf28,cpu-nuts-spawn_chains,2,828,6.1286867767416,1
d5a9cf6a9c76310134edcf28,cpu-nuts-spawn_chains,2,829,3.410167661749958,1
d5a9cf6a9c76310134edcf28,cpu-nuts-spawn_chains,2,830,5.236906142844338,1
d5a9cf6a9c76310134edcf28,cpu-nuts-spawn_chains,2,831,6.057024906849707,1
d5a9cf6a9c76310134edcf28,cpu-nuts-spawn_chains,2,832,3.508942044448746,1
d5a9cf6a9c76310134edcf28,cpu-nuts-spawn_chains,2,833,4.312465398078832,1
d5a9cf6a9c76310134edcf28,cpu-nuts-spawn_chains,2,834,2.1897898421229725,1
d5a9cf6a9c76310134edcf28,cpu-nuts-spawn_chains,2,835,4.626156653159373,1
d5a9cf6a9c76310134edcf28,cpu-nuts-spawn_chains,2,836,4.978275121036742,1
d5a9cf6a9c76310134edcf28,cpu-nuts-spawn_chains,2,837,3.426764655886564,1
d5a9cf6a9c76310134edcf28,cpu-nuts-spawn_chains,2,838,4.623881543010482,1
d5a9cf6a9c76310134edcf28,cpu-nuts-spawn_chains,2,839,4.829105946712492,1
d5a9cf6a9c76310134edcf28,cpu-nuts-spawn_chains,2,840,5.135085752073137,1
d5a9cf6a9c76310134edcf28,cpu-nuts-spawn_chains,2,841,4.757532654814324,1
d5a9cf6a9c76310134edcf28,cpu-nuts-spawn_chains,2,842,4.664744119254765,1
d5a9cf6a9c76310134edcf28,cpu-nuts-spawn_chains,2,843,3.5830927112856092,1
d5a9cf6a9c76310134edcf28,cpu-nuts-spawn_chains,2,844,3.504187999326393,1
d5a9cf6a9c76310134edcf28,cpu-nuts-spawn_chains,2,845,6.7682219051341095,1
d5a9cf6a9c76310134edcf28,cpu-nuts-spawn_chains,2,846,5.12561514282644,1
d5a9cf6a9c76310134edcf28,cpu-nuts-spawn_chains,2,847,5.4315445785977925,1
d5a9cf6a9c76310134edcf28,cpu-nuts-spawn_chains,2,848,4.363889119717352,1
d5a9cf6a9c76310134edcf28,cpu-nuts-spawn_chains,2,849,6.120668112875458,1
d5a9cf6a9c76310134edcf28,cpu-nuts-spawn_chains,2,850,4.418586501925013,1
d5a9cf6a9c76310134edcf28,cpu-nuts-spawn_chains,2,851,5.723768201535148,1
d5a9cf6a9c76310134edcf28,cpu-nuts-spawn_chains,2,852,6.016241901861271,1
d5a9cf6a9c76310134edcf28,cpu-nuts-spawn_chains,2,853,5.809211930904401,1
d5a9cf6a9c76310134edcf28,cpu-nuts-spawn_chains,2,854,3.795173562795259,1
d5a9cf6a9c76310134edcf28,cpu-nuts-spawn_chains,2,855,5.921103845643746,1
d5a9cf6a9c76310134edcf28,cpu-nuts-spawn_chains,2,856,3.3653480078210176,1
d5a9cf6a9c76310134edcf28,cpu-nuts-spawn_chains,2,857,6.087687750725509,1
d5a9cf6a9c76310134edcf28,cpu-nuts-spawn_chains,2,858,6.237312568450066,1
d5a9cf6a9c76310134edcf28,cpu-nuts-spawn_chains,2,859,5.075188257472752,1
d5a9cf6a9c76310134edcf28,cpu-nuts-spawn_chains,2,860,5.448272540974817,1
d5a9cf6a9c76310134edcf28,cpu-nuts-spawn_chains,2,861,4.966022824208766,1
d5a9cf6a9c76310134edcf28,cpu-nuts-spawn_chains,2,862,4.617326398734259,1
d5a9cf6a9c76310134edcf28,cpu-nuts-spawn_chains,2,863,5.2130541552489476,1
d5a9cf6a9c76310134edcf28,cpu-nuts-spawn_chains,2,864,4.526426241590496,1
d5a9cf6a9c76310134edcf28,cpu-nuts-spawn_chains,2,865,2.9959975246600488,1
d5a9cf6a9c76310134edcf28,cpu-nuts-spawn_chains,2,866,5.084133288456618,1
d5a9cf6a9c76310134edcf28,cpu-nuts-spawn_chains,2,867,4.524839531057941,1
d5a9cf6a9c76310134edcf28,cpu-nuts-spawn_chains,2,868,5.006551151799772,1
d5a9cf6a9c76310134edcf28,cpu-nuts-spawn_chains,2,869,5.006551151799772,1
d5a9cf6a9c76310134edcf28,cpu-nuts-spawn_chains,2,870,6.139505781651324,1
d5a9cf6a9c76310134edcf28,cpu-nuts-spawn_chains,2,871,3.569055864350855,1
d5a9cf6a9c76310134edcf28,cpu-nuts-spawn_chains,2,872,5.999078152075894,1
d5a9cf6a9c76310134edcf28,cpu-nuts-spawn_chains,2,873,6.0467848413720375,1
d5a9cf6a9c76310134edcf28,cpu-nuts-spawn_chains,2,874,4.551666324146893,1
d5a9cf6a9c76310134edcf28,cpu-nuts-spawn_chains,2,875,5.098086340609689,1
d5a9cf6a9c76310134edcf28,cpu-nuts-spawn_chains,2,876,5.012352155292618,1
d5a9cf6a9c76310134edcf28,cpu-nuts-spawn_chains,2,877,5.485655940196692,1
d5a9cf6a9c76310134edcf28,cpu-nuts-spawn_chains,2,878,6.390185355669669,1
d5a9cf6a9c76310134edcf28,cpu-nuts-spawn_chains,2,879,4.9440011584213295,1
d5a9cf6a9c76310134edcf28,cpu-nuts-spawn_chains,2,880,4.4289762544650415,1
d5a9cf6a9c76310134edcf28,cpu-nuts-spawn_chains,2,881,4.4289762544650415,1
d5a9cf6a9c76310134edcf28,cpu-nuts-spawn_chains,2,882,5.757476853810368,1
d5a9cf6a9c76310134edcf28,cpu-nuts-spawn_chains,2,883,4.839271055356173,1
d5a9cf6a9c76310134edcf28,cpu-nuts-spawn_chains,2,884,4.886217921738945,1
d5a9cf6a9c76310134edcf28,cpu-nuts-spawn_chains,2,885,4.4884770539647345,1
d5a9cf6a9c76310134edcf28,cpu-nuts-spawn_chains,2,886,4.06895525048305,1
d5a9cf6a9c76310134edcf28,cpu-nuts-spawn_chains,2,887,5.76440083348592,1
d5a9cf6a9c76310134edcf28,cpu-nuts-spawn_chains,2,888,3.9605676569845283,1
d5a9cf6a9c76310134edcf28,cpu-nuts-spawn_chains,2,889,5.135966767530764,1
d5a9cf6a9c76310134edcf28,cpu-nuts-spawn_chains,2,890,4.166856600796242,1
d5a9cf6a9c76310134edcf28,cpu-nuts-spawn_chains,2,891,4.419578218043533,1
d5a9cf6a9c76310134edcf28,cpu-nuts-spawn_chains,2,892,5.426832424133756,1
d5a9cf6a9c76310134edcf28,cpu-nuts-spawn_chains,2,893,5.159839178975672,1
d5a9cf6a9c76310134edcf28,cpu-nuts-spawn_chains,2,894,4.988134325384986,1
d5a9cf6a9c76310134edcf28,cpu-nuts-spawn_chains,2,895,4.735330043396462,1
d5a9cf6a9c76310134edcf28,cpu-nuts-spawn_chains,2,896,4.730797531880841,1
d5a9cf6a9c76310134edcf28,cpu-nuts-spawn_chains,2,897,5.266331300624808,1
d5a9cf6a9c76310134edcf28,cpu-nuts-spawn_chains,2,898,4.662932980717326,1
d5a9cf6a9c76310134edcf28,cpu-nuts-spawn_chains,2,899,5.589516836384613,1
d5a9cf6a9c76310134edcf28,cpu-nuts-spawn_chains,2,900,5.267754960677386,1
d5a9cf6a9c76310134edcf28,cpu-nuts-spawn_chains,2,901,5.30983567503965,1
d5a9cf6a9c76310134edcf28,cpu-nuts-spawn_chains,2,902,6.381669281829331,1
d5a9cf6a9c76310134edcf28,cpu-nuts-spawn_chains,2,903,3.624861872301638,1
d5a9cf6a9c76310134edcf28,cpu-nuts-spawn_chains,2,904,6.0281052060227625,1
d5a9cf6a9c76310134edcf28,cpu-nuts-spawn_chains,2,905,5.328902979096526,1
d5a9cf6a9c76310134edcf28,cpu-nuts-spawn_chains,2,906,4.157436763307395,1
d5a9cf6a9c76310134edcf28,cpu-nuts-spawn_chains,2,907,5.480386604348274,1
d5a9cf6a9c76310134edcf28,cpu-nuts-spawn_chains,2,908,5.1969564021075945,1
d5a9cf6a9c76310134edcf28,cpu-nuts-spawn_chains,2,909,4.839198629614406,1
d5a9cf6a9c76310134edcf28,cpu-nuts-spawn_chains,2,910,6.869468738593574,1
d5a9cf6a9c76310134edcf28,cpu-nuts-spawn_chains,2,911,3.458730915584902,1
d5a9cf6a9c76310134edcf28,cpu-nuts-spawn_chains,2,912,5.309485295829736,1
d5a9cf6a9c76310134edcf28,cpu-nuts-spawn_chains,2,913,4.160839942076256,1
d5a9cf6a9c76310134edcf28,cpu-nuts-spawn_chains,2,914,4.617895916789321,1
d5a9cf6a9c76310134edcf28,cpu-nuts-spawn_chains,2,915,4.717149507180998,1
d5a9cf6a9c76310134edcf28,cpu-nuts-spawn_chains,2,916,5.541582044200284,1
d5a9cf6a9c76310134edcf28,cpu-nuts-spawn_chains,2,917,6.276935366778675,1
d5a9cf6a9c76310134edcf28,cpu-nuts-spawn_chains,2,918,5.254323487940921,1
d5a9cf6a9c76310134edcf28,cpu-nuts-spawn_chains,2,919,5.36120740259537,1
d5a9cf6a9c76310134edcf28,cpu-nuts-spawn_chains,2,920,4.7728395548784786,1
d5a9cf6a9c76310134edcf28,cpu-nuts-spawn_chains,2,921,5.118070538454106,1
d5a9cf6a9c76310134edcf28,cpu-nuts-spawn_chains,2,922,4.218189381169517,1
d5a9cf6a9c76310134edcf28,cpu-nuts-spawn_chains,2,923,5.2173099255878235,1
d5a9cf6a9c76310134edcf28,cpu-nuts-spawn_chains,2,924,5.188191451973785,1
d5a9cf6a9c76310134edcf28,cpu-nuts-spawn_chains,2,925,5.382995585793814,1
d5a9cf6a9c76310134edcf28,cpu-nuts-spawn_chains,2,926,3.5052106987971134,1
d5a9cf6a9c76310134edcf28,cpu-nuts-spawn_chains,2,927,5.7025919507761245,1
d5a9cf6a9c76310134edcf28,cpu-nuts-spawn_chains,2,928,4.6573436761365254,1
d5a9cf6a9c76310134edcf28,cpu-nuts-spawn_chains,2,929,5.976290674496928,1
d5a9cf6a9c76310134edcf28,cpu-nuts-spawn_chains,2,930,4.493084930188137,1
d5a9cf6a9c76310134edcf28,cpu-nuts-spawn_chains,2,931,4.037848536719071,1
d5a9cf6a9c76310134edcf28,cpu-nuts-spawn_chains,2,932,3.731394519609755,1
d5a9cf6a9c76310134edcf28,cpu-nuts-spawn_chains,2,933,7.017254283073404,1
d5a9cf6a9c76310134edcf28,cpu-nuts-spawn_chains,2,934,5.459782011171319,1
d5a9cf6a9c76310134edcf28,cpu-nuts-spawn_chains,2,935,4.803230000036411,1
d5a9cf6a9c76310134edcf28,cpu-nuts-spawn_chains,2,936,4.93895027452799,1
d5a9cf6a9c76310134edcf28,cpu-nuts-spawn_chains,2,937,3.4469782682154975,1
d5a9cf6a9c76310134edcf28,cpu-nuts-spawn_chains,2,938,5.384500703766576,1
d5a9cf6a9c76310134edcf28,cpu-nuts-spawn_chains,2,939,5.612918168519839,1
d5a9cf6a9c76310134edcf28,cpu-nuts-spawn_chains,2,940,4.756826123954649,1
d5a9cf6a9c76310134edcf28,cpu-nuts-spawn_chains,2,941,4.756826123954649,1
d5a9cf6a9c76310134edcf28,cpu-nuts-spawn_chains,2,942,5.322138097509154,1
d5a9cf6a9c76310134edcf28,cpu-nuts-spawn_chains,2,943,5.371615419319225,1
d5a9cf6a9c76310134edcf28,cpu-nuts-spawn_chains,2,944,3.8156105480666302,1
d5a9cf6a9c76310134edcf28,cpu-nuts-spawn_chains,2,945,5.721808533409769,1
d5a9cf6a9c76310134edcf28,cpu-nuts-spawn_chains,2,946,4.811951006337469,1
d5a9cf6a9c76310134edcf28,cpu-nuts-spawn_chains,2,947,6.953241516083016,1
d5a9cf6a9c76310134edcf28,cpu-nuts-spawn_chains,2,948,4.879435670666578,1
d5a9cf6a9c76310134edcf28,cpu-nuts-spawn_chains,2,949,4.509771263695763,1
d5a9cf6a9c76310134edcf28,cpu-nuts-spawn_chains,2,950,5.3809421286265415,1
d5a9cf6a9c76310134edcf28,cpu-nuts-spawn_chains,2,951,4.763375417639512,1
d5a9cf6a9c76310134edcf28,cpu-nuts-spawn_chains,2,952,4.029517376891851,1
d5a9cf6a9c76310134edcf28,cpu-nuts-spawn_chains,2,953,5.095938281500716,1
d5a9cf6a9c76310134edcf28,cpu-nuts-spawn_chains,2,954,4.339581096730911,1
d5a9cf6a9c76310134edcf28,cpu-nuts-spawn_chains,2,955,3.337180917660686,1
d5a9cf6a9c76310134edcf28,cpu-nuts-spawn_chains,2,956,7.087900627715764,1
d5a9cf6a9c76310134edcf28,cpu-nuts-spawn_chains,2,957,3.225669230364099,1
d5a9cf6a9c76310134edcf28,cpu-nuts-spawn_chains,2,958,3.765266103632901,1
d5a9cf6a9c76310134edcf28,cpu-nuts-spawn_chains,2,959,5.448879573445314,1
d5a9cf6a9c76310134edcf28,cpu-nuts-spawn_chains,2,960,5.255781919788563,1
d5a9cf6a9c76310134edcf28,cpu-nuts-spawn_chains,2,961,4.717774171830586,1
d5a9cf6a9c76310134edcf28,cpu-nuts-spawn_chains,2,962,4.208416054885091,1
d5a9cf6a9c76310134edcf28,cpu-nuts-spawn_chains,2,963,4.636954732808647,1
d5a9cf6a9c76310134edcf28,cpu-nuts-spawn_chains,2,964,4.086258037295234,1
d5a9cf6a9c76310134edcf28,cpu-nuts-spawn_chains,2,965,5.52535150075448,1
d5a9cf6a9c76310134edcf28,cpu-nuts-spawn_chains,2,966,4.551867380184066,1
d5a9cf6a9c76310134edcf28,cpu-nuts-spawn_chains,2,967,2.646001825524784,1
d5a9cf6a9c76310134edcf28,cpu-nuts-spawn_chains,2,968,7.080941368007133,1
d5a9cf6a9c76310134edcf28,cpu-nuts-spawn_chains,2,969,5.543427488756928,1
d5a9cf6a9c76310134edcf28,cpu-nuts-spawn_chains,2,970,4.2962175313505355,1
d5a9cf6a9c76310134edcf28,cpu-nuts-spawn_chains,2,971,5.321308797012591,1
d5a9cf6a9c76310134edcf28,cpu-nuts-spawn_chains,2,972,4.161114240189059,1
d5a9cf6a9c76310134edcf28,cpu-nuts-spawn_chains,2,973,4.677054579105933,1
d5a9cf6a9c76310134edcf28,cpu-nuts-spawn_chains,2,974,5.722729777311429,1
d5a9cf6a9c76310134edcf28,cpu-nuts-spawn_chains,2,975,5.991339291242104,1
d5a9cf6a9c76310134edcf28,cpu-nuts-spawn_chains,2,976,4.689756280237816,1
d5a9cf6a9c76310134edcf28,cpu-nuts-spawn_chains,2,977,4.580293240726789,1
d5a9cf6a9c76310134edcf28,cpu-nuts-spawn_chains,2,978,5.625758318291453,1
d5a9cf6a9c76310134edcf28,cpu-nuts-spawn_chains,2,979,4.562006538228461,1
d5a9cf6a9c76310134edcf28,cpu-nuts-spawn_chains,2,980,5.244773644297021,1
d5a9cf6a9c76310134edcf28,cpu-nuts-spawn_chains,2,981,5.757658691741581,1
d5a9cf6a9c76310134edcf28,cpu-nuts-spawn_chains,2,982,4.755664087846398,1
d5a9cf6a9c76310134edcf28,cpu-nuts-spawn_chains,2,983,5.162209081324702,1
d5a9cf6a9c76310134edcf28,cpu-nuts-spawn_chains,2,984,4.258487246504018,1
d5a9cf6a9c76310134edcf28,cpu-nuts-spawn_chains,2,985,5.372298211455092,1
d5a9cf6a9c76310134edcf28,cpu-nuts-spawn_chains,2,986,5.079675706448699,1
d5a9cf6a9c76310134edcf28,cpu-nuts-spawn_chains,2,987,4.9898347905530605,1
d5a9cf6a9c76310134edcf28,cpu-nuts-spawn_chains,2,988,3.5564380207592206,1
d5a9cf6a9c76310134edcf28,cpu-nuts-spawn_chains,2,989,5.176200084769836,1
d5a9cf6a9c76310134edcf28,cpu-nuts-spawn_chains,2,990,4.67638536972874,1
d5a9cf6a9c76310134edcf28,cpu-nuts-spawn_chains,2,991,5.1908835637119175,1
d5a9cf6a9c76310134edcf28,cpu-nuts-spawn_chains,2,992,3.684497070553597,1
d5a9cf6a9c76310134edcf28,cpu-nuts-spawn_chains,2,993,4.921008925283236,1
d5a9cf6a9c76310134edcf28,cpu-nuts-spawn_chains,2,994,4.604945139462212,1
d5a9cf6a9c76310134edcf28,cpu-nuts-spawn_chains,2,995,4.657622670353137,1
d5a9cf6a9c76310134edcf28,cpu-nuts-spawn_chains,2,996,4.13760621942816,1
d5a9cf6a9c76310134edcf28,cpu-nuts-spawn_chains,2,997,5.9567682389778795,1
d5a9cf6a9c76310134edcf28,cpu-nuts-spawn_chains,2,998,3.6651272593360162,1
d5a9cf6a9c76310134edcf28,cpu-nuts-spawn_chains,2,999,5.313710369692271,1
d5a9cf6a9c76310134edcf28,cpu-nuts-spawn_chains,2,1000,4.806064208744173,1
d5a9cf6a9c76310134edcf28,cpu-nuts-spawn_chains,2,1001,5.343121178431556,1
d5a9cf6a9c76310134edcf28,cpu-nuts-spawn_chains,2,1002,4.6958832580416745,1
d5a9cf6a9c76310134edcf28,cpu-nuts-spawn_chains,2,1003,5.3523328769894025,1
d5a9cf6a9c76310134edcf28,cpu-nuts-spawn_chains,2,1004,6.625142316794001,1
d5a9cf6a9c76310134edcf28,cpu-nuts-spawn_chains,2,1005,4.979690946882869,1
d5a9cf6a9c76310134edcf28,cpu-nuts-spawn_chains,2,1006,6.727619836630379,1
d5a9cf6a9c76310134edcf28,cpu-nuts-spawn_chains,2,1007,2.7853126285784917,1
d5a9cf6a9c76310134edcf28,cpu-nuts-spawn_chains,2,1008,3.8475226640291096,1
d5a9cf6a9c76310134edcf28,cpu-nuts-spawn_chains,2,1009,6.387026942397248,1
d5a9cf6a9c76310134edcf28,cpu-nuts-spawn_chains,2,1010,4.123491591824879,1
d5a9cf6a9c76310134edcf28,cpu-nuts-spawn_chains,2,1011,4.561039711813444,1
d5a9cf6a9c76310134edcf28,cpu-nuts-spawn_chains,2,1012,5.474486111106697,1
d5a9cf6a9c76310134edcf28,cpu-nuts-spawn_chains,2,1013,5.303997291869462,1
d5a9cf6a9c76310134edcf28,cpu-nuts-spawn_chains,2,1014,5.546736744467309,1
d5a9cf6a9c76310134edcf28,cpu-nuts-spawn_chains,2,1015,4.867892705098719,1
d5a9cf6a9c76310134edcf28,cpu-nuts-spawn_chains,2,1016,5.66129229630724,1
d5a9cf6a9c76310134edcf28,cpu-nuts-spawn_chains,2,1017,5.001931183501265,1
d5a9cf6a9c76310134edcf28,cpu-nuts-spawn_chains,2,1018,4.013657626234875,1
d5a9cf6a9c76310134edcf28,cpu-nuts-spawn_chains,2,1019,5.746793712344789,1
d5a9cf6a9c76310134edcf28,cpu-nuts-spawn_chains,2,1020,4.451958871702142,1
d5a9cf6a9c76310134edcf28,cpu-nuts-spawn_chains,2,1021,5.672256273758311,1
d5a9cf6a9c76310134edcf28,cpu-nuts-spawn_chains,2,1022,4.630287602779042,1
d5a9cf6a9c76310134edcf28,cpu-nuts-spawn_chains,2,1023,4.645937920521226,1
d5a9cf6a9c76310134edcf28,cpu-nuts-spawn_chains,2,1024,6.060190485714603,1
d5a9cf6a9c76310134edcf28,cpu-nuts-spawn_chains,3,1,-5.2354318957850285,0
d5a9cf6a9c76310134edcf28,cpu-nuts-spawn_chains,3,2,-5.417378049002616,0
d5a9cf6a9c76310134edcf28,cpu-nuts-spawn_chains,3,3,-4.469970440332042,0
d5a9cf6a9c76310134edcf28,cpu-nuts-spawn_chains,3,4,-4.791134709357978,0
d5a9cf6a9c76310134edcf28,cpu-nuts-spawn_chains,3,5,-5.6836827262577785,0
d5a9cf6a9c76310134edcf28,cpu-nuts-spawn_chains,3,6,-4.908483019148273,0
d5a9cf6a9c76310134edcf28,cpu-nuts-spawn_chains,3,7,-6.237236943076617,0
d5a9cf6a9c76310134edcf28,cpu-nuts-spawn_chains,3,8,-5.052209419173018,0
d5a9cf6a9c76310134edcf28,cpu-nuts-spawn_chains,3,9,-4.6599832199045315,0
d5a9cf6a9c76310134edcf28,cpu-nuts-spawn_chains,3,10,-5.415688020735119,0
d5a9cf6a9c76310134edcf28,cpu-nuts-spawn_chains,3,11,-3.884334507946132,0
d5a9cf6a9c76310134edcf28,cpu-nuts-spawn_chains,3,12,-5.610941962550942,0
d5a9cf6a9c76310134edcf28,cpu-nuts-spawn_chains,3,13,-4.95193530485618,0
d5a9cf6a9c76310134edcf28,cpu-nuts-spawn_chains,3,14,-2.3260298113553426,0
d5a9cf6a9c76310134edcf28,cpu-nuts-spawn_chains,3,15,-2.3424873534331265,0
d5a9cf6a9c76310134edcf28,cpu-nuts-spawn_chains,3,16,-5.381421656947476,0
d5a9cf6a9c76310134edcf28,cpu-nuts-spawn_chains,3,17,-5.595596857999781,0
d5a9cf6a9c76310134edcf28,cpu-nuts-spawn_chains,3,18,-5.595596857999781,0
d5a9cf6a9c76310134edcf28,cpu-nuts-spawn_chains,3,19,-4.762468027698286,0
d5a9cf6a9c76310134edcf28,cpu-nuts-spawn_chains,3,20,-4.986702585837913,0
d5a9cf6a9c76310134edcf28,cpu-nuts-spawn_chains,3,21,-4.5356429910945595,0
d5a9cf6a9c76310134edcf28,cpu-nuts-spawn_chains,3,22,-5.58605110339159,0
d5a9cf6a9c76310134edcf28,cpu-nuts-spawn_chains,3,23,-4.584684704882607,0
d5a9cf6a9c76310134edcf28,cpu-nuts-spawn_chains,3,24,-3.819278088579785,0
d5a9cf6a9c76310134edcf28,cpu-nuts-spawn_chains,3,25,-3.1225708239666634,0
d5a9cf6a9c76310134edcf28,cpu-nuts-spawn_chains,3,26,-5.165809197125342,0
d5a9cf6a9c76310134edcf28,cpu-nuts-spawn_chains,3,27,-2.693924490972904,0
d5a9cf6a9c76310134edcf28,cpu-nuts-spawn_chains,3,28,-6.001965459228408,0
d5a9cf6a9c76310134edcf28,cpu-nuts-spawn_chains,3,29,-7.0421163720505,0
d5a9cf6a9c76310134edcf28,cpu-nuts-spawn_chains,3,30,-4.923124543751557,0
d5a9cf6a9c76310134edcf28,cpu-nuts-spawn_chains,3,31,-4.568820916063725,0
d5a9cf6a9c76310134edcf28,cpu-nuts-spawn_chains,3,32,-5.913797423515312,0
d5a9cf6a9c76310134edcf28,cpu-nuts-spawn_chains,3,33,-6.493984447216949,0
d5a9cf6a9c76310134edcf28,cpu-nuts-spawn_chains,3,34,-4.334210341856799,0
d5a9cf6a9c76310134edcf28,cpu-nuts-spawn_chains,3,35,-5.5001927782488105,0
d5a9cf6a9c76310134edcf28,cpu-nuts-spawn_chains,3,36,-4.309564897515212,0
d5a9cf6a9c76310134edcf28,cpu-nuts-spawn_chains,3,37,-5.3266894850164075,0
d5a9cf6a9c76310134edcf28,cpu-nuts-spawn_chains,3,38,-6.030801894344667,0
d5a9cf6a9c76310134edcf28,cpu-nuts-spawn_chains,3,39,-4.355083261271657,0
d5a9cf6a9c76310134edcf28,cpu-nuts-spawn_chains,3,40,-5.6186280403096625,0
d5a9cf6a9c76310134edcf28,cpu-nuts-spawn_chains,3,41,-4.840126345376465,0
d5a9cf6a9c76310134edcf28,cpu-nuts-spawn_chains,3,42,-6.7185768034587685,0
d5a9cf6a9c76310134edcf28,cpu-nuts-spawn_chains,3,43,-5.938601493452593,0
d5a9cf6a9c76310134edcf28,cpu-nuts-spawn_chains,3,44,-4.192601288442989,0
d5a9cf6a9c76310134edcf28,cpu-nuts-spawn_chains,3,45,-4.724468481659654,0
d5a9cf6a9c76310134edcf28,cpu-nuts-spawn_chains,3,46,-5.942757582637302,0
d5a9cf6a9c76310134edcf28,cpu-nuts-spawn_chains,3,47,-3.799158543385265,0
d5a9cf6a9c76310134edcf28,cpu-nuts-spawn_chains,3,48,-4.257187843384297,0
d5a9cf6a9c76310134edcf28,cpu-nuts-spawn_chains,3,49,-3.740320338450749,0
d5a9cf6a9c76310134edcf28,cpu-nuts-spawn_chains,3,50,-5.027069051181665,0
d5a9cf6a9c76310134edcf28,cpu-nuts-spawn_chains,3,51,-4.631013118029795,0
d5a9cf6a9c76310134edcf28,cpu-nuts-spawn_chains,3,52,-4.123176441713282,0
d5a9cf6a9c76310134edcf28,cpu-nuts-spawn_chains,3,53,-4.80821725297366,0
d5a9cf6a9c76310134edcf28,cpu-nuts-spawn_chains,3,54,-3.6687176702089093,0
d5a9cf6a9c76310134edcf28,cpu-nuts-spawn_chains,3,55,-5.4485973811605986,0
d5a9cf6a9c76310134edcf28,cpu-nuts-spawn_chains,3,56,-4.673228374609521,0
d5a9cf6a9c76310134edcf28,cpu-nuts-spawn_chains,3,57,-4.784883462177207,0
d5a9cf6a9c76310134edcf28,cpu-nuts-spawn_chains,3,58,-4.352465584661438,0
d5a9cf6a9c76310134edcf28,cpu-nuts-spawn_chains,3,59,-4.229815192469105,0
d5a9cf6a9c76310134edcf28,cpu-nuts-spawn_chains,3,60,-4.597396289071271,0
d5a9cf6a9c76310134edcf28,cpu-nuts-spawn_chains,3,61,-3.092485337633268,0
d5a9cf6a9c76310134edcf28,cpu-nuts-spawn_chains,3,62,-5.233667933751997,0
d5a9cf6a9c76310134edcf28,cpu-nuts-spawn_chains,3,63,-4.841761938508109,0
d5a9cf6a9c76310134edcf28,cpu-nuts-spawn_chains,3,64,-4.667510686522199,0
d5a9cf6a9c76310134edcf28,cpu-nuts-spawn_chains,3,65,-6.97199075334872,0
d5a9cf6a9c76310134edcf28,cpu-nuts-spawn_chains,3,66,-7.030079256677269,0
d5a9cf6a9c76310134edcf28,cpu-nuts-spawn_chains,3,67,-3.3188016901959543,0
d5a9cf6a9c76310134edcf28,cpu-nuts-spawn_chains,3,68,-4.197150826746994,0
d5a9cf6a9c76310134edcf28,cpu-nuts-spawn_chains,3,69,-5.125051930749441,0
d5a9cf6a9c76310134edcf28,cpu-nuts-spawn_chains,3,70,-4.601739257688839,0
d5a9cf6a9c76310134edcf28,cpu-nuts-spawn_chains,3,71,-5.981883499240087,0
d5a9cf6a9c76310134edcf28,cpu-nuts-spawn_chains,3,72,-4.348137774035981,0
d5a9cf6a9c76310134edcf28,cpu-nuts-spawn_chains,3,73,-4.010246842577867,0
d5a9cf6a9c76310134edcf28,cpu-nuts-spawn_chains,3,74,-8.21241483455056,0
d5a9cf6a9c76310134edcf28,cpu-nuts-spawn_chains,3,75,-2.8820555253449904,0
d5a9cf6a9c76310134edcf28,cpu-nuts-spawn_chains,3,76,-5.612423883422457,0
d5a9cf6a9c76310134edcf28,cpu-nuts-spawn_chains,3,77,-4.769612194954032,0
d5a9cf6a9c76310134edcf28,cpu-nuts-spawn_chains,3,78,-5.539549985366997,0
d5a9cf6a9c76310134edcf28,cpu-nuts-spawn_chains,3,79,-5.043042724530656,0
d5a9cf6a9c76310134edcf28,cpu-nuts-spawn_chains,3,80,-4.602813817570682,0
d5a9cf6a9c76310134edcf28,cpu-nuts-spawn_chains,3,81,-4.602813817570682,0
d5a9cf6a9c76310134edcf28,cpu-nuts-spawn_chains,3,82,-4.602813817570682,0
d5a9cf6a9c76310134edcf28,cpu-nuts-spawn_chains,3,83,-6.44962031120908,0
d5a9cf6a9c76310134edcf28,cpu-nuts-spawn_chains,3,84,-5.041411387680743,0
d5a9cf6a9c76310134edcf28,cpu-nuts-spawn_chains,3,85,-5.48933110092744,0
d5a9cf6a9c76310134edcf28,cpu-nuts-spawn_chains,3,86,-6.40397433057954,0
d5a9cf6a9c76310134edcf28,cpu-nuts-spawn_chains,3,87,-1.6745650516347972,0
d5a9cf6a9c76310134edcf28,cpu-nuts-spawn_chains,3,88,-6.245573308546773,0
d5a9cf6a9c76310134edcf28,cpu-nuts-spawn_chains,3,89,-5.487490967456935,0
d5a9cf6a9c76310134edcf28,cpu-nuts-spawn_chains,3,90,-6.054736971548556,0
d5a9cf6a9c76310134edcf28,cpu-nuts-spawn_chains,3,91,-6.04772984824371,0
d5a9cf6a9c76310134edcf28,cpu-nuts-spawn_chains,3,92,-3.7887629603254886,0
d5a9cf6a9c76310134edcf28,cpu-nuts-spawn_chains,3,93,-4.523127542285532,0
d5a9cf6a9c76310134edcf28,cpu-nuts-spawn_chains,3,94,-3.9175881402152957,0
d5a9cf6a9c76310134edcf28,cpu-nuts-spawn_chains,3,95,-6.519947606003681,0
d5a9cf6a9c76310134edcf28,cpu-nuts-spawn_chains,3,96,-5.947632621089658,0
d5a9cf6a9c76310134edcf28,cpu-nuts-spawn_chains,3,97,-3.7488674831572224,0
d5a9cf6a9c76310134edcf28,cpu-nuts-spawn_chains,3,98,-6.511360638002755,0
d5a9cf6a9c76310134edcf28,cpu-nuts-spawn_chains,3,99,-3.642428504630874,0
d5a9cf6a9c76310134edcf28,cpu-nuts-spawn_chains,3,100,-4.152383504461056,0
d5a9cf6a9c76310134edcf28,cpu-nuts-spawn_chains,3,101,-4.672574057364747,0
d5a9cf6a9c76310134edcf28,cpu-nuts-spawn_chains,3,102,-4.636790960673217,0
d5a9cf6a9c76310134edcf28,cpu-nuts-spawn_chains,3,103,-4.636790960673217,0
d5a9cf6a9c76310134edcf28,cpu-nuts-spawn_chains,3,104,-5.657548544457985,0
d5a9cf6a9c76310134edcf28,cpu-nuts-spawn_chains,3,105,-5.8927903867427895,0
d5a9cf6a9c76310134edcf28,cpu-nuts-spawn_chains,3,106,-5.76563360698125,0
d5a9cf6a9c76310134edcf28,cpu-nuts-spawn_chains,3,107,-2.827014106110538,0
d5a9cf6a9c76310134edcf28,cpu-nuts-spawn_chains,3,108,-4.789201019960975,0
d5a9cf6a9c76310134edcf28,cpu-nuts-spawn_chains,3,109,-5.312719180362876,0
d5a9cf6a9c76310134edcf28,cpu-nuts-spawn_chains,3,110,-5.016714233637329,0
d5a9cf6a9c76310134edcf28,cpu-nuts-spawn_chains,3,111,-6.7018126392165405,0
d5a9cf6a9c76310134edcf28,cpu-nuts-spawn_chains,3,112,-3.845314762049896,0
d5a9cf6a9c76310134edcf28,cpu-nuts-spawn_chains,3,113,-7.277954310659119,0
d5a9cf6a9c76310134edcf28,cpu-nuts-spawn_chains,3,114,-6.528962696736615,0
d5a9cf6a9c76310134edcf28,cpu-nuts-spawn_chains,3,115,-3.562710903949089,0
d5a9cf6a9c76310134edcf28,cpu-nuts-spawn_chains,3,116,-3.600462538077527,0
d5a9cf6a9c76310134edcf28,cpu-nuts-spawn_chains,3,117,-6.225762690644912,0
d5a9cf6a9c76310134edcf28,cpu-nuts-spawn_chains,3,118,-3.528656102880489,0
d5a9cf6a9c76310134edcf28,cpu-nuts-spawn_chains,3,119,-5.17909479098055,0
d5a9cf6a9c76310134edcf28,cpu-nuts-spawn_chains,3,120,-4.967210210104935,0
d5a9cf6a9c76310134edcf28,cpu-nuts-spawn_chains,3,121,-4.996350854264993,0
d5a9cf6a9c76310134edcf28,cpu-nuts-spawn_chains,3,122,-4.607074649433841,0
d5a9cf6a9c76310134edcf28,cpu-nuts-spawn_chains,3,123,-4.051912300198619,0
d5a9cf6a9c76310134edcf28,cpu-nuts-spawn_chains,3,124,-4.921987165172579,0
d5a9cf6a9c76310134edcf28,cpu-nuts-spawn_chains,3,125,-5.535485049241238,0
d5a9cf6a9c76310134edcf28,cpu-nuts-spawn_chains,3,126,-5.064603800663136,0
d5a9cf6a9c76310134edcf28,cpu-nuts-spawn_chains,3,127,-4.742756819512902,0
d5a9cf6a9c76310134edcf28,cpu-nuts-spawn_chains,3,128,-4.779574958064457,0
d5a9cf6a9c76310134edcf28,cpu-nuts-spawn_chains,3,129,-5.268171952559517,0
d5a9cf6a9c76310134edcf28,cpu-nuts-spawn_chains,3,130,-6.024071776699898,0
d5a9cf6a9c76310134edcf28,cpu-nuts-spawn_chains,3,131,-4.551274361611949,0
d5a9cf6a9c76310134edcf28,cpu-nuts-spawn_chains,3,132,-5.5647935357662455,0
d5a9cf6a9c76310134edcf28,cpu-nuts-spawn_chains,3,133,-4.637393655269377,0
d5a9cf6a9c76310134edcf28,cpu-nuts-spawn_chains,3,134,-5.520293693160521,0
d5a9cf6a9c76310134edcf28,cpu-nuts-spawn_chains,3,135,-5.45162774209629,0
d5a9cf6a9c76310134edcf28,cpu-nuts-spawn_chains,3,136,-5.43596113628845,0
d5a9cf6a9c76310134edcf28,cpu-nuts-spawn_chains,3,137,-4.611908146658731,0
d5a9cf6a9c76310134edcf28,cpu-nuts-spawn_chains,3,138,-5.2695187653745155,0
d5a9cf6a9c76310134edcf28,cpu-nuts-spawn_chains,3,139,-2.9910621514624283,0
d5a9cf6a9c76310134edcf28,cpu-nuts-spawn_chains,3,140,-3.3315027820017624,0
d5a9cf6a9c76310134edcf28,cpu-nuts-spawn_chains,3,141,-4.511024622157146,0
d5a9cf6a9c76310134edcf28,cpu-nuts-spawn_chains,3,142,-4.420337499591364,0
d5a9cf6a9c76310134edcf28,cpu-nuts-spawn_chains,3,143,-5.234745163261219,0
d5a9cf6a9c76310134edcf28,cpu-nuts-spawn_chains,3,144,-4.737914730907702,0
d5a9cf6a9c76310134edcf28,cpu-nuts-spawn_chains,3,145,-7.259931372850408,0
d5a9cf6a9c76310134edcf28,cpu-nuts-spawn_chains,3,146,-5.47257775106966,0
d5a9cf6a9c76310134edcf28,cpu-nuts-spawn_chains,3,147,-4.1204590862262584,0
d5a9cf6a9c76310134edcf28,cpu-nuts-spawn_chains,3,148,-4.879011921220813,0
d5a9cf6a9c76310134edcf28,cpu-nuts-spawn_chains,3,149,-4.045750145627146,0
d5a9cf6a9c76310134edcf28,cpu-nuts-spawn_chains,3,150,-5.5146200860111145,0
d5a9cf6a9c76310134edcf28,cpu-nuts-spawn_chains,3,151,-4.000235761230049,0
d5a9cf6a9c76310134edcf28,cpu-nuts-spawn_chains,3,152,-6.202241560640944,0
d5a9cf6a9c76310134edcf28,cpu-nuts-spawn_chains,3,153,-4.408040995230379,0
d5a9cf6a9c76310134edcf28,cpu-nuts-spawn_chains,3,154,-4.729462319380692,0
d5a9cf6a9c76310134edcf28,cpu-nuts-spawn_chains,3,155,-4.43747812518678,0
d5a9cf6a9c76310134edcf28,cpu-nuts-spawn_chains,3,156,-5.8209703358692515,0
d5a9cf6a9c76310134edcf28,cpu-nuts-spawn_chains,3,157,-5.340700722425946,0
d5a9cf6a9c76310134edcf28,cpu-nuts-spawn_chains,3,158,-5.410530907457662,0
d5a9cf6a9c76310134edcf28,cpu-nuts-spawn_chains,3,159,-4.895374212117841,0
d5a9cf6a9c76310134edcf28,cpu-nuts-spawn_chains,3,160,-5.409091339409241,0
d5a9cf6a9c76310134edcf28,cpu-nuts-spawn_chains,3,161,-5.045617734464936,0
d5a9cf6a9c76310134edcf28,cpu-nuts-spawn_chains,3,162,-5.352116885162582,0
d5a9cf6a9c76310134edcf28,cpu-nuts-spawn_chains,3,163,-5.730168625671807,0
d5a9cf6a9c76310134edcf28,cpu-nuts-spawn_chains,3,164,-4.5346990702487044,0
d5a9cf6a9c76310134edcf28,cpu-nuts-spawn_chains,3,165,-6.27186222043686,0
d5a9cf6a9c76310134edcf28,cpu-nuts-spawn_chains,3,166,-4.57426531411745,0
d5a9cf6a9c76310134edcf28,cpu-nuts-spawn_chains,3,167,-4.470476251499971,0
d5a9cf6a9c76310134edcf28,cpu-nuts-spawn_chains,3,168,-3.253804894381749,0
d5a9cf6a9c76310134edcf28,cpu-nuts-spawn_chains,3,169,-4.699548523315725,0
d5a9cf6a9c76310134edcf28,cpu-nuts-spawn_chains,3,170,-4.699548523315725,0
d5a9cf6a9c76310134edcf28,cpu-nuts-spawn_chains,3,171,-4.324607903277487,0
d5a9cf6a9c76310134edcf28,cpu-nuts-spawn_chains,3,172,-4.324607903277487,0
d5a9cf6a9c76310134edcf28,cpu-nuts-spawn_chains,3,173,-5.223579144948463,0
d5a9cf6a9c76310134edcf28,cpu-nuts-spawn_chains,3,174,-5.689910242553623,0
d5a9cf6a9c76310134edcf28,cpu-nuts-spawn_chains,3,175,-8.280584949943288,0
d5a9cf6a9c76310134edcf28,cpu-nuts-spawn_chains,3,176,-3.2589125651568236,0
d5a9cf6a9c76310134edcf28,cpu-nuts-spawn_chains,3,177,-4.972377041258638,0
d5a9cf6a9c76310134edcf28,cpu-nuts-spawn_chains,3,178,-5.571606616733614,0
d5a9cf6a9c76310134edcf28,cpu-nuts-spawn_chains,3,179,-4.396858868439292,0
d5a9cf6a9c76310134edcf28,cpu-nuts-spawn_chains,3,180,-5.153760599042307,0
d5a9cf6a9c76310134edcf28,cpu-nuts-spawn_chains,3,181,-6.216518701611486,0
d5a9cf6a9c76310134edcf28,cpu-nuts-spawn_chains,3,182,-3.697371447502419,0
d5a9cf6a9c76310134edcf28,cpu-nuts-spawn_chains,3,183,-5.862651092354223,0
d5a9cf6a9c76310134edcf28,cpu-nuts-spawn_chains,3,184,-3.9938485315808223,0
d5a9cf6a9c76310134edcf28,cpu-nuts-spawn_chains,3,185,-5.463612922884737,0
d5a9cf6a9c76310134edcf28,cpu-nuts-spawn_chains,3,186,-7.465231112654971,0
d5a9cf6a9c76310134edcf28,cpu-nuts-spawn_chains,3,187,-5.506579590941302,0
d5a9cf6a9c76310134edcf28,cpu-nuts-spawn_chains,3,188,-3.555645469020362,0
d5a9cf6a9c76310134edcf28,cpu-nuts-spawn_chains,3,189,-3.555645469020362,0
d5a9cf6a9c76310134edcf28,cpu-nuts-spawn_chains,3,190,-3.192352649771129,0
d5a9cf6a9c76310134edcf28,cpu-nuts-spawn_chains,3,191,-5.790535477048758,0
d5a9cf6a9c76310134edcf28,cpu-nuts-spawn_chains,3,192,-4.5620545098011025,0
d5a9cf6a9c76310134edcf28,cpu-nuts-spawn_chains,3,193,-6.084708580661922,0
d5a9cf6a9c76310134edcf28,cpu-nuts-spawn_chains,3,194,-3.8451370673302065,0
d5a9cf6a9c76310134edcf28,cpu-nuts-spawn_chains,3,195,-5.669810506485916,0
d5a9cf6a9c76310134edcf28,cpu-nuts-spawn_chains,3,196,-4.443423889972827,0
d5a9cf6a9c76310134edcf28,cpu-nuts-spawn_chains,3,197,-4.942203595611588,0
d5a9cf6a9c76310134edcf28,cpu-nuts-spawn_chains,3,198,-5.003429728685882,0
d5a9cf6a9c76310134edcf28,cpu-nuts-spawn_chains,3,199,-4.022570048523363,0
d5a9cf6a9c76310134edcf28,cpu-nuts-spawn_chains,3,200,-4.5302595585954535,0
d5a9cf6a9c76310134edcf28,cpu-nuts-spawn_chains,3,201,-4.986191230079606,0
d5a9cf6a9c76310134edcf28,cpu-nuts-spawn_chains,3,202,-5.02823023521947,0
d5a9cf6a9c76310134edcf28,cpu-nuts-spawn_chains,3,203,-5.007580174025126,0
d5a9cf6a9c76310134edcf28,cpu-nuts-spawn_chains,3,204,-6.425968708512832,0
d5a9cf6a9c76310134edcf28,cpu-nuts-spawn_chains,3,205,-6.3380814391943865,0
d5a9cf6a9c76310134edcf28,cpu-nuts-spawn_chains,3,206,-4.619883715613763,0
d5a9cf6a9c76310134edcf28,cpu-nuts-spawn_chains,3,207,-4.57183642150546,0
d5a9cf6a9c76310134edcf28,cpu-nuts-spawn_chains,3,208,-6.407156123660201,0
d5a9cf6a9c76310134edcf28,cpu-nuts-spawn_chains,3,209,-3.7165812726234155,0
d5a9cf6a9c76310134edcf28,cpu-nuts-spawn_chains,3,210,-6.475617040460935,0
d5a9cf6a9c76310134edcf28,cpu-nuts-spawn_chains,3,211,-5.117314591230454,0
d5a9cf6a9c76310134edcf28,cpu-nuts-spawn_chains,3,212,-4.531135142222554,0
d5a9cf6a9c76310134edcf28,cpu-nuts-spawn_chains,3,213,-5.456738807383365,0
d5a9cf6a9c76310134edcf28,cpu-nuts-spawn_chains,3,214,-4.0353460522188955,0
d5a9cf6a9c76310134edcf28,cpu-nuts-spawn_chains,3,215,-5.117317840529669,0
d5a9cf6a9c76310134edcf28,cpu-nuts-spawn_chains,3,216,-5.638463092265518,0
d5a9cf6a9c76310134edcf28,cpu-nuts-spawn_chains,3,217,-4.181477054970195,0
d5a9cf6a9c76310134edcf28,cpu-nuts-spawn_chains,3,218,-7.061417157343796,0
d5a9cf6a9c76310134edcf28,cpu-nuts-spawn_chains,3,219,-7.8595518894291185,0
d5a9cf6a9c76310134edcf28,cpu-nuts-spawn_chains,3,220,-5.978919280602751,0
d5a9cf6a9c76310134edcf28,cpu-nuts-spawn_chains,3,221,-3.921018977276023,0
d5a9cf6a9c76310134edcf28,cpu-nuts-spawn_chains,3,222,-5.29501480798359,0
d5a9cf6a9c76310134edcf28,cpu-nuts-spawn_chains,3,223,-4.715806589496562,0
d5a9cf6a9c76310134edcf28,cpu-nuts-spawn_chains,3,224,-4.90508008039567,0
d5a9cf6a9c76310134edcf28,cpu-nuts-spawn_chains,3,225,-4.107900296592517,0
d5a9cf6a9c76310134edcf28,cpu-nuts-spawn_chains,3,226,-5.886278052060204,0
d5a9cf6a9c76310134edcf28,cpu-nuts-spawn_chains,3,227,-6.444129993337962,0
d5a9cf6a9c76310134edcf28,cpu-nuts-spawn_chains,3,228,-3.4220735928156643,0
d5a9cf6a9c76310134edcf28,cpu-nuts-spawn_chains,3,229,-5.557128506793573,0
d5a9cf6a9c76310134edcf28,cpu-nuts-spawn_chains,3,230,-5.5708676749890405,0
d5a9cf6a9c76310134edcf28,cpu-nuts-spawn_chains,3,231,-4.1414880904456135,0
d5a9cf6a9c76310134edcf28,cpu-nuts-spawn_chains,3,232,-5.544445201950143,0
d5a9cf6a9c76310134edcf28,cpu-nuts-spawn_chains,3,233,-5.544445201950143,0
d5a9cf6a9c76310134edcf28,cpu-nuts-spawn_chains,3,234,-5.860151552540123,0
d5a9cf6a9c76310134edcf28,cpu-nuts-spawn_chains,3,235,-4.821750203959393,0
d5a9cf6a9c76310134edcf28,cpu-nuts-spawn_chains,3,236,-4.944951732064061,0
d5a9cf6a9c76310134edcf28,cpu-nuts-spawn_chains,3,237,-4.893331977562933,0
d5a9cf6a9c76310134edcf28,cpu-nuts-spawn_chains,3,238,-5.195191419616263,0
d5a9cf6a9c76310134edcf28,cpu-nuts-spawn_chains,3,239,-5.024447331654233,0
d5a9cf6a9c76310134edcf28,cpu-nuts-spawn_chains,3,240,-3.597954039846707,0
d5a9cf6a9c76310134edcf28,cpu-nuts-spawn_chains,3,241,-6.686155680448471,0
d5a9cf6a9c76310134edcf28,cpu-nuts-spawn_chains,3,242,-5.267220137108179,0
d5a9cf6a9c76310134edcf28,cpu-nuts-spawn_chains,3,243,-5.303614514152489,0
d5a9cf6a9c76310134edcf28,cpu-nuts-spawn_chains,3,244,-5.542727743049414,0
d5a9cf6a9c76310134edcf28,cpu-nuts-spawn_chains,3,245,-5.63180229719735,0
d5a9cf6a9c76310134edcf28,cpu-nuts-spawn_chains,3,246,-5.63180229719735,0
d5a9cf6a9c76310134edcf28,cpu-nuts-spawn_chains,3,247,-4.9101251722034895,0
d5a9cf6a9c76310134edcf28,cpu-nuts-spawn_chains,3,248,-4.737006801672293,0
d5a9cf6a9c76310134edcf28,cpu-nuts-spawn_chains,3,249,-4.181267558725094,0
d5a9cf6a9c76310134edcf28,cpu-nuts-spawn_chains,3,250,-6.6107510782534575,0
d5a9cf6a9c76310134edcf28,cpu-nuts-spawn_chains,3,251,-6.352040997950797,0
d5a9cf6a9c76310134edcf28,cpu-nuts-spawn_chains,3,252,-3.2342288987013257,0
d5a9cf6a9c76310134edcf28,cpu-nuts-spawn_chains,3,253,-3.002686349802997,0
d5a9cf6a9c76310134edcf28,cpu-nuts-spawn_chains,3,254,-5.210830236811953,0
d5a9cf6a9c76310134edcf28,cpu-nuts-spawn_chains,3,255,-4.927421813142486,0
d5a9cf6a9c76310134edcf28,cpu-nuts-spawn_chains,3,256,-3.5669975999953705,0
d5a9cf6a9c76310134edcf28,cpu-nuts-spawn_chains,3,257,-3.9885172339513777,0
d5a9cf6a9c76310134edcf28,cpu-nuts-spawn_chains,3,258,-5.32061293816091,0
d5a9cf6a9c76310134edcf28,cpu-nuts-spawn_chains,3,259,-4.698738529481528,0
d5a9cf6a9c76310134edcf28,cpu-nuts-spawn_chains,3,260,-4.467825124517319,0
d5a9cf6a9c76310134edcf28,cpu-nuts-spawn_chains,3,261,-4.393531870598353,0
d5a9cf6a9c76310134edcf28,cpu-nuts-spawn_chains,3,262,-4.303397797539525,0
d5a9cf6a9c76310134edcf28,cpu-nuts-spawn_chains,3,263,-4.832338776662345,0
d5a9cf6a9c76310134edcf28,cpu-nuts-spawn_chains,3,264,-3.7575641229596553,0
d5a9cf6a9c76310134edcf28,cpu-nuts-spawn_chains,3,265,-3.7024921399100115,0
d5a9cf6a9c76310134edcf28,cpu-nuts-spawn_chains,3,266,-5.391826300544601,0
d5a9cf6a9c76310134edcf28,cpu-nuts-spawn_chains,3,267,-4.955910648650369,0
d5a9cf6a9c76310134edcf28,cpu-nuts-spawn_chains,3,268,-4.753164047044471,0
d5a9cf6a9c76310134edcf28,cpu-nuts-spawn_chains,3,269,-6.267448122329421,0
d5a9cf6a9c76310134edcf28,cpu-nuts-spawn_chains,3,270,-5.57966624364121,0
d5a9cf6a9c76310134edcf28,cpu-nuts-spawn_chains,3,271,-3.041416401970871,0
d5a9cf6a9c76310134edcf28,cpu-nuts-spawn_chains,3,272,-5.843892161753313,0
d5a9cf6a9c76310134edcf28,cpu-nuts-spawn_chains,3,273,-5.30972068693959,0
d5a9cf6a9c76310134edcf28,cpu-nuts-spawn_chains,3,274,-3.7714174741567272,0
d5a9cf6a9c76310134edcf28,cpu-nuts-spawn_chains,3,275,-4.440352169446029,0
d5a9cf6a9c76310134edcf28,cpu-nuts-spawn_chains,3,276,-5.564089896238134,0
d5a9cf6a9c76310134edcf28,cpu-nuts-spawn_chains,3,277,-5.9916503272493395,0
d5a9cf6a9c76310134edcf28,cpu-nuts-spawn_chains,3,278,-4.108804924228302,0
d5a9cf6a9c76310134edcf28,cpu-nuts-spawn_chains,3,279,-5.565084409660393,0
d5a9cf6a9c76310134edcf28,cpu-nuts-spawn_chains,3,280,-2.670814913539717,0
d5a9cf6a9c76310134edcf28,cpu-nuts-spawn_chains,3,281,-3.738999871603557,0
d5a9cf6a9c76310134edcf28,cpu-nuts-spawn_chains,3,282,-4.474739908063875,0
d5a9cf6a9c76310134edcf28,cpu-nuts-spawn_chains,3,283,-4.785643872125031,0
d5a9cf6a9c76310134edcf28,cpu-nuts-spawn_chains,3,284,-6.360944497276189,0
d5a9cf6a9c76310134edcf28,cpu-nuts-spawn_chains,3,285,-6.360944497276189,0
d5a9cf6a9c76310134edcf28,cpu-nuts-spawn_chains,3,286,-3.6084613240550443,0
d5a9cf6a9c76310134edcf28,cpu-nuts-spawn_chains,3,287,-5.509233683914212,0
d5a9cf6a9c76310134edcf28,cpu-nuts-spawn_chains,3,288,-4.958191479089001,0
d5a9cf6a9c76310134edcf28,cpu-nuts-spawn_chains,3,289,-4.4232136283647705,0
d5a9cf6a9c76310134edcf28,cpu-nuts-spawn_chains,3,290,-5.962019759055873,0
d5a9cf6a9c76310134edcf28,cpu-nuts-spawn_chains,3,291,-5.228052475244324,0
d5a9cf6a9c76310134edcf28,cpu-nuts-spawn_chains,3,292,-6.580974290958797,0
d5a9cf6a9c76310134edcf28,cpu-nuts-spawn_chains,3,293,-6.004647880317273,0
d5a9cf6a9c76310134edcf28,cpu-nuts-spawn_chains,3,294,-5.050520734614855,0
d5a9cf6a9c76310134edcf28,cpu-nuts-spawn_chains,3,295,-6.0812043753107,0
d5a9cf6a9c76310134edcf28,cpu-nuts-spawn_chains,3,296,-5.688768005305973,0
d5a9cf6a9c76310134edcf28,cpu-nuts-spawn_chains,3,297,-4.547868758944848,0
d5a9cf6a9c76310134edcf28,cpu-nuts-spawn_chains,3,298,-6.002476752407716,0
d5a9cf6a9c76310134edcf28,cpu-nuts-spawn_chains,3,299,-6.365581362113528,0
d5a9cf6a9c76310134edcf28,cpu-nuts-spawn_chains,3,300,-1.929326675001547,0
d5a9cf6a9c76310134edcf28,cpu-nuts-spawn_chains,3,301,-4.066825769004326,0
d5a9cf6a9c76310134edcf28,cpu-nuts-spawn_chains,3,302,-8.467764553019663,0
d5a9cf6a9c76310134edcf28,cpu-nuts-spawn_chains,3,303,-7.63042528742812,0
d5a9cf6a9c76310134edcf28,cpu-nuts-spawn_chains,3,304,-5.330976692979633,0
d5a9cf6a9c76310134edcf28,cpu-nuts-spawn_chains,3,305,-4.039956342362235,0
d5a9cf6a9c76310134edcf28,cpu-nuts-spawn_chains,3,306,-5.839860483064034,0
d5a9cf6a9c76310134edcf28,cpu-nuts-spawn_chains,3,307,-4.339199931882312,0
d5a9cf6a9c76310134edcf28,cpu-nuts-spawn_chains,3,308,-5.034874455610192,0
d5a9cf6a9c76310134edcf28,cpu-nuts-spawn_chains,3,309,-6.235353343921482,0
d5a9cf6a9c76310134edcf28,cpu-nuts-spawn_chains,3,310,-4.687091829706127,0
d5a9cf6a9c76310134edcf28,cpu-nuts-spawn_chains,3,311,-5.099909785388607,0
d5a9cf6a9c76310134edcf28,cpu-nuts-spawn_chains,3,312,-5.033955627255138,0
d5a9cf6a9c76310134edcf28,cpu-nuts-spawn_chains,3,313,-6.083161089701381,0
d5a9cf6a9c76310134edcf28,cpu-nuts-spawn_chains,3,314,-4.290785227022857,0
d5a9cf6a9c76310134edcf28,cpu-nuts-spawn_chains,3,315,-5.437740095436103,0
d5a9cf6a9c76310134edcf28,cpu-nuts-spawn_chains,3,316,-4.185378934334977,0
d5a9cf6a9c76310134edcf28,cpu-nuts-spawn_chains,3,317,-4.542022237410625,0
d5a9cf6a9c76310134edcf28,cpu-nuts-spawn_chains,3,318,-5.674272630543083,0
d5a9cf6a9c76310134edcf28,cpu-nuts-spawn_chains,3,319,-5.2724088672408875,0
d5a9cf6a9c76310134edcf28,cpu-nuts-spawn_chains,3,320,-5.116051587380961,0
d5a9cf6a9c76310134edcf28,cpu-nuts-spawn_chains,3,321,-4.637058669017871,0
d5a9cf6a9c76310134edcf28,cpu-nuts-spawn_chains,3,322,-5.035864376348289,0
d5a9cf6a9c76310134edcf28,cpu-nuts-spawn_chains,3,323,-5.585851407680484,0
d5a9cf6a9c76310134edcf28,cpu-nuts-spawn_chains,3,324,-4.633239883943019,0
d5a9cf6a9c76310134edcf28,cpu-nuts-spawn_chains,3,325,-5.460733204713543,0
d5a9cf6a9c76310134edcf28,cpu-nuts-spawn_chains,3,326,-4.31248120046929,0
d5a9cf6a9c76310134edcf28,cpu-nuts-spawn_chains,3,327,-7.357050905806677,0
d5a9cf6a9c76310134edcf28,cpu-nuts-spawn_chains,3,328,-2.487086412147067,0
d5a9cf6a9c76310134edcf28,cpu-nuts-spawn_chains,3,329,-2.539166734519384,0
d5a9cf6a9c76310134edcf28,cpu-nuts-spawn_chains,3,330,-7.296809821347473,0
d5a9cf6a9c76310134edcf28,cpu-nuts-spawn_chains,3,331,-3.7061791562298545,0
d5a9cf6a9c76310134edcf28,cpu-nuts-spawn_chains,3,332,-3.3834400475275386,0
d5a9cf6a9c76310134edcf28,cpu-nuts-spawn_chains,3,333,-6.3684355666794525,0
d5a9cf6a9c76310134edcf28,cpu-nuts-spawn_chains,3,334,-4.73780707508317,0
d5a9cf6a9c76310134edcf28,cpu-nuts-spawn_chains,3,335,-4.603345951357212,0
d5a9cf6a9c76310134edcf28,cpu-nuts-spawn_chains,3,336,-4.724443971396896,0
d5a9cf6a9c76310134edcf28,cpu-nuts-spawn_chains,3,337,-5.710363455458806,0
d5a9cf6a9c76310134edcf28,cpu-nuts-spawn_chains,3,338,-5.119334528318185,0
d5a9cf6a9c76310134edcf28,cpu-nuts-spawn_chains,3,339,-5.465878211949742,0
d5a9cf6a9c76310134edcf28,cpu-nuts-spawn_chains,3,340,-3.9056362846878594,0
d5a9cf6a9c76310134edcf28,cpu-nuts-spawn_chains,3,341,-5.097441899928989,0
d5a9cf6a9c76310134edcf28,cpu-nuts-spawn_chains,3,342,-4.723053587372208,0
d5a9cf6a9c76310134edcf28,cpu-nuts-spawn_chains,3,343,-4.28527027567475,0
d5a9cf6a9c76310134edcf28,cpu-nuts-spawn_chains,3,344,-4.693856458632653,0
d5a9cf6a9c76310134edcf28,cpu-nuts-spawn_chains,3,345,-4.593177338932139,0
d5a9cf6a9c76310134edcf28,cpu-nuts-spawn_chains,3,346,-5.072034277267952,0
d5a9cf6a9c76310134edcf28,cpu-nuts-spawn_chains,3,347,-4.7454665299160785,0
d5a9cf6a9c76310134edcf28,cpu-nuts-spawn_chains,3,348,-7.084460462889529,0
d5a9cf6a9c76310134edcf28,cpu-nuts-spawn_chains,3,349,-6.034883993051814,0
d5a9cf6a9c76310134edcf28,cpu-nuts-spawn_chains,3,350,-5.129078770560501,0
d5a9cf6a9c76310134edcf28,cpu-nuts-spawn_chains,3,351,-5.104230396534397,0
d5a9cf6a9c76310134edcf28,cpu-nuts-spawn_chains,3,352,-5.298744759096726,0
d5a9cf6a9c76310134edcf28,cpu-nuts-spawn_chains,3,353,-4.574495759706156,0
d5a9cf6a9c76310134edcf28,cpu-nuts-spawn_chains,3,354,-5.544478922761285,0
d5a9cf6a9c76310134edcf28,cpu-nuts-spawn_chains,3,355,-5.245741268216288,0
d5a9cf6a9c76310134edcf28,cpu-nuts-spawn_chains,3,356,-3.89922816852819,0
d5a9cf6a9c76310134edcf28,cpu-nuts-spawn_chains,3,357,-4.9808246320545475,0
d5a9cf6a9c76310134edcf28,cpu-nuts-spawn_chains,3,358,-4.588820962032478,0
d5a9cf6a9c76310134edcf28,cpu-nuts-spawn_chains,3,359,-3.518186561283536,0
d5a9cf6a9c76310134edcf28,cpu-nuts-spawn_chains,3,360,-5.479880808844914,0
d5a9cf6a9c76310134edcf28,cpu-nuts-spawn_chains,3,361,-4.926846279318466,0
d5a9cf6a9c76310134edcf28,cpu-nuts-spawn_chains,3,362,-5.402019471330128,0
d5a9cf6a9c76310134edcf28,cpu-nuts-spawn_chains,3,363,-4.370566121159997,0
d5a9cf6a9c76310134edcf28,cpu-nuts-spawn_chains,3,364,-5.108469146468081,0
d5a9cf6a9c76310134edcf28,cpu-nuts-spawn_chains,3,365,-3.8799232443097464,0
d5a9cf6a9c76310134edcf28,cpu-nuts-spawn_chains,3,366,-3.81885609701901,0
d5a9cf6a9c76310134edcf28,cpu-nuts-spawn_chains,3,367,-5.179480907367503,0
d5a9cf6a9c76310134edcf28,cpu-nuts-spawn_chains,3,368,-4.284723399917899,0
d5a9cf6a9c76310134edcf28,cpu-nuts-spawn_chains,3,369,-5.511064519011984,0
d5a9cf6a9c76310134edcf28,cpu-nuts-spawn_chains,3,370,-4.095073376014671,0
d5a9cf6a9c76310134edcf28,cpu-nuts-spawn_chains,3,371,-3.757064972148358,0
d5a9cf6a9c76310134edcf28,cpu-nuts-spawn_chains,3,372,-3.6763892936398337,0
d5a9cf6a9c76310134edcf28,cpu-nuts-spawn_chains,3,373,-7.368240094453315,0
d5a9cf6a9c76310134edcf28,cpu-nuts-spawn_chains,3,374,-4.817557534363828,0
d5a9cf6a9c76310134edcf28,cpu-nuts-spawn_chains,3,375,-4.792131706328303,0
d5a9cf6a9c76310134edcf28,cpu-nuts-spawn_chains,3,376,-4.719969372099541,0
d5a9cf6a9c76310134edcf28,cpu-nuts-spawn_chains,3,377,-5.267598114946974,0
d5a9cf6a9c76310134edcf28,cpu-nuts-spawn_chains,3,378,-4.742155259360146,0
d5a9cf6a9c76310134edcf28,cpu-nuts-spawn_chains,3,379,-4.922020431647187,0
d5a9cf6a9c76310134edcf28,cpu-nuts-spawn_chains,3,380,-5.531042303252162,0
d5a9cf6a9c76310134edcf28,cpu-nuts-spawn_chains,3,381,-3.1828697311174055,0
d5a9cf6a9c76310134edcf28,cpu-nuts-spawn_chains,3,382,-7.259490580712153,0
d5a9cf6a9c76310134edcf28,cpu-nuts-spawn_chains,3,383,-2.582071123713056,0
d5a9cf6a9c76310134edcf28,cpu-nuts-spawn_chains,3,384,-8.054131823933185,0
d5a9cf6a9c76310134edcf28,cpu-nuts-spawn_chains,3,385,-4.838979794154785,0
d5a9cf6a9c76310134edcf28,cpu-nuts-spawn_chains,3,386,-5.226504912622633,0
d5a9cf6a9c76310134edcf28,cpu-nuts-spawn_chains,3,387,-6.591906922913007,0
d5a9cf6a9c76310134edcf28,cpu-nuts-spawn_chains,3,388,-4.907972147813203,0
d5a9cf6a9c76310134edcf28,cpu-nuts-spawn_chains,3,389,-4.920680294410421,0
d5a9cf6a9c76310134edcf28,cpu-nuts-spawn_chains,3,390,-3.7000565692536407,0
d5a9cf6a9c76310134edcf28,cpu-nuts-spawn_chains,3,391,-3.6145470258119086,0
d5a9cf6a9c76310134edcf28,cpu-nuts-spawn_chains,3,392,-5.870422815256758,0
d5a9cf6a9c76310134edcf28,cpu-nuts-spawn_chains,3,393,-5.5518742738167965,0
d5a9cf6a9c76310134edcf28,cpu-nuts-spawn_chains,3,394,-2.8419691437317613,0
d5a9cf6a9c76310134edcf28,cpu-nuts-spawn_chains,3,395,-6.216844761370754,0
d5a9cf6a9c76310134edcf28,cpu-nuts-spawn_chains,3,396,-3.910742199727433,0
d5a9cf6a9c76310134edcf28,cpu-nuts-spawn_chains,3,397,-5.307533835131781,0
d5a9cf6a9c76310134edcf28,cpu-nuts-spawn_chains,3,398,-4.440509697053774,0
d5a9cf6a9c76310134edcf28,cpu-nuts-spawn_chains,3,399,-5.718761737015858,0
d5a9cf6a9c76310134edcf28,cpu-nuts-spawn_chains,3,400,-5.406805560827697,0
d5a9cf6a9c76310134edcf28,cpu-nuts-spawn_chains,3,401,-5.200637347838369,0
d5a9cf6a9c76310134edcf28,cpu-nuts-spawn_chains,3,402,-5.36559424011367,0
d5a9cf6a9c76310134edcf28,cpu-nuts-spawn_chains,3,403,-5.064859288080671,0
d5a9cf6a9c76310134edcf28,cpu-nuts-spawn_chains,3,404,-4.571674997719989,0
d5a9cf6a9c76310134edcf28,cpu-nuts-spawn_chains,3,405,-5.084907367815487,0
d5a9cf6a9c76310134edcf28,cpu-nuts-spawn_chains,3,406,-5.936372883153418,0
d5a9cf6a9c76310134edcf28,cpu-nuts-spawn_chains,3,407,-4.400175677266446,0
d5a9cf6a9c76310134edcf28,cpu-nuts-spawn_chains,3,408,-3.7323075560434726,0
d5a9cf6a9c76310134edcf28,cpu-nuts-spawn_chains,3,409,-6.274421884407054,0
d5a9cf6a9c76310134edcf28,cpu-nuts-spawn_chains,3,410,-4.399639504787702,0
d5a9cf6a9c76310134edcf28,cpu-nuts-spawn_chains,3,411,-4.762144261015415,0
d5a9cf6a9c76310134edcf28,cpu-nuts-spawn_chains,3,412,-4.293102183121859,0
d5a9cf6a9c76310134edcf28,cpu-nuts-spawn_chains,3,413,-2.9113610746598875,0
d5a9cf6a9c76310134edcf28,cpu-nuts-spawn_chains,3,414,-6.3474251040091225,0
d5a9cf6a9c76310134edcf28,cpu-nuts-spawn_chains,3,415,-3.3561796174457394,0
d5a9cf6a9c76310134edcf28,cpu-nuts-spawn_chains,3,416,-3.964120654704322,0
d5a9cf6a9c76310134edcf28,cpu-nuts-spawn_chains,3,417,-4.270526155563596,0
d5a9cf6a9c76310134edcf28,cpu-nuts-spawn_chains,3,418,-5.761515040874994,0
d5a9cf6a9c76310134edcf28,cpu-nuts-spawn_chains,3,419,-4.822826011749516,0
d5a9cf6a9c76310134edcf28,cpu-nuts-spawn_chains,3,420,-5.789998210152673,0
d5a9cf6a9c76310134edcf28,cpu-nuts-spawn_chains,3,421,-4.091906675106925,0
d5a9cf6a9c76310134edcf28,cpu-nuts-spawn_chains,3,422,-5.137877498931189,0
d5a9cf6a9c76310134edcf28,cpu-nuts-spawn_chains,3,423,-6.317956677497643,0
d5a9cf6a9c76310134edcf28,cpu-nuts-spawn_chains,3,424,-6.904396393657979,0
d5a9cf6a9c76310134edcf28,cpu-nuts-spawn_chains,3,425,-2.845616271264724,0
d5a9cf6a9c76310134edcf28,cpu-nuts-spawn_chains,3,426,-5.018658397492408,0
d5a9cf6a9c76310134edcf28,cpu-nuts-spawn_chains,3,427,-6.228672624865388,0
d5a9cf6a9c76310134edcf28,cpu-nuts-spawn_chains,3,428,-5.6110979538735535,0
d5a9cf6a9c76310134edcf28,cpu-nuts-spawn_chains,3,429,-6.395655690467262,0
d5a9cf6a9c76310134edcf28,cpu-nuts-spawn_chains,3,430,-4.330677485187756,0
d5a9cf6a9c76310134edcf28,cpu-nuts-spawn_chains,3,431,-7.403247804170723,0
d5a9cf6a9c76310134edcf28,cpu-nuts-spawn_chains,3,432,-7.403247804170723,0
d5a9cf6a9c76310134edcf28,cpu-nuts-spawn_chains,3,433,-2.3599390157210003,0
d5a9cf6a9c76310134edcf28,cpu-nuts-spawn_chains,3,434,-3.011590634160657,0
d5a9cf6a9c76310134edcf28,cpu-nuts-spawn_chains,3,435,-4.784236669326808,0
d5a9cf6a9c76310134edcf28,cpu-nuts-spawn_chains,3,436,-5.011006041818905,0
d5a9cf6a9c76310134edcf28,cpu-nuts-spawn_chains,3,437,-5.335254032054947,0
d5a9cf6a9c76310134edcf28,cpu-nuts-spawn_chains,3,438,-5.244353059183379,0
d5a9cf6a9c76310134edcf28,cpu-nuts-spawn_chains,3,439,-3.725573640017874,0
d5a9cf6a9c76310134edcf28,cpu-nuts-spawn_chains,3,440,-6.386028364675058,0
d5a9cf6a9c76310134edcf28,cpu-nuts-spawn_chains,3,441,-5.114546071422855,0
d5a9cf6a9c76310134edcf28,cpu-nuts-spawn_chains,3,442,-5.459679337078567,0
d5a9cf6a9c76310134edcf28,cpu-nuts-spawn_chains,3,443,-4.90426939697256,0
d5a9cf6a9c76310134edcf28,cpu-nuts-spawn_chains,3,444,-5.411300287704089,0
d5a9cf6a9c76310134edcf28,cpu-nuts-spawn_chains,3,445,-4.836560948373959,0
d5a9cf6a9c76310134edcf28,cpu-nuts-spawn_chains,3,446,-5.326610351267799,0
d5a9cf6a9c76310134edcf28,cpu-nuts-spawn_chains,3,447,-5.9818350345394915,0
d5a9cf6a9c76310134edcf28,cpu-nuts-spawn_chains,3,448,-3.4063856773963326,0
d5a9cf6a9c76310134edcf28,cpu-nuts-spawn_chains,3,449,-5.1404112275266804,0
d5a9cf6a9c76310134edcf28,cpu-nuts-spawn_chains,3,450,-4.574284885330307,0
d5a9cf6a9c76310134edcf28,cpu-nuts-spawn_chains,3,451,-5.493244242278847,0
d5a9cf6a9c76310134edcf28,cpu-nuts-spawn_chains,3,452,-5.273122651192036,0
d5a9cf6a9c76310134edcf28,cpu-nuts-spawn_chains,3,453,-4.105890390440971,0
d5a9cf6a9c76310134edcf28,cpu-nuts-spawn_chains,3,454,-4.576537393500677,0
d5a9cf6a9c76310134edcf28,cpu-nuts-spawn_chains,3,455,-4.046911526857323,0
d5a9cf6a9c76310134edcf28,cpu-nuts-spawn_chains,3,456,-4.547609656025636,0
d5a9cf6a9c76310134edcf28,cpu-nuts-spawn_chains,3,457,-5.063119460233972,0
d5a9cf6a9c76310134edcf28,cpu-nuts-spawn_chains,3,458,-5.138156343793229,0
d5a9cf6a9c76310134edcf28,cpu-nuts-spawn_chains,3,459,-5.147826651122266,0
d5a9cf6a9c76310134edcf28,cpu-nuts-spawn_chains,3,460,-4.998450861321054,0
d5a9cf6a9c76310134edcf28,cpu-nuts-spawn_chains,3,461,-4.520271637791712,0
d5a9cf6a9c76310134edcf28,cpu-nuts-spawn_chains,3,462,-6.296335382670773,0
d5a9cf6a9c76310134edcf28,cpu-nuts-spawn_chains,3,463,-4.657293415432297,0
d5a9cf6a9c76310134edcf28,cpu-nuts-spawn_chains,3,464,-5.035216867966555,0
d5a9cf6a9c76310134edcf28,cpu-nuts-spawn_chains,3,465,-4.71263600949622,0
d5a9cf6a9c76310134edcf28,cpu-nuts-spawn_chains,3,466,-5.459897215821678,0
d5a9cf6a9c76310134edcf28,cpu-nuts-spawn_chains,3,467,-4.297419988941715,0
d5a9cf6a9c76310134edcf28,cpu-nuts-spawn_chains,3,468,-3.3196016276689386,0
d5a9cf6a9c76310134edcf28,cpu-nuts-spawn_chains,3,469,-6.287975012838803,0
d5a9cf6a9c76310134edcf28,cpu-nuts-spawn_chains,3,470,-5.175687812627871,0
d5a9cf6a9c76310134edcf28,cpu-nuts-spawn_chains,3,471,-6.4786218926354,0
d5a9cf6a9c76310134edcf28,cpu-nuts-spawn_chains,3,472,-3.4837585706354703,0
d5a9cf6a9c76310134edcf28,cpu-nuts-spawn_chains,3,473,-6.4170585649004614,0
d5a9cf6a9c76310134edcf28,cpu-nuts-spawn_chains,3,474,-4.959495987136094,0
d5a9cf6a9c76310134edcf28,cpu-nuts-spawn_chains,3,475,-3.1905762065471537,0
d5a9cf6a9c76310134edcf28,cpu-nuts-spawn_chains,3,476,-6.65832013039327,0
d5a9cf6a9c76310134edcf28,cpu-nuts-spawn_chains,3,477,-3.4072873086111604,0
d5a9cf6a9c76310134edcf28,cpu-nuts-spawn_chains,3,478,-5.090559793099823,0
d5a9cf6a9c76310134edcf28,cpu-nuts-spawn_chains,3,479,-5.171021770393283,0
d5a9cf6a9c76310134edcf28,cpu-nuts-spawn_chains,3,480,-5.871573322142822,0
d5a9cf6a9c76310134edcf28,cpu-nuts-spawn_chains,3,481,-4.831344030125717,0
d5a9cf6a9c76310134edcf28,cpu-nuts-spawn_chains,3,482,-3.2729909761671774,0
d5a9cf6a9c76310134edcf28,cpu-nuts-spawn_chains,3,483,-4.768499932755917,0
d5a9cf6a9c76310134edcf28,cpu-nuts-spawn_chains,3,484,-4.768499932755917,0
d5a9cf6a9c76310134edcf28,cpu-nuts-spawn_chains,3,485,-5.153077644653281,0
d5a9cf6a9c76310134edcf28,cpu-nuts-spawn_chains,3,486,-4.748585084038275,0
d5a9cf6a9c76310134edcf28,cpu-nuts-spawn_chains,3,487,-4.664224901018884,0
d5a9cf6a9c76310134edcf28,cpu-nuts-spawn_chains,3,488,-4.7495466413691325,0
d5a9cf6a9c76310134edcf28,cpu-nuts-spawn_chains,3,489,-5.342973140445384,0
d5a9cf6a9c76310134edcf28,cpu-nuts-spawn_chains,3,490,-6.379608325876035,0
d5a9cf6a9c76310134edcf28,cpu-nuts-spawn_chains,3,491,-4.099649278442653,0
d5a9cf6a9c76310134edcf28,cpu-nuts-spawn_chains,3,492,-4.078637568196081,0
d5a9cf6a9c76310134edcf28,cpu-nuts-spawn_chains,3,493,-4.25757063871405,0
d5a9cf6a9c76310134edcf28,cpu-nuts-spawn_chains,3,494,-4.1951474971545935,0
d5a9cf6a9c76310134edcf28,cpu-nuts-spawn_chains,3,495,-5.508088708953776,0
d5a9cf6a9c76310134edcf28,cpu-nuts-spawn_chains,3,496,-4.928586615887567,0
d5a9cf6a9c76310134edcf28,cpu-nuts-spawn_chains,3,497,-4.986554104305399,0
d5a9cf6a9c76310134edcf28,cpu-nuts-spawn_chains,3,498,-5.646805776090729,0
d5a9cf6a9c76310134edcf28,cpu-nuts-spawn_chains,3,499,-5.935751220397401,0
d5a9cf6a9c76310134edcf28,cpu-nuts-spawn_chains,3,500,-5.799635453943438,0
d5a9cf6a9c76310134edcf28,cpu-nuts-spawn_chains,3,501,-5.778729131376632,0
d5a9cf6a9c76310134edcf28,cpu-nuts-spawn_chains,3,502,-3.8975964940437913,0
d5a9cf6a9c76310134edcf28,cpu-nuts-spawn_chains,3,503,-3.740290261032273,0
d5a9cf6a9c76310134edcf28,cpu-nuts-spawn_chains,3,504,-3.699319810804202,0
d5a9cf6a9c76310134edcf28,cpu-nuts-spawn_chains,3,505,-6.28327222277402,0
d5a9cf6a9c76310134edcf28,cpu-nuts-spawn_chains,3,506,-3.8786128048198822,0
d5a9cf6a9c76310134edcf28,cpu-nuts-spawn_chains,3,507,-7.9217077858791,0
d5a9cf6a9c76310134edcf28,cpu-nuts-spawn_chains,3,508,-4.272288439767953,0
d5a9cf6a9c76310134edcf28,cpu-nuts-spawn_chains,3,509,-3.813781334368458,0
d5a9cf6a9c76310134edcf28,cpu-nuts-spawn_chains,3,510,-5.647288191560261,0
d5a9cf6a9c76310134edcf28,cpu-nuts-spawn_chains,3,511,-3.790961157011219,0
d5a9cf6a9c76310134edcf28,cpu-nuts-spawn_chains,3,512,-4.7979919682434,0
d5a9cf6a9c76310134edcf28,cpu-nuts-spawn_chains,3,513,-5.854419204410453,0
d5a9cf6a9c76310134edcf28,cpu-nuts-spawn_chains,3,514,-3.993956708530018,0
d5a9cf6a9c76310134edcf28,cpu-nuts-spawn_chains,3,515,-5.767214256901164,0
d5a9cf6a9c76310134edcf28,cpu-nuts-spawn_chains,3,516,-4.359983380453071,0
d5a9cf6a9c76310134edcf28,cpu-nuts-spawn_chains,3,517,-5.486047145523704,0
d5a9cf6a9c76310134edcf28,cpu-nuts-spawn_chains,3,518,-5.9326857725235564,0
d5a9cf6a9c76310134edcf28,cpu-nuts-spawn_chains,3,519,-3.9778744230428087,0
d5a9cf6a9c76310134edcf28,cpu-nuts-spawn_chains,3,520,-5.777051908983972,0
d5a9cf6a9c76310134edcf28,cpu-nuts-spawn_chains,3,521,-5.543453041349222,0
d5a9cf6a9c76310134edcf28,cpu-nuts-spawn_chains,3,522,-3.8097356110978824,0
d5a9cf6a9c76310134edcf28,cpu-nuts-spawn_chains,3,523,-4.046991059554128,0
d5a9cf6a9c76310134edcf28,cpu-nuts-spawn_chains,3,524,-5.287017059850492,0
d5a9cf6a9c76310134edcf28,cpu-nuts-spawn_chains,3,525,-6.076123455802096,0
d5a9cf6a9c76310134edcf28,cpu-nuts-spawn_chains,3,526,-4.930805645113559,0
d5a9cf6a9c76310134edcf28,cpu-nuts-spawn_chains,3,527,-4.953443786918476,0
d5a9cf6a9c76310134edcf28,cpu-nuts-spawn_chains,3,528,-4.854075917193273,0
d5a9cf6a9c76310134edcf28,cpu-nuts-spawn_chains,3,529,-4.827810884426292,0
d5a9cf6a9c76310134edcf28,cpu-nuts-spawn_chains,3,530,-4.069301736345392,0
d5a9cf6a9c76310134edcf28,cpu-nuts-spawn_chains,3,531,-6.490853979804115,0
d5a9cf6a9c76310134edcf28,cpu-nuts-spawn_chains,3,532,-3.536751074021254,0
d5a9cf6a9c76310134edcf28,cpu-nuts-spawn_chains,3,533,-5.996314993860852,0
d5a9cf6a9c76310134edcf28,cpu-nuts-spawn_chains,3,534,-5.509320183103019,0
d5a9cf6a9c76310134edcf28,cpu-nuts-spawn_chains,3,535,-4.417634180016831,0
d5a9cf6a9c76310134edcf28,cpu-nuts-spawn_chains,3,536,-4.988303517181477,0
d5a9cf6a9c76310134edcf28,cpu-nuts-spawn_chains,3,537,-5.157150478265016,0
d5a9cf6a9c76310134edcf28,cpu-nuts-spawn_chains,3,538,-4.538440492432731,0
d5a9cf6a9c76310134edcf28,cpu-nuts-spawn_chains,3,539,-5.920189339591056,0
d5a9cf6a9c76310134edcf28,cpu-nuts-spawn_chains,3,540,-5.124506191501413,0
d5a9cf6a9c76310134edcf28,cpu-nuts-spawn_chains,3,541,-3.3135948080916404,0
d5a9cf6a9c76310134edcf28,cpu-nuts-spawn_chains,3,542,-2.744565297810225,0
d5a9cf6a9c76310134edcf28,cpu-nuts-spawn_chains,3,543,-7.861347725987226,0
d5a9cf6a9c76310134edcf28,cpu-nuts-spawn_chains,3,544,-3.8846201570549175,0
d5a9cf6a9c76310134edcf28,cpu-nuts-spawn_chains,3,545,-5.747551041557126,0
d5a9cf6a9c76310134edcf28,cpu-nuts-spawn_chains,3,546,-6.925505030177226,0
d5a9cf6a9c76310134edcf28,cpu-nuts-spawn_chains,3,547,-7.512697856083038,0
d5a9cf6a9c76310134edcf28,cpu-nuts-spawn_chains,3,548,-2.5760430613727854,0
d5a9cf6a9c76310134edcf28,cpu-nuts-spawn_chains,3,549,-1.5260306071462966,0
d5a9cf6a9c76310134edcf28,cpu-nuts-spawn_chains,3,550,-4.824216267106026,0
d5a9cf6a9c76310134edcf28,cpu-nuts-spawn_chains,3,551,-4.189472149211473,0
d5a9cf6a9c76310134edcf28,cpu-nuts-spawn_chains,3,552,-5.813597462967033,0
d5a9cf6a9c76310134edcf28,cpu-nuts-spawn_chains,3,553,-1.2216353941237001,0
d5a9cf6a9c76310134edcf28,cpu-nuts-spawn_chains,3,554,8.59626957663406,1
d5a9cf6a9c76310134edcf28,cpu-nuts-spawn_chains,3,555,5.028692907760625,1
d5a9cf6a9c76310134edcf28,cpu-nuts-spawn_chains,3,556,5.0823878301931815,1
d5a9cf6a9c76310134edcf28,cpu-nuts-spawn_chains,3,557,4.980904521953509,1
d5a9cf6a9c76310134edcf28,cpu-nuts-spawn_chains,3,558,5.089894956585825,1
d5a9cf6a9c76310134edcf28,cpu-nuts-spawn_chains,3,559,4.853736284791859,1
d5a9cf6a9c76310134edcf28,cpu-nuts-spawn_chains,3,560,4.3318617455153925,1
d5a9cf6a9c76310134edcf28,cpu-nuts-spawn_chains,3,561,5.720341939400502,1
d5a9cf6a9c76310134edcf28,cpu-nuts-spawn_chains,3,562,4.713568337852919,1
d5a9cf6a9c76310134edcf28,cpu-nuts-spawn_chains,3,563,5.908434961764223,1
d5a9cf6a9c76310134edcf28,cpu-nuts-spawn_chains,3,564,6.069575243923472,1
d5a9cf6a9c76310134edcf28,cpu-nuts-spawn_chains,3,565,7.925233379733839,1
d5a9cf6a9c76310134edcf28,cpu-nuts-spawn_chains,3,566,7.467975414460911,1
d5a9cf6a9c76310134edcf28,cpu-nuts-spawn_chains,3,567,5.830990414534642,1
d5a9cf6a9c76310134edcf28,cpu-nuts-spawn_chains,3,568,5.181869276436783,1
d5a9cf6a9c76310134edcf28,cpu-nuts-spawn_chains,3,569,4.431092973348193,1
d5a9cf6a9c76310134edcf28,cpu-nuts-spawn_chains,3,570,4.673462037686948,1
d5a9cf6a9c76310134edcf28,cpu-nuts-spawn_chains,3,571,5.199730034187191,1
d5a9cf6a9c76310134edcf28,cpu-nuts-spawn_chains,3,572,5.057989058235221,1
d5a9cf6a9c76310134edcf28,cpu-nuts-spawn_chains,3,573,4.879303438367838,1
d5a9cf6a9c76310134edcf28,cpu-nuts-spawn_chains,3,574,4.353361844212083,1
d5a9cf6a9c76310134edcf28,cpu-nuts-spawn_chains,3,575,4.509454150689231,1
d5a9cf6a9c76310134edcf28,cpu-nuts-spawn_chains,3,576,5.858167787947863,1
d5a9cf6a9c76310134edcf28,cpu-nuts-spawn_chains,3,577,5.3625004503496045,1
d5a9cf6a9c76310134edcf28,cpu-nuts-spawn_chains,3,578,5.155054161501962,1
d5a9cf6a9c76310134edcf28,cpu-nuts-spawn_chains,3,579,4.786091864697207,1
d5a9cf6a9c76310134edcf28,cpu-nuts-spawn_chains,3,580,4.750345217702498,1
d5a9cf6a9c76310134edcf28,cpu-nuts-spawn_chains,3,581,5.4166753864648705,1
d5a9cf6a9c76310134edcf28,cpu-nuts-spawn_chains,3,582,5.949127630552486,1
d5a9cf6a9c76310134edcf28,cpu-nuts-spawn_chains,3,583,5.862153678496632,1
d5a9cf6a9c76310134edcf28,cpu-nuts-spawn_chains,3,584,5.120687216602557,1
d5a9cf6a9c76310134edcf28,cpu-nuts-spawn_chains,3,585,4.225417486487936,1
d5a9cf6a9c76310134edcf28,cpu-nuts-spawn_chains,3,586,5.717770334299705,1
d5a9cf6a9c76310134edcf28,cpu-nuts-spawn_chains,3,587,4.932490049365606,1
d5a9cf6a9c76310134edcf28,cpu-nuts-spawn_chains,3,588,4.932490049365606,1
d5a9cf6a9c76310134edcf28,cpu-nuts-spawn_chains,3,589,4.482075616934694,1
d5a9cf6a9c76310134edcf28,cpu-nuts-spawn_chains,3,590,2.920656105950173,1
d5a9cf6a9c76310134edcf28,cpu-nuts-spawn_chains,3,591,3.051163714729157,1
d5a9cf6a9c76310134edcf28,cpu-nuts-spawn_chains,3,592,6.724473838724524,1
d5a9cf6a9c76310134edcf28,cpu-nuts-spawn_chains,3,593,5.634411913447303,1
d5a9cf6a9c76310134edcf28,cpu-nuts-spawn_chains,3,594,3.2284162736172424,1
d5a9cf6a9c76310134edcf28,cpu-nuts-spawn_chains,3,595,2.9023261673831113,1
d5a9cf6a9c76310134edcf28,cpu-nuts-spawn_chains,3,596,7.065334833911366,1
d5a9cf6a9c76310134edcf28,cpu-nuts-spawn_chains,3,597,2.951519223809222,1
d5a9cf6a9c76310134edcf28,cpu-nuts-spawn_chains,3,598,7.228212815988977,1
d5a9cf6a9c76310134edcf28,cpu-nuts-spawn_chains,3,599,4.265563419874546,1
d5a9cf6a9c76310134edcf28,cpu-nuts-spawn_chains,3,600,5.570850441469659,1
d5a9cf6a9c76310134edcf28,cpu-nuts-spawn_chains,3,601,5.625752649287886,1
d5a9cf6a9c76310134edcf28,cpu-nuts-spawn_chains,3,602,4.8564517189608205,1
d5a9cf6a9c76310134edcf28,cpu-nuts-spawn_chains,3,603,6.0007122567540705,1
d5a9cf6a9c76310134edcf28,cpu-nuts-spawn_chains,3,604,4.818696866953612,1
d5a9cf6a9c76310134edcf28,cpu-nuts-spawn_chains,3,605,4.276248191012154,1
d5a9cf6a9c76310134edcf28,cpu-nuts-spawn_chains,3,606,4.616051876649273,1
d5a9cf6a9c76310134edcf28,cpu-nuts-spawn_chains,3,607,4.8690551259729915,1
d5a9cf6a9c76310134edcf28,cpu-nuts-spawn_chains,3,608,5.212664440827412,1
d5a9cf6a9c76310134edcf28,cpu-nuts-spawn_chains,3,609,4.48312011638302,1
d5a9cf6a9c76310134edcf28,cpu-nuts-spawn_chains,3,610,5.767114664769607,1
d5a9cf6a9c76310134edcf28,cpu-nuts-spawn_chains,3,611,3.651137519715983,1
d5a9cf6a9c76310134edcf28,cpu-nuts-spawn_chains,3,612,6.03250804487822,1
d5a9cf6a9c76310134edcf28,cpu-nuts-spawn_chains,3,613,6.473303302208728,1
d5a9cf6a9c76310134edcf28,cpu-nuts-spawn_chains,3,614,3.443059801408594,1
d5a9cf6a9c76310134edcf28,cpu-nuts-spawn_chains,3,615,5.061232060674764,1
d5a9cf6a9c76310134edcf28,cpu-nuts-spawn_chains,3,616,4.668501444527746,1
d5a9cf6a9c76310134edcf28,cpu-nuts-spawn_chains,3,617,5.0569469021800595,1
d5a9cf6a9c76310134edcf28,cpu-nuts-spawn_chains,3,618,4.769471575488128,1
d5a9cf6a9c76310134edcf28,cpu-nuts-spawn_chains,3,619,4.769471575488128,1
d5a9cf6a9c76310134edcf28,cpu-nuts-spawn_chains,3,620,4.648574134817091,1
d5a9cf6a9c76310134edcf28,cpu-nuts-spawn_chains,3,621,4.59787517493148,1
d5a9cf6a9c76310134edcf28,cpu-nuts-spawn_chains,3,622,5.263319082853853,1
d5a9cf6a9c76310134edcf28,cpu-nuts-spawn_chains,3,623,4.828728675258144,1
d5a9cf6a9c76310134edcf28,cpu-nuts-spawn_chains,3,624,3.868221294408019,1
d5a9cf6a9c76310134edcf28,cpu-nuts-spawn_chains,3,625,6.44919594061262,1
d5a9cf6a9c76310134edcf28,cpu-nuts-spawn_chains,3,626,3.6870065542277977,1
d5a9cf6a9c76310134edcf28,cpu-nuts-spawn_chains,3,627,5.5535910374672355,1
d5a9cf6a9c76310134edcf28,cpu-nuts-spawn_chains,3,628,5.922901573132991,1
d5a9cf6a9c76310134edcf28,cpu-nuts-spawn_chains,3,629,5.473828431661894,1
d5a9cf6a9c76310134edcf28,cpu-nuts-spawn_chains,3,630,4.461761059847621,1
d5a9cf6a9c76310134edcf28,cpu-nuts-spawn_chains,3,631,5.064943325569607,1
d5a9cf6a9c76310134edcf28,cpu-nuts-spawn_chains,3,632,5.064943325569607,1
d5a9cf6a9c76310134edcf28,cpu-nuts-spawn_chains,3,633,5.03590901522975,1
d5a9cf6a9c76310134edcf28,cpu-nuts-spawn_chains,3,634,5.213446153170725,1
d5a9cf6a9c76310134edcf28,cpu-nuts-spawn_chains,3,635,4.4725459880569165,1
d5a9cf6a9c76310134edcf28,cpu-nuts-spawn_chains,3,636,4.200224266857907,1
d5a9cf6a9c76310134edcf28,cpu-nuts-spawn_chains,3,637,5.771304296370135,1
d5a9cf6a9c76310134edcf28,cpu-nuts-spawn_chains,3,638,5.715256136900383,1
d5a9cf6a9c76310134edcf28,cpu-nuts-spawn_chains,3,639,3.897113828454981,1
d5a9cf6a9c76310134edcf28,cpu-nuts-spawn_chains,3,640,4.856940366402947,1
d5a9cf6a9c76310134edcf28,cpu-nuts-spawn_chains,3,641,5.252671052033838,1
d5a9cf6a9c76310134edcf28,cpu-nuts-spawn_chains,3,642,3.2400594558862688,1
d5a9cf6a9c76310134edcf28,cpu-nuts-spawn_chains,3,643,5.4966860210790225,1
d5a9cf6a9c76310134edcf28,cpu-nuts-spawn_chains,3,644,4.932712681216252,1
d5a9cf6a9c76310134edcf28,cpu-nuts-spawn_chains,3,645,4.686110052631026,1
d5a9cf6a9c76310134edcf28,cpu-nuts-spawn_chains,3,646,6.399477723482592,1
d5a9cf6a9c76310134edcf28,cpu-nuts-spawn_chains,3,647,3.8173474415446638,1
d5a9cf6a9c76310134edcf28,cpu-nuts-spawn_chains,3,648,5.7128403639100425,1
d5a9cf6a9c76310134edcf28,cpu-nuts-spawn_chains,3,649,5.617185088120949,1
d5a9cf6a9c76310134edcf28,cpu-nuts-spawn_chains,3,650,6.15636725244636,1
d5a9cf6a9c76310134edcf28,cpu-nuts-spawn_chains,3,651,5.004527964620701,1
d5a9cf6a9c76310134edcf28,cpu-nuts-spawn_chains,3,652,5.004527964620701,1
d5a9cf6a9c76310134edcf28,cpu-nuts-spawn_chains,3,653,4.492800443182412,1
d5a9cf6a9c76310134edcf28,cpu-nuts-spawn_chains,3,654,3.6277258408102333,1
d5a9cf6a9c76310134edcf28,cpu-nuts-spawn_chains,3,655,6.0471390734068216,1
d5a9cf6a9c76310134edcf28,cpu-nuts-spawn_chains,3,656,4.377197090276146,1
d5a9cf6a9c76310134edcf28,cpu-nuts-spawn_chains,3,657,5.064999722282668,1
d5a9cf6a9c76310134edcf28,cpu-nuts-spawn_chains,3,658,5.011795052705024,1
d5a9cf6a9c76310134edcf28,cpu-nuts-spawn_chains,3,659,5.492593776863152,1
d5a9cf6a9c76310134edcf28,cpu-nuts-spawn_chains,3,660,6.662407338122657,1
d5a9cf6a9c76310134edcf28,cpu-nuts-spawn_chains,3,661,3.809625086340951,1
d5a9cf6a9c76310134edcf28,cpu-nuts-spawn_chains,3,662,5.1978304345127455,1
d5a9cf6a9c76310134edcf28,cpu-nuts-spawn_chains,3,663,5.0010487140026925,1
d5a9cf6a9c76310134edcf28,cpu-nuts-spawn_chains,3,664,4.574299456190368,1
d5a9cf6a9c76310134edcf28,cpu-nuts-spawn_chains,3,665,5.940578828413308,1
d5a9cf6a9c76310134edcf28,cpu-nuts-spawn_chains,3,666,3.8994844473523838,1
d5a9cf6a9c76310134edcf28,cpu-nuts-spawn_chains,3,667,5.884566941290268,1
d5a9cf6a9c76310134edcf28,cpu-nuts-spawn_chains,3,668,4.569420811232687,1
d5a9cf6a9c76310134edcf28,cpu-nuts-spawn_chains,3,669,5.185830707839216,1
d5a9cf6a9c76310134edcf28,cpu-nuts-spawn_chains,3,670,4.664096760517508,1
d5a9cf6a9c76310134edcf28,cpu-nuts-spawn_chains,3,671,6.452130087294005,1
d5a9cf6a9c76310134edcf28,cpu-nuts-spawn_chains,3,672,5.46248299546063,1
d5a9cf6a9c76310134edcf28,cpu-nuts-spawn_chains,3,673,4.572962154609863,1
d5a9cf6a9c76310134edcf28,cpu-nuts-spawn_chains,3,674,3.579411648655561,1
d5a9cf6a9c76310134edcf28,cpu-nuts-spawn_chains,3,675,3.5509822783185987,1
d5a9cf6a9c76310134edcf28,cpu-nuts-spawn_chains,3,676,5.820814368398828,1
d5a9cf6a9c76310134edcf28,cpu-nuts-spawn_chains,3,677,5.340775656644849,1
d5a9cf6a9c76310134edcf28,cpu-nuts-spawn_chains,3,678,5.072969139467895,1
d5a9cf6a9c76310134edcf28,cpu-nuts-spawn_chains,3,679,5.072969139467895,1
d5a9cf6a9c76310134edcf28,cpu-nuts-spawn_chains,3,680,6.512666013104002,1
d5a9cf6a9c76310134edcf28,cpu-nuts-spawn_chains,3,681,5.0207109533617125,1
d5a9cf6a9c76310134edcf28,cpu-nuts-spawn_chains,3,682,7.104518963749317,1
d5a9cf6a9c76310134edcf28,cpu-nuts-spawn_chains,3,683,7.084011226204582,1
d5a9cf6a9c76310134edcf28,cpu-nuts-spawn_chains,3,684,5.512406600033668,1
d5a9cf6a9c76310134edcf28,cpu-nuts-spawn_chains,3,685,6.035993410218289,1
d5a9cf6a9c76310134edcf28,cpu-nuts-spawn_chains,3,686,4.79049564461914,1
d5a9cf6a9c76310134edcf28,cpu-nuts-spawn_chains,3,687,5.410565026234524,1
d5a9cf6a9c76310134edcf28,cpu-nuts-spawn_chains,3,688,5.7440314145646045,1
d5a9cf6a9c76310134edcf28,cpu-nuts-spawn_chains,3,689,4.737177526881375,1
d5a9cf6a9c76310134edcf28,cpu-nuts-spawn_chains,3,690,5.722342580754716,1
d5a9cf6a9c76310134edcf28,cpu-nuts-spawn_chains,3,691,3.8969997712169095,1
d5a9cf6a9c76310134edcf28,cpu-nuts-spawn_chains,3,692,5.311194830264619,1
d5a9cf6a9c76310134edcf28,cpu-nuts-spawn_chains,3,693,5.150176450283398,1
d5a9cf6a9c76310134edcf28,cpu-nuts-spawn_chains,3,694,6.375330199333157,1
d5a9cf6a9c76310134edcf28,cpu-nuts-spawn_chains,3,695,4.788046970799796,1
d5a9cf6a9c76310134edcf28,cpu-nuts-spawn_chains,3,696,5.092474762634482,1
d5a9cf6a9c76310134edcf28,cpu-nuts-spawn_chains,3,697,6.564544387302862,1
d5a9cf6a9c76310134edcf28,cpu-nuts-spawn_chains,3,698,5.475933347462432,1
d5a9cf6a9c76310134edcf28,cpu-nuts-spawn_chains,3,699,4.376088774739564,1
d5a9cf6a9c76310134edcf28,cpu-nuts-spawn_chains,3,700,5.942230789013641,1
d5a9cf6a9c76310134edcf28,cpu-nuts-spawn_chains,3,701,5.328316080218535,1
d5a9cf6a9c76310134edcf28,cpu-nuts-spawn_chains,3,702,5.397136428461071,1
d5a9cf6a9c76310134edcf28,cpu-nuts-spawn_chains,3,703,7.854137418059627,1
d5a9cf6a9c76310134edcf28,cpu-nuts-spawn_chains,3,704,6.3974520731011975,1
d5a9cf6a9c76310134edcf28,cpu-nuts-spawn_chains,3,705,7.091777825789998,1
d5a9cf6a9c76310134edcf28,cpu-nuts-spawn_chains,3,706,5.178547918277463,1
d5a9cf6a9c76310134edcf28,cpu-nuts-spawn_chains,3,707,5.361953120022801,1
d5a9cf6a9c76310134edcf28,cpu-nuts-spawn_chains,3,708,3.811503153649311,1
d5a9cf6a9c76310134edcf28,cpu-nuts-spawn_chains,3,709,5.017677846671761,1
d5a9cf6a9c76310134edcf28,cpu-nuts-spawn_chains,3,710,4.950401128382145,1
d5a9cf6a9c76310134edcf28,cpu-nuts-spawn_chains,3,711,4.576902944602714,1
d5a9cf6a9c76310134edcf28,cpu-nuts-spawn_chains,3,712,4.551542249327402,1
d5a9cf6a9c76310134edcf28,cpu-nuts-spawn_chains,3,713,4.511663961145073,1
d5a9cf6a9c76310134edcf28,cpu-nuts-spawn_chains,3,714,7.2923306474918,1
d5a9cf6a9c76310134edcf28,cpu-nuts-spawn_chains,3,715,2.3019720726279407,1
d5a9cf6a9c76310134edcf28,cpu-nuts-spawn_chains,3,716,4.718832636316643,1
d5a9cf6a9c76310134edcf28,cpu-nuts-spawn_chains,3,717,4.718832636316643,1
d5a9cf6a9c76310134edcf28,cpu-nuts-spawn_chains,3,718,5.191204509036426,1
d5a9cf6a9c76310134edcf28,cpu-nuts-spawn_chains,3,719,4.877073296228996,1
d5a9cf6a9c76310134edcf28,cpu-nuts-spawn_chains,3,720,5.603519562671856,1
d5a9cf6a9c76310134edcf28,cpu-nuts-spawn_chains,3,721,5.570376383567002,1
d5a9cf6a9c76310134edcf28,cpu-nuts-spawn_chains,3,722,4.854887792478429,1
d5a9cf6a9c76310134edcf28,cpu-nuts-spawn_chains,3,723,4.533762353348226,1
d5a9cf6a9c76310134edcf28,cpu-nuts-spawn_chains,3,724,3.970336902532332,1
d5a9cf6a9c76310134edcf28,cpu-nuts-spawn_chains,3,725,3.970336902532332,1
d5a9cf6a9c76310134edcf28,cpu-nuts-spawn_chains,3,726,4.401449914537071,1
d5a9cf6a9c76310134edcf28,cpu-nuts-spawn_chains,3,727,3.988206174556054,1
d5a9cf6a9c76310134edcf28,cpu-nuts-spawn_chains,3,728,4.332795616607359,1
d5a9cf6a9c76310134edcf28,cpu-nuts-spawn_chains,3,729,4.613193979166376,1
d5a9cf6a9c76310134edcf28,cpu-nuts-spawn_chains,3,730,5.022423451334884,1
d5a9cf6a9c76310134edcf28,cpu-nuts-spawn_chains,3,731,5.689602571983235,1
d5a9cf6a9c76310134edcf28,cpu-nuts-spawn_chains,3,732,4.2765432722535826,1
d5a9cf6a9c76310134edcf28,cpu-nuts-spawn_chains,3,733,4.864879482296292,1
d5a9cf6a9c76310134edcf28,cpu-nuts-spawn_chains,3,734,5.118102428095187,1
d5a9cf6a9c76310134edcf28,cpu-nuts-spawn_chains,3,735,4.389762489476306,1
d5a9cf6a9c76310134edcf28,cpu-nuts-spawn_chains,3,736,5.139887975710968,1
d5a9cf6a9c76310134edcf28,cpu-nuts-spawn_chains,3,737,5.382196355182337,1
d5a9cf6a9c76310134edcf28,cpu-nuts-spawn_chains,3,738,6.215350954717312,1
d5a9cf6a9c76310134edcf28,cpu-nuts-spawn_chains,3,739,3.2653432284848907,1
d5a9cf6a9c76310134edcf28,cpu-nuts-spawn_chains,3,740,5.886317388260061,1
d5a9cf6a9c76310134edcf28,cpu-nuts-spawn_chains,3,741,3.765197472302524,1
d5a9cf6a9c76310134edcf28,cpu-nuts-spawn_chains,3,742,4.609212455203463,1
d5a9cf6a9c76310134edcf28,cpu-nuts-spawn_chains,3,743,5.393161710257636,1
d5a9cf6a9c76310134edcf28,cpu-nuts-spawn_chains,3,744,5.479152406986891,1
d5a9cf6a9c76310134edcf28,cpu-nuts-spawn_chains,3,745,5.043782154129817,1
d5a9cf6a9c76310134edcf28,cpu-nuts-spawn_chains,3,746,5.000559139572559,1
d5a9cf6a9c76310134edcf28,cpu-nuts-spawn_chains,3,747,2.670740618638164,1
d5a9cf6a9c76310134edcf28,cpu-nuts-spawn_chains,3,748,5.282476090967005,1
d5a9cf6a9c76310134edcf28,cpu-nuts-spawn_chains,3,749,5.749027139994236,1
d5a9cf6a9c76310134edcf28,cpu-nuts-spawn_chains,3,750,5.533707946104582,1
d5a9cf6a9c76310134edcf28,cpu-nuts-spawn_chains,3,751,4.83951935434521,1
d5a9cf6a9c76310134edcf28,cpu-nuts-spawn_chains,3,752,5.500718052659325,1
d5a9cf6a9c76310134edcf28,cpu-nuts-spawn_chains,3,753,4.681724924251267,1
d5a9cf6a9c76310134edcf28,cpu-nuts-spawn_chains,3,754,5.5176507596340905,1
d5a9cf6a9c76310134edcf28,cpu-nuts-spawn_chains,3,755,5.508808925200378,1
d5a9cf6a9c76310134edcf28,cpu-nuts-spawn_chains,3,756,5.175349452911791,1
d5a9cf6a9c76310134edcf28,cpu-nuts-spawn_chains,3,757,5.175349452911791,1
d5a9cf6a9c76310134edcf28,cpu-nuts-spawn_chains,3,758,4.310924730869812,1
d5a9cf6a9c76310134edcf28,cpu-nuts-spawn_chains,3,759,5.529091820525594,1
d5a9cf6a9c76310134edcf28,cpu-nuts-spawn_chains,3,760,5.360577565089624,1
d5a9cf6a9c76310134edcf28,cpu-nuts-spawn_chains,3,761,4.142890895728865,1
d5a9cf6a9c76310134edcf28,cpu-nuts-spawn_chains,3,762,5.206000979807197,1
d5a9cf6a9c76310134edcf28,cpu-nuts-spawn_chains,3,763,5.239032627532755,1
d5a9cf6a9c76310134edcf28,cpu-nuts-spawn_chains,3,764,5.298875188343164,1
d5a9cf6a9c76310134edcf28,cpu-nuts-spawn_chains,3,765,4.233689613494155,1
d5a9cf6a9c76310134edcf28,cpu-nuts-spawn_chains,3,766,5.920709799574225,1
d5a9cf6a9c76310134edcf28,cpu-nuts-spawn_chains,3,767,5.920709799574225,1
d5a9cf6a9c76310134edcf28,cpu-nuts-spawn_chains,3,768,3.027301057477141,1
d5a9cf6a9c76310134edcf28,cpu-nuts-spawn_chains,3,769,3.812752452597847,1
d5a9cf6a9c76310134edcf28,cpu-nuts-spawn_chains,3,770,6.258575205826385,1
d5a9cf6a9c76310134edcf28,cpu-nuts-spawn_chains,3,771,5.549437753106241,1
d5a9cf6a9c76310134edcf28,cpu-nuts-spawn_chains,3,772,5.752706390692806,1
d5a9cf6a9c76310134edcf28,cpu-nuts-spawn_chains,3,773,6.1822523796256075,1
d5a9cf6a9c76310134edcf28,cpu-nuts-spawn_chains,3,774,5.982894347237215,1
d5a9cf6a9c76310134edcf28,cpu-nuts-spawn_chains,3,775,4.326713889096605,1
d5a9cf6a9c76310134edcf28,cpu-nuts-spawn_chains,3,776,5.163195871606503,1
d5a9cf6a9c76310134edcf28,cpu-nuts-spawn_chains,3,777,4.177336170175885,1
d5a9cf6a9c76310134edcf28,cpu-nuts-spawn_chains,3,778,5.773517571609244,1
d5a9cf6a9c76310134edcf28,cpu-nuts-spawn_chains,3,779,3.644128705696339,1
d5a9cf6a9c76310134edcf28,cpu-nuts-spawn_chains,3,780,4.036911609420147,1
d5a9cf6a9c76310134edcf28,cpu-nuts-spawn_chains,3,781,2.6590777785521844,1
d5a9cf6a9c76310134edcf28,cpu-nuts-spawn_chains,3,782,6.0044391701184985,1
d5a9cf6a9c76310134edcf28,cpu-nuts-spawn_chains,3,783,4.101272713984576,1
d5a9cf6a9c76310134edcf28,cpu-nuts-spawn_chains,3,784,4.47803973047803,1
d5a9cf6a9c76310134edcf28,cpu-nuts-spawn_chains,3,785,5.232597505149448,1
d5a9cf6a9c76310134edcf28,cpu-nuts-spawn_chains,3,786,5.643431288309007,1
d5a9cf6a9c76310134edcf28,cpu-nuts-spawn_chains,3,787,3.9516833862469496,1
d5a9cf6a9c76310134edcf28,cpu-nuts-spawn_chains,3,788,5.433124823894791,1
d5a9cf6a9c76310134edcf28,cpu-nuts-spawn_chains,3,789,5.508133060486453,1
d5a9cf6a9c76310134edcf28,cpu-nuts-spawn_chains,3,790,4.700653415824771,1
d5a9cf6a9c76310134edcf28,cpu-nuts-spawn_chains,3,791,5.868546112119674,1
d5a9cf6a9c76310134edcf28,cpu-nuts-spawn_chains,3,792,5.5316019531136496,1
d5a9cf6a9c76310134edcf28,cpu-nuts-spawn_chains,3,793,5.765933408847881,1
d5a9cf6a9c76310134edcf28,cpu-nuts-spawn_chains,3,794,3.7405917621962845,1
d5a9cf6a9c76310134edcf28,cpu-nuts-spawn_chains,3,795,5.94577995047816,1
d5a9cf6a9c76310134edcf28,cpu-nuts-spawn_chains,3,796,4.038178977961631,1
d5a9cf6a9c76310134edcf28,cpu-nuts-spawn_chains,3,797,3.322185915283611,1
d5a9cf6a9c76310134edcf28,cpu-nuts-spawn_chains,3,798,3.325072534860806,1
d5a9cf6a9c76310134edcf28,cpu-nuts-spawn_chains,3,799,6.78314502165139,1
d5a9cf6a9c76310134edcf28,cpu-nuts-spawn_chains,3,800,4.49722911319663,1
d5a9cf6a9c76310134edcf28,cpu-nuts-spawn_chains,3,801,3.6320908108908947,1
d5a9cf6a9c76310134edcf28,cpu-nuts-spawn_chains,3,802,6.17444184982655,1
d5a9cf6a9c76310134edcf28,cpu-nuts-spawn_chains,3,803,6.45511704563436,1
d5a9cf6a9c76310134edcf28,cpu-nuts-spawn_chains,3,804,5.327213334688314,1
d5a9cf6a9c76310134edcf28,cpu-nuts-spawn_chains,3,805,5.825516554056803,1
d5a9cf6a9c76310134edcf28,cpu-nuts-spawn_chains,3,806,4.380084308244778,1
d5a9cf6a9c76310134edcf28,cpu-nuts-spawn_chains,3,807,3.2826562112301594,1
d5a9cf6a9c76310134edcf28,cpu-nuts-spawn_chains,3,808,3.3777152285401355,1
d5a9cf6a9c76310134edcf28,cpu-nuts-spawn_chains,3,809,3.3205190608334223,1
d5a9cf6a9c76310134edcf28,cpu-nuts-spawn_chains,3,810,5.056391230618358,1
d5a9cf6a9c76310134edcf28,cpu-nuts-spawn_chains,3,811,3.5322912204857575,1
d5a9cf6a9c76310134edcf28,cpu-nuts-spawn_chains,3,812,6.0504395188343,1
d5a9cf6a9c76310134edcf28,cpu-nuts-spawn_chains,3,813,4.769591532667404,1
d5a9cf6a9c76310134edcf28,cpu-nuts-spawn_chains,3,814,4.300151086239085,1
d5a9cf6a9c76310134edcf28,cpu-nuts-spawn_chains,3,815,4.300151086239085,1
d5a9cf6a9c76310134edcf28,cpu-nuts-spawn_chains,3,816,6.230234952986819,1
d5a9cf6a9c76310134edcf28,cpu-nuts-spawn_chains,3,817,5.508451451303043,1
d5a9cf6a9c76310134edcf28,cpu-nuts-spawn_chains,3,818,3.9545940300748286,1
d5a9cf6a9c76310134edcf28,cpu-nuts-spawn_chains,3,819,6.899375780672912,1
d5a9cf6a9c76310134edcf28,cpu-nuts-spawn_chains,3,820,6.8988958173674195,1
d5a9cf6a9c76310134edcf28,cpu-nuts-spawn_chains,3,821,3.296310024247324,1
d5a9cf6a9c76310134edcf28,cpu-nuts-spawn_chains,3,822,3.9466595028493923,1
d5a9cf6a9c76310134edcf28,cpu-nuts-spawn_chains,3,823,4.184704895116833,1
d5a9cf6a9c76310134edcf28,cpu-nuts-spawn_chains,3,824,6.347275886129014,1
d5a9cf6a9c76310134edcf28,cpu-nuts-spawn_chains,3,825,4.087529763689767,1
d5a9cf6a9c76310134edcf28,cpu-nuts-spawn_chains,3,826,3.852724993359925,1
d5a9cf6a9c76310134edcf28,cpu-nuts-spawn_chains,3,827,3.9161942732289687,1
d5a9cf6a9c76310134edcf28,cpu-nuts-spawn_chains,3,828,3.734329274241706,1
d5a9cf6a9c76310134edcf28,cpu-nuts-spawn_chains,3,829,4.557186162229134,1
d5a9cf6a9c76310134edcf28,cpu-nuts-spawn_chains,3,830,6.1910225308052365,1
d5a9cf6a9c76310134edcf28,cpu-nuts-spawn_chains,3,831,3.7225319885445387,1
d5a9cf6a9c76310134edcf28,cpu-nuts-spawn_chains,3,832,3.450504154616642,1
d5a9cf6a9c76310134edcf28,cpu-nuts-spawn_chains,3,833,2.4400761824065436,1
d5a9cf6a9c76310134edcf28,cpu-nuts-spawn_chains,3,834,7.096825899200703,1
d5a9cf6a9c76310134edcf28,cpu-nuts-spawn_chains,3,835,5.319315822622088,1
d5a9cf6a9c76310134edcf28,cpu-nuts-spawn_chains,3,836,6.497685155921997,1
d5a9cf6a9c76310134edcf28,cpu-nuts-spawn_chains,3,837,5.957017496170719,1
d5a9cf6a9c76310134edcf28,cpu-nuts-spawn_chains,3,838,5.703681521681388,1
d5a9cf6a9c76310134edcf28,cpu-nuts-spawn_chains,3,839,4.35135747994266,1
d5a9cf6a9c76310134edcf28,cpu-nuts-spawn_chains,3,840,5.120188345729121,1
d5a9cf6a9c76310134edcf28,cpu-nuts-spawn_chains,3,841,5.886327502008651,1
d5a9cf6a9c76310134edcf28,cpu-nuts-spawn_chains,3,842,3.315587444186487,1
d5a9cf6a9c76310134edcf28,cpu-nuts-spawn_chains,3,843,5.822466868528794,1
d5a9cf6a9c76310134edcf28,cpu-nuts-spawn_chains,3,844,4.565419998875146,1
d5a9cf6a9c76310134edcf28,cpu-nuts-spawn_chains,3,845,6.340328583266372,1
d5a9cf6a9c76310134edcf28,cpu-nuts-spawn_chains,3,846,8.052723129429518,1
d5a9cf6a9c76310134edcf28,cpu-nuts-spawn_chains,3,847,5.166228206268711,1
d5a9cf6a9c76310134edcf28,cpu-nuts-spawn_chains,3,848,4.615444567873338,1
d5a9cf6a9c76310134edcf28,cpu-nuts-spawn_chains,3,849,5.637741565904717,1
d5a9cf6a9c76310134edcf28,cpu-nuts-spawn_chains,3,850,7.06058940813354,1
d5a9cf6a9c76310134edcf28,cpu-nuts-spawn_chains,3,851,4.060478259357513,1
d5a9cf6a9c76310134edcf28,cpu-nuts-spawn_chains,3,852,2.6491078678953413,1
d5a9cf6a9c76310134edcf28,cpu-nuts-spawn_chains,3,853,7.172953183483458,1
d5a9cf6a9c76310134edcf28,cpu-nuts-spawn_chains,3,854,3.578779865298066,1
d5a9cf6a9c76310134edcf28,cpu-nuts-spawn_chains,3,855,5.467843499034493,1
d5a9cf6a9c76310134edcf28,cpu-nuts-spawn_chains,3,856,4.881928518516519,1
d5a9cf6a9c76310134edcf28,cpu-nuts-spawn_chains,3,857,4.618972435219477,1
d5a9cf6a9c76310134edcf28,cpu-nuts-spawn_chains,3,858,5.238221642138923,1
d5a9cf6a9c76310134edcf28,cpu-nuts-spawn_chains,3,859,5.4493637885957975,1
d5a9cf6a9c76310134edcf28,cpu-nuts-spawn_chains,3,860,4.8967672427859705,1
d5a9cf6a9c76310134edcf28,cpu-nuts-spawn_chains,3,861,4.594952656807762,1
d5a9cf6a9c76310134edcf28,cpu-nuts-spawn_chains,3,862,5.456145572623177,1
d5a9cf6a9c76310134edcf28,cpu-nuts-spawn_chains,3,863,3.7061059469055575,1
d5a9cf6a9c76310134edcf28,cpu-nuts-spawn_chains,3,864,3.2627690229829014,1
d5a9cf6a9c76310134edcf28,cpu-nuts-spawn_chains,3,865,1.873815536217355,1
d5a9cf6a9c76310134edcf28,cpu-nuts-spawn_chains,3,866,4.754000025219934,1
d5a9cf6a9c76310134edcf28,cpu-nuts-spawn_chains,3,867,4.470796040781495,1
d5a9cf6a9c76310134edcf28,cpu-nuts-spawn_chains,3,868,5.341590391160483,1
d5a9cf6a9c76310134edcf28,cpu-nuts-spawn_chains,3,869,5.0878138120746215,1
d5a9cf6a9c76310134edcf28,cpu-nuts-spawn_chains,3,870,4.382925956846291,1
d5a9cf6a9c76310134edcf28,cpu-nuts-spawn_chains,3,871,5.708417579072547,1
d5a9cf6a9c76310134edcf28,cpu-nuts-spawn_chains,3,872,2.847386649857574,1
d5a9cf6a9c76310134edcf28,cpu-nuts-spawn_chains,3,873,4.348647239305921,1
d5a9cf6a9c76310134edcf28,cpu-nuts-spawn_chains,3,874,5.563965888395928,1
d5a9cf6a9c76310134edcf28,cpu-nuts-spawn_chains,3,875,5.539273498291928,1
d5a9cf6a9c76310134edcf28,cpu-nuts-spawn_chains,3,876,5.762152584668281,1
d5a9cf6a9c76310134edcf28,cpu-nuts-spawn_chains,3,877,4.6382528995646695,1
d5a9cf6a9c76310134edcf28,cpu-nuts-spawn_chains,3,878,6.2403612141167955,1
d5a9cf6a9c76310134edcf28,cpu-nuts-spawn_chains,3,879,4.048717628223827,1
d5a9cf6a9c76310134edcf28,cpu-nuts-spawn_chains,3,880,6.791601736310323,1
d5a9cf6a9c76310134edcf28,cpu-nuts-spawn_chains,3,881,6.632588555183096,1
d5a9cf6a9c76310134edcf28,cpu-nuts-spawn_chains,3,882,3.603777254471774,1
d5a9cf6a9c76310134edcf28,cpu-nuts-spawn_chains,3,883,3.090205201530484,1
d5a9cf6a9c76310134edcf28,cpu-nuts-spawn_chains,3,884,4.653290816744223,1
d5a9cf6a9c76310134edcf28,cpu-nuts-spawn_chains,3,885,5.672093423365523,1
d5a9cf6a9c76310134edcf28,cpu-nuts-spawn_chains,3,886,4.595278148613945,1
d5a9cf6a9c76310134edcf28,cpu-nuts-spawn_chains,3,887,4.344642520407148,1
d5a9cf6a9c76310134edcf28,cpu-nuts-spawn_chains,3,888,4.366420153638856,1
d5a9cf6a9c76310134edcf28,cpu-nuts-spawn_chains,3,889,4.826731132189338,1
d5a9cf6a9c76310134edcf28,cpu-nuts-spawn_chains,3,890,4.80952973027407,1
d5a9cf6a9c76310134edcf28,cpu-nuts-spawn_chains,3,891,5.481737756416958,1
d5a9cf6a9c76310134edcf28,cpu-nuts-spawn_chains,3,892,4.9418490130275865,1
d5a9cf6a9c76310134edcf28,cpu-nuts-spawn_chains,3,893,5.566120088668594,1
d5a9cf6a9c76310134edcf28,cpu-nuts-spawn_chains,3,894,4.736772743247704,1
d5a9cf6a9c76310134edcf28,cpu-nuts-spawn_chains,3,895,5.048411526175616,1
d5a9cf6a9c76310134edcf28,cpu-nuts-spawn_chains,3,896,5.048411526175616,1
d5a9cf6a9c76310134edcf28,cpu-nuts-spawn_chains,3,897,5.02487213839022,1
d5a9cf6a9c76310134edcf28,cpu-nuts-spawn_chains,3,898,4.489810310365455,1
d5a9cf6a9c76310134edcf28,cpu-nuts-spawn_chains,3,899,5.809346463287705,1
d5a9cf6a9c76310134edcf28,cpu-nuts-spawn_chains,3,900,4.54571348108093,1
d5a9cf6a9c76310134edcf28,cpu-nuts-spawn_chains,3,901,5.750278389528865,1
d5a9cf6a9c76310134edcf28,cpu-nuts-spawn_chains,3,902,4.335187820089389,1
d5a9cf6a9c76310134edcf28,cpu-nuts-spawn_chains,3,903,6.273897652189506,1
d5a9cf6a9c76310134edcf28,cpu-nuts-spawn_chains,3,904,5.730201149404396,1
d5a9cf6a9c76310134edcf28,cpu-nuts-spawn_chains,3,905,7.221471673437867,1
d5a9cf6a9c76310134edcf28,cpu-nuts-spawn_chains,3,906,5.2536052073015576,1
d5a9cf6a9c76310134edcf28,cpu-nuts-spawn_chains,3,907,5.2536052073015576,1
d5a9cf6a9c76310134edcf28,cpu-nuts-spawn_chains,3,908,5.2587020039268175,1
d5a9cf6a9c76310134edcf28,cpu-nuts-spawn_chains,3,909,5.8173927769580995,1
d5a9cf6a9c76310134edcf28,cpu-nuts-spawn_chains,3,910,4.3107479620165075,1
d5a9cf6a9c76310134edcf28,cpu-nuts-spawn_chains,3,911,3.6050119597706747,1
d5a9cf6a9c76310134edcf28,cpu-nuts-spawn_chains,3,912,5.720426405616187,1
d5a9cf6a9c76310134edcf28,cpu-nuts-spawn_chains,3,913,4.279675505589174,1
d5a9cf6a9c76310134edcf28,cpu-nuts-spawn_chains,3,914,3.823122464373,1
d5a9cf6a9c76310134edcf28,cpu-nuts-spawn_chains,3,915,6.176503770850661,1
d5a9cf6a9c76310134edcf28,cpu-nuts-spawn_chains,3,916,5.089302929805978,1
d5a9cf6a9c76310134edcf28,cpu-nuts-spawn_chains,3,917,5.108551710450303,1
d5a9cf6a9c76310134edcf28,cpu-nuts-spawn_chains,3,918,4.624938833509516,1
d5a9cf6a9c76310134edcf28,cpu-nuts-spawn_chains,3,919,2.829914492462275,1
d5a9cf6a9c76310134edcf28,cpu-nuts-spawn_chains,3,920,4.236017084491904,1
d5a9cf6a9c76310134edcf28,cpu-nuts-spawn_chains,3,921,4.194911665474027,1
d5a9cf6a9c76310134edcf28,cpu-nuts-spawn_chains,3,922,5.172331298386437,1
d5a9cf6a9c76310134edcf28,cpu-nuts-spawn_chains,3,923,5.361450406083732,1
d5a9cf6a9c76310134edcf28,cpu-nuts-spawn_chains,3,924,3.564929428453575,1
d5a9cf6a9c76310134edcf28,cpu-nuts-spawn_chains,3,925,6.494340768324283,1
d5a9cf6a9c76310134edcf28,cpu-nuts-spawn_chains,3,926,4.080167150648883,1
d5a9cf6a9c76310134edcf28,cpu-nuts-spawn_chains,3,927,4.404334103920471,1
d5a9cf6a9c76310134edcf28,cpu-nuts-spawn_chains,3,928,4.092884211711758,1
d5a9cf6a9c76310134edcf28,cpu-nuts-spawn_chains,3,929,5.499874495557728,1
d5a9cf6a9c76310134edcf28,cpu-nuts-spawn_chains,3,930,4.175839110427793,1
d5a9cf6a9c76310134edcf28,cpu-nuts-spawn_chains,3,931,5.5370396232621975,1
d5a9cf6a9c76310134edcf28,cpu-nuts-spawn_chains,3,932,6.712968749269417,1
d5a9cf6a9c76310134edcf28,cpu-nuts-spawn_chains,3,933,3.6881654541110276,1
d5a9cf6a9c76310134edcf28,cpu-nuts-spawn_chains,3,934,5.889480423522162,1
d5a9cf6a9c76310134edcf28,cpu-nuts-spawn_chains,3,935,5.915994455797108,1
d5a9cf6a9c76310134edcf28,cpu-nuts-spawn_chains,3,936,5.915994455797108,1
d5a9cf6a9c76310134edcf28,cpu-nuts-spawn_chains,3,937,3.7099565056122805,1
d5a9cf6a9c76310134edcf28,cpu-nuts-spawn_chains,3,938,5.045407325364898,1
d5a9cf6a9c76310134edcf28,cpu-nuts-spawn_chains,3,939,3.8714374506649367,1
d5a9cf6a9c76310134edcf28,cpu-nuts-spawn_chains,3,940,6.543045026406329,1
d5a9cf6a9c76310134edcf28,cpu-nuts-spawn_chains,3,941,5.204939694690396,1
d5a9cf6a9c76310134edcf28,cpu-nuts-spawn_chains,3,942,7.222765215087154,1
d5a9cf6a9c76310134edcf28,cpu-nuts-spawn_chains,3,943,4.34097796099972,1
d5a9cf6a9c76310134edcf28,cpu-nuts-spawn_chains,3,944,5.430947480085017,1
d5a9cf6a9c76310134edcf28,cpu-nuts-spawn_chains,3,945,3.454797611035771,1
d5a9cf6a9c76310134edcf28,cpu-nuts-spawn_chains,3,946,3.701817761902009,1
d5a9cf6a9c76310134edcf28,cpu-nuts-spawn_chains,3,947,4.759299786091249,1
d5a9cf6a9c76310134edcf28,cpu-nuts-spawn_chains,3,948,4.830450571154304,1
d5a9cf6a9c76310134edcf28,cpu-nuts-spawn_chains,3,949,5.965651474542792,1
d5a9cf6a9c76310134edcf28,cpu-nuts-spawn_chains,3,950,5.06694041880304,1
d5a9cf6a9c76310134edcf28,cpu-nuts-spawn_chains,3,951,4.618028343038771,1
d5a9cf6a9c76310134edcf28,cpu-nuts-spawn_chains,3,952,3.712623069577027,1
d5a9cf6a9c76310134edcf28,cpu-nuts-spawn_chains,3,953,3.880344960045216,1
d5a9cf6a9c76310134edcf28,cpu-nuts-spawn_chains,3,954,5.581807229822321,1
d5a9cf6a9c76310134edcf28,cpu-nuts-spawn_chains,3,955,4.056145633308072,1
d5a9cf6a9c76310134edcf28,cpu-nuts-spawn_chains,3,956,5.4679694890331225,1
d5a9cf6a9c76310134edcf28,cpu-nuts-spawn_chains,3,957,6.244702258479464,1
d5a9cf6a9c76310134edcf28,cpu-nuts-spawn_chains,3,958,6.773626000482882,1
d5a9cf6a9c76310134edcf28,cpu-nuts-spawn_chains,3,959,4.68316308996115,1
d5a9cf6a9c76310134edcf28,cpu-nuts-spawn_chains,3,960,5.354815259572762,1
d5a9cf6a9c76310134edcf28,cpu-nuts-spawn_chains,3,961,7.023121094226729,1
d5a9cf6a9c76310134edcf28,cpu-nuts-spawn_chains,3,962,2.781733816211439,1
d5a9cf6a9c76310134edcf28,cpu-nuts-spawn_chains,3,963,1.989790842251686,1
d5a9cf6a9c76310134edcf28,cpu-nuts-spawn_chains,3,964,7.064998397370408,1
d5a9cf6a9c76310134edcf28,cpu-nuts-spawn_chains,3,965,2.698843641171666,1
d5a9cf6a9c76310134edcf28,cpu-nuts-spawn_chains,3,966,6.39197679367179,1
d5a9cf6a9c76310134edcf28,cpu-nuts-spawn_chains,3,967,3.5780559789726887,1
d5a9cf6a9c76310134edcf28,cpu-nuts-spawn_chains,3,968,4.469647062804635,1
d5a9cf6a9c76310134edcf28,cpu-nuts-spawn_chains,3,969,4.0429207169760675,1
d5a9cf6a9c76310134edcf28,cpu-nuts-spawn_chains,3,970,5.863470481596571,1
d5a9cf6a9c76310134edcf28,cpu-nuts-spawn_chains,3,971,3.925501696922688,1
d5a9cf6a9c76310134edcf28,cpu-nuts-spawn_chains,3,972,3.172692741914272,1
d5a9cf6a9c76310134edcf28,cpu-nuts-spawn_chains,3,973,3.172692741914272,1
d5a9cf6a9c76310134edcf28,cpu-nuts-spawn_chains,3,974,5.625905198036335,1
d5a9cf6a9c76310134edcf28,cpu-nuts-spawn_chains,3,975,6.739815429063244,1
d5a9cf6a9c76310134edcf28,cpu-nuts-spawn_chains,3,976,3.4118651500277117,1
d5a9cf6a9c76310134edcf28,cpu-nuts-spawn_chains,3,977,5.1049727707062225,1
d5a9cf6a9c76310134edcf28,cpu-nuts-spawn_chains,3,978,4.317883972096528,1
d5a9cf6a9c76310134edcf28,cpu-nuts-spawn_chains,3,979,6.528565229888553,1
d5a9cf6a9c76310134edcf28,cpu-nuts-spawn_chains,3,980,5.026808081455229,1
d5a9cf6a9c76310134edcf28,cpu-nuts-spawn_chains,3,981,4.927037646548908,1
d5a9cf6a9c76310134edcf28,cpu-nuts-spawn_chains,3,982,5.580364151271375,1
d5a9cf6a9c76310134edcf28,cpu-nuts-spawn_chains,3,983,4.626990487355246,1
d5a9cf6a9c76310134edcf28,cpu-nuts-spawn_chains,3,984,5.235073497684022,1
d5a9cf6a9c76310134edcf28,cpu-nuts-spawn_chains,3,985,4.943516838053357,1
d5a9cf6a9c76310134edcf28,cpu-nuts-spawn_chains,3,986,4.976974874666494,1
d5a9cf6a9c76310134edcf28,cpu-nuts-spawn_chains,3,987,4.929619869073062,1
d5a9cf6a9c76310134edcf28,cpu-nuts-spawn_chains,3,988,4.4128492743438255,1
d5a9cf6a9c76310134edcf28,cpu-nuts-spawn_chains,3,989,5.663809529447877,1
d5a9cf6a9c76310134edcf28,cpu-nuts-spawn_chains,3,990,3.8713381678565533,1
d5a9cf6a9c76310134edcf28,cpu-nuts-spawn_chains,3,991,3.836710508563375,1
d5a9cf6a9c76310134edcf28,cpu-nuts-spawn_chains,3,992,6.4025201164885015,1
d5a9cf6a9c76310134edcf28,cpu-nuts-spawn_chains,3,993,7.394384558639521,1
d5a9cf6a9c76310134edcf28,cpu-nuts-spawn_chains,3,994,4.7820290230927345,1
d5a9cf6a9c76310134edcf28,cpu-nuts-spawn_chains,3,995,4.616400477345629,1
d5a9cf6a9c76310134edcf28,cpu-nuts-spawn_chains,3,996,6.230921231914449,1
d5a9cf6a9c76310134edcf28,cpu-nuts-spawn_chains,3,997,3.735098411630421,1
d5a9cf6a9c76310134edcf28,cpu-nuts-spawn_chains,3,998,5.158294169317555,1
d5a9cf6a9c76310134edcf28,cpu-nuts-spawn_chains,3,999,4.449959961074726,1
d5a9cf6a9c76310134edcf28,cpu-nuts-spawn_chains,3,1000,5.67848971556749,1
d5a9cf6a9c76310134edcf28,cpu-nuts-spawn_chains,3,1001,4.22183265568871,1
d5a9cf6a9c76310134edcf28,cpu-nuts-spawn_chains,3,1002,5.079050266963957,1
d5a9cf6a9c76310134edcf28,cpu-nuts-spawn_chains,3,1003,5.286571349892085,1
d5a9cf6a9c76310134edcf28,cpu-nuts-spawn_chains,3,1004,5.251737786783831,1
d5a9cf6a9c76310134edcf28,cpu-nuts-spawn_chains,3,1005,4.9619198519271475,1
d5a9cf6a9c76310134edcf28,cpu-nuts-spawn_chains,3,1006,4.3290919090542355,1
d5a9cf6a9c76310134edcf28,cpu-nuts-spawn_chains,3,1007,4.5475368792731015,1
d5a9cf6a9c76310134edcf28,cpu-nuts-spawn_chains,3,1008,3.889583468754742,1
d5a9cf6a9c76310134edcf28,cpu-nuts-spawn_chains,3,1009,6.165976414456691,1
d5a9cf6a9c76310134edcf28,cpu-nuts-spawn_chains,3,1010,4.7740426242020675,1
d5a9cf6a9c76310134edcf28,cpu-nuts-spawn_chains,3,1011,6.389051876902193,1
d5a9cf6a9c76310134edcf28,cpu-nuts-spawn_chains,3,1012,6.267945574906411,1
d5a9cf6a9c76310134edcf28,cpu-nuts-spawn_chains,3,1013,4.281225111764989,1
d5a9cf6a9c76310134edcf28,cpu-nuts-spawn_chains,3,1014,5.668316336012886,1
d5a9cf6a9c76310134edcf28,cpu-nuts-spawn_chains,3,1015,4.704934192544314,1
d5a9cf6a9c76310134edcf28,cpu-nuts-spawn_chains,3,1016,4.417284707507534,1
d5a9cf6a9c76310134edcf28,cpu-nuts-spawn_chains,3,1017,6.868061948675313,1
d5a9cf6a9c76310134edcf28,cpu-nuts-spawn_chains,3,1018,6.868061948675313,1
d5a9cf6a9c76310134edcf28,cpu-nuts-spawn_chains,3,1019,3.7909357019027716,1
d5a9cf6a9c76310134edcf28,cpu-nuts-spawn_chains,3,1020,5.688225873815325,1
d5a9cf6a9c76310134edcf28,cpu-nuts-spawn_chains,3,1021,6.040708951703722,1
d5a9cf6a9c76310134edcf28,cpu-nuts-spawn_chains,3,1022,6.040708951703722,1
d5a9cf6a9c76310134edcf28,cpu-nuts-spawn_chains,3,1023,4.0632923526864335,1
d5a9cf6a9c76310134edcf28,cpu-nuts-spawn_chains,3,1024,5.257046349171141,1
d5a9cf6a9c76310134edcf28,cpu-nuts-spawn_chains,4,1,6.581557671944162,1
d5a9cf6a9c76310134edcf28,cpu-nuts-spawn_chains,4,2,6.238501876289549,1
d5a9cf6a9c76310134edcf28,cpu-nuts-spawn_chains,4,3,5.439971079148185,1
d5a9cf6a9c76310134edcf28,cpu-nuts-spawn_chains,4,4,5.852047364718392,1
d5a9cf6a9c76310134edcf28,cpu-nuts-spawn_chains,4,5,3.7975066954542775,1
d5a9cf6a9c76310134edcf28,cpu-nuts-spawn_chains,4,6,4.749561727518771,1
d5a9cf6a9c76310134edcf28,cpu-nuts-spawn_chains,4,7,6.572101445885745,1
d5a9cf6a9c76310134edcf28,cpu-nuts-spawn_chains,4,8,4.915297420621627,1
d5a9cf6a9c76310134edcf28,cpu-nuts-spawn_chains,4,9,4.283162700714354,1
d5a9cf6a9c76310134edcf28,cpu-nuts-spawn_chains,4,10,6.034116281208482,1
d5a9cf6a9c76310134edcf28,cpu-nuts-spawn_chains,4,11,6.034116281208482,1
d5a9cf6a9c76310134edcf28,cpu-nuts-spawn_chains,4,12,6.773977533285764,1
d5a9cf6a9c76310134edcf28,cpu-nuts-spawn_chains,4,13,3.6203173010249463,1
d5a9cf6a9c76310134edcf28,cpu-nuts-spawn_chains,4,14,5.471031320701803,1
d5a9cf6a9c76310134edcf28,cpu-nuts-spawn_chains,4,15,3.780554445518114,1
d5a9cf6a9c76310134edcf28,cpu-nuts-spawn_chains,4,16,3.928353095259063,1
d5a9cf6a9c76310134edcf28,cpu-nuts-spawn_chains,4,17,3.149285208087597,1
d5a9cf6a9c76310134edcf28,cpu-nuts-spawn_chains,4,18,5.3837819054544935,1
d5a9cf6a9c76310134edcf28,cpu-nuts-spawn_chains,4,19,5.3837819054544935,1
d5a9cf6a9c76310134edcf28,cpu-nuts-spawn_chains,4,20,5.079424270036822,1
d5a9cf6a9c76310134edcf28,cpu-nuts-spawn_chains,4,21,7.060267004135345,1
d5a9cf6a9c76310134edcf28,cpu-nuts-spawn_chains,4,22,6.309924484111084,1
d5a9cf6a9c76310134edcf28,cpu-nuts-spawn_chains,4,23,4.390792249842499,1
d5a9cf6a9c76310134edcf28,cpu-nuts-spawn_chains,4,24,5.185444127339812,1
d5a9cf6a9c76310134edcf28,cpu-nuts-spawn_chains,4,25,3.3400745113196937,1
d5a9cf6a9c76310134edcf28,cpu-nuts-spawn_chains,4,26,3.4067415459251507,1
d5a9cf6a9c76310134edcf28,cpu-nuts-spawn_chains,4,27,3.946939496494373,1
d5a9cf6a9c76310134edcf28,cpu-nuts-spawn_chains,4,28,7.332756485055647,1
d5a9cf6a9c76310134edcf28,cpu-nuts-spawn_chains,4,29,5.282619969518926,1
d5a9cf6a9c76310134edcf28,cpu-nuts-spawn_chains,4,30,3.7857857239984867,1
d5a9cf6a9c76310134edcf28,cpu-nuts-spawn_chains,4,31,6.408533081586394,1
d5a9cf6a9c76310134edcf28,cpu-nuts-spawn_chains,4,32,4.0861717777278725,1
d5a9cf6a9c76310134edcf28,cpu-nuts-spawn_chains,4,33,4.8498000024624766,1
d5a9cf6a9c76310134edcf28,cpu-nuts-spawn_chains,4,34,4.625682886757307,1
d5a9cf6a9c76310134edcf28,cpu-nuts-spawn_chains,4,35,5.927201955840287,1
d5a9cf6a9c76310134edcf28,cpu-nuts-spawn_chains,4,36,3.903318500120612,1
d5a9cf6a9c76310134edcf28,cpu-nuts-spawn_chains,4,37,6.638077664315849,1
d5a9cf6a9c76310134edcf28,cpu-nuts-spawn_chains,4,38,3.6984228786982323,1
d5a9cf6a9c76310134edcf28,cpu-nuts-spawn_chains,4,39,3.2082590152554142,1
d5a9cf6a9c76310134edcf28,cpu-nuts-spawn_chains,4,40,3.3387087793845973,1
d5a9cf6a9c76310134edcf28,cpu-nuts-spawn_chains,4,41,6.607100739197294,1
d5a9cf6a9c76310134edcf28,cpu-nuts-spawn_chains,4,42,3.598582872129499,1
d5a9cf6a9c76310134edcf28,cpu-nuts-spawn_chains,4,43,6.202886740178022,1
d5a9cf6a9c76310134edcf28,cpu-nuts-spawn_chains,4,44,4.002608811160483,1
d5a9cf6a9c76310134edcf28,cpu-nuts-spawn_chains,4,45,5.684810006378924,1
d5a9cf6a9c76310134edcf28,cpu-nuts-spawn_chains,4,46,4.950036590982023,1
d5a9cf6a9c76310134edcf28,cpu-nuts-spawn_chains,4,47,5.912755111598547,1
d5a9cf6a9c76310134edcf28,cpu-nuts-spawn_chains,4,48,6.155225185531728,1
d5a9cf6a9c76310134edcf28,cpu-nuts-spawn_chains,4,49,3.7435620499957825,1
d5a9cf6a9c76310134edcf28,cpu-nuts-spawn_chains,4,50,5.144898615213726,1
d5a9cf6a9c76310134edcf28,cpu-nuts-spawn_chains,4,51,5.449240685020787,1
d5a9cf6a9c76310134edcf28,cpu-nuts-spawn_chains,4,52,5.407382933207251,1
d5a9cf6a9c76310134edcf28,cpu-nuts-spawn_chains,4,53,5.920948629196842,1
d5a9cf6a9c76310134edcf28,cpu-nuts-spawn_chains,4,54,4.337317834315304,1
d5a9cf6a9c76310134edcf28,cpu-nuts-spawn_chains,4,55,5.038223122975801,1
d5a9cf6a9c76310134edcf28,cpu-nuts-spawn_chains,4,56,4.471466031692478,1
d5a9cf6a9c76310134edcf28,cpu-nuts-spawn_chains,4,57,5.805674168773248,1
d5a9cf6a9c76310134edcf28,cpu-nuts-spawn_chains,4,58,2.93448287014502,1
d5a9cf6a9c76310134edcf28,cpu-nuts-spawn_chains,4,59,4.218623554769982,1
d5a9cf6a9c76310134edcf28,cpu-nuts-spawn_chains,4,60,7.267023027219476,1
d5a9cf6a9c76310134edcf28,cpu-nuts-spawn_chains,4,61,7.297150670469369,1
d5a9cf6a9c76310134edcf28,cpu-nuts-spawn_chains,4,62,5.446623364045213,1
d5a9cf6a9c76310134edcf28,cpu-nuts-spawn_chains,4,63,4.893508947933375,1
d5a9cf6a9c76310134edcf28,cpu-nuts-spawn_chains,4,64,5.333678481632297,1
d5a9cf6a9c76310134edcf28,cpu-nuts-spawn_chains,4,65,5.461302760958619,1
d5a9cf6a9c76310134edcf28,cpu-nuts-spawn_chains,4,66,4.839268912107857,1
d5a9cf6a9c76310134edcf28,cpu-nuts-spawn_chains,4,67,5.430218441460888,1
d5a9cf6a9c76310134edcf28,cpu-nuts-spawn_chains,4,68,4.71843311242392,1
d5a9cf6a9c76310134edcf28,cpu-nuts-spawn_chains,4,69,5.999772736306971,1
d5a9cf6a9c76310134edcf28,cpu-nuts-spawn_chains,4,70,5.199358244383378,1
d5a9cf6a9c76310134edcf28,cpu-nuts-spawn_chains,4,71,4.607667702500462,1
d5a9cf6a9c76310134edcf28,cpu-nuts-spawn_chains,4,72,4.8236246682505595,1
d5a9cf6a9c76310134edcf28,cpu-nuts-spawn_chains,4,73,4.664031188420758,1
d5a9cf6a9c76310134edcf28,cpu-nuts-spawn_chains,4,74,5.19868986422405,1
d5a9cf6a9c76310134edcf28,cpu-nuts-spawn_chains,4,75,5.709388143982596,1
d5a9cf6a9c76310134edcf28,cpu-nuts-spawn_chains,4,76,5.238900089506617,1
d5a9cf6a9c76310134edcf28,cpu-nuts-spawn_chains,4,77,1.957852219886008,1
d5a9cf6a9c76310134edcf28,cpu-nuts-spawn_chains,4,78,8.161936796840248,1
d5a9cf6a9c76310134edcf28,cpu-nuts-spawn_chains,4,79,4.1840327132976585,1
d5a9cf6a9c76310134edcf28,cpu-nuts-spawn_chains,4,80,4.9703336007465415,1
d5a9cf6a9c76310134edcf28,cpu-nuts-spawn_chains,4,81,6.261412821107582,1
d5a9cf6a9c76310134edcf28,cpu-nuts-spawn_chains,4,82,3.7832256542193528,1
d5a9cf6a9c76310134edcf28,cpu-nuts-spawn_chains,4,83,5.629868732675148,1
d5a9cf6a9c76310134edcf28,cpu-nuts-spawn_chains,4,84,2.831534715619791,1
d5a9cf6a9c76310134edcf28,cpu-nuts-spawn_chains,4,85,5.685091791402656,1
d5a9cf6a9c76310134edcf28,cpu-nuts-spawn_chains,4,86,5.645486326542279,1
d5a9cf6a9c76310134edcf28,cpu-nuts-spawn_chains,4,87,4.287222981589233,1
d5a9cf6a9c76310134edcf28,cpu-nuts-spawn_chains,4,88,6.289803193480059,1
d5a9cf6a9c76310134edcf28,cpu-nuts-spawn_chains,4,89,3.484673170211643,1
d5a9cf6a9c76310134edcf28,cpu-nuts-spawn_chains,4,90,5.691213134989904,1
d5a9cf6a9c76310134edcf28,cpu-nuts-spawn_chains,4,91,4.411508460254054,1
d5a9cf6a9c76310134edcf28,cpu-nuts-spawn_chains,4,92,5.550378516864995,1
d5a9cf6a9c76310134edcf28,cpu-nuts-spawn_chains,4,93,5.726626642563988,1
d5a9cf6a9c76310134edcf28,cpu-nuts-spawn_chains,4,94,4.260940815860919,1
d5a9cf6a9c76310134edcf28,cpu-nuts-spawn_chains,4,95,4.956000698718605,1
d5a9cf6a9c76310134edcf28,cpu-nuts-spawn_chains,4,96,4.201408654566812,1
d5a9cf6a9c76310134edcf28,cpu-nuts-spawn_chains,4,97,4.6018764008392266,1
d5a9cf6a9c76310134edcf28,cpu-nuts-spawn_chains,4,98,4.7999769080436625,1
d5a9cf6a9c76310134edcf28,cpu-nuts-spawn_chains,4,99,5.420523523029141,1
d5a9cf6a9c76310134edcf28,cpu-nuts-spawn_chains,4,100,4.749821476715417,1
d5a9cf6a9c76310134edcf28,cpu-nuts-spawn_chains,4,101,4.706943934676104,1
d5a9cf6a9c76310134edcf28,cpu-nuts-spawn_chains,4,102,5.49921591984246,1
d5a9cf6a9c76310134edcf28,cpu-nuts-spawn_chains,4,103,5.223527988040111,1
d5a9cf6a9c76310134edcf28,cpu-nuts-spawn_chains,4,104,4.7695157859282356,1
d5a9cf6a9c76310134edcf28,cpu-nuts-spawn_chains,4,105,4.049127602534492,1
d5a9cf6a9c76310134edcf28,cpu-nuts-spawn_chains,4,106,2.9330365024092977,1
d5a9cf6a9c76310134edcf28,cpu-nuts-spawn_chains,4,107,6.966615984048824,1
d5a9cf6a9c76310134edcf28,cpu-nuts-spawn_chains,4,108,6.1340242205279045,1
d5a9cf6a9c76310134edcf28,cpu-nuts-spawn_chains,4,109,4.416416022001868,1
d5a9cf6a9c76310134edcf28,cpu-nuts-spawn_chains,4,110,5.925742355911646,1
d5a9cf6a9c76310134edcf28,cpu-nuts-spawn_chains,4,111,3.8686325643700714,1
d5a9cf6a9c76310134edcf28,cpu-nuts-spawn_chains,4,112,3.6188751015553655,1
d5a9cf6a9c76310134edcf28,cpu-nuts-spawn_chains,4,113,4.33133363814362,1
d5a9cf6a9c76310134edcf28,cpu-nuts-spawn_chains,4,114,5.701476946229562,1
d5a9cf6a9c76310134edcf28,cpu-nuts-spawn_chains,4,115,4.885665777258157,1
d5a9cf6a9c76310134edcf28,cpu-nuts-spawn_chains,4,116,3.8696273259909306,1
d5a9cf6a9c76310134edcf28,cpu-nuts-spawn_chains,4,117,4.13272138984256,1
d5a9cf6a9c76310134edcf28,cpu-nuts-spawn_chains,4,118,5.862112118911695,1
d5a9cf6a9c76310134edcf28,cpu-nuts-spawn_chains,4,119,4.528579382427873,1
d5a9cf6a9c76310134edcf28,cpu-nuts-spawn_chains,4,120,4.135793860379708,1
d5a9cf6a9c76310134edcf28,cpu-nuts-spawn_chains,4,121,3.002399676257652,1
d5a9cf6a9c76310134edcf28,cpu-nuts-spawn_chains,4,122,7.362296110652183,1
d5a9cf6a9c76310134edcf28,cpu-nuts-spawn_chains,4,123,6.044818523306117,1
d5a9cf6a9c76310134edcf28,cpu-nuts-spawn_chains,4,124,5.67049546792292,1
d5a9cf6a9c76310134edcf28,cpu-nuts-spawn_chains,4,125,4.299806588762707,1
d5a9cf6a9c76310134edcf28,cpu-nuts-spawn_chains,4,126,3.9062098750617538,1
d5a9cf6a9c76310134edcf28,cpu-nuts-spawn_chains,4,127,4.6609980502162545,1
d5a9cf6a9c76310134edcf28,cpu-nuts-spawn_chains,4,128,6.099925808474129,1
d5a9cf6a9c76310134edcf28,cpu-nuts-spawn_chains,4,129,6.221237248262751,1
d5a9cf6a9c76310134edcf28,cpu-nuts-spawn_chains,4,130,5.527153271158988,1
d5a9cf6a9c76310134edcf28,cpu-nuts-spawn_chains,4,131,4.853535731569095,1
d5a9cf6a9c76310134edcf28,cpu-nuts-spawn_chains,4,132,4.097033873624063,1
d5a9cf6a9c76310134edcf28,cpu-nuts-spawn_chains,4,133,5.617411539314384,1
d5a9cf6a9c76310134edcf28,cpu-nuts-spawn_chains,4,134,5.797217737095512,1
d5a9cf6a9c76310134edcf28,cpu-nuts-spawn_chains,4,135,4.077215829388305,1
d5a9cf6a9c76310134edcf28,cpu-nuts-spawn_chains,4,136,5.759212556867836,1
d5a9cf6a9c76310134edcf28,cpu-nuts-spawn_chains,4,137,4.4101458697799085,1
d5a9cf6a9c76310134edcf28,cpu-nuts-spawn_chains,4,138,4.154980713845469,1
d5a9cf6a9c76310134edcf28,cpu-nuts-spawn_chains,4,139,5.877394927238979,1
d5a9cf6a9c76310134edcf28,cpu-nuts-spawn_chains,4,140,6.139830868522435,1
d5a9cf6a9c76310134edcf28,cpu-nuts-spawn_chains,4,141,3.807322092851089,1
d5a9cf6a9c76310134edcf28,cpu-nuts-spawn_chains,4,142,4.725495355453892,1
d5a9cf6a9c76310134edcf28,cpu-nuts-spawn_chains,4,143,5.995193017456961,1
d5a9cf6a9c76310134edcf28,cpu-nuts-spawn_chains,4,144,5.756772402757015,1
d5a9cf6a9c76310134edcf28,cpu-nuts-spawn_chains,4,145,5.0924910685857565,1
d5a9cf6a9c76310134edcf28,cpu-nuts-spawn_chains,4,146,4.6955151126663885,1
d5a9cf6a9c76310134edcf28,cpu-nuts-spawn_chains,4,147,5.277970588425137,1
d5a9cf6a9c76310134edcf28,cpu-nuts-spawn_chains,4,148,5.505318126464955,1
d5a9cf6a9c76310134edcf28,cpu-nuts-spawn_chains,4,149,5.346226565632755,1
d5a9cf6a9c76310134edcf28,cpu-nuts-spawn_chains,4,150,3.8814484494444876,1
d5a9cf6a9c76310134edcf28,cpu-nuts-spawn_chains,4,151,6.236788339360815,1
d5a9cf6a9c76310134edcf28,cpu-nuts-spawn_chains,4,152,6.186931476340302,1
d5a9cf6a9c76310134edcf28,cpu-nuts-spawn_chains,4,153,6.579878979263208,1
d5a9cf6a9c76310134edcf28,cpu-nuts-spawn_chains,4,154,5.843028302629128,1
d5a9cf6a9c76310134edcf28,cpu-nuts-spawn_chains,4,155,3.223308607782852,1
d5a9cf6a9c76310134edcf28,cpu-nuts-spawn_chains,4,156,6.803212568033766,1
d5a9cf6a9c76310134edcf28,cpu-nuts-spawn_chains,4,157,3.7912886722478127,1
d5a9cf6a9c76310134edcf28,cpu-nuts-spawn_chains,4,158,7.164368352802506,1
d5a9cf6a9c76310134edcf28,cpu-nuts-spawn_chains,4,159,5.728350831355126,1
d5a9cf6a9c76310134edcf28,cpu-nuts-spawn_chains,4,160,5.803411068182686,1
d5a9cf6a9c76310134edcf28,cpu-nuts-spawn_chains,4,161,5.156318416678659,1
d5a9cf6a9c76310134edcf28,cpu-nuts-spawn_chains,4,162,5.326947181388736,1
d5a9cf6a9c76310134edcf28,cpu-nuts-spawn_chains,4,163,4.722719865048823,1
d5a9cf6a9c76310134edcf28,cpu-nuts-spawn_chains,4,164,5.211269818121349,1
d5a9cf6a9c76310134edcf28,cpu-nuts-spawn_chains,4,165,5.884175202385554,1
d5a9cf6a9c76310134edcf28,cpu-nuts-spawn_chains,4,166,2.7831885054688557,1
d5a9cf6a9c76310134edcf28,cpu-nuts-spawn_chains,4,167,2.601082644895487,1
d5a9cf6a9c76310134edcf28,cpu-nuts-spawn_chains,4,168,5.947179458737661,1
d5a9cf6a9c76310134edcf28,cpu-nuts-spawn_chains,4,169,6.59952386234701,1
d5a9cf6a9c76310134edcf28,cpu-nuts-spawn_chains,4,170,5.201977482403786,1
d5a9cf6a9c76310134edcf28,cpu-nuts-spawn_chains,4,171,4.777198870831884,1
d5a9cf6a9c76310134edcf28,cpu-nuts-spawn_chains,4,172,5.364046455946781,1
d5a9cf6a9c76310134edcf28,cpu-nuts-spawn_chains,4,173,6.544429105534625,1
d5a9cf6a9c76310134edcf28,cpu-nuts-spawn_chains,4,174,4.870560758087661,1
d5a9cf6a9c76310134edcf28,cpu-nuts-spawn_chains,4,175,4.470910921636139,1
d5a9cf6a9c76310134edcf28,cpu-nuts-spawn_chains,4,176,5.566121592529537,1
d5a9cf6a9c76310134edcf28,cpu-nuts-spawn_chains,4,177,4.291633566024928,1
d5a9cf6a9c76310134edcf28,cpu-nuts-spawn_chains,4,178,5.782458172476557,1
d5a9cf6a9c76310134edcf28,cpu-nuts-spawn_chains,4,179,5.566775833670689,1
d5a9cf6a9c76310134edcf28,cpu-nuts-spawn_chains,4,180,5.191386197761812,1
d5a9cf6a9c76310134edcf28,cpu-nuts-spawn_chains,4,181,4.837756069060998,1
d5a9cf6a9c76310134edcf28,cpu-nuts-spawn_chains,4,182,4.479258839949612,1
d5a9cf6a9c76310134edcf28,cpu-nuts-spawn_chains,4,183,3.781518903332869,1
d5a9cf6a9c76310134edcf28,cpu-nuts-spawn_chains,4,184,5.247287804289783,1
d5a9cf6a9c76310134edcf28,cpu-nuts-spawn_chains,4,185,4.751282062068507,1
d5a9cf6a9c76310134edcf28,cpu-nuts-spawn_chains,4,186,5.316042784606663,1
d5a9cf6a9c76310134edcf28,cpu-nuts-spawn_chains,4,187,4.629856313463431,1
d5a9cf6a9c76310134edcf28,cpu-nuts-spawn_chains,4,188,5.773727077759942,1
d5a9cf6a9c76310134edcf28,cpu-nuts-spawn_chains,4,189,3.1355572427270624,1
d5a9cf6a9c76310134edcf28,cpu-nuts-spawn_chains,4,190,4.299686761108059,1
d5a9cf6a9c76310134edcf28,cpu-nuts-spawn_chains,4,191,5.7634840246447085,1
d5a9cf6a9c76310134edcf28,cpu-nuts-spawn_chains,4,192,5.837610777481815,1
d5a9cf6a9c76310134edcf28,cpu-nuts-spawn_chains,4,193,5.9801879270856375,1
d5a9cf6a9c76310134edcf28,cpu-nuts-spawn_chains,4,194,5.800280569386303,1
d5a9cf6a9c76310134edcf28,cpu-nuts-spawn_chains,4,195,6.115272272145425,1
d5a9cf6a9c76310134edcf28,cpu-nuts-spawn_chains,4,196,5.735550505419533,1
d5a9cf6a9c76310134edcf28,cpu-nuts-spawn_chains,4,197,4.357730661832069,1
d5a9cf6a9c76310134edcf28,cpu-nuts-spawn_chains,4,198,4.072593414851375,1
d5a9cf6a9c76310134edcf28,cpu-nuts-spawn_chains,4,199,5.7763093236493575,1
d5a9cf6a9c76310134edcf28,cpu-nuts-spawn_chains,4,200,5.690484341857284,1
d5a9cf6a9c76310134edcf28,cpu-nuts-spawn_chains,4,201,4.245883983859436,1
d5a9cf6a9c76310134edcf28,cpu-nuts-spawn_chains,4,202,4.33872890944716,1
d5a9cf6a9c76310134edcf28,cpu-nuts-spawn_chains,4,203,5.127496131322484,1
d5a9cf6a9c76310134edcf28,cpu-nuts-spawn_chains,4,204,5.870555823509128,1
d5a9cf6a9c76310134edcf28,cpu-nuts-spawn_chains,4,205,6.132578951938678,1
d5a9cf6a9c76310134edcf28,cpu-nuts-spawn_chains,4,206,5.658049241912086,1
d5a9cf6a9c76310134edcf28,cpu-nuts-spawn_chains,4,207,4.59628669410716,1
d5a9cf6a9c76310134edcf28,cpu-nuts-spawn_chains,4,208,5.654793461459059,1
d5a9cf6a9c76310134edcf28,cpu-nuts-spawn_chains,4,209,5.045908777710987,1
d5a9cf6a9c76310134edcf28,cpu-nuts-spawn_chains,4,210,4.826225727849032,1
d5a9cf6a9c76310134edcf28,cpu-nuts-spawn_chains,4,211,5.351756085516851,1
d5a9cf6a9c76310134edcf28,cpu-nuts-spawn_chains,4,212,5.956647827840324,1
d5a9cf6a9c76310134edcf28,cpu-nuts-spawn_chains,4,213,5.877879051624033,1
d5a9cf6a9c76310134edcf28,cpu-nuts-spawn_chains,4,214,4.4892113062911205,1
d5a9cf6a9c76310134edcf28,cpu-nuts-spawn_chains,4,215,4.046452647342234,1
d5a9cf6a9c76310134edcf28,cpu-nuts-spawn_chains,4,216,6.357699015336365,1
d5a9cf6a9c76310134edcf28,cpu-nuts-spawn_chains,4,217,4.292876160432171,1
d5a9cf6a9c76310134edcf28,cpu-nuts-spawn_chains,4,218,4.452713122548448,1
d5a9cf6a9c76310134edcf28,cpu-nuts-spawn_chains,4,219,3.650063628706762,1
d5a9cf6a9c76310134edcf28,cpu-nuts-spawn_chains,4,220,6.274995668988222,1
d5a9cf6a9c76310134edcf28,cpu-nuts-spawn_chains,4,221,6.026385785542875,1
d5a9cf6a9c76310134edcf28,cpu-nuts-spawn_chains,4,222,4.608948841182987,1
d5a9cf6a9c76310134edcf28,cpu-nuts-spawn_chains,4,223,5.887403362495034,1
d5a9cf6a9c76310134edcf28,cpu-nuts-spawn_chains,4,224,5.149954553991675,1
d5a9cf6a9c76310134edcf28,cpu-nuts-spawn_chains,4,225,4.581020560842667,1
d5a9cf6a9c76310134edcf28,cpu-nuts-spawn_chains,4,226,4.549133732870124,1
d5a9cf6a9c76310134edcf28,cpu-nuts-spawn_chains,4,227,7.791461584441041,1
d5a9cf6a9c76310134edcf28,cpu-nuts-spawn_chains,4,228,2.1065356988957378,1
d5a9cf6a9c76310134edcf28,cpu-nuts-spawn_chains,4,229,7.895007451197421,1
d5a9cf6a9c76310134edcf28,cpu-nuts-spawn_chains,4,230,4.353025136645291,1
d5a9cf6a9c76310134edcf28,cpu-nuts-spawn_chains,4,231,5.110003248614053,1
d5a9cf6a9c76310134edcf28,cpu-nuts-spawn_chains,4,232,2.674928806316972,1
d5a9cf6a9c76310134edcf28,cpu-nuts-spawn_chains,4,233,4.1349157951824935,1
d5a9cf6a9c76310134edcf28,cpu-nuts-spawn_chains,4,234,5.914596639890551,1
d5a9cf6a9c76310134edcf28,cpu-nuts-spawn_chains,4,235,6.0131849666278505,1
d5a9cf6a9c76310134edcf28,cpu-nuts-spawn_chains,4,236,5.371804975998209,1
d5a9cf6a9c76310134edcf28,cpu-nuts-spawn_chains,4,237,5.030831853902344,1
d5a9cf6a9c76310134edcf28,cpu-nuts-spawn_chains,4,238,4.2176972326335775,1
d5a9cf6a9c76310134edcf28,cpu-nuts-spawn_chains,4,239,5.571824078465582,1
d5a9cf6a9c76310134edcf28,cpu-nuts-spawn_chains,4,240,4.975282167935593,1
d5a9cf6a9c76310134edcf28,cpu-nuts-spawn_chains,4,241,5.229941190381426,1
d5a9cf6a9c76310134edcf28,cpu-nuts-spawn_chains,4,242,4.977546167183476,1
d5a9cf6a9c76310134edcf28,cpu-nuts-spawn_chains,4,243,5.1025320076535685,1
d5a9cf6a9c76310134edcf28,cpu-nuts-spawn_chains,4,244,4.208062746848441,1
d5a9cf6a9c76310134edcf28,cpu-nuts-spawn_chains,4,245,4.956957144491163,1
d5a9cf6a9c76310134edcf28,cpu-nuts-spawn_chains,4,246,4.8097918818636085,1
d5a9cf6a9c76310134edcf28,cpu-nuts-spawn_chains,4,247,4.925918120966826,1
d5a9cf6a9c76310134edcf28,cpu-nuts-spawn_chains,4,248,4.672312364807231,1
d5a9cf6a9c76310134edcf28,cpu-nuts-spawn_chains,4,249,4.216886388031296,1
d5a9cf6a9c76310134edcf28,cpu-nuts-spawn_chains,4,250,5.318923078155056,1
d5a9cf6a9c76310134edcf28,cpu-nuts-spawn_chains,4,251,5.343216739759006,1
d5a9cf6a9c76310134edcf28,cpu-nuts-spawn_chains,4,252,5.294136299919781,1
d5a9cf6a9c76310134edcf28,cpu-nuts-spawn_chains,4,253,5.195452400201475,1
d5a9cf6a9c76310134edcf28,cpu-nuts-spawn_chains,4,254,4.337227184723239,1
d5a9cf6a9c76310134edcf28,cpu-nuts-spawn_chains,4,255,5.193593288757739,1
d5a9cf6a9c76310134edcf28,cpu-nuts-spawn_chains,4,256,5.816792316807577,1
d5a9cf6a9c76310134edcf28,cpu-nuts-spawn_chains,4,257,5.816792316807577,1
d5a9cf6a9c76310134edcf28,cpu-nuts-spawn_chains,4,258,6.55449592932775,1
d5a9cf6a9c76310134edcf28,cpu-nuts-spawn_chains,4,259,3.8219474267766342,1
d5a9cf6a9c76310134edcf28,cpu-nuts-spawn_chains,4,260,5.231799104733417,1
d5a9cf6a9c76310134edcf28,cpu-nuts-spawn_chains,4,261,5.434399098710219,1
d5a9cf6a9c76310134edcf28,cpu-nuts-spawn_chains,4,262,4.036109985974884,1
d5a9cf6a9c76310134edcf28,cpu-nuts-spawn_chains,4,263,5.309382259867941,1
d5a9cf6a9c76310134edcf28,cpu-nuts-spawn_chains,4,264,4.725488521183368,1
d5a9cf6a9c76310134edcf28,cpu-nuts-spawn_chains,4,265,3.8812429851267223,1
d5a9cf6a9c76310134edcf28,cpu-nuts-spawn_chains,4,266,4.8436317941983065,1
d5a9cf6a9c76310134edcf28,cpu-nuts-spawn_chains,4,267,4.254537180554832,1
d5a9cf6a9c76310134edcf28,cpu-nuts-spawn_chains,4,268,3.857644387128071,1
d5a9cf6a9c76310134edcf28,cpu-nuts-spawn_chains,4,269,5.978938920394034,1
d5a9cf6a9c76310134edcf28,cpu-nuts-spawn_chains,4,270,4.4520938146473465,1
d5a9cf6a9c76310134edcf28,cpu-nuts-spawn_chains,4,271,4.249471644932641,1
d5a9cf6a9c76310134edcf28,cpu-nuts-spawn_chains,4,272,5.3890101304207185,1
d5a9cf6a9c76310134edcf28,cpu-nuts-spawn_chains,4,273,4.675850660183748,1
d5a9cf6a9c76310134edcf28,cpu-nuts-spawn_chains,4,274,5.117787021051965,1
d5a9cf6a9c76310134edcf28,cpu-nuts-spawn_chains,4,275,4.686837023254119,1
d5a9cf6a9c76310134edcf28,cpu-nuts-spawn_chains,4,276,4.696749778873262,1
d5a9cf6a9c76310134edcf28,cpu-nuts-spawn_chains,4,277,4.5528216177223895,1
d5a9cf6a9c76310134edcf28,cpu-nuts-spawn_chains,4,278,4.873595787563111,1
d5a9cf6a9c76310134edcf28,cpu-nuts-spawn_chains,4,279,3.6197960208373785,1
d5a9cf6a9c76310134edcf28,cpu-nuts-spawn_chains,4,280,4.24401836487797,1
d5a9cf6a9c76310134edcf28,cpu-nuts-spawn_chains,4,281,4.428858911856034,1
d5a9cf6a9c76310134edcf28,cpu-nuts-spawn_chains,4,282,5.487878145285262,1
d5a9cf6a9c76310134edcf28,cpu-nuts-spawn_chains,4,283,4.440334114885628,1
d5a9cf6a9c76310134edcf28,cpu-nuts-spawn_chains,4,284,4.656387722296994,1
d5a9cf6a9c76310134edcf28,cpu-nuts-spawn_chains,4,285,5.315113753619078,1
d5a9cf6a9c76310134edcf28,cpu-nuts-spawn_chains,4,286,4.86874872085019,1
d5a9cf6a9c76310134edcf28,cpu-nuts-spawn_chains,4,287,5.648742484401213,1
d5a9cf6a9c76310134edcf28,cpu-nuts-spawn_chains,4,288,5.534979391736636,1
d5a9cf6a9c76310134edcf28,cpu-nuts-spawn_chains,4,289,4.492544633603814,1
d5a9cf6a9c76310134edcf28,cpu-nuts-spawn_chains,4,290,5.716482533674589,1
d5a9cf6a9c76310134edcf28,cpu-nuts-spawn_chains,4,291,4.936860529912574,1
d5a9cf6a9c76310134edcf28,cpu-nuts-spawn_chains,4,292,4.954626026387946,1
d5a9cf6a9c76310134edcf28,cpu-nuts-spawn_chains,4,293,5.115251519953249,1
d5a9cf6a9c76310134edcf28,cpu-nuts-spawn_chains,4,294,4.835040404952997,1
d5a9cf6a9c76310134edcf28,cpu-nuts-spawn_chains,4,295,5.283768538354264,1
d5a9cf6a9c76310134edcf28,cpu-nuts-spawn_chains,4,296,4.651621147653755,1
d5a9cf6a9c76310134edcf28,cpu-nuts-spawn_chains,4,297,5.858161146343418,1
d5a9cf6a9c76310134edcf28,cpu-nuts-spawn_chains,4,298,5.990516866839945,1
d5a9cf6a9c76310134edcf28,cpu-nuts-spawn_chains,4,299,4.629220793871248,1
d5a9cf6a9c76310134edcf28,cpu-nuts-spawn_chains,4,300,5.895811547662575,1
d5a9cf6a9c76310134edcf28,cpu-nuts-spawn_chains,4,301,6.421175281429752,1
d5a9cf6a9c76310134edcf28,cpu-nuts-spawn_chains,4,302,2.846666302391047,1
d5a9cf6a9c76310134edcf28,cpu-nuts-spawn_chains,4,303,3.6173732142826136,1
d5a9cf6a9c76310134edcf28,cpu-nuts-spawn_chains,4,304,5.858815038435896,1
d5a9cf6a9c76310134edcf28,cpu-nuts-spawn_chains,4,305,4.383387893023656,1
d5a9cf6a9c76310134edcf28,cpu-nuts-spawn_chains,4,306,5.103230653063409,1
d5a9cf6a9c76310134edcf28,cpu-nuts-spawn_chains,4,307,5.536720787455549,1
d5a9cf6a9c76310134edcf28,cpu-nuts-spawn_chains,4,308,5.083738809711775,1
d5a9cf6a9c76310134edcf28,cpu-nuts-spawn_chains,4,309,4.922083047509385,1
d5a9cf6a9c76310134edcf28,cpu-nuts-spawn_chains,4,310,5.616769154953903,1
d5a9cf6a9c76310134edcf28,cpu-nuts-spawn_chains,4,311,4.4013161864169295,1
d5a9cf6a9c76310134edcf28,cpu-nuts-spawn_chains,4,312,5.619914118975657,1
d5a9cf6a9c76310134edcf28,cpu-nuts-spawn_chains,4,313,4.897606792372018,1
d5a9cf6a9c76310134edcf28,cpu-nuts-spawn_chains,4,314,4.921239023118545,1
d5a9cf6a9c76310134edcf28,cpu-nuts-spawn_chains,4,315,5.336764948972253,1
d5a9cf6a9c76310134edcf28,cpu-nuts-spawn_chains,4,316,4.769393089008576,1
d5a9cf6a9c76310134edcf28,cpu-nuts-spawn_chains,4,317,4.895967480676235,1
d5a9cf6a9c76310134edcf28,cpu-nuts-spawn_chains,4,318,4.992330570373403,1
d5a9cf6a9c76310134edcf28,cpu-nuts-spawn_chains,4,319,4.992330570373403,1
d5a9cf6a9c76310134edcf28,cpu-nuts-spawn_chains,4,320,4.259084573246041,1
d5a9cf6a9c76310134edcf28,cpu-nuts-spawn_chains,4,321,5.731098580772234,1
d5a9cf6a9c76310134edcf28,cpu-nuts-spawn_chains,4,322,4.36379791842557,1
d5a9cf6a9c76310134edcf28,cpu-nuts-spawn_chains,4,323,5.524854674880498,1
d5a9cf6a9c76310134edcf28,cpu-nuts-spawn_chains,4,324,5.647202110148945,1
d5a9cf6a9c76310134edcf28,cpu-nuts-spawn_chains,4,325,5.287811564655234,1
d5a9cf6a9c76310134edcf28,cpu-nuts-spawn_chains,4,326,5.244720275335294,1
d5a9cf6a9c76310134edcf28,cpu-nuts-spawn_chains,4,327,4.534993382039122,1
d5a9cf6a9c76310134edcf28,cpu-nuts-spawn_chains,4,328,4.701761186231263,1
d5a9cf6a9c76310134edcf28,cpu-nuts-spawn_chains,4,329,3.655346498821777,1
d5a9cf6a9c76310134edcf28,cpu-nuts-spawn_chains,4,330,3.240572609468126,1
d5a9cf6a9c76310134edcf28,cpu-nuts-spawn_chains,4,331,2.5551770441001813,1
d5a9cf6a9c76310134edcf28,cpu-nuts-spawn_chains,4,332,3.7143884724253518,1
d5a9cf6a9c76310134edcf28,cpu-nuts-spawn_chains,4,333,3.304928918686386,1
d5a9cf6a9c76310134edcf28,cpu-nuts-spawn_chains,4,334,5.30144677587017,1
d5a9cf6a9c76310134edcf28,cpu-nuts-spawn_chains,4,335,5.125534954810692,1
d5a9cf6a9c76310134edcf28,cpu-nuts-spawn_chains,4,336,6.031651664807914,1
d5a9cf6a9c76310134edcf28,cpu-nuts-spawn_chains,4,337,5.812033159429237,1
d5a9cf6a9c76310134edcf28,cpu-nuts-spawn_chains,4,338,5.982379711350425,1
d5a9cf6a9c76310134edcf28,cpu-nuts-spawn_chains,4,339,6.4373176211838965,1
d5a9cf6a9c76310134edcf28,cpu-nuts-spawn_chains,4,340,5.398253316563901,1
d5a9cf6a9c76310134edcf28,cpu-nuts-spawn_chains,4,341,4.464879565307282,1
d5a9cf6a9c76310134edcf28,cpu-nuts-spawn_chains,4,342,6.219566489546287,1
d5a9cf6a9c76310134edcf28,cpu-nuts-spawn_chains,4,343,4.978018063753087,1
d5a9cf6a9c76310134edcf28,cpu-nuts-spawn_chains,4,344,5.254150650073065,1
d5a9cf6a9c76310134edcf28,cpu-nuts-spawn_chains,4,345,5.216560533408454,1
d5a9cf6a9c76310134edcf28,cpu-nuts-spawn_chains,4,346,5.539157837731495,1
d5a9cf6a9c76310134edcf28,cpu-nuts-spawn_chains,4,347,4.541377973430173,1
d5a9cf6a9c76310134edcf28,cpu-nuts-spawn_chains,4,348,6.98291125206681,1
d5a9cf6a9c76310134edcf28,cpu-nuts-spawn_chains,4,349,6.6791836679577505,1
d5a9cf6a9c76310134edcf28,cpu-nuts-spawn_chains,4,350,3.38282979555898,1
d5a9cf6a9c76310134edcf28,cpu-nuts-spawn_chains,4,351,5.3079261533187685,1
d5a9cf6a9c76310134edcf28,cpu-nuts-spawn_chains,4,352,4.257055439955249,1
d5a9cf6a9c76310134edcf28,cpu-nuts-spawn_chains,4,353,5.6970775737453225,1
d5a9cf6a9c76310134edcf28,cpu-nuts-spawn_chains,4,354,4.535251312106202,1
d5a9cf6a9c76310134edcf28,cpu-nuts-spawn_chains,4,355,4.17495456594186,1
d5a9cf6a9c76310134edcf28,cpu-nuts-spawn_chains,4,356,5.437230483133662,1
d5a9cf6a9c76310134edcf28,cpu-nuts-spawn_chains,4,357,5.9287864899593545,1
d5a9cf6a9c76310134edcf28,cpu-nuts-spawn_chains,4,358,6.313564433494024,1
d5a9cf6a9c76310134edcf28,cpu-nuts-spawn_chains,4,359,3.4090434079028187,1
d5a9cf6a9c76310134edcf28,cpu-nuts-spawn_chains,4,360,6.816271701659615,1
d5a9cf6a9c76310134edcf28,cpu-nuts-spawn_chains,4,361,4.893958426836806,1
d5a9cf6a9c76310134edcf28,cpu-nuts-spawn_chains,4,362,5.0184188261521845,1
d5a9cf6a9c76310134edcf28,cpu-nuts-spawn_chains,4,363,5.894271524867616,1
d5a9cf6a9c76310134edcf28,cpu-nuts-spawn_chains,4,364,7.242833300166584,1
d5a9cf6a9c76310134edcf28,cpu-nuts-spawn_chains,4,365,2.1897587710385027,1
d5a9cf6a9c76310134edcf28,cpu-nuts-spawn_chains,4,366,4.151692268678128,1
d5a9cf6a9c76310134edcf28,cpu-nuts-spawn_chains,4,367,3.4165043763908667,1
d5a9cf6a9c76310134edcf28,cpu-nuts-spawn_chains,4,368,4.6513382576471445,1
d5a9cf6a9c76310134edcf28,cpu-nuts-spawn_chains,4,369,4.73045178197881,1
d5a9cf6a9c76310134edcf28,cpu-nuts-spawn_chains,4,370,4.887902851541421,1
d5a9cf6a9c76310134edcf28,cpu-nuts-spawn_chains,4,371,4.893326249033226,1
d5a9cf6a9c76310134edcf28,cpu-nuts-spawn_chains,4,372,5.660657115775837,1
d5a9cf6a9c76310134edcf28,cpu-nuts-spawn_chains,4,373,4.768810697030628,1
d5a9cf6a9c76310134edcf28,cpu-nuts-spawn_chains,4,374,3.833119048460737,1
d5a9cf6a9c76310134edcf28,cpu-nuts-spawn_chains,4,375,3.258569382415582,1
d5a9cf6a9c76310134edcf28,cpu-nuts-spawn_chains,4,376,4.825480851727356,1
d5a9cf6a9c76310134edcf28,cpu-nuts-spawn_chains,4,377,4.578851090596942,1
d5a9cf6a9c76310134edcf28,cpu-nuts-spawn_chains,4,378,7.220528033508272,1
d5a9cf6a9c76310134edcf28,cpu-nuts-spawn_chains,4,379,2.7596505547089554,1
d5a9cf6a9c76310134edcf28,cpu-nuts-spawn_chains,4,380,6.883961217514781,1
d5a9cf6a9c76310134edcf28,cpu-nuts-spawn_chains,4,381,4.1631822292435485,1
d5a9cf6a9c76310134edcf28,cpu-nuts-spawn_chains,4,382,5.474488292117542,1
d5a9cf6a9c76310134edcf28,cpu-nuts-spawn_chains,4,383,5.983900961815528,1
d5a9cf6a9c76310134edcf28,cpu-nuts-spawn_chains,4,384,3.996691020151046,1
d5a9cf6a9c76310134edcf28,cpu-nuts-spawn_chains,4,385,4.81895614002435,1
d5a9cf6a9c76310134edcf28,cpu-nuts-spawn_chains,4,386,4.99377125203648,1
d5a9cf6a9c76310134edcf28,cpu-nuts-spawn_chains,4,387,3.8028658485463858,1
d5a9cf6a9c76310134edcf28,cpu-nuts-spawn_chains,4,388,4.624666209849456,1
d5a9cf6a9c76310134edcf28,cpu-nuts-spawn_chains,4,389,5.521176453006779,1
d5a9cf6a9c76310134edcf28,cpu-nuts-spawn_chains,4,390,3.924173279452358,1
d5a9cf6a9c76310134edcf28,cpu-nuts-spawn_chains,4,391,5.672206584404813,1
d5a9cf6a9c76310134edcf28,cpu-nuts-spawn_chains,4,392,6.326928059684004,1
d5a9cf6a9c76310134edcf28,cpu-nuts-spawn_chains,4,393,5.07453125169514,1
d5a9cf6a9c76310134edcf28,cpu-nuts-spawn_chains,4,394,4.428710536301975,1
d5a9cf6a9c76310134edcf28,cpu-nuts-spawn_chains,4,395,4.513587558161456,1
d5a9cf6a9c76310134edcf28,cpu-nuts-spawn_chains,4,396,4.9300564058236835,1
d5a9cf6a9c76310134edcf28,cpu-nuts-spawn_chains,4,397,5.675682728196923,1
d5a9cf6a9c76310134edcf28,cpu-nuts-spawn_chains,4,398,5.549188182779015,1
d5a9cf6a9c76310134edcf28,cpu-nuts-spawn_chains,4,399,4.593099546592762,1
d5a9cf6a9c76310134edcf28,cpu-nuts-spawn_chains,4,400,4.844902091249967,1
d5a9cf6a9c76310134edcf28,cpu-nuts-spawn_chains,4,401,5.413911629579645,1
d5a9cf6a9c76310134edcf28,cpu-nuts-spawn_chains,4,402,5.169555543361613,1
d5a9cf6a9c76310134edcf28,cpu-nuts-spawn_chains,4,403,5.160056767161265,1
d5a9cf6a9c76310134edcf28,cpu-nuts-spawn_chains,4,404,5.409983329331841,1
d5a9cf6a9c76310134edcf28,cpu-nuts-spawn_chains,4,405,4.3530759094806815,1
d5a9cf6a9c76310134edcf28,cpu-nuts-spawn_chains,4,406,5.573794225733641,1
d5a9cf6a9c76310134edcf28,cpu-nuts-spawn_chains,4,407,4.323453086878768,1
d5a9cf6a9c76310134edcf28,cpu-nuts-spawn_chains,4,408,5.612107015700754,1
d5a9cf6a9c76310134edcf28,cpu-nuts-spawn_chains,4,409,5.230750080631951,1
d5a9cf6a9c76310134edcf28,cpu-nuts-spawn_chains,4,410,4.974089885004056,1
d5a9cf6a9c76310134edcf28,cpu-nuts-spawn_chains,4,411,5.552145818116637,1
d5a9cf6a9c76310134edcf28,cpu-nuts-spawn_chains,4,412,4.5876090759212875,1
d5a9cf6a9c76310134edcf28,cpu-nuts-spawn_chains,4,413,3.5055665060514496,1
d5a9cf6a9c76310134edcf28,cpu-nuts-spawn_chains,4,414,5.660871246780657,1
d5a9cf6a9c76310134edcf28,cpu-nuts-spawn_chains,4,415,3.9458235570962774,1
d5a9cf6a9c76310134edcf28,cpu-nuts-spawn_chains,4,416,3.9458235570962774,1
d5a9cf6a9c76310134edcf28,cpu-nuts-spawn_chains,4,417,6.632300868862141,1
d5a9cf6a9c76310134edcf28,cpu-nuts-spawn_chains,4,418,4.467976092715523,1
d5a9cf6a9c76310134edcf28,cpu-nuts-spawn_chains,4,419,5.769846739245012,1
d5a9cf6a9c76310134edcf28,cpu-nuts-spawn_chains,4,420,3.7503316335772148,1
d5a9cf6a9c76310134edcf28,cpu-nuts-spawn_chains,4,421,5.642693535220941,1
d5a9cf6a9c76310134edcf28,cpu-nuts-spawn_chains,4,422,6.014629835999025,1
d5a9cf6a9c76310134edcf28,cpu-nuts-spawn_chains,4,423,3.9396349306708127,1
d5a9cf6a9c76310134edcf28,cpu-nuts-spawn_chains,4,424,3.9635633446769747,1
d5a9cf6a9c76310134edcf28,cpu-nuts-spawn_chains,4,425,8.067536197296409,1
d5a9cf6a9c76310134edcf28,cpu-nuts-spawn_chains,4,426,6.481645449832414,1
d5a9cf6a9c76310134edcf28,cpu-nuts-spawn_chains,4,427,4.43547547695809,1
d5a9cf6a9c76310134edcf28,cpu-nuts-spawn_chains,4,428,5.703825207317325,1
d5a9cf6a9c76310134edcf28,cpu-nuts-spawn_chains,4,429,3.1719510699700746,1
d5a9cf6a9c76310134edcf28,cpu-nuts-spawn_chains,4,430,4.802729248632585,1
d5a9cf6a9c76310134edcf28,cpu-nuts-spawn_chains,4,431,4.802509124785098,1
d5a9cf6a9c76310134edcf28,cpu-nuts-spawn_chains,4,432,5.130996048685937,1
d5a9cf6a9c76310134edcf28,cpu-nuts-spawn_chains,4,433,4.996763816926112,1
d5a9cf6a9c76310134edcf28,cpu-nuts-spawn_chains,4,434,5.697257145323546,1
d5a9cf6a9c76310134edcf28,cpu-nuts-spawn_chains,4,435,4.833381441874191,1
d5a9cf6a9c76310134edcf28,cpu-nuts-spawn_chains,4,436,5.687242513514639,1
d5a9cf6a9c76310134edcf28,cpu-nuts-spawn_chains,4,437,6.37686153947288,1
d5a9cf6a9c76310134edcf28,cpu-nuts-spawn_chains,4,438,3.230787631693293,1
d5a9cf6a9c76310134edcf28,cpu-nuts-spawn_chains,4,439,6.627103274951084,1
d5a9cf6a9c76310134edcf28,cpu-nuts-spawn_chains,4,440,5.423091913236367,1
d5a9cf6a9c76310134edcf28,cpu-nuts-spawn_chains,4,441,6.5231825004623,1
d5a9cf6a9c76310134edcf28,cpu-nuts-spawn_chains,4,442,4.247447967414326,1
d5a9cf6a9c76310134edcf28,cpu-nuts-spawn_chains,4,443,5.040239631377362,1
d5a9cf6a9c76310134edcf28,cpu-nuts-spawn_chains,4,444,3.0256649942832237,1
d5a9cf6a9c76310134edcf28,cpu-nuts-spawn_chains,4,445,7.212951342229161,1
d5a9cf6a9c76310134edcf28,cpu-nuts-spawn_chains,4,446,6.411704490905328,1
d5a9cf6a9c76310134edcf28,cpu-nuts-spawn_chains,4,447,3.8187293584673494,1
d5a9cf6a9c76310134edcf28,cpu-nuts-spawn_chains,4,448,4.722958477715624,1
d5a9cf6a9c76310134edcf28,cpu-nuts-spawn_chains,4,449,5.178923571617232,1
d5a9cf6a9c76310134edcf28,cpu-nuts-spawn_chains,4,450,4.659280159052443,1
d5a9cf6a9c76310134edcf28,cpu-nuts-spawn_chains,4,451,4.363638016032793,1
d5a9cf6a9c76310134edcf28,cpu-nuts-spawn_chains,4,452,5.855805186094029,1
d5a9cf6a9c76310134edcf28,cpu-nuts-spawn_chains,4,453,5.3618595814943335,1
d5a9cf6a9c76310134edcf28,cpu-nuts-spawn_chains,4,454,4.0627043784594274,1
d5a9cf6a9c76310134edcf28,cpu-nuts-spawn_chains,4,455,5.298270454502777,1
d5a9cf6a9c76310134edcf28,cpu-nuts-spawn_chains,4,456,4.592749361246991,1
d5a9cf6a9c76310134edcf28,cpu-nuts-spawn_chains,4,457,4.824431205736281,1
d5a9cf6a9c76310134edcf28,cpu-nuts-spawn_chains,4,458,5.407519987959593,1
d5a9cf6a9c76310134edcf28,cpu-nuts-spawn_chains,4,459,4.581778159889349,1
d5a9cf6a9c76310134edcf28,cpu-nuts-spawn_chains,4,460,6.098233156723755,1
d5a9cf6a9c76310134edcf28,cpu-nuts-spawn_chains,4,461,5.793631102296232,1
d5a9cf6a9c76310134edcf28,cpu-nuts-spawn_chains,4,462,4.253475105636692,1
d5a9cf6a9c76310134edcf28,cpu-nuts-spawn_chains,4,463,4.647453714243746,1
d5a9cf6a9c76310134edcf28,cpu-nuts-spawn_chains,4,464,3.8782544021145204,1
d5a9cf6a9c76310134edcf28,cpu-nuts-spawn_chains,4,465,3.4633447947900966,1
d5a9cf6a9c76310134edcf28,cpu-nuts-spawn_chains,4,466,6.620169405677201,1
d5a9cf6a9c76310134edcf28,cpu-nuts-spawn_chains,4,467,5.467952434726941,1
d5a9cf6a9c76310134edcf28,cpu-nuts-spawn_chains,4,468,4.783242648915197,1
d5a9cf6a9c76310134edcf28,cpu-nuts-spawn_chains,4,469,4.4578689503731095,1
d5a9cf6a9c76310134edcf28,cpu-nuts-spawn_chains,4,470,5.729329087941318,1
d5a9cf6a9c76310134edcf28,cpu-nuts-spawn_chains,4,471,3.252532270521053,1
d5a9cf6a9c76310134edcf28,cpu-nuts-spawn_chains,4,472,6.466051303533931,1
d5a9cf6a9c76310134edcf28,cpu-nuts-spawn_chains,4,473,5.526541682306776,1
d5a9cf6a9c76310134edcf28,cpu-nuts-spawn_chains,4,474,4.6052025230999,1
d5a9cf6a9c76310134edcf28,cpu-nuts-spawn_chains,4,475,4.626760643115232,1
d5a9cf6a9c76310134edcf28,cpu-nuts-spawn_chains,4,476,4.6669756703323015,1
d5a9cf6a9c76310134edcf28,cpu-nuts-spawn_chains,4,477,5.245615802260146,1
d5a9cf6a9c76310134edcf28,cpu-nuts-spawn_chains,4,478,5.139859002350148,1
d5a9cf6a9c76310134edcf28,cpu-nuts-spawn_chains,4,479,4.835932529293388,1
d5a9cf6a9c76310134edcf28,cpu-nuts-spawn_chains,4,480,5.181621265647949,1
d5a9cf6a9c76310134edcf28,cpu-nuts-spawn_chains,4,481,4.59842910581331,1
d5a9cf6a9c76310134edcf28,cpu-nuts-spawn_chains,4,482,5.294349114703311,1
d5a9cf6a9c76310134edcf28,cpu-nuts-spawn_chains,4,483,5.1118849354507265,1
d5a9cf6a9c76310134edcf28,cpu-nuts-spawn_chains,4,484,3.283109047577813,1
d5a9cf6a9c76310134edcf28,cpu-nuts-spawn_chains,4,485,6.429960481942215,1
d5a9cf6a9c76310134edcf28,cpu-nuts-spawn_chains,4,486,3.5142460766272854,1
d5a9cf6a9c76310134edcf28,cpu-nuts-spawn_chains,4,487,4.065567583152882,1
d5a9cf6a9c76310134edcf28,cpu-nuts-spawn_chains,4,488,4.60866495244727,1
d5a9cf6a9c76310134edcf28,cpu-nuts-spawn_chains,4,489,4.583237864056879,1
d5a9cf6a9c76310134edcf28,cpu-nuts-spawn_chains,4,490,6.449616795340349,1
d5a9cf6a9c76310134edcf28,cpu-nuts-spawn_chains,4,491,7.105775060695595,1
d5a9cf6a9c76310134edcf28,cpu-nuts-spawn_chains,4,492,6.345872691135822,1
d5a9cf6a9c76310134edcf28,cpu-nuts-spawn_chains,4,493,4.9093167650915674,1
d5a9cf6a9c76310134edcf28,cpu-nuts-spawn_chains,4,494,5.222016770643441,1
d5a9cf6a9c76310134edcf28,cpu-nuts-spawn_chains,4,495,4.764454485149185,1
d5a9cf6a9c76310134edcf28,cpu-nuts-spawn_chains,4,496,5.305710135758942,1
d5a9cf6a9c76310134edcf28,cpu-nuts-spawn_chains,4,497,4.580158654173055,1
d5a9cf6a9c76310134edcf28,cpu-nuts-spawn_chains,4,498,4.98898770994023,1
d5a9cf6a9c76310134edcf28,cpu-nuts-spawn_chains,4,499,5.00616881445952,1
d5a9cf6a9c76310134edcf28,cpu-nuts-spawn_chains,4,500,4.159684915559201,1
d5a9cf6a9c76310134edcf28,cpu-nuts-spawn_chains,4,501,5.901298466074268,1
d5a9cf6a9c76310134edcf28,cpu-nuts-spawn_chains,4,502,6.5312661605479025,1
d5a9cf6a9c76310134edcf28,cpu-nuts-spawn_chains,4,503,4.215492404872533,1
d5a9cf6a9c76310134edcf28,cpu-nuts-spawn_chains,4,504,3.639289342141034,1
d5a9cf6a9c76310134edcf28,cpu-nuts-spawn_chains,4,505,4.828607490031684,1
d5a9cf6a9c76310134edcf28,cpu-nuts-spawn_chains,4,506,4.828607490031684,1
d5a9cf6a9c76310134edcf28,cpu-nuts-spawn_chains,4,507,4.716512883654551,1
d5a9cf6a9c76310134edcf28,cpu-nuts-spawn_chains,4,508,5.883281093287418,1
d5a9cf6a9c76310134edcf28,cpu-nuts-spawn_chains,4,509,5.236764911602589,1
d5a9cf6a9c76310134edcf28,cpu-nuts-spawn_chains,4,510,4.772309761519661,1
d5a9cf6a9c76310134edcf28,cpu-nuts-spawn_chains,4,511,5.346014746917918,1
d5a9cf6a9c76310134edcf28,cpu-nuts-spawn_chains,4,512,5.372263496031979,1
d5a9cf6a9c76310134edcf28,cpu-nuts-spawn_chains,4,513,3.350522335560229,1
d5a9cf6a9c76310134edcf28,cpu-nuts-spawn_chains,4,514,4.6988490464546295,1
d5a9cf6a9c76310134edcf28,cpu-nuts-spawn_chains,4,515,5.4518647078309375,1
d5a9cf6a9c76310134edcf28,cpu-nuts-spawn_chains,4,516,4.960959277630094,1
d5a9cf6a9c76310134edcf28,cpu-nuts-spawn_chains,4,517,5.704032795084659,1
d5a9cf6a9c76310134edcf28,cpu-nuts-spawn_chains,4,518,4.9208732861215365,1
d5a9cf6a9c76310134edcf28,cpu-nuts-spawn_chains,4,519,3.3164791630103276,1
d5a9cf6a9c76310134edcf28,cpu-nuts-spawn_chains,4,520,3.372165384255965,1
d5a9cf6a9c76310134edcf28,cpu-nuts-spawn_chains,4,521,3.061448734360175,1
d5a9cf6a9c76310134edcf28,cpu-nuts-spawn_chains,4,522,6.093601664869102,1
d5a9cf6a9c76310134edcf28,cpu-nuts-spawn_chains,4,523,5.079119123045338,1
d5a9cf6a9c76310134edcf28,cpu-nuts-spawn_chains,4,524,4.861196813372314,1
d5a9cf6a9c76310134edcf28,cpu-nuts-spawn_chains,4,525,4.930637574796857,1
d5a9cf6a9c76310134edcf28,cpu-nuts-spawn_chains,4,526,4.915432983018676,1
d5a9cf6a9c76310134edcf28,cpu-nuts-spawn_chains,4,527,4.768658451534545,1
d5a9cf6a9c76310134edcf28,cpu-nuts-spawn_chains,4,528,5.982878624032926,1
d5a9cf6a9c76310134edcf28,cpu-nuts-spawn_chains,4,529,5.3604886804802305,1
d5a9cf6a9c76310134edcf28,cpu-nuts-spawn_chains,4,530,4.7035205937550035,1
d5a9cf6a9c76310134edcf28,cpu-nuts-spawn_chains,4,531,3.9650637330518292,1
d5a9cf6a9c76310134edcf28,cpu-nuts-spawn_chains,4,532,5.607271886732704,1
d5a9cf6a9c76310134edcf28,cpu-nuts-spawn_chains,4,533,5.697259353690566,1
d5a9cf6a9c76310134edcf28,cpu-nuts-spawn_chains,4,534,4.097743786126644,1
d5a9cf6a9c76310134edcf28,cpu-nuts-spawn_chains,4,535,6.110712835683513,1
d5a9cf6a9c76310134edcf28,cpu-nuts-spawn_chains,4,536,4.055264473092944,1
d5a9cf6a9c76310134edcf28,cpu-nuts-spawn_chains,4,537,4.186432492920747,1
d5a9cf6a9c76310134edcf28,cpu-nuts-spawn_chains,4,538,5.918381271077709,1
d5a9cf6a9c76310134edcf28,cpu-nuts-spawn_chains,4,539,4.512891345021612,1
d5a9cf6a9c76310134edcf28,cpu-nuts-spawn_chains,4,540,5.139762004425825,1
d5a9cf6a9c76310134edcf28,cpu-nuts-spawn_chains,4,541,6.238034207296361,1
d5a9cf6a9c76310134edcf28,cpu-nuts-spawn_chains,4,542,5.214119677588376,1
d5a9cf6a9c76310134edcf28,cpu-nuts-spawn_chains,4,543,5.518987838128943,1
d5a9cf6a9c76310134edcf28,cpu-nuts-spawn_chains,4,544,5.349162663407919,1
d5a9cf6a9c76310134edcf28,cpu-nuts-spawn_chains,4,545,4.742076931683079,1
d5a9cf6a9c76310134edcf28,cpu-nuts-spawn_chains,4,546,4.50360419802715,1
d5a9cf6a9c76310134edcf28,cpu-nuts-spawn_chains,4,547,4.823395699329089,1
d5a9cf6a9c76310134edcf28,cpu-nuts-spawn_chains,4,548,5.364309891217593,1
d5a9cf6a9c76310134edcf28,cpu-nuts-spawn_chains,4,549,4.587279202412677,1
d5a9cf6a9c76310134edcf28,cpu-nuts-spawn_chains,4,550,3.3388439970861734,1
d5a9cf6a9c76310134edcf28,cpu-nuts-spawn_chains,4,551,6.699377219896342,1
d5a9cf6a9c76310134edcf28,cpu-nuts-spawn_chains,4,552,4.456482904644936,1
d5a9cf6a9c76310134edcf28,cpu-nuts-spawn_chains,4,553,6.024867312904966,1
d5a9cf6a9c76310134edcf28,cpu-nuts-spawn_chains,4,554,5.356181413487406,1
d5a9cf6a9c76310134edcf28,cpu-nuts-spawn_chains,4,555,4.909869014139249,1
d5a9cf6a9c76310134edcf28,cpu-nuts-spawn_chains,4,556,5.406658506586678,1
d5a9cf6a9c76310134edcf28,cpu-nuts-spawn_chains,4,557,4.59880014662541,1
d5a9cf6a9c76310134edcf28,cpu-nuts-spawn_chains,4,558,4.734312626019938,1
d5a9cf6a9c76310134edcf28,cpu-nuts-spawn_chains,4,559,5.349739183288766,1
d5a9cf6a9c76310134edcf28,cpu-nuts-spawn_chains,4,560,4.44615261299952,1
d5a9cf6a9c76310134edcf28,cpu-nuts-spawn_chains,4,561,4.287658798273007,1
d5a9cf6a9c76310134edcf28,cpu-nuts-spawn_chains,4,562,4.044641216445951,1
d5a9cf6a9c76310134edcf28,cpu-nuts-spawn_chains,4,563,6.056223550623971,1
d5a9cf6a9c76310134edcf28,cpu-nuts-spawn_chains,4,564,5.8158530470434435,1
d5a9cf6a9c76310134edcf28,cpu-nuts-spawn_chains,4,565,4.031794276706172,1
d5a9cf6a9c76310134edcf28,cpu-nuts-spawn_chains,4,566,6.016717453084291,1
d5a9cf6a9c76310134edcf28,cpu-nuts-spawn_chains,4,567,4.961522116322897,1
d5a9cf6a9c76310134edcf28,cpu-nuts-spawn_chains,4,568,5.032221442671643,1
d5a9cf6a9c76310134edcf28,cpu-nuts-spawn_chains,4,569,3.8277895453150075,1
d5a9cf6a9c76310134edcf28,cpu-nuts-spawn_chains,4,570,4.519052128444101,1
d5a9cf6a9c76310134edcf28,cpu-nuts-spawn_chains,4,571,4.7770508246534344,1
d5a9cf6a9c76310134edcf28,cpu-nuts-spawn_chains,4,572,5.560003242939675,1
d5a9cf6a9c76310134edcf28,cpu-nuts-spawn_chains,4,573,4.423150037561977,1
d5a9cf6a9c76310134edcf28,cpu-nuts-spawn_chains,4,574,4.769643990185278,1
d5a9cf6a9c76310134edcf28,cpu-nuts-spawn_chains,4,575,4.8445583318139125,1
d5a9cf6a9c76310134edcf28,cpu-nuts-spawn_chains,4,576,4.999410800045715,1
d5a9cf6a9c76310134edcf28,cpu-nuts-spawn_chains,4,577,5.056744281264091,1
d5a9cf6a9c76310134edcf28,cpu-nuts-spawn_chains,4,578,6.529589762448347,1
d5a9cf6a9c76310134edcf28,cpu-nuts-spawn_chains,4,579,4.92996030967996,1
d5a9cf6a9c76310134edcf28,cpu-nuts-spawn_chains,4,580,4.920785431952039,1
d5a9cf6a9c76310134edcf28,cpu-nuts-spawn_chains,4,581,5.15319857156396,1
d5a9cf6a9c76310134edcf28,cpu-nuts-spawn_chains,4,582,5.15319857156396,1
d5a9cf6a9c76310134edcf28,cpu-nuts-spawn_chains,4,583,3.031828217946794,1
d5a9cf6a9c76310134edcf28,cpu-nuts-spawn_chains,4,584,3.467941578076978,1
d5a9cf6a9c76310134edcf28,cpu-nuts-spawn_chains,4,585,6.47669661349321,1
d5a9cf6a9c76310134edcf28,cpu-nuts-spawn_chains,4,586,3.5340549101025776,1
d5a9cf6a9c76310134edcf28,cpu-nuts-spawn_chains,4,587,5.34694775798828,1
d5a9cf6a9c76310134edcf28,cpu-nuts-spawn_chains,4,588,6.3827021558796515,1
d5a9cf6a9c76310134edcf28,cpu-nuts-spawn_chains,4,589,5.253002527861762,1
d5a9cf6a9c76310134edcf28,cpu-nuts-spawn_chains,4,590,6.137649592342086,1
d5a9cf6a9c76310134edcf28,cpu-nuts-spawn_chains,4,591,5.268424595657416,1
d5a9cf6a9c76310134edcf28,cpu-nuts-spawn_chains,4,592,6.834887638740241,1
d5a9cf6a9c76310134edcf28,cpu-nuts-spawn_chains,4,593,5.790028132967497,1
d5a9cf6a9c76310134edcf28,cpu-nuts-spawn_chains,4,594,5.521893808076534,1
d5a9cf6a9c76310134edcf28,cpu-nuts-spawn_chains,4,595,3.834823426462937,1
d5a9cf6a9c76310134edcf28,cpu-nuts-spawn_chains,4,596,3.9217732936352165,1
d5a9cf6a9c76310134edcf28,cpu-nuts-spawn_chains,4,597,3.5366775937821813,1
d5a9cf6a9c76310134edcf28,cpu-nuts-spawn_chains,4,598,5.087076878488476,1
d5a9cf6a9c76310134edcf28,cpu-nuts-spawn_chains,4,599,3.464494606113777,1
d5a9cf6a9c76310134edcf28,cpu-nuts-spawn_chains,4,600,4.385514089600159,1
d5a9cf6a9c76310134edcf28,cpu-nuts-spawn_chains,4,601,5.749572976683218,1
d5a9cf6a9c76310134edcf28,cpu-nuts-spawn_chains,4,602,4.886553769034231,1
d5a9cf6a9c76310134edcf28,cpu-nuts-spawn_chains,4,603,6.366292916056784,1
d5a9cf6a9c76310134edcf28,cpu-nuts-spawn_chains,4,604,4.04013911784455,1
d5a9cf6a9c76310134edcf28,cpu-nuts-spawn_chains,4,605,6.129244875869345,1
d5a9cf6a9c76310134edcf28,cpu-nuts-spawn_chains,4,606,3.627986264737178,1
d5a9cf6a9c76310134edcf28,cpu-nuts-spawn_chains,4,607,5.107057855379745,1
d5a9cf6a9c76310134edcf28,cpu-nuts-spawn_chains,4,608,4.6043389328416255,1
d5a9cf6a9c76310134edcf28,cpu-nuts-spawn_chains,4,609,6.289251050756893,1
d5a9cf6a9c76310134edcf28,cpu-nuts-spawn_chains,4,610,6.19681519986379,1
d5a9cf6a9c76310134edcf28,cpu-nuts-spawn_chains,4,611,5.344081733938238,1
d5a9cf6a9c76310134edcf28,cpu-nuts-spawn_chains,4,612,4.743929528801789,1
d5a9cf6a9c76310134edcf28,cpu-nuts-spawn_chains,4,613,3.955347579991731,1
d5a9cf6a9c76310134edcf28,cpu-nuts-spawn_chains,4,614,2.1645619096287696,1
d5a9cf6a9c76310134edcf28,cpu-nuts-spawn_chains,4,615,4.573180507377374,1
d5a9cf6a9c76310134edcf28,cpu-nuts-spawn_chains,4,616,5.083545688924105,1
d5a9cf6a9c76310134edcf28,cpu-nuts-spawn_chains,4,617,6.802928304588956,1
d5a9cf6a9c76310134edcf28,cpu-nuts-spawn_chains,4,618,3.396867422130045,1
d5a9cf6a9c76310134edcf28,cpu-nuts-spawn_chains,4,619,5.9321029486144905,1
d5a9cf6a9c76310134edcf28,cpu-nuts-spawn_chains,4,620,5.148423080493716,1
d5a9cf6a9c76310134edcf28,cpu-nuts-spawn_chains,4,621,4.59185100585348,1
d5a9cf6a9c76310134edcf28,cpu-nuts-spawn_chains,4,622,4.364428576693161,1
d5a9cf6a9c76310134edcf28,cpu-nuts-spawn_chains,4,623,5.049845897449174,1
d5a9cf6a9c76310134edcf28,cpu-nuts-spawn_chains,4,624,5.0361688930238335,1
d5a9cf6a9c76310134edcf28,cpu-nuts-spawn_chains,4,625,3.249719699672724,1
d5a9cf6a9c76310134edcf28,cpu-nuts-spawn_chains,4,626,5.217912760926299,1
d5a9cf6a9c76310134edcf28,cpu-nuts-spawn_chains,4,627,4.3357870246902515,1
d5a9cf6a9c76310134edcf28,cpu-nuts-spawn_chains,4,628,2.953569199911344,1
d5a9cf6a9c76310134edcf28,cpu-nuts-spawn_chains,4,629,6.074966813246689,1
d5a9cf6a9c76310134edcf28,cpu-nuts-spawn_chains,4,630,4.616900768918626,1
d5a9cf6a9c76310134edcf28,cpu-nuts-spawn_chains,4,631,4.814969238661068,1
d5a9cf6a9c76310134edcf28,cpu-nuts-spawn_chains,4,632,4.910418518821719,1
d5a9cf6a9c76310134edcf28,cpu-nuts-spawn_chains,4,633,5.448757275590865,1
d5a9cf6a9c76310134edcf28,cpu-nuts-spawn_chains,4,634,4.533439665840589,1
d5a9cf6a9c76310134edcf28,cpu-nuts-spawn_chains,4,635,5.05890731483896,1
d5a9cf6a9c76310134edcf28,cpu-nuts-spawn_chains,4,636,4.977582295079949,1
d5a9cf6a9c76310134edcf28,cpu-nuts-spawn_chains,4,637,5.889004492383658,1
d5a9cf6a9c76310134edcf28,cpu-nuts-spawn_chains,4,638,7.246047466124361,1
d5a9cf6a9c76310134edcf28,cpu-nuts-spawn_chains,4,639,5.381697739200892,1
d5a9cf6a9c76310134edcf28,cpu-nuts-spawn_chains,4,640,3.877220349313299,1
d5a9cf6a9c76310134edcf28,cpu-nuts-spawn_chains,4,641,6.210595492945934,1
d5a9cf6a9c76310134edcf28,cpu-nuts-spawn_chains,4,642,5.49991240331791,1
d5a9cf6a9c76310134edcf28,cpu-nuts-spawn_chains,4,643,5.871658447060216,1
d5a9cf6a9c76310134edcf28,cpu-nuts-spawn_chains,4,644,5.683093576167141,1
d5a9cf6a9c76310134edcf28,cpu-nuts-spawn_chains,4,645,3.584201895034947,1
d5a9cf6a9c76310134edcf28,cpu-nuts-spawn_chains,4,646,6.4070277390461845,1
d5a9cf6a9c76310134edcf28,cpu-nuts-spawn_chains,4,647,5.622174671510546,1
d5a9cf6a9c76310134edcf28,cpu-nuts-spawn_chains,4,648,5.196388947036609,1
d5a9cf6a9c76310134edcf28,cpu-nuts-spawn_chains,4,649,4.795123876757142,1
d5a9cf6a9c76310134edcf28,cpu-nuts-spawn_chains,4,650,4.970549085199081,1
d5a9cf6a9c76310134edcf28,cpu-nuts-spawn_chains,4,651,3.907346344265271,1
d5a9cf6a9c76310134edcf28,cpu-nuts-spawn_chains,4,652,5.559518696486733,1
d5a9cf6a9c76310134edcf28,cpu-nuts-spawn_chains,4,653,5.5869609604637755,1
d5a9cf6a9c76310134edcf28,cpu-nuts-spawn_chains,4,654,4.485400691250803,1
d5a9cf6a9c76310134edcf28,cpu-nuts-spawn_chains,4,655,5.725140530339083,1
d5a9cf6a9c76310134edcf28,cpu-nuts-spawn_chains,4,656,5.146939017318823,1
d5a9cf6a9c76310134edcf28,cpu-nuts-spawn_chains,4,657,4.229296598360087,1
d5a9cf6a9c76310134edcf28,cpu-nuts-spawn_chains,4,658,4.046420818962324,1
d5a9cf6a9c76310134edcf28,cpu-nuts-spawn_chains,4,659,5.97534191814831,1
d5a9cf6a9c76310134edcf28,cpu-nuts-spawn_chains,4,660,5.254174236634429,1
d5a9cf6a9c76310134edcf28,cpu-nuts-spawn_chains,4,661,4.768753770779623,1
d5a9cf6a9c76310134edcf28,cpu-nuts-spawn_chains,4,662,5.078072048306215,1
d5a9cf6a9c76310134edcf28,cpu-nuts-spawn_chains,4,663,4.092306671171428,1
d5a9cf6a9c76310134edcf28,cpu-nuts-spawn_chains,4,664,5.583091485897968,1
d5a9cf6a9c76310134edcf28,cpu-nuts-spawn_chains,4,665,4.641115101733106,1
d5a9cf6a9c76310134edcf28,cpu-nuts-spawn_chains,4,666,5.660812546565673,1
d5a9cf6a9c76310134edcf28,cpu-nuts-spawn_chains,4,667,5.451556764380529,1
d5a9cf6a9c76310134edcf28,cpu-nuts-spawn_chains,4,668,2.6338061372784707,1
d5a9cf6a9c76310134edcf28,cpu-nuts-spawn_chains,4,669,5.660084396150835,1
d5a9cf6a9c76310134edcf28,cpu-nuts-spawn_chains,4,670,4.82554996847113,1
d5a9cf6a9c76310134edcf28,cpu-nuts-spawn_chains,4,671,5.4023195345399895,1
d5a9cf6a9c76310134edcf28,cpu-nuts-spawn_chains,4,672,4.489664003047247,1
d5a9cf6a9c76310134edcf28,cpu-nuts-spawn_chains,4,673,5.306689317289312,1
d5a9cf6a9c76310134edcf28,cpu-nuts-spawn_chains,4,674,4.171084580252067,1
d5a9cf6a9c76310134edcf28,cpu-nuts-spawn_chains,4,675,6.350957007629448,1
d5a9cf6a9c76310134edcf28,cpu-nuts-spawn_chains,4,676,5.525598690323372,1
d5a9cf6a9c76310134edcf28,cpu-nuts-spawn_chains,4,677,4.482217287683385,1
d5a9cf6a9c76310134edcf28,cpu-nuts-spawn_chains,4,678,3.3578041950570388,1
d5a9cf6a9c76310134edcf28,cpu-nuts-spawn_chains,4,679,4.803736583169593,1
d5a9cf6a9c76310134edcf28,cpu-nuts-spawn_chains,4,680,4.036725770034188,1
d5a9cf6a9c76310134edcf28,cpu-nuts-spawn_chains,4,681,4.572071840816171,1
d5a9cf6a9c76310134edcf28,cpu-nuts-spawn_chains,4,682,5.483707000432753,1
d5a9cf6a9c76310134edcf28,cpu-nuts-spawn_chains,4,683,4.675149638644168,1
d5a9cf6a9c76310134edcf28,cpu-nuts-spawn_chains,4,684,4.6036210589816315,1
d5a9cf6a9c76310134edcf28,cpu-nuts-spawn_chains,4,685,4.336170832514385,1
d5a9cf6a9c76310134edcf28,cpu-nuts-spawn_chains,4,686,4.919857083852681,1
d5a9cf6a9c76310134edcf28,cpu-nuts-spawn_chains,4,687,4.771521512039406,1
d5a9cf6a9c76310134edcf28,cpu-nuts-spawn_chains,4,688,5.380124092066004,1
d5a9cf6a9c76310134edcf28,cpu-nuts-spawn_chains,4,689,4.617143953262133,1
d5a9cf6a9c76310134edcf28,cpu-nuts-spawn_chains,4,690,5.301224691075314,1
d5a9cf6a9c76310134edcf28,cpu-nuts-spawn_chains,4,691,4.305342161279851,1
d5a9cf6a9c76310134edcf28,cpu-nuts-spawn_chains,4,692,5.463434458264821,1
d5a9cf6a9c76310134edcf28,cpu-nuts-spawn_chains,4,693,4.592136018390354,1
d5a9cf6a9c76310134edcf28,cpu-nuts-spawn_chains,4,694,5.885656366668302,1
d5a9cf6a9c76310134edcf28,cpu-nuts-spawn_chains,4,695,4.852835703791939,1
d5a9cf6a9c76310134edcf28,cpu-nuts-spawn_chains,4,696,4.969686955938854,1
d5a9cf6a9c76310134edcf28,cpu-nuts-spawn_chains,4,697,4.724765575429432,1
d5a9cf6a9c76310134edcf28,cpu-nuts-spawn_chains,4,698,4.383549703130728,1
d5a9cf6a9c76310134edcf28,cpu-nuts-spawn_chains,4,699,4.773999480301344,1
d5a9cf6a9c76310134edcf28,cpu-nuts-spawn_chains,4,700,3.7857811823344587,1
d5a9cf6a9c76310134edcf28,cpu-nuts-spawn_chains,4,701,6.3768569749769,1
d5a9cf6a9c76310134edcf28,cpu-nuts-spawn_chains,4,702,3.683110094036925,1
d5a9cf6a9c76310134edcf28,cpu-nuts-spawn_chains,4,703,6.567769242789967,1
d5a9cf6a9c76310134edcf28,cpu-nuts-spawn_chains,4,704,3.4364176101429633,1
d5a9cf6a9c76310134edcf28,cpu-nuts-spawn_chains,4,705,3.6456944353700678,1
d5a9cf6a9c76310134edcf28,cpu-nuts-spawn_chains,4,706,5.290323728412747,1
d5a9cf6a9c76310134edcf28,cpu-nuts-spawn_chains,4,707,3.169380001627246,1
d5a9cf6a9c76310134edcf28,cpu-nuts-spawn_chains,4,708,6.714572390016124,1
d5a9cf6a9c76310134edcf28,cpu-nuts-spawn_chains,4,709,4.352845708371213,1
d5a9cf6a9c76310134edcf28,cpu-nuts-spawn_chains,4,710,6.95828913044065,1
d5a9cf6a9c76310134edcf28,cpu-nuts-spawn_chains,4,711,5.98033369943173,1
d5a9cf6a9c76310134edcf28,cpu-nuts-spawn_chains,4,712,3.8296565810772774,1
d5a9cf6a9c76310134edcf28,cpu-nuts-spawn_chains,4,713,5.683449955582917,1
d5a9cf6a9c76310134edcf28,cpu-nuts-spawn_chains,4,714,4.461774371478229,1
d5a9cf6a9c76310134edcf28,cpu-nuts-spawn_chains,4,715,5.38199501908236,1
d5a9cf6a9c76310134edcf28,cpu-nuts-spawn_chains,4,716,4.158615705215116,1
d5a9cf6a9c76310134edcf28,cpu-nuts-spawn_chains,4,717,5.727375847658198,1
d5a9cf6a9c76310134edcf28,cpu-nuts-spawn_chains,4,718,5.750562425075945,1
d5a9cf6a9c76310134edcf28,cpu-nuts-spawn_chains,4,719,4.599530357464653,1
d5a9cf6a9c76310134edcf28,cpu-nuts-spawn_chains,4,720,4.46689095943072,1
d5a9cf6a9c76310134edcf28,cpu-nuts-spawn_chains,4,721,4.560797807563202,1
d5a9cf6a9c76310134edcf28,cpu-nuts-spawn_chains,4,722,6.257912635116249,1
d5a9cf6a9c76310134edcf28,cpu-nuts-spawn_chains,4,723,3.7500121522234453,1
d5a9cf6a9c76310134edcf28,cpu-nuts-spawn_chains,4,724,6.634128845452292,1
d5a9cf6a9c76310134edcf28,cpu-nuts-spawn_chains,4,725,5.783549156334382,1
d5a9cf6a9c76310134edcf28,cpu-nuts-spawn_chains,4,726,4.95102692255416,1
d5a9cf6a9c76310134edcf28,cpu-nuts-spawn_chains,4,727,5.2190179439776845,1
d5a9cf6a9c76310134edcf28,cpu-nuts-spawn_chains,4,728,2.2753125589466503,1
d5a9cf6a9c76310134edcf28,cpu-nuts-spawn_chains,4,729,7.070680582384102,1
d5a9cf6a9c76310134edcf28,cpu-nuts-spawn_chains,4,730,6.457867264341499,1
d5a9cf6a9c76310134edcf28,cpu-nuts-spawn_chains,4,731,3.6275601120936862,1
d5a9cf6a9c76310134edcf28,cpu-nuts-spawn_chains,4,732,6.300857150473905,1
d5a9cf6a9c76310134edcf28,cpu-nuts-spawn_chains,4,733,5.693011548745468,1
d5a9cf6a9c76310134edcf28,cpu-nuts-spawn_chains,4,734,4.317957281082928,1
d5a9cf6a9c76310134edcf28,cpu-nuts-spawn_chains,4,735,3.0162015671385394,1
d5a9cf6a9c76310134edcf28,cpu-nuts-spawn_chains,4,736,3.0105299370325778,1
d5a9cf6a9c76310134edcf28,cpu-nuts-spawn_chains,4,737,5.599563884468871,1
d5a9cf6a9c76310134edcf28,cpu-nuts-spawn_chains,4,738,4.362881156341227,1
d5a9cf6a9c76310134edcf28,cpu-nuts-spawn_chains,4,739,5.291471806557059,1
d5a9cf6a9c76310134edcf28,cpu-nuts-spawn_chains,4,740,4.6247619793762755,1
d5a9cf6a9c76310134edcf28,cpu-nuts-spawn_chains,4,741,5.003666161778467,1
d5a9cf6a9c76310134edcf28,cpu-nuts-spawn_chains,4,742,4.836547225094475,1
d5a9cf6a9c76310134edcf28,cpu-nuts-spawn_chains,4,743,4.0713249777744736,1
d5a9cf6a9c76310134edcf28,cpu-nuts-spawn_chains,4,744,5.931464145652382,1
d5a9cf6a9c76310134edcf28,cpu-nuts-spawn_chains,4,745,4.253154707336602,1
d5a9cf6a9c76310134edcf28,cpu-nuts-spawn_chains,4,746,6.429509285340667,1
d5a9cf6a9c76310134edcf28,cpu-nuts-spawn_chains,4,747,3.528479312971886,1
d5a9cf6a9c76310134edcf28,cpu-nuts-spawn_chains,4,748,4.042949030288226,1
d5a9cf6a9c76310134edcf28,cpu-nuts-spawn_chains,4,749,4.064256994523645,1
d5a9cf6a9c76310134edcf28,cpu-nuts-spawn_chains,4,750,4.855929322787885,1
d5a9cf6a9c76310134edcf28,cpu-nuts-spawn_chains,4,751,5.178336986616706,1
d5a9cf6a9c76310134edcf28,cpu-nuts-spawn_chains,4,752,4.170823977822077,1
d5a9cf6a9c76310134edcf28,cpu-nuts-spawn_chains,4,753,5.619308475426831,1
d5a9cf6a9c76310134edcf28,cpu-nuts-spawn_chains,4,754,4.451270672100673,1
d5a9cf6a9c76310134edcf28,cpu-nuts-spawn_chains,4,755,4.726480802241554,1
d5a9cf6a9c76310134edcf28,cpu-nuts-spawn_chains,4,756,5.239201591773046,1
d5a9cf6a9c76310134edcf28,cpu-nuts-spawn_chains,4,757,5.898171601525181,1
d5a9cf6a9c76310134edcf28,cpu-nuts-spawn_chains,4,758,5.082248594448341,1
d5a9cf6a9c76310134edcf28,cpu-nuts-spawn_chains,4,759,2.6284925034467554,1
d5a9cf6a9c76310134edcf28,cpu-nuts-spawn_chains,4,760,6.420803908313483,1
d5a9cf6a9c76310134edcf28,cpu-nuts-spawn_chains,4,761,4.254514475651464,1
d5a9cf6a9c76310134edcf28,cpu-nuts-spawn_chains,4,762,4.64899681892394,1
d5a9cf6a9c76310134edcf28,cpu-nuts-spawn_chains,4,763,4.922430437846847,1
d5a9cf6a9c76310134edcf28,cpu-nuts-spawn_chains,4,764,6.536137857997248,1
d5a9cf6a9c76310134edcf28,cpu-nuts-spawn_chains,4,765,3.4382857107308515,1
d5a9cf6a9c76310134edcf28,cpu-nuts-spawn_chains,4,766,6.645439655204232,1
d5a9cf6a9c76310134edcf28,cpu-nuts-spawn_chains,4,767,4.97311486228776,1
d5a9cf6a9c76310134edcf28,cpu-nuts-spawn_chains,4,768,5.255329563604766,1
d5a9cf6a9c76310134edcf28,cpu-nuts-spawn_chains,4,769,4.9532294043385265,1
d5a9cf6a9c76310134edcf28,cpu-nuts-spawn_chains,4,770,4.620103849235678,1
d5a9cf6a9c76310134edcf28,cpu-nuts-spawn_chains,4,771,5.934632011439507,1
d5a9cf6a9c76310134edcf28,cpu-nuts-spawn_chains,4,772,5.312913423762692,1
d5a9cf6a9c76310134edcf28,cpu-nuts-spawn_chains,4,773,5.139202703407134,1
d5a9cf6a9c76310134edcf28,cpu-nuts-spawn_chains,4,774,4.939145700649744,1
d5a9cf6a9c76310134edcf28,cpu-nuts-spawn_chains,4,775,5.009757884159375,1
d5a9cf6a9c76310134edcf28,cpu-nuts-spawn_chains,4,776,5.6902230132424245,1
d5a9cf6a9c76310134edcf28,cpu-nuts-spawn_chains,4,777,4.54317086013227,1
d5a9cf6a9c76310134edcf28,cpu-nuts-spawn_chains,4,778,3.910358616804973,1
d5a9cf6a9c76310134edcf28,cpu-nuts-spawn_chains,4,779,5.297902042275876,1
d5a9cf6a9c76310134edcf28,cpu-nuts-spawn_chains,4,780,6.123398293373474,1
d5a9cf6a9c76310134edcf28,cpu-nuts-spawn_chains,4,781,6.157404064942961,1
d5a9cf6a9c76310134edcf28,cpu-nuts-spawn_chains,4,782,3.806573444108801,1
d5a9cf6a9c76310134edcf28,cpu-nuts-spawn_chains,4,783,6.2359424800297765,1
d5a9cf6a9c76310134edcf28,cpu-nuts-spawn_chains,4,784,5.1499353060932815,1
d5a9cf6a9c76310134edcf28,cpu-nuts-spawn_chains,4,785,4.3559394335119155,1
d5a9cf6a9c76310134edcf28,cpu-nuts-spawn_chains,4,786,6.097555526728051,1
d5a9cf6a9c76310134edcf28,cpu-nuts-spawn_chains,4,787,5.201108139064791,1
d5a9cf6a9c76310134edcf28,cpu-nuts-spawn_chains,4,788,4.782160717344517,1
d5a9cf6a9c76310134edcf28,cpu-nuts-spawn_chains,4,789,4.712160799213882,1
d5a9cf6a9c76310134edcf28,cpu-nuts-spawn_chains,4,790,4.000330160823845,1
d5a9cf6a9c76310134edcf28,cpu-nuts-spawn_chains,4,791,5.978222600791193,1
d5a9cf6a9c76310134edcf28,cpu-nuts-spawn_chains,4,792,6.580619443293582,1
d5a9cf6a9c76310134edcf28,cpu-nuts-spawn_chains,4,793,7.333336264398846,1
d5a9cf6a9c76310134edcf28,cpu-nuts-spawn_chains,4,794,2.848334043612308,1
d5a9cf6a9c76310134edcf28,cpu-nuts-spawn_chains,4,795,6.474764427561698,1
d5a9cf6a9c76310134edcf28,cpu-nuts-spawn_chains,4,796,5.841907379212448,1
d5a9cf6a9c76310134edcf28,cpu-nuts-spawn_chains,4,797,5.5952459898712865,1
d5a9cf6a9c76310134edcf28,cpu-nuts-spawn_chains,4,798,5.664599901344517,1
d5a9cf6a9c76310134edcf28,cpu-nuts-spawn_chains,4,799,4.277867027869617,1
d5a9cf6a9c76310134edcf28,cpu-nuts-spawn_chains,4,800,2.584934103237404,1
d5a9cf6a9c76310134edcf28,cpu-nuts-spawn_chains,4,801,7.378864805731752,1
d5a9cf6a9c76310134edcf28,cpu-nuts-spawn_chains,4,802,5.031719576519388,1
d5a9cf6a9c76310134edcf28,cpu-nuts-spawn_chains,4,803,5.815852454706427,1
d5a9cf6a9c76310134edcf28,cpu-nuts-spawn_chains,4,804,5.108770371664939,1
d5a9cf6a9c76310134edcf28,cpu-nuts-spawn_chains,4,805,5.108770371664939,1
d5a9cf6a9c76310134edcf28,cpu-nuts-spawn_chains,4,806,4.04742467990582,1
d5a9cf6a9c76310134edcf28,cpu-nuts-spawn_chains,4,807,3.4881915624091233,1
d5a9cf6a9c76310134edcf28,cpu-nuts-spawn_chains,4,808,4.808389994477914,1
d5a9cf6a9c76310134edcf28,cpu-nuts-spawn_chains,4,809,5.248185716836373,1
d5a9cf6a9c76310134edcf28,cpu-nuts-spawn_chains,4,810,4.796668616163861,1
d5a9cf6a9c76310134edcf28,cpu-nuts-spawn_chains,4,811,4.344805355714948,1
d5a9cf6a9c76310134edcf28,cpu-nuts-spawn_chains,4,812,5.67449577013014,1
d5a9cf6a9c76310134edcf28,cpu-nuts-spawn_chains,4,813,5.485814564472056,1
d5a9cf6a9c76310134edcf28,cpu-nuts-spawn_chains,4,814,5.2125302286295,1
d5a9cf6a9c76310134edcf28,cpu-nuts-spawn_chains,4,815,6.4949798710882725,1
d5a9cf6a9c76310134edcf28,cpu-nuts-spawn_chains,4,816,4.740926275666741,1
d5a9cf6a9c76310134edcf28,cpu-nuts-spawn_chains,4,817,5.246760137274479,1
d5a9cf6a9c76310134edcf28,cpu-nuts-spawn_chains,4,818,5.169763416453091,1
d5a9cf6a9c76310134edcf28,cpu-nuts-spawn_chains,4,819,4.708358085633968,1
d5a9cf6a9c76310134edcf28,cpu-nuts-spawn_chains,4,820,5.4519846166025845,1
d5a9cf6a9c76310134edcf28,cpu-nuts-spawn_chains,4,821,4.639300487917388,1
d5a9cf6a9c76310134edcf28,cpu-nuts-spawn_chains,4,822,5.483706290383736,1
d5a9cf6a9c76310134edcf28,cpu-nuts-spawn_chains,4,823,4.565365204964646,1
d5a9cf6a9c76310134edcf28,cpu-nuts-spawn_chains,4,824,4.224544239338407,1
d5a9cf6a9c76310134edcf28,cpu-nuts-spawn_chains,4,825,4.62380076121043,1
d5a9cf6a9c76310134edcf28,cpu-nuts-spawn_chains,4,826,5.401131618602174,1
d5a9cf6a9c76310134edcf28,cpu-nuts-spawn_chains,4,827,4.477211723904431,1
d5a9cf6a9c76310134edcf28,cpu-nuts-spawn_chains,4,828,5.8498652964123785,1
d5a9cf6a9c76310134edcf28,cpu-nuts-spawn_chains,4,829,4.6471020612047385,1
d5a9cf6a9c76310134edcf28,cpu-nuts-spawn_chains,4,830,6.406434010557117,1
d5a9cf6a9c76310134edcf28,cpu-nuts-spawn_chains,4,831,3.0576346557681187,1
d5a9cf6a9c76310134edcf28,cpu-nuts-spawn_chains,4,832,6.836527804093695,1
d5a9cf6a9c76310134edcf28,cpu-nuts-spawn_chains,4,833,3.6539083012218008,1
d5a9cf6a9c76310134edcf28,cpu-nuts-spawn_chains,4,834,5.197333533036389,1
d5a9cf6a9c76310134edcf28,cpu-nuts-spawn_chains,4,835,5.180210598818022,1
d5a9cf6a9c76310134edcf28,cpu-nuts-spawn_chains,4,836,4.831388757815168,1
d5a9cf6a9c76310134edcf28,cpu-nuts-spawn_chains,4,837,4.779155395109453,1
d5a9cf6a9c76310134edcf28,cpu-nuts-spawn_chains,4,838,5.681147466154519,1
d5a9cf6a9c76310134edcf28,cpu-nuts-spawn_chains,4,839,5.871599756763806,1
d5a9cf6a9c76310134edcf28,cpu-nuts-spawn_chains,4,840,5.909061896133856,1
d5a9cf6a9c76310134edcf28,cpu-nuts-spawn_chains,4,841,4.13240841526972,1
d5a9cf6a9c76310134edcf28,cpu-nuts-spawn_chains,4,842,4.420574078067799,1
d5a9cf6a9c76310134edcf28,cpu-nuts-spawn_chains,4,843,4.620094825623471,1
d5a9cf6a9c76310134edcf28,cpu-nuts-spawn_chains,4,844,4.2884078284015175,1
d5a9cf6a9c76310134edcf28,cpu-nuts-spawn_chains,4,845,5.92004523477182,1
d5a9cf6a9c76310134edcf28,cpu-nuts-spawn_chains,4,846,4.919283139141077,1
d5a9cf6a9c76310134edcf28,cpu-nuts-spawn_chains,4,847,6.720717444443973,1
d5a9cf6a9c76310134edcf28,cpu-nuts-spawn_chains,4,848,6.021091783250848,1
d5a9cf6a9c76310134edcf28,cpu-nuts-spawn_chains,4,849,6.059834993761241,1
d5a9cf6a9c76310134edcf28,cpu-nuts-spawn_chains,4,850,5.902710822295199,1
d5a9cf6a9c76310134edcf28,cpu-nuts-spawn_chains,4,851,5.920150693761325,1
d5a9cf6a9c76310134edcf28,cpu-nuts-spawn_chains,4,852,4.871495846828728,1
d5a9cf6a9c76310134edcf28,cpu-nuts-spawn_chains,4,853,6.249262220690134,1
d5a9cf6a9c76310134edcf28,cpu-nuts-spawn_chains,4,854,4.431849418883076,1
d5a9cf6a9c76310134edcf28,cpu-nuts-spawn_chains,4,855,5.723587978817685,1
d5a9cf6a9c76310134edcf28,cpu-nuts-spawn_chains,4,856,5.206390860797056,1
d5a9cf6a9c76310134edcf28,cpu-nuts-spawn_chains,4,857,4.489405661567588,1
d5a9cf6a9c76310134edcf28,cpu-nuts-spawn_chains,4,858,4.731973602596324,1
d5a9cf6a9c76310134edcf28,cpu-nuts-spawn_chains,4,859,3.487594546860282,1
d5a9cf6a9c76310134edcf28,cpu-nuts-spawn_chains,4,860,4.686991601939413,1
d5a9cf6a9c76310134edcf28,cpu-nuts-spawn_chains,4,861,3.8119299984217774,1
d5a9cf6a9c76310134edcf28,cpu-nuts-spawn_chains,4,862,6.17633900248099,1
d5a9cf6a9c76310134edcf28,cpu-nuts-spawn_chains,4,863,3.2166378140174388,1
d5a9cf6a9c76310134edcf28,cpu-nuts-spawn_chains,4,864,4.86461348972815,1
d5a9cf6a9c76310134edcf28,cpu-nuts-spawn_chains,4,865,4.843404870245693,1
d5a9cf6a9c76310134edcf28,cpu-nuts-spawn_chains,4,866,6.04889211936698,1
d5a9cf6a9c76310134edcf28,cpu-nuts-spawn_chains,4,867,3.9086079422809763,1
d5a9cf6a9c76310134edcf28,cpu-nuts-spawn_chains,4,868,5.525084244844925,1
d5a9cf6a9c76310134edcf28,cpu-nuts-spawn_chains,4,869,5.903967278975637,1
d5a9cf6a9c76310134edcf28,cpu-nuts-spawn_chains,4,870,5.36797726736148,1
d5a9cf6a9c76310134edcf28,cpu-nuts-spawn_chains,4,871,3.552669332185604,1
d5a9cf6a9c76310134edcf28,cpu-nuts-spawn_chains,4,872,6.38889209634446,1
d5a9cf6a9c76310134edcf28,cpu-nuts-spawn_chains,4,873,6.191418928556524,1
d5a9cf6a9c76310134edcf28,cpu-nuts-spawn_chains,4,874,5.468401555842359,1
d5a9cf6a9c76310134edcf28,cpu-nuts-spawn_chains,4,875,5.468401555842359,1
d5a9cf6a9c76310134edcf28,cpu-nuts-spawn_chains,4,876,4.111543686205284,1
d5a9cf6a9c76310134edcf28,cpu-nuts-spawn_chains,4,877,5.832355269741482,1
d5a9cf6a9c76310134edcf28,cpu-nuts-spawn_chains,4,878,5.714333417106413,1
d5a9cf6a9c76310134edcf28,cpu-nuts-spawn_chains,4,879,5.931202512743765,1
d5a9cf6a9c76310134edcf28,cpu-nuts-spawn_chains,4,880,4.123617576709614,1
d5a9cf6a9c76310134edcf28,cpu-nuts-spawn_chains,4,881,4.252428297344622,1
d5a9cf6a9c76310134edcf28,cpu-nuts-spawn_chains,4,882,3.232424944576431,1
d5a9cf6a9c76310134edcf28,cpu-nuts-spawn_chains,4,883,6.757723307865349,1
d5a9cf6a9c76310134edcf28,cpu-nuts-spawn_chains,4,884,3.4960020469538393,1
d5a9cf6a9c76310134edcf28,cpu-nuts-spawn_chains,4,885,4.806830876165344,1
d5a9cf6a9c76310134edcf28,cpu-nuts-spawn_chains,4,886,4.274354080288047,1
d5a9cf6a9c76310134edcf28,cpu-nuts-spawn_chains,4,887,4.4778621060412656,1
d5a9cf6a9c76310134edcf28,cpu-nuts-spawn_chains,4,888,5.550173483540571,1
d5a9cf6a9c76310134edcf28,cpu-nuts-spawn_chains,4,889,4.811265075174431,1
d5a9cf6a9c76310134edcf28,cpu-nuts-spawn_chains,4,890,5.439445346945041,1
d5a9cf6a9c76310134edcf28,cpu-nuts-spawn_chains,4,891,4.403778493628582,1
d5a9cf6a9c76310134edcf28,cpu-nuts-spawn_chains,4,892,5.58553476183285,1
d5a9cf6a9c76310134edcf28,cpu-nuts-spawn_chains,4,893,4.38996100108121,1
d5a9cf6a9c76310134edcf28,cpu-nuts-spawn_chains,4,894,5.738006479097713,1
d5a9cf6a9c76310134edcf28,cpu-nuts-spawn_chains,4,895,6.436790250346328,1
d5a9cf6a9c76310134edcf28,cpu-nuts-spawn_chains,4,896,5.264034649619203,1
d5a9cf6a9c76310134edcf28,cpu-nuts-spawn_chains,4,897,5.831459848376822,1
d5a9cf6a9c76310134edcf28,cpu-nuts-spawn_chains,4,898,4.613114306172187,1
d5a9cf6a9c76310134edcf28,cpu-nuts-spawn_chains,4,899,4.951783090394265,1
d5a9cf6a9c76310134edcf28,cpu-nuts-spawn_chains,4,900,5.326719864920377,1
d5a9cf6a9c76310134edcf28,cpu-nuts-spawn_chains,4,901,4.269480764566101,1
d5a9cf6a9c76310134edcf28,cpu-nuts-spawn_chains,4,902,4.3638080460454,1
d5a9cf6a9c76310134edcf28,cpu-nuts-spawn_chains,4,903,4.590288704710586,1
d5a9cf6a9c76310134edcf28,cpu-nuts-spawn_chains,4,904,4.809238576432607,1
d5a9cf6a9c76310134edcf28,cpu-nuts-spawn_chains,4,905,4.596638623708979,1
d5a9cf6a9c76310134edcf28,cpu-nuts-spawn_chains,4,906,5.151831540629543,1
d5a9cf6a9c76310134edcf28,cpu-nuts-spawn_chains,4,907,5.781785477790905,1
d5a9cf6a9c76310134edcf28,cpu-nuts-spawn_chains,4,908,5.362528826904432,1
d5a9cf6a9c76310134edcf28,cpu-nuts-spawn_chains,4,909,5.210127118623708,1
d5a9cf6a9c76310134edcf28,cpu-nuts-spawn_chains,4,910,2.85379142271798,1
d5a9cf6a9c76310134edcf28,cpu-nuts-spawn_chains,4,911,5.92302755630682,1
d5a9cf6a9c76310134edcf28,cpu-nuts-spawn_chains,4,912,5.1137363173653885,1
d5a9cf6a9c76310134edcf28,cpu-nuts-spawn_chains,4,913,4.707526562712504,1
d5a9cf6a9c76310134edcf28,cpu-nuts-spawn_chains,4,914,4.1268137664752675,1
d5a9cf6a9c76310134edcf28,cpu-nuts-spawn_chains,4,915,4.143920170867028,1
d5a9cf6a9c76310134edcf28,cpu-nuts-spawn_chains,4,916,3.638648727720158,1
d5a9cf6a9c76310134edcf28,cpu-nuts-spawn_chains,4,917,6.31573878811434,1
d5a9cf6a9c76310134edcf28,cpu-nuts-spawn_chains,4,918,3.7710464904947023,1
d5a9cf6a9c76310134edcf28,cpu-nuts-spawn_chains,4,919,5.346559755849875,1
d5a9cf6a9c76310134edcf28,cpu-nuts-spawn_chains,4,920,4.463857378285399,1
d5a9cf6a9c76310134edcf28,cpu-nuts-spawn_chains,4,921,3.934041016252342,1
d5a9cf6a9c76310134edcf28,cpu-nuts-spawn_chains,4,922,6.120355897763559,1
d5a9cf6a9c76310134edcf28,cpu-nuts-spawn_chains,4,923,4.688507633082685,1
d5a9cf6a9c76310134edcf28,cpu-nuts-spawn_chains,4,924,4.67200582437518,1
d5a9cf6a9c76310134edcf28,cpu-nuts-spawn_chains,4,925,5.636954720089082,1
d5a9cf6a9c76310134edcf28,cpu-nuts-spawn_chains,4,926,4.598773604493842,1
d5a9cf6a9c76310134edcf28,cpu-nuts-spawn_chains,4,927,5.348015359139471,1
d5a9cf6a9c76310134edcf28,cpu-nuts-spawn_chains,4,928,4.9705497083217445,1
d5a9cf6a9c76310134edcf28,cpu-nuts-spawn_chains,4,929,4.9705497083217445,1
d5a9cf6a9c76310134edcf28,cpu-nuts-spawn_chains,4,930,5.994328010435005,1
d5a9cf6a9c76310134edcf28,cpu-nuts-spawn_chains,4,931,5.9557625084546935,1
d5a9cf6a9c76310134edcf28,cpu-nuts-spawn_chains,4,932,5.8792906777839775,1
d5a9cf6a9c76310134edcf28,cpu-nuts-spawn_chains,4,933,3.8249154549510553,1
d5a9cf6a9c76310134edcf28,cpu-nuts-spawn_chains,4,934,5.154365768621876,1
d5a9cf6a9c76310134edcf28,cpu-nuts-spawn_chains,4,935,4.820289130180009,1
d5a9cf6a9c76310134edcf28,cpu-nuts-spawn_chains,4,936,5.570915794082332,1
d5a9cf6a9c76310134edcf28,cpu-nuts-spawn_chains,4,937,5.87670610756863,1
d5a9cf6a9c76310134edcf28,cpu-nuts-spawn_chains,4,938,4.896598184350835,1
d5a9cf6a9c76310134edcf28,cpu-nuts-spawn_chains,4,939,4.118092352310539,1
d5a9cf6a9c76310134edcf28,cpu-nuts-spawn_chains,4,940,5.891795886343594,1
d5a9cf6a9c76310134edcf28,cpu-nuts-spawn_chains,4,941,2.9835047322434414,1
d5a9cf6a9c76310134edcf28,cpu-nuts-spawn_chains,4,942,4.259123803165907,1
d5a9cf6a9c76310134edcf28,cpu-nuts-spawn_chains,4,943,5.610031862089866,1
d5a9cf6a9c76310134edcf28,cpu-nuts-spawn_chains,4,944,5.800772302751205,1
d5a9cf6a9c76310134edcf28,cpu-nuts-spawn_chains,4,945,5.26061148505594,1
d5a9cf6a9c76310134edcf28,cpu-nuts-spawn_chains,4,946,4.8452495844947,1
d5a9cf6a9c76310134edcf28,cpu-nuts-spawn_chains,4,947,5.798067082502917,1
d5a9cf6a9c76310134edcf28,cpu-nuts-spawn_chains,4,948,6.0198574796264115,1
d5a9cf6a9c76310134edcf28,cpu-nuts-spawn_chains,4,949,4.157677631251771,1
d5a9cf6a9c76310134edcf28,cpu-nuts-spawn_chains,4,950,5.757998845402669,1
d5a9cf6a9c76310134edcf28,cpu-nuts-spawn_chains,4,951,4.4402978505251,1
d5a9cf6a9c76310134edcf28,cpu-nuts-spawn_chains,4,952,4.61752665127749,1
d5a9cf6a9c76310134edcf28,cpu-nuts-spawn_chains,4,953,5.3934184984227995,1
d5a9cf6a9c76310134edcf28,cpu-nuts-spawn_chains,4,954,5.161248592901453,1
d5a9cf6a9c76310134edcf28,cpu-nuts-spawn_chains,4,955,6.29763357032073,1
d5a9cf6a9c76310134edcf28,cpu-nuts-spawn_chains,4,956,4.5535359246324045,1
d5a9cf6a9c76310134edcf28,cpu-nuts-spawn_chains,4,957,4.438195502487968,1
d5a9cf6a9c76310134edcf28,cpu-nuts-spawn_chains,4,958,5.620107402604367,1
d5a9cf6a9c76310134edcf28,cpu-nuts-spawn_chains,4,959,4.601352410911131,1
d5a9cf6a9c76310134edcf28,cpu-nuts-spawn_chains,4,960,7.0279404497175735,1
d5a9cf6a9c76310134edcf28,cpu-nuts-spawn_chains,4,961,4.901296882685923,1
d5a9cf6a9c76310134edcf28,cpu-nuts-spawn_chains,4,962,5.939794949861965,1
d5a9cf6a9c76310134edcf28,cpu-nuts-spawn_chains,4,963,7.00874001153304,1
d5a9cf6a9c76310134edcf28,cpu-nuts-spawn_chains,4,964,6.226259013991586,1
d5a9cf6a9c76310134edcf28,cpu-nuts-spawn_chains,4,965,5.306776761151441,1
d5a9cf6a9c76310134edcf28,cpu-nuts-spawn_chains,4,966,6.608084375777157,1
d5a9cf6a9c76310134edcf28,cpu-nuts-spawn_chains,4,967,6.745974163102053,1
d5a9cf6a9c76310134edcf28,cpu-nuts-spawn_chains,4,968,5.0183585558470405,1
d5a9cf6a9c76310134edcf28,cpu-nuts-spawn_chains,4,969,5.166261994832438,1
d5a9cf6a9c76310134edcf28,cpu-nuts-spawn_chains,4,970,4.457404046125008,1
d5a9cf6a9c76310134edcf28,cpu-nuts-spawn_chains,4,971,5.3782181715090385,1
d5a9cf6a9c76310134edcf28,cpu-nuts-spawn_chains,4,972,5.897993523781627,1
d5a9cf6a9c76310134edcf28,cpu-nuts-spawn_chains,4,973,4.020769099627686,1
d5a9cf6a9c76310134edcf28,cpu-nuts-spawn_chains,4,974,4.9342369218485755,1
d5a9cf6a9c76310134edcf28,cpu-nuts-spawn_chains,4,975,4.841522107813079,1
d5a9cf6a9c76310134edcf28,cpu-nuts-spawn_chains,4,976,5.852110209517197,1
d5a9cf6a9c76310134edcf28,cpu-nuts-spawn_chains,4,977,4.239329303358969,1
d5a9cf6a9c76310134edcf28,cpu-nuts-spawn_chains,4,978,5.150047508508327,1
d5a9cf6a9c76310134edcf28,cpu-nuts-spawn_chains,4,979,4.705749265765556,1
d5a9cf6a9c76310134edcf28,cpu-nuts-spawn_chains,4,980,4.590272184100847,1
d5a9cf6a9c76310134edcf28,cpu-nuts-spawn_chains,4,981,4.635039313640391,1
d5a9cf6a9c76310134edcf28,cpu-nuts-spawn_chains,4,982,4.9273288701956925,1
d5a9cf6a9c76310134edcf28,cpu-nuts-spawn_chains,4,983,6.21529183391346,1
d5a9cf6a9c76310134edcf28,cpu-nuts-spawn_chains,4,984,4.865339428290548,1
d5a9cf6a9c76310134edcf28,cpu-nuts-spawn_chains,4,985,5.241841355148754,1
d5a9cf6a9c76310134edcf28,cpu-nuts-spawn_chains,4,986,6.386649250597527,1
d5a9cf6a9c76310134edcf28,cpu-nuts-spawn_chains,4,987,6.064526870201447,1
d5a9cf6a9c76310134edcf28,cpu-nuts-spawn_chains,4,988,4.9607281437219255,1
d5a9cf6a9c76310134edcf28,cpu-nuts-spawn_chains,4,989,5.94307364410859,1
d5a9cf6a9c76310134edcf28,cpu-nuts-spawn_chains,4,990,3.892486211361109,1
d5a9cf6a9c76310134edcf28,cpu-nuts-spawn_chains,4,991,4.65885097821299,1
d5a9cf6a9c76310134edcf28,cpu-nuts-spawn_chains,4,992,4.314244541835738,1
d5a9cf6a9c76310134edcf28,cpu-nuts-spawn_chains,4,993,6.0161482951920195,1
d5a9cf6a9c76310134edcf28,cpu-nuts-spawn_chains,4,994,3.991656430288059,1
d5a9cf6a9c76310134edcf28,cpu-nuts-spawn_chains,4,995,4.771230116822746,1
d5a9cf6a9c76310134edcf28,cpu-nuts-spawn_chains,4,996,5.1236278947161455,1
d5a9cf6a9c76310134edcf28,cpu-nuts-spawn_chains,4,997,4.074163948451632,1
d5a9cf6a9c76310134edcf28,cpu-nuts-spawn_chains,4,998,4.102607150857716,1
d5a9cf6a9c76310134edcf28,cpu-nuts-spawn_chains,4,999,5.277055907857852,1
d5a9cf6a9c76310134edcf28,cpu-nuts-spawn_chains,4,1000,4.481266361627355,1
d5a9cf6a9c76310134edcf28,cpu-nuts-spawn_chains,4,1001,5.097409911569776,1
d5a9cf6a9c76310134edcf28,cpu-nuts-spawn_chains,4,1002,4.692636901186587,1
d5a9cf6a9c76310134edcf28,cpu-nuts-spawn_chains,4,1003,5.6475016706523995,1
d5a9cf6a9c76310134edcf28,cpu-nuts-spawn_chains,4,1004,4.101918525341855,1
d5a9cf6a9c76310134edcf28,cpu-nuts-spawn_chains,4,1005,4.293818493482989,1
d5a9cf6a9c76310134edcf28,cpu-nuts-spawn_chains,4,1006,5.474708283772296,1
d5a9cf6a9c76310134edcf28,cpu-nuts-spawn_chains,4,1007,5.330912278083409,1
d5a9cf6a9c76310134edcf28,cpu-nuts-spawn_chains,4,1008,4.654123140889131,1
d5a9cf6a9c76310134edcf28,cpu-nuts-spawn_chains,4,1009,6.4785391157823184,1
d5a9cf6a9c76310134edcf28,cpu-nuts-spawn_chains,4,1010,4.922819328263932,1
d5a9cf6a9c76310134edcf28,cpu-nuts-spawn_chains,4,1011,4.900392465026821,1
d5a9cf6a9c76310134edcf28,cpu-nuts-spawn_chains,4,1012,4.778352924847681,1
d5a9cf6a9c76310134edcf28,cpu-nuts-spawn_chains,4,1013,5.36590574105945,1
d5a9cf6a9c76310134edcf28,cpu-nuts-spawn_chains,4,1014,6.697419816051098,1
d5a9cf6a9c76310134edcf28,cpu-nuts-spawn_chains,4,1015,3.9338506408619045,1
d5a9cf6a9c76310134edcf28,cpu-nuts-spawn_chains,4,1016,5.407877642277075,1
d5a9cf6a9c76310134edcf28,cpu-nuts-spawn_chains,4,1017,5.420038911086682,1
d5a9cf6a9c76310134edcf28,cpu-nuts-spawn_chains,4,1018,6.103732824150001,1
d5a9cf6a9c76310134edcf28,cpu-nuts-spawn_chains,4,1019,6.1342412608525105,1
d5a9cf6a9c76310134edcf28,cpu-nuts-spawn_chains,4,1020,5.931839077706822,1
d5a9cf6a9c76310134edcf28,cpu-nuts-spawn_chains,4,1021,4.773376239636783,1
d5a9cf6a9c76310134edcf28,cpu-nuts-spawn_chains,4,1022,4.963000172035498,1
d5a9cf6a9c76310134edcf28,cpu-nuts-spawn_chains,4,1023,4.991385212297398,1
d5a9cf6a9c76310134edcf28,cpu-nuts-spawn_chains,4,1024,4.428395084852483,1
